ArrestSurrenderID,CaseMasterID,ArrestSurrenderTypeID,ArrestSurrenderDate,ArrestSurrenderStateId,ArrestSurrenderDistrictId,PoliceStationID,IOID,CourtID,AccusedMasterID,IsAccused,IsComplainantAccused
1,2,1,2026-01-25,1,1,2,5,1,1,1,0
2,3,1,2026-01-24,1,1,69,307,1,3,1,0
3,17,1,2023-06-02,1,4,161,729,4,10,1,0
4,26,1,2026-06-27,1,31,297,1329,31,19,1,0
5,29,1,2024-07-26,1,12,231,1046,12,22,1,0
6,31,1,2024-01-29,1,11,222,1002,11,23,1,0
7,35,1,2024-11-12,1,12,228,1032,12,24,1,0
8,37,1,2024-12-22,1,3,149,676,3,27,1,0
9,38,1,2025-09-05,1,3,143,649,3,28,1,0
10,38,1,2025-08-28,1,3,143,649,3,29,1,0
11,40,1,2023-12-14,1,20,264,1187,20,31,1,0
12,40,1,2024-02-21,1,20,264,1187,20,32,1,0
13,51,1,2024-01-31,1,1,90,397,1,45,1,1
14,51,1,2024-07-25,1,1,90,397,1,46,1,0
15,51,1,2024-08-02,1,1,90,397,1,47,1,0
16,52,1,2023-10-20,1,1,117,525,1,48,1,0
17,57,1,2025-10-11,1,1,54,247,1,51,1,0
18,69,1,2026-01-12,1,1,117,530,1,61,1,0
19,73,1,2026-02-11,1,29,291,1303,29,64,1,0
20,77,1,2026-03-07,1,1,14,62,1,68,1,0
21,84,1,2024-03-28,1,3,139,632,3,71,1,0
22,84,1,2024-03-29,1,3,139,632,3,73,1,0
23,96,1,2025-11-05,1,1,3,11,1,80,1,0
24,96,1,2025-10-23,1,1,3,11,1,81,1,0
25,113,1,2025-11-25,1,1,64,287,1,94,1,0
26,113,1,2026-01-23,1,1,64,287,1,95,1,0
27,120,1,2025-12-26,1,1,44,195,1,100,1,0
28,123,1,2024-12-05,1,14,238,1077,14,104,1,0
29,123,1,2024-10-10,1,14,238,1077,14,105,1,0
30,124,1,2024-10-09,1,1,36,161,1,106,1,0
31,138,1,2026-07-09,1,1,41,183,1,112,1,0
32,144,1,2026-04-10,1,1,22,96,1,116,1,0
33,147,1,2024-05-07,1,2,129,585,2,117,1,0
34,147,1,2024-03-01,1,2,129,585,2,118,1,0
35,149,1,2024-06-04,1,3,143,650,3,121,1,0
36,151,1,2026-07-13,1,1,20,89,1,123,1,0
37,155,1,2023-10-18,1,4,164,739,4,124,1,0
38,167,1,2025-07-17,1,1,111,497,1,141,1,0
39,174,1,2023-12-20,1,1,68,301,1,148,1,0
40,175,1,2025-02-07,1,4,165,742,4,149,1,0
41,178,1,2025-01-12,1,1,104,469,1,153,1,0
42,181,1,2025-09-22,1,10,218,986,10,155,1,0
43,181,1,2025-09-30,1,10,218,986,10,156,1,0
44,182,1,2023-06-27,1,1,85,379,1,157,1,0
45,185,1,2023-06-20,1,2,127,575,2,160,1,0
46,189,1,2024-08-29,1,1,49,223,1,162,1,0
47,193,1,2025-08-16,1,1,31,139,1,167,1,0
48,193,1,2025-05-13,1,1,31,139,1,168,1,0
49,193,1,2025-05-14,1,1,31,139,1,169,1,0
50,196,1,2025-01-20,1,29,292,1307,29,171,1,0
51,207,1,2024-10-25,1,7,198,898,7,179,1,0
52,210,1,2025-12-10,1,5,177,803,5,180,1,0
53,213,1,2026-01-05,1,1,81,356,1,186,1,0
54,215,1,2023-03-10,1,5,177,803,5,188,1,0
55,228,1,2023-11-26,1,9,213,961,9,202,1,0
56,230,1,2023-03-18,1,10,217,980,10,203,1,0
57,232,1,2023-11-15,1,27,284,1277,27,204,1,0
58,242,1,2025-02-03,1,25,278,1247,25,212,1,0
59,242,1,2025-03-20,1,25,278,1247,25,213,1,0
60,252,1,2025-04-02,1,19,260,1175,19,220,1,0
61,252,1,2025-04-25,1,19,260,1175,19,221,1,0
62,252,1,2025-03-26,1,19,260,1175,19,222,1,0
63,253,1,2023-12-11,1,4,165,746,4,223,1,0
64,253,1,2023-11-26,1,4,165,746,4,224,1,0
65,257,1,2025-05-19,1,8,203,920,8,228,1,0
66,260,1,2023-06-01,1,1,68,301,1,229,1,0
67,260,1,2023-06-25,1,1,68,301,1,230,1,0
68,265,1,2023-07-14,1,1,5,20,1,234,1,0
69,265,1,2023-08-20,1,1,5,20,1,235,1,0
70,285,1,2024-04-13,1,1,55,250,1,245,1,0
71,285,1,2024-03-28,1,1,55,250,1,246,1,0
72,295,1,2023-02-16,1,1,78,346,1,253,1,0
73,295,1,2023-04-22,1,1,78,346,1,254,1,0
74,302,1,2024-05-20,1,1,61,269,1,263,1,0
75,309,1,2023-06-30,1,1,89,393,1,265,1,0
76,311,1,2023-11-16,1,18,258,1167,18,268,1,0
77,311,1,2023-11-18,1,18,258,1167,18,269,1,0
78,313,1,2025-11-12,1,1,100,448,1,272,1,0
79,314,1,2023-08-27,1,1,67,297,1,273,1,0
80,317,1,2025-08-31,1,1,21,92,1,275,1,0
81,317,1,2025-06-20,1,1,21,92,1,276,1,0
82,317,1,2025-08-25,1,1,21,92,1,277,1,0
83,331,1,2023-12-12,1,1,88,390,1,290,1,0
84,331,1,2023-12-31,1,1,88,390,1,291,1,0
85,332,1,2025-07-07,1,3,152,687,3,292,1,0
86,337,1,2024-10-01,1,12,232,1049,12,294,1,0
87,341,1,2024-12-02,1,1,36,161,1,299,1,0
88,341,1,2024-08-04,1,1,36,161,1,300,1,0
89,344,1,2025-10-17,1,1,78,345,1,303,1,0
90,349,1,2024-03-12,1,17,254,1145,17,308,1,0
91,352,1,2025-01-03,1,6,183,829,6,311,1,0
92,352,1,2024-10-26,1,6,183,829,6,312,1,0
93,362,1,2026-07-13,1,2,122,548,2,315,1,0
94,367,1,2025-07-29,1,1,118,531,1,322,1,0
95,368,1,2023-08-28,1,1,20,86,1,323,1,0
96,372,1,2026-07-13,1,1,38,166,1,325,1,0
97,384,1,2026-05-14,1,1,20,88,1,334,1,0
98,387,1,2024-03-20,1,9,212,957,9,336,1,0
99,387,1,2023-12-08,1,9,212,957,9,337,1,0
100,392,1,2023-07-31,1,1,44,195,1,342,1,0
101,392,1,2023-07-11,1,1,44,195,1,343,1,0
102,394,1,2024-09-22,1,1,69,304,1,344,1,0
103,399,1,2024-02-17,1,1,69,305,1,350,1,0
104,400,1,2026-04-17,1,1,83,367,1,351,1,0
105,400,1,2025-12-08,1,1,83,367,1,352,1,0
106,401,1,2026-01-21,1,7,195,883,7,353,1,0
107,403,1,2026-06-21,1,5,171,780,5,356,1,0
108,403,1,2026-05-02,1,5,171,780,5,357,1,0
109,406,1,2023-07-21,1,1,41,181,1,360,1,0
110,407,1,2024-12-04,1,1,11,52,1,361,1,0
111,410,1,2023-04-16,1,1,99,441,1,366,1,0
112,419,1,2023-05-12,1,1,78,344,1,376,1,0
113,422,1,2025-05-28,1,1,31,137,1,379,1,0
114,423,1,2023-05-10,1,27,286,1283,27,380,1,0
115,423,1,2023-07-07,1,27,286,1283,27,381,1,0
116,424,1,2025-11-18,1,3,139,630,3,382,1,1
117,424,1,2025-12-20,1,3,139,630,3,383,1,0
118,425,1,2025-11-19,1,1,116,523,1,384,1,0
119,426,1,2023-05-21,1,4,165,745,4,385,1,0
120,431,1,2023-08-25,1,28,288,1291,28,389,1,0
121,431,1,2023-06-10,1,28,288,1291,28,390,1,0
122,432,1,2025-03-09,1,5,168,760,5,391,1,0
123,432,1,2025-02-10,1,5,168,760,5,392,1,0
124,435,1,2024-10-13,1,10,220,994,10,395,1,0
125,439,1,2026-05-05,1,18,259,1171,18,399,1,0
126,439,1,2026-02-15,1,18,259,1171,18,400,1,0
127,451,1,2026-05-04,1,1,10,47,1,407,1,0
128,455,1,2024-10-23,1,1,9,41,1,408,1,0
129,456,1,2026-04-25,1,3,150,677,3,409,1,0
130,461,1,2023-06-01,1,1,3,13,1,413,1,0
131,468,1,2025-02-21,1,16,251,1135,16,421,1,0
132,470,1,2024-08-17,1,18,259,1168,18,422,1,0
133,477,1,2026-07-09,1,1,3,11,1,429,1,0
134,477,1,2026-06-10,1,1,3,11,1,430,1,0
135,478,1,2024-05-02,1,5,173,788,5,431,1,0
136,483,1,2025-11-08,1,25,278,1247,25,435,1,0
137,484,1,2023-08-31,1,1,32,143,1,436,1,0
138,485,1,2025-07-09,1,30,293,1310,30,437,1,0
139,486,1,2026-06-02,1,3,141,640,3,438,1,0
140,490,1,2023-02-18,1,5,173,788,5,440,1,0
141,490,1,2023-03-16,1,5,173,788,5,441,1,0
142,492,1,2025-06-06,1,31,297,1330,31,444,1,0
143,492,1,2025-07-09,1,31,297,1330,31,445,1,0
144,497,1,2024-11-09,1,3,148,670,3,446,1,0
145,498,1,2023-11-24,1,30,294,1317,30,447,1,0
146,517,1,2025-08-04,1,1,19,84,1,461,1,0
147,532,1,2026-02-19,1,12,228,1033,12,471,1,0
148,533,1,2026-04-10,1,30,293,1312,30,472,1,0
149,533,1,2026-07-06,1,30,293,1312,30,473,1,0
150,534,1,2024-02-23,1,1,86,385,1,474,1,0
151,539,1,2024-10-12,1,3,150,677,3,477,1,0
152,549,1,2024-02-27,1,1,64,285,1,483,1,1
153,550,1,2025-02-20,1,3,137,621,3,484,1,0
154,550,1,2025-08-08,1,3,137,621,3,485,1,0
155,554,1,2024-05-17,1,8,209,944,8,486,1,0
156,555,1,2024-04-16,1,1,85,377,1,489,1,0
157,559,1,2025-12-02,1,1,60,264,1,492,1,0
158,561,1,2025-02-22,1,1,90,399,1,495,1,0
159,561,1,2025-02-26,1,1,90,399,1,496,1,0
160,564,1,2026-06-09,1,7,194,882,7,498,1,0
161,564,1,2026-07-13,1,7,194,882,7,499,1,0
162,564,1,2026-03-07,1,7,194,882,7,500,1,0
163,565,1,2023-05-30,1,1,26,113,1,501,1,0
164,565,1,2023-02-10,1,1,26,113,1,502,1,0
165,577,1,2025-03-20,1,10,220,994,10,512,1,0
166,580,1,2026-04-24,1,1,96,423,1,516,1,0
167,585,1,2024-01-27,1,7,201,908,7,519,1,0
168,586,1,2026-02-16,1,1,103,462,1,520,1,0
169,589,1,2024-01-17,1,1,71,316,1,524,1,0
170,608,1,2026-05-10,1,2,133,605,2,539,1,0
171,611,1,2025-02-28,1,20,263,1184,20,540,1,0
172,619,1,2026-07-13,1,22,270,1211,22,545,1,0
173,629,1,2024-12-23,1,1,93,408,1,551,1,0
174,630,1,2025-04-12,1,7,196,890,7,553,1,0
175,630,1,2025-06-03,1,7,196,890,7,555,1,0
176,635,1,2025-08-30,1,1,68,302,1,559,1,0
177,635,1,2025-08-09,1,1,68,302,1,560,1,0
178,635,1,2025-09-24,1,1,68,302,1,561,1,0
179,636,1,2024-11-24,1,4,164,739,4,562,1,0
180,647,1,2024-08-13,1,3,141,638,3,572,1,0
181,652,1,2025-01-27,1,15,244,1103,15,578,1,0
182,654,1,2026-03-01,1,14,242,1094,14,580,1,0
183,660,1,2026-02-17,1,1,46,204,1,581,1,0
184,675,1,2026-02-28,1,1,10,44,1,596,1,0
185,676,1,2026-07-13,1,23,272,1222,23,599,1,0
186,684,1,2025-09-19,1,10,216,974,10,605,1,0
187,691,1,2024-07-21,1,1,30,134,1,607,1,0
188,691,1,2024-05-22,1,1,30,134,1,608,1,0
189,692,1,2025-10-26,1,5,172,782,5,609,1,0
190,698,1,2024-02-19,1,1,117,528,1,612,1,0
191,698,1,2024-03-22,1,1,117,528,1,613,1,0
192,699,1,2023-08-18,1,1,67,298,1,614,1,0
193,719,1,2024-06-22,1,6,184,836,6,628,1,0
194,727,1,2023-11-22,1,1,19,82,1,637,1,0
195,730,1,2025-11-01,1,4,163,735,4,641,1,0
196,732,1,2025-03-29,1,23,272,1222,23,643,1,0
197,732,1,2025-02-21,1,23,272,1222,23,644,1,0
198,732,1,2025-03-14,1,23,272,1222,23,645,1,0
199,734,1,2024-04-01,1,1,79,348,1,648,1,0
200,734,1,2024-04-07,1,1,79,348,1,649,1,0
201,734,1,2024-03-16,1,1,79,348,1,650,1,0
202,736,1,2026-06-06,1,5,169,765,5,652,1,0
203,738,1,2026-06-10,1,1,59,261,1,655,1,0
204,738,1,2026-07-13,1,1,59,261,1,656,1,0
205,748,1,2025-05-06,1,26,281,1261,26,661,1,0
206,754,1,2026-02-23,1,1,21,91,1,666,1,0
207,759,1,2025-09-15,1,4,166,749,4,668,1,0
208,762,1,2024-07-10,1,17,252,1140,17,673,1,0
209,769,1,2025-07-23,1,9,213,961,9,676,1,0
210,771,1,2024-05-01,1,19,260,1173,19,677,1,0
211,771,1,2024-05-31,1,19,260,1173,19,678,1,0
212,777,1,2026-01-31,1,3,144,653,3,683,1,0
213,787,1,2025-01-15,1,2,135,609,2,694,1,0
214,788,1,2023-12-21,1,17,255,1151,17,695,1,0
215,788,1,2024-01-28,1,17,255,1151,17,696,1,0
216,788,1,2023-11-28,1,17,255,1151,17,697,1,0
217,789,1,2024-05-14,1,1,78,342,1,698,1,0
218,792,1,2026-03-15,1,1,83,366,1,700,1,0
219,792,1,2026-02-15,1,1,83,366,1,701,1,0
220,798,1,2025-03-08,1,3,151,683,3,709,1,0
221,800,1,2024-04-05,1,22,271,1215,22,710,1,0
222,800,1,2024-06-02,1,22,271,1215,22,711,1,0
223,802,1,2025-04-27,1,3,152,692,3,715,1,0
224,803,1,2024-03-03,1,17,254,1145,17,716,1,0
225,804,1,2025-09-26,1,4,158,716,4,717,1,0
226,806,1,2023-09-28,1,1,15,66,1,719,1,0
227,810,1,2024-10-15,1,6,189,861,6,721,1,0
228,819,1,2025-10-06,1,6,188,854,6,734,1,0
229,824,1,2025-06-23,1,4,165,743,4,739,1,0
230,830,1,2023-12-22,1,2,126,573,2,743,1,0
231,830,1,2023-12-12,1,2,126,573,2,744,1,0
232,832,1,2024-07-25,1,22,271,1215,22,748,1,0
233,832,1,2025-01-02,1,22,271,1215,22,749,1,0
234,832,1,2024-09-21,1,22,271,1215,22,750,1,0
235,838,1,2025-08-10,1,1,100,448,1,754,1,0
236,838,1,2025-07-07,1,1,100,448,1,755,1,0
237,838,1,2025-08-30,1,1,100,448,1,756,1,0
238,841,1,2023-05-26,1,15,244,1103,15,758,1,0
239,845,1,2024-09-23,1,1,54,246,1,762,1,0
240,846,1,2024-03-02,1,1,61,269,1,763,1,0
241,849,1,2024-03-15,1,1,59,261,1,765,1,0
242,850,1,2025-12-28,1,25,280,1259,25,766,1,0
243,852,1,2024-11-28,1,7,192,872,7,768,1,0
244,853,1,2023-10-27,1,15,247,1115,15,769,1,0
245,856,1,2023-04-06,1,25,279,1250,25,771,1,0
246,860,1,2023-11-16,1,3,150,681,3,775,1,0
247,873,1,2025-07-13,1,2,130,590,2,788,1,0
248,875,1,2026-06-08,1,1,20,88,1,792,1,0
249,881,1,2025-02-12,1,26,281,1262,26,798,1,0
250,887,1,2024-03-11,1,1,71,314,1,804,1,0
251,887,1,2024-02-22,1,1,71,314,1,805,1,0
252,899,1,2024-01-12,1,1,79,348,1,810,1,0
253,899,1,2023-12-17,1,1,79,348,1,811,1,0
254,900,1,2026-05-26,1,1,87,388,1,812,1,0
255,901,1,2024-10-19,1,10,217,981,10,813,1,0
256,908,1,2023-12-23,1,6,188,856,6,821,1,0
257,911,1,2023-05-20,1,1,68,302,1,824,1,0
258,912,1,2026-06-16,1,1,101,453,1,825,1,0
259,914,1,2025-10-29,1,22,271,1216,22,828,1,0
260,918,1,2026-07-13,1,31,297,1330,31,831,1,0
261,918,1,2026-07-01,1,31,297,1330,31,832,1,0
262,921,1,2024-02-12,1,1,7,30,1,835,1,0
263,922,1,2026-07-07,1,1,47,207,1,836,1,0
264,923,1,2024-11-28,1,1,19,85,1,837,1,0
265,923,1,2024-10-12,1,1,19,85,1,838,1,0
266,925,1,2025-02-25,1,1,119,534,1,840,1,0
267,933,1,2026-06-14,1,1,100,446,1,846,1,0
268,938,1,2024-01-26,1,17,253,1144,17,847,1,0
269,942,1,2025-12-17,1,28,288,1289,28,850,1,0
270,947,1,2025-01-06,1,8,204,923,8,852,1,0
271,949,1,2026-04-22,1,1,58,259,1,853,1,0
272,949,1,2026-07-05,1,1,58,259,1,855,1,0
273,950,1,2023-12-20,1,11,224,1012,11,856,1,0
274,950,1,2023-11-09,1,11,224,1012,11,857,1,0
275,954,1,2026-02-05,1,1,19,85,1,861,1,0
276,954,1,2026-01-25,1,1,19,85,1,862,1,0
277,972,1,2025-01-19,1,1,31,137,1,875,1,0
278,975,1,2025-06-20,1,29,290,1300,29,878,1,0
279,979,1,2025-08-28,1,29,291,1304,29,879,1,0
280,986,1,2023-01-29,1,17,253,1144,17,883,1,0
281,989,1,2023-06-16,1,1,58,258,1,884,1,0
282,993,1,2025-08-30,1,1,85,379,1,886,1,0
283,993,1,2025-09-02,1,1,85,379,1,887,1,0
284,1010,1,2023-11-18,1,25,279,1253,25,901,1,0
285,1010,1,2023-11-18,1,25,279,1253,25,902,1,0
286,1015,1,2023-11-18,1,1,41,184,1,906,1,0
287,1016,1,2025-09-07,1,8,202,914,8,909,1,0
288,1026,1,2026-01-09,1,12,228,1028,12,917,1,0
289,1028,1,2025-08-10,1,9,215,970,9,919,1,0
290,1028,1,2025-10-11,1,9,215,970,9,920,1,0
291,1028,1,2025-11-18,1,9,215,970,9,921,1,0
292,1043,1,2026-07-13,1,1,59,263,1,932,1,0
293,1050,1,2025-02-15,1,1,102,457,1,936,1,0
294,1056,1,2026-07-13,1,1,116,522,1,941,1,0
295,1072,1,2026-05-08,1,1,14,60,1,955,1,0
296,1073,1,2025-09-10,1,9,211,950,9,956,1,0
297,1074,1,2024-08-20,1,1,39,170,1,957,1,0
298,1076,1,2024-05-31,1,6,188,854,6,959,1,0
299,1076,1,2024-05-24,1,6,188,854,6,960,1,0
300,1077,1,2026-03-04,1,1,9,39,1,961,1,0
301,1078,1,2024-11-01,1,3,152,688,3,962,1,0
302,1099,1,2023-02-24,1,6,188,855,6,970,1,0
303,1100,1,2026-07-13,1,9,210,949,9,971,1,0
304,1100,1,2026-06-03,1,9,210,949,9,972,1,1
305,1103,1,2024-07-15,1,29,292,1305,29,976,1,0
306,1104,1,2026-01-27,1,4,161,728,4,977,1,0
307,1104,1,2026-02-10,1,4,161,728,4,978,1,0
308,1112,1,2023-04-22,1,14,240,1087,14,984,1,0
309,1112,1,2023-05-20,1,14,240,1087,14,985,1,0
310,1118,1,2026-07-04,1,1,50,228,1,989,1,0
311,1121,1,2025-02-25,1,14,242,1095,14,992,1,0
312,1121,1,2025-02-25,1,14,242,1095,14,994,1,0
313,1128,1,2024-03-17,1,2,133,603,2,996,1,0
314,1129,1,2025-10-09,1,1,100,447,1,997,1,0
315,1129,1,2025-10-10,1,1,100,447,1,999,1,0
316,1134,1,2025-09-17,1,1,119,534,1,1001,1,0
317,1134,1,2025-09-09,1,1,119,534,1,1002,1,0
318,1139,1,2025-04-01,1,14,238,1076,14,1005,1,0
319,1139,1,2025-03-21,1,14,238,1076,14,1006,1,0
320,1149,1,2023-08-16,1,1,59,261,1,1015,1,0
321,1149,1,2023-10-14,1,1,59,261,1,1016,1,0
322,1161,1,2025-02-17,1,1,30,132,1,1028,1,0
323,1161,1,2024-12-28,1,1,30,132,1,1029,1,0
324,1163,1,2026-07-13,1,4,164,740,4,1031,1,0
325,1173,1,2026-01-23,1,3,147,667,3,1036,1,0
326,1175,1,2024-02-14,1,1,25,111,1,1038,1,0
327,1175,1,2024-02-19,1,1,25,111,1,1039,1,0
328,1176,1,2025-08-01,1,1,17,74,1,1040,1,0
329,1180,1,2024-10-08,1,7,200,906,7,1043,1,0
330,1180,1,2024-12-03,1,7,200,906,7,1044,1,0
331,1181,1,2024-03-24,1,28,287,1286,28,1045,1,0
332,1181,1,2024-05-22,1,28,287,1286,28,1046,1,0
333,1181,1,2024-04-13,1,28,287,1286,28,1047,1,0
334,1182,1,2026-07-13,1,1,1,3,1,1048,1,0
335,1183,1,2026-07-13,1,1,36,159,1,1049,1,0
336,1187,1,2024-03-06,1,1,66,294,1,1053,1,0
337,1187,1,2024-01-31,1,1,66,294,1,1054,1,0
338,1187,1,2024-03-07,1,1,66,294,1,1055,1,0
339,1190,1,2026-02-01,1,1,107,481,1,1058,1,0
340,1191,1,2025-01-17,1,15,247,1114,15,1059,1,0
341,1193,1,2024-02-11,1,1,100,448,1,1061,1,0
342,1199,1,2023-07-11,1,7,201,907,7,1067,1,0
343,1205,1,2024-01-18,1,1,112,506,1,1070,1,0
344,1210,1,2024-03-26,1,1,87,387,1,1073,1,0
345,1210,1,2024-04-12,1,1,87,387,1,1074,1,0
346,1213,1,2025-04-11,1,2,122,548,2,1076,1,0
347,1213,1,2025-03-12,1,2,122,548,2,1077,1,0
348,1214,1,2025-08-03,1,1,82,363,1,1078,1,0
349,1214,1,2025-07-11,1,1,82,363,1,1079,1,0
350,1226,1,2024-09-14,1,27,286,1281,27,1087,1,0
351,1227,1,2025-03-29,1,1,105,474,1,1088,1,0
352,1232,1,2025-11-27,1,1,71,312,1,1092,1,0
353,1238,1,2025-12-11,1,5,172,785,5,1097,1,0
354,1241,1,2024-11-09,1,1,5,21,1,1098,1,1
355,1241,1,2024-09-22,1,1,5,21,1,1099,1,0
356,1244,1,2023-12-25,1,1,15,68,1,1102,1,0
357,1245,1,2025-07-19,1,1,59,261,1,1104,1,0
358,1265,1,2024-01-07,1,11,222,1005,11,1114,1,0
359,1265,1,2023-11-11,1,11,222,1005,11,1115,1,0
360,1280,1,2026-05-10,1,1,66,295,1,1126,1,0
361,1285,1,2024-05-16,1,1,16,71,1,1129,1,0
362,1294,1,2023-10-22,1,3,141,640,3,1136,1,0
363,1294,1,2023-10-19,1,3,141,640,3,1137,1,0
364,1297,1,2024-10-13,1,1,81,359,1,1138,1,0
365,1297,1,2024-07-19,1,1,81,359,1,1139,1,0
366,1298,1,2024-12-05,1,1,94,414,1,1140,1,0
367,1298,1,2025-02-02,1,1,94,414,1,1141,1,0
368,1301,1,2026-04-16,1,5,178,805,5,1145,1,0
369,1312,1,2025-06-24,1,1,33,147,1,1152,1,0
370,1317,1,2024-09-14,1,3,138,624,3,1155,1,0
371,1324,1,2026-07-13,1,5,173,788,5,1158,1,0
372,1326,1,2024-04-04,1,1,42,187,1,1159,1,0
373,1326,1,2024-03-31,1,1,42,187,1,1160,1,0
374,1331,1,2024-06-22,1,13,237,1070,13,1165,1,0
375,1333,1,2023-06-17,1,24,275,1234,24,1167,1,0
376,1334,1,2024-09-10,1,5,170,770,5,1168,1,0
377,1343,1,2024-03-05,1,17,254,1147,17,1177,1,0
378,1346,1,2024-08-29,1,9,211,953,9,1179,1,0
379,1352,1,2024-11-02,1,1,107,480,1,1183,1,0
380,1356,1,2026-01-07,1,1,32,142,1,1186,1,0
381,1356,1,2025-11-29,1,1,32,142,1,1187,1,0
382,1357,1,2024-01-12,1,2,130,589,2,1188,1,0
383,1359,1,2024-09-06,1,13,234,1058,13,1192,1,0
384,1359,1,2024-10-12,1,13,234,1058,13,1193,1,0
385,1362,1,2024-07-01,1,17,255,1151,17,1196,1,0
386,1370,1,2023-08-24,1,1,103,463,1,1202,1,0
387,1370,1,2023-02-12,1,1,103,463,1,1203,1,0
388,1371,1,2026-07-13,1,1,109,490,1,1204,1,0
389,1374,1,2024-06-02,1,31,297,1328,31,1207,1,0
390,1374,1,2024-06-30,1,31,297,1328,31,1208,1,0
391,1376,1,2023-01-20,1,2,126,573,2,1209,1,0
392,1379,1,2023-08-12,1,4,155,702,4,1210,1,0
393,1381,1,2023-05-20,1,30,293,1310,30,1213,1,0
394,1381,1,2023-04-03,1,30,293,1310,30,1214,1,0
395,1384,1,2026-04-15,1,5,178,807,5,1216,1,0
396,1384,1,2026-01-11,1,5,178,807,5,1217,1,0
397,1384,1,2026-01-28,1,5,178,807,5,1218,1,0
398,1387,1,2023-07-15,1,7,196,890,7,1219,1,0
399,1390,1,2023-11-06,1,18,257,1160,18,1222,1,0
400,1397,1,2024-05-15,1,1,118,532,1,1227,1,0
401,1407,1,2023-06-10,1,1,114,514,1,1237,1,0
402,1408,1,2024-11-30,1,3,141,638,3,1238,1,0
403,1409,1,2024-08-19,1,3,151,683,3,1240,1,0
404,1412,1,2025-11-04,1,1,70,311,1,1242,1,0
405,1414,1,2024-03-14,1,15,246,1112,15,1243,1,0
406,1423,1,2024-03-07,1,10,221,999,10,1253,1,0
407,1427,1,2024-05-14,1,3,142,645,3,1255,1,0
408,1433,1,2024-10-02,1,17,253,1144,17,1262,1,0
409,1441,1,2025-02-10,1,1,44,197,1,1269,1,0
410,1441,1,2025-03-29,1,1,44,197,1,1270,1,0
411,1452,1,2024-08-11,1,1,21,91,1,1281,1,0
412,1458,1,2024-08-31,1,2,124,557,2,1283,1,0
413,1463,1,2026-06-10,1,1,68,300,1,1287,1,0
414,1467,1,2026-06-03,1,6,187,853,6,1290,1,0
415,1467,1,2026-07-13,1,6,187,853,6,1291,1,0
416,1469,1,2023-11-14,1,1,6,23,1,1292,1,0
417,1477,1,2023-06-11,1,13,235,1060,13,1303,1,0
418,1477,1,2023-06-14,1,13,235,1060,13,1304,1,0
419,1478,1,2026-06-07,1,1,38,168,1,1305,1,0
420,1487,1,2024-12-02,1,24,275,1232,24,1317,1,0
421,1488,1,2025-10-03,1,10,216,973,10,1318,1,0
422,1488,1,2025-08-17,1,10,216,973,10,1319,1,0
423,1496,1,2024-01-17,1,11,223,1008,11,1323,1,0
424,1496,1,2023-12-28,1,11,223,1008,11,1324,1,0
425,1496,1,2023-11-24,1,11,223,1008,11,1325,1,0
426,1501,1,2026-07-13,1,1,104,466,1,1329,1,0
427,1501,1,2026-07-13,1,1,104,466,1,1330,1,0
428,1502,1,2025-06-18,1,17,252,1139,17,1331,1,0
429,1506,1,2023-05-19,1,1,120,540,1,1335,1,0
430,1506,1,2023-05-10,1,1,120,540,1,1336,1,0
431,1506,1,2023-05-04,1,1,120,540,1,1337,1,0
432,1511,1,2023-12-05,1,7,191,867,7,1340,1,0
433,1514,1,2026-02-07,1,7,198,898,7,1341,1,0
434,1518,1,2025-02-16,1,22,269,1208,22,1344,1,0
435,1529,1,2025-11-02,1,1,66,293,1,1350,1,0
436,1530,1,2024-09-07,1,22,270,1211,22,1351,1,0
437,1532,1,2024-03-12,1,2,121,545,2,1353,1,0
438,1541,1,2024-04-02,1,27,286,1281,27,1356,1,0
439,1547,1,2026-05-12,1,13,236,1066,13,1367,1,0
440,1558,1,2025-07-31,1,1,62,276,1,1380,1,1
441,1558,1,2025-08-03,1,1,62,276,1,1381,1,0
442,1571,1,2024-08-01,1,1,59,262,1,1390,1,0
443,1571,1,2024-07-22,1,1,59,262,1,1391,1,0
444,1571,1,2024-07-12,1,1,59,262,1,1392,1,0
445,1572,1,2026-07-13,1,1,46,205,1,1393,1,0
446,1572,1,2026-05-20,1,1,46,205,1,1394,1,0
447,1578,1,2025-05-29,1,1,120,540,1,1395,1,0
448,1583,1,2023-10-28,1,3,141,642,3,1398,1,0
449,1584,1,2024-09-23,1,1,32,141,1,1399,1,0
450,1588,1,2026-05-11,1,2,123,551,2,1404,1,0
451,1590,1,2026-07-13,1,30,293,1312,30,1406,1,0
452,1597,1,2024-07-11,1,1,56,254,1,1414,1,0
453,1600,1,2026-07-13,1,1,52,234,1,1419,1,0
454,1601,1,2024-09-14,1,1,58,258,1,1420,1,0
455,1601,1,2024-09-13,1,1,58,258,1,1421,1,0
456,1607,1,2023-09-25,1,1,39,172,1,1429,1,0
457,1609,1,2023-12-28,1,4,155,705,4,1430,1,0
458,1613,1,2026-04-25,1,1,98,439,1,1432,1,0
459,1615,1,2025-12-27,1,4,156,707,4,1433,1,0
460,1615,1,2025-10-05,1,4,156,707,4,1434,1,0
461,1617,1,2025-01-07,1,12,232,1050,12,1435,1,0
462,1618,1,2024-04-03,1,1,51,230,1,1436,1,0
463,1622,1,2026-03-19,1,6,189,859,6,1441,1,0
464,1623,1,2025-07-26,1,2,132,597,2,1442,1,0
465,1628,1,2025-03-29,1,1,31,139,1,1444,1,0
466,1628,1,2025-05-25,1,1,31,139,1,1445,1,0
467,1630,1,2024-02-18,1,5,175,795,5,1447,1,0
468,1656,1,2024-09-03,1,17,252,1141,17,1462,1,0
469,1663,1,2024-04-04,1,27,286,1283,27,1467,1,0
470,1665,1,2024-11-18,1,3,151,682,3,1468,1,0
471,1665,1,2025-01-29,1,3,151,682,3,1469,1,0
472,1673,1,2026-04-11,1,1,111,497,1,1472,1,0
473,1674,1,2025-02-08,1,1,42,187,1,1473,1,0
474,1678,1,2026-02-19,1,5,175,797,5,1475,1,0
475,1683,1,2023-10-20,1,8,209,945,8,1477,1,0
476,1684,1,2026-02-21,1,22,270,1214,22,1478,1,0
477,1685,1,2024-05-21,1,1,4,15,1,1479,1,0
478,1685,1,2024-05-22,1,1,4,15,1,1480,1,0
479,1686,1,2025-07-17,1,4,163,736,4,1481,1,0
480,1686,1,2025-08-02,1,4,163,736,4,1482,1,0
481,1689,1,2023-10-18,1,1,48,213,1,1484,1,0
482,1690,1,2024-01-12,1,1,106,476,1,1485,1,0
483,1690,1,2024-04-21,1,1,106,476,1,1486,1,0
484,1693,1,2025-05-19,1,18,256,1154,18,1491,1,0
485,1696,1,2026-06-22,1,1,5,22,1,1492,1,0
486,1699,1,2026-05-11,1,1,51,230,1,1493,1,0
487,1699,1,2026-03-19,1,1,51,230,1,1494,1,0
488,1708,1,2023-05-31,1,27,285,1278,27,1501,1,0
489,1709,1,2025-07-06,1,5,179,811,5,1502,1,0
490,1710,1,2025-07-14,1,1,23,98,1,1503,1,0
491,1710,1,2025-05-12,1,1,23,98,1,1504,1,0
492,1711,1,2023-05-09,1,3,149,675,3,1505,1,0
493,1723,1,2025-11-11,1,1,62,275,1,1514,1,0
494,1726,1,2024-09-03,1,1,91,404,1,1517,1,0
495,1728,1,2024-12-03,1,1,83,366,1,1518,1,0
496,1728,1,2024-12-18,1,1,83,366,1,1519,1,0
497,1728,1,2024-11-29,1,1,83,366,1,1520,1,0
498,1735,1,2024-03-10,1,1,26,116,1,1525,1,0
499,1737,1,2026-04-17,1,15,246,1113,15,1527,1,0
500,1748,1,2024-11-05,1,1,73,325,1,1536,1,0
501,1749,1,2024-03-09,1,8,204,924,8,1537,1,0
502,1749,1,2024-03-16,1,8,204,924,8,1538,1,0
503,1754,1,2024-10-23,1,4,156,706,4,1541,1,0
504,1757,1,2026-05-19,1,4,165,742,4,1547,1,0
505,1760,1,2025-05-09,1,1,65,289,1,1549,1,0
506,1760,1,2025-04-05,1,1,65,289,1,1550,1,0
507,1765,1,2024-03-14,1,1,54,245,1,1554,1,0
508,1769,1,2025-12-23,1,6,188,854,6,1556,1,0
509,1783,1,2025-07-09,1,5,168,763,5,1570,1,0
510,1783,1,2025-09-21,1,5,168,763,5,1571,1,0
511,1788,1,2024-06-08,1,1,119,538,1,1574,1,0
512,1800,1,2025-03-05,1,1,69,303,1,1585,1,0
513,1802,1,2025-09-15,1,1,3,10,1,1586,1,0
514,1802,1,2025-07-15,1,1,3,10,1,1587,1,0
515,1808,1,2025-03-07,1,5,175,795,5,1590,1,0
516,1810,1,2025-09-22,1,5,175,795,5,1593,1,0
517,1811,1,2024-03-16,1,1,86,381,1,1594,1,0
518,1811,1,2024-04-19,1,1,86,381,1,1595,1,0
519,1813,1,2024-10-12,1,12,228,1028,12,1599,1,0
520,1817,1,2025-06-06,1,1,97,430,1,1604,1,0
521,1822,1,2024-09-23,1,1,52,234,1,1607,1,0
522,1822,1,2025-01-10,1,1,52,234,1,1608,1,0
523,1833,1,2023-03-03,1,8,202,912,8,1615,1,0
524,1835,1,2025-01-13,1,11,224,1012,11,1618,1,0
525,1852,1,2024-03-08,1,27,285,1278,27,1633,1,0
526,1856,1,2023-10-02,1,4,162,731,4,1637,1,0
527,1869,1,2025-05-14,1,1,27,118,1,1644,1,0
528,1869,1,2025-05-26,1,1,27,118,1,1645,1,0
529,1874,1,2024-06-29,1,14,239,1080,14,1650,1,0
530,1874,1,2024-09-22,1,14,239,1080,14,1651,1,0
531,1875,1,2024-03-21,1,1,51,232,1,1652,1,0
532,1876,1,2024-01-21,1,1,87,386,1,1653,1,0
533,1879,1,2025-06-06,1,10,219,992,10,1654,1,0
534,1879,1,2025-07-11,1,10,219,992,10,1655,1,0
535,1883,1,2025-11-02,1,2,126,571,2,1658,1,0
536,1891,1,2024-02-18,1,3,148,670,3,1664,1,0
537,1905,1,2024-12-05,1,1,29,131,1,1673,1,0
538,1905,1,2024-12-17,1,1,29,131,1,1674,1,0
539,1911,1,2024-09-03,1,31,296,1324,31,1680,1,0
540,1915,1,2024-07-05,1,1,107,479,1,1684,1,0
541,1923,1,2024-06-24,1,7,198,898,7,1690,1,0
542,1923,1,2024-01-29,1,7,198,898,7,1691,1,0
543,1926,1,2025-05-16,1,1,48,216,1,1692,1,0
544,1926,1,2025-07-27,1,1,48,216,1,1693,1,0
545,1926,1,2025-05-27,1,1,48,216,1,1694,1,0
546,1927,1,2024-02-20,1,1,1,2,1,1695,1,0
547,1927,1,2024-02-03,1,1,1,2,1,1696,1,0
548,1927,1,2023-11-18,1,1,1,2,1,1697,1,0
549,1928,1,2023-10-01,1,25,278,1247,25,1698,1,0
550,1930,1,2026-05-09,1,6,189,861,6,1701,1,0
551,1930,1,2026-07-13,1,6,189,861,6,1702,1,0
552,1931,1,2024-11-13,1,7,192,871,7,1703,1,0
553,1931,1,2024-12-26,1,7,192,871,7,1704,1,0
554,1933,1,2023-08-28,1,20,264,1187,20,1705,1,0
555,1934,1,2024-10-12,1,15,245,1106,15,1706,1,0
556,1942,1,2025-09-16,1,1,25,111,1,1714,1,0
557,1944,1,2025-11-04,1,20,264,1188,20,1716,1,0
558,1950,1,2026-01-01,1,28,288,1289,28,1719,1,0
559,1952,1,2024-02-20,1,4,162,732,4,1720,1,0
560,1955,1,2025-12-30,1,26,283,1271,26,1721,1,0
561,1962,1,2025-11-20,1,2,129,585,2,1726,1,0
562,1969,1,2026-05-06,1,1,33,145,1,1733,1,0
563,1972,1,2024-05-29,1,2,123,553,2,1737,1,0
564,1972,1,2024-06-10,1,2,123,553,2,1738,1,0
565,1977,1,2025-07-25,1,3,148,672,3,1742,1,0
566,1987,1,2024-03-03,1,1,40,178,1,1746,1,0
567,1993,1,2023-11-07,1,3,143,650,3,1751,1,0
568,1997,1,2025-08-18,1,29,292,1308,29,1754,1,0
569,1998,1,2026-06-18,1,9,210,946,9,1755,1,0
570,1998,1,2026-06-07,1,9,210,946,9,1756,1,0
571,2007,1,2025-01-24,1,8,207,934,8,1765,1,0
572,2013,1,2024-09-14,1,30,293,1310,30,1769,1,0
573,2017,1,2023-03-18,1,29,290,1301,29,1771,1,0
574,2020,1,2024-08-23,1,27,286,1281,27,1775,1,0
575,2020,1,2024-08-18,1,27,286,1281,27,1776,1,0
576,2023,1,2023-09-14,1,7,198,898,7,1779,1,0
577,2025,1,2026-07-03,1,2,130,591,2,1780,1,0
578,2025,1,2026-06-20,1,2,130,591,2,1781,1,0
579,2025,1,2026-05-01,1,2,130,591,2,1782,1,0
580,2027,1,2024-04-16,1,1,20,87,1,1784,1,0
581,2027,1,2024-07-20,1,1,20,87,1,1785,1,0
582,2027,1,2024-06-06,1,1,20,87,1,1786,1,0
583,2036,1,2024-12-05,1,1,93,411,1,1790,1,0
584,2040,1,2024-10-07,1,19,260,1174,19,1796,1,0
585,2040,1,2024-11-10,1,19,260,1174,19,1797,1,0
586,2046,1,2026-07-01,1,13,237,1070,13,1799,1,0
587,2046,1,2026-07-13,1,13,237,1070,13,1800,1,0
588,2052,1,2026-06-26,1,3,148,672,3,1803,1,0
589,2061,1,2023-10-08,1,16,249,1126,16,1810,1,0
590,2061,1,2023-09-15,1,16,249,1126,16,1811,1,0
591,2070,1,2025-10-12,1,2,125,566,2,1818,1,0
592,2082,1,2024-08-23,1,3,145,655,3,1828,1,0
593,2082,1,2024-08-23,1,3,145,655,3,1829,1,0
594,2091,1,2025-02-03,1,20,264,1188,20,1841,1,0
595,2094,1,2024-08-24,1,4,154,700,4,1845,1,0
596,2099,1,2026-01-11,1,1,75,333,1,1855,1,0
597,2099,1,2025-09-29,1,1,75,333,1,1856,1,0
598,2111,1,2023-11-23,1,5,170,772,5,1865,1,0
599,2113,1,2025-03-03,1,18,259,1172,18,1867,1,0
600,2114,1,2025-11-03,1,16,249,1125,16,1868,1,0
601,2114,1,2025-12-17,1,16,249,1125,16,1869,1,0
602,2115,1,2024-05-07,1,1,42,187,1,1871,1,0
603,2115,1,2024-07-16,1,1,42,187,1,1872,1,0
604,2115,1,2024-04-23,1,1,42,187,1,1873,1,0
605,2118,1,2023-05-11,1,4,154,698,4,1876,1,0
606,2118,1,2023-06-02,1,4,154,698,4,1877,1,0
607,2121,1,2025-11-28,1,3,140,636,3,1881,1,0
608,2125,1,2024-08-13,1,17,253,1142,17,1882,1,0
609,2126,1,2023-03-29,1,1,25,110,1,1883,1,0
610,2131,1,2023-06-12,1,7,196,890,7,1886,1,0
611,2139,1,2023-09-16,1,1,18,80,1,1893,1,0
612,2143,1,2025-07-04,1,1,106,475,1,1895,1,0
613,2143,1,2025-07-24,1,1,106,475,1,1896,1,0
614,2143,1,2025-05-25,1,1,106,475,1,1897,1,0
615,2145,1,2024-04-07,1,28,288,1292,28,1901,1,0
616,2151,1,2024-12-31,1,1,46,203,1,1907,1,0
617,2155,1,2025-01-19,1,12,232,1051,12,1908,1,0
618,2158,1,2025-09-08,1,2,130,591,2,1912,1,0
619,2161,1,2026-04-23,1,15,245,1107,15,1913,1,0
620,2166,1,2025-05-16,1,1,73,326,1,1916,1,0
621,2167,1,2025-06-08,1,2,126,572,2,1917,1,0
622,2172,1,2026-03-27,1,29,291,1303,29,1924,1,0
623,2172,1,2026-04-16,1,29,291,1303,29,1925,1,0
624,2174,1,2026-07-03,1,2,124,560,2,1926,1,0
625,2175,1,2024-05-04,1,28,287,1288,28,1928,1,0
626,2177,1,2023-12-04,1,15,247,1116,15,1929,1,0
627,2188,1,2025-10-26,1,3,153,696,3,1936,1,0
628,2191,1,2024-05-01,1,25,279,1250,25,1939,1,0
629,2193,1,2026-05-26,1,4,161,728,4,1940,1,0
630,2194,1,2023-05-17,1,1,68,302,1,1941,1,0
631,2197,1,2026-01-16,1,18,258,1165,18,1944,1,0
632,2199,1,2026-05-09,1,1,94,416,1,1945,1,0
633,2200,1,2024-05-07,1,1,10,45,1,1947,1,0
634,2205,1,2025-04-25,1,1,97,431,1,1954,1,0
635,2212,1,2023-06-22,1,13,235,1063,13,1964,1,0
636,2230,1,2025-03-28,1,15,246,1113,15,1976,1,0
637,2232,1,2024-04-27,1,11,223,1007,11,1979,1,0
638,2239,1,2025-06-26,1,13,236,1065,13,1983,1,0
639,2248,1,2024-08-02,1,11,225,1020,11,1991,1,0
640,2248,1,2024-09-11,1,11,225,1020,11,1992,1,0
641,2255,1,2023-06-14,1,1,25,111,1,1996,1,0
642,2257,1,2025-04-25,1,6,189,857,6,1997,1,0
643,2257,1,2025-03-12,1,6,189,857,6,1998,1,0
644,2263,1,2023-12-17,1,14,241,1089,14,2005,1,0
645,2269,1,2023-11-11,1,5,174,791,5,2010,1,0
646,2274,1,2023-06-03,1,11,225,1018,11,2014,1,0
647,2276,1,2025-02-15,1,1,80,353,1,2016,1,0
648,2276,1,2024-11-18,1,1,80,353,1,2017,1,0
649,2286,1,2025-12-20,1,7,192,871,7,2027,1,0
650,2291,1,2023-03-17,1,4,157,714,4,2031,1,0
651,2298,1,2026-03-14,1,1,65,290,1,2033,1,0
652,2301,1,2026-07-13,1,19,261,1176,19,2035,1,0
653,2301,1,2026-07-13,1,19,261,1176,19,2036,1,0
654,2301,1,2026-07-06,1,19,261,1176,19,2037,1,0
655,2307,1,2025-08-04,1,1,82,361,1,2044,1,0
656,2320,1,2025-12-25,1,2,123,552,2,2057,1,0
657,2324,1,2023-08-12,1,3,140,634,3,2063,1,0
658,2324,1,2023-10-19,1,3,140,634,3,2064,1,0
659,2329,1,2023-09-21,1,1,1,1,1,2068,1,0
660,2330,1,2024-05-29,1,1,40,178,1,2069,1,0
661,2332,1,2024-07-24,1,8,205,925,8,2070,1,0
662,2334,1,2026-01-15,1,22,271,1220,22,2073,1,0
663,2335,1,2026-07-13,1,2,125,563,2,2074,1,0
664,2340,1,2023-09-14,1,18,258,1164,18,2077,1,0
665,2340,1,2023-09-02,1,18,258,1164,18,2078,1,0
666,2343,1,2026-01-21,1,9,214,965,9,2080,1,0
667,2343,1,2025-12-27,1,9,214,965,9,2081,1,0
668,2346,1,2025-10-18,1,1,84,371,1,2084,1,0
669,2347,1,2026-02-06,1,1,45,202,1,2085,1,0
670,2347,1,2025-12-15,1,1,45,202,1,2086,1,0
671,2352,1,2025-06-17,1,13,234,1057,13,2087,1,0
672,2352,1,2025-03-02,1,13,234,1057,13,2088,1,0
673,2358,1,2024-10-08,1,23,272,1222,23,2093,1,0
674,2359,1,2025-06-06,1,1,50,227,1,2094,1,0
675,2359,1,2025-06-03,1,1,50,227,1,2095,1,0
676,2363,1,2025-07-03,1,1,5,18,1,2097,1,0
677,2364,1,2024-05-17,1,6,190,865,6,2098,1,0
678,2364,1,2024-05-13,1,6,190,865,6,2099,1,0
679,2365,1,2024-02-28,1,22,271,1215,22,2100,1,0
680,2369,1,2026-04-27,1,18,259,1172,18,2101,1,0
681,2369,1,2026-05-03,1,18,259,1172,18,2102,1,0
682,2370,1,2023-05-13,1,3,139,630,3,2103,1,0
683,2370,1,2023-08-22,1,3,139,630,3,2104,1,0
684,2371,1,2025-01-26,1,5,170,773,5,2105,1,0
685,2374,1,2026-06-01,1,17,255,1152,17,2107,1,0
686,2374,1,2026-03-06,1,17,255,1152,17,2108,1,0
687,2376,1,2026-02-06,1,4,155,705,4,2109,1,0
688,2377,1,2025-06-27,1,30,294,1317,30,2110,1,0
689,2378,1,2023-11-15,1,3,151,684,3,2111,1,0
690,2379,1,2025-01-18,1,28,289,1297,28,2112,1,0
691,2383,1,2026-01-10,1,4,167,755,4,2115,1,0
692,2383,1,2026-01-10,1,4,167,755,4,2116,1,0
693,2384,1,2024-10-10,1,12,230,1040,12,2117,1,0
694,2384,1,2024-09-24,1,12,230,1040,12,2118,1,0
695,2384,1,2024-10-04,1,12,230,1040,12,2119,1,0
696,2388,1,2026-05-11,1,24,276,1237,24,2120,1,0
697,2391,1,2025-06-27,1,1,60,265,1,2122,1,0
698,2394,1,2025-01-08,1,8,209,943,8,2123,1,0
699,2394,1,2025-01-10,1,8,209,943,8,2124,1,0
700,2402,1,2025-03-19,1,12,232,1050,12,2127,1,0
701,2403,1,2024-03-14,1,20,265,1193,20,2128,1,0
702,2403,1,2024-01-15,1,20,265,1193,20,2129,1,0
703,2409,1,2023-12-05,1,5,176,799,5,2134,1,0
704,2419,1,2025-05-19,1,17,253,1143,17,2140,1,0
705,2421,1,2023-12-19,1,20,264,1187,20,2143,1,0
706,2421,1,2024-01-18,1,20,264,1187,20,2144,1,0
707,2421,1,2024-01-12,1,20,264,1187,20,2145,1,0
708,2422,1,2023-04-09,1,29,290,1301,29,2146,1,0
709,2422,1,2023-05-02,1,29,290,1301,29,2147,1,0
710,2425,1,2025-04-15,1,9,215,969,9,2148,1,0
711,2429,1,2025-07-30,1,5,172,783,5,2149,1,0
712,2429,1,2025-06-30,1,5,172,783,5,2150,1,0
713,2433,1,2025-02-10,1,13,234,1059,13,2154,1,0
714,2442,1,2026-02-24,1,5,172,784,5,2164,1,0
715,2442,1,2026-04-14,1,5,172,784,5,2165,1,0
716,2442,1,2026-01-30,1,5,172,784,5,2166,1,0
717,2448,1,2025-05-01,1,9,212,955,9,2176,1,0
718,2448,1,2025-02-19,1,9,212,955,9,2177,1,0
719,2449,1,2024-06-20,1,5,179,808,5,2178,1,0
720,2449,1,2024-07-11,1,5,179,808,5,2179,1,0
721,2449,1,2024-06-01,1,5,179,808,5,2180,1,0
722,2457,1,2026-07-12,1,11,227,1026,11,2182,1,0
723,2458,1,2024-11-28,1,8,205,926,8,2184,1,0
724,2459,1,2024-03-02,1,1,7,31,1,2185,1,0
725,2465,1,2024-07-01,1,2,133,605,2,2192,1,0
726,2467,1,2025-10-25,1,1,64,288,1,2193,1,0
727,2468,1,2026-01-18,1,1,113,508,1,2195,1,0
728,2478,1,2026-01-22,1,28,287,1287,28,2201,1,0
729,2496,1,2023-10-23,1,1,109,489,1,2221,1,0
730,2498,1,2026-06-21,1,1,59,261,1,2223,1,0
731,2500,1,2025-02-21,1,6,189,861,6,2226,1,0
732,2500,1,2025-06-04,1,6,189,861,6,2228,1,0
733,2502,1,2023-05-30,1,31,296,1327,31,2230,1,0
734,2503,1,2024-02-05,1,13,237,1073,13,2231,1,0
735,2509,1,2023-09-03,1,4,158,718,4,2240,1,0
736,2512,1,2024-08-26,1,6,187,850,6,2246,1,0
737,2515,1,2025-12-05,1,11,226,1023,11,2250,1,0
738,2515,1,2025-10-10,1,11,226,1023,11,2251,1,0
739,2516,1,2023-06-10,1,5,175,797,5,2252,1,0
740,2516,1,2023-10-20,1,5,175,797,5,2254,1,0
741,2523,1,2026-04-25,1,1,22,96,1,2258,1,0
742,2523,1,2026-03-17,1,1,22,96,1,2259,1,0
743,2537,1,2023-08-24,1,7,193,876,7,2273,1,0
744,2541,1,2024-06-30,1,1,82,363,1,2276,1,0
745,2543,1,2023-08-20,1,1,46,205,1,2278,1,0
746,2543,1,2023-08-10,1,1,46,205,1,2279,1,0
747,2547,1,2026-02-03,1,1,18,77,1,2281,1,0
748,2552,1,2025-12-01,1,12,228,1030,12,2285,1,0
749,2560,1,2025-12-02,1,12,230,1042,12,2294,1,0
750,2565,1,2025-03-14,1,3,142,647,3,2296,1,0
751,2567,1,2025-05-05,1,5,171,776,5,2299,1,0
752,2567,1,2025-07-17,1,5,171,776,5,2300,1,0
753,2569,1,2024-08-27,1,1,55,250,1,2303,1,0
754,2569,1,2024-06-04,1,1,55,250,1,2304,1,0
755,2574,1,2025-05-02,1,24,275,1233,24,2307,1,0
756,2574,1,2025-05-30,1,24,275,1233,24,2308,1,0
757,2574,1,2025-05-11,1,24,275,1233,24,2309,1,0
758,2580,1,2024-04-13,1,10,221,1001,10,2315,1,0
759,2581,1,2026-05-14,1,8,205,928,8,2317,1,0
760,2587,1,2023-10-30,1,5,177,803,5,2319,1,0
761,2601,1,2026-01-06,1,4,165,745,4,2332,1,0
762,2604,1,2024-03-31,1,1,75,333,1,2335,1,0
763,2617,1,2024-12-26,1,18,259,1171,18,2343,1,0
764,2619,1,2026-05-19,1,1,34,151,1,2345,1,0
765,2630,1,2023-08-05,1,1,83,368,1,2356,1,0
766,2632,1,2025-01-12,1,29,291,1303,29,2357,1,0
767,2633,1,2024-08-24,1,1,81,357,1,2358,1,0
768,2633,1,2025-01-14,1,1,81,357,1,2359,1,0
769,2636,1,2026-07-13,1,4,162,732,4,2362,1,0
770,2639,1,2025-09-20,1,2,132,600,2,2364,1,0
771,2660,1,2024-01-10,1,13,233,1053,13,2382,1,0
772,2663,1,2024-04-09,1,24,277,1243,24,2384,1,0
773,2664,1,2023-11-10,1,16,249,1127,16,2387,1,0
774,2665,1,2025-05-12,1,7,195,884,7,2388,1,0
775,2674,1,2023-11-07,1,5,170,775,5,2396,1,0
776,2679,1,2026-01-27,1,3,137,623,3,2401,1,0
777,2682,1,2023-08-01,1,1,109,490,1,2404,1,0
778,2686,1,2023-09-08,1,7,194,880,7,2409,1,0
779,2688,1,2023-07-03,1,12,231,1045,12,2410,1,0
780,2690,1,2024-06-15,1,1,62,280,1,2411,1,0
781,2690,1,2024-07-04,1,1,62,280,1,2412,1,0
782,2690,1,2024-07-03,1,1,62,280,1,2413,1,1
783,2691,1,2024-12-26,1,6,186,843,6,2414,1,0
784,2691,1,2025-01-25,1,6,186,843,6,2415,1,0
785,2693,1,2024-06-20,1,24,276,1239,24,2416,1,0
786,2694,1,2026-04-05,1,15,244,1102,15,2417,1,0
787,2694,1,2026-06-23,1,15,244,1102,15,2418,1,0
788,2694,1,2026-02-23,1,15,244,1102,15,2419,1,0
789,2698,1,2026-07-13,1,3,141,638,3,2423,1,0
790,2702,1,2024-06-15,1,30,295,1321,30,2428,1,0
791,2702,1,2024-06-22,1,30,295,1321,30,2429,1,0
792,2703,1,2026-07-13,1,1,55,249,1,2430,1,0
793,2706,1,2024-06-15,1,1,66,295,1,2431,1,0
794,2707,1,2024-09-02,1,2,124,560,2,2432,1,0
795,2709,1,2024-09-23,1,23,274,1231,23,2434,1,0
796,2713,1,2025-03-11,1,1,64,287,1,2438,1,0
797,2713,1,2025-03-13,1,1,64,287,1,2439,1,0
798,2716,1,2025-12-31,1,1,56,252,1,2440,1,0
799,2716,1,2026-01-15,1,1,56,252,1,2441,1,0
800,2720,1,2023-05-11,1,1,78,342,1,2444,1,0
801,2724,1,2024-01-23,1,1,110,493,1,2447,1,0
802,2731,1,2026-04-02,1,1,55,250,1,2454,1,0
803,2734,1,2024-04-29,1,1,3,11,1,2457,1,0
804,2738,1,2025-10-28,1,28,287,1286,28,2461,1,0
805,2738,1,2025-10-04,1,28,287,1286,28,2462,1,0
806,2741,1,2025-05-07,1,1,116,521,1,2464,1,0
807,2743,1,2025-06-02,1,5,174,793,5,2467,1,0
808,2746,1,2023-11-14,1,1,107,481,1,2468,1,0
809,2751,1,2023-11-03,1,27,284,1276,27,2473,1,0
810,2751,1,2023-11-28,1,27,284,1276,27,2474,1,0
811,2751,1,2023-11-23,1,27,284,1276,27,2475,1,0
812,2752,1,2024-08-02,1,3,151,683,3,2476,1,0
813,2759,1,2023-12-06,1,8,207,934,8,2480,1,0
814,2765,1,2025-04-28,1,3,144,652,3,2486,1,0
815,2771,1,2026-03-30,1,1,103,462,1,2490,1,0
816,2772,1,2025-12-06,1,29,290,1299,29,2491,1,0
817,2776,1,2024-11-21,1,1,3,10,1,2494,1,0
818,2776,1,2024-10-31,1,1,3,10,1,2495,1,0
819,2785,1,2023-02-20,1,1,95,420,1,2501,1,0
820,2786,1,2025-12-10,1,5,173,786,5,2503,1,0
821,2791,1,2024-11-22,1,1,87,388,1,2508,1,0
822,2791,1,2024-12-10,1,1,87,388,1,2509,1,0
823,2798,1,2024-08-12,1,1,103,460,1,2514,1,0
824,2798,1,2024-08-05,1,1,103,460,1,2515,1,0
825,2799,1,2025-09-17,1,5,172,785,5,2516,1,0
826,2800,1,2025-06-28,1,30,293,1310,30,2517,1,0
827,2800,1,2025-05-13,1,30,293,1310,30,2518,1,0
828,2801,1,2024-08-08,1,15,246,1113,15,2519,1,0
829,2809,1,2024-10-23,1,1,70,309,1,2524,1,0
830,2810,1,2024-09-16,1,10,219,989,10,2525,1,0
831,2813,1,2023-12-20,1,14,241,1089,14,2528,1,0
832,2815,1,2026-07-13,1,1,11,49,1,2530,1,0
833,2823,1,2024-09-05,1,1,114,513,1,2534,1,0
834,2823,1,2024-09-02,1,1,114,513,1,2535,1,0
835,2842,1,2024-07-08,1,29,291,1303,29,2547,1,0
836,2842,1,2024-07-28,1,29,291,1303,29,2548,1,1
837,2846,1,2024-05-05,1,16,250,1130,16,2549,1,0
838,2856,1,2024-08-31,1,27,286,1283,27,2555,1,0
839,2862,1,2026-07-12,1,17,253,1142,17,2559,1,0
840,2876,1,2024-03-02,1,9,214,964,9,2566,1,0
841,2882,1,2025-01-25,1,2,127,575,2,2572,1,0
842,2895,1,2024-04-11,1,29,291,1302,29,2580,1,0
843,2906,1,2026-06-07,1,23,273,1225,23,2591,1,0
844,2909,1,2023-09-23,1,1,60,265,1,2596,1,0
845,2911,1,2024-10-17,1,14,238,1077,14,2599,1,0
846,2930,1,2023-09-24,1,29,291,1303,29,2606,1,0
847,2933,1,2025-02-08,1,1,91,402,1,2608,1,0
848,2949,1,2023-10-23,1,10,220,997,10,2616,1,0
849,2950,1,2024-11-15,1,21,266,1197,21,2617,1,0
850,2955,1,2025-10-16,1,1,105,471,1,2621,1,0
851,2955,1,2025-10-20,1,1,105,471,1,2622,1,0
852,2964,1,2024-04-24,1,4,163,738,4,2626,1,0
853,2966,1,2026-05-24,1,1,40,179,1,2628,1,0
854,2967,1,2024-11-20,1,1,86,381,1,2629,1,0
855,2967,1,2025-01-06,1,1,86,381,1,2630,1,0
856,2967,1,2025-02-25,1,1,86,381,1,2631,1,0
857,2968,1,2024-11-12,1,1,96,428,1,2632,1,1
858,2970,1,2026-03-11,1,3,141,638,3,2634,1,0
859,2973,1,2024-06-16,1,31,296,1326,31,2637,1,0
860,2973,1,2024-04-03,1,31,296,1326,31,2638,1,0
861,2976,1,2024-04-20,1,5,177,802,5,2639,1,0
862,2993,1,2023-04-17,1,8,202,915,8,2659,1,0
863,2997,1,2025-11-30,1,21,266,1197,21,2663,1,0
864,3003,1,2025-01-27,1,1,28,124,1,2668,1,0
865,3003,1,2025-02-05,1,1,28,124,1,2669,1,0
866,3006,1,2023-12-05,1,1,67,296,1,2671,1,0
867,3007,1,2025-08-18,1,17,253,1143,17,2672,1,0
868,3008,1,2025-06-23,1,31,296,1325,31,2673,1,0
869,3013,1,2026-02-15,1,10,216,971,10,2674,1,0
870,3014,1,2025-12-22,1,1,15,68,1,2676,1,0
871,3024,1,2023-10-27,1,7,191,870,7,2682,1,0
872,3027,1,2025-01-15,1,1,31,137,1,2683,1,0
873,3032,1,2025-10-23,1,1,28,125,1,2686,1,0
874,3039,1,2024-12-16,1,7,199,900,7,2695,1,0
875,3039,1,2024-11-08,1,7,199,900,7,2696,1,0
876,3044,1,2023-08-13,1,1,21,93,1,2697,1,0
877,3044,1,2023-08-19,1,1,21,93,1,2698,1,0
878,3054,1,2024-01-30,1,1,68,301,1,2704,1,0
879,3058,1,2026-02-13,1,2,134,607,2,2706,1,0
880,3060,1,2023-06-27,1,1,41,183,1,2708,1,0
881,3060,1,2023-06-16,1,1,41,183,1,2709,1,0
882,3060,1,2023-06-18,1,1,41,183,1,2710,1,0
883,3063,1,2024-01-30,1,13,235,1062,13,2715,1,0
884,3065,1,2024-09-28,1,1,97,430,1,2719,1,0
885,3068,1,2026-07-05,1,5,180,816,5,2721,1,0
886,3068,1,2026-06-28,1,5,180,816,5,2722,1,0
887,3069,1,2023-10-17,1,26,282,1266,26,2723,1,1
888,3071,1,2024-03-13,1,1,69,305,1,2724,1,0
889,3071,1,2023-12-31,1,1,69,305,1,2725,1,0
890,3076,1,2024-05-24,1,4,154,700,4,2729,1,0
891,3084,1,2026-06-23,1,11,227,1026,11,2734,1,0
892,3094,1,2026-02-22,1,1,118,531,1,2742,1,0
893,3094,1,2026-03-01,1,1,118,531,1,2743,1,0
894,3094,1,2025-12-30,1,1,118,531,1,2744,1,0
895,3099,1,2026-03-11,1,20,265,1192,20,2748,1,0
896,3102,1,2025-09-04,1,21,268,1205,21,2751,1,0
897,3113,1,2024-12-19,1,5,168,762,5,2756,1,0
898,3114,1,2025-01-04,1,14,238,1075,14,2757,1,1
899,3114,1,2025-04-19,1,14,238,1075,14,2758,1,0
900,3114,1,2025-05-11,1,14,238,1075,14,2759,1,0
901,3117,1,2025-05-25,1,21,268,1204,21,2760,1,0
902,3117,1,2025-06-19,1,21,268,1204,21,2761,1,0
903,3119,1,2026-06-10,1,1,97,429,1,2762,1,0
904,3122,1,2023-04-23,1,1,39,171,1,2763,1,0
905,3129,1,2025-01-29,1,21,268,1205,21,2768,1,0
906,3133,1,2025-04-09,1,1,36,161,1,2770,1,0
907,3137,1,2025-02-12,1,18,256,1159,18,2772,1,0
908,3147,1,2025-09-05,1,10,219,989,10,2783,1,0
909,3151,1,2025-02-23,1,1,92,407,1,2785,1,0
910,3155,1,2025-06-18,1,1,51,232,1,2787,1,0
911,3166,1,2024-04-23,1,1,102,455,1,2791,1,0
912,3166,1,2024-04-03,1,1,102,455,1,2792,1,0
913,3169,1,2026-04-12,1,3,137,621,3,2794,1,0
914,3175,1,2023-04-12,1,1,61,273,1,2801,1,0
915,3176,1,2024-02-29,1,1,39,170,1,2802,1,0
916,3176,1,2023-11-26,1,1,39,170,1,2803,1,0
917,3185,1,2026-04-25,1,1,37,165,1,2809,1,0
918,3194,1,2024-11-26,1,10,216,976,10,2817,1,0
919,3203,1,2024-02-08,1,2,125,567,2,2823,1,0
920,3203,1,2024-03-30,1,2,125,567,2,2824,1,0
921,3217,1,2024-07-13,1,25,280,1255,25,2833,1,0
922,3225,1,2025-03-21,1,11,227,1027,11,2839,1,0
923,3228,1,2024-01-02,1,24,276,1237,24,2843,1,0
924,3228,1,2024-01-21,1,24,276,1237,24,2844,1,0
925,3231,1,2025-05-22,1,25,280,1255,25,2845,1,0
926,3231,1,2025-05-26,1,25,280,1255,25,2846,1,0
927,3231,1,2025-05-20,1,25,280,1255,25,2847,1,0
928,3234,1,2025-04-03,1,18,258,1167,18,2852,1,0
929,3234,1,2025-04-22,1,18,258,1167,18,2853,1,0
930,3239,1,2025-05-23,1,26,282,1266,26,2857,1,1
931,3239,1,2024-12-05,1,26,282,1266,26,2858,1,0
932,3243,1,2023-01-28,1,26,283,1270,26,2863,1,0
933,3248,1,2024-08-12,1,21,267,1200,21,2866,1,0
934,3248,1,2024-07-31,1,21,267,1200,21,2867,1,0
935,3251,1,2026-01-10,1,2,122,546,2,2870,1,0
936,3253,1,2024-09-09,1,1,108,486,1,2872,1,0
937,3253,1,2024-12-21,1,1,108,486,1,2873,1,0
938,3259,1,2024-09-23,1,11,226,1023,11,2879,1,0
939,3265,1,2024-07-28,1,16,249,1126,16,2886,1,0
940,3266,1,2024-08-13,1,23,274,1229,23,2887,1,0
941,3266,1,2024-11-24,1,23,274,1229,23,2888,1,0
942,3271,1,2024-09-07,1,1,74,332,1,2894,1,0
943,3279,1,2025-01-05,1,14,240,1082,14,2897,1,0
944,3280,1,2024-05-29,1,30,294,1316,30,2898,1,0
945,3280,1,2024-09-22,1,30,294,1316,30,2899,1,0
946,3283,1,2023-04-18,1,17,253,1143,17,2902,1,0
947,3286,1,2023-07-17,1,3,141,641,3,2905,1,0
948,3286,1,2023-08-02,1,3,141,641,3,2906,1,0
949,3288,1,2024-06-04,1,1,95,417,1,2909,1,0
950,3289,1,2025-09-18,1,18,256,1159,18,2910,1,0
951,3290,1,2023-04-28,1,1,16,71,1,2911,1,0
952,3290,1,2023-03-15,1,1,16,71,1,2912,1,0
953,3290,1,2023-03-27,1,1,16,71,1,2913,1,0
954,3299,1,2023-07-06,1,30,293,1311,30,2918,1,0
955,3299,1,2023-07-02,1,30,293,1311,30,2919,1,0
956,3299,1,2023-05-16,1,30,293,1311,30,2920,1,0
957,3305,1,2023-07-15,1,1,116,524,1,2927,1,0
958,3313,1,2025-07-25,1,16,250,1131,16,2930,1,0
959,3314,1,2025-01-06,1,20,263,1182,20,2931,1,0
960,3319,1,2025-02-14,1,1,39,172,1,2938,1,0
961,3324,1,2025-11-20,1,11,226,1021,11,2946,1,1
962,3343,1,2026-07-13,1,3,143,650,3,2960,1,0
963,3343,1,2026-07-10,1,3,143,650,3,2961,1,0
964,3344,1,2026-05-15,1,11,226,1022,11,2962,1,0
965,3351,1,2025-01-05,1,5,176,798,5,2968,1,0
966,3351,1,2024-12-15,1,5,176,798,5,2970,1,0
967,3355,1,2026-04-08,1,4,164,739,4,2977,1,0
968,3370,1,2025-08-07,1,2,128,582,2,2990,1,0
969,3377,1,2025-07-02,1,1,20,90,1,2992,1,0
970,3377,1,2025-07-10,1,1,20,90,1,2993,1,0
971,3377,1,2025-07-19,1,1,20,90,1,2994,1,0
972,3378,1,2026-05-17,1,1,61,272,1,2995,1,0
973,3396,1,2024-10-28,1,1,11,50,1,3009,1,0
974,3396,1,2024-11-11,1,1,11,50,1,3010,1,0
975,3402,1,2026-04-30,1,13,233,1052,13,3017,1,0
976,3413,1,2024-12-09,1,15,243,1098,15,3024,1,0
977,3416,1,2025-05-24,1,11,223,1009,11,3025,1,0
978,3417,1,2025-01-20,1,5,181,822,5,3026,1,0
979,3417,1,2024-12-25,1,5,181,822,5,3027,1,0
980,3422,1,2025-01-01,1,1,66,295,1,3029,1,0
981,3424,1,2023-09-03,1,1,102,457,1,3030,1,0
982,3424,1,2023-08-23,1,1,102,457,1,3031,1,0
983,3434,1,2023-04-30,1,1,65,289,1,3035,1,0
984,3436,1,2023-08-30,1,4,156,710,4,3037,1,0
985,3436,1,2023-10-09,1,4,156,710,4,3038,1,0
986,3440,1,2023-09-20,1,1,5,20,1,3040,1,0
987,3448,1,2023-10-21,1,3,144,654,3,3047,1,0
988,3457,1,2026-01-12,1,1,1,1,1,3052,1,0
989,3458,1,2025-10-18,1,19,260,1174,19,3053,1,0
990,3460,1,2024-05-17,1,1,60,265,1,3054,1,0
991,3465,1,2023-10-19,1,1,76,337,1,3055,1,0
992,3465,1,2023-12-13,1,1,76,337,1,3056,1,0
993,3465,1,2023-11-08,1,1,76,337,1,3057,1,0
994,3469,1,2025-02-14,1,9,213,963,9,3060,1,0
995,3472,1,2024-05-15,1,2,133,604,2,3063,1,0
996,3474,1,2025-12-19,1,7,193,876,7,3065,1,0
997,3474,1,2025-09-15,1,7,193,876,7,3066,1,0
998,3477,1,2025-12-01,1,1,120,540,1,3068,1,0
999,3480,1,2023-08-13,1,2,127,578,2,3069,1,0
1000,3493,1,2025-02-02,1,15,243,1099,15,3077,1,0
1001,3493,1,2025-03-12,1,15,243,1099,15,3078,1,0
1002,3494,1,2025-01-06,1,3,138,628,3,3079,1,0
1003,3496,1,2026-06-24,1,6,188,855,6,3081,1,0
1004,3501,1,2024-02-24,1,6,183,830,6,3082,1,0
1005,3503,1,2026-03-18,1,14,239,1079,14,3086,1,0
1006,3505,1,2026-04-01,1,1,105,472,1,3088,1,0
1007,3505,1,2026-04-24,1,1,105,472,1,3089,1,0
1008,3509,1,2023-11-23,1,1,116,522,1,3093,1,0
1009,3514,1,2025-09-05,1,1,106,477,1,3097,1,0
1010,3514,1,2025-08-06,1,1,106,477,1,3098,1,0
1011,3517,1,2023-10-29,1,2,127,576,2,3101,1,0
1012,3530,1,2023-07-22,1,3,147,668,3,3106,1,0
1013,3533,1,2023-05-11,1,11,224,1017,11,3109,1,0
1014,3543,1,2025-03-29,1,8,208,938,8,3119,1,0
1015,3543,1,2025-06-04,1,8,208,938,8,3120,1,0
1016,3545,1,2026-04-08,1,11,225,1019,11,3121,1,0
1017,3545,1,2026-03-29,1,11,225,1019,11,3122,1,0
1018,3546,1,2024-11-02,1,2,124,559,2,3123,1,0
1019,3546,1,2024-12-28,1,2,124,559,2,3124,1,0
1020,3547,1,2023-11-21,1,3,144,654,3,3125,1,0
1021,3547,1,2024-01-28,1,3,144,654,3,3126,1,0
1022,3548,1,2025-05-23,1,23,273,1225,23,3127,1,0
1023,3549,1,2024-12-01,1,1,46,203,1,3128,1,0
1024,3550,1,2023-05-14,1,1,42,187,1,3129,1,0
1025,3554,1,2025-11-02,1,1,77,339,1,3133,1,0
1026,3554,1,2025-10-30,1,1,77,339,1,3135,1,0
1027,3557,1,2023-10-19,1,5,169,766,5,3136,1,0
1028,3557,1,2023-12-14,1,5,169,766,5,3137,1,0
1029,3558,1,2026-03-01,1,21,268,1206,21,3138,1,0
1030,3560,1,2026-01-06,1,30,295,1318,30,3139,1,0
1031,3564,1,2024-12-06,1,10,218,983,10,3143,1,0
1032,3570,1,2023-02-28,1,1,25,111,1,3149,1,0
1033,3572,1,2025-08-10,1,7,198,897,7,3150,1,0
1034,3572,1,2025-07-16,1,7,198,897,7,3151,1,0
1035,3578,1,2024-05-23,1,7,201,907,7,3157,1,0
1036,3582,1,2026-07-13,1,1,52,236,1,3160,1,0
1037,3582,1,2026-06-09,1,1,52,236,1,3161,1,0
1038,3582,1,2026-06-29,1,1,52,236,1,3162,1,0
1039,3584,1,2025-07-06,1,2,124,559,2,3164,1,0
1040,3584,1,2025-02-27,1,2,124,559,2,3165,1,0
1041,3588,1,2023-09-29,1,1,119,535,1,3167,1,0
1042,3588,1,2023-09-20,1,1,119,535,1,3168,1,0
1043,3589,1,2023-10-04,1,1,57,257,1,3169,1,1
1044,3589,1,2023-12-07,1,1,57,257,1,3170,1,0
1045,3589,1,2024-02-01,1,1,57,257,1,3171,1,0
1046,3597,1,2025-08-02,1,13,235,1062,13,3177,1,0
1047,3604,1,2024-05-09,1,9,211,952,9,3183,1,0
1048,3614,1,2025-10-01,1,4,161,730,4,3190,1,0
1049,3626,1,2025-05-20,1,6,190,865,6,3204,1,0
1050,3626,1,2025-04-30,1,6,190,865,6,3205,1,0
1051,3633,1,2024-05-27,1,1,49,223,1,3213,1,0
1052,3633,1,2024-04-06,1,1,49,223,1,3214,1,0
1053,3634,1,2023-12-16,1,4,162,731,4,3215,1,0
1054,3640,1,2026-01-11,1,7,201,908,7,3218,1,0
1055,3647,1,2023-11-21,1,1,17,76,1,3224,1,0
1056,3647,1,2023-12-07,1,1,17,76,1,3225,1,0
1057,3647,1,2024-01-27,1,1,17,76,1,3226,1,0
1058,3649,1,2024-10-06,1,1,77,341,1,3227,1,0
1059,3649,1,2024-12-30,1,1,77,341,1,3229,1,0
1060,3654,1,2024-04-16,1,1,80,354,1,3235,1,0
1061,3660,1,2026-07-11,1,3,142,645,3,3237,1,0
1062,3663,1,2026-02-09,1,1,48,217,1,3239,1,0
1063,3670,1,2025-09-29,1,8,208,938,8,3248,1,0
1064,3671,1,2025-03-04,1,1,95,418,1,3249,1,0
1065,3671,1,2025-05-02,1,1,95,418,1,3250,1,0
1066,3686,1,2026-02-26,1,2,129,585,2,3258,1,0
1067,3688,1,2026-07-13,1,13,236,1067,13,3260,1,0
1068,3688,1,2026-05-08,1,13,236,1067,13,3261,1,0
1069,3690,1,2024-02-25,1,17,253,1142,17,3264,1,0
1070,3693,1,2025-10-18,1,2,126,573,2,3265,1,0
1071,3693,1,2025-12-20,1,2,126,573,2,3266,1,0
1072,3694,1,2024-09-11,1,5,177,804,5,3267,1,0
1073,3700,1,2024-12-10,1,2,128,582,2,3271,1,0
1074,3707,1,2025-01-06,1,11,226,1024,11,3278,1,0
1075,3709,1,2023-12-25,1,1,48,217,1,3280,1,0
1076,3710,1,2025-02-07,1,2,124,561,2,3282,1,0
1077,3710,1,2025-01-25,1,2,124,561,2,3283,1,0
1078,3712,1,2023-10-07,1,26,281,1260,26,3284,1,0
1079,3712,1,2023-09-01,1,26,281,1260,26,3285,1,0
1080,3714,1,2023-11-04,1,7,191,869,7,3288,1,0
1081,3714,1,2023-11-23,1,7,191,869,7,3289,1,0
1082,3715,1,2026-07-13,1,1,32,143,1,3290,1,0
1083,3718,1,2025-09-16,1,1,65,291,1,3293,1,0
1084,3720,1,2026-01-01,1,27,284,1275,27,3294,1,0
1085,3720,1,2025-12-15,1,27,284,1275,27,3295,1,0
1086,3720,1,2025-09-13,1,27,284,1275,27,3296,1,0
1087,3723,1,2023-12-19,1,1,106,477,1,3297,1,0
1088,3724,1,2025-02-16,1,8,207,935,8,3298,1,0
1089,3727,1,2026-05-24,1,2,124,562,2,3301,1,0
1090,3727,1,2026-05-31,1,2,124,562,2,3302,1,0
1091,3732,1,2024-10-06,1,1,69,305,1,3304,1,0
1092,3736,1,2024-06-24,1,13,235,1061,13,3306,1,0
1093,3741,1,2024-04-15,1,19,261,1178,19,3313,1,0
1094,3741,1,2024-03-13,1,19,261,1178,19,3314,1,0
1095,3744,1,2025-10-26,1,7,193,875,7,3318,1,0
1096,3747,1,2024-03-24,1,1,45,198,1,3322,1,0
1097,3747,1,2024-02-14,1,1,45,198,1,3323,1,0
1098,3754,1,2025-12-27,1,17,253,1142,17,3332,1,0
1099,3758,1,2023-10-13,1,12,231,1046,12,3337,1,0
1100,3758,1,2023-10-28,1,12,231,1046,12,3338,1,0
1101,3758,1,2023-11-08,1,12,231,1046,12,3339,1,0
1102,3768,1,2024-09-07,1,1,76,338,1,3351,1,0
1103,3769,1,2023-05-02,1,1,93,408,1,3352,1,0
1104,3770,1,2026-07-13,1,12,231,1046,12,3353,1,0
1105,3776,1,2024-10-12,1,3,152,687,3,3358,1,0
1106,3777,1,2026-04-10,1,1,62,275,1,3359,1,0
1107,3777,1,2026-04-21,1,1,62,275,1,3360,1,0
1108,3781,1,2024-01-20,1,4,155,703,4,3363,1,0
1109,3781,1,2024-01-19,1,4,155,703,4,3364,1,0
1110,3789,1,2024-09-29,1,1,111,498,1,3374,1,0
1111,3789,1,2024-11-13,1,1,111,498,1,3375,1,0
1112,3790,1,2024-08-20,1,1,35,154,1,3376,1,0
1113,3790,1,2024-10-29,1,1,35,154,1,3377,1,0
1114,3796,1,2026-06-10,1,3,137,622,3,3382,1,0
1115,3796,1,2026-02-19,1,3,137,622,3,3383,1,0
1116,3798,1,2023-12-22,1,6,188,856,6,3385,1,0
1117,3798,1,2024-01-01,1,6,188,856,6,3386,1,0
1118,3804,1,2026-07-13,1,1,52,234,1,3389,1,0
1119,3805,1,2025-11-15,1,6,186,848,6,3390,1,0
1120,3806,1,2024-06-20,1,3,141,640,3,3391,1,0
1121,3806,1,2024-03-30,1,3,141,640,3,3392,1,0
1122,3813,1,2026-07-13,1,1,9,41,1,3400,1,0
1123,3828,1,2026-06-29,1,1,12,55,1,3406,1,0
1124,3831,1,2023-05-13,1,28,289,1296,28,3409,1,0
1125,3831,1,2023-06-19,1,28,289,1296,28,3410,1,0
1126,3839,1,2024-03-05,1,2,125,565,2,3420,1,0
1127,3845,1,2023-05-16,1,1,14,60,1,3424,1,0
1128,3845,1,2023-05-16,1,1,14,60,1,3425,1,0
1129,3850,1,2025-01-23,1,18,258,1164,18,3430,1,0
1130,3857,1,2025-02-13,1,1,62,279,1,3437,1,0
1131,3865,1,2026-02-28,1,2,132,599,2,3445,1,0
1132,3866,1,2024-02-20,1,1,65,289,1,3446,1,0
1133,3866,1,2024-02-03,1,1,65,289,1,3447,1,0
1134,3866,1,2023-12-02,1,1,65,289,1,3448,1,0
1135,3867,1,2024-07-01,1,22,269,1208,22,3449,1,0
1136,3867,1,2024-06-07,1,22,269,1208,22,3450,1,0
1137,3872,1,2025-01-20,1,4,159,720,4,3453,1,0
1138,3881,1,2024-01-10,1,1,115,519,1,3462,1,0
1139,3881,1,2024-01-21,1,1,115,519,1,3463,1,0
1140,3881,1,2023-12-19,1,1,115,519,1,3464,1,0
1141,3882,1,2025-02-12,1,17,254,1145,17,3465,1,0
1142,3882,1,2025-02-07,1,17,254,1145,17,3466,1,0
1143,3883,1,2023-09-20,1,1,110,495,1,3467,1,0
1144,3887,1,2023-05-04,1,1,52,234,1,3470,1,0
1145,3889,1,2025-10-09,1,4,167,754,4,3472,1,0
1146,3894,1,2025-11-23,1,1,32,141,1,3477,1,0
1147,3898,1,2025-01-15,1,1,35,154,1,3479,1,0
1148,3898,1,2024-12-23,1,1,35,154,1,3480,1,0
1149,3907,1,2024-07-03,1,4,157,712,4,3485,1,0
1150,3907,1,2024-07-26,1,4,157,712,4,3486,1,0
1151,3908,1,2024-02-22,1,1,67,297,1,3487,1,0
1152,3912,1,2026-07-13,1,1,29,131,1,3490,1,0
1153,3931,1,2024-07-03,1,14,239,1079,14,3509,1,0
1154,3932,1,2026-02-28,1,1,68,301,1,3510,1,0
1155,3938,1,2023-04-05,1,1,7,30,1,3518,1,0
1156,3938,1,2023-08-01,1,1,7,30,1,3519,1,0
1157,3938,1,2023-03-29,1,1,7,30,1,3520,1,0
1158,3944,1,2023-05-07,1,1,10,46,1,3522,1,0
1159,3944,1,2023-06-27,1,1,10,46,1,3523,1,0
1160,3945,1,2023-09-06,1,3,148,671,3,3524,1,0
1161,3946,1,2024-02-16,1,1,80,354,1,3525,1,0
1162,3947,1,2026-06-11,1,1,93,412,1,3526,1,0
1163,3947,1,2026-07-13,1,1,93,412,1,3527,1,0
1164,3954,1,2025-09-07,1,17,255,1151,17,3533,1,0
1165,3959,1,2024-05-24,1,22,270,1214,22,3538,1,0
1166,3965,1,2026-03-17,1,1,41,180,1,3542,1,0
1167,3965,1,2026-07-13,1,1,41,180,1,3543,1,0
1168,3969,1,2026-04-26,1,21,266,1196,21,3548,1,0
1169,3970,1,2025-06-30,1,1,115,520,1,3549,1,0
1170,3970,1,2025-07-09,1,1,115,520,1,3550,1,0
1171,3970,1,2025-07-10,1,1,115,520,1,3551,1,0
1172,3985,1,2024-06-14,1,1,4,16,1,3561,1,0
1173,3989,1,2023-07-13,1,3,152,692,3,3562,1,0
1174,3989,1,2023-02-15,1,3,152,692,3,3563,1,0
1175,3989,1,2023-06-25,1,3,152,692,3,3564,1,0
1176,3993,1,2023-12-27,1,3,146,663,3,3565,1,0
1177,3994,1,2024-01-27,1,2,131,596,2,3567,1,0
1178,3996,1,2025-05-13,1,29,290,1301,29,3568,1,0
1179,4003,1,2023-04-27,1,1,24,104,1,3574,1,0
1180,4008,1,2026-05-18,1,3,143,650,3,3577,1,0
1181,4011,1,2025-10-16,1,1,101,452,1,3580,1,0
1182,4014,1,2025-09-14,1,1,67,296,1,3585,1,0
1183,4014,1,2025-10-05,1,1,67,296,1,3586,1,0
1184,4025,1,2025-07-15,1,29,292,1306,29,3593,1,0
1185,4025,1,2025-09-15,1,29,292,1306,29,3594,1,0
1186,4027,1,2025-08-01,1,1,107,480,1,3597,1,0
1187,4030,1,2023-07-27,1,4,159,720,4,3600,1,0
1188,4031,1,2024-10-26,1,4,166,750,4,3601,1,0
1189,4031,1,2024-11-20,1,4,166,750,4,3602,1,0
1190,4031,1,2024-12-18,1,4,166,750,4,3603,1,0
1191,4034,1,2025-09-11,1,15,246,1113,15,3606,1,0
1192,4038,1,2023-05-08,1,2,135,612,2,3609,1,0
1193,4040,1,2026-06-08,1,1,74,331,1,3611,1,0
1194,4040,1,2026-04-12,1,1,74,331,1,3612,1,0
1195,4041,1,2024-10-06,1,1,25,109,1,3613,1,0
1196,4041,1,2024-08-12,1,1,25,109,1,3614,1,0
1197,4041,1,2024-08-12,1,1,25,109,1,3615,1,0
1198,4044,1,2023-04-03,1,3,144,653,3,3616,1,0
1199,4045,1,2025-07-28,1,1,91,401,1,3617,1,0
1200,4046,1,2025-08-31,1,5,179,812,5,3618,1,0
1201,4046,1,2025-09-15,1,5,179,812,5,3619,1,0
1202,4047,1,2025-12-15,1,1,114,515,1,3620,1,0
1203,4047,1,2026-01-27,1,1,114,515,1,3621,1,0
1204,4047,1,2026-03-15,1,1,114,515,1,3622,1,0
1205,4051,1,2023-10-17,1,1,110,495,1,3625,1,0
1206,4051,1,2023-09-27,1,1,110,495,1,3626,1,0
1207,4052,1,2025-06-08,1,1,87,388,1,3627,1,0
1208,4054,1,2025-09-29,1,3,138,626,3,3629,1,0
1209,4056,1,2023-07-15,1,17,252,1141,17,3630,1,0
1210,4057,1,2025-12-26,1,1,92,406,1,3631,1,0
1211,4057,1,2025-12-17,1,1,92,406,1,3632,1,0
1212,4063,1,2025-12-17,1,1,46,205,1,3637,1,0
1213,4074,1,2026-07-01,1,1,92,405,1,3642,1,0
1214,4074,1,2026-07-13,1,1,92,405,1,3643,1,0
1215,4075,1,2026-01-17,1,17,254,1148,17,3644,1,0
1216,4080,1,2024-11-24,1,8,208,940,8,3652,1,0
1217,4082,1,2025-03-28,1,2,130,590,2,3653,1,0
1218,4084,1,2026-06-06,1,6,189,859,6,3655,1,0
1219,4088,1,2023-10-14,1,1,106,477,1,3657,1,0
1220,4089,1,2026-07-13,1,17,253,1142,17,3658,1,0
1221,4090,1,2023-12-08,1,9,215,970,9,3659,1,0
1222,4093,1,2024-07-11,1,8,202,913,8,3664,1,0
1223,4093,1,2024-05-14,1,8,202,913,8,3665,1,0
1224,4095,1,2025-03-29,1,1,57,257,1,3666,1,0
1225,4100,1,2024-06-11,1,1,8,37,1,3671,1,0
1226,4100,1,2024-06-22,1,1,8,37,1,3672,1,0
1227,4100,1,2024-09-09,1,1,8,37,1,3673,1,0
1228,4113,1,2026-07-13,1,18,258,1164,18,3685,1,0
1229,4113,1,2026-07-13,1,18,258,1164,18,3686,1,0
1230,4116,1,2025-03-31,1,1,70,309,1,3691,1,0
1231,4126,1,2026-01-04,1,7,194,880,7,3694,1,0
1232,4126,1,2025-11-01,1,7,194,880,7,3695,1,0
1233,4126,1,2025-10-08,1,7,194,880,7,3696,1,0
1234,4139,1,2024-09-29,1,9,211,952,9,3703,1,0
1235,4139,1,2024-08-12,1,9,211,952,9,3704,1,0
1236,4144,1,2025-04-23,1,6,190,865,6,3709,1,0
1237,4144,1,2025-03-09,1,6,190,865,6,3710,1,0
1238,4144,1,2025-03-22,1,6,190,865,6,3711,1,0
1239,4152,1,2026-06-26,1,2,125,563,2,3719,1,0
1240,4153,1,2025-12-25,1,13,237,1070,13,3720,1,0
1241,4158,1,2025-08-26,1,22,269,1209,22,3725,1,0
1242,4163,1,2023-05-11,1,5,180,816,5,3730,1,0
1243,4169,1,2025-04-10,1,1,97,432,1,3731,1,0
1244,4169,1,2025-04-06,1,1,97,432,1,3732,1,0
1245,4174,1,2025-02-08,1,2,131,593,2,3734,1,0
1246,4175,1,2024-10-02,1,3,151,685,3,3735,1,0
1247,4176,1,2023-07-10,1,23,273,1225,23,3736,1,0
1248,4176,1,2023-07-22,1,23,273,1225,23,3737,1,0
1249,4184,1,2023-06-03,1,1,111,497,1,3743,1,0
1250,4184,1,2023-06-30,1,1,111,497,1,3744,1,0
1251,4189,1,2024-01-13,1,13,233,1055,13,3748,1,0
1252,4189,1,2023-12-31,1,13,233,1055,13,3749,1,0
1253,4189,1,2024-02-26,1,13,233,1055,13,3750,1,0
1254,4202,1,2023-06-05,1,3,138,624,3,3758,1,0
1255,4204,1,2025-08-06,1,5,170,775,5,3760,1,0
1256,4205,1,2026-06-22,1,1,70,310,1,3761,1,0
1257,4210,1,2026-01-14,1,1,82,362,1,3762,1,0
1258,4211,1,2026-07-13,1,30,294,1317,30,3763,1,0
1259,4216,1,2024-10-29,1,14,241,1089,14,3767,1,0
1260,4217,1,2025-09-09,1,12,229,1038,12,3768,1,0
1261,4217,1,2025-06-12,1,12,229,1038,12,3769,1,0
1262,4218,1,2025-04-07,1,27,286,1283,27,3770,1,0
1263,4230,1,2024-12-09,1,1,48,214,1,3777,1,0
1264,4239,1,2024-03-22,1,5,170,774,5,3781,1,0
1265,4239,1,2024-02-22,1,5,170,774,5,3782,1,0
1266,4239,1,2024-04-11,1,5,170,774,5,3783,1,0
1267,4256,1,2025-08-19,1,1,65,289,1,3794,1,0
1268,4260,1,2026-07-13,1,1,57,256,1,3800,1,0
1269,4264,1,2026-03-28,1,28,288,1292,28,3804,1,0
1270,4266,1,2025-02-12,1,7,199,901,7,3805,1,0
1271,4267,1,2026-01-14,1,1,119,534,1,3806,1,0
1272,4269,1,2025-04-16,1,21,267,1200,21,3807,1,0
1273,4272,1,2026-07-13,1,29,292,1308,29,3808,1,0
1274,4272,1,2026-07-13,1,29,292,1308,29,3809,1,0
1275,4275,1,2025-10-23,1,1,18,81,1,3812,1,0
1276,4275,1,2025-11-02,1,1,18,81,1,3813,1,0
1277,4277,1,2026-06-14,1,1,16,70,1,3814,1,0
1278,4277,1,2026-06-28,1,1,16,70,1,3815,1,0
1279,4280,1,2025-08-22,1,2,125,563,2,3817,1,0
1280,4281,1,2024-11-05,1,1,5,20,1,3818,1,0
1281,4281,1,2024-12-22,1,1,5,20,1,3819,1,0
1282,4281,1,2024-12-09,1,1,5,20,1,3820,1,0
1283,4283,1,2024-06-08,1,18,257,1163,18,3821,1,0
1284,4285,1,2024-11-28,1,17,252,1141,17,3824,1,0
1285,4286,1,2026-07-13,1,1,27,122,1,3825,1,0
1286,4296,1,2026-01-01,1,1,2,6,1,3830,1,0
1287,4297,1,2025-03-08,1,1,86,382,1,3831,1,0
1288,4298,1,2023-10-30,1,1,83,368,1,3833,1,0
1289,4300,1,2023-12-13,1,1,106,477,1,3835,1,0
1290,4310,1,2026-07-13,1,2,127,576,2,3838,1,0
1291,4319,1,2023-06-04,1,1,105,472,1,3845,1,0
1292,4319,1,2023-08-20,1,1,105,472,1,3846,1,0
1293,4320,1,2025-05-30,1,29,291,1302,29,3847,1,0
1294,4322,1,2025-02-06,1,1,65,290,1,3848,1,0
1295,4322,1,2025-01-10,1,1,65,290,1,3849,1,0
1296,4335,1,2024-12-04,1,1,75,333,1,3858,1,0
1297,4346,1,2023-10-30,1,8,205,927,8,3862,1,0
1298,4349,1,2023-09-14,1,10,218,986,10,3864,1,0
1299,4351,1,2024-02-24,1,2,122,547,2,3865,1,0
1300,4353,1,2023-06-26,1,1,96,427,1,3868,1,0
1301,4372,1,2023-10-27,1,2,129,587,2,3882,1,0
1302,4373,1,2026-03-11,1,1,33,146,1,3883,1,0
1303,4375,1,2024-10-31,1,1,19,82,1,3885,1,0
1304,4379,1,2026-07-13,1,6,189,860,6,3890,1,0
1305,4379,1,2026-07-13,1,6,189,860,6,3891,1,0
1306,4380,1,2024-05-27,1,28,288,1290,28,3892,1,0
1307,4380,1,2024-07-10,1,28,288,1290,28,3893,1,0
1308,4387,1,2023-07-21,1,30,293,1310,30,3899,1,0
1309,4400,1,2025-03-27,1,1,52,234,1,3911,1,0
1310,4400,1,2025-04-25,1,1,52,234,1,3912,1,0
1311,4410,1,2023-08-30,1,1,111,499,1,3920,1,0
1312,4418,1,2025-03-23,1,6,188,856,6,3928,1,0
1313,4418,1,2025-04-06,1,6,188,856,6,3929,1,0
1314,4418,1,2025-03-18,1,6,188,856,6,3930,1,0
1315,4429,1,2026-04-23,1,1,16,71,1,3938,1,0
1316,4429,1,2026-06-11,1,1,16,71,1,3939,1,0
1317,4432,1,2024-05-07,1,9,210,948,9,3941,1,0
1318,4439,1,2025-03-29,1,4,163,738,4,3945,1,0
1319,4439,1,2025-03-27,1,4,163,738,4,3946,1,0
1320,4451,1,2025-10-15,1,1,115,517,1,3961,1,0
1321,4452,1,2026-03-03,1,29,292,1308,29,3962,1,0
1322,4453,1,2025-08-19,1,1,42,186,1,3963,1,0
1323,4454,1,2023-12-16,1,1,77,341,1,3964,1,0
1324,4454,1,2023-12-02,1,1,77,341,1,3965,1,0
1325,4456,1,2023-08-19,1,5,173,788,5,3968,1,0
1326,4465,1,2025-03-05,1,18,258,1164,18,3975,1,0
1327,4469,1,2023-10-11,1,3,145,655,3,3978,1,0
1328,4473,1,2023-03-05,1,1,53,242,1,3981,1,0
1329,4476,1,2025-07-12,1,18,257,1163,18,3984,1,0
1330,4489,1,2023-10-17,1,1,40,178,1,4000,1,0
1331,4489,1,2024-01-21,1,1,40,178,1,4001,1,0
1332,4509,1,2024-11-29,1,1,90,397,1,4014,1,0
1333,4510,1,2026-06-16,1,13,237,1072,13,4015,1,0
1334,4512,1,2023-10-17,1,2,130,590,2,4018,1,0
1335,4514,1,2025-03-19,1,10,220,995,10,4020,1,0
1336,4516,1,2023-09-04,1,1,51,233,1,4023,1,0
1337,4530,1,2023-11-12,1,21,268,1206,21,4030,1,0
1338,4530,1,2023-12-07,1,21,268,1206,21,4031,1,0
1339,4533,1,2026-05-11,1,1,66,294,1,4033,1,0
1340,4533,1,2026-06-20,1,1,66,294,1,4034,1,0
1341,4534,1,2023-09-06,1,17,252,1139,17,4035,1,0
1342,4539,1,2026-07-13,1,4,154,699,4,4036,1,0
1343,4543,1,2024-05-13,1,18,256,1158,18,4038,1,0
1344,4548,1,2024-08-08,1,8,209,945,8,4042,1,0
1345,4553,1,2023-08-24,1,7,195,883,7,4045,1,0
1346,4553,1,2023-09-15,1,7,195,883,7,4046,1,0
1347,4587,1,2023-11-22,1,29,290,1299,29,4076,1,0
1348,4592,1,2023-07-12,1,24,277,1246,24,4081,1,0
1349,4599,1,2024-07-13,1,10,217,981,10,4090,1,0
1350,4603,1,2023-05-12,1,1,119,536,1,4092,1,0
1351,4603,1,2023-05-04,1,1,119,536,1,4093,1,0
1352,4603,1,2023-03-16,1,1,119,536,1,4094,1,0
1353,4606,1,2023-11-06,1,1,44,194,1,4095,1,0
1354,4607,1,2024-07-12,1,23,272,1223,23,4096,1,0
1355,4607,1,2024-06-02,1,23,272,1223,23,4097,1,0
1356,4612,1,2025-10-19,1,16,251,1133,16,4101,1,0
1357,4614,1,2024-12-06,1,8,206,932,8,4102,1,0
1358,4614,1,2025-01-24,1,8,206,932,8,4103,1,0
1359,4614,1,2025-02-16,1,8,206,932,8,4104,1,0
1360,4620,1,2023-11-13,1,4,155,701,4,4111,1,0
1361,4623,1,2026-04-01,1,24,275,1232,24,4116,1,0
1362,4627,1,2024-08-29,1,1,86,383,1,4120,1,0
1363,4631,1,2025-10-09,1,1,91,402,1,4123,1,0
1364,4644,1,2025-08-12,1,1,89,396,1,4130,1,0
1365,4645,1,2023-03-27,1,11,226,1022,11,4131,1,0
1366,4647,1,2023-02-02,1,1,40,175,1,4132,1,0
1367,4647,1,2023-01-17,1,1,40,175,1,4133,1,0
1368,4650,1,2023-08-30,1,13,234,1059,13,4137,1,0
1369,4660,1,2023-10-22,1,7,194,879,7,4142,1,0
1370,4661,1,2026-07-09,1,28,288,1290,28,4143,1,0
1371,4667,1,2024-03-20,1,1,61,274,1,4149,1,0
1372,4667,1,2024-02-12,1,1,61,274,1,4150,1,0
1373,4669,1,2025-01-26,1,1,110,494,1,4151,1,0
1374,4682,1,2023-04-13,1,5,175,796,5,4158,1,0
1375,4684,1,2026-01-04,1,19,261,1177,19,4161,1,0
1376,4687,1,2024-12-11,1,7,198,898,7,4163,1,0
1377,4687,1,2025-01-15,1,7,198,898,7,4164,1,0
1378,4692,1,2023-10-20,1,17,252,1136,17,4168,1,0
1379,4692,1,2023-12-21,1,17,252,1136,17,4169,1,1
1380,4694,1,2023-03-18,1,1,58,259,1,4171,1,0
1381,4694,1,2023-03-16,1,1,58,259,1,4172,1,0
1382,4699,1,2024-11-10,1,1,116,522,1,4173,1,0
1383,4703,1,2026-05-13,1,16,250,1130,16,4176,1,0
1384,4706,1,2025-07-27,1,9,210,947,9,4178,1,0
1385,4706,1,2025-07-13,1,9,210,947,9,4179,1,0
1386,4706,1,2025-06-06,1,9,210,947,9,4180,1,0
1387,4712,1,2024-07-16,1,10,216,974,10,4183,1,0
1388,4713,1,2025-07-30,1,6,186,843,6,4184,1,0
1389,4715,1,2025-09-03,1,5,180,817,5,4185,1,0
1390,4718,1,2023-03-04,1,1,81,359,1,4186,1,0
1391,4718,1,2023-03-13,1,1,81,359,1,4187,1,0
1392,4721,1,2025-11-24,1,3,149,674,3,4190,1,0
1393,4721,1,2026-01-02,1,3,149,674,3,4191,1,0
1394,4721,1,2026-02-21,1,3,149,674,3,4192,1,0
1395,4724,1,2025-04-23,1,3,153,694,3,4197,1,0
1396,4725,1,2024-02-01,1,1,5,18,1,4198,1,0
1397,4725,1,2023-11-27,1,1,5,18,1,4199,1,0
1398,4725,1,2023-12-26,1,1,5,18,1,4200,1,0
1399,4731,1,2024-02-19,1,11,226,1021,11,4205,1,0
1400,4733,1,2025-06-24,1,26,283,1274,26,4207,1,0
1401,4733,1,2025-05-30,1,26,283,1274,26,4208,1,0
1402,4737,1,2026-06-21,1,3,136,614,3,4211,1,0
1403,4738,1,2026-07-13,1,28,287,1288,28,4212,1,0
1404,4739,1,2025-09-04,1,2,127,576,2,4213,1,0
1405,4739,1,2025-07-22,1,2,127,576,2,4214,1,0
1406,4741,1,2026-07-09,1,4,155,701,4,4215,1,0
1407,4742,1,2026-05-04,1,1,34,151,1,4216,1,0
1408,4742,1,2026-03-28,1,1,34,151,1,4217,1,1
1409,4744,1,2024-07-24,1,1,27,121,1,4219,1,0
1410,4745,1,2026-06-22,1,7,195,884,7,4220,1,0
1411,4748,1,2026-01-07,1,7,198,898,7,4222,1,0
1412,4748,1,2026-01-27,1,7,198,898,7,4223,1,0
1413,4757,1,2023-11-25,1,2,133,605,2,4227,1,0
1414,4758,1,2025-11-07,1,11,224,1012,11,4228,1,0
1415,4765,1,2026-05-14,1,1,103,461,1,4233,1,0
1416,4765,1,2026-03-31,1,1,103,461,1,4234,1,0
1417,4768,1,2025-08-20,1,6,185,842,6,4237,1,0
1418,4772,1,2026-03-17,1,1,105,471,1,4239,1,0
1419,4772,1,2026-02-13,1,1,105,471,1,4240,1,0
1420,4777,1,2026-05-07,1,1,79,352,1,4245,1,0
1421,4783,1,2025-02-17,1,12,231,1046,12,4252,1,0
1422,4784,1,2023-08-04,1,15,243,1101,15,4253,1,0
1423,4786,1,2023-09-21,1,1,61,271,1,4254,1,0
1424,4808,1,2025-02-02,1,1,17,73,1,4270,1,0
1425,4811,1,2024-08-10,1,10,217,981,10,4271,1,0
1426,4819,1,2024-03-24,1,1,71,312,1,4281,1,0
1427,4819,1,2024-05-29,1,1,71,312,1,4282,1,0
1428,4827,1,2025-05-28,1,11,226,1024,11,4287,1,0
1429,4841,1,2023-04-27,1,1,6,26,1,4299,1,0
1430,4842,1,2024-07-17,1,4,158,716,4,4300,1,0
1431,4847,1,2023-11-22,1,1,119,534,1,4304,1,0
1432,4852,1,2025-09-02,1,1,105,474,1,4307,1,0
1433,4856,1,2024-10-25,1,12,228,1028,12,4309,1,0
1434,4857,1,2024-12-26,1,1,105,471,1,4310,1,0
1435,4857,1,2024-12-21,1,1,105,471,1,4311,1,0
1436,4864,1,2025-08-10,1,8,202,912,8,4317,1,0
1437,4864,1,2025-04-13,1,8,202,912,8,4318,1,0
1438,4870,1,2025-01-25,1,4,154,698,4,4321,1,0
1439,4870,1,2025-01-03,1,4,154,698,4,4322,1,0
1440,4872,1,2023-05-31,1,1,32,140,1,4323,1,0
1441,4873,1,2025-09-06,1,4,160,723,4,4324,1,0
1442,4876,1,2025-12-12,1,1,55,250,1,4325,1,0
1443,4881,1,2024-03-14,1,1,86,382,1,4331,1,0
1444,4881,1,2023-10-07,1,1,86,382,1,4332,1,1
1445,4882,1,2024-11-22,1,3,152,687,3,4333,1,0
1446,4888,1,2025-02-02,1,1,5,22,1,4336,1,0
1447,4888,1,2024-10-08,1,1,5,22,1,4337,1,0
1448,4888,1,2025-03-11,1,1,5,22,1,4338,1,0
1449,4889,1,2024-05-10,1,27,286,1282,27,4339,1,0
1450,4896,1,2024-06-03,1,19,261,1176,19,4345,1,0
1451,4897,1,2025-08-19,1,1,74,332,1,4346,1,0
1452,4906,1,2024-06-26,1,16,248,1121,16,4353,1,0
1453,4906,1,2024-05-09,1,16,248,1121,16,4354,1,0
1454,4908,1,2026-06-12,1,1,36,160,1,4355,1,0
1455,4914,1,2025-05-19,1,1,46,206,1,4360,1,0
1456,4914,1,2025-05-18,1,1,46,206,1,4361,1,0
1457,4917,1,2023-10-12,1,4,155,703,4,4365,1,0
1458,4919,1,2025-03-05,1,3,138,627,3,4367,1,0
1459,4922,1,2023-08-30,1,3,150,679,3,4368,1,0
1460,4925,1,2025-11-14,1,1,58,258,1,4371,1,0
1461,4925,1,2025-10-29,1,1,58,258,1,4372,1,0
1462,4925,1,2025-11-13,1,1,58,258,1,4373,1,0
1463,4928,1,2023-12-22,1,1,92,407,1,4374,1,0
1464,4932,1,2024-11-02,1,6,185,842,6,4376,1,0
1465,4932,1,2024-10-23,1,6,185,842,6,4377,1,0
1466,4934,1,2024-11-28,1,1,36,160,1,4378,1,0
1467,4939,1,2024-02-27,1,1,43,189,1,4382,1,0
1468,4939,1,2024-03-26,1,1,43,189,1,4383,1,0
1469,4944,1,2024-11-07,1,9,211,950,9,4389,1,0
1470,4952,1,2025-11-09,1,23,273,1227,23,4394,1,0
1471,4955,1,2023-12-23,1,1,16,69,1,4397,1,0
1472,4956,1,2024-05-05,1,7,192,871,7,4398,1,0
1473,4961,1,2024-10-09,1,1,5,21,1,4404,1,0
1474,4962,1,2026-02-16,1,3,142,644,3,4406,1,0
1475,4965,1,2023-07-18,1,3,143,649,3,4408,1,0
1476,4965,1,2023-09-16,1,3,143,649,3,4409,1,0
1477,4967,1,2026-02-06,1,1,32,143,1,4410,1,0
1478,4968,1,2024-05-22,1,4,162,733,4,4412,1,0
1479,4968,1,2024-07-18,1,4,162,733,4,4413,1,0
1480,4972,1,2024-01-03,1,1,37,163,1,4418,1,0
1481,4978,1,2024-01-11,1,1,30,135,1,4423,1,0
1482,4984,1,2023-04-21,1,1,27,122,1,4427,1,0
1483,4984,1,2023-05-01,1,1,27,122,1,4428,1,0
1484,4984,1,2023-04-25,1,1,27,122,1,4429,1,0
1485,4986,1,2023-06-03,1,1,8,36,1,4431,1,0
1486,4986,1,2023-05-06,1,1,8,36,1,4432,1,0
1487,4988,1,2025-01-08,1,27,284,1277,27,4433,1,0
1488,4988,1,2025-04-23,1,27,284,1277,27,4434,1,0
1489,4992,1,2026-02-28,1,7,196,889,7,4438,1,0
1490,4992,1,2026-01-05,1,7,196,889,7,4439,1,0
1491,4997,1,2025-08-22,1,3,145,656,3,4443,1,0
1492,4998,1,2025-03-07,1,10,220,993,10,4445,1,0
1493,5010,1,2024-09-11,1,1,110,493,1,4457,1,0
1494,5016,1,2026-07-13,1,1,17,72,1,4461,1,1
1495,5016,1,2026-07-13,1,1,17,72,1,4462,1,0
1496,5019,1,2024-08-25,1,1,32,141,1,4466,1,0
1497,5019,1,2024-07-02,1,1,32,141,1,4467,1,0
1498,5019,1,2024-08-21,1,1,32,141,1,4468,1,0
1499,5020,1,2025-06-26,1,4,156,706,4,4469,1,0
1500,5020,1,2025-04-05,1,4,156,706,4,4470,1,0
1501,5023,1,2025-12-27,1,13,236,1068,13,4472,1,0
1502,5023,1,2025-11-25,1,13,236,1068,13,4473,1,0
1503,5025,1,2023-03-08,1,9,214,965,9,4475,1,0
1504,5025,1,2023-03-20,1,9,214,965,9,4476,1,0
1505,5042,1,2025-07-12,1,1,41,183,1,4485,1,0
1506,5044,1,2024-06-07,1,3,148,671,3,4486,1,0
1507,5044,1,2024-05-29,1,3,148,671,3,4487,1,0
1508,5047,1,2024-02-13,1,23,273,1227,23,4491,1,0
1509,5048,1,2024-10-11,1,25,278,1249,25,4492,1,0
1510,5049,1,2026-02-28,1,13,235,1060,13,4494,1,0
1511,5051,1,2025-03-14,1,1,67,296,1,4495,1,0
1512,5051,1,2025-02-14,1,1,67,296,1,4496,1,0
1513,5053,1,2024-11-12,1,1,87,386,1,4500,1,0
1514,5053,1,2024-07-15,1,1,87,386,1,4501,1,0
1515,5068,1,2023-11-20,1,8,205,928,8,4509,1,0
1516,5075,1,2026-07-08,1,1,96,427,1,4514,1,0
1517,5082,1,2024-11-22,1,9,215,969,9,4521,1,0
1518,5086,1,2026-03-15,1,8,208,940,8,4525,1,0
1519,5086,1,2026-06-08,1,8,208,940,8,4526,1,0
1520,5092,1,2025-07-12,1,12,230,1042,12,4530,1,0
1521,5093,1,2023-11-14,1,4,162,732,4,4531,1,0
1522,5096,1,2024-05-23,1,5,168,764,5,4534,1,0
1523,5120,1,2023-07-17,1,7,193,876,7,4544,1,0
1524,5120,1,2023-07-24,1,7,193,876,7,4545,1,0
1525,5122,1,2024-07-21,1,3,146,663,3,4547,1,0
1526,5126,1,2024-10-10,1,16,248,1121,16,4551,1,0
1527,5127,1,2024-04-12,1,1,9,39,1,4553,1,0
1528,5129,1,2025-04-25,1,3,139,630,3,4557,1,0
1529,5130,1,2023-11-25,1,4,164,741,4,4558,1,0
1530,5133,1,2026-01-27,1,8,205,928,8,4561,1,0
1531,5133,1,2026-02-12,1,8,205,928,8,4562,1,0
1532,5133,1,2026-01-30,1,8,205,928,8,4563,1,0
1533,5138,1,2023-04-07,1,4,162,734,4,4568,1,0
1534,5138,1,2023-04-08,1,4,162,734,4,4569,1,0
1535,5138,1,2023-04-01,1,4,162,734,4,4570,1,1
1536,5145,1,2026-05-06,1,5,171,776,5,4579,1,0
1537,5145,1,2026-06-18,1,5,171,776,5,4580,1,0
1538,5151,1,2025-03-07,1,15,246,1111,15,4583,1,0
1539,5153,1,2025-10-15,1,23,274,1228,23,4584,1,0
1540,5159,1,2026-05-15,1,1,59,261,1,4590,1,0
1541,5175,1,2025-08-12,1,25,278,1247,25,4608,1,0
1542,5175,1,2025-08-15,1,25,278,1247,25,4609,1,0
1543,5175,1,2025-08-10,1,25,278,1247,25,4610,1,0
1544,5182,1,2025-05-26,1,1,3,10,1,4614,1,0
1545,5182,1,2025-06-05,1,1,3,10,1,4615,1,0
1546,5187,1,2024-02-11,1,8,205,925,8,4617,1,0
1547,5188,1,2023-07-24,1,1,78,345,1,4618,1,0
1548,5188,1,2023-07-16,1,1,78,345,1,4619,1,0
1549,5190,1,2025-03-12,1,12,232,1050,12,4621,1,0
1550,5191,1,2024-02-04,1,25,280,1257,25,4622,1,0
1551,5191,1,2024-04-27,1,25,280,1257,25,4623,1,0
1552,5198,1,2024-05-01,1,1,46,203,1,4629,1,0
1553,5198,1,2024-04-03,1,1,46,203,1,4630,1,0
1554,5199,1,2026-07-13,1,4,163,736,4,4631,1,0
1555,5199,1,2026-07-13,1,4,163,736,4,4632,1,0
1556,5205,1,2025-04-06,1,6,185,841,6,4636,1,0
1557,5222,1,2025-04-25,1,7,197,894,7,4644,1,1
1558,5228,1,2023-06-11,1,6,183,828,6,4650,1,0
1559,5228,1,2023-06-24,1,6,183,828,6,4651,1,0
1560,5229,1,2023-10-01,1,1,75,334,1,4652,1,0
1561,5231,1,2024-01-02,1,2,131,595,2,4654,1,0
1562,5242,1,2023-06-27,1,1,80,353,1,4659,1,0
1563,5243,1,2025-05-03,1,1,17,75,1,4660,1,0
1564,5251,1,2024-11-11,1,1,87,387,1,4669,1,0
1565,5267,1,2024-10-28,1,1,17,75,1,4685,1,0
1566,5276,1,2023-01-29,1,1,51,233,1,4690,1,0
1567,5278,1,2025-05-07,1,1,23,101,1,4691,1,0
1568,5278,1,2025-06-20,1,1,23,101,1,4692,1,0
1569,5278,1,2025-07-11,1,1,23,101,1,4693,1,0
1570,5284,1,2025-01-18,1,5,179,813,5,4699,1,0
1571,5314,1,2025-05-22,1,1,5,18,1,4719,1,0
1572,5319,1,2023-08-09,1,8,208,939,8,4724,1,0
1573,5321,1,2026-01-03,1,10,216,972,10,4725,1,0
1574,5330,1,2024-06-08,1,1,113,510,1,4733,1,0
1575,5330,1,2024-07-02,1,1,113,510,1,4734,1,1
1576,5337,1,2026-02-07,1,1,105,472,1,4738,1,0
1577,5337,1,2025-12-20,1,1,105,472,1,4739,1,0
1578,5339,1,2025-06-06,1,1,84,373,1,4740,1,0
1579,5339,1,2025-04-19,1,1,84,373,1,4741,1,0
1580,5348,1,2023-08-01,1,1,73,325,1,4749,1,0
1581,5349,1,2024-11-09,1,7,195,887,7,4751,1,0
1582,5350,1,2024-08-22,1,12,231,1045,12,4753,1,0
1583,5364,1,2025-09-07,1,1,99,442,1,4759,1,0
1584,5364,1,2025-08-07,1,1,99,442,1,4760,1,0
1585,5382,1,2025-03-29,1,5,171,777,5,4775,1,0
1586,5382,1,2025-01-26,1,5,171,777,5,4776,1,0
1587,5384,1,2024-01-20,1,3,145,655,3,4778,1,0
1588,5385,1,2024-06-02,1,9,210,949,9,4779,1,0
1589,5391,1,2024-08-26,1,17,254,1146,17,4786,1,0
1590,5391,1,2024-06-13,1,17,254,1146,17,4787,1,0
1591,5393,1,2024-10-23,1,6,187,850,6,4788,1,0
1592,5393,1,2024-08-15,1,6,187,850,6,4789,1,0
1593,5395,1,2023-09-22,1,10,221,1000,10,4790,1,0
1594,5400,1,2025-10-28,1,1,21,93,1,4793,1,0
1595,5401,1,2026-01-30,1,1,32,143,1,4794,1,0
1596,5404,1,2025-10-23,1,1,38,169,1,4795,1,0
1597,5404,1,2025-10-06,1,1,38,169,1,4796,1,0
1598,5404,1,2025-10-04,1,1,38,169,1,4797,1,0
1599,5405,1,2026-05-19,1,1,39,171,1,4798,1,0
1600,5407,1,2024-04-01,1,3,146,662,3,4799,1,0
1601,5414,1,2024-05-16,1,1,120,541,1,4805,1,0
1602,5415,1,2025-11-30,1,31,296,1325,31,4806,1,0
1603,5415,1,2026-01-03,1,31,296,1325,31,4807,1,0
1604,5417,1,2024-07-28,1,1,32,141,1,4808,1,0
1605,5417,1,2024-10-03,1,1,32,141,1,4810,1,0
1606,5418,1,2024-07-12,1,8,207,937,8,4811,1,0
1607,5439,1,2023-09-01,1,29,291,1302,29,4826,1,0
1608,5439,1,2023-07-02,1,29,291,1302,29,4828,1,0
1609,5442,1,2023-10-10,1,1,33,149,1,4832,1,0
1610,5443,1,2024-11-30,1,1,76,337,1,4833,1,0
1611,5444,1,2026-06-22,1,21,266,1196,21,4834,1,0
1612,5455,1,2023-02-23,1,31,297,1328,31,4837,1,0
1613,5455,1,2023-06-19,1,31,297,1328,31,4839,1,0
1614,5457,1,2023-07-05,1,1,65,291,1,4841,1,0
1615,5457,1,2023-06-07,1,1,65,291,1,4842,1,0
1616,5466,1,2024-01-12,1,1,32,143,1,4848,1,0
1617,5473,1,2024-01-14,1,4,156,709,4,4853,1,0
1618,5473,1,2024-01-13,1,4,156,709,4,4854,1,0
1619,5474,1,2024-11-11,1,4,167,757,4,4855,1,0
1620,5475,1,2026-05-30,1,3,136,615,3,4856,1,0
1621,5475,1,2026-05-28,1,3,136,615,3,4857,1,0
1622,5482,1,2023-05-31,1,5,171,780,5,4862,1,0
1623,5485,1,2023-06-15,1,9,213,959,9,4864,1,0
1624,5492,1,2024-12-29,1,16,250,1130,16,4872,1,0
1625,5493,1,2023-05-09,1,1,28,123,1,4873,1,0
1626,5495,1,2023-03-21,1,14,242,1092,14,4874,1,0
1627,5501,1,2023-07-31,1,25,279,1252,25,4878,1,0
1628,5517,1,2026-02-16,1,4,165,746,4,4891,1,0
1629,5518,1,2026-02-07,1,1,14,62,1,4892,1,0
1630,5520,1,2025-03-04,1,17,255,1151,17,4893,1,0
1631,5520,1,2025-03-13,1,17,255,1151,17,4894,1,0
1632,5522,1,2023-06-29,1,1,75,335,1,4895,1,0
1633,5522,1,2023-07-08,1,1,75,335,1,4896,1,0
1634,5522,1,2023-07-03,1,1,75,335,1,4897,1,0
1635,5525,1,2023-04-28,1,1,77,339,1,4904,1,0
1636,5536,1,2025-09-06,1,1,81,358,1,4914,1,0
1637,5536,1,2025-06-26,1,1,81,358,1,4916,1,0
1638,5538,1,2024-02-29,1,1,19,84,1,4917,1,0
1639,5540,1,2023-11-21,1,1,23,101,1,4920,1,0
1640,5545,1,2025-01-31,1,1,8,36,1,4927,1,0
1641,5545,1,2025-03-11,1,1,8,36,1,4928,1,0
1642,5552,1,2024-11-14,1,1,51,232,1,4933,1,0
1643,5553,1,2026-07-04,1,28,288,1291,28,4934,1,0
1644,5561,1,2023-06-17,1,16,251,1135,16,4938,1,0
1645,5566,1,2025-03-18,1,2,132,601,2,4941,1,0
1646,5566,1,2025-06-03,1,2,132,601,2,4942,1,0
1647,5567,1,2024-11-12,1,1,35,158,1,4943,1,0
1648,5567,1,2025-02-03,1,1,35,158,1,4944,1,0
1649,5569,1,2023-05-01,1,1,74,328,1,4947,1,0
1650,5575,1,2024-12-17,1,23,273,1224,23,4948,1,0
1651,5575,1,2024-09-17,1,23,273,1224,23,4949,1,0
1652,5575,1,2024-10-01,1,23,273,1224,23,4950,1,0
1653,5595,1,2025-07-04,1,28,288,1292,28,4960,1,0
1654,5595,1,2025-10-01,1,28,288,1292,28,4961,1,0
1655,5595,1,2025-11-09,1,28,288,1292,28,4962,1,0
1656,5601,1,2025-01-21,1,1,106,475,1,4964,1,0
1657,5601,1,2024-12-10,1,1,106,475,1,4965,1,0
1658,5604,1,2023-10-27,1,6,188,856,6,4969,1,0
1659,5607,1,2024-08-01,1,16,249,1124,16,4972,1,0
1660,5622,1,2023-11-08,1,17,255,1152,17,4988,1,0
1661,5623,1,2026-07-13,1,1,25,111,1,4989,1,0
1662,5627,1,2025-12-31,1,29,291,1302,29,4992,1,0
1663,5635,1,2024-11-09,1,4,164,740,4,4994,1,0
1664,5638,1,2026-06-02,1,20,265,1193,20,4996,1,0
1665,5639,1,2025-04-16,1,1,90,399,1,4997,1,0
1666,5639,1,2025-09-19,1,1,90,399,1,4998,1,0
1667,5639,1,2025-04-15,1,1,90,399,1,4999,1,0
1668,5640,1,2025-09-21,1,1,92,405,1,5000,1,0
1669,5642,1,2023-09-25,1,7,191,870,7,5001,1,0
1670,5642,1,2023-09-08,1,7,191,870,7,5002,1,0
1671,5645,1,2023-12-04,1,20,265,1190,20,5004,1,0
1672,5664,1,2023-12-30,1,7,199,901,7,5019,1,0
1673,5666,1,2026-04-16,1,1,28,124,1,5020,1,0
1674,5666,1,2026-04-04,1,1,28,124,1,5021,1,0
1675,5670,1,2026-04-09,1,17,253,1144,17,5023,1,0
1676,5680,1,2023-10-16,1,1,110,493,1,5032,1,0
1677,5681,1,2024-09-20,1,8,207,935,8,5033,1,0
1678,5686,1,2023-06-09,1,7,195,885,7,5035,1,0
1679,5686,1,2023-07-01,1,7,195,885,7,5036,1,0
1680,5689,1,2023-09-01,1,1,89,393,1,5039,1,0
1681,5689,1,2023-09-19,1,1,89,393,1,5040,1,0
1682,5689,1,2023-08-30,1,1,89,393,1,5041,1,0
1683,5691,1,2026-02-01,1,24,275,1232,24,5042,1,0
1684,5691,1,2026-02-26,1,24,275,1232,24,5043,1,0
1685,5691,1,2026-02-02,1,24,275,1232,24,5044,1,0
1686,5697,1,2024-04-13,1,9,211,950,9,5047,1,0
1687,5701,1,2023-12-13,1,5,181,820,5,5049,1,0
1688,5705,1,2024-06-05,1,1,26,115,1,5052,1,0
1689,5705,1,2024-05-07,1,1,26,115,1,5053,1,0
1690,5706,1,2026-02-28,1,16,251,1134,16,5054,1,0
1691,5706,1,2026-01-16,1,16,251,1134,16,5055,1,0
1692,5708,1,2024-11-06,1,17,253,1144,17,5056,1,0
1693,5708,1,2024-11-17,1,17,253,1144,17,5057,1,0
1694,5718,1,2026-06-22,1,1,72,321,1,5065,1,0
1695,5718,1,2026-06-08,1,1,72,321,1,5066,1,0
1696,5720,1,2024-11-21,1,1,10,47,1,5069,1,0
1697,5727,1,2025-01-02,1,1,2,5,1,5078,1,0
1698,5727,1,2025-04-30,1,1,2,5,1,5079,1,0
1699,5730,1,2023-12-13,1,1,116,521,1,5082,1,0
1700,5730,1,2023-12-08,1,1,116,521,1,5083,1,0
1701,5730,1,2023-12-15,1,1,116,521,1,5084,1,0
1702,5731,1,2023-03-18,1,1,26,113,1,5085,1,0
1703,5731,1,2023-03-25,1,1,26,113,1,5086,1,0
1704,5731,1,2023-05-21,1,1,26,113,1,5087,1,0
1705,5742,1,2023-11-05,1,1,22,95,1,5092,1,0
1706,5751,1,2026-01-24,1,1,90,397,1,5100,1,0
1707,5751,1,2026-01-13,1,1,90,397,1,5101,1,0
1708,5753,1,2024-01-20,1,5,170,773,5,5102,1,0
1709,5758,1,2026-07-13,1,1,19,84,1,5107,1,0
1710,5770,1,2026-07-13,1,1,93,411,1,5116,1,0
1711,5770,1,2026-07-13,1,1,93,411,1,5117,1,0
1712,5771,1,2023-07-19,1,4,164,740,4,5119,1,1
1713,5776,1,2023-02-28,1,28,287,1287,28,5121,1,0
1714,5776,1,2023-04-05,1,28,287,1287,28,5122,1,0
1715,5781,1,2024-11-12,1,1,28,123,1,5126,1,0
1716,5782,1,2025-10-01,1,6,188,854,6,5127,1,0
1717,5784,1,2025-04-10,1,1,22,95,1,5129,1,0
1718,5784,1,2025-07-18,1,1,22,95,1,5130,1,0
1719,5786,1,2024-02-23,1,31,297,1330,31,5132,1,0
1720,5786,1,2024-03-13,1,31,297,1330,31,5133,1,0
1721,5786,1,2024-02-19,1,31,297,1330,31,5134,1,0
1722,5787,1,2025-11-15,1,12,232,1049,12,5136,1,0
1723,5789,1,2024-07-22,1,8,205,927,8,5137,1,0
1724,5789,1,2024-08-07,1,8,205,927,8,5138,1,0
1725,5794,1,2025-09-17,1,9,212,957,9,5142,1,0
1726,5799,1,2024-09-01,1,15,245,1107,15,5146,1,0
1727,5802,1,2024-06-19,1,3,150,677,3,5148,1,0
1728,5805,1,2023-06-22,1,6,188,856,6,5150,1,0
1729,5805,1,2023-05-24,1,6,188,856,6,5151,1,0
1730,5805,1,2023-06-12,1,6,188,856,6,5152,1,0
1731,5806,1,2025-07-08,1,2,131,594,2,5153,1,0
1732,5818,1,2026-07-08,1,12,228,1029,12,5161,1,0
1733,5824,1,2024-12-27,1,12,228,1029,12,5164,1,0
1734,5825,1,2026-07-13,1,11,227,1026,11,5165,1,0
1735,5826,1,2024-11-17,1,1,94,416,1,5166,1,0
1736,5827,1,2025-05-04,1,1,114,514,1,5167,1,0
1737,5834,1,2023-07-24,1,1,84,373,1,5176,1,0
1738,5834,1,2023-07-25,1,1,84,373,1,5177,1,0
1739,5840,1,2026-02-03,1,1,10,46,1,5181,1,0
1740,5842,1,2025-08-21,1,25,280,1255,25,5182,1,0
1741,5842,1,2025-07-05,1,25,280,1255,25,5183,1,0
1742,5842,1,2025-07-10,1,25,280,1255,25,5184,1,0
1743,5844,1,2024-08-24,1,1,90,398,1,5185,1,0
1744,5847,1,2023-12-19,1,1,62,275,1,5188,1,0
1745,5850,1,2023-07-03,1,8,204,922,8,5189,1,0
1746,5865,1,2025-10-31,1,13,234,1056,13,5203,1,0
1747,5868,1,2025-07-27,1,10,216,971,10,5204,1,0
1748,5868,1,2025-05-31,1,10,216,971,10,5205,1,0
1749,5869,1,2023-11-06,1,16,249,1126,16,5207,1,0
1750,5870,1,2025-02-04,1,5,174,792,5,5208,1,0
1751,5871,1,2025-06-05,1,1,96,427,1,5209,1,0
1752,5891,1,2026-01-31,1,11,226,1021,11,5217,1,0
1753,5891,1,2025-11-21,1,11,226,1021,11,5218,1,0
1754,5894,1,2023-08-11,1,8,206,931,8,5221,1,0
1755,5895,1,2023-09-02,1,23,272,1222,23,5222,1,0
1756,5896,1,2024-06-30,1,1,21,92,1,5223,1,0
1757,5896,1,2024-07-26,1,1,21,92,1,5224,1,0
1758,5898,1,2024-09-02,1,8,209,942,8,5225,1,0
1759,5899,1,2024-12-22,1,10,220,997,10,5226,1,0
1760,5902,1,2024-01-01,1,1,52,234,1,5228,1,0
1761,5906,1,2026-03-11,1,3,143,651,3,5232,1,0
1762,5911,1,2024-09-10,1,28,288,1291,28,5234,1,0
1763,5915,1,2026-05-12,1,22,269,1207,22,5239,1,0
1764,5916,1,2023-07-30,1,5,179,809,5,5240,1,0
1765,5916,1,2023-08-03,1,5,179,809,5,5241,1,0
1766,5928,1,2023-11-07,1,1,118,531,1,5252,1,0
1767,5936,1,2024-01-11,1,1,36,159,1,5257,1,0
1768,5936,1,2023-12-06,1,1,36,159,1,5258,1,0
1769,5939,1,2025-04-13,1,2,134,606,2,5264,1,0
1770,5941,1,2024-03-12,1,13,233,1054,13,5266,1,0
1771,5941,1,2024-02-09,1,13,233,1054,13,5267,1,0
1772,5943,1,2025-10-05,1,1,80,354,1,5268,1,0
1773,5945,1,2026-07-13,1,30,293,1309,30,5272,1,0
1774,5948,1,2024-04-03,1,31,296,1324,31,5274,1,0
1775,5948,1,2024-02-06,1,31,296,1324,31,5275,1,0
1776,5949,1,2023-11-13,1,17,255,1153,17,5276,1,0
1777,5951,1,2023-03-10,1,24,277,1245,24,5279,1,0
1778,5958,1,2025-03-28,1,8,204,924,8,5281,1,0
1779,5960,1,2023-06-30,1,1,25,108,1,5282,1,0
1780,5960,1,2023-08-01,1,1,25,108,1,5283,1,0
1781,5962,1,2025-09-21,1,30,293,1311,30,5285,1,0
1782,5973,1,2024-12-01,1,1,21,93,1,5294,1,0
1783,5981,1,2026-01-20,1,3,143,649,3,5301,1,0
1784,5999,1,2026-04-15,1,1,116,523,1,5311,1,0
1785,6001,1,2025-07-12,1,29,292,1308,29,5312,1,0
1786,6002,1,2026-03-01,1,3,153,693,3,5314,1,0
1787,6011,1,2024-12-28,1,1,37,165,1,5325,1,1
1788,6014,1,2026-07-13,1,1,7,32,1,5330,1,0
1789,6014,1,2026-07-13,1,1,7,32,1,5331,1,0
1790,6016,1,2025-10-31,1,1,93,413,1,5332,1,0
1791,6019,1,2025-05-23,1,1,56,252,1,5334,1,0
1792,6019,1,2025-06-03,1,1,56,252,1,5335,1,0
1793,6019,1,2025-04-30,1,1,56,252,1,5336,1,0
1794,6020,1,2025-10-23,1,9,210,949,9,5337,1,0
1795,6023,1,2025-01-06,1,15,243,1099,15,5340,1,0
1796,6024,1,2025-10-08,1,1,51,233,1,5341,1,0
1797,6029,1,2024-11-11,1,11,225,1020,11,5344,1,0
1798,6030,1,2025-11-01,1,1,36,161,1,5345,1,0
1799,6030,1,2025-08-21,1,1,36,161,1,5346,1,0
1800,6031,1,2023-09-08,1,1,36,161,1,5347,1,0
1801,6031,1,2023-09-09,1,1,36,161,1,5348,1,0
1802,6033,1,2024-04-23,1,1,48,213,1,5350,1,0
1803,6046,1,2024-11-22,1,1,17,75,1,5360,1,0
1804,6046,1,2024-10-22,1,1,17,75,1,5361,1,0
1805,6058,1,2026-05-24,1,10,218,983,10,5366,1,0
1806,6069,1,2025-09-25,1,2,121,544,2,5376,1,0
1807,6074,1,2023-08-21,1,29,292,1308,29,5379,1,0
1808,6074,1,2023-09-03,1,29,292,1308,29,5380,1,0
1809,6080,1,2026-05-02,1,4,161,727,4,5384,1,0
1810,6085,1,2024-11-25,1,1,23,99,1,5393,1,0
1811,6085,1,2025-04-25,1,1,23,99,1,5394,1,0
1812,6088,1,2026-05-22,1,1,77,341,1,5396,1,0
1813,6092,1,2025-06-29,1,9,211,950,9,5401,1,0
1814,6100,1,2026-07-13,1,31,298,1332,31,5410,1,0
1815,6101,1,2023-06-01,1,20,263,1185,20,5411,1,0
1816,6110,1,2024-12-30,1,29,292,1306,29,5416,1,0
1817,6124,1,2026-03-09,1,1,89,393,1,5425,1,0
1818,6125,1,2026-07-13,1,1,51,233,1,5426,1,0
1819,6130,1,2025-01-01,1,1,56,254,1,5432,1,0
1820,6130,1,2024-12-31,1,1,56,254,1,5433,1,0
1821,6133,1,2026-02-10,1,3,143,651,3,5435,1,0
1822,6147,1,2023-10-28,1,3,146,662,3,5445,1,0
1823,6151,1,2023-03-05,1,4,162,732,4,5448,1,0
1824,6160,1,2023-09-13,1,4,155,704,4,5458,1,0
1825,6160,1,2023-12-02,1,4,155,704,4,5459,1,0
1826,6161,1,2026-07-13,1,3,142,648,3,5460,1,0
1827,6169,1,2026-05-28,1,27,285,1279,27,5465,1,0
1828,6170,1,2025-01-03,1,11,222,1003,11,5466,1,0
1829,6170,1,2025-02-07,1,11,222,1003,11,5468,1,0
1830,6174,1,2026-02-12,1,2,135,610,2,5472,1,0
1831,6174,1,2025-08-17,1,2,135,610,2,5473,1,0
1832,6176,1,2026-01-20,1,1,88,390,1,5474,1,0
1833,6177,1,2025-07-24,1,21,266,1197,21,5475,1,0
1834,6177,1,2025-09-09,1,21,266,1197,21,5476,1,0
1835,6178,1,2025-12-29,1,1,73,325,1,5477,1,0
1836,6180,1,2023-09-24,1,23,272,1222,23,5480,1,0
1837,6183,1,2024-01-05,1,15,246,1111,15,5484,1,0
1838,6194,1,2026-04-27,1,12,231,1045,12,5490,1,0
1839,6194,1,2025-12-04,1,12,231,1045,12,5491,1,0
1840,6196,1,2025-03-14,1,14,242,1095,14,5492,1,0
1841,6197,1,2025-12-28,1,1,61,274,1,5493,1,0
1842,6202,1,2024-09-11,1,4,162,733,4,5496,1,0
1843,6204,1,2023-12-05,1,1,60,264,1,5498,1,0
1844,6205,1,2025-08-11,1,1,109,491,1,5499,1,0
1845,6205,1,2025-10-22,1,1,109,491,1,5500,1,0
1846,6206,1,2023-07-04,1,2,130,591,2,5501,1,0
1847,6219,1,2024-08-22,1,28,289,1294,28,5510,1,0
1848,6220,1,2026-06-20,1,1,56,252,1,5511,1,0
1849,6221,1,2024-10-08,1,6,189,861,6,5512,1,0
1850,6225,1,2023-07-03,1,11,223,1008,11,5516,1,0
1851,6227,1,2025-08-04,1,8,204,922,8,5518,1,0
1852,6236,1,2024-06-25,1,1,25,110,1,5526,1,0
1853,6236,1,2024-07-04,1,1,25,110,1,5527,1,0
1854,6236,1,2024-07-29,1,1,25,110,1,5528,1,0
1855,6237,1,2024-10-03,1,1,22,97,1,5529,1,0
1856,6242,1,2025-05-31,1,1,99,444,1,5531,1,0
1857,6246,1,2025-03-04,1,14,242,1095,14,5535,1,0
1858,6251,1,2023-12-28,1,1,42,186,1,5540,1,0
1859,6252,1,2023-07-19,1,4,162,732,4,5541,1,0
1860,6252,1,2023-06-03,1,4,162,732,4,5542,1,0
1861,6254,1,2024-11-18,1,11,225,1020,11,5543,1,0
1862,6255,1,2023-07-12,1,1,5,19,1,5544,1,0
1863,6255,1,2023-08-25,1,1,5,19,1,5545,1,0
1864,6258,1,2025-01-11,1,29,292,1307,29,5549,1,0
1865,6258,1,2025-01-05,1,29,292,1307,29,5550,1,0
1866,6263,1,2023-06-13,1,1,66,295,1,5553,1,0
1867,6263,1,2023-05-23,1,1,66,295,1,5554,1,0
1868,6263,1,2023-06-05,1,1,66,295,1,5555,1,0
1869,6266,1,2026-07-13,1,23,272,1221,23,5559,1,0
1870,6280,1,2026-05-21,1,1,38,169,1,5564,1,0
1871,6280,1,2026-07-13,1,1,38,169,1,5565,1,0
1872,6285,1,2026-01-06,1,1,95,417,1,5569,1,0
1873,6290,1,2026-07-13,1,21,266,1196,21,5574,1,0
1874,6294,1,2023-11-17,1,21,266,1196,21,5576,1,0
1875,6295,1,2026-05-07,1,1,48,213,1,5578,1,0
1876,6303,1,2024-04-20,1,1,95,417,1,5583,1,0
1877,6303,1,2024-01-08,1,1,95,417,1,5584,1,0
1878,6304,1,2023-10-19,1,1,45,202,1,5585,1,0
1879,6315,1,2025-09-02,1,1,44,194,1,5590,1,0
1880,6317,1,2026-05-10,1,14,240,1086,14,5591,1,0
1881,6318,1,2023-08-09,1,1,30,133,1,5592,1,0
1882,6325,1,2024-06-09,1,1,22,95,1,5594,1,0
1883,6325,1,2024-04-16,1,1,22,95,1,5595,1,0
1884,6326,1,2024-07-19,1,1,105,470,1,5596,1,0
1885,6333,1,2025-03-12,1,4,159,719,4,5600,1,0
1886,6336,1,2025-11-18,1,1,60,265,1,5603,1,0
1887,6336,1,2025-11-24,1,1,60,265,1,5604,1,0
1888,6337,1,2024-05-11,1,1,67,297,1,5605,1,0
1889,6337,1,2024-06-30,1,1,67,297,1,5607,1,0
1890,6340,1,2024-01-20,1,1,86,380,1,5610,1,0
1891,6341,1,2026-04-09,1,4,161,730,4,5611,1,0
1892,6341,1,2026-04-21,1,4,161,730,4,5612,1,0
1893,6345,1,2025-05-20,1,1,78,343,1,5613,1,0
1894,6352,1,2026-04-15,1,4,157,714,4,5618,1,0
1895,6352,1,2026-05-06,1,4,157,714,4,5619,1,0
1896,6352,1,2026-05-04,1,4,157,714,4,5620,1,0
1897,6359,1,2024-01-06,1,1,106,477,1,5626,1,0
1898,6359,1,2023-12-31,1,1,106,477,1,5627,1,0
1899,6360,1,2026-06-07,1,1,46,206,1,5629,1,0
1900,6360,1,2026-03-30,1,1,46,206,1,5630,1,0
1901,6364,1,2026-02-19,1,1,56,253,1,5633,1,0
1902,6365,1,2024-12-04,1,3,146,659,3,5634,1,0
1903,6365,1,2024-12-11,1,3,146,659,3,5635,1,0
1904,6378,1,2024-10-22,1,4,167,757,4,5643,1,0
1905,6379,1,2023-11-26,1,1,34,151,1,5644,1,0
1906,6379,1,2023-12-31,1,1,34,151,1,5645,1,0
1907,6381,1,2023-11-02,1,1,5,19,1,5647,1,0
1908,6383,1,2026-04-11,1,1,99,445,1,5648,1,0
1909,6383,1,2026-03-08,1,1,99,445,1,5649,1,0
1910,6384,1,2023-11-16,1,1,25,108,1,5650,1,0
1911,6384,1,2023-11-25,1,1,25,108,1,5651,1,0
1912,6385,1,2025-07-25,1,14,241,1088,14,5652,1,0
1913,6395,1,2025-01-28,1,3,147,669,3,5662,1,0
1914,6397,1,2026-07-07,1,1,81,360,1,5663,1,0
1915,6402,1,2026-04-16,1,17,254,1149,17,5666,1,0
1916,6405,1,2026-03-09,1,1,19,84,1,5671,1,0
1917,6406,1,2025-03-19,1,11,227,1025,11,5672,1,0
1918,6411,1,2026-01-07,1,1,71,312,1,5676,1,0
1919,6420,1,2023-09-06,1,10,221,999,10,5679,1,0
1920,6422,1,2023-06-08,1,1,73,324,1,5680,1,0
1921,6422,1,2023-06-20,1,1,73,324,1,5682,1,0
1922,6423,1,2024-06-17,1,9,213,959,9,5684,1,0
1923,6426,1,2026-01-25,1,4,165,747,4,5686,1,0
1924,6431,1,2023-12-03,1,5,173,786,5,5691,1,0
1925,6436,1,2024-07-07,1,11,227,1027,11,5698,1,0
1926,6436,1,2024-08-11,1,11,227,1027,11,5699,1,0
1927,6436,1,2024-03-15,1,11,227,1027,11,5700,1,0
1928,6445,1,2023-07-21,1,1,77,339,1,5711,1,0
1929,6448,1,2023-12-31,1,15,247,1114,15,5715,1,0
1930,6449,1,2023-05-26,1,2,135,611,2,5716,1,0
1931,6458,1,2025-02-19,1,3,142,645,3,5725,1,0
1932,6458,1,2024-12-30,1,3,142,645,3,5726,1,0
1933,6461,1,2024-09-10,1,7,192,873,7,5727,1,0
1934,6462,1,2026-01-26,1,2,134,608,2,5728,1,0
1935,6465,1,2023-12-19,1,2,134,606,2,5729,1,0
1936,6467,1,2025-02-20,1,23,273,1227,23,5730,1,0
1937,6471,1,2024-11-04,1,13,237,1073,13,5733,1,0
1938,6473,1,2025-12-24,1,27,285,1279,27,5734,1,0
1939,6478,1,2026-07-01,1,1,120,542,1,5739,1,0
1940,6480,1,2023-09-23,1,4,158,716,4,5740,1,0
1941,6485,1,2023-07-20,1,29,292,1306,29,5744,1,0
1942,6486,1,2024-01-28,1,1,63,281,1,5746,1,0
1943,6486,1,2024-02-20,1,1,63,281,1,5747,1,0
1944,6487,1,2023-09-02,1,15,245,1110,15,5748,1,0
1945,6488,1,2024-11-22,1,24,277,1241,24,5750,1,0
1946,6491,1,2023-09-11,1,3,152,691,3,5752,1,0
1947,6491,1,2023-09-02,1,3,152,691,3,5753,1,0
1948,6494,1,2025-06-19,1,1,118,532,1,5756,1,0
1949,6497,1,2024-10-07,1,16,248,1120,16,5757,1,0
1950,6497,1,2024-09-01,1,16,248,1120,16,5758,1,0
1951,6497,1,2024-08-01,1,16,248,1120,16,5759,1,0
1952,6499,1,2025-02-16,1,1,115,516,1,5762,1,0
1953,6512,1,2024-12-31,1,1,3,10,1,5773,1,0
1954,6521,1,2025-08-26,1,24,277,1245,24,5782,1,0
1955,6524,1,2026-07-13,1,6,188,856,6,5784,1,0
1956,6525,1,2024-05-15,1,1,36,162,1,5785,1,0
1957,6527,1,2025-02-09,1,10,217,978,10,5787,1,0
1958,6529,1,2024-02-18,1,1,15,68,1,5790,1,0
1959,6533,1,2024-07-10,1,1,5,18,1,5794,1,0
1960,6533,1,2024-12-04,1,1,5,18,1,5795,1,0
1961,6534,1,2024-12-24,1,1,65,289,1,5796,1,0
1962,6536,1,2024-11-09,1,1,98,439,1,5798,1,0
1963,6537,1,2025-03-07,1,10,218,987,10,5799,1,0
1964,6543,1,2025-01-12,1,1,72,320,1,5802,1,0
1965,6546,1,2024-10-19,1,1,86,385,1,5807,1,0
1966,6546,1,2024-11-01,1,1,86,385,1,5808,1,0
1967,6548,1,2026-04-23,1,7,193,875,7,5810,1,0
1968,6548,1,2026-07-13,1,7,193,875,7,5811,1,0
1969,6551,1,2024-09-24,1,25,280,1259,25,5813,1,0
1970,6554,1,2025-02-16,1,1,99,440,1,5814,1,0
1971,6565,1,2025-02-12,1,4,157,714,4,5825,1,0
1972,6565,1,2025-03-24,1,4,157,714,4,5826,1,0
1973,6569,1,2023-06-24,1,1,16,71,1,5828,1,0
1974,6570,1,2024-01-11,1,1,73,325,1,5829,1,0
1975,6570,1,2024-01-26,1,1,73,325,1,5830,1,0
1976,6588,1,2024-01-18,1,1,44,194,1,5851,1,0
1977,6590,1,2023-08-09,1,1,33,145,1,5852,1,0
1978,6590,1,2023-10-07,1,1,33,145,1,5853,1,0
1979,6591,1,2026-05-17,1,29,292,1305,29,5854,1,0
1980,6591,1,2026-07-10,1,29,292,1305,29,5855,1,0
1981,6593,1,2025-05-22,1,5,174,791,5,5857,1,0
1982,6594,1,2025-01-12,1,30,293,1311,30,5858,1,0
1983,6595,1,2026-04-07,1,1,35,155,1,5859,1,0
1984,6598,1,2026-07-13,1,1,31,138,1,5863,1,0
1985,6607,1,2024-12-27,1,11,225,1019,11,5870,1,0
1986,6607,1,2024-12-01,1,11,225,1019,11,5871,1,0
1987,6614,1,2025-02-10,1,1,72,322,1,5875,1,0
1988,6626,1,2023-12-28,1,7,191,868,7,5889,1,0
1989,6626,1,2023-12-29,1,7,191,868,7,5891,1,0
1990,6628,1,2024-12-27,1,7,193,876,7,5892,1,0
1991,6630,1,2023-09-04,1,13,234,1056,13,5894,1,0
1992,6632,1,2026-04-19,1,11,227,1027,11,5897,1,0
1993,6632,1,2026-01-09,1,11,227,1027,11,5898,1,0
1994,6640,1,2023-06-10,1,30,295,1321,30,5903,1,0
1995,6644,1,2026-06-02,1,17,253,1144,17,5906,1,0
1996,6649,1,2025-04-29,1,5,171,780,5,5911,1,0
1997,6655,1,2025-08-22,1,8,204,924,8,5913,1,0
1998,6655,1,2025-09-17,1,8,204,924,8,5914,1,0
1999,6656,1,2026-02-12,1,12,231,1044,12,5915,1,0
2000,6663,1,2024-09-20,1,3,143,651,3,5920,1,0
2001,6671,1,2023-11-24,1,1,18,77,1,5927,1,0
2002,6673,1,2026-05-17,1,3,151,685,3,5930,1,0
2003,6674,1,2025-01-16,1,8,209,943,8,5931,1,0
2004,6674,1,2025-02-02,1,8,209,943,8,5932,1,0
2005,6674,1,2024-12-28,1,8,209,943,8,5933,1,0
2006,6676,1,2024-09-06,1,19,260,1175,19,5935,1,0
2007,6688,1,2023-07-13,1,9,212,956,9,5942,1,0
2008,6690,1,2024-10-25,1,6,185,841,6,5943,1,0
2009,6690,1,2025-04-15,1,6,185,841,6,5944,1,0
2010,6700,1,2023-06-10,1,23,273,1224,23,5950,1,0
2011,6703,1,2025-07-08,1,2,128,582,2,5952,1,0
2012,6704,1,2024-12-24,1,10,221,1000,10,5953,1,0
2013,6706,1,2024-07-20,1,1,78,343,1,5956,1,0
2014,6706,1,2024-07-16,1,1,78,343,1,5958,1,0
2015,6711,1,2024-09-19,1,10,219,992,10,5959,1,0
2016,6716,1,2025-02-24,1,5,168,761,5,5964,1,0
2017,6717,1,2024-05-03,1,1,22,94,1,5965,1,0
2018,6717,1,2024-02-03,1,1,22,94,1,5966,1,0
2019,6721,1,2023-05-20,1,1,83,367,1,5970,1,0
2020,6721,1,2023-10-27,1,1,83,367,1,5971,1,0
2021,6729,1,2024-08-16,1,5,174,790,5,5978,1,0
2022,6735,1,2025-06-13,1,1,35,157,1,5984,1,0
2023,6741,1,2026-04-02,1,1,61,274,1,5987,1,0
2024,6748,1,2023-10-23,1,8,208,939,8,5989,1,0
2025,6748,1,2023-09-02,1,8,208,939,8,5990,1,0
2026,6751,1,2025-08-21,1,1,53,240,1,5994,1,0
2027,6755,1,2023-08-11,1,11,226,1022,11,5999,1,0
2028,6764,1,2024-12-28,1,11,227,1025,11,6003,1,0
2029,6780,1,2023-04-25,1,1,84,371,1,6017,1,0
2030,6786,1,2024-08-17,1,1,27,121,1,6021,1,0
2031,6788,1,2024-11-22,1,13,234,1059,13,6022,1,0
2032,6788,1,2025-03-20,1,13,234,1059,13,6023,1,0
2033,6797,1,2025-05-20,1,2,126,572,2,6024,1,0
2034,6801,1,2026-01-12,1,1,10,48,1,6026,1,0
2035,6801,1,2026-02-05,1,1,10,48,1,6027,1,1
2036,6808,1,2024-10-14,1,2,125,567,2,6034,1,0
2037,6812,1,2025-11-27,1,8,206,933,8,6037,1,0
2038,6815,1,2024-04-17,1,1,8,38,1,6040,1,0
2039,6816,1,2025-07-14,1,26,282,1269,26,6041,1,0
2040,6818,1,2024-06-22,1,20,265,1193,20,6042,1,0
2041,6819,1,2024-04-12,1,9,212,956,9,6043,1,0
2042,6819,1,2024-03-06,1,9,212,956,9,6044,1,0
2043,6820,1,2025-03-13,1,23,272,1222,23,6045,1,0
2044,6831,1,2023-08-26,1,1,115,516,1,6054,1,0
2045,6834,1,2026-07-13,1,1,44,192,1,6056,1,0
2046,6835,1,2023-02-23,1,10,220,995,10,6057,1,0
2047,6846,1,2025-04-21,1,1,28,125,1,6065,1,0
2048,6850,1,2023-09-15,1,1,67,297,1,6066,1,0
2049,6850,1,2023-08-15,1,1,67,297,1,6067,1,0
2050,6856,1,2026-07-13,1,1,64,287,1,6072,1,0
2051,6857,1,2026-07-13,1,1,81,360,1,6073,1,0
2052,6875,1,2025-07-28,1,1,13,58,1,6084,1,0
2053,6875,1,2025-08-13,1,1,13,58,1,6085,1,0
2054,6876,1,2023-12-24,1,3,141,641,3,6086,1,0
2055,6879,1,2024-06-12,1,18,257,1163,18,6087,1,0
2056,6879,1,2024-05-31,1,18,257,1163,18,6088,1,0
2057,6884,1,2026-07-13,1,27,284,1275,27,6091,1,0
2058,6884,1,2026-07-13,1,27,284,1275,27,6092,1,0
2059,6884,1,2026-07-13,1,27,284,1275,27,6093,1,0
2060,6894,1,2023-09-24,1,5,177,804,5,6100,1,0
2061,6894,1,2023-10-04,1,5,177,804,5,6101,1,0
2062,6895,1,2024-12-29,1,1,42,186,1,6102,1,0
2063,6896,1,2024-12-08,1,1,25,109,1,6103,1,0
2064,6896,1,2025-03-14,1,1,25,109,1,6104,1,0
2065,6898,1,2023-01-24,1,15,246,1113,15,6107,1,0
2066,6898,1,2023-01-22,1,15,246,1113,15,6108,1,0
2067,6899,1,2025-11-14,1,18,259,1168,18,6109,1,0
2068,6901,1,2026-06-05,1,9,213,961,9,6110,1,0
2069,6904,1,2024-11-22,1,1,64,288,1,6111,1,0
2070,6907,1,2024-04-13,1,5,174,793,5,6115,1,0
2071,6907,1,2024-04-03,1,5,174,793,5,6116,1,0
2072,6911,1,2026-07-13,1,15,246,1111,15,6118,1,0
2073,6916,1,2026-04-19,1,7,198,896,7,6120,1,0
2074,6918,1,2024-06-05,1,2,123,556,2,6121,1,0
2075,6919,1,2026-03-05,1,23,272,1222,23,6122,1,0
2076,6920,1,2023-07-01,1,6,182,826,6,6123,1,0
2077,6929,1,2024-07-22,1,1,59,261,1,6129,1,0
2078,6931,1,2024-05-05,1,1,91,404,1,6130,1,0
2079,6933,1,2026-05-09,1,2,127,576,2,6132,1,0
2080,6933,1,2026-07-11,1,2,127,576,2,6133,1,0
2081,6937,1,2025-02-06,1,15,245,1107,15,6137,1,0
2082,6937,1,2024-12-02,1,15,245,1107,15,6138,1,0
2083,6940,1,2025-12-16,1,20,265,1190,20,6140,1,0
2084,6940,1,2026-04-14,1,20,265,1190,20,6141,1,0
2085,6943,1,2024-11-18,1,31,296,1326,31,6143,1,0
2086,6943,1,2025-02-26,1,31,296,1326,31,6144,1,0
2087,6943,1,2024-11-18,1,31,296,1326,31,6145,1,0
2088,6944,1,2024-01-20,1,19,260,1173,19,6146,1,0
2089,6946,1,2024-05-24,1,25,279,1253,25,6149,1,0
2090,6951,1,2023-06-13,1,6,190,866,6,6152,1,0
2091,6951,1,2023-07-28,1,6,190,866,6,6153,1,0
2092,6951,1,2023-08-05,1,6,190,866,6,6154,1,0
2093,6957,1,2025-03-12,1,1,21,92,1,6160,1,0
2094,6958,1,2023-10-25,1,24,277,1242,24,6161,1,0
2095,6958,1,2023-10-18,1,24,277,1242,24,6162,1,0
2096,6959,1,2024-12-30,1,1,107,481,1,6163,1,0
2097,6959,1,2024-12-26,1,1,107,481,1,6164,1,0
2098,6963,1,2025-09-05,1,12,231,1046,12,6168,1,0
2099,6963,1,2025-09-07,1,12,231,1046,12,6169,1,0
2100,6968,1,2026-07-13,1,2,134,606,2,6172,1,0
2101,6968,1,2026-06-29,1,2,134,606,2,6173,1,0
2102,6970,1,2023-08-01,1,2,121,543,2,6174,1,0
2103,6973,1,2026-06-09,1,1,87,387,1,6177,1,0
2104,6973,1,2026-07-13,1,1,87,387,1,6178,1,0
2105,6982,1,2025-04-17,1,3,141,639,3,6187,1,0
2106,6982,1,2025-04-07,1,3,141,639,3,6188,1,0
2107,6982,1,2025-06-23,1,3,141,639,3,6189,1,0
2108,6983,1,2025-01-11,1,8,204,924,8,6190,1,0
2109,6993,1,2025-03-16,1,2,128,581,2,6201,1,0
2110,6993,1,2025-02-17,1,2,128,581,2,6202,1,0
2111,6993,1,2025-01-30,1,2,128,581,2,6203,1,0
2112,7000,1,2026-01-25,1,1,69,304,1,6212,1,0
2113,7002,1,2026-01-19,1,1,89,394,1,6213,1,0
2114,7007,1,2026-06-16,1,28,288,1291,28,6220,1,0
2115,7012,1,2025-07-12,1,3,139,631,3,6223,1,0
2116,7015,1,2025-04-13,1,3,153,696,3,6226,1,0
2117,7015,1,2025-02-21,1,3,153,696,3,6227,1,0
2118,7024,1,2026-06-08,1,19,261,1178,19,6233,1,0
2119,7047,1,2023-05-20,1,1,55,248,1,6255,1,0
2120,7053,1,2025-02-13,1,1,84,373,1,6257,1,0
2121,7062,1,2024-08-28,1,28,288,1289,28,6259,1,0
2122,7062,1,2024-08-02,1,28,288,1289,28,6260,1,0
2123,7063,1,2025-12-04,1,1,18,78,1,6261,1,0
2124,7063,1,2026-01-19,1,1,18,78,1,6262,1,0
2125,7063,1,2026-01-15,1,1,18,78,1,6263,1,0
2126,7064,1,2024-01-31,1,7,194,878,7,6264,1,0
2127,7074,1,2025-09-16,1,1,119,535,1,6272,1,0
2128,7079,1,2023-02-09,1,16,250,1129,16,6274,1,0
2129,7080,1,2026-03-07,1,9,215,969,9,6275,1,0
2130,7084,1,2025-08-16,1,3,147,664,3,6276,1,0
2131,7086,1,2026-04-26,1,1,103,459,1,6277,1,0
2132,7093,1,2024-05-14,1,9,215,969,9,6285,1,0
2133,7099,1,2026-07-13,1,1,3,12,1,6290,1,0
2134,7108,1,2024-09-14,1,1,40,179,1,6302,1,0
2135,7108,1,2024-08-29,1,1,40,179,1,6303,1,1
2136,7112,1,2023-08-26,1,3,151,682,3,6306,1,0
2137,7127,1,2024-06-26,1,4,167,759,4,6316,1,0
2138,7137,1,2024-10-02,1,1,81,357,1,6331,1,0
2139,7140,1,2023-07-08,1,1,44,197,1,6334,1,0
2140,7142,1,2025-09-09,1,1,75,334,1,6335,1,0
2141,7142,1,2025-09-29,1,1,75,334,1,6336,1,0
2142,7164,1,2023-10-24,1,8,207,937,8,6357,1,0
2143,7167,1,2023-07-19,1,11,222,1005,11,6358,1,0
2144,7167,1,2023-07-25,1,11,222,1005,11,6359,1,0
2145,7168,1,2025-10-20,1,1,9,39,1,6360,1,0
2146,7173,1,2026-02-20,1,27,284,1275,27,6363,1,0
2147,7177,1,2023-01-27,1,7,196,889,7,6368,1,0
2148,7189,1,2026-02-07,1,13,236,1064,13,6382,1,0
2149,7191,1,2023-04-07,1,3,136,618,3,6385,1,0
2150,7191,1,2023-01-30,1,3,136,618,3,6386,1,0
2151,7194,1,2023-11-18,1,5,179,813,5,6388,1,0
2152,7197,1,2024-06-11,1,10,219,989,10,6392,1,0
2153,7197,1,2024-07-04,1,10,219,989,10,6393,1,0
2154,7197,1,2024-07-06,1,10,219,989,10,6394,1,0
2155,7205,1,2026-07-05,1,1,52,235,1,6398,1,0
2156,7214,1,2026-02-26,1,10,221,1000,10,6407,1,0
2157,7216,1,2026-07-13,1,14,238,1076,14,6409,1,0
2158,7216,1,2026-06-21,1,14,238,1076,14,6410,1,0
2159,7222,1,2026-05-25,1,1,72,322,1,6417,1,0
2160,7242,1,2023-09-23,1,1,73,325,1,6430,1,1
2161,7243,1,2026-01-14,1,1,103,459,1,6431,1,0
2162,7249,1,2024-09-03,1,13,236,1067,13,6435,1,0
2163,7257,1,2024-04-01,1,23,272,1222,23,6440,1,0
2164,7257,1,2024-05-12,1,23,272,1222,23,6441,1,0
2165,7258,1,2026-04-09,1,1,7,32,1,6442,1,0
2166,7258,1,2026-04-02,1,1,7,32,1,6443,1,0
2167,7267,1,2024-08-25,1,5,179,809,5,6449,1,0
2168,7269,1,2024-05-29,1,1,71,313,1,6451,1,0
2169,7269,1,2024-03-08,1,1,71,313,1,6452,1,0
2170,7270,1,2025-10-10,1,1,4,17,1,6453,1,0
2171,7271,1,2023-04-10,1,1,89,393,1,6454,1,0
2172,7271,1,2023-05-05,1,1,89,393,1,6455,1,0
2173,7271,1,2023-02-12,1,1,89,393,1,6456,1,0
2174,7275,1,2023-11-11,1,15,243,1101,15,6458,1,0
2175,7277,1,2024-03-08,1,1,30,135,1,6460,1,0
2176,7277,1,2024-05-03,1,1,30,135,1,6461,1,0
2177,7277,1,2024-08-02,1,1,30,135,1,6462,1,0
2178,7280,1,2023-09-30,1,1,10,47,1,6467,1,0
2179,7290,1,2023-12-25,1,4,166,749,4,6476,1,0
2180,7301,1,2024-01-22,1,5,177,803,5,6485,1,0
2181,7304,1,2025-02-17,1,1,15,67,1,6486,1,0
2182,7305,1,2024-11-16,1,10,218,985,10,6487,1,0
2183,7305,1,2024-11-21,1,10,218,985,10,6488,1,0
2184,7308,1,2023-11-26,1,17,253,1144,17,6489,1,0
2185,7311,1,2025-10-31,1,15,243,1098,15,6493,1,0
2186,7313,1,2024-10-02,1,1,78,342,1,6494,1,0
2187,7314,1,2024-07-03,1,1,113,509,1,6495,1,0
2188,7316,1,2023-03-17,1,1,77,340,1,6496,1,0
2189,7316,1,2023-06-29,1,1,77,340,1,6497,1,0
2190,7318,1,2026-06-11,1,1,67,298,1,6498,1,0
2191,7320,1,2025-04-08,1,1,111,496,1,6499,1,0
2192,7339,1,2023-10-20,1,14,241,1090,14,6514,1,0
2193,7339,1,2023-11-23,1,14,241,1090,14,6515,1,0
2194,7340,1,2024-08-02,1,8,206,933,8,6516,1,0
2195,7341,1,2025-09-21,1,1,52,236,1,6517,1,0
2196,7351,1,2026-03-27,1,1,35,156,1,6523,1,0
2197,7357,1,2023-02-23,1,1,40,179,1,6527,1,0
2198,7368,1,2024-01-09,1,4,155,701,4,6534,1,0
2199,7368,1,2024-01-01,1,4,155,701,4,6535,1,0
2200,7370,1,2024-03-08,1,10,218,987,10,6536,1,0
2201,7377,1,2026-07-13,1,2,129,587,2,6541,1,0
2202,7384,1,2025-11-23,1,4,157,712,4,6548,1,0
2203,7387,1,2024-09-14,1,4,166,749,4,6550,1,0
2204,7389,1,2025-02-25,1,1,42,185,1,6551,1,0
2205,7390,1,2023-08-03,1,1,77,340,1,6552,1,0
2206,7400,1,2026-07-13,1,1,45,199,1,6560,1,0
2207,7402,1,2023-12-01,1,1,111,500,1,6562,1,0
2208,7415,1,2024-09-03,1,1,6,27,1,6575,1,0
2209,7415,1,2024-09-23,1,1,6,27,1,6576,1,0
2210,7418,1,2025-01-12,1,7,201,907,7,6577,1,0
2211,7419,1,2025-01-10,1,11,222,1006,11,6578,1,0
2212,7421,1,2024-08-02,1,23,274,1230,23,6582,1,0
2213,7432,1,2023-09-02,1,10,221,999,10,6592,1,0
2214,7438,1,2025-02-03,1,1,85,378,1,6596,1,0
2215,7438,1,2024-10-01,1,1,85,378,1,6597,1,0
2216,7438,1,2024-10-14,1,1,85,378,1,6598,1,0
2217,7439,1,2026-06-15,1,31,298,1335,31,6599,1,0
2218,7440,1,2025-08-30,1,3,151,682,3,6601,1,0
2219,7444,1,2024-03-16,1,1,78,344,1,6605,1,0
2220,7444,1,2024-04-26,1,1,78,344,1,6606,1,0
2221,7446,1,2025-11-13,1,1,103,459,1,6608,1,0
2222,7448,1,2026-02-19,1,3,139,630,3,6610,1,0
2223,7448,1,2026-01-12,1,3,139,630,3,6611,1,0
2224,7461,1,2025-01-29,1,1,104,464,1,6620,1,0
2225,7463,1,2024-03-19,1,1,100,449,1,6621,1,0
2226,7467,1,2024-10-10,1,2,124,558,2,6622,1,0
2227,7471,1,2023-12-29,1,3,148,670,3,6626,1,0
2228,7478,1,2026-07-13,1,1,91,404,1,6630,1,0
2229,7482,1,2025-07-24,1,1,67,298,1,6634,1,0
2230,7482,1,2025-09-27,1,1,67,298,1,6635,1,0
2231,7488,1,2026-01-19,1,15,246,1113,15,6637,1,0
2232,7501,1,2025-09-17,1,17,255,1151,17,6646,1,0
2233,7503,1,2025-10-07,1,2,130,588,2,6649,1,0
2234,7503,1,2025-08-16,1,2,130,588,2,6650,1,0
2235,7504,1,2025-12-24,1,8,205,929,8,6651,1,0
2236,7507,1,2026-01-06,1,1,92,406,1,6653,1,0
2237,7524,1,2024-08-25,1,1,109,492,1,6669,1,0
2238,7527,1,2023-10-27,1,10,218,986,10,6670,1,0
2239,7528,1,2025-02-06,1,1,35,156,1,6672,1,0
2240,7528,1,2025-03-07,1,1,35,156,1,6673,1,0
2241,7541,1,2024-01-23,1,1,22,94,1,6686,1,0
2242,7541,1,2024-01-27,1,1,22,94,1,6687,1,0
2243,7546,1,2025-03-11,1,7,199,900,7,6690,1,0
2244,7546,1,2025-03-12,1,7,199,900,7,6691,1,0
2245,7552,1,2023-05-22,1,1,89,394,1,6694,1,0
2246,7553,1,2023-12-19,1,11,222,1002,11,6695,1,0
2247,7554,1,2024-06-02,1,6,187,850,6,6696,1,0
2248,7556,1,2026-05-31,1,1,82,362,1,6697,1,0
2249,7562,1,2026-01-05,1,1,110,494,1,6704,1,0
2250,7565,1,2024-02-03,1,2,127,577,2,6705,1,0
2251,7566,1,2025-08-31,1,1,111,500,1,6706,1,0
2252,7566,1,2025-06-09,1,1,111,500,1,6707,1,0
2253,7566,1,2025-08-13,1,1,111,500,1,6708,1,0
2254,7568,1,2023-05-16,1,1,118,531,1,6711,1,0
2255,7570,1,2024-01-27,1,1,116,521,1,6713,1,0
2256,7573,1,2024-07-31,1,22,270,1212,22,6716,1,0
2257,7573,1,2024-07-16,1,22,270,1212,22,6717,1,0
2258,7577,1,2026-06-28,1,5,176,801,5,6719,1,0
2259,7578,1,2025-01-22,1,3,142,643,3,6721,1,0
2260,7587,1,2025-03-04,1,17,254,1146,17,6733,1,0
2261,7594,1,2026-04-09,1,1,99,443,1,6740,1,0
2262,7604,1,2024-03-20,1,4,162,733,4,6746,1,0
2263,7604,1,2024-04-26,1,4,162,733,4,6747,1,0
2264,7610,1,2026-05-13,1,1,16,71,1,6750,1,0
2265,7613,1,2025-06-24,1,7,195,884,7,6752,1,0
2266,7618,1,2024-03-27,1,3,140,633,3,6756,1,0
2267,7633,1,2025-09-12,1,26,282,1265,26,6764,1,0
2268,7646,1,2024-02-23,1,4,157,713,4,6772,1,0
2269,7648,1,2024-06-09,1,1,50,228,1,6773,1,0
2270,7648,1,2024-10-02,1,1,50,228,1,6774,1,0
2271,7650,1,2023-11-27,1,30,293,1311,30,6776,1,0
2272,7652,1,2024-06-16,1,6,186,847,6,6777,1,0
2273,7661,1,2026-02-06,1,1,41,181,1,6783,1,0
2274,7661,1,2026-02-11,1,1,41,181,1,6784,1,0
2275,7661,1,2026-05-31,1,1,41,181,1,6785,1,0
2276,7664,1,2024-09-26,1,6,189,859,6,6787,1,0
2277,7664,1,2024-12-15,1,6,189,859,6,6788,1,0
2278,7664,1,2025-01-28,1,6,189,859,6,6789,1,0
2279,7672,1,2026-05-19,1,1,77,341,1,6793,1,0
2280,7676,1,2023-02-04,1,14,241,1089,14,6795,1,0
2281,7682,1,2024-08-23,1,8,203,921,8,6804,1,0
2282,7684,1,2025-09-28,1,4,156,706,4,6806,1,0
2283,7685,1,2023-04-26,1,1,96,428,1,6807,1,0
2284,7690,1,2023-09-03,1,11,223,1008,11,6813,1,0
2285,7690,1,2023-08-10,1,11,223,1008,11,6814,1,0
2286,7690,1,2023-05-07,1,11,223,1008,11,6815,1,0
2287,7697,1,2025-05-03,1,6,189,858,6,6820,1,0
2288,7697,1,2025-05-20,1,6,189,858,6,6821,1,0
2289,7700,1,2024-11-03,1,5,170,770,5,6825,1,0
2290,7700,1,2024-11-17,1,5,170,770,5,6826,1,0
2291,7716,1,2025-12-06,1,4,154,697,4,6833,1,0
2292,7716,1,2025-12-27,1,4,154,697,4,6834,1,0
2293,7719,1,2023-12-29,1,3,143,651,3,6835,1,0
2294,7726,1,2025-10-27,1,1,25,110,1,6840,1,0
2295,7726,1,2025-12-28,1,1,25,110,1,6841,1,0
2296,7730,1,2023-11-26,1,30,293,1312,30,6845,1,0
2297,7736,1,2024-03-19,1,6,189,859,6,6850,1,0
2298,7739,1,2023-07-09,1,17,254,1146,17,6853,1,0
2299,7749,1,2026-03-17,1,1,50,228,1,6865,1,0
2300,7750,1,2026-05-20,1,20,265,1191,20,6866,1,0
2301,7754,1,2023-07-02,1,1,47,211,1,6868,1,0
2302,7754,1,2023-08-01,1,1,47,211,1,6869,1,0
2303,7754,1,2023-05-28,1,1,47,211,1,6870,1,0
2304,7759,1,2023-04-30,1,4,163,738,4,6876,1,0
2305,7760,1,2026-05-14,1,1,98,439,1,6877,1,0
2306,7763,1,2024-03-11,1,1,4,15,1,6879,1,0
2307,7765,1,2024-11-11,1,1,98,436,1,6880,1,0
2308,7768,1,2026-02-09,1,1,51,231,1,6884,1,0
2309,7770,1,2026-06-30,1,1,20,86,1,6885,1,0
2310,7772,1,2025-03-28,1,1,11,51,1,6888,1,0
2311,7772,1,2025-04-13,1,1,11,51,1,6889,1,0
2312,7772,1,2025-03-23,1,1,11,51,1,6890,1,0
2313,7774,1,2025-09-11,1,3,152,689,3,6892,1,0
2314,7774,1,2025-12-20,1,3,152,689,3,6893,1,0
2315,7787,1,2026-03-16,1,1,64,288,1,6900,1,0
2316,7803,1,2024-04-13,1,16,250,1129,16,6914,1,0
2317,7811,1,2025-04-28,1,2,123,554,2,6917,1,0
2318,7831,1,2023-05-02,1,1,34,150,1,6930,1,0
2319,7831,1,2023-06-05,1,1,34,150,1,6931,1,0
2320,7835,1,2026-01-06,1,1,93,409,1,6934,1,0
2321,7836,1,2025-11-07,1,16,248,1120,16,6935,1,0
2322,7837,1,2024-11-29,1,1,39,172,1,6937,1,0
2323,7844,1,2024-07-05,1,14,241,1090,14,6940,1,0
2324,7844,1,2024-11-23,1,14,241,1090,14,6941,1,0
2325,7847,1,2023-05-26,1,4,156,706,4,6943,1,0
2326,7847,1,2023-05-28,1,4,156,706,4,6944,1,0
2327,7850,1,2023-07-18,1,1,47,209,1,6950,1,0
2328,7856,1,2026-07-13,1,14,242,1095,14,6955,1,0
2329,7856,1,2026-07-13,1,14,242,1095,14,6956,1,0
2330,7868,1,2026-07-13,1,1,108,483,1,6970,1,0
2331,7876,1,2026-05-18,1,6,182,827,6,6978,1,0
2332,7876,1,2026-04-18,1,6,182,827,6,6979,1,0
2333,7878,1,2024-12-12,1,5,174,794,5,6981,1,0
2334,7896,1,2024-04-22,1,2,123,555,2,7002,1,0
2335,7900,1,2023-07-12,1,6,186,843,6,7006,1,0
2336,7900,1,2023-07-29,1,6,186,843,6,7007,1,0
2337,7900,1,2023-11-04,1,6,186,843,6,7008,1,0
2338,7909,1,2025-03-08,1,1,55,248,1,7012,1,0
2339,7911,1,2024-07-21,1,1,119,535,1,7014,1,0
2340,7932,1,2025-01-04,1,4,155,705,4,7030,1,0
2341,7932,1,2025-01-03,1,4,155,705,4,7031,1,0
2342,7933,1,2023-08-10,1,27,284,1275,27,7032,1,0
2343,7942,1,2026-05-17,1,2,133,604,2,7044,1,0
2344,7946,1,2023-10-14,1,6,190,865,6,7046,1,0
2345,7946,1,2023-10-05,1,6,190,865,6,7047,1,0
2346,7955,1,2025-09-30,1,1,20,90,1,7052,1,0
2347,7955,1,2025-09-23,1,1,20,90,1,7053,1,0
2348,7956,1,2023-07-16,1,1,71,315,1,7054,1,0
2349,7958,1,2025-03-30,1,1,16,70,1,7057,1,0
2350,7960,1,2025-01-03,1,1,98,435,1,7061,1,0
2351,7960,1,2024-10-27,1,1,98,435,1,7062,1,0
2352,7967,1,2025-07-31,1,1,50,228,1,7066,1,0
2353,7969,1,2024-08-03,1,1,67,298,1,7067,1,0
2354,7975,1,2026-07-13,1,1,26,114,1,7069,1,0
2355,7975,1,2026-07-13,1,1,26,114,1,7070,1,0
2356,7982,1,2024-05-05,1,25,279,1251,25,7078,1,0
2357,7983,1,2026-03-26,1,7,192,874,7,7080,1,0
2358,7999,1,2026-07-13,1,1,11,51,1,7096,1,0
2359,8001,1,2026-03-11,1,1,109,492,1,7098,1,0
2360,8001,1,2026-03-06,1,1,109,492,1,7099,1,0
2361,8001,1,2026-02-08,1,1,109,492,1,7100,1,0
2362,8008,1,2025-06-10,1,1,57,257,1,7105,1,0
2363,8018,1,2023-05-19,1,7,195,887,7,7113,1,0
2364,8024,1,2026-01-30,1,1,2,4,1,7121,1,0
2365,8024,1,2025-12-15,1,1,2,4,1,7122,1,0
2366,8029,1,2024-01-24,1,1,90,397,1,7126,1,0
2367,8031,1,2026-01-06,1,14,238,1077,14,7128,1,0
2368,8032,1,2026-06-17,1,1,83,366,1,7129,1,0
2369,8037,1,2025-08-05,1,10,216,974,10,7133,1,0
2370,8038,1,2023-11-17,1,2,124,558,2,7134,1,0
2371,8038,1,2024-01-14,1,2,124,558,2,7135,1,0
2372,8038,1,2024-02-27,1,2,124,558,2,7136,1,0
2373,8042,1,2026-07-13,1,31,296,1324,31,7142,1,0
2374,8042,1,2026-07-13,1,31,296,1324,31,7143,1,0
2375,8046,1,2025-05-27,1,1,104,467,1,7144,1,0
2376,8052,1,2026-07-13,1,26,283,1270,26,7145,1,0
2377,8052,1,2026-04-17,1,26,283,1270,26,7146,1,0
2378,8054,1,2023-02-19,1,19,260,1173,19,7149,1,0
2379,8057,1,2023-12-12,1,1,55,248,1,7151,1,0
2380,8057,1,2024-01-30,1,1,55,248,1,7152,1,0
2381,8063,1,2024-02-18,1,29,292,1307,29,7154,1,0
2382,8063,1,2024-02-16,1,29,292,1307,29,7155,1,0
2383,8071,1,2024-02-22,1,17,253,1144,17,7158,1,0
2384,8072,1,2023-08-29,1,31,298,1334,31,7159,1,0
2385,8072,1,2023-07-07,1,31,298,1334,31,7160,1,0
2386,8080,1,2023-10-16,1,28,287,1286,28,7164,1,0
2387,8080,1,2023-05-22,1,28,287,1286,28,7165,1,0
2388,8080,1,2023-08-25,1,28,287,1286,28,7166,1,0
2389,8089,1,2023-04-14,1,15,245,1108,15,7170,1,0
2390,8092,1,2024-12-16,1,1,53,241,1,7173,1,0
2391,8096,1,2024-01-22,1,1,23,99,1,7175,1,0
2392,8101,1,2026-06-14,1,1,18,77,1,7178,1,0
2393,8104,1,2024-05-29,1,6,190,862,6,7180,1,0
2394,8105,1,2023-11-01,1,11,225,1018,11,7181,1,0
2395,8110,1,2025-06-04,1,1,83,367,1,7184,1,0
2396,8111,1,2026-07-13,1,3,137,622,3,7185,1,0
2397,8115,1,2025-08-20,1,21,268,1205,21,7187,1,0
2398,8115,1,2025-11-08,1,21,268,1205,21,7188,1,0
2399,8119,1,2023-09-21,1,1,26,114,1,7191,1,0
2400,8123,1,2025-04-27,1,12,228,1030,12,7192,1,0
2401,8130,1,2025-11-28,1,20,263,1185,20,7195,1,0
2402,8133,1,2024-04-18,1,7,201,907,7,7199,1,0
2403,8138,1,2025-11-06,1,3,137,620,3,7201,1,0
2404,8138,1,2025-11-19,1,3,137,620,3,7202,1,0
2405,8142,1,2026-04-20,1,23,272,1221,23,7206,1,0
2406,8146,1,2025-10-23,1,5,172,784,5,7210,1,0
2407,8152,1,2026-05-01,1,6,186,848,6,7220,1,1
2408,8157,1,2025-08-31,1,2,135,609,2,7222,1,0
2409,8161,1,2024-04-26,1,3,151,686,3,7225,1,0
2410,8165,1,2025-12-20,1,3,144,654,3,7230,1,0
2411,8168,1,2025-12-14,1,1,55,248,1,7233,1,0
2412,8168,1,2025-10-28,1,1,55,248,1,7234,1,0
2413,8174,1,2026-05-27,1,5,173,789,5,7241,1,0
2414,8175,1,2026-03-25,1,30,294,1315,30,7243,1,0
2415,8176,1,2024-07-21,1,1,3,12,1,7244,1,0
2416,8192,1,2026-02-23,1,1,99,445,1,7258,1,0
2417,8192,1,2025-10-14,1,1,99,445,1,7259,1,0
2418,8210,1,2025-08-16,1,2,132,598,2,7268,1,0
2419,8222,1,2026-04-11,1,14,239,1079,14,7273,1,0
2420,8226,1,2025-05-02,1,1,85,377,1,7276,1,0
2421,8235,1,2024-02-28,1,14,242,1091,14,7282,1,0
2422,8238,1,2025-11-24,1,1,51,232,1,7283,1,0
2423,8242,1,2024-05-26,1,1,102,457,1,7286,1,0
2424,8242,1,2024-07-18,1,1,102,457,1,7287,1,0
2425,8244,1,2024-06-07,1,1,114,514,1,7290,1,0
2426,8244,1,2024-08-09,1,1,114,514,1,7291,1,0
2427,8251,1,2025-07-24,1,17,254,1149,17,7297,1,0
2428,8252,1,2023-03-06,1,15,244,1104,15,7298,1,0
2429,8255,1,2023-07-07,1,1,61,273,1,7301,1,0
2430,8255,1,2023-07-07,1,1,61,273,1,7302,1,0
2431,8256,1,2024-10-30,1,1,117,527,1,7303,1,0
2432,8264,1,2023-08-25,1,2,132,598,2,7309,1,0
2433,8264,1,2023-07-30,1,2,132,598,2,7310,1,0
2434,8270,1,2025-03-21,1,1,103,461,1,7312,1,0
2435,8270,1,2025-05-28,1,1,103,461,1,7313,1,0
2436,8271,1,2024-03-21,1,30,293,1313,30,7314,1,0
2437,8276,1,2026-01-30,1,1,116,523,1,7317,1,0
2438,8276,1,2026-01-27,1,1,116,523,1,7318,1,0
2439,8277,1,2024-01-20,1,11,224,1014,11,7319,1,0
2440,8278,1,2024-02-14,1,2,121,543,2,7320,1,0
2441,8281,1,2023-05-21,1,8,208,941,8,7321,1,0
2442,8281,1,2023-05-16,1,8,208,941,8,7322,1,0
2443,8289,1,2026-04-25,1,1,102,456,1,7325,1,0
2444,8291,1,2025-02-14,1,1,88,391,1,7327,1,0
2445,8293,1,2023-06-05,1,4,162,732,4,7328,1,0
2446,8294,1,2023-02-15,1,1,95,421,1,7329,1,0
2447,8294,1,2023-02-12,1,1,95,421,1,7330,1,0
2448,8297,1,2023-10-29,1,3,148,670,3,7334,1,0
2449,8297,1,2023-11-19,1,3,148,670,3,7335,1,0
2450,8301,1,2026-02-04,1,1,119,536,1,7337,1,0
2451,8315,1,2024-06-09,1,6,183,829,6,7352,1,0
2452,8315,1,2024-03-17,1,6,183,829,6,7353,1,0
2453,8319,1,2026-03-05,1,11,222,1005,11,7358,1,0
2454,8319,1,2026-03-31,1,11,222,1005,11,7359,1,0
2455,8331,1,2025-03-24,1,21,268,1204,21,7371,1,0
2456,8331,1,2024-12-18,1,21,268,1204,21,7372,1,0
2457,8336,1,2025-09-04,1,10,217,982,10,7377,1,0
2458,8342,1,2025-03-18,1,14,238,1075,14,7386,1,0
2459,8348,1,2026-05-31,1,1,71,315,1,7389,1,0
2460,8375,1,2025-11-17,1,1,109,487,1,7406,1,0
2461,8375,1,2025-11-17,1,1,109,487,1,7407,1,0
2462,8375,1,2025-11-03,1,1,109,487,1,7408,1,0
2463,8379,1,2023-09-01,1,28,289,1297,28,7412,1,0
2464,8385,1,2023-09-09,1,3,138,624,3,7417,1,0
2465,8385,1,2023-09-11,1,3,138,624,3,7418,1,0
2466,8389,1,2026-01-17,1,4,164,741,4,7420,1,0
2467,8391,1,2024-11-22,1,1,99,443,1,7421,1,0
2468,8391,1,2024-11-15,1,1,99,443,1,7422,1,0
2469,8393,1,2025-05-16,1,13,233,1053,13,7424,1,0
2470,8402,1,2024-07-14,1,12,231,1044,12,7429,1,0
2471,8406,1,2026-04-22,1,1,80,353,1,7435,1,0
2472,8406,1,2026-05-18,1,1,80,353,1,7436,1,0
2473,8408,1,2025-09-23,1,1,17,74,1,7438,1,0
2474,8409,1,2023-04-01,1,1,79,348,1,7440,1,0
2475,8413,1,2023-06-29,1,1,104,469,1,7445,1,0
2476,8417,1,2024-02-14,1,1,13,59,1,7449,1,0
2477,8417,1,2024-02-11,1,1,13,59,1,7450,1,0
2478,8417,1,2024-02-17,1,1,13,59,1,7451,1,0
2479,8418,1,2025-08-17,1,15,243,1097,15,7452,1,0
2480,8418,1,2025-08-03,1,15,243,1097,15,7453,1,0
2481,8421,1,2025-05-02,1,2,121,545,2,7456,1,1
2482,8424,1,2024-05-19,1,17,252,1141,17,7459,1,0
2483,8424,1,2024-04-03,1,17,252,1141,17,7460,1,0
2484,8424,1,2024-03-21,1,17,252,1141,17,7461,1,0
2485,8426,1,2025-03-09,1,1,13,56,1,7462,1,0
2486,8426,1,2025-06-07,1,1,13,56,1,7463,1,0
2487,8437,1,2023-07-07,1,1,101,453,1,7472,1,0
2488,8437,1,2023-08-21,1,1,101,453,1,7473,1,0
2489,8437,1,2023-07-16,1,1,101,453,1,7474,1,0
2490,8441,1,2026-05-27,1,9,214,967,9,7477,1,0
2491,8441,1,2026-06-18,1,9,214,967,9,7478,1,0
2492,8441,1,2026-03-29,1,9,214,967,9,7479,1,0
2493,8443,1,2023-06-14,1,1,89,395,1,7480,1,0
2494,8449,1,2025-10-23,1,5,171,777,5,7485,1,0
2495,8450,1,2025-01-29,1,1,63,283,1,7486,1,0
2496,8452,1,2026-04-10,1,15,244,1105,15,7489,1,0
2497,8452,1,2026-03-29,1,15,244,1105,15,7490,1,0
2498,8458,1,2025-03-06,1,22,271,1216,22,7495,1,0
2499,8460,1,2023-07-19,1,8,209,942,8,7496,1,0
2500,8463,1,2024-11-28,1,1,69,305,1,7501,1,0
2501,8463,1,2024-08-09,1,1,69,305,1,7502,1,0
2502,8463,1,2024-08-26,1,1,69,305,1,7503,1,0
2503,8464,1,2025-05-22,1,4,158,717,4,7504,1,0
2504,8464,1,2025-05-24,1,4,158,717,4,7505,1,0
2505,8465,1,2025-12-22,1,1,29,127,1,7506,1,0
2506,8465,1,2026-05-29,1,1,29,127,1,7507,1,0
2507,8491,1,2026-03-18,1,3,140,633,3,7524,1,0
2508,8491,1,2026-02-13,1,3,140,633,3,7525,1,0
2509,8495,1,2023-05-08,1,24,277,1245,24,7531,1,0
2510,8495,1,2023-04-24,1,24,277,1245,24,7532,1,0
2511,8507,1,2024-09-06,1,5,168,764,5,7542,1,0
2512,8508,1,2026-04-07,1,4,158,716,4,7544,1,0
2513,8512,1,2024-04-26,1,1,15,66,1,7545,1,1
2514,8512,1,2024-07-06,1,1,15,66,1,7546,1,0
2515,8512,1,2024-08-02,1,1,15,66,1,7547,1,0
2516,8520,1,2025-05-17,1,1,47,207,1,7551,1,0
2517,8528,1,2025-07-11,1,11,227,1027,11,7556,1,0
2518,8531,1,2026-05-26,1,31,296,1327,31,7559,1,0
2519,8538,1,2023-07-10,1,13,235,1060,13,7564,1,0
2520,8538,1,2023-06-25,1,13,235,1060,13,7565,1,0
2521,8548,1,2025-09-02,1,1,49,220,1,7573,1,0
2522,8548,1,2025-11-12,1,1,49,220,1,7574,1,0
2523,8549,1,2024-11-25,1,1,31,139,1,7575,1,0
2524,8551,1,2023-10-04,1,1,107,478,1,7576,1,0
2525,8552,1,2025-01-28,1,29,290,1301,29,7577,1,0
2526,8569,1,2023-08-25,1,9,215,969,9,7588,1,0
2527,8584,1,2026-07-13,1,1,62,277,1,7605,1,0
2528,8584,1,2026-07-13,1,1,62,277,1,7606,1,0
2529,8589,1,2026-02-06,1,1,117,527,1,7608,1,0
2530,8589,1,2026-02-02,1,1,117,527,1,7609,1,0
2531,8591,1,2025-05-19,1,1,67,297,1,7610,1,0
2532,8594,1,2023-04-29,1,1,38,168,1,7614,1,0
2533,8594,1,2023-04-04,1,1,38,168,1,7615,1,0
2534,8602,1,2024-01-29,1,12,229,1037,12,7618,1,0
2535,8603,1,2025-04-10,1,1,6,27,1,7619,1,0
2536,8606,1,2025-07-19,1,22,269,1208,22,7620,1,0
2537,8614,1,2025-10-21,1,15,245,1110,15,7627,1,0
2538,8617,1,2024-06-18,1,5,171,777,5,7629,1,0
2539,8623,1,2024-05-09,1,1,75,334,1,7635,1,0
2540,8638,1,2025-01-06,1,21,266,1196,21,7647,1,0
2541,8638,1,2025-04-14,1,21,266,1196,21,7648,1,0
2542,8641,1,2023-06-07,1,1,33,144,1,7651,1,0
2543,8641,1,2023-05-30,1,1,33,144,1,7652,1,0
2544,8642,1,2025-10-29,1,14,241,1088,14,7653,1,0
2545,8643,1,2026-06-22,1,10,216,976,10,7654,1,0
2546,8644,1,2024-06-15,1,1,70,309,1,7655,1,0
2547,8653,1,2025-05-10,1,10,221,998,10,7666,1,0
2548,8662,1,2025-05-01,1,2,134,608,2,7672,1,0
2549,8667,1,2023-02-26,1,4,157,713,4,7677,1,0
2550,8671,1,2023-08-22,1,4,166,750,4,7681,1,0
2551,8671,1,2023-09-11,1,4,166,750,4,7682,1,0
2552,8683,1,2026-04-08,1,5,178,807,5,7692,1,0
2553,8687,1,2024-03-14,1,3,142,644,3,7694,1,0
2554,8689,1,2024-03-28,1,11,223,1008,11,7696,1,0
2555,8704,1,2024-03-05,1,4,163,736,4,7708,1,0
2556,8707,1,2025-01-24,1,11,222,1002,11,7710,1,0
2557,8707,1,2025-02-07,1,11,222,1002,11,7711,1,0
2558,8710,1,2024-11-16,1,5,173,786,5,7713,1,0
2559,8727,1,2025-05-16,1,1,78,344,1,7722,1,0
2560,8732,1,2026-05-11,1,6,186,845,6,7726,1,0
2561,8736,1,2025-01-22,1,2,126,571,2,7728,1,0
2562,8741,1,2023-10-25,1,11,226,1024,11,7731,1,0
2563,8741,1,2023-12-21,1,11,226,1024,11,7732,1,0
2564,8744,1,2024-09-11,1,1,117,530,1,7733,1,0
2565,8746,1,2025-02-22,1,1,67,296,1,7735,1,0
2566,8751,1,2025-07-12,1,19,261,1176,19,7739,1,0
2567,8752,1,2023-05-26,1,28,288,1292,28,7740,1,0
2568,8753,1,2025-09-29,1,10,220,994,10,7741,1,0
2569,8754,1,2025-09-07,1,1,29,128,1,7742,1,0
2570,8754,1,2026-01-21,1,1,29,128,1,7743,1,0
2571,8764,1,2025-04-19,1,18,259,1170,18,7747,1,0
2572,8764,1,2025-05-04,1,18,259,1170,18,7748,1,0
2573,8772,1,2024-01-15,1,1,54,243,1,7757,1,0
2574,8775,1,2024-04-27,1,22,269,1210,22,7759,1,0
2575,8781,1,2024-04-02,1,10,219,989,10,7761,1,0
2576,8783,1,2025-03-08,1,27,284,1276,27,7764,1,0
2577,8783,1,2025-02-11,1,27,284,1276,27,7765,1,0
2578,8783,1,2025-03-10,1,27,284,1276,27,7766,1,0
2579,8784,1,2025-01-07,1,28,288,1289,28,7767,1,0
2580,8788,1,2025-06-18,1,1,80,355,1,7775,1,0
2581,8788,1,2025-05-26,1,1,80,355,1,7776,1,0
2582,8791,1,2025-08-30,1,4,155,702,4,7778,1,0
2583,8791,1,2025-07-26,1,4,155,702,4,7779,1,0
2584,8791,1,2025-08-04,1,4,155,702,4,7780,1,0
2585,8798,1,2026-02-17,1,1,19,83,1,7784,1,0
2586,8811,1,2025-06-13,1,2,128,580,2,7790,1,0
2587,8811,1,2025-04-18,1,2,128,580,2,7791,1,0
2588,8812,1,2025-07-04,1,2,122,546,2,7792,1,0
2589,8813,1,2026-07-13,1,9,211,950,9,7793,1,0
2590,8816,1,2025-04-29,1,1,34,151,1,7795,1,0
2591,8822,1,2024-03-01,1,1,65,291,1,7802,1,0
2592,8822,1,2024-02-04,1,1,65,291,1,7803,1,0
2593,8828,1,2023-02-11,1,1,104,464,1,7808,1,0
2594,8828,1,2023-03-29,1,1,104,464,1,7809,1,0
2595,8829,1,2025-11-28,1,4,158,718,4,7810,1,0
2596,8829,1,2025-12-01,1,4,158,718,4,7811,1,0
2597,8831,1,2024-10-29,1,30,294,1314,30,7813,1,0
2598,8831,1,2024-09-24,1,30,294,1314,30,7814,1,0
2599,8831,1,2024-09-20,1,30,294,1314,30,7815,1,0
2600,8837,1,2026-03-08,1,1,51,231,1,7819,1,0
2601,8839,1,2024-05-24,1,5,178,805,5,7821,1,0
2602,8839,1,2024-05-28,1,5,178,805,5,7822,1,0
2603,8840,1,2025-04-07,1,7,193,877,7,7823,1,0
2604,8852,1,2024-09-16,1,3,141,639,3,7830,1,0
2605,8863,1,2024-09-26,1,1,10,46,1,7839,1,0
2606,8863,1,2024-08-19,1,1,10,46,1,7840,1,0
2607,8865,1,2024-08-15,1,1,29,130,1,7843,1,0
2608,8867,1,2024-03-23,1,15,244,1105,15,7845,1,0
2609,8868,1,2023-12-29,1,3,149,673,3,7846,1,0
2610,8877,1,2026-06-07,1,4,160,722,4,7853,1,0
2611,8877,1,2026-07-01,1,4,160,722,4,7854,1,0
2612,8877,1,2026-06-27,1,4,160,722,4,7855,1,0
2613,8879,1,2025-02-06,1,1,117,526,1,7856,1,0
2614,8879,1,2025-06-09,1,1,117,526,1,7857,1,0
2615,8884,1,2025-01-14,1,1,78,342,1,7862,1,0
2616,8885,1,2026-01-24,1,1,99,444,1,7863,1,0
2617,8886,1,2025-11-18,1,14,240,1087,14,7866,1,0
2618,8889,1,2026-02-24,1,12,228,1032,12,7869,1,0
2619,8895,1,2023-07-19,1,10,218,986,10,7877,1,0
2620,8909,1,2024-05-25,1,1,119,538,1,7887,1,0
2621,8909,1,2024-03-21,1,1,119,538,1,7888,1,0
2622,8909,1,2024-04-01,1,1,119,538,1,7889,1,0
2623,8910,1,2025-09-29,1,26,282,1267,26,7890,1,0
2624,8923,1,2023-12-28,1,1,116,521,1,7903,1,0
2625,8927,1,2025-12-23,1,1,96,424,1,7907,1,0
2626,8929,1,2024-10-29,1,31,298,1336,31,7908,1,0
2627,8930,1,2024-09-24,1,31,297,1329,31,7909,1,0
2628,8934,1,2025-09-26,1,6,185,841,6,7914,1,0
2629,8934,1,2025-11-12,1,6,185,841,6,7915,1,0
2630,8937,1,2024-12-13,1,4,165,742,4,7916,1,0
2631,8939,1,2024-09-07,1,12,229,1037,12,7919,1,0
2632,8941,1,2024-06-01,1,16,248,1120,16,7920,1,0
2633,8941,1,2024-05-21,1,16,248,1120,16,7921,1,0
2634,8942,1,2023-02-27,1,11,226,1022,11,7922,1,0
2635,8954,1,2026-04-30,1,1,95,420,1,7937,1,0
2636,8954,1,2026-05-31,1,1,95,420,1,7938,1,0
2637,8956,1,2024-04-26,1,7,199,899,7,7941,1,0
2638,8957,1,2024-03-12,1,12,232,1050,12,7942,1,0
2639,8965,1,2026-03-31,1,1,5,22,1,7944,1,0
2640,8965,1,2026-04-04,1,1,5,22,1,7945,1,0
2641,8972,1,2024-12-12,1,5,173,786,5,7950,1,0
2642,8976,1,2025-10-19,1,1,58,259,1,7953,1,0
2643,8976,1,2025-10-06,1,1,58,259,1,7954,1,0
2644,8978,1,2023-07-31,1,1,33,149,1,7955,1,0
2645,8980,1,2025-09-04,1,1,54,245,1,7957,1,0
2646,8980,1,2025-12-09,1,1,54,245,1,7958,1,0
2647,8983,1,2024-08-23,1,28,289,1298,28,7960,1,0
2648,8988,1,2025-03-18,1,10,221,998,10,7963,1,0
2649,8990,1,2024-12-15,1,6,182,825,6,7964,1,0
2650,8992,1,2024-02-04,1,5,178,807,5,7966,1,0
2651,8992,1,2024-02-11,1,5,178,807,5,7967,1,0
2652,8993,1,2026-07-13,1,2,122,548,2,7968,1,0
2653,8993,1,2026-07-13,1,2,122,548,2,7969,1,0
2654,9000,1,2024-02-25,1,1,17,75,1,7973,1,0
2655,9001,1,2026-01-01,1,1,88,390,1,7974,1,0
2656,9001,1,2026-01-26,1,1,88,390,1,7976,1,0
2657,9004,1,2026-06-30,1,17,255,1153,17,7980,1,0
2658,9018,1,2025-06-13,1,7,199,901,7,7994,1,0
2659,9024,1,2026-04-20,1,7,197,894,7,7998,1,0
2660,9024,1,2026-07-13,1,7,197,894,7,7999,1,0
2661,9028,1,2023-09-27,1,8,202,912,8,8004,1,0
2662,9031,1,2025-10-22,1,11,223,1007,11,8008,1,0
2663,9034,1,2025-03-22,1,1,25,109,1,8009,1,0
2664,9035,1,2024-09-19,1,7,196,888,7,8010,1,0
2665,9037,1,2024-02-17,1,21,267,1201,21,8012,1,0
2666,9038,1,2026-07-04,1,21,267,1201,21,8013,1,0
2667,9044,1,2026-01-01,1,1,31,137,1,8021,1,0
2668,9045,1,2024-02-21,1,2,130,590,2,8022,1,0
2669,9045,1,2024-01-16,1,2,130,590,2,8023,1,0
2670,9047,1,2025-04-09,1,20,263,1182,20,8024,1,0
2671,9054,1,2024-12-07,1,8,203,918,8,8029,1,0
2672,9054,1,2024-12-20,1,8,203,918,8,8030,1,0
2673,9067,1,2023-10-18,1,10,216,974,10,8041,1,0
2674,9070,1,2024-09-12,1,1,11,52,1,8045,1,0
2675,9071,1,2024-03-19,1,1,3,9,1,8046,1,0
2676,9077,1,2026-07-13,1,1,45,201,1,8052,1,0
2677,9081,1,2025-08-17,1,18,259,1168,18,8055,1,0
2678,9085,1,2025-04-03,1,1,10,44,1,8060,1,0
2679,9085,1,2025-05-18,1,1,10,44,1,8061,1,0
2680,9096,1,2024-01-28,1,15,244,1102,15,8070,1,0
2681,9103,1,2026-05-11,1,1,50,229,1,8076,1,0
2682,9103,1,2026-05-26,1,1,50,229,1,8077,1,0
2683,9106,1,2024-02-12,1,1,84,371,1,8078,1,0
2684,9109,1,2025-12-26,1,1,34,152,1,8080,1,0
2685,9112,1,2026-07-13,1,20,265,1191,20,8082,1,0
2686,9112,1,2026-07-13,1,20,265,1191,20,8083,1,0
2687,9112,1,2026-07-13,1,20,265,1191,20,8084,1,0
2688,9113,1,2026-01-01,1,3,149,674,3,8085,1,0
2689,9113,1,2025-11-18,1,3,149,674,3,8086,1,0
2690,9115,1,2023-10-04,1,7,192,871,7,8089,1,0
2691,9116,1,2025-06-13,1,16,249,1124,16,8090,1,0
2692,9116,1,2025-05-27,1,16,249,1124,16,8092,1,0
2693,9125,1,2023-10-25,1,4,156,711,4,8100,1,0
2694,9125,1,2023-09-03,1,4,156,711,4,8101,1,0
2695,9144,1,2023-09-30,1,1,109,488,1,8113,1,0
2696,9148,1,2023-04-09,1,29,291,1303,29,8115,1,0
2697,9149,1,2024-01-22,1,12,230,1042,12,8116,1,0
2698,9155,1,2023-11-30,1,1,33,147,1,8121,1,0
2699,9158,1,2024-04-10,1,1,65,292,1,8124,1,0
2700,9158,1,2024-03-18,1,1,65,292,1,8125,1,0
2701,9165,1,2023-11-28,1,1,110,494,1,8131,1,0
2702,9174,1,2024-01-25,1,7,199,900,7,8138,1,0
2703,9180,1,2025-03-30,1,1,30,132,1,8143,1,0
2704,9180,1,2025-03-04,1,1,30,132,1,8144,1,0
2705,9188,1,2026-03-01,1,26,282,1265,26,8151,1,0
2706,9188,1,2026-03-05,1,26,282,1265,26,8152,1,0
2707,9189,1,2024-06-10,1,8,207,935,8,8153,1,0
2708,9189,1,2024-07-15,1,8,207,935,8,8154,1,0
2709,9191,1,2024-06-24,1,1,107,480,1,8157,1,0
2710,9202,1,2023-06-10,1,31,296,1327,31,8160,1,0
2711,9204,1,2023-07-04,1,30,293,1311,30,8164,1,0
2712,9204,1,2023-09-01,1,30,293,1311,30,8165,1,0
2713,9208,1,2025-10-06,1,3,137,623,3,8168,1,0
2714,9209,1,2025-02-01,1,1,51,230,1,8170,1,0
2715,9209,1,2025-01-02,1,1,51,230,1,8171,1,0
2716,9227,1,2025-06-09,1,1,79,350,1,8184,1,0
2717,9228,1,2023-05-04,1,1,25,111,1,8185,1,0
2718,9228,1,2023-07-30,1,1,25,111,1,8186,1,0
2719,9239,1,2024-03-06,1,1,44,196,1,8197,1,0
2720,9239,1,2024-02-05,1,1,44,196,1,8198,1,0
2721,9239,1,2024-02-08,1,1,44,196,1,8199,1,0
2722,9250,1,2025-03-22,1,7,199,900,7,8207,1,0
2723,9251,1,2025-01-02,1,1,52,236,1,8209,1,0
2724,9258,1,2023-06-06,1,1,86,383,1,8212,1,0
2725,9258,1,2023-06-02,1,1,86,383,1,8213,1,0
2726,9261,1,2026-04-04,1,1,12,53,1,8215,1,0
2727,9263,1,2024-05-22,1,1,78,345,1,8216,1,0
2728,9269,1,2023-03-04,1,30,294,1317,30,8225,1,0
2729,9270,1,2024-05-21,1,1,76,337,1,8227,1,0
2730,9270,1,2024-03-25,1,1,76,337,1,8228,1,0
2731,9273,1,2024-05-20,1,20,265,1195,20,8231,1,0
2732,9277,1,2024-01-04,1,1,12,54,1,8234,1,0
2733,9283,1,2023-07-03,1,24,277,1243,24,8238,1,0
2734,9287,1,2024-09-04,1,5,179,811,5,8241,1,0
2735,9289,1,2024-06-10,1,13,236,1064,13,8242,1,0
2736,9292,1,2026-06-17,1,3,143,649,3,8244,1,0
2737,9297,1,2025-12-28,1,1,60,267,1,8247,1,0
2738,9304,1,2023-07-22,1,20,264,1187,20,8257,1,0
2739,9306,1,2024-07-23,1,1,35,155,1,8261,1,0
2740,9307,1,2024-07-17,1,12,229,1038,12,8262,1,0
2741,9307,1,2024-07-16,1,12,229,1038,12,8263,1,0
2742,9312,1,2026-05-11,1,17,253,1144,17,8266,1,0
2743,9315,1,2023-05-17,1,1,104,466,1,8267,1,0
2744,9318,1,2026-07-06,1,1,119,537,1,8268,1,0
2745,9342,1,2025-11-09,1,1,112,504,1,8283,1,0
2746,9342,1,2025-07-25,1,1,112,504,1,8284,1,0
2747,9348,1,2023-06-04,1,30,295,1318,30,8290,1,0
2748,9349,1,2024-04-19,1,21,268,1204,21,8291,1,0
2749,9353,1,2025-10-31,1,14,239,1081,14,8294,1,0
2750,9354,1,2026-01-23,1,1,62,278,1,8295,1,0
2751,9354,1,2026-03-01,1,1,62,278,1,8296,1,0
2752,9354,1,2026-03-29,1,1,62,278,1,8297,1,0
2753,9361,1,2024-01-14,1,7,195,883,7,8303,1,0
2754,9374,1,2025-04-10,1,7,198,896,7,8309,1,0
2755,9375,1,2026-05-10,1,1,35,157,1,8310,1,0
2756,9375,1,2026-04-09,1,1,35,157,1,8311,1,0
2757,9375,1,2026-07-13,1,1,35,157,1,8312,1,0
2758,9379,1,2023-10-07,1,15,246,1111,15,8314,1,0
2759,9397,1,2023-08-25,1,1,64,285,1,8326,1,0
2760,9401,1,2024-08-31,1,1,69,306,1,8329,1,1
2761,9405,1,2026-06-30,1,3,147,669,3,8334,1,0
2762,9405,1,2026-07-13,1,3,147,669,3,8335,1,0
2763,9405,1,2026-05-24,1,3,147,669,3,8336,1,0
2764,9409,1,2024-06-25,1,3,149,676,3,8339,1,0
2765,9410,1,2025-11-30,1,1,120,541,1,8340,1,0
2766,9412,1,2026-07-12,1,30,294,1316,30,8342,1,0
2767,9413,1,2025-03-30,1,31,298,1332,31,8343,1,0
2768,9417,1,2023-11-13,1,24,277,1244,24,8346,1,0
2769,9417,1,2023-11-29,1,24,277,1244,24,8347,1,0
2770,9418,1,2025-10-07,1,7,200,902,7,8348,1,0
2771,9427,1,2026-04-26,1,1,112,501,1,8357,1,0
2772,9430,1,2024-01-24,1,3,147,669,3,8362,1,0
2773,9435,1,2024-08-30,1,1,92,406,1,8367,1,0
2774,9439,1,2025-10-31,1,21,267,1202,21,8370,1,0
2775,9444,1,2024-02-26,1,3,141,642,3,8375,1,0
2776,9445,1,2026-02-08,1,1,17,76,1,8376,1,0
2777,9445,1,2026-01-22,1,1,17,76,1,8377,1,0
2778,9449,1,2026-01-07,1,5,172,785,5,8381,1,0
2779,9454,1,2026-02-06,1,1,113,511,1,8382,1,0
2780,9455,1,2025-02-03,1,10,218,987,10,8383,1,0
2781,9466,1,2024-03-15,1,6,182,825,6,8393,1,0
2782,9466,1,2024-09-16,1,6,182,825,6,8394,1,0
2783,9467,1,2026-02-24,1,30,295,1323,30,8395,1,0
2784,9467,1,2026-02-15,1,30,295,1323,30,8396,1,0
2785,9469,1,2023-12-30,1,1,91,401,1,8397,1,0
2786,9469,1,2023-11-27,1,1,91,401,1,8398,1,0
2787,9478,1,2024-08-03,1,7,193,875,7,8400,1,0
2788,9487,1,2024-09-17,1,1,70,311,1,8405,1,0
2789,9490,1,2023-04-28,1,1,46,204,1,8406,1,0
2790,9493,1,2025-09-05,1,28,287,1284,28,8407,1,0
2791,9493,1,2025-06-24,1,28,287,1284,28,8408,1,0
2792,9498,1,2023-12-17,1,1,73,325,1,8415,1,0
2793,9499,1,2024-01-25,1,1,41,182,1,8416,1,0
2794,9499,1,2023-12-02,1,1,41,182,1,8417,1,0
2795,9499,1,2024-05-23,1,1,41,182,1,8418,1,0
2796,9508,1,2026-05-15,1,12,232,1049,12,8421,1,0
2797,9513,1,2026-01-12,1,16,250,1131,16,8426,1,0
2798,9513,1,2026-02-09,1,16,250,1131,16,8427,1,0
2799,9513,1,2025-11-09,1,16,250,1131,16,8428,1,0
2800,9516,1,2023-09-02,1,1,3,9,1,8431,1,0
2801,9517,1,2026-04-22,1,24,276,1240,24,8432,1,0
2802,9540,1,2024-05-24,1,10,218,984,10,8449,1,0
2803,9540,1,2024-09-02,1,10,218,984,10,8450,1,0
2804,9547,1,2024-10-25,1,4,160,722,4,8458,1,0
2805,9561,1,2025-06-02,1,2,131,593,2,8469,1,0
2806,9561,1,2025-06-11,1,2,131,593,2,8470,1,0
2807,9566,1,2024-11-28,1,9,214,964,9,8472,1,0
2808,9566,1,2024-11-24,1,9,214,964,9,8473,1,0
2809,9566,1,2025-01-21,1,9,214,964,9,8474,1,0
2810,9567,1,2025-04-28,1,23,274,1231,23,8475,1,0
2811,9567,1,2025-05-04,1,23,274,1231,23,8476,1,0
2812,9573,1,2025-02-02,1,1,115,516,1,8479,1,0
2813,9574,1,2024-02-13,1,2,135,612,2,8480,1,0
2814,9576,1,2023-10-29,1,22,269,1210,22,8484,1,0
2815,9578,1,2023-11-27,1,1,61,271,1,8488,1,0
2816,9589,1,2024-09-14,1,1,61,273,1,8495,1,0
2817,9591,1,2025-06-05,1,8,208,941,8,8499,1,0
2818,9594,1,2023-07-05,1,13,234,1056,13,8503,1,0
2819,9594,1,2023-07-24,1,13,234,1056,13,8504,1,0
2820,9595,1,2023-10-19,1,3,149,673,3,8505,1,0
2821,9600,1,2023-10-13,1,1,96,425,1,8511,1,0
2822,9601,1,2026-05-06,1,5,173,788,5,8512,1,0
2823,9602,1,2026-01-23,1,4,165,744,4,8513,1,0
2824,9604,1,2024-08-22,1,1,74,328,1,8514,1,0
2825,9604,1,2024-10-09,1,1,74,328,1,8515,1,0
2826,9615,1,2023-08-30,1,2,122,550,2,8524,1,0
2827,9615,1,2023-08-08,1,2,122,550,2,8525,1,0
2828,9618,1,2023-02-05,1,1,32,142,1,8528,1,1
2829,9628,1,2025-10-14,1,1,30,132,1,8540,1,0
2830,9632,1,2023-05-07,1,1,79,350,1,8542,1,0
2831,9632,1,2023-03-27,1,1,79,350,1,8543,1,0
2832,9633,1,2025-07-06,1,1,28,125,1,8544,1,0
2833,9633,1,2025-07-15,1,1,28,125,1,8545,1,0
2834,9635,1,2023-09-20,1,27,284,1276,27,8546,1,0
2835,9635,1,2023-09-16,1,27,284,1276,27,8547,1,0
2836,9644,1,2024-02-28,1,1,78,344,1,8552,1,0
2837,9644,1,2023-11-16,1,1,78,344,1,8553,1,0
2838,9650,1,2025-07-01,1,28,287,1285,28,8557,1,0
2839,9652,1,2023-12-16,1,1,39,171,1,8559,1,0
2840,9655,1,2023-06-04,1,17,255,1153,17,8561,1,0
2841,9670,1,2025-04-01,1,15,247,1114,15,8573,1,0
2842,9672,1,2026-02-16,1,20,265,1193,20,8576,1,0
2843,9674,1,2024-02-20,1,1,40,177,1,8577,1,0
2844,9676,1,2025-04-12,1,1,69,304,1,8578,1,0
2845,9676,1,2025-04-11,1,1,69,304,1,8579,1,0
2846,9677,1,2024-09-02,1,16,250,1130,16,8580,1,0
2847,9681,1,2024-12-17,1,1,45,200,1,8584,1,0
2848,9683,1,2025-02-12,1,1,47,208,1,8586,1,0
2849,9688,1,2024-08-29,1,19,262,1181,19,8592,1,0
2850,9698,1,2025-12-06,1,25,278,1249,25,8599,1,0
2851,9698,1,2025-12-19,1,25,278,1249,25,8600,1,0
2852,9720,1,2024-03-02,1,10,216,976,10,8610,1,0
2853,9720,1,2024-02-11,1,10,216,976,10,8611,1,0
2854,9720,1,2024-01-16,1,10,216,976,10,8612,1,0
2855,9722,1,2025-11-21,1,1,1,3,1,8615,1,0
2856,9722,1,2025-10-09,1,1,1,3,1,8616,1,0
2857,9724,1,2025-11-28,1,1,49,222,1,8617,1,0
2858,9725,1,2025-06-14,1,1,8,35,1,8618,1,0
2859,9725,1,2025-04-09,1,1,8,35,1,8619,1,0
2860,9733,1,2026-03-20,1,31,297,1330,31,8627,1,0
2861,9734,1,2026-04-06,1,1,74,332,1,8628,1,0
2862,9740,1,2024-03-18,1,4,163,735,4,8631,1,0
2863,9740,1,2024-02-01,1,4,163,735,4,8632,1,0
2864,9746,1,2023-03-14,1,1,21,91,1,8637,1,0
2865,9750,1,2025-07-08,1,6,189,858,6,8638,1,0
2866,9753,1,2026-04-26,1,5,177,802,5,8642,1,0
2867,9753,1,2026-01-25,1,5,177,802,5,8643,1,0
2868,9754,1,2025-02-24,1,1,50,225,1,8644,1,0
2869,9754,1,2025-03-29,1,1,50,225,1,8645,1,0
2870,9758,1,2023-08-27,1,1,24,103,1,8647,1,0
2871,9763,1,2023-03-17,1,30,295,1319,30,8652,1,0
2872,9766,1,2026-03-06,1,9,212,954,9,8653,1,0
2873,9779,1,2024-03-05,1,3,138,626,3,8664,1,0
2874,9785,1,2025-01-18,1,1,19,84,1,8670,1,0
2875,9785,1,2024-12-04,1,1,19,84,1,8671,1,0
2876,9785,1,2024-11-29,1,1,19,84,1,8672,1,0
2877,9786,1,2026-01-05,1,8,204,924,8,8673,1,0
2878,9786,1,2026-02-24,1,8,204,924,8,8675,1,0
2879,9791,1,2024-08-04,1,1,75,334,1,8678,1,0
2880,9791,1,2024-05-28,1,1,75,334,1,8679,1,0
2881,9808,1,2023-11-17,1,3,143,649,3,8688,1,0
2882,9808,1,2023-11-17,1,3,143,649,3,8689,1,0
2883,9809,1,2023-10-11,1,1,95,421,1,8691,1,0
2884,9810,1,2023-03-24,1,1,120,541,1,8692,1,0
2885,9816,1,2023-10-14,1,1,54,247,1,8702,1,0
2886,9821,1,2026-02-27,1,1,118,532,1,8707,1,0
2887,9824,1,2024-08-20,1,6,189,859,6,8712,1,0
2888,9831,1,2024-12-29,1,1,24,105,1,8717,1,0
2889,9844,1,2025-09-24,1,12,232,1049,12,8730,1,0
2890,9844,1,2025-08-13,1,12,232,1049,12,8731,1,0
2891,9850,1,2025-11-18,1,16,248,1122,16,8735,1,0
2892,9851,1,2024-04-10,1,6,185,841,6,8736,1,0
2893,9856,1,2024-11-06,1,4,154,700,4,8739,1,0
2894,9862,1,2023-10-28,1,2,134,607,2,8745,1,0
2895,9862,1,2023-10-21,1,2,134,607,2,8746,1,0
2896,9868,1,2024-04-08,1,4,158,716,4,8751,1,0
2897,9874,1,2023-10-19,1,1,71,314,1,8754,1,0
2898,9874,1,2023-10-16,1,1,71,314,1,8755,1,0
2899,9874,1,2023-10-06,1,1,71,314,1,8756,1,0
2900,9887,1,2025-04-01,1,1,10,45,1,8768,1,0
2901,9887,1,2025-07-15,1,1,10,45,1,8769,1,0
2902,9897,1,2025-03-31,1,3,140,637,3,8782,1,0
2903,9922,1,2024-06-18,1,25,279,1251,25,8795,1,0
2904,9922,1,2024-05-08,1,25,279,1251,25,8796,1,0
2905,9922,1,2024-07-21,1,25,279,1251,25,8797,1,0
2906,9923,1,2023-01-18,1,22,269,1208,22,8798,1,0
2907,9924,1,2025-10-20,1,7,201,907,7,8799,1,0
2908,9929,1,2026-05-08,1,1,34,150,1,8802,1,0
2909,9929,1,2026-07-02,1,1,34,150,1,8803,1,0
2910,9931,1,2025-08-23,1,1,97,433,1,8807,1,0
2911,9935,1,2025-10-22,1,1,116,522,1,8809,1,0
2912,9937,1,2024-02-13,1,29,290,1299,29,8811,1,0
2913,9944,1,2023-06-27,1,3,146,663,3,8816,1,0
2914,9945,1,2024-11-06,1,4,156,708,4,8817,1,0
2915,9951,1,2025-06-25,1,9,211,952,9,8824,1,0
2916,9953,1,2025-11-29,1,3,136,615,3,8828,1,0
2917,9957,1,2025-02-26,1,19,260,1174,19,8831,1,0
2918,9957,1,2025-03-07,1,19,260,1174,19,8832,1,0
2919,9958,1,2024-12-05,1,4,158,716,4,8833,1,0
2920,9960,1,2025-03-15,1,1,26,113,1,8834,1,0
2921,9962,1,2025-12-05,1,31,297,1329,31,8836,1,0
2922,9963,1,2023-08-30,1,3,141,638,3,8837,1,0
2923,9964,1,2025-01-09,1,7,198,898,7,8838,1,0
2924,9964,1,2024-12-06,1,7,198,898,7,8839,1,0
2925,9964,1,2024-11-25,1,7,198,898,7,8840,1,0
2926,9966,1,2025-04-15,1,9,215,970,9,8842,1,0
2927,9968,1,2024-11-08,1,1,82,362,1,8845,1,0
2928,9972,1,2023-03-31,1,10,217,977,10,8848,1,0
2929,9975,1,2023-09-09,1,1,92,406,1,8849,1,0
2930,9983,1,2025-04-30,1,28,288,1291,28,8852,1,0
2931,9984,1,2025-08-09,1,2,134,607,2,8853,1,0
2932,9986,1,2024-02-29,1,9,213,960,9,8856,1,0
2933,9997,1,2025-05-04,1,22,269,1210,22,8864,1,0
2934,9997,1,2025-06-17,1,22,269,1210,22,8865,1,0
2935,10000,1,2023-06-18,1,28,289,1298,28,8869,1,0
2936,10002,1,2024-09-21,1,8,206,932,8,8872,1,0
2937,10005,1,2025-03-01,1,1,56,251,1,8874,1,0
2938,10009,1,2025-06-22,1,8,204,924,8,8876,1,0
2939,10009,1,2025-06-13,1,8,204,924,8,8877,1,0
2940,10009,1,2025-06-05,1,8,204,924,8,8878,1,0
2941,10010,1,2023-10-07,1,1,8,37,1,8880,1,0
2942,10010,1,2023-09-16,1,1,8,37,1,8881,1,0
2943,10017,1,2026-03-20,1,11,227,1027,11,8889,1,0
2944,10023,1,2025-12-07,1,18,257,1163,18,8898,1,0
2945,10034,1,2024-03-25,1,1,13,57,1,8903,1,0
2946,10043,1,2026-02-01,1,3,146,662,3,8909,1,0
2947,10043,1,2026-03-06,1,3,146,662,3,8910,1,0
2948,10050,1,2023-10-23,1,4,166,752,4,8914,1,0
2949,10060,1,2024-02-28,1,1,120,542,1,8922,1,0
2950,10061,1,2023-02-12,1,23,272,1223,23,8923,1,0
2951,10067,1,2023-05-29,1,1,72,321,1,8928,1,0
2952,10076,1,2026-04-10,1,1,62,279,1,8933,1,0
2953,10077,1,2025-12-12,1,1,28,124,1,8934,1,0
2954,10079,1,2023-05-05,1,7,195,885,7,8937,1,0
2955,10080,1,2024-11-28,1,31,297,1330,31,8938,1,0
2956,10085,1,2025-09-12,1,10,218,984,10,8940,1,0
2957,10087,1,2025-02-10,1,8,209,943,8,8941,1,0
2958,10089,1,2024-01-25,1,28,287,1287,28,8942,1,0
2959,10089,1,2024-01-28,1,28,287,1287,28,8943,1,0
2960,10090,1,2023-10-05,1,1,35,158,1,8944,1,0
2961,10091,1,2023-09-27,1,29,292,1308,29,8945,1,0
2962,10091,1,2023-11-13,1,29,292,1308,29,8946,1,0
2963,10091,1,2023-09-01,1,29,292,1308,29,8947,1,0
2964,10093,1,2023-06-21,1,13,235,1060,13,8948,1,0
2965,10095,1,2024-01-29,1,5,178,805,5,8951,1,0
2966,10099,1,2026-01-29,1,29,292,1305,29,8956,1,0
2967,10101,1,2026-05-31,1,1,10,44,1,8957,1,0
2968,10101,1,2026-06-22,1,1,10,44,1,8958,1,0
2969,10106,1,2023-11-24,1,1,43,189,1,8963,1,0
2970,10111,1,2025-07-05,1,1,69,305,1,8971,1,0
2971,10111,1,2025-06-23,1,1,69,305,1,8972,1,0
2972,10111,1,2025-07-01,1,1,69,305,1,8973,1,0
2973,10115,1,2024-01-20,1,12,231,1046,12,8976,1,1
2974,10118,1,2026-03-24,1,2,134,608,2,8981,1,0
2975,10118,1,2025-12-05,1,2,134,608,2,8982,1,0
2976,10123,1,2025-01-28,1,1,93,408,1,8986,1,0
2977,10128,1,2023-03-23,1,15,247,1114,15,8989,1,0
2978,10131,1,2023-01-22,1,1,23,100,1,8994,1,0
2979,10134,1,2026-05-08,1,17,255,1153,17,8998,1,0
2980,10141,1,2025-04-20,1,1,106,477,1,9003,1,0
2981,10143,1,2025-10-01,1,21,267,1199,21,9006,1,0
2982,10149,1,2024-06-15,1,23,273,1226,23,9012,1,0
2983,10151,1,2026-06-09,1,28,288,1290,28,9013,1,0
2984,10153,1,2026-01-18,1,4,163,736,4,9014,1,0
2985,10153,1,2026-01-14,1,4,163,736,4,9015,1,0
2986,10154,1,2024-03-29,1,1,54,245,1,9016,1,0
2987,10154,1,2024-02-21,1,1,54,245,1,9017,1,0
2988,10155,1,2026-01-05,1,1,5,22,1,9018,1,0
2989,10156,1,2025-05-30,1,1,47,209,1,9019,1,0
2990,10156,1,2025-05-30,1,1,47,209,1,9020,1,0
2991,10158,1,2026-06-08,1,1,22,95,1,9022,1,0
2992,10167,1,2025-09-07,1,1,103,459,1,9026,1,0
2993,10169,1,2023-05-14,1,1,117,526,1,9027,1,0
2994,10179,1,2025-05-04,1,15,244,1104,15,9036,1,0
2995,10186,1,2024-04-14,1,6,189,861,6,9042,1,0
2996,10190,1,2023-04-07,1,6,182,827,6,9050,1,0
2997,10198,1,2025-09-16,1,5,174,791,5,9061,1,0
2998,10200,1,2026-04-11,1,3,139,632,3,9063,1,0
2999,10201,1,2025-01-22,1,19,261,1177,19,9064,1,0
3000,10202,1,2025-10-06,1,2,124,561,2,9065,1,0
3001,10206,1,2025-08-13,1,1,88,392,1,9068,1,0
3002,10206,1,2025-09-09,1,1,88,392,1,9070,1,0
3003,10208,1,2026-02-21,1,1,21,93,1,9072,1,0
3004,10213,1,2023-06-12,1,4,159,720,4,9078,1,1
3005,10213,1,2023-06-29,1,4,159,720,4,9079,1,0
3006,10214,1,2023-07-15,1,1,23,99,1,9080,1,0
3007,10217,1,2024-12-14,1,6,183,829,6,9081,1,0
3008,10217,1,2024-11-30,1,6,183,829,6,9082,1,0
3009,10217,1,2024-12-14,1,6,183,829,6,9083,1,0
3010,10232,1,2024-03-12,1,1,46,205,1,9094,1,0
3011,10234,1,2023-03-15,1,7,191,870,7,9096,1,0
3012,10234,1,2023-06-15,1,7,191,870,7,9097,1,0
3013,10239,1,2026-07-05,1,1,26,113,1,9102,1,0
3014,10247,1,2024-02-07,1,5,173,788,5,9113,1,0
3015,10249,1,2023-07-08,1,12,232,1050,12,9114,1,0
3016,10249,1,2023-07-31,1,12,232,1050,12,9115,1,0
3017,10254,1,2023-08-27,1,3,138,624,3,9118,1,0
3018,10256,1,2025-07-27,1,3,136,615,3,9119,1,0
3019,10262,1,2026-03-04,1,23,273,1226,23,9122,1,0
3020,10265,1,2025-01-14,1,4,165,742,4,9123,1,0
3021,10265,1,2024-12-31,1,4,165,742,4,9124,1,0
3022,10272,1,2024-11-04,1,1,120,540,1,9128,1,0
3023,10278,1,2025-03-05,1,17,252,1136,17,9129,1,0
3024,10283,1,2023-03-23,1,2,130,591,2,9133,1,0
3025,10283,1,2023-03-25,1,2,130,591,2,9134,1,0
3026,10286,1,2023-12-29,1,7,196,888,7,9136,1,0
3027,10286,1,2023-11-30,1,7,196,888,7,9137,1,0
3028,10292,1,2023-05-07,1,7,196,888,7,9140,1,0
3029,10292,1,2023-02-27,1,7,196,888,7,9141,1,0
3030,10298,1,2023-12-09,1,21,267,1202,21,9144,1,0
3031,10299,1,2026-05-14,1,1,27,120,1,9145,1,0
3032,10299,1,2026-05-20,1,1,27,120,1,9146,1,0
3033,10302,1,2025-04-14,1,7,192,874,7,9151,1,0
3034,10302,1,2025-04-13,1,7,192,874,7,9152,1,0
3035,10302,1,2025-09-02,1,7,192,874,7,9153,1,0
3036,10305,1,2025-08-23,1,6,184,836,6,9155,1,0
3037,10306,1,2026-07-13,1,1,104,467,1,9156,1,0
3038,10306,1,2026-07-13,1,1,104,467,1,9157,1,0
3039,10321,1,2025-10-22,1,25,280,1256,25,9166,1,0
3040,10322,1,2024-06-23,1,1,50,227,1,9167,1,0
3041,10331,1,2023-10-01,1,1,84,370,1,9171,1,0
3042,10334,1,2025-04-29,1,1,111,499,1,9176,1,0
3043,10334,1,2025-05-09,1,1,111,499,1,9177,1,0
3044,10338,1,2024-09-04,1,1,64,286,1,9180,1,0
3045,10338,1,2024-09-13,1,1,64,286,1,9181,1,0
3046,10338,1,2024-08-24,1,1,64,286,1,9182,1,0
3047,10339,1,2024-02-09,1,1,74,328,1,9183,1,0
3048,10339,1,2024-01-24,1,1,74,328,1,9184,1,0
3049,10346,1,2025-07-17,1,21,268,1205,21,9186,1,0
3050,10346,1,2025-06-22,1,21,268,1205,21,9187,1,0
3051,10346,1,2025-07-10,1,21,268,1205,21,9188,1,0
3052,10347,1,2023-11-22,1,4,158,717,4,9189,1,0
3053,10347,1,2023-11-14,1,4,158,717,4,9190,1,0
3054,10355,1,2025-04-21,1,4,162,734,4,9197,1,0
3055,10358,1,2024-06-07,1,1,37,165,1,9200,1,0
3056,10358,1,2024-06-17,1,1,37,165,1,9201,1,0
3057,10375,1,2023-07-03,1,1,87,387,1,9213,1,0
3058,10376,1,2026-04-08,1,23,272,1223,23,9214,1,0
3059,10376,1,2025-12-09,1,23,272,1223,23,9215,1,0
3060,10376,1,2026-01-04,1,23,272,1223,23,9216,1,0
3061,10383,1,2025-06-12,1,8,206,931,8,9221,1,0
3062,10383,1,2025-06-12,1,8,206,931,8,9222,1,0
3063,10383,1,2025-06-27,1,8,206,931,8,9223,1,0
3064,10385,1,2025-03-14,1,1,48,217,1,9225,1,0
3065,10385,1,2025-02-17,1,1,48,217,1,9226,1,0
3066,10386,1,2025-06-13,1,1,19,84,1,9227,1,0
3067,10387,1,2023-03-31,1,14,240,1083,14,9228,1,0
3068,10400,1,2024-11-01,1,12,229,1038,12,9239,1,0
3069,10400,1,2024-11-05,1,12,229,1038,12,9240,1,0
3070,10402,1,2026-05-22,1,6,187,853,6,9241,1,0
3071,10403,1,2023-08-10,1,1,118,531,1,9242,1,0
3072,10413,1,2025-01-19,1,12,230,1042,12,9251,1,0
3073,10413,1,2024-11-11,1,12,230,1042,12,9252,1,0
3074,10414,1,2023-05-06,1,14,241,1088,14,9253,1,0
3075,10415,1,2025-12-15,1,19,260,1175,19,9254,1,0
3076,10416,1,2024-12-18,1,15,245,1109,15,9255,1,0
3077,10417,1,2026-03-09,1,6,182,825,6,9256,1,0
3078,10418,1,2024-02-21,1,1,69,303,1,9257,1,0
3079,10418,1,2024-02-11,1,1,69,303,1,9258,1,0
3080,10423,1,2024-01-02,1,4,163,735,4,9263,1,0
3081,10426,1,2024-11-06,1,3,151,683,3,9265,1,0
3082,10434,1,2025-11-21,1,12,230,1041,12,9269,1,0
3083,10439,1,2025-01-14,1,16,250,1129,16,9275,1,0
3084,10439,1,2024-12-17,1,16,250,1129,16,9276,1,0
3085,10442,1,2023-11-21,1,3,150,680,3,9279,1,0
3086,10443,1,2023-04-07,1,4,154,699,4,9280,1,0
3087,10448,1,2024-04-27,1,7,196,892,7,9284,1,0
3088,10451,1,2023-09-19,1,1,32,141,1,9287,1,0
3089,10455,1,2025-04-26,1,5,179,813,5,9291,1,0
3090,10455,1,2025-03-18,1,5,179,813,5,9292,1,0
3091,10458,1,2025-05-06,1,1,54,243,1,9295,1,0
3092,10458,1,2025-03-28,1,1,54,243,1,9296,1,0
3093,10458,1,2025-03-04,1,1,54,243,1,9297,1,0
3094,10461,1,2026-04-27,1,1,61,272,1,9301,1,0
3095,10462,1,2025-09-29,1,2,135,612,2,9302,1,0
3096,10462,1,2025-08-18,1,2,135,612,2,9303,1,0
3097,10462,1,2025-09-07,1,2,135,612,2,9304,1,0
3098,10463,1,2025-07-11,1,1,4,16,1,9305,1,0
3099,10468,1,2025-11-14,1,1,38,168,1,9308,1,0
3100,10469,1,2025-06-13,1,1,101,450,1,9309,1,0
3101,10473,1,2025-10-19,1,10,221,998,10,9314,1,0
3102,10474,1,2025-02-28,1,3,143,650,3,9315,1,0
3103,10474,1,2024-12-26,1,3,143,650,3,9316,1,0
3104,10475,1,2026-07-04,1,24,277,1246,24,9317,1,0
3105,10475,1,2026-06-28,1,24,277,1246,24,9318,1,0
3106,10476,1,2024-10-09,1,3,153,694,3,9320,1,0
3107,10476,1,2024-11-28,1,3,153,694,3,9321,1,0
3108,10480,1,2025-04-02,1,2,129,587,2,9327,1,0
3109,10482,1,2026-05-04,1,23,273,1227,23,9330,1,0
3110,10483,1,2025-08-30,1,18,257,1162,18,9332,1,0
3111,10483,1,2025-11-16,1,18,257,1162,18,9333,1,0
3112,10484,1,2024-05-01,1,31,298,1333,31,9334,1,0
3113,10487,1,2024-01-10,1,6,190,863,6,9335,1,0
3114,10488,1,2024-10-13,1,1,61,269,1,9336,1,0
3115,10492,1,2023-02-04,1,28,288,1290,28,9340,1,0
3116,10493,1,2024-08-01,1,1,33,149,1,9341,1,0
3117,10493,1,2024-07-10,1,1,33,149,1,9342,1,0
3118,10495,1,2025-05-06,1,1,17,75,1,9343,1,0
3119,10499,1,2024-12-09,1,1,57,257,1,9346,1,0
3120,10502,1,2023-08-17,1,4,165,745,4,9350,1,0
3121,10508,1,2025-04-16,1,27,284,1275,27,9356,1,0
3122,10511,1,2025-01-27,1,17,254,1150,17,9360,1,0
3123,10515,1,2024-12-20,1,25,279,1252,25,9361,1,0
3124,10516,1,2025-03-03,1,1,53,242,1,9362,1,0
3125,10516,1,2024-12-28,1,1,53,242,1,9363,1,0
3126,10519,1,2024-03-04,1,1,48,217,1,9366,1,0
3127,10519,1,2024-03-02,1,1,48,217,1,9367,1,0
3128,10519,1,2024-03-18,1,1,48,217,1,9368,1,0
3129,10523,1,2023-08-28,1,24,277,1241,24,9372,1,0
3130,10538,1,2025-02-18,1,6,186,845,6,9384,1,0
3131,10538,1,2025-02-17,1,6,186,845,6,9385,1,0
3132,10538,1,2025-02-10,1,6,186,845,6,9386,1,0
3133,10544,1,2025-02-11,1,1,52,237,1,9395,1,0
3134,10544,1,2024-12-06,1,1,52,237,1,9396,1,0
3135,10559,1,2025-03-23,1,14,239,1080,14,9405,1,0
3136,10559,1,2025-01-24,1,14,239,1080,14,9406,1,0
3137,10564,1,2025-09-11,1,11,225,1020,11,9411,1,0
3138,10564,1,2025-09-05,1,11,225,1020,11,9413,1,0
3139,10565,1,2023-11-17,1,1,38,166,1,9414,1,0
3140,10574,1,2023-11-22,1,1,29,128,1,9423,1,0
3141,10574,1,2023-10-12,1,1,29,128,1,9424,1,0
3142,10578,1,2025-08-22,1,1,2,7,1,9426,1,0
3143,10583,1,2024-03-01,1,1,74,329,1,9435,1,0
3144,10597,1,2023-12-08,1,14,238,1076,14,9448,1,0
3145,10606,1,2024-02-23,1,26,281,1262,26,9453,1,0
3146,10611,1,2025-04-06,1,24,276,1238,24,9459,1,0
3147,10614,1,2023-06-12,1,5,180,816,5,9460,1,0
3148,10614,1,2023-07-11,1,5,180,816,5,9461,1,0
3149,10614,1,2023-04-29,1,5,180,816,5,9462,1,0
3150,10615,1,2026-07-13,1,31,296,1326,31,9463,1,0
3151,10617,1,2024-08-04,1,6,190,864,6,9464,1,0
3152,10620,1,2026-07-13,1,4,157,714,4,9469,1,0
3153,10620,1,2026-07-13,1,4,157,714,4,9470,1,0
3154,10638,1,2023-12-03,1,1,117,528,1,9483,1,0
3155,10638,1,2023-11-12,1,1,117,528,1,9484,1,0
3156,10638,1,2023-11-29,1,1,117,528,1,9485,1,0
3157,10642,1,2024-04-15,1,12,229,1038,12,9489,1,0
3158,10642,1,2024-03-20,1,12,229,1038,12,9490,1,0
3159,10652,1,2023-11-25,1,12,231,1046,12,9497,1,0
3160,10659,1,2024-09-26,1,1,11,50,1,9502,1,0
3161,10662,1,2023-12-16,1,21,268,1205,21,9506,1,0
3162,10666,1,2023-10-05,1,26,281,1262,26,9508,1,0
3163,10667,1,2025-10-12,1,3,145,657,3,9509,1,0
3164,10669,1,2025-02-21,1,1,111,497,1,9511,1,0
3165,10670,1,2024-04-05,1,1,48,217,1,9513,1,0
3166,10671,1,2023-11-26,1,2,132,597,2,9514,1,0
3167,10677,1,2023-06-22,1,25,279,1253,25,9516,1,0
3168,10682,1,2025-09-07,1,29,290,1299,29,9521,1,0
3169,10688,1,2025-03-21,1,1,99,441,1,9525,1,0
3170,10694,1,2023-10-22,1,6,188,854,6,9527,1,0
3171,10694,1,2023-10-04,1,6,188,854,6,9528,1,0
3172,10695,1,2024-12-02,1,3,140,636,3,9529,1,0
3173,10696,1,2026-05-30,1,12,232,1050,12,9530,1,0
3174,10696,1,2026-06-03,1,12,232,1050,12,9531,1,0
3175,10702,1,2024-08-30,1,13,237,1070,13,9534,1,0
3176,10702,1,2025-01-05,1,13,237,1070,13,9535,1,0
3177,10712,1,2024-03-26,1,1,82,363,1,9544,1,0
3178,10715,1,2026-03-03,1,1,48,214,1,9547,1,0
3179,10721,1,2023-12-24,1,15,246,1111,15,9552,1,0
3180,10734,1,2023-12-15,1,4,162,734,4,9563,1,0
3181,10743,1,2025-09-18,1,28,287,1285,28,9567,1,0
3182,10747,1,2026-05-12,1,1,67,298,1,9572,1,0
3183,10757,1,2024-02-26,1,14,241,1088,14,9577,1,0
3184,10764,1,2023-10-20,1,1,116,523,1,9583,1,0
3185,10764,1,2023-10-06,1,1,116,523,1,9584,1,0
3186,10765,1,2025-11-07,1,1,35,153,1,9585,1,0
3187,10768,1,2024-04-06,1,1,109,488,1,9587,1,0
3188,10787,1,2026-02-08,1,1,34,152,1,9603,1,0
3189,10787,1,2026-02-01,1,1,34,152,1,9604,1,0
3190,10788,1,2024-06-02,1,1,43,188,1,9605,1,0
3191,10795,1,2024-08-16,1,27,286,1283,27,9614,1,0
3192,10798,1,2023-08-22,1,15,245,1109,15,9618,1,0
3193,10799,1,2023-05-31,1,2,122,550,2,9619,1,0
3194,10806,1,2024-11-19,1,3,152,690,3,9627,1,0
3195,10815,1,2025-08-18,1,5,180,815,5,9639,1,0
3196,10844,1,2025-12-23,1,1,70,310,1,9662,1,0
3197,10848,1,2024-06-01,1,1,12,53,1,9664,1,0
3198,10852,1,2025-06-28,1,1,64,286,1,9665,1,0
3199,10855,1,2026-03-08,1,2,122,547,2,9667,1,0
3200,10857,1,2023-08-30,1,11,223,1011,11,9669,1,0
3201,10867,1,2023-05-08,1,2,130,589,2,9678,1,0
3202,10869,1,2024-08-22,1,6,183,828,6,9680,1,0
3203,10869,1,2024-06-16,1,6,183,828,6,9681,1,0
3204,10881,1,2023-11-13,1,10,220,997,10,9690,1,0
3205,10902,1,2024-03-19,1,3,140,635,3,9705,1,0
3206,10902,1,2024-03-15,1,3,140,635,3,9706,1,0
3207,10903,1,2024-06-24,1,5,172,785,5,9707,1,0
3208,10904,1,2023-07-28,1,6,186,847,6,9708,1,0
3209,10909,1,2024-04-12,1,5,170,771,5,9710,1,0
3210,10910,1,2025-10-13,1,2,125,567,2,9711,1,0
3211,10913,1,2025-09-24,1,1,73,325,1,9713,1,0
3212,10915,1,2025-07-20,1,1,91,403,1,9717,1,0
3213,10919,1,2026-07-09,1,1,96,428,1,9721,1,0
3214,10932,1,2025-11-22,1,2,125,565,2,9733,1,0
3215,10935,1,2026-02-07,1,24,277,1241,24,9734,1,0
3216,10936,1,2024-05-16,1,1,82,363,1,9735,1,0
3217,10936,1,2024-05-14,1,1,82,363,1,9736,1,0
3218,10936,1,2024-06-01,1,1,82,363,1,9737,1,0
3219,10938,1,2026-01-29,1,11,227,1026,11,9738,1,0
3220,10938,1,2026-03-08,1,11,227,1026,11,9739,1,0
3221,10943,1,2024-11-02,1,5,178,806,5,9740,1,0
3222,10950,1,2023-10-19,1,3,144,654,3,9746,1,0
3223,10952,1,2024-03-19,1,1,41,182,1,9748,1,0
3224,10964,1,2024-10-09,1,20,265,1192,20,9758,1,0
3225,10967,1,2023-02-05,1,10,217,982,10,9759,1,0
3226,10979,1,2025-10-19,1,1,50,227,1,9765,1,0
3227,10979,1,2025-11-30,1,1,50,227,1,9766,1,0
3228,10982,1,2023-08-14,1,1,52,235,1,9768,1,0
3229,10984,1,2026-01-09,1,30,295,1323,30,9770,1,0
3230,10984,1,2026-01-23,1,30,295,1323,30,9771,1,0
3231,10986,1,2025-07-12,1,3,151,682,3,9772,1,0
3232,10988,1,2024-10-15,1,8,203,921,8,9777,1,0
3233,10994,1,2026-07-13,1,8,209,944,8,9783,1,0
3234,10995,1,2025-05-12,1,3,142,643,3,9785,1,0
3235,10995,1,2025-07-18,1,3,142,643,3,9786,1,0
3236,10998,1,2023-08-11,1,1,64,287,1,9790,1,0
3237,11009,1,2024-06-21,1,14,241,1090,14,9799,1,0
3238,11009,1,2024-05-23,1,14,241,1090,14,9800,1,0
3239,11013,1,2025-04-30,1,1,51,230,1,9807,1,0
3240,11013,1,2025-04-22,1,1,51,230,1,9808,1,0
3241,11015,1,2025-08-22,1,17,252,1137,17,9810,1,0
3242,11017,1,2026-02-01,1,1,51,231,1,9811,1,0
3243,11029,1,2023-09-29,1,3,144,654,3,9820,1,0
3244,11033,1,2024-09-30,1,1,42,186,1,9823,1,0
3245,11033,1,2024-09-15,1,1,42,186,1,9824,1,0
3246,11045,1,2023-04-29,1,1,53,242,1,9834,1,0
3247,11045,1,2023-09-21,1,1,53,242,1,9835,1,0
3248,11047,1,2023-04-20,1,18,256,1159,18,9836,1,0
3249,11049,1,2024-07-10,1,2,134,608,2,9838,1,0
3250,11049,1,2024-07-10,1,2,134,608,2,9839,1,0
3251,11051,1,2026-06-30,1,7,193,876,7,9840,1,0
3252,11051,1,2026-06-26,1,7,193,876,7,9841,1,0
3253,11051,1,2026-07-13,1,7,193,876,7,9842,1,0
3254,11055,1,2024-06-09,1,17,253,1142,17,9844,1,0
3255,11056,1,2024-12-15,1,15,246,1112,15,9845,1,0
3256,11058,1,2025-07-04,1,4,157,712,4,9847,1,0
3257,11058,1,2025-06-19,1,4,157,712,4,9848,1,0
3258,11063,1,2025-11-01,1,12,229,1036,12,9852,1,0
3259,11063,1,2025-11-22,1,12,229,1036,12,9853,1,0
3260,11066,1,2026-04-28,1,12,232,1050,12,9854,1,0
3261,11068,1,2026-05-21,1,1,16,70,1,9856,1,0
3262,11068,1,2026-05-13,1,1,16,70,1,9857,1,0
3263,11070,1,2026-07-13,1,1,57,257,1,9858,1,0
3264,11072,1,2024-09-29,1,18,257,1162,18,9861,1,0
3265,11072,1,2024-10-15,1,18,257,1162,18,9862,1,0
3266,11075,1,2023-11-03,1,20,264,1189,20,9866,1,0
3267,11080,1,2026-01-11,1,3,143,649,3,9871,1,0
3268,11080,1,2025-12-21,1,3,143,649,3,9872,1,0
3269,11085,1,2026-02-25,1,3,145,656,3,9880,1,0
3270,11093,1,2025-06-20,1,4,161,729,4,9887,1,0
3271,11100,1,2026-07-13,1,1,66,294,1,9895,1,0
3272,11101,1,2025-08-02,1,1,27,117,1,9896,1,0
3273,11104,1,2024-09-23,1,1,104,469,1,9897,1,0
3274,11107,1,2025-07-13,1,7,201,907,7,9899,1,0
3275,11109,1,2026-07-13,1,3,142,643,3,9901,1,0
3276,11113,1,2025-02-09,1,1,1,3,1,9909,1,0
3277,11113,1,2024-12-20,1,1,1,3,1,9910,1,0
3278,11114,1,2025-03-20,1,11,227,1025,11,9911,1,0
3279,11116,1,2025-12-27,1,15,244,1105,15,9915,1,0
3280,11117,1,2024-06-16,1,1,48,217,1,9917,1,0
3281,11117,1,2024-04-07,1,1,48,217,1,9918,1,0
3282,11120,1,2024-09-09,1,1,70,311,1,9921,1,0
3283,11122,1,2025-03-07,1,1,19,85,1,9923,1,0
3284,11128,1,2026-07-13,1,28,289,1294,28,9930,1,0
3285,11129,1,2025-04-07,1,15,246,1113,15,9931,1,1
3286,11130,1,2026-03-14,1,1,69,305,1,9932,1,0
3287,11132,1,2025-04-04,1,1,96,426,1,9934,1,0
3288,11134,1,2024-09-28,1,7,193,875,7,9936,1,0
3289,11147,1,2026-02-18,1,1,2,4,1,9951,1,0
3290,11151,1,2023-10-24,1,9,210,947,9,9953,1,0
3291,11152,1,2026-03-06,1,5,180,819,5,9954,1,0
3292,11155,1,2024-09-10,1,1,102,456,1,9960,1,0
3293,11170,1,2024-09-03,1,1,24,104,1,9970,1,0
3294,11174,1,2026-06-13,1,1,53,241,1,9975,1,0
3295,11177,1,2026-07-13,1,17,255,1153,17,9980,1,0
3296,11189,1,2024-12-02,1,9,211,950,9,9986,1,0
3297,11197,1,2023-04-10,1,2,124,562,2,9991,1,0
3298,11204,1,2024-06-09,1,5,173,789,5,9996,1,0
3299,11205,1,2025-12-24,1,3,153,695,3,9997,1,0
3300,11214,1,2026-02-05,1,1,18,80,1,10005,1,0
3301,11214,1,2025-12-12,1,1,18,80,1,10006,1,0
3302,11227,1,2025-01-14,1,15,244,1103,15,10012,1,0
3303,11227,1,2024-10-02,1,15,244,1103,15,10013,1,0
3304,11238,1,2024-10-05,1,4,158,715,4,10020,1,0
3305,11243,1,2025-09-18,1,11,225,1019,11,10023,1,0
3306,11243,1,2025-09-06,1,11,225,1019,11,10024,1,0
3307,11251,1,2023-12-28,1,6,187,849,6,10030,1,0
3308,11260,1,2023-11-10,1,5,176,798,5,10035,1,0
3309,11260,1,2023-12-02,1,5,176,798,5,10036,1,0
3310,11261,1,2023-07-02,1,4,157,712,4,10037,1,0
3311,11271,1,2026-06-06,1,10,217,977,10,10044,1,0
3312,11277,1,2024-12-23,1,3,137,622,3,10046,1,0
3313,11282,1,2026-01-02,1,29,290,1300,29,10049,1,0
3314,11284,1,2024-11-30,1,24,276,1240,24,10050,1,0
3315,11286,1,2024-02-15,1,5,172,785,5,10052,1,0
3316,11287,1,2023-11-13,1,4,160,722,4,10053,1,0
3317,11291,1,2024-02-24,1,13,236,1068,13,10057,1,0
3318,11305,1,2023-04-20,1,1,28,125,1,10068,1,0
3319,11310,1,2024-10-14,1,7,197,895,7,10075,1,0
3320,11314,1,2024-04-17,1,1,23,100,1,10079,1,0
3321,11318,1,2023-06-17,1,9,212,957,9,10084,1,0
3322,11325,1,2024-01-13,1,1,44,196,1,10089,1,0
3323,11333,1,2026-07-13,1,14,238,1077,14,10098,1,0
3324,11333,1,2026-07-13,1,14,238,1077,14,10099,1,0
3325,11333,1,2026-07-13,1,14,238,1077,14,10100,1,0
3326,11344,1,2023-09-11,1,1,41,182,1,10106,1,0
3327,11345,1,2025-05-18,1,1,36,162,1,10107,1,0
3328,11348,1,2025-09-17,1,4,163,737,4,10110,1,0
3329,11348,1,2025-06-28,1,4,163,737,4,10111,1,0
3330,11349,1,2026-04-13,1,12,232,1051,12,10112,1,0
3331,11349,1,2026-06-16,1,12,232,1051,12,10113,1,0
3332,11356,1,2026-04-20,1,12,229,1037,12,10119,1,0
3333,11358,1,2026-06-16,1,1,81,356,1,10120,1,0
3334,11367,1,2026-07-05,1,3,145,657,3,10133,1,0
3335,11370,1,2025-05-13,1,1,52,234,1,10137,1,0
3336,11370,1,2025-03-26,1,1,52,234,1,10138,1,0
3337,11373,1,2023-07-10,1,17,254,1145,17,10139,1,0
3338,11373,1,2023-09-02,1,17,254,1145,17,10140,1,0
3339,11375,1,2025-05-04,1,29,292,1306,29,10141,1,0
3340,11387,1,2024-02-23,1,31,297,1328,31,10149,1,0
3341,11388,1,2026-05-08,1,3,140,637,3,10150,1,0
3342,11389,1,2023-12-15,1,1,80,354,1,10151,1,0
3343,11398,1,2025-11-06,1,4,161,730,4,10160,1,0
3344,11399,1,2026-07-13,1,1,88,389,1,10161,1,0
3345,11400,1,2024-05-10,1,1,95,422,1,10162,1,0
3346,11400,1,2024-05-25,1,1,95,422,1,10163,1,0
3347,11400,1,2024-04-29,1,1,95,422,1,10164,1,0
3348,11408,1,2025-01-17,1,10,219,990,10,10169,1,0
3349,11408,1,2024-11-01,1,10,219,990,10,10170,1,0
3350,11415,1,2025-10-10,1,2,128,583,2,10176,1,0
3351,11415,1,2025-11-01,1,2,128,583,2,10177,1,0
3352,11416,1,2023-05-02,1,1,95,422,1,10178,1,0
3353,11424,1,2024-06-28,1,29,291,1304,29,10184,1,0
3354,11427,1,2024-01-25,1,16,248,1122,16,10188,1,0
3355,11428,1,2026-05-10,1,14,239,1078,14,10189,1,0
3356,11440,1,2023-08-29,1,28,287,1285,28,10201,1,0
3357,11440,1,2023-07-03,1,28,287,1285,28,10202,1,0
3358,11450,1,2024-06-03,1,18,259,1170,18,10214,1,0
3359,11470,1,2024-09-16,1,7,194,882,7,10225,1,0
3360,11480,1,2024-06-03,1,8,204,923,8,10236,1,0
3361,11487,1,2025-10-12,1,26,283,1274,26,10241,1,0
3362,11496,1,2024-05-23,1,29,290,1299,29,10245,1,0
3363,11501,1,2024-12-30,1,2,135,610,2,10250,1,0
3364,11504,1,2024-12-18,1,23,272,1221,23,10251,1,0
3365,11504,1,2025-01-28,1,23,272,1221,23,10252,1,0
3366,11510,1,2026-04-07,1,1,102,457,1,10257,1,0
3367,11510,1,2026-06-21,1,1,102,457,1,10258,1,0
3368,11514,1,2025-02-10,1,17,254,1148,17,10263,1,0
3369,11519,1,2025-05-24,1,7,191,867,7,10267,1,0
3370,11519,1,2025-10-03,1,7,191,867,7,10268,1,0
3371,11519,1,2025-10-02,1,7,191,867,7,10269,1,0
3372,11521,1,2025-06-17,1,1,30,132,1,10271,1,0
3373,11521,1,2025-10-21,1,1,30,132,1,10272,1,0
3374,11526,1,2023-04-13,1,2,124,560,2,10275,1,0
3375,11531,1,2023-07-10,1,10,216,972,10,10277,1,0
3376,11531,1,2023-02-12,1,10,216,972,10,10278,1,0
3377,11531,1,2023-05-16,1,10,216,972,10,10279,1,0
3378,11540,1,2025-07-25,1,23,272,1221,23,10287,1,0
3379,11541,1,2026-04-13,1,9,210,948,9,10288,1,0
3380,11541,1,2026-01-25,1,9,210,948,9,10289,1,0
3381,11542,1,2025-12-16,1,1,108,484,1,10290,1,0
3382,11544,1,2023-12-28,1,4,167,758,4,10291,1,0
3383,11546,1,2024-04-16,1,5,173,787,5,10292,1,0
3384,11547,1,2023-03-21,1,1,65,291,1,10293,1,0
3385,11549,1,2025-03-28,1,4,160,723,4,10295,1,0
3386,11556,1,2024-12-18,1,1,36,159,1,10300,1,0
3387,11556,1,2024-12-21,1,1,36,159,1,10301,1,0
3388,11559,1,2023-05-23,1,1,22,96,1,10303,1,0
3389,11559,1,2023-05-09,1,1,22,96,1,10304,1,0
3390,11566,1,2025-12-19,1,7,201,908,7,10306,1,0
3391,11568,1,2026-04-02,1,2,128,580,2,10308,1,0
3392,11572,1,2025-11-08,1,1,56,252,1,10312,1,0
3393,11576,1,2025-06-11,1,7,199,900,7,10313,1,0
3394,11579,1,2026-05-22,1,3,146,663,3,10316,1,0
3395,11579,1,2026-05-10,1,3,146,663,3,10317,1,0
3396,11579,1,2026-05-20,1,3,146,663,3,10318,1,0
3397,11587,1,2023-03-05,1,13,233,1055,13,10321,1,0
3398,11587,1,2023-06-02,1,13,233,1055,13,10322,1,0
3399,11587,1,2023-06-22,1,13,233,1055,13,10323,1,0
3400,11591,1,2024-11-15,1,1,98,434,1,10327,1,0
3401,11592,1,2025-04-14,1,11,225,1019,11,10328,1,0
3402,11597,1,2023-06-29,1,1,9,39,1,10333,1,0
3403,11597,1,2023-06-05,1,1,9,39,1,10334,1,0
3404,11600,1,2025-10-14,1,2,134,607,2,10335,1,0
3405,11607,1,2024-05-11,1,8,207,936,8,10341,1,0
3406,11619,1,2024-06-23,1,12,231,1044,12,10349,1,0
3407,11620,1,2023-10-19,1,22,269,1209,22,10350,1,0
3408,11625,1,2023-09-02,1,29,290,1299,29,10352,1,0
3409,11627,1,2024-04-27,1,3,145,657,3,10353,1,0
3410,11627,1,2024-07-04,1,3,145,657,3,10354,1,0
3411,11627,1,2024-05-06,1,3,145,657,3,10355,1,0
3412,11643,1,2026-02-11,1,1,85,377,1,10369,1,0
3413,11643,1,2026-02-03,1,1,85,377,1,10371,1,0
3414,11645,1,2023-10-08,1,1,13,58,1,10373,1,0
3415,11645,1,2023-07-22,1,1,13,58,1,10374,1,0
3416,11645,1,2023-05-18,1,1,13,58,1,10375,1,1
3417,11649,1,2024-02-14,1,11,222,1005,11,10379,1,0
3418,11653,1,2023-04-20,1,1,50,225,1,10385,1,0
3419,11654,1,2025-11-12,1,1,5,18,1,10386,1,0
3420,11659,1,2024-10-10,1,16,251,1133,16,10391,1,0
3421,11659,1,2024-12-05,1,16,251,1133,16,10392,1,1
3422,11661,1,2025-08-02,1,1,118,533,1,10393,1,0
3423,11661,1,2025-09-30,1,1,118,533,1,10394,1,0
3424,11663,1,2023-04-29,1,9,214,967,9,10397,1,0
3425,11663,1,2023-02-18,1,9,214,967,9,10398,1,0
3426,11664,1,2025-01-02,1,4,167,755,4,10399,1,0
3427,11669,1,2025-01-02,1,12,229,1038,12,10403,1,0
3428,11669,1,2024-11-19,1,12,229,1038,12,10404,1,0
3429,11671,1,2025-01-11,1,1,47,210,1,10406,1,0
3430,11671,1,2025-05-26,1,1,47,210,1,10408,1,0
3431,11674,1,2025-04-16,1,1,96,428,1,10411,1,0
3432,11675,1,2024-05-08,1,1,85,378,1,10412,1,0
3433,11676,1,2024-09-17,1,27,286,1282,27,10414,1,0
3434,11676,1,2024-08-02,1,27,286,1282,27,10415,1,0
3435,11681,1,2026-03-30,1,1,97,433,1,10418,1,0
3436,11681,1,2026-05-02,1,1,97,433,1,10419,1,0
3437,11688,1,2023-12-25,1,20,263,1183,20,10425,1,0
3438,11707,1,2025-01-31,1,3,137,622,3,10439,1,0
3439,11708,1,2025-03-05,1,1,75,333,1,10441,1,0
3440,11719,1,2026-06-07,1,5,169,765,5,10449,1,0
3441,11719,1,2026-02-18,1,5,169,765,5,10450,1,0
3442,11720,1,2023-09-17,1,1,62,277,1,10451,1,0
3443,11720,1,2023-10-22,1,1,62,277,1,10452,1,0
3444,11728,1,2024-02-18,1,6,182,827,6,10458,1,0
3445,11728,1,2023-12-20,1,6,182,827,6,10459,1,0
3446,11739,1,2025-06-19,1,3,137,621,3,10464,1,0
3447,11750,1,2023-06-02,1,17,252,1138,17,10470,1,0
3448,11755,1,2026-07-13,1,1,109,490,1,10474,1,0
3449,11759,1,2026-07-13,1,22,269,1208,22,10477,1,0
3450,11761,1,2025-08-11,1,21,268,1205,21,10478,1,0
3451,11764,1,2025-06-26,1,27,286,1282,27,10481,1,0
3452,11768,1,2024-04-20,1,11,222,1003,11,10484,1,0
3453,11777,1,2025-11-30,1,30,294,1314,30,10488,1,0
3454,11791,1,2024-06-14,1,1,66,293,1,10497,1,0
3455,11792,1,2023-09-12,1,29,292,1308,29,10498,1,0
3456,11801,1,2025-12-12,1,22,270,1213,22,10506,1,0
3457,11813,1,2023-09-17,1,5,168,763,5,10515,1,0
3458,11825,1,2024-09-18,1,1,60,268,1,10525,1,0
3459,11829,1,2025-03-27,1,1,45,198,1,10526,1,0
3460,11836,1,2026-02-22,1,1,85,374,1,10531,1,0
3461,11838,1,2025-10-24,1,11,224,1014,11,10532,1,0
3462,11838,1,2025-10-19,1,11,224,1014,11,10533,1,0
3463,11839,1,2026-05-15,1,9,214,967,9,10534,1,0
3464,11839,1,2026-03-11,1,9,214,967,9,10535,1,0
3465,11839,1,2026-04-19,1,9,214,967,9,10536,1,0
3466,11844,1,2026-04-24,1,8,207,935,8,10539,1,0
3467,11844,1,2026-07-13,1,8,207,935,8,10540,1,0
3468,11852,1,2025-10-18,1,13,233,1053,13,10545,1,0
3469,11854,1,2023-07-16,1,28,287,1288,28,10547,1,0
3470,11857,1,2024-03-08,1,4,164,741,4,10551,1,0
3471,11858,1,2025-09-10,1,11,224,1017,11,10552,1,0
3472,11858,1,2025-08-21,1,11,224,1017,11,10553,1,0
3473,11860,1,2026-05-26,1,4,161,730,4,10555,1,0
3474,11860,1,2026-03-02,1,4,161,730,4,10556,1,0
3475,11862,1,2023-05-31,1,1,48,216,1,10559,1,0
3476,11865,1,2024-01-19,1,2,135,609,2,10560,1,0
3477,11873,1,2025-03-01,1,7,197,894,7,10564,1,0
3478,11886,1,2025-11-30,1,13,234,1056,13,10571,1,0
3479,11887,1,2026-01-09,1,1,14,64,1,10572,1,0
3480,11894,1,2024-05-31,1,11,223,1010,11,10577,1,0
3481,11894,1,2024-07-13,1,11,223,1010,11,10578,1,0
3482,11895,1,2023-02-23,1,20,265,1192,20,10579,1,0
3483,11898,1,2024-12-23,1,9,214,966,9,10580,1,0
3484,11910,1,2023-07-03,1,4,161,727,4,10595,1,0
3485,11912,1,2024-10-29,1,1,50,225,1,10596,1,0
3486,11912,1,2024-07-19,1,1,50,225,1,10597,1,0
3487,11913,1,2026-06-13,1,1,52,236,1,10598,1,0
3488,11920,1,2025-04-02,1,5,176,798,5,10603,1,0
3489,11928,1,2026-07-13,1,16,249,1126,16,10611,1,0
3490,11934,1,2026-07-13,1,1,108,483,1,10614,1,0
3491,11934,1,2026-07-13,1,1,108,483,1,10615,1,0
3492,11939,1,2024-01-02,1,13,233,1054,13,10620,1,0
3493,11939,1,2024-04-26,1,13,233,1054,13,10621,1,0
3494,11945,1,2025-05-27,1,1,55,249,1,10628,1,0
3495,11946,1,2023-11-09,1,1,21,91,1,10629,1,0
3496,11946,1,2023-12-02,1,1,21,91,1,10630,1,0
3497,11952,1,2024-08-09,1,11,225,1020,11,10635,1,0
3498,11962,1,2025-07-24,1,13,234,1056,13,10641,1,0
3499,11962,1,2025-08-17,1,13,234,1056,13,10642,1,0
3500,11962,1,2025-05-20,1,13,234,1056,13,10643,1,0
3501,11965,1,2025-01-04,1,1,75,335,1,10647,1,0
3502,11968,1,2024-04-07,1,28,289,1295,28,10649,1,0
3503,11971,1,2025-01-10,1,1,100,449,1,10652,1,0
3504,11971,1,2025-01-25,1,1,100,449,1,10653,1,0
3505,11972,1,2024-12-14,1,14,241,1090,14,10654,1,0
3506,11974,1,2023-08-15,1,3,140,634,3,10658,1,0
3507,11976,1,2026-07-11,1,5,180,816,5,10661,1,0
3508,11978,1,2024-09-19,1,1,57,255,1,10664,1,0
3509,11981,1,2024-05-19,1,9,211,952,9,10667,1,0
3510,11985,1,2023-08-27,1,25,278,1247,25,10672,1,0
3511,11985,1,2023-07-21,1,25,278,1247,25,10673,1,0
3512,11988,1,2024-12-29,1,3,152,691,3,10674,1,0
3513,11988,1,2024-12-22,1,3,152,691,3,10675,1,0
3514,11989,1,2024-04-19,1,1,23,99,1,10676,1,0
3515,12001,1,2026-03-27,1,1,6,23,1,10684,1,0
3516,12001,1,2026-04-06,1,1,6,23,1,10685,1,0
3517,12002,1,2023-11-10,1,10,221,1001,10,10686,1,0
3518,12010,1,2026-01-09,1,9,213,961,9,10693,1,0
3519,12020,1,2025-09-02,1,3,146,660,3,10700,1,0
3520,12021,1,2023-10-01,1,1,28,125,1,10703,1,0
3521,12021,1,2023-10-31,1,1,28,125,1,10704,1,0
3522,12025,1,2025-03-21,1,14,241,1090,14,10705,1,0
3523,12032,1,2026-06-01,1,7,194,881,7,10712,1,0
3524,12035,1,2023-05-23,1,8,206,933,8,10716,1,0
3525,12037,1,2025-12-12,1,1,57,255,1,10717,1,0
3526,12043,1,2024-01-07,1,1,102,455,1,10719,1,0
3527,12043,1,2024-01-30,1,1,102,455,1,10720,1,0
3528,12048,1,2023-07-13,1,9,212,955,9,10727,1,0
3529,12051,1,2024-07-24,1,1,37,165,1,10728,1,0
3530,12066,1,2026-07-13,1,8,204,924,8,10734,1,0
3531,12066,1,2026-07-13,1,8,204,924,8,10735,1,0
3532,12069,1,2025-03-13,1,28,288,1289,28,10737,1,0
3533,12083,1,2026-01-27,1,3,146,663,3,10747,1,0
3534,12083,1,2026-01-12,1,3,146,663,3,10748,1,0
3535,12093,1,2025-10-12,1,10,219,989,10,10752,1,0
3536,12095,1,2026-02-28,1,14,240,1085,14,10755,1,0
3537,12095,1,2026-04-18,1,14,240,1085,14,10756,1,0
3538,12099,1,2026-04-06,1,1,23,99,1,10757,1,0
3539,12101,1,2025-05-08,1,1,82,363,1,10758,1,0
3540,12106,1,2026-04-09,1,14,239,1078,14,10762,1,0
3541,12106,1,2026-07-01,1,14,239,1078,14,10763,1,0
3542,12107,1,2026-03-28,1,1,21,91,1,10764,1,0
3543,12108,1,2025-09-01,1,1,40,178,1,10765,1,0
3544,12116,1,2024-10-20,1,1,25,108,1,10773,1,0
3545,12117,1,2026-04-10,1,1,40,176,1,10775,1,0
3546,12117,1,2026-05-17,1,1,40,176,1,10776,1,0
3547,12124,1,2024-09-27,1,1,20,88,1,10783,1,0
3548,12124,1,2024-10-05,1,1,20,88,1,10784,1,0
3549,12132,1,2025-01-30,1,1,65,291,1,10792,1,0
3550,12133,1,2024-10-08,1,1,12,53,1,10793,1,0
3551,12133,1,2024-12-11,1,1,12,53,1,10794,1,0
3552,12146,1,2025-01-11,1,11,223,1007,11,10802,1,0
3553,12147,1,2024-07-25,1,7,200,905,7,10803,1,0
3554,12147,1,2024-06-17,1,7,200,905,7,10804,1,0
3555,12154,1,2023-04-08,1,1,108,486,1,10808,1,0
3556,12163,1,2026-03-12,1,1,96,428,1,10815,1,0
3557,12166,1,2026-01-15,1,1,32,143,1,10817,1,0
3558,12167,1,2023-11-28,1,1,3,12,1,10818,1,0
3559,12167,1,2023-09-12,1,1,3,12,1,10819,1,0
3560,12171,1,2025-01-05,1,15,244,1102,15,10824,1,0
3561,12174,1,2024-02-27,1,7,199,901,7,10826,1,0
3562,12174,1,2023-12-04,1,7,199,901,7,10827,1,0
3563,12181,1,2026-05-19,1,1,16,71,1,10836,1,0
3564,12181,1,2026-06-06,1,1,16,71,1,10837,1,0
3565,12188,1,2024-02-02,1,12,228,1029,12,10840,1,0
3566,12192,1,2025-05-22,1,1,50,228,1,10843,1,0
3567,12192,1,2025-07-26,1,1,50,228,1,10844,1,0
3568,12193,1,2025-12-06,1,14,239,1080,14,10845,1,0
3569,12194,1,2024-05-12,1,1,54,247,1,10847,1,0
3570,12196,1,2023-05-22,1,1,42,187,1,10849,1,0
3571,12199,1,2024-04-08,1,1,99,444,1,10852,1,1
3572,12201,1,2024-08-02,1,7,197,895,7,10855,1,0
3573,12205,1,2024-11-27,1,7,198,897,7,10858,1,0
3574,12208,1,2023-05-16,1,3,144,654,3,10862,1,0
3575,12208,1,2023-05-29,1,3,144,654,3,10863,1,0
3576,12210,1,2024-11-27,1,3,146,660,3,10864,1,0
3577,12213,1,2024-10-08,1,1,81,360,1,10865,1,0
3578,12213,1,2024-10-26,1,1,81,360,1,10866,1,0
3579,12215,1,2026-05-31,1,15,247,1117,15,10868,1,0
3580,12222,1,2025-12-10,1,2,129,585,2,10870,1,0
3581,12227,1,2025-02-21,1,5,169,765,5,10874,1,0
3582,12235,1,2024-04-05,1,1,53,240,1,10879,1,0
3583,12239,1,2025-09-24,1,1,112,501,1,10884,1,0
3584,12245,1,2024-01-05,1,2,135,609,2,10892,1,0
3585,12245,1,2023-12-31,1,2,135,609,2,10893,1,0
3586,12246,1,2024-11-19,1,3,150,680,3,10894,1,0
3587,12253,1,2026-05-06,1,1,119,539,1,10897,1,0
3588,12253,1,2026-07-13,1,1,119,539,1,10898,1,0
3589,12258,1,2024-06-13,1,1,57,257,1,10904,1,0
3590,12259,1,2023-11-16,1,7,201,908,7,10905,1,0
3591,12263,1,2024-05-02,1,1,99,444,1,10912,1,0
3592,12263,1,2024-05-03,1,1,99,444,1,10913,1,0
3593,12263,1,2024-02-13,1,1,99,444,1,10914,1,0
3594,12265,1,2023-08-31,1,24,275,1234,24,10915,1,0
3595,12268,1,2024-05-19,1,13,234,1056,13,10919,1,0
3596,12273,1,2023-08-17,1,8,209,942,8,10923,1,0
3597,12273,1,2023-07-02,1,8,209,942,8,10924,1,0
3598,12274,1,2023-04-17,1,1,120,540,1,10925,1,0
3599,12274,1,2023-04-17,1,1,120,540,1,10926,1,0
3600,12284,1,2023-11-13,1,1,26,113,1,10929,1,0
3601,12285,1,2024-05-18,1,1,13,57,1,10930,1,0
3602,12285,1,2024-04-26,1,1,13,57,1,10931,1,0
3603,12287,1,2025-10-19,1,1,38,167,1,10934,1,0
3604,12291,1,2024-05-11,1,18,258,1165,18,10939,1,0
3605,12293,1,2026-07-07,1,1,7,28,1,10940,1,0
3606,12294,1,2026-01-31,1,4,157,714,4,10941,1,0
3607,12300,1,2025-10-13,1,13,233,1053,13,10949,1,0
3608,12300,1,2025-10-08,1,13,233,1053,13,10950,1,0
3609,12308,1,2024-01-28,1,1,59,261,1,10956,1,0
3610,12308,1,2024-02-03,1,1,59,261,1,10957,1,0
3611,12309,1,2026-07-02,1,13,233,1055,13,10959,1,0
3612,12312,1,2024-04-27,1,1,27,117,1,10961,1,0
3613,12312,1,2024-04-21,1,1,27,117,1,10962,1,0
3614,12320,1,2023-02-17,1,1,97,433,1,10969,1,0
3615,12322,1,2024-07-18,1,3,143,650,3,10971,1,0
3616,12323,1,2025-05-19,1,1,17,73,1,10972,1,0
3617,12326,1,2024-06-30,1,1,77,339,1,10974,1,0
3618,12326,1,2024-06-26,1,1,77,339,1,10975,1,0
3619,12330,1,2025-06-27,1,7,198,896,7,10977,1,0
3620,12331,1,2024-08-03,1,1,103,459,1,10978,1,0
3621,12340,1,2024-05-14,1,5,178,805,5,10982,1,0
3622,12341,1,2024-09-09,1,1,14,63,1,10984,1,0
3623,12344,1,2024-07-31,1,1,58,258,1,10986,1,0
3624,12345,1,2023-07-30,1,1,80,355,1,10987,1,0
3625,12347,1,2026-07-13,1,5,174,792,5,10990,1,0
3626,12347,1,2026-06-14,1,5,174,792,5,10991,1,0
3627,12349,1,2024-07-05,1,6,186,847,6,10992,1,0
3628,12349,1,2024-06-17,1,6,186,847,6,10993,1,0
3629,12350,1,2025-05-13,1,21,266,1198,21,10994,1,0
3630,12355,1,2024-10-11,1,1,119,534,1,10998,1,0
3631,12357,1,2026-07-10,1,8,204,922,8,11001,1,0
3632,12361,1,2024-07-27,1,18,259,1170,18,11008,1,0
3633,12361,1,2024-07-18,1,18,259,1170,18,11009,1,0
3634,12366,1,2025-11-28,1,23,272,1223,23,11016,1,0
3635,12367,1,2025-04-24,1,2,132,597,2,11017,1,0
3636,12367,1,2025-04-30,1,2,132,597,2,11018,1,0
3637,12371,1,2025-04-08,1,21,268,1205,21,11023,1,0
3638,12371,1,2025-03-30,1,21,268,1205,21,11024,1,0
3639,12374,1,2026-04-25,1,20,264,1187,20,11026,1,0
3640,12384,1,2025-12-07,1,23,273,1226,23,11031,1,0
3641,12386,1,2023-06-04,1,12,229,1034,12,11032,1,0
3642,12396,1,2024-02-26,1,13,235,1063,13,11040,1,0
3643,12403,1,2025-12-14,1,1,45,201,1,11045,1,0
3644,12412,1,2026-05-14,1,1,76,338,1,11051,1,0
3645,12414,1,2023-06-27,1,1,56,251,1,11052,1,0
3646,12415,1,2024-08-04,1,12,231,1047,12,11053,1,0
3647,12415,1,2024-08-12,1,12,231,1047,12,11055,1,0
3648,12420,1,2024-12-09,1,2,123,551,2,11061,1,0
3649,12451,1,2023-05-30,1,5,172,783,5,11091,1,0
3650,12455,1,2026-07-13,1,21,267,1200,21,11095,1,0
3651,12458,1,2025-11-26,1,1,78,343,1,11100,1,0
3652,12459,1,2024-04-29,1,2,130,589,2,11101,1,0
3653,12459,1,2024-03-28,1,2,130,589,2,11102,1,0
3654,12459,1,2024-07-03,1,2,130,589,2,11103,1,0
3655,12467,1,2026-05-31,1,1,86,381,1,11108,1,0
3656,12467,1,2026-07-13,1,1,86,381,1,11109,1,0
3657,12469,1,2023-07-14,1,12,231,1047,12,11110,1,0
3658,12479,1,2024-11-03,1,1,18,79,1,11118,1,0
3659,12479,1,2024-07-13,1,1,18,79,1,11119,1,0
3660,12483,1,2024-04-28,1,1,92,405,1,11122,1,0
3661,12497,1,2024-12-14,1,30,295,1321,30,11136,1,0
3662,12497,1,2024-11-26,1,30,295,1321,30,11137,1,0
3663,12499,1,2024-07-01,1,1,64,286,1,11139,1,0
3664,12505,1,2024-06-13,1,3,153,695,3,11142,1,0
3665,12505,1,2024-06-30,1,3,153,695,3,11143,1,0
3666,12508,1,2023-03-26,1,24,276,1240,24,11144,1,0
3667,12510,1,2023-05-05,1,7,192,872,7,11146,1,0
3668,12512,1,2025-11-21,1,1,100,446,1,11147,1,0
3669,12513,1,2024-07-02,1,28,287,1287,28,11148,1,0
3670,12522,1,2023-04-04,1,1,11,52,1,11151,1,0
3671,12522,1,2023-05-06,1,1,11,52,1,11152,1,0
3672,12524,1,2024-10-12,1,1,45,200,1,11153,1,0
3673,12527,1,2024-11-25,1,1,62,280,1,11156,1,0
3674,12527,1,2024-12-02,1,1,62,280,1,11158,1,0
3675,12528,1,2026-07-13,1,1,105,472,1,11159,1,0
3676,12530,1,2025-07-03,1,1,41,183,1,11160,1,0
3677,12544,1,2023-06-26,1,1,110,493,1,11168,1,0
3678,12544,1,2023-07-14,1,1,110,493,1,11169,1,0
3679,12544,1,2023-07-20,1,1,110,493,1,11170,1,0
3680,12550,1,2026-03-11,1,20,264,1187,20,11175,1,0
3681,12550,1,2026-02-12,1,20,264,1187,20,11176,1,0
3682,12553,1,2025-04-05,1,23,274,1229,23,11178,1,0
3683,12554,1,2024-09-06,1,1,93,410,1,11179,1,0
3684,12554,1,2024-08-22,1,1,93,410,1,11180,1,0
3685,12558,1,2024-12-12,1,1,54,245,1,11184,1,0
3686,12558,1,2024-11-29,1,1,54,245,1,11185,1,0
3687,12561,1,2025-04-06,1,1,72,319,1,11187,1,0
3688,12567,1,2024-09-01,1,10,217,979,10,11196,1,0
3689,12576,1,2024-11-24,1,6,183,828,6,11199,1,0
3690,12577,1,2025-05-17,1,8,208,940,8,11200,1,0
3691,12582,1,2024-04-11,1,1,117,530,1,11204,1,0
3692,12582,1,2024-03-13,1,1,117,530,1,11205,1,0
3693,12589,1,2023-12-19,1,10,216,975,10,11209,1,0
3694,12591,1,2024-01-17,1,11,224,1014,11,11212,1,0
3695,12594,1,2026-07-13,1,15,244,1103,15,11215,1,0
3696,12594,1,2026-07-13,1,15,244,1103,15,11216,1,0
3697,12594,1,2026-07-13,1,15,244,1103,15,11217,1,0
3698,12604,1,2023-06-09,1,24,276,1240,24,11225,1,0
3699,12604,1,2023-07-26,1,24,276,1240,24,11226,1,0
3700,12610,1,2023-11-11,1,1,5,20,1,11229,1,0
3701,12613,1,2023-10-16,1,3,151,685,3,11230,1,0
3702,12618,1,2025-11-19,1,8,204,922,8,11231,1,0
3703,12622,1,2026-01-18,1,13,233,1052,13,11232,1,0
3704,12622,1,2026-02-19,1,13,233,1052,13,11233,1,0
3705,12627,1,2023-07-27,1,1,49,221,1,11237,1,0
3706,12629,1,2025-04-14,1,26,282,1268,26,11238,1,0
3707,12630,1,2025-08-08,1,1,37,165,1,11239,1,0
3708,12630,1,2025-11-04,1,1,37,165,1,11240,1,0
3709,12630,1,2025-09-10,1,1,37,165,1,11241,1,0
3710,12631,1,2026-03-15,1,1,75,334,1,11242,1,0
3711,12631,1,2025-12-01,1,1,75,334,1,11243,1,0
3712,12633,1,2025-05-04,1,19,261,1177,19,11245,1,0
3713,12638,1,2025-12-04,1,3,153,693,3,11251,1,0
3714,12638,1,2025-10-12,1,3,153,693,3,11252,1,0
3715,12644,1,2026-02-07,1,12,229,1034,12,11255,1,1
3716,12646,1,2026-04-07,1,1,79,348,1,11258,1,0
3717,12648,1,2025-11-05,1,12,232,1049,12,11259,1,0
3718,12648,1,2026-03-11,1,12,232,1049,12,11260,1,0
3719,12651,1,2024-02-15,1,2,128,582,2,11261,1,0
3720,12651,1,2024-02-19,1,2,128,582,2,11262,1,0
3721,12651,1,2024-02-25,1,2,128,582,2,11263,1,0
3722,12652,1,2026-01-05,1,1,25,108,1,11264,1,0
3723,12652,1,2026-02-08,1,1,25,108,1,11265,1,0
3724,12652,1,2026-02-16,1,1,25,108,1,11266,1,0
3725,12655,1,2023-07-06,1,11,223,1011,11,11269,1,0
3726,12658,1,2026-07-13,1,4,161,727,4,11273,1,0
3727,12661,1,2026-01-28,1,7,194,879,7,11274,1,0
3728,12661,1,2025-10-26,1,7,194,879,7,11275,1,0
3729,12661,1,2025-11-23,1,7,194,879,7,11276,1,0
3730,12665,1,2025-09-25,1,1,16,71,1,11281,1,0
3731,12665,1,2025-09-14,1,1,16,71,1,11282,1,0
3732,12673,1,2023-09-27,1,1,85,378,1,11289,1,0
3733,12677,1,2024-08-20,1,1,19,84,1,11292,1,0
3734,12679,1,2026-03-12,1,1,116,524,1,11295,1,0
3735,12681,1,2024-03-07,1,11,224,1014,11,11298,1,0
3736,12681,1,2024-06-23,1,11,224,1014,11,11299,1,0
3737,12684,1,2025-10-07,1,1,56,251,1,11300,1,0
3738,12693,1,2024-02-26,1,1,109,491,1,11312,1,0
3739,12699,1,2026-06-10,1,1,74,329,1,11316,1,0
3740,12699,1,2026-06-07,1,1,74,329,1,11317,1,1
3741,12700,1,2023-08-09,1,2,135,611,2,11318,1,0
3742,12700,1,2023-09-25,1,2,135,611,2,11319,1,0
3743,12701,1,2023-09-06,1,1,3,13,1,11320,1,0
3744,12701,1,2023-08-11,1,1,3,13,1,11321,1,0
3745,12703,1,2024-01-09,1,1,30,133,1,11323,1,0
3746,12703,1,2023-11-30,1,1,30,133,1,11324,1,0
3747,12710,1,2025-08-07,1,6,185,840,6,11329,1,0
3748,12714,1,2023-04-20,1,1,99,444,1,11332,1,0
3749,12714,1,2023-03-29,1,1,99,444,1,11333,1,0
3750,12718,1,2023-11-24,1,1,35,153,1,11335,1,0
3751,12722,1,2025-03-07,1,9,210,946,9,11340,1,0
3752,12737,1,2023-10-11,1,2,129,586,2,11351,1,0
3753,12737,1,2023-10-19,1,2,129,586,2,11352,1,0
3754,12739,1,2024-01-19,1,1,38,167,1,11354,1,0
3755,12745,1,2023-11-29,1,4,162,734,4,11363,1,0
3756,12745,1,2023-12-01,1,4,162,734,4,11364,1,0
3757,12752,1,2024-07-05,1,8,204,923,8,11373,1,0
3758,12752,1,2024-09-02,1,8,204,923,8,11374,1,0
3759,12752,1,2024-07-16,1,8,204,923,8,11375,1,0
3760,12765,1,2025-12-07,1,3,136,616,3,11385,1,0
3761,12766,1,2026-07-08,1,5,175,797,5,11386,1,0
3762,12766,1,2026-07-13,1,5,175,797,5,11387,1,0
3763,12767,1,2023-08-30,1,2,135,609,2,11388,1,0
3764,12769,1,2023-09-02,1,25,278,1249,25,11390,1,0
3765,12769,1,2024-02-29,1,25,278,1249,25,11391,1,0
3766,12773,1,2025-10-19,1,1,25,111,1,11395,1,0
3767,12780,1,2025-02-27,1,1,80,355,1,11399,1,0
3768,12788,1,2025-06-12,1,5,174,794,5,11406,1,0
3769,12791,1,2023-06-10,1,1,18,78,1,11408,1,0
3770,12791,1,2023-07-07,1,1,18,78,1,11409,1,0
3771,12791,1,2023-07-12,1,1,18,78,1,11410,1,0
3772,12793,1,2026-05-04,1,2,122,549,2,11413,1,0
3773,12794,1,2024-02-29,1,1,111,497,1,11414,1,0
3774,12804,1,2026-07-13,1,16,248,1120,16,11419,1,0
3775,12810,1,2023-11-27,1,1,74,329,1,11423,1,0
3776,12810,1,2023-09-25,1,1,74,329,1,11424,1,0
3777,12811,1,2023-05-30,1,5,170,772,5,11425,1,0
3778,12813,1,2024-05-30,1,5,176,799,5,11427,1,0
3779,12813,1,2024-05-28,1,5,176,799,5,11428,1,0
3780,12823,1,2023-08-07,1,1,109,489,1,11432,1,0
3781,12824,1,2025-04-10,1,13,235,1063,13,11433,1,0
3782,12824,1,2025-04-15,1,13,235,1063,13,11434,1,0
3783,12824,1,2025-05-15,1,13,235,1063,13,11435,1,0
3784,12825,1,2023-12-16,1,23,272,1221,23,11437,1,0
3785,12825,1,2023-12-02,1,23,272,1221,23,11438,1,0
3786,12830,1,2024-12-06,1,1,49,222,1,11443,1,0
3787,12830,1,2025-01-16,1,1,49,222,1,11444,1,0
3788,12835,1,2026-07-13,1,25,279,1250,25,11450,1,0
3789,12837,1,2025-08-08,1,8,205,929,8,11452,1,0
3790,12845,1,2025-01-25,1,1,50,226,1,11457,1,0
3791,12846,1,2023-05-15,1,2,133,604,2,11459,1,0
3792,12852,1,2024-09-07,1,29,291,1304,29,11465,1,0
3793,12855,1,2023-07-28,1,7,201,907,7,11466,1,0
3794,12855,1,2023-09-09,1,7,201,907,7,11467,1,0
3795,12861,1,2023-02-15,1,1,108,483,1,11471,1,0
3796,12863,1,2025-09-08,1,3,145,656,3,11473,1,1
3797,12864,1,2026-07-03,1,1,4,17,1,11474,1,0
3798,12867,1,2025-12-29,1,3,147,669,3,11475,1,0
3799,12868,1,2025-10-21,1,2,128,582,2,11476,1,0
3800,12868,1,2025-10-18,1,2,128,582,2,11477,1,0
3801,12877,1,2024-03-09,1,1,28,123,1,11487,1,0
3802,12882,1,2023-05-03,1,4,156,707,4,11488,1,0
3803,12883,1,2023-05-25,1,2,127,579,2,11489,1,0
3804,12890,1,2025-11-11,1,1,18,81,1,11494,1,0
3805,12892,1,2023-11-13,1,1,110,493,1,11495,1,0
3806,12892,1,2023-09-29,1,1,110,493,1,11496,1,0
3807,12893,1,2024-12-20,1,16,249,1127,16,11497,1,0
3808,12893,1,2024-10-19,1,16,249,1127,16,11498,1,0
3809,12896,1,2024-12-11,1,1,28,124,1,11502,1,0
3810,12896,1,2024-10-23,1,1,28,124,1,11503,1,0
3811,12901,1,2024-08-26,1,1,79,351,1,11507,1,0
3812,12902,1,2025-04-24,1,1,13,56,1,11508,1,0
3813,12902,1,2025-04-09,1,1,13,56,1,11509,1,0
3814,12909,1,2026-05-05,1,1,58,258,1,11517,1,0
3815,12909,1,2026-05-03,1,1,58,258,1,11518,1,0
3816,12911,1,2025-09-08,1,1,62,275,1,11521,1,0
3817,12911,1,2025-06-14,1,1,62,275,1,11522,1,0
3818,12917,1,2023-12-20,1,3,140,634,3,11528,1,0
3819,12921,1,2025-06-23,1,9,212,954,9,11531,1,0
3820,12933,1,2025-10-14,1,4,163,736,4,11544,1,0
3821,12933,1,2025-12-20,1,4,163,736,4,11545,1,0
3822,12950,1,2024-01-02,1,16,250,1131,16,11554,1,0
3823,12951,1,2023-11-28,1,1,48,217,1,11555,1,0
3824,12961,1,2024-10-21,1,5,174,793,5,11563,1,0
3825,12961,1,2024-11-04,1,5,174,793,5,11564,1,0
3826,12963,1,2024-10-13,1,24,277,1244,24,11566,1,0
3827,12963,1,2024-10-08,1,24,277,1244,24,11567,1,0
3828,12963,1,2024-10-09,1,24,277,1244,24,11568,1,0
3829,12965,1,2024-08-28,1,1,101,451,1,11572,1,0
3830,12969,1,2026-07-13,1,3,151,685,3,11575,1,0
3831,12969,1,2026-07-13,1,3,151,685,3,11576,1,0
3832,12971,1,2023-08-13,1,13,233,1055,13,11578,1,0
3833,12971,1,2023-05-07,1,13,233,1055,13,11579,1,0
3834,12972,1,2026-01-30,1,26,281,1262,26,11580,1,0
3835,12973,1,2023-08-17,1,9,215,970,9,11583,1,0
3836,12973,1,2023-08-04,1,9,215,970,9,11584,1,0
3837,12973,1,2023-08-06,1,9,215,970,9,11585,1,0
3838,12974,1,2026-01-24,1,24,275,1234,24,11586,1,0
3839,12980,1,2024-04-04,1,8,202,913,8,11591,1,0
3840,12982,1,2025-06-09,1,6,186,848,6,11592,1,0
3841,12982,1,2025-05-08,1,6,186,848,6,11593,1,0
3842,12989,1,2025-04-13,1,6,189,857,6,11595,1,0
3843,12989,1,2025-05-15,1,6,189,857,6,11596,1,0
3844,12997,1,2024-01-06,1,22,269,1210,22,11600,1,0
3845,12999,1,2023-07-14,1,1,97,429,1,11603,1,0
3846,13003,1,2026-01-23,1,11,225,1020,11,11605,1,0
3847,13016,1,2026-04-26,1,19,262,1179,19,11615,1,0
3848,13016,1,2026-03-20,1,19,262,1179,19,11616,1,0
3849,13022,1,2025-03-03,1,8,204,923,8,11619,1,0
3850,13026,1,2025-01-16,1,5,175,795,5,11622,1,0
3851,13026,1,2025-01-23,1,5,175,795,5,11623,1,0
3852,13032,1,2026-06-04,1,4,161,729,4,11625,1,0
3853,13037,1,2025-12-05,1,1,32,140,1,11632,1,0
3854,13038,1,2024-11-08,1,14,241,1088,14,11633,1,0
3855,13048,1,2026-07-13,1,15,244,1104,15,11644,1,0
3856,13059,1,2026-01-05,1,1,6,24,1,11655,1,0
3857,13061,1,2025-04-07,1,5,174,793,5,11659,1,0
3858,13061,1,2025-03-03,1,5,174,793,5,11660,1,0
3859,13072,1,2025-09-04,1,13,236,1068,13,11670,1,0
3860,13073,1,2023-11-24,1,1,72,322,1,11671,1,0
3861,13075,1,2023-03-12,1,1,47,211,1,11673,1,0
3862,13075,1,2023-04-12,1,1,47,211,1,11674,1,0
3863,13076,1,2024-08-21,1,10,221,999,10,11675,1,0
3864,13082,1,2024-08-17,1,1,59,263,1,11679,1,0
3865,13085,1,2025-01-15,1,1,51,230,1,11682,1,0
3866,13085,1,2024-11-15,1,1,51,230,1,11683,1,0
3867,13085,1,2025-02-25,1,1,51,230,1,11684,1,0
3868,13087,1,2024-10-15,1,3,138,627,3,11685,1,0
3869,13090,1,2024-12-04,1,1,60,267,1,11686,1,0
3870,13093,1,2023-10-16,1,25,280,1259,25,11687,1,0
3871,13095,1,2024-12-02,1,19,261,1178,19,11690,1,0
3872,13096,1,2024-02-27,1,16,249,1128,16,11691,1,0
3873,13106,1,2024-11-06,1,1,46,203,1,11701,1,0
3874,13115,1,2023-12-28,1,1,44,196,1,11707,1,0
3875,13115,1,2024-03-12,1,1,44,196,1,11708,1,0
3876,13116,1,2023-09-27,1,14,239,1078,14,11709,1,0
3877,13116,1,2023-11-20,1,14,239,1078,14,11710,1,0
3878,13119,1,2023-02-24,1,3,146,660,3,11715,1,0
3879,13119,1,2023-03-16,1,3,146,660,3,11716,1,0
3880,13125,1,2026-07-13,1,10,219,990,10,11719,1,0
3881,13125,1,2026-07-08,1,10,219,990,10,11720,1,0
3882,13134,1,2024-05-29,1,7,192,871,7,11730,1,0
3883,13145,1,2026-04-16,1,1,101,451,1,11738,1,0
3884,13152,1,2023-05-12,1,1,90,399,1,11743,1,0
3885,13158,1,2023-06-08,1,7,194,880,7,11751,1,0
3886,13158,1,2023-02-19,1,7,194,880,7,11752,1,0
3887,13160,1,2024-04-15,1,1,49,222,1,11755,1,0
3888,13179,1,2023-12-04,1,2,133,603,2,11773,1,0
3889,13179,1,2024-03-20,1,2,133,603,2,11774,1,0
3890,13190,1,2023-03-06,1,2,134,607,2,11785,1,0
3891,13190,1,2023-05-22,1,2,134,607,2,11786,1,0
3892,13190,1,2023-06-25,1,2,134,607,2,11787,1,0
3893,13191,1,2023-06-18,1,1,47,211,1,11788,1,0
3894,13191,1,2023-06-12,1,1,47,211,1,11789,1,0
3895,13194,1,2024-12-02,1,19,261,1176,19,11790,1,0
3896,13194,1,2025-03-05,1,19,261,1176,19,11791,1,0
3897,13195,1,2025-12-04,1,1,21,92,1,11792,1,0
3898,13203,1,2026-02-06,1,1,39,172,1,11795,1,0
3899,13203,1,2026-02-23,1,1,39,172,1,11796,1,0
3900,13208,1,2023-07-06,1,3,146,658,3,11800,1,0
3901,13208,1,2023-07-20,1,3,146,658,3,11801,1,0
3902,13219,1,2024-05-29,1,20,265,1190,20,11812,1,0
3903,13220,1,2023-05-05,1,1,6,24,1,11813,1,0
3904,13220,1,2023-04-03,1,1,6,24,1,11814,1,0
3905,13222,1,2026-03-30,1,9,211,952,9,11819,1,0
3906,13226,1,2026-05-24,1,1,110,495,1,11822,1,0
3907,13235,1,2025-01-31,1,4,156,707,4,11831,1,0
3908,13236,1,2023-10-29,1,21,267,1203,21,11832,1,0
3909,13240,1,2025-11-25,1,1,56,254,1,11837,1,0
3910,13253,1,2023-08-21,1,1,29,131,1,11848,1,0
3911,13256,1,2024-08-02,1,18,258,1166,18,11849,1,0
3912,13259,1,2026-02-12,1,1,109,492,1,11851,1,0
3913,13259,1,2025-12-08,1,1,109,492,1,11853,1,0
3914,13269,1,2023-11-05,1,11,225,1020,11,11860,1,0
3915,13276,1,2023-08-16,1,1,58,259,1,11863,1,0
3916,13283,1,2026-06-06,1,1,60,266,1,11869,1,0
3917,13284,1,2023-06-27,1,5,179,810,5,11870,1,0
3918,13284,1,2023-03-10,1,5,179,810,5,11871,1,0
3919,13284,1,2023-05-17,1,5,179,810,5,11872,1,0
3920,13299,1,2024-06-19,1,1,73,323,1,11882,1,0
3921,13301,1,2024-01-16,1,20,263,1185,20,11885,1,0
3922,13305,1,2024-01-24,1,30,295,1320,30,11889,1,0
3923,13306,1,2025-07-18,1,21,268,1205,21,11890,1,0
3924,13308,1,2025-08-21,1,1,75,334,1,11891,1,0
3925,13308,1,2025-06-29,1,1,75,334,1,11893,1,0
3926,13319,1,2026-03-23,1,1,13,59,1,11899,1,0
3927,13329,1,2024-01-09,1,7,191,868,7,11904,1,0
3928,13330,1,2023-08-24,1,4,165,745,4,11906,1,0
3929,13334,1,2024-11-30,1,3,138,628,3,11907,1,0
3930,13334,1,2024-12-09,1,3,138,628,3,11908,1,0
3931,13344,1,2024-07-14,1,15,246,1111,15,11912,1,0
3932,13345,1,2025-04-06,1,3,146,662,3,11913,1,0
3933,13350,1,2024-04-11,1,7,198,896,7,11916,1,0
3934,13356,1,2023-07-02,1,5,174,791,5,11922,1,0
3935,13358,1,2024-08-12,1,1,98,434,1,11925,1,0
3936,13367,1,2023-07-22,1,2,122,548,2,11933,1,0
3937,13369,1,2025-09-23,1,1,74,332,1,11935,1,0
3938,13369,1,2025-09-21,1,1,74,332,1,11936,1,0
3939,13369,1,2025-09-14,1,1,74,332,1,11937,1,0
3940,13371,1,2026-07-13,1,1,38,168,1,11938,1,0
3941,13378,1,2026-03-03,1,10,221,998,10,11945,1,0
3942,13378,1,2026-02-11,1,10,221,998,10,11946,1,0
3943,13382,1,2025-10-14,1,1,119,538,1,11948,1,0
3944,13382,1,2025-11-03,1,1,119,538,1,11949,1,0
3945,13400,1,2025-08-15,1,1,5,19,1,11961,1,0
3946,13407,1,2025-11-17,1,2,123,555,2,11971,1,0
3947,13407,1,2025-10-28,1,2,123,555,2,11972,1,0
3948,13408,1,2024-03-30,1,3,142,647,3,11973,1,0
3949,13413,1,2025-05-15,1,6,185,839,6,11977,1,0
3950,13415,1,2024-09-25,1,1,86,385,1,11978,1,0
3951,13418,1,2025-03-28,1,1,81,356,1,11980,1,0
3952,13418,1,2025-08-05,1,1,81,356,1,11981,1,0
3953,13420,1,2026-02-16,1,7,197,894,7,11982,1,0
3954,13420,1,2026-01-17,1,7,197,894,7,11983,1,0
3955,13421,1,2025-01-11,1,1,41,183,1,11984,1,0
3956,13424,1,2023-08-20,1,14,240,1086,14,11987,1,0
3957,13424,1,2023-05-19,1,14,240,1086,14,11988,1,0
3958,13429,1,2025-08-29,1,1,116,524,1,11990,1,0
3959,13435,1,2024-04-20,1,1,15,68,1,11996,1,0
3960,13436,1,2026-04-12,1,1,111,497,1,11997,1,0
3961,13438,1,2024-01-12,1,1,76,338,1,11999,1,0
3962,13451,1,2026-06-23,1,5,174,791,5,12007,1,0
3963,13451,1,2026-03-28,1,5,174,791,5,12008,1,0
3964,13451,1,2026-03-12,1,5,174,791,5,12009,1,0
3965,13459,1,2024-10-21,1,6,188,854,6,12016,1,0
3966,13459,1,2025-01-28,1,6,188,854,6,12017,1,0
3967,13461,1,2026-03-20,1,1,54,244,1,12018,1,0
3968,13464,1,2023-07-29,1,1,76,338,1,12021,1,0
3969,13467,1,2026-02-16,1,6,189,861,6,12023,1,0
3970,13469,1,2025-02-06,1,18,259,1168,18,12025,1,0
3971,13469,1,2024-11-27,1,18,259,1168,18,12026,1,0
3972,13470,1,2026-05-27,1,1,17,73,1,12027,1,0
3973,13470,1,2026-07-13,1,1,17,73,1,12028,1,0
3974,13475,1,2025-12-26,1,5,173,788,5,12031,1,1
3975,13477,1,2026-07-13,1,1,29,127,1,12034,1,0
3976,13479,1,2023-05-08,1,31,297,1330,31,12036,1,0
3977,13479,1,2023-05-24,1,31,297,1330,31,12037,1,0
3978,13481,1,2024-02-14,1,1,102,457,1,12038,1,0
3979,13482,1,2024-02-23,1,1,100,448,1,12039,1,0
3980,13489,1,2023-05-12,1,1,19,85,1,12046,1,0
3981,13491,1,2025-04-23,1,1,120,541,1,12047,1,0
3982,13492,1,2026-07-13,1,7,192,872,7,12048,1,0
3983,13492,1,2026-07-13,1,7,192,872,7,12049,1,0
3984,13493,1,2025-04-27,1,3,146,661,3,12050,1,0
3985,13493,1,2025-02-22,1,3,146,661,3,12051,1,0
3986,13498,1,2024-09-26,1,6,185,840,6,12056,1,0
3987,13499,1,2025-09-29,1,1,23,99,1,12057,1,0
3988,13508,1,2024-11-24,1,18,258,1165,18,12067,1,0
3989,13508,1,2024-11-16,1,18,258,1165,18,12068,1,0
3990,13509,1,2023-11-24,1,20,264,1187,20,12069,1,0
3991,13525,1,2025-01-15,1,2,133,605,2,12077,1,0
3992,13531,1,2023-07-22,1,7,200,905,7,12085,1,0
3993,13533,1,2024-04-16,1,1,12,55,1,12086,1,0
3994,13533,1,2024-02-15,1,1,12,55,1,12087,1,0
3995,13542,1,2026-04-23,1,14,238,1076,14,12091,1,0
3996,13548,1,2025-08-03,1,2,124,558,2,12095,1,0
3997,13553,1,2026-07-13,1,1,48,212,1,12099,1,0
3998,13553,1,2026-07-13,1,1,48,212,1,12100,1,0
3999,13557,1,2023-10-31,1,17,252,1141,17,12102,1,0
4000,13560,1,2024-08-20,1,1,104,464,1,12104,1,1
4001,13560,1,2024-09-13,1,1,104,464,1,12105,1,0
4002,13563,1,2023-11-06,1,1,25,110,1,12107,1,0
4003,13566,1,2025-03-14,1,7,199,899,7,12112,1,0
4004,13568,1,2024-12-24,1,1,102,456,1,12117,1,0
4005,13572,1,2026-04-01,1,4,155,704,4,12121,1,0
4006,13574,1,2026-07-13,1,9,212,956,9,12122,1,0
4007,13574,1,2026-07-03,1,9,212,956,9,12123,1,0
4008,13574,1,2026-06-24,1,9,212,956,9,12124,1,0
4009,13575,1,2024-10-06,1,4,166,749,4,12125,1,0
4010,13578,1,2025-03-12,1,1,19,82,1,12128,1,0
4011,13578,1,2025-03-17,1,1,19,82,1,12129,1,0
4012,13581,1,2025-04-02,1,1,8,38,1,12130,1,0
4013,13582,1,2025-02-12,1,19,261,1177,19,12131,1,0
4014,13589,1,2025-03-30,1,3,150,678,3,12135,1,0
4015,13589,1,2025-05-27,1,3,150,678,3,12136,1,0
4016,13595,1,2023-07-09,1,4,163,736,4,12141,1,0
4017,13597,1,2024-06-10,1,18,259,1170,18,12144,1,0
4018,13603,1,2024-04-18,1,3,142,643,3,12149,1,0
4019,13603,1,2024-03-06,1,3,142,643,3,12150,1,0
4020,13615,1,2024-01-26,1,1,95,418,1,12159,1,0
4021,13618,1,2026-02-14,1,23,272,1221,23,12162,1,0
4022,13623,1,2026-04-11,1,1,72,318,1,12164,1,0
4023,13623,1,2026-04-16,1,1,72,318,1,12165,1,0
4024,13634,1,2025-03-07,1,1,49,221,1,12176,1,0
4025,13635,1,2024-12-10,1,2,131,596,2,12177,1,0
4026,13635,1,2024-12-25,1,2,131,596,2,12178,1,0
4027,13636,1,2026-05-07,1,1,98,435,1,12180,1,0
4028,13637,1,2023-12-12,1,1,27,122,1,12181,1,0
4029,13649,1,2024-09-25,1,8,208,938,8,12191,1,0
4030,13654,1,2023-02-21,1,1,120,540,1,12198,1,0
4031,13654,1,2023-04-07,1,1,120,540,1,12199,1,0
4032,13655,1,2025-01-08,1,9,213,959,9,12201,1,0
4033,13661,1,2023-09-08,1,1,111,500,1,12205,1,0
4034,13678,1,2026-05-14,1,3,149,676,3,12217,1,0
4035,13678,1,2026-06-14,1,3,149,676,3,12218,1,0
4036,13685,1,2024-01-06,1,5,175,796,5,12222,1,0
4037,13702,1,2026-02-05,1,12,228,1033,12,12233,1,0
4038,13705,1,2026-03-13,1,14,242,1094,14,12235,1,0
4039,13707,1,2023-02-11,1,7,197,895,7,12236,1,1
4040,13707,1,2023-04-06,1,7,197,895,7,12237,1,0
4041,13710,1,2026-05-23,1,1,11,49,1,12239,1,0
4042,13713,1,2024-03-26,1,2,123,551,2,12243,1,0
4043,13719,1,2024-06-27,1,23,272,1222,23,12248,1,0
4044,13719,1,2024-07-03,1,23,272,1222,23,12249,1,0
4045,13734,1,2025-08-07,1,4,160,724,4,12259,1,0
4046,13741,1,2025-03-16,1,1,47,211,1,12261,1,0
4047,13742,1,2026-02-05,1,1,16,71,1,12262,1,0
4048,13742,1,2026-02-11,1,1,16,71,1,12263,1,0
4049,13750,1,2026-07-13,1,7,197,894,7,12271,1,0
4050,13750,1,2026-05-20,1,7,197,894,7,12272,1,0
4051,13754,1,2024-01-19,1,3,147,666,3,12273,1,0
4052,13754,1,2024-02-27,1,3,147,666,3,12274,1,0
4053,13754,1,2024-01-11,1,3,147,666,3,12275,1,0
4054,13762,1,2026-02-08,1,6,187,849,6,12280,1,1
4055,13765,1,2025-07-02,1,1,7,32,1,12281,1,0
4056,13765,1,2025-03-24,1,1,7,32,1,12282,1,0
4057,13765,1,2025-06-26,1,1,7,32,1,12283,1,0
4058,13769,1,2025-08-07,1,20,264,1188,20,12285,1,0
4059,13771,1,2024-03-26,1,3,139,630,3,12286,1,0
4060,13771,1,2024-03-04,1,3,139,630,3,12288,1,0
4061,13774,1,2025-01-14,1,1,80,353,1,12292,1,0
4062,13788,1,2025-05-19,1,23,273,1226,23,12308,1,0
4063,13788,1,2025-05-10,1,23,273,1226,23,12309,1,0
4064,13796,1,2023-06-17,1,26,281,1261,26,12316,1,0
4065,13803,1,2024-01-20,1,1,86,384,1,12325,1,0
4066,13803,1,2024-02-26,1,1,86,384,1,12326,1,0
4067,13804,1,2025-02-10,1,1,13,57,1,12327,1,0
4068,13808,1,2023-08-02,1,4,160,726,4,12329,1,0
4069,13809,1,2024-02-27,1,20,265,1191,20,12330,1,0
4070,13809,1,2024-01-24,1,20,265,1191,20,12331,1,0
4071,13811,1,2025-02-24,1,8,202,916,8,12335,1,0
4072,13815,1,2025-09-19,1,1,108,484,1,12338,1,0
4073,13820,1,2026-05-07,1,19,260,1173,19,12343,1,0
4074,13820,1,2026-05-08,1,19,260,1173,19,12344,1,0
4075,13820,1,2026-04-21,1,19,260,1173,19,12345,1,0
4076,13835,1,2024-05-19,1,20,265,1192,20,12357,1,0
4077,13841,1,2023-12-04,1,1,4,16,1,12359,1,0
4078,13854,1,2025-01-29,1,17,254,1146,17,12373,1,0
4079,13863,1,2024-04-15,1,5,168,762,5,12374,1,0
4080,13873,1,2023-10-04,1,21,267,1202,21,12377,1,0
4081,13879,1,2024-03-07,1,7,200,905,7,12385,1,0
4082,13879,1,2024-01-27,1,7,200,905,7,12386,1,0
4083,13883,1,2024-04-29,1,5,171,780,5,12389,1,0
4084,13885,1,2024-03-02,1,1,111,497,1,12391,1,0
4085,13885,1,2023-10-23,1,1,111,497,1,12392,1,1
4086,13887,1,2023-09-09,1,22,271,1215,22,12397,1,0
4087,13891,1,2025-01-11,1,1,9,41,1,12402,1,0
4088,13892,1,2026-02-08,1,5,168,761,5,12404,1,0
4089,13892,1,2026-02-25,1,5,168,761,5,12405,1,0
4090,13892,1,2025-11-27,1,5,168,761,5,12406,1,0
4091,13908,1,2025-12-17,1,17,252,1136,17,12421,1,0
4092,13910,1,2024-01-08,1,1,4,16,1,12425,1,0
4093,13910,1,2024-03-09,1,1,4,16,1,12426,1,0
4094,13910,1,2024-04-04,1,1,4,16,1,12427,1,0
4095,13913,1,2025-04-23,1,1,42,187,1,12428,1,0
4096,13914,1,2023-12-04,1,4,163,735,4,12430,1,0
4097,13921,1,2025-12-07,1,23,273,1224,23,12434,1,0
4098,13921,1,2025-09-01,1,23,273,1224,23,12435,1,0
4099,13933,1,2026-07-13,1,2,124,558,2,12444,1,0
4100,13935,1,2025-07-15,1,31,297,1329,31,12446,1,0
4101,13935,1,2025-07-05,1,31,297,1329,31,12448,1,0
4102,13939,1,2026-04-18,1,22,270,1214,22,12453,1,0
4103,13945,1,2024-01-09,1,1,83,367,1,12459,1,0
4104,13951,1,2026-07-13,1,17,252,1139,17,12464,1,0
4105,13957,1,2024-06-22,1,1,102,457,1,12471,1,0
4106,13957,1,2024-01-16,1,1,102,457,1,12472,1,0
4107,13958,1,2026-04-06,1,3,147,669,3,12473,1,0
4108,13958,1,2026-02-13,1,3,147,669,3,12474,1,0
4109,13958,1,2026-01-29,1,3,147,669,3,12475,1,0
4110,13969,1,2024-09-26,1,7,196,888,7,12479,1,0
4111,13970,1,2026-07-10,1,1,102,458,1,12480,1,0
4112,13971,1,2026-07-11,1,3,153,695,3,12482,1,0
4113,13971,1,2026-07-13,1,3,153,695,3,12483,1,0
4114,13975,1,2025-05-17,1,1,47,211,1,12488,1,0
4115,13982,1,2024-02-04,1,4,158,716,4,12493,1,0
4116,13996,1,2025-05-13,1,4,155,704,4,12505,1,0
4117,14000,1,2025-12-04,1,7,192,873,7,12509,1,0
4118,14001,1,2023-07-13,1,1,71,315,1,12511,1,0
4119,14003,1,2023-11-28,1,1,70,310,1,12512,1,0
4120,14005,1,2025-05-20,1,15,246,1111,15,12515,1,0
4121,14005,1,2025-05-24,1,15,246,1111,15,12516,1,0
4122,14007,1,2026-07-13,1,2,123,551,2,12517,1,0
4123,14021,1,2024-12-12,1,24,276,1236,24,12528,1,0
4124,14027,1,2023-09-12,1,1,45,201,1,12534,1,0
4125,14028,1,2025-11-25,1,1,119,538,1,12535,1,0
4126,14035,1,2023-12-23,1,5,171,778,5,12541,1,0
4127,14050,1,2024-09-09,1,1,31,138,1,12548,1,0
4128,14054,1,2023-03-16,1,1,54,245,1,12549,1,0
4129,14064,1,2025-03-20,1,1,59,261,1,12556,1,0
4130,14066,1,2025-08-07,1,1,119,538,1,12558,1,0
4131,14071,1,2024-08-07,1,10,221,999,10,12562,1,0
4132,14071,1,2024-09-08,1,10,221,999,10,12563,1,0
4133,14074,1,2025-06-23,1,5,174,790,5,12566,1,0
4134,14078,1,2024-05-28,1,21,267,1200,21,12568,1,0
4135,14080,1,2023-11-05,1,1,37,164,1,12569,1,0
4136,14083,1,2024-01-28,1,5,181,821,5,12571,1,0
4137,14083,1,2024-02-05,1,5,181,821,5,12572,1,0
4138,14085,1,2023-07-06,1,11,227,1027,11,12573,1,0
4139,14087,1,2024-12-06,1,1,23,98,1,12574,1,0
4140,14091,1,2025-09-06,1,1,75,333,1,12576,1,0
4141,14091,1,2025-07-08,1,1,75,333,1,12577,1,0
4142,14091,1,2025-08-23,1,1,75,333,1,12578,1,0
4143,14092,1,2025-02-05,1,2,125,567,2,12579,1,0
4144,14093,1,2023-08-14,1,3,150,680,3,12580,1,0
4145,14093,1,2023-07-14,1,3,150,680,3,12581,1,0
4146,14096,1,2024-11-28,1,9,214,965,9,12583,1,0
4147,14103,1,2024-03-11,1,1,13,59,1,12589,1,0
4148,14103,1,2024-04-02,1,1,13,59,1,12591,1,1
4149,14104,1,2023-04-03,1,6,184,834,6,12592,1,0
4150,14104,1,2023-08-10,1,6,184,834,6,12593,1,0
4151,14111,1,2023-08-03,1,13,236,1067,13,12603,1,0
4152,14113,1,2026-01-14,1,1,44,195,1,12605,1,0
4153,14115,1,2026-07-13,1,3,152,690,3,12606,1,0
4154,14115,1,2026-04-27,1,3,152,690,3,12607,1,0
4155,14119,1,2025-10-12,1,1,53,240,1,12612,1,0
4156,14122,1,2025-02-03,1,2,133,604,2,12616,1,0
4157,14125,1,2025-10-15,1,1,19,85,1,12618,1,0
4158,14125,1,2025-10-11,1,1,19,85,1,12619,1,0
4159,14129,1,2026-06-09,1,1,6,24,1,12625,1,0
4160,14131,1,2025-07-02,1,6,190,866,6,12627,1,0
4161,14135,1,2023-10-04,1,17,254,1146,17,12630,1,0
4162,14135,1,2023-10-14,1,17,254,1146,17,12631,1,0
4163,14136,1,2026-04-01,1,1,26,112,1,12632,1,0
4164,14136,1,2026-01-08,1,1,26,112,1,12633,1,0
4165,14137,1,2023-04-21,1,1,106,477,1,12634,1,0
4166,14149,1,2025-05-04,1,7,195,884,7,12646,1,0
4167,14150,1,2025-05-16,1,1,82,363,1,12647,1,0
4168,14151,1,2023-09-12,1,15,247,1117,15,12648,1,0
4169,14151,1,2023-12-07,1,15,247,1117,15,12650,1,0
4170,14153,1,2024-10-13,1,8,205,930,8,12653,1,0
4171,14163,1,2025-01-22,1,19,260,1173,19,12658,1,0
4172,14163,1,2024-09-03,1,19,260,1173,19,12659,1,0
4173,14163,1,2024-10-16,1,19,260,1173,19,12660,1,0
4174,14167,1,2026-07-13,1,2,121,545,2,12661,1,0
4175,14167,1,2026-07-13,1,2,121,545,2,12662,1,0
4176,14178,1,2024-03-25,1,1,37,163,1,12670,1,0
4177,14178,1,2024-01-26,1,1,37,163,1,12671,1,0
4178,14183,1,2024-09-04,1,7,200,904,7,12676,1,0
4179,14192,1,2025-07-28,1,16,250,1130,16,12682,1,0
4180,14209,1,2023-03-04,1,29,292,1306,29,12696,1,0
4181,14209,1,2023-04-06,1,29,292,1306,29,12697,1,0
4182,14215,1,2026-07-13,1,24,275,1234,24,12702,1,0
4183,14215,1,2026-07-13,1,24,275,1234,24,12703,1,0
4184,14217,1,2024-05-07,1,16,248,1122,16,12705,1,0
4185,14219,1,2025-05-28,1,16,250,1130,16,12706,1,0
4186,14223,1,2023-03-20,1,7,196,890,7,12713,1,0
4187,14223,1,2023-04-12,1,7,196,890,7,12714,1,0
4188,14223,1,2023-03-29,1,7,196,890,7,12715,1,0
4189,14235,1,2026-06-16,1,1,35,157,1,12722,1,0
4190,14235,1,2026-06-12,1,1,35,157,1,12723,1,0
4191,14237,1,2023-06-17,1,23,274,1228,23,12724,1,0
4192,14239,1,2026-07-13,1,10,219,990,10,12726,1,0
4193,14240,1,2026-04-01,1,1,48,212,1,12727,1,0
4194,14241,1,2026-06-29,1,4,167,755,4,12728,1,0
4195,14242,1,2024-06-05,1,1,120,542,1,12731,1,0
4196,14246,1,2026-01-23,1,1,119,537,1,12736,1,0
4197,14246,1,2025-09-13,1,1,119,537,1,12737,1,0
4198,14247,1,2023-12-26,1,14,242,1095,14,12738,1,0
4199,14254,1,2024-11-09,1,1,107,481,1,12743,1,0
4200,14259,1,2026-06-16,1,1,97,432,1,12748,1,0
4201,14259,1,2026-06-13,1,1,97,432,1,12749,1,0
4202,14259,1,2026-07-06,1,1,97,432,1,12750,1,0
4203,14262,1,2025-01-24,1,8,203,919,8,12751,1,0
4204,14262,1,2025-01-24,1,8,203,919,8,12752,1,0
4205,14264,1,2026-06-02,1,2,121,544,2,12754,1,0
4206,14266,1,2024-02-12,1,1,113,511,1,12755,1,0
4207,14267,1,2026-07-13,1,1,60,267,1,12756,1,0
4208,14267,1,2026-07-13,1,1,60,267,1,12757,1,1
4209,14269,1,2025-09-16,1,7,194,881,7,12759,1,0
4210,14275,1,2025-08-10,1,1,36,161,1,12765,1,0
4211,14277,1,2023-09-22,1,1,82,362,1,12768,1,0
4212,14277,1,2023-09-16,1,1,82,362,1,12769,1,0
4213,14280,1,2023-11-11,1,1,104,467,1,12770,1,0
4214,14280,1,2023-11-25,1,1,104,467,1,12771,1,0
4215,14283,1,2025-01-07,1,14,238,1077,14,12777,1,0
4216,14285,1,2026-03-19,1,1,117,525,1,12779,1,0
4217,14285,1,2025-12-27,1,1,117,525,1,12780,1,0
4218,14293,1,2024-07-11,1,13,236,1066,13,12783,1,0
4219,14294,1,2023-10-20,1,3,152,691,3,12784,1,0
4220,14296,1,2025-09-12,1,6,182,827,6,12785,1,0
4221,14298,1,2025-11-07,1,11,227,1027,11,12786,1,0
4222,14298,1,2025-11-05,1,11,227,1027,11,12787,1,0
4223,14299,1,2025-11-11,1,1,20,88,1,12788,1,0
4224,14301,1,2023-12-27,1,28,288,1289,28,12789,1,0
4225,14302,1,2026-03-22,1,12,229,1035,12,12790,1,0
4226,14302,1,2026-04-01,1,12,229,1035,12,12791,1,0
4227,14323,1,2024-05-18,1,2,129,585,2,12805,1,0
4228,14335,1,2025-01-14,1,2,135,611,2,12816,1,0
4229,14335,1,2025-01-21,1,2,135,611,2,12817,1,0
4230,14336,1,2025-07-16,1,1,77,341,1,12818,1,0
4231,14342,1,2024-08-06,1,26,283,1270,26,12820,1,0
4232,14344,1,2024-07-24,1,1,62,277,1,12822,1,0
4233,14348,1,2023-06-21,1,9,212,954,9,12824,1,0
4234,14350,1,2024-10-22,1,1,71,314,1,12825,1,0
4235,14356,1,2023-06-25,1,8,209,944,8,12832,1,0
4236,14356,1,2023-03-08,1,8,209,944,8,12833,1,0
4237,14357,1,2023-09-07,1,1,117,528,1,12835,1,0
4238,14368,1,2024-11-26,1,1,79,348,1,12843,1,0
4239,14371,1,2024-12-30,1,1,96,424,1,12846,1,0
4240,14371,1,2025-01-30,1,1,96,424,1,12847,1,0
4241,14372,1,2023-10-18,1,1,110,493,1,12848,1,0
4242,14373,1,2026-01-19,1,1,103,460,1,12849,1,0
4243,14378,1,2023-04-23,1,1,111,497,1,12854,1,0
4244,14379,1,2024-11-05,1,11,222,1004,11,12855,1,0
4245,14379,1,2024-11-27,1,11,222,1004,11,12856,1,0
4246,14381,1,2026-04-27,1,26,282,1264,26,12859,1,0
4247,14382,1,2025-05-16,1,29,290,1300,29,12860,1,0
4248,14385,1,2023-12-09,1,1,87,388,1,12863,1,0
4249,14388,1,2026-07-13,1,6,186,844,6,12870,1,0
4250,14393,1,2025-07-23,1,5,180,817,5,12877,1,0
4251,14394,1,2023-11-29,1,15,247,1114,15,12878,1,0
4252,14394,1,2023-09-05,1,15,247,1114,15,12879,1,0
4253,14394,1,2024-01-06,1,15,247,1114,15,12880,1,0
4254,14398,1,2024-02-02,1,14,238,1075,14,12883,1,0
4255,14398,1,2024-02-10,1,14,238,1075,14,12884,1,0
4256,14408,1,2026-02-18,1,29,291,1303,29,12894,1,0
4257,14410,1,2026-07-13,1,1,56,251,1,12896,1,0
4258,14410,1,2026-06-19,1,1,56,251,1,12897,1,0
4259,14416,1,2023-04-24,1,1,82,361,1,12904,1,0
4260,14416,1,2023-05-04,1,1,82,361,1,12905,1,0
4261,14423,1,2025-01-28,1,16,248,1121,16,12908,1,0
4262,14424,1,2025-01-08,1,7,201,910,7,12909,1,0
4263,14425,1,2023-09-08,1,1,93,411,1,12910,1,0
4264,14429,1,2025-07-08,1,2,126,570,2,12911,1,0
4265,14429,1,2025-07-05,1,2,126,570,2,12912,1,0
4266,14431,1,2026-01-07,1,4,157,714,4,12913,1,0
4267,14431,1,2025-12-07,1,4,157,714,4,12914,1,0
4268,14442,1,2023-12-02,1,7,195,886,7,12924,1,0
4269,14446,1,2025-01-25,1,7,194,881,7,12930,1,1
4270,14447,1,2025-12-24,1,6,184,835,6,12932,1,0
4271,14449,1,2025-06-18,1,15,246,1112,15,12933,1,0
4272,14449,1,2025-05-08,1,15,246,1112,15,12934,1,0
4273,14455,1,2024-01-05,1,1,95,422,1,12939,1,0
4274,14456,1,2025-11-13,1,1,63,282,1,12940,1,0
4275,14456,1,2025-08-07,1,1,63,282,1,12941,1,0
4276,14460,1,2025-06-15,1,28,289,1297,28,12945,1,0
4277,14470,1,2024-04-04,1,1,32,142,1,12953,1,0
4278,14477,1,2024-02-10,1,17,255,1152,17,12962,1,0
4279,14482,1,2026-06-01,1,1,109,488,1,12964,1,0
4280,14482,1,2026-04-07,1,1,109,488,1,12965,1,0
4281,14488,1,2026-07-13,1,12,231,1048,12,12971,1,0
4282,14488,1,2026-06-03,1,12,231,1048,12,12972,1,0
4283,14500,1,2026-02-16,1,1,28,124,1,12980,1,0
4284,14502,1,2025-10-02,1,1,116,522,1,12981,1,0
4285,14504,1,2023-06-07,1,4,167,756,4,12983,1,0
4286,14508,1,2023-06-10,1,5,175,797,5,12989,1,0
4287,14508,1,2023-06-25,1,5,175,797,5,12990,1,0
4288,14515,1,2024-06-30,1,5,178,805,5,12994,1,0
4289,14516,1,2025-12-03,1,1,97,431,1,12995,1,0
4290,14522,1,2026-06-13,1,28,288,1293,28,13000,1,0
4291,14527,1,2023-11-21,1,1,88,391,1,13001,1,0
4292,14535,1,2023-05-24,1,1,83,367,1,13006,1,0
4293,14535,1,2023-05-11,1,1,83,367,1,13007,1,0
4294,14544,1,2023-08-16,1,9,215,968,9,13014,1,0
4295,14555,1,2026-06-27,1,1,76,337,1,13017,1,0
4296,14555,1,2026-06-24,1,1,76,337,1,13018,1,0
4297,14561,1,2025-07-18,1,1,14,64,1,13021,1,0
4298,14562,1,2023-09-08,1,1,21,91,1,13022,1,0
4299,14570,1,2024-07-09,1,1,59,263,1,13026,1,0
4300,14570,1,2024-07-04,1,1,59,263,1,13027,1,0
4301,14570,1,2024-05-19,1,1,59,263,1,13028,1,0
4302,14576,1,2024-10-27,1,2,123,555,2,13038,1,0
4303,14576,1,2024-12-21,1,2,123,555,2,13039,1,0
4304,14580,1,2024-05-26,1,1,89,394,1,13044,1,0
4305,14584,1,2024-08-31,1,1,12,55,1,13048,1,0
4306,14587,1,2026-01-10,1,1,66,295,1,13052,1,0
4307,14589,1,2023-09-14,1,1,95,419,1,13054,1,0
4308,14591,1,2026-03-04,1,4,164,741,4,13056,1,0
4309,14594,1,2023-03-15,1,11,225,1019,11,13060,1,0
4310,14598,1,2024-04-30,1,1,64,285,1,13063,1,0
4311,14602,1,2023-11-27,1,9,212,956,9,13064,1,0
4312,14602,1,2023-12-14,1,9,212,956,9,13065,1,0
4313,14603,1,2023-11-07,1,19,260,1173,19,13066,1,0
4314,14605,1,2024-12-26,1,1,48,217,1,13067,1,0
4315,14615,1,2026-07-13,1,1,115,519,1,13076,1,0
4316,14626,1,2024-11-08,1,1,93,409,1,13087,1,0
4317,14626,1,2024-07-03,1,1,93,409,1,13088,1,0
4318,14628,1,2026-07-13,1,28,288,1291,28,13091,1,0
4319,14628,1,2026-07-13,1,28,288,1291,28,13092,1,0
4320,14633,1,2025-04-08,1,1,113,509,1,13094,1,0
4321,14638,1,2025-04-12,1,22,270,1214,22,13099,1,0
4322,14650,1,2026-07-13,1,19,262,1181,19,13105,1,0
4323,14650,1,2026-07-13,1,19,262,1181,19,13106,1,0
4324,14663,1,2025-10-17,1,1,112,505,1,13114,1,0
4325,14664,1,2025-04-13,1,2,132,600,2,13115,1,0
4326,14666,1,2024-05-08,1,4,167,757,4,13118,1,0
4327,14668,1,2023-01-21,1,1,32,143,1,13119,1,0
4328,14675,1,2023-06-28,1,11,223,1007,11,13125,1,0
4329,14676,1,2023-08-04,1,5,175,795,5,13126,1,0
4330,14676,1,2023-07-27,1,5,175,795,5,13128,1,0
4331,14691,1,2026-01-22,1,1,76,337,1,13134,1,0
4332,14691,1,2026-02-01,1,1,76,337,1,13135,1,0
4333,14706,1,2026-01-28,1,3,146,662,3,13145,1,0
4334,14708,1,2025-05-29,1,1,109,489,1,13147,1,0
4335,14708,1,2025-05-17,1,1,109,489,1,13148,1,0
4336,14710,1,2024-03-31,1,22,271,1219,22,13151,1,0
4337,14711,1,2024-05-03,1,3,146,661,3,13153,1,0
4338,14715,1,2024-06-05,1,1,67,297,1,13156,1,0
4339,14717,1,2024-04-21,1,21,266,1198,21,13158,1,1
4340,14718,1,2025-03-11,1,2,135,609,2,13159,1,0
4341,14737,1,2024-12-27,1,18,257,1160,18,13174,1,0
4342,14740,1,2024-09-05,1,23,274,1230,23,13176,1,0
4343,14740,1,2024-09-21,1,23,274,1230,23,13177,1,0
4344,14742,1,2025-02-20,1,2,134,607,2,13180,1,0
4345,14742,1,2025-03-27,1,2,134,607,2,13181,1,0
4346,14744,1,2025-07-25,1,9,211,953,9,13182,1,0
4347,14744,1,2025-10-09,1,9,211,953,9,13183,1,0
4348,14745,1,2026-02-14,1,8,203,919,8,13184,1,0
4349,14759,1,2023-09-17,1,1,106,476,1,13199,1,0
4350,14759,1,2023-09-05,1,1,106,476,1,13200,1,0
4351,14786,1,2025-03-30,1,11,223,1011,11,13221,1,0
4352,14792,1,2026-07-13,1,7,201,910,7,13224,1,0
4353,14792,1,2026-03-15,1,7,201,910,7,13225,1,0
4354,14794,1,2024-09-12,1,4,162,733,4,13228,1,0
4355,14798,1,2025-08-06,1,20,265,1195,20,13231,1,0
4356,14800,1,2025-06-09,1,12,232,1051,12,13232,1,0
4357,14803,1,2025-02-27,1,2,122,549,2,13235,1,0
4358,14803,1,2025-02-26,1,2,122,549,2,13236,1,0
4359,14805,1,2025-04-02,1,1,31,139,1,13237,1,0
4360,14805,1,2025-05-03,1,1,31,139,1,13238,1,0
4361,14806,1,2026-03-28,1,1,93,409,1,13239,1,0
4362,14806,1,2026-04-24,1,1,93,409,1,13240,1,0
4363,14807,1,2026-07-02,1,3,147,664,3,13241,1,0
4364,14814,1,2024-06-08,1,18,259,1171,18,13247,1,0
4365,14814,1,2024-05-22,1,18,259,1171,18,13248,1,0
4366,14819,1,2025-08-12,1,7,193,875,7,13253,1,0
4367,14831,1,2024-02-01,1,11,226,1023,11,13261,1,0
4368,14834,1,2024-09-02,1,27,284,1276,27,13262,1,0
4369,14846,1,2026-03-04,1,1,40,179,1,13273,1,0
4370,14851,1,2025-04-05,1,8,209,945,8,13280,1,0
4371,14856,1,2025-12-02,1,17,252,1138,17,13281,1,0
4372,14856,1,2025-12-24,1,17,252,1138,17,13282,1,0
4373,14859,1,2023-11-18,1,1,84,373,1,13286,1,0
4374,14859,1,2023-10-31,1,1,84,373,1,13287,1,0
4375,14861,1,2024-12-28,1,1,108,485,1,13288,1,0
4376,14871,1,2026-01-25,1,4,164,739,4,13294,1,0
4377,14872,1,2023-04-15,1,6,188,854,6,13296,1,1
4378,14876,1,2025-09-05,1,2,130,589,2,13297,1,0
4379,14876,1,2025-08-29,1,2,130,589,2,13299,1,0
4380,14878,1,2025-01-28,1,1,83,366,1,13301,1,0
4381,14885,1,2025-07-28,1,12,230,1043,12,13304,1,0
4382,14887,1,2025-01-31,1,1,24,105,1,13305,1,0
4383,14888,1,2023-07-16,1,1,105,470,1,13307,1,0
4384,14890,1,2024-09-06,1,3,149,674,3,13310,1,0
4385,14897,1,2024-07-11,1,2,132,601,2,13318,1,0
4386,14897,1,2024-07-20,1,2,132,601,2,13319,1,0
4387,14898,1,2024-05-27,1,3,146,662,3,13320,1,0
4388,14898,1,2024-06-13,1,3,146,662,3,13321,1,0
4389,14898,1,2024-06-26,1,3,146,662,3,13322,1,0
4390,14913,1,2025-04-25,1,30,295,1321,30,13332,1,0
4391,14914,1,2024-09-09,1,1,66,295,1,13334,1,0
4392,14914,1,2024-09-16,1,1,66,295,1,13335,1,0
4393,14914,1,2025-01-05,1,1,66,295,1,13336,1,0
4394,14915,1,2025-07-16,1,1,114,513,1,13337,1,0
4395,14915,1,2025-06-03,1,1,114,513,1,13338,1,0
4396,14922,1,2025-12-13,1,7,200,906,7,13346,1,0
4397,14924,1,2024-01-12,1,5,179,811,5,13349,1,0
4398,14925,1,2024-11-25,1,31,298,1331,31,13350,1,0
4399,14925,1,2024-10-21,1,31,298,1331,31,13351,1,0
4400,14928,1,2024-11-20,1,1,35,157,1,13352,1,0
4401,14929,1,2025-07-08,1,14,242,1094,14,13353,1,0
4402,14935,1,2025-02-21,1,30,293,1313,30,13356,1,0
4403,14938,1,2025-12-24,1,19,261,1176,19,13360,1,0
4404,14949,1,2024-05-14,1,1,91,401,1,13373,1,0
4405,14952,1,2025-07-31,1,20,263,1186,20,13378,1,0
4406,14958,1,2023-06-12,1,12,232,1051,12,13384,1,0
4407,14958,1,2023-03-10,1,12,232,1051,12,13385,1,0
4408,14984,1,2024-07-10,1,4,162,732,4,13403,1,0
4409,14993,1,2025-10-03,1,5,170,774,5,13412,1,0
4410,14993,1,2025-11-16,1,5,170,774,5,13413,1,0
4411,14993,1,2025-11-06,1,5,170,774,5,13414,1,0
4412,14998,1,2023-08-11,1,1,22,97,1,13420,1,0
4413,14998,1,2023-10-13,1,1,22,97,1,13421,1,0
4414,14998,1,2023-10-18,1,1,22,97,1,13422,1,0
4415,15009,1,2025-04-22,1,13,235,1061,13,13436,1,0
4416,15013,1,2024-06-28,1,5,175,796,5,13439,1,0
4417,15013,1,2024-08-12,1,5,175,796,5,13440,1,0
4418,15013,1,2024-09-28,1,5,175,796,5,13441,1,0
4419,15027,1,2024-10-08,1,1,27,117,1,13454,1,0
4420,15029,1,2023-05-12,1,27,286,1283,27,13455,1,0
4421,15031,1,2025-11-18,1,1,71,315,1,13458,1,0
4422,15034,1,2023-11-24,1,24,276,1235,24,13463,1,0
4423,15050,1,2025-05-07,1,6,186,844,6,13474,1,0
4424,15050,1,2025-08-06,1,6,186,844,6,13475,1,0
4425,15051,1,2026-01-15,1,1,119,537,1,13476,1,0
4426,15051,1,2025-11-20,1,1,119,537,1,13477,1,0
4427,15053,1,2025-01-28,1,1,13,58,1,13479,1,0
4428,15057,1,2024-08-11,1,1,11,51,1,13483,1,0
4429,15059,1,2025-08-23,1,7,201,907,7,13485,1,0
4430,15060,1,2025-11-17,1,11,226,1022,11,13486,1,0
4431,15060,1,2026-02-17,1,11,226,1022,11,13487,1,0
4432,15061,1,2023-01-28,1,22,269,1207,22,13488,1,0
4433,15065,1,2024-08-14,1,7,194,882,7,13489,1,0
4434,15069,1,2026-02-23,1,23,274,1230,23,13490,1,0
4435,15069,1,2026-02-09,1,23,274,1230,23,13491,1,0
4436,15072,1,2024-03-09,1,3,141,640,3,13494,1,0
4437,15077,1,2024-03-21,1,1,28,123,1,13499,1,0
4438,15077,1,2024-02-08,1,1,28,123,1,13500,1,0
4439,15078,1,2025-10-08,1,26,281,1263,26,13501,1,0
4440,15083,1,2026-04-05,1,1,10,48,1,13504,1,0
4441,15090,1,2024-04-03,1,2,123,555,2,13513,1,0
4442,15090,1,2024-04-03,1,2,123,555,2,13514,1,0
4443,15090,1,2024-05-17,1,2,123,555,2,13515,1,0
4444,15091,1,2026-03-12,1,1,54,245,1,13516,1,0
4445,15091,1,2026-04-12,1,1,54,245,1,13517,1,0
4446,15100,1,2025-03-05,1,31,296,1327,31,13526,1,0
4447,15104,1,2023-11-14,1,1,37,165,1,13530,1,0
4448,15109,1,2026-04-18,1,1,11,50,1,13536,1,0
4449,15122,1,2024-10-08,1,1,73,326,1,13539,1,0
4450,15125,1,2025-05-01,1,12,230,1042,12,13543,1,0
4451,15129,1,2023-05-06,1,1,71,313,1,13545,1,0
4452,15133,1,2023-12-04,1,17,254,1149,17,13548,1,0
4453,15141,1,2025-10-11,1,5,175,796,5,13557,1,0
4454,15144,1,2024-07-23,1,9,210,947,9,13559,1,0
4455,15144,1,2024-10-21,1,9,210,947,9,13560,1,0
4456,15147,1,2023-10-22,1,15,244,1103,15,13562,1,0
4457,15150,1,2023-03-22,1,19,262,1179,19,13565,1,0
4458,15150,1,2023-05-19,1,19,262,1179,19,13566,1,0
4459,15159,1,2023-10-13,1,2,131,595,2,13576,1,0
4460,15166,1,2025-10-28,1,1,95,420,1,13581,1,0
4461,15168,1,2024-10-23,1,6,186,847,6,13583,1,0
4462,15169,1,2024-04-10,1,17,253,1142,17,13584,1,0
4463,15169,1,2024-03-10,1,17,253,1142,17,13585,1,0
4464,15169,1,2024-04-03,1,17,253,1142,17,13586,1,0
4465,15173,1,2024-04-29,1,3,152,688,3,13591,1,0
4466,15183,1,2026-04-16,1,1,116,523,1,13596,1,0
4467,15184,1,2026-04-07,1,3,150,679,3,13597,1,0
4468,15184,1,2026-06-12,1,3,150,679,3,13598,1,0
4469,15191,1,2024-04-04,1,19,261,1176,19,13607,1,1
4470,15193,1,2023-11-02,1,30,295,1318,30,13610,1,0
4471,15203,1,2024-02-27,1,23,272,1223,23,13616,1,0
4472,15204,1,2025-12-24,1,16,251,1133,16,13617,1,0
4473,15204,1,2025-12-24,1,16,251,1133,16,13618,1,0
4474,15204,1,2025-12-27,1,16,251,1133,16,13619,1,0
4475,15208,1,2025-10-09,1,13,236,1068,13,13623,1,0
4476,15220,1,2025-12-11,1,3,147,664,3,13631,1,0
4477,15220,1,2026-01-26,1,3,147,664,3,13632,1,0
4478,15222,1,2026-06-07,1,1,27,122,1,13633,1,0
4479,15224,1,2024-02-25,1,27,284,1275,27,13634,1,0
4480,15231,1,2023-04-27,1,20,263,1186,20,13640,1,0
4481,15245,1,2024-09-06,1,1,50,228,1,13647,1,0
4482,15248,1,2025-11-05,1,13,237,1074,13,13649,1,0
4483,15249,1,2023-08-22,1,1,10,47,1,13650,1,0
4484,15254,1,2026-01-15,1,3,141,638,3,13652,1,0
4485,15257,1,2025-04-04,1,1,64,288,1,13657,1,0
4486,15257,1,2025-03-31,1,1,64,288,1,13658,1,0
4487,15264,1,2023-12-29,1,13,233,1053,13,13664,1,0
4488,15266,1,2025-11-15,1,18,257,1161,18,13665,1,0
4489,15268,1,2026-01-28,1,1,61,269,1,13666,1,0
4490,15268,1,2025-12-07,1,1,61,269,1,13667,1,0
4491,15273,1,2024-05-13,1,1,30,132,1,13669,1,0
4492,15273,1,2024-06-04,1,1,30,132,1,13670,1,0
4493,15274,1,2026-05-15,1,1,9,43,1,13671,1,0
4494,15282,1,2023-09-18,1,28,288,1293,28,13677,1,0
4495,15283,1,2023-08-15,1,1,86,381,1,13678,1,0
4496,15286,1,2024-08-15,1,1,51,232,1,13681,1,0
4497,15286,1,2024-07-14,1,1,51,232,1,13682,1,0
4498,15287,1,2023-07-24,1,1,87,386,1,13683,1,0
4499,15290,1,2026-05-20,1,1,118,533,1,13684,1,0
4500,15290,1,2026-07-13,1,1,118,533,1,13685,1,0
4501,15298,1,2024-03-26,1,10,218,986,10,13697,1,0
4502,15307,1,2023-05-19,1,20,264,1187,20,13701,1,0
4503,15308,1,2025-02-27,1,1,115,520,1,13702,1,0
4504,15308,1,2025-01-29,1,1,115,520,1,13703,1,0
4505,15312,1,2024-08-10,1,10,220,993,10,13706,1,0
4506,15318,1,2023-08-03,1,1,96,423,1,13710,1,0
4507,15322,1,2025-04-15,1,7,192,871,7,13713,1,0
4508,15322,1,2025-08-14,1,7,192,871,7,13714,1,0
4509,15325,1,2024-01-27,1,1,71,313,1,13716,1,0
4510,15326,1,2024-04-14,1,26,282,1265,26,13717,1,0
4511,15326,1,2024-05-23,1,26,282,1265,26,13718,1,0
4512,15327,1,2023-11-16,1,2,135,609,2,13719,1,0
4513,15335,1,2025-12-12,1,1,47,210,1,13724,1,0
4514,15335,1,2025-10-10,1,1,47,210,1,13725,1,0
4515,15337,1,2023-09-02,1,2,127,577,2,13727,1,0
4516,15343,1,2023-05-15,1,18,259,1172,18,13735,1,0
4517,15350,1,2024-02-04,1,16,249,1123,16,13740,1,0
4518,15359,1,2025-11-03,1,4,163,738,4,13746,1,0
4519,15360,1,2023-12-14,1,3,140,634,3,13747,1,0
4520,15370,1,2026-02-03,1,3,143,650,3,13750,1,0
4521,15372,1,2025-07-09,1,20,264,1187,20,13752,1,0
4522,15374,1,2026-06-03,1,3,148,670,3,13753,1,0
4523,15374,1,2026-05-02,1,3,148,670,3,13755,1,0
4524,15385,1,2024-11-12,1,11,222,1005,11,13763,1,0
4525,15386,1,2023-12-22,1,3,147,664,3,13764,1,0
4526,15387,1,2025-11-02,1,30,294,1316,30,13765,1,0
4527,15387,1,2025-10-30,1,30,294,1316,30,13766,1,0
4528,15387,1,2025-10-29,1,30,294,1316,30,13767,1,0
4529,15408,1,2025-11-16,1,19,260,1173,19,13786,1,0
4530,15408,1,2025-10-24,1,19,260,1173,19,13788,1,0
4531,15414,1,2023-09-17,1,1,57,256,1,13794,1,0
4532,15416,1,2024-12-27,1,8,202,914,8,13795,1,0
4533,15418,1,2025-12-11,1,4,167,756,4,13798,1,0
4534,15419,1,2026-04-03,1,30,295,1322,30,13800,1,0
4535,15421,1,2026-01-17,1,4,155,704,4,13801,1,0
4536,15422,1,2024-06-13,1,1,49,218,1,13802,1,0
4537,15422,1,2024-04-18,1,1,49,218,1,13803,1,0
4538,15422,1,2024-05-08,1,1,49,218,1,13804,1,0
4539,15431,1,2026-07-13,1,8,204,922,8,13807,1,0
4540,15431,1,2026-06-25,1,8,204,922,8,13808,1,0
4541,15431,1,2026-06-11,1,8,204,922,8,13809,1,0
4542,15435,1,2025-04-29,1,14,241,1090,14,13810,1,0
4543,15436,1,2026-06-04,1,8,206,931,8,13811,1,0
4544,15441,1,2026-07-13,1,2,123,556,2,13817,1,0
4545,15441,1,2026-07-13,1,2,123,556,2,13818,1,0
4546,15442,1,2026-07-13,1,7,195,883,7,13819,1,0
4547,15443,1,2024-02-28,1,1,85,377,1,13820,1,0
4548,15447,1,2023-11-16,1,2,132,602,2,13824,1,0
4549,15448,1,2026-01-10,1,1,4,15,1,13825,1,0
4550,15449,1,2024-08-24,1,1,119,538,1,13826,1,0
4551,15454,1,2024-12-30,1,2,134,608,2,13832,1,0
4552,15461,1,2023-11-23,1,1,22,97,1,13842,1,0
4553,15467,1,2024-11-04,1,7,200,903,7,13849,1,0
4554,15478,1,2023-07-30,1,1,39,171,1,13863,1,0
4555,15480,1,2024-01-02,1,23,273,1226,23,13864,1,0
4556,15488,1,2024-02-26,1,5,177,803,5,13871,1,0
4557,15488,1,2024-03-04,1,5,177,803,5,13872,1,0
4558,15488,1,2024-02-27,1,5,177,803,5,13873,1,0
4559,15492,1,2024-02-21,1,1,6,24,1,13877,1,0
4560,15492,1,2024-02-01,1,1,6,24,1,13878,1,0
4561,15492,1,2024-02-14,1,1,6,24,1,13879,1,0
4562,15495,1,2023-06-01,1,1,25,109,1,13883,1,0
4563,15503,1,2026-07-13,1,7,197,893,7,13893,1,0
4564,15505,1,2024-09-11,1,1,101,454,1,13895,1,0
4565,15520,1,2026-01-25,1,1,91,402,1,13906,1,0
4566,15526,1,2025-03-12,1,7,194,880,7,13908,1,0
4567,15542,1,2023-05-15,1,1,112,503,1,13919,1,0
4568,15543,1,2024-04-26,1,8,203,917,8,13920,1,0
4569,15552,1,2024-12-18,1,1,116,524,1,13927,1,0
4570,15559,1,2025-07-23,1,1,107,480,1,13936,1,0
4571,15559,1,2025-07-07,1,1,107,480,1,13937,1,0
4572,15560,1,2024-12-19,1,1,23,101,1,13938,1,0
4573,15567,1,2024-08-23,1,5,173,789,5,13942,1,0
4574,15569,1,2023-07-03,1,10,216,971,10,13943,1,0
4575,15576,1,2025-06-10,1,1,12,54,1,13951,1,0
4576,15586,1,2025-12-14,1,1,89,393,1,13955,1,0
4577,15586,1,2025-12-28,1,1,89,393,1,13956,1,0
4578,15588,1,2025-10-20,1,18,257,1163,18,13957,1,0
4579,15588,1,2025-10-05,1,18,257,1163,18,13958,1,0
4580,15590,1,2025-06-23,1,1,15,68,1,13959,1,0
4581,15590,1,2025-06-18,1,1,15,68,1,13960,1,0
4582,15590,1,2025-06-28,1,1,15,68,1,13961,1,0
4583,15592,1,2025-07-14,1,2,130,588,2,13963,1,0
4584,15592,1,2025-07-04,1,2,130,588,2,13964,1,1
4585,15596,1,2024-10-30,1,11,225,1019,11,13965,1,1
4586,15599,1,2024-08-07,1,25,278,1248,25,13966,1,0
4587,15602,1,2025-01-26,1,27,286,1283,27,13969,1,0
4588,15606,1,2023-11-12,1,1,97,431,1,13972,1,0
4589,15606,1,2023-11-01,1,1,97,431,1,13973,1,0
4590,15609,1,2023-10-13,1,7,192,871,7,13976,1,0
4591,15609,1,2023-12-22,1,7,192,871,7,13977,1,0
4592,15609,1,2024-01-12,1,7,192,871,7,13978,1,0
4593,15610,1,2025-05-03,1,1,5,18,1,13979,1,0
4594,15619,1,2024-03-18,1,1,8,36,1,13983,1,0
4595,15619,1,2024-06-17,1,1,8,36,1,13984,1,0
4596,15619,1,2024-08-03,1,1,8,36,1,13985,1,0
4597,15625,1,2025-09-28,1,1,29,127,1,13990,1,0
4598,15625,1,2025-09-12,1,1,29,127,1,13991,1,0
4599,15639,1,2025-04-26,1,30,295,1319,30,14005,1,0
4600,15639,1,2025-02-21,1,30,295,1319,30,14006,1,0
4601,15640,1,2025-10-09,1,4,158,717,4,14007,1,0
4602,15654,1,2026-02-07,1,1,7,28,1,14021,1,0
4603,15654,1,2025-11-28,1,1,7,28,1,14022,1,0
4604,15654,1,2026-02-11,1,1,7,28,1,14023,1,0
4605,15656,1,2026-02-25,1,5,174,792,5,14025,1,0
4606,15656,1,2025-12-17,1,5,174,792,5,14026,1,0
4607,15656,1,2025-08-27,1,5,174,792,5,14027,1,0
4608,15658,1,2026-02-09,1,1,72,317,1,14028,1,0
4609,15658,1,2025-12-31,1,1,72,317,1,14029,1,0
4610,15658,1,2026-02-19,1,1,72,317,1,14030,1,0
4611,15666,1,2025-02-11,1,1,103,462,1,14037,1,0
4612,15672,1,2025-10-26,1,2,134,607,2,14040,1,0
4613,15679,1,2025-10-23,1,1,80,353,1,14043,1,0
4614,15680,1,2024-01-08,1,6,184,836,6,14044,1,0
4615,15687,1,2023-09-14,1,1,21,92,1,14047,1,0
4616,15687,1,2023-10-04,1,1,21,92,1,14048,1,0
4617,15689,1,2024-08-12,1,3,147,669,3,14051,1,0
4618,15689,1,2024-08-25,1,3,147,669,3,14052,1,0
4619,15689,1,2024-08-19,1,3,147,669,3,14053,1,0
4620,15694,1,2024-11-14,1,29,292,1306,29,14058,1,0
4621,15705,1,2024-01-27,1,1,98,435,1,14064,1,0
4622,15727,1,2026-02-06,1,1,55,249,1,14078,1,0
4623,15727,1,2026-01-28,1,1,55,249,1,14079,1,0
4624,15736,1,2024-05-19,1,5,172,783,5,14086,1,0
4625,15736,1,2024-06-26,1,5,172,783,5,14087,1,0
4626,15738,1,2023-05-13,1,1,80,353,1,14088,1,0
4627,15743,1,2023-11-14,1,1,76,337,1,14093,1,0
4628,15744,1,2024-10-01,1,1,107,481,1,14094,1,0
4629,15744,1,2024-09-15,1,1,107,481,1,14095,1,0
4630,15746,1,2024-07-28,1,5,178,806,5,14097,1,0
4631,15746,1,2024-09-27,1,5,178,806,5,14098,1,0
4632,15751,1,2023-03-26,1,4,165,744,4,14102,1,0
4633,15751,1,2023-02-11,1,4,165,744,4,14103,1,0
4634,15756,1,2023-12-14,1,1,103,463,1,14106,1,0
4635,15762,1,2026-06-06,1,1,16,70,1,14109,1,0
4636,15768,1,2025-12-03,1,18,256,1157,18,14113,1,0
4637,15770,1,2026-04-30,1,6,182,826,6,14114,1,0
4638,15770,1,2026-05-01,1,6,182,826,6,14115,1,0
4639,15772,1,2026-02-05,1,2,130,589,2,14118,1,0
4640,15776,1,2025-08-13,1,15,247,1118,15,14123,1,0
4641,15784,1,2026-04-23,1,7,192,872,7,14130,1,0
4642,15790,1,2024-11-10,1,1,70,311,1,14133,1,0
4643,15801,1,2023-07-13,1,1,100,448,1,14143,1,0
4644,15804,1,2026-07-13,1,7,191,868,7,14147,1,0
4645,15808,1,2025-01-06,1,11,226,1024,11,14151,1,0
4646,15809,1,2024-09-06,1,17,252,1138,17,14152,1,0
4647,15813,1,2024-01-19,1,2,131,594,2,14155,1,0
4648,15815,1,2024-04-15,1,28,288,1291,28,14157,1,0
4649,15819,1,2024-01-14,1,25,278,1247,25,14161,1,0
4650,15819,1,2024-02-19,1,25,278,1247,25,14162,1,0
4651,15823,1,2025-02-18,1,1,59,263,1,14166,1,0
4652,15824,1,2024-03-03,1,14,238,1077,14,14167,1,0
4653,15826,1,2023-08-15,1,1,64,287,1,14168,1,0
4654,15829,1,2024-11-09,1,12,228,1028,12,14172,1,0
4655,15830,1,2025-04-14,1,2,121,545,2,14173,1,0
4656,15832,1,2025-11-16,1,8,203,917,8,14175,1,0
4657,15832,1,2026-01-05,1,8,203,917,8,14176,1,0
4658,15834,1,2025-06-06,1,1,77,341,1,14178,1,0
4659,15834,1,2025-03-23,1,1,77,341,1,14179,1,0
4660,15837,1,2023-11-20,1,20,264,1189,20,14181,1,0
4661,15841,1,2026-01-02,1,1,51,233,1,14187,1,0
4662,15847,1,2025-08-13,1,10,217,982,10,14195,1,0
4663,15851,1,2025-02-11,1,1,4,15,1,14199,1,0
4664,15851,1,2025-01-14,1,1,4,15,1,14200,1,0
4665,15851,1,2025-03-16,1,1,4,15,1,14201,1,0
4666,15852,1,2024-01-16,1,1,120,542,1,14202,1,0
4667,15854,1,2024-12-26,1,28,288,1293,28,14203,1,0
4668,15854,1,2024-11-29,1,28,288,1293,28,14204,1,0
4669,15859,1,2024-03-04,1,28,289,1297,28,14208,1,0
4670,15860,1,2024-09-20,1,4,154,699,4,14209,1,0
4671,15869,1,2025-12-12,1,1,19,83,1,14216,1,0
4672,15869,1,2026-01-06,1,1,19,83,1,14217,1,0
4673,15870,1,2023-07-03,1,1,24,107,1,14218,1,0
4674,15874,1,2024-09-01,1,9,213,962,9,14221,1,0
4675,15874,1,2024-09-03,1,9,213,962,9,14222,1,0
4676,15884,1,2025-07-05,1,1,4,14,1,14229,1,0
4677,15886,1,2023-10-31,1,1,65,289,1,14230,1,0
4678,15888,1,2024-01-26,1,3,149,674,3,14233,1,0
4679,15893,1,2024-02-04,1,15,247,1118,15,14237,1,0
4680,15896,1,2024-11-18,1,31,297,1330,31,14241,1,0
4681,15898,1,2026-07-04,1,1,90,398,1,14242,1,0
4682,15898,1,2026-06-17,1,1,90,398,1,14243,1,0
4683,15899,1,2024-05-10,1,2,122,548,2,14244,1,0
4684,15899,1,2024-04-21,1,2,122,548,2,14245,1,0
4685,15904,1,2026-04-30,1,1,14,63,1,14248,1,0
4686,15904,1,2026-04-05,1,1,14,63,1,14249,1,0
4687,15916,1,2025-07-21,1,1,54,243,1,14263,1,0
4688,15916,1,2025-07-26,1,1,54,243,1,14264,1,0
4689,15917,1,2023-04-01,1,1,83,369,1,14265,1,0
4690,15919,1,2023-07-23,1,2,135,610,2,14267,1,0
4691,15919,1,2023-07-21,1,2,135,610,2,14268,1,0
4692,15926,1,2023-03-25,1,1,12,54,1,14273,1,0
4693,15946,1,2025-10-31,1,1,27,122,1,14282,1,0
4694,15948,1,2026-07-13,1,1,55,250,1,14283,1,0
4695,15948,1,2026-04-14,1,1,55,250,1,14284,1,0
4696,15952,1,2024-03-12,1,5,181,820,5,14288,1,0
4697,15954,1,2024-03-15,1,21,268,1205,21,14290,1,0
4698,15961,1,2024-06-05,1,7,194,879,7,14294,1,0
4699,15961,1,2024-05-08,1,7,194,879,7,14295,1,0
4700,15965,1,2025-09-26,1,9,213,961,9,14301,1,0
4701,15966,1,2024-09-21,1,1,4,17,1,14304,1,0
4702,15977,1,2023-12-03,1,16,250,1130,16,14313,1,0
4703,15982,1,2025-08-22,1,2,130,589,2,14318,1,0
4704,15982,1,2025-07-08,1,2,130,589,2,14319,1,0
4705,15982,1,2025-09-01,1,2,130,589,2,14320,1,0
4706,15983,1,2024-05-18,1,1,60,267,1,14321,1,0
4707,15984,1,2025-08-20,1,1,118,532,1,14323,1,0
4708,15990,1,2025-08-04,1,12,229,1035,12,14327,1,0
4709,15990,1,2025-04-24,1,12,229,1035,12,14328,1,0
4710,15990,1,2025-05-28,1,12,229,1035,12,14329,1,0
4711,15994,1,2023-10-30,1,3,147,665,3,14331,1,0
4712,15994,1,2023-11-21,1,3,147,665,3,14332,1,0
4713,15997,1,2024-07-14,1,1,34,151,1,14337,1,0
4714,16001,1,2023-07-11,1,1,14,60,1,14342,1,0
4715,16004,1,2023-12-25,1,10,216,971,10,14346,1,0
4716,16004,1,2023-12-28,1,10,216,971,10,14347,1,0
4717,16004,1,2023-12-27,1,10,216,971,10,14348,1,0
4718,16014,1,2023-07-27,1,8,205,925,8,14354,1,0
4719,16015,1,2026-03-22,1,1,84,373,1,14355,1,0
4720,16016,1,2023-12-05,1,16,250,1130,16,14356,1,0
4721,16016,1,2023-11-17,1,16,250,1130,16,14357,1,0
4722,16018,1,2023-03-19,1,4,160,722,4,14359,1,0
4723,16040,1,2024-09-06,1,1,59,261,1,14376,1,0
4724,16041,1,2024-02-04,1,1,3,8,1,14377,1,0
4725,16042,1,2025-02-15,1,3,149,673,3,14378,1,0
4726,16043,1,2024-02-08,1,1,92,405,1,14379,1,0
4727,16044,1,2026-02-11,1,1,90,399,1,14380,1,0
4728,16046,1,2023-10-21,1,9,214,967,9,14384,1,0
4729,16058,1,2025-04-10,1,14,242,1091,14,14394,1,0
4730,16060,1,2025-12-10,1,14,238,1077,14,14395,1,0
4731,16062,1,2023-02-27,1,1,74,331,1,14396,1,0
4732,16064,1,2024-07-18,1,6,188,856,6,14398,1,0
4733,16064,1,2024-09-15,1,6,188,856,6,14399,1,0
4734,16065,1,2025-12-27,1,9,215,970,9,14400,1,0
4735,16069,1,2025-03-19,1,6,185,841,6,14404,1,0
4736,16070,1,2025-06-18,1,10,220,996,10,14405,1,0
4737,16091,1,2025-06-30,1,17,254,1150,17,14420,1,0
4738,16091,1,2025-09-09,1,17,254,1150,17,14421,1,0
4739,16094,1,2024-03-07,1,1,66,293,1,14422,1,0
4740,16094,1,2024-04-28,1,1,66,293,1,14423,1,0
4741,16094,1,2024-03-02,1,1,66,293,1,14424,1,1
4742,16095,1,2024-08-29,1,9,211,951,9,14425,1,0
4743,16098,1,2023-04-29,1,12,229,1034,12,14427,1,0
4744,16102,1,2026-04-17,1,10,218,983,10,14432,1,0
4745,16110,1,2023-07-31,1,11,226,1021,11,14436,1,0
4746,16110,1,2023-09-04,1,11,226,1021,11,14437,1,0
4747,16112,1,2024-03-13,1,10,218,985,10,14438,1,0
4748,16117,1,2023-06-02,1,31,297,1328,31,14442,1,0
4749,16117,1,2023-06-16,1,31,297,1328,31,14443,1,0
4750,16120,1,2023-08-30,1,1,72,319,1,14445,1,0
4751,16120,1,2023-06-25,1,1,72,319,1,14446,1,1
4752,16140,1,2025-05-02,1,14,239,1080,14,14459,1,0
4753,16143,1,2025-11-26,1,1,79,352,1,14460,1,0
4754,16154,1,2026-04-07,1,1,109,492,1,14469,1,0
4755,16156,1,2024-11-13,1,1,59,262,1,14470,1,0
4756,16157,1,2025-05-16,1,17,254,1149,17,14471,1,0
4757,16161,1,2025-02-01,1,1,58,259,1,14477,1,0
4758,16161,1,2025-02-13,1,1,58,259,1,14478,1,0
4759,16168,1,2025-05-19,1,4,159,721,4,14481,1,0
4760,16170,1,2025-03-08,1,30,293,1309,30,14483,1,0
4761,16170,1,2025-03-28,1,30,293,1309,30,14484,1,0
4762,16171,1,2024-07-21,1,1,35,156,1,14485,1,0
4763,16171,1,2024-06-08,1,1,35,156,1,14486,1,0
4764,16174,1,2023-03-16,1,5,169,765,5,14488,1,0
4765,16182,1,2023-12-14,1,1,3,9,1,14491,1,0
4766,16182,1,2023-12-28,1,1,3,9,1,14492,1,0
4767,16182,1,2023-12-13,1,1,3,9,1,14493,1,0
4768,16183,1,2026-01-23,1,2,133,605,2,14494,1,0
4769,16185,1,2025-10-10,1,3,137,621,3,14495,1,0
4770,16188,1,2025-08-14,1,2,132,602,2,14499,1,0
4771,16188,1,2025-08-10,1,2,132,602,2,14500,1,0
4772,16188,1,2025-08-31,1,2,132,602,2,14501,1,0
4773,16198,1,2025-07-29,1,29,292,1308,29,14518,1,0
4774,16206,1,2023-11-23,1,1,106,475,1,14527,1,0
4775,16206,1,2023-10-16,1,1,106,475,1,14528,1,0
4776,16206,1,2023-11-02,1,1,106,475,1,14529,1,0
4777,16210,1,2024-06-03,1,2,131,594,2,14532,1,0
4778,16210,1,2024-04-25,1,2,131,594,2,14533,1,0
4779,16218,1,2026-01-18,1,1,29,128,1,14543,1,0
4780,16230,1,2025-07-01,1,7,198,896,7,14550,1,0
4781,16230,1,2025-06-28,1,7,198,896,7,14551,1,0
4782,16233,1,2025-01-13,1,1,32,143,1,14554,1,0
4783,16233,1,2025-03-09,1,1,32,143,1,14555,1,0
4784,16233,1,2025-02-11,1,1,32,143,1,14556,1,0
4785,16234,1,2026-04-23,1,4,166,750,4,14558,1,0
4786,16244,1,2026-03-28,1,1,65,292,1,14565,1,0
4787,16251,1,2024-05-06,1,1,38,166,1,14570,1,0
4788,16256,1,2026-07-13,1,3,136,617,3,14574,1,0
4789,16256,1,2026-07-13,1,3,136,617,3,14575,1,0
4790,16256,1,2026-07-13,1,3,136,617,3,14576,1,0
4791,16260,1,2026-03-20,1,3,152,691,3,14578,1,0
4792,16263,1,2024-09-03,1,3,136,616,3,14581,1,0
4793,16266,1,2026-01-01,1,13,237,1072,13,14582,1,0
4794,16266,1,2026-06-22,1,13,237,1072,13,14583,1,0
4795,16266,1,2026-06-29,1,13,237,1072,13,14584,1,0
4796,16273,1,2026-03-04,1,20,263,1182,20,14591,1,0
4797,16275,1,2025-04-07,1,30,295,1321,30,14592,1,0
4798,16280,1,2025-05-21,1,6,185,839,6,14596,1,0
4799,16280,1,2025-05-21,1,6,185,839,6,14597,1,0
4800,16285,1,2025-03-19,1,3,142,645,3,14600,1,0
4801,16286,1,2025-08-17,1,27,285,1278,27,14601,1,0
4802,16286,1,2025-09-12,1,27,285,1278,27,14602,1,0
4803,16292,1,2024-03-19,1,15,246,1111,15,14606,1,0
4804,16292,1,2024-04-01,1,15,246,1111,15,14607,1,0
4805,16311,1,2025-03-03,1,1,19,82,1,14619,1,0
4806,16311,1,2025-02-17,1,1,19,82,1,14620,1,0
4807,16322,1,2026-04-25,1,1,90,400,1,14625,1,0
4808,16327,1,2023-04-21,1,1,106,476,1,14626,1,0
4809,16329,1,2024-09-03,1,17,253,1143,17,14629,1,0
4810,16330,1,2025-04-07,1,6,190,863,6,14630,1,0
4811,16330,1,2025-02-13,1,6,190,863,6,14631,1,0
4812,16330,1,2025-02-09,1,6,190,863,6,14632,1,0
4813,16331,1,2023-12-08,1,1,25,109,1,14633,1,0
4814,16335,1,2024-03-22,1,26,281,1261,26,14636,1,0
4815,16338,1,2023-11-14,1,6,187,852,6,14637,1,0
4816,16346,1,2025-10-28,1,3,138,627,3,14645,1,0
4817,16347,1,2025-03-30,1,13,236,1068,13,14646,1,0
4818,16348,1,2024-11-30,1,2,133,605,2,14647,1,0
4819,16349,1,2024-08-23,1,1,42,186,1,14649,1,0
4820,16354,1,2026-06-18,1,1,86,381,1,14657,1,0
4821,16354,1,2026-07-13,1,1,86,381,1,14658,1,0
4822,16356,1,2023-11-08,1,26,281,1263,26,14661,1,0
4823,16359,1,2025-03-30,1,1,3,10,1,14665,1,0
4824,16359,1,2025-01-29,1,1,3,10,1,14666,1,0
4825,16367,1,2026-05-14,1,2,132,598,2,14672,1,0
4826,16384,1,2025-09-16,1,2,132,600,2,14692,1,0
4827,16386,1,2025-08-07,1,4,155,705,4,14694,1,0
4828,16386,1,2025-09-05,1,4,155,705,4,14695,1,0
4829,16391,1,2024-11-15,1,1,13,59,1,14698,1,0
4830,16397,1,2025-10-18,1,1,100,449,1,14704,1,0
4831,16397,1,2025-09-19,1,1,100,449,1,14705,1,0
4832,16403,1,2025-12-18,1,1,12,53,1,14709,1,0
4833,16403,1,2025-10-28,1,1,12,53,1,14710,1,0
4834,16403,1,2025-12-04,1,1,12,53,1,14711,1,0
4835,16405,1,2024-01-12,1,4,167,758,4,14712,1,0
4836,16405,1,2023-10-02,1,4,167,758,4,14713,1,0
4837,16410,1,2023-07-09,1,1,95,419,1,14717,1,0
4838,16411,1,2024-03-06,1,1,90,397,1,14718,1,0
4839,16427,1,2023-08-04,1,10,218,984,10,14728,1,0
4840,16437,1,2023-12-28,1,1,115,520,1,14731,1,0
4841,16450,1,2025-03-29,1,2,132,600,2,14740,1,0
4842,16450,1,2025-05-15,1,2,132,600,2,14741,1,0
4843,16450,1,2025-02-28,1,2,132,600,2,14742,1,0
4844,16452,1,2024-01-27,1,1,81,356,1,14743,1,0
4845,16453,1,2026-06-10,1,11,227,1026,11,14745,1,0
4846,16455,1,2024-12-15,1,1,116,523,1,14746,1,0
4847,16459,1,2025-11-19,1,1,24,102,1,14751,1,0
4848,16466,1,2024-06-25,1,2,122,549,2,14759,1,0
4849,16466,1,2024-08-10,1,2,122,549,2,14760,1,0
4850,16468,1,2025-07-31,1,8,208,941,8,14762,1,0
4851,16470,1,2026-02-19,1,2,122,548,2,14763,1,0
4852,16472,1,2025-12-11,1,11,222,1006,11,14765,1,0
4853,16472,1,2026-03-30,1,11,222,1006,11,14766,1,0
4854,16473,1,2025-03-27,1,30,293,1312,30,14767,1,0
4855,16473,1,2025-01-11,1,30,293,1312,30,14768,1,0
4856,16488,1,2023-12-20,1,3,145,656,3,14782,1,0
4857,16494,1,2025-01-21,1,26,283,1273,26,14786,1,0
4858,16494,1,2025-01-19,1,26,283,1273,26,14787,1,0
4859,16494,1,2025-01-10,1,26,283,1273,26,14788,1,0
4860,16495,1,2026-07-13,1,21,267,1202,21,14789,1,0
4861,16497,1,2023-06-08,1,16,250,1130,16,14792,1,0
4862,16498,1,2025-06-29,1,1,112,506,1,14794,1,0
4863,16498,1,2025-06-06,1,1,112,506,1,14795,1,0
4864,16499,1,2024-04-14,1,1,58,259,1,14796,1,0
4865,16500,1,2026-07-13,1,1,51,233,1,14797,1,0
4866,16506,1,2024-08-22,1,1,19,84,1,14801,1,0
4867,16518,1,2024-08-14,1,1,77,339,1,14808,1,0
4868,16519,1,2025-03-04,1,13,234,1058,13,14809,1,0
4869,16519,1,2025-03-21,1,13,234,1058,13,14810,1,0
4870,16519,1,2025-02-26,1,13,234,1058,13,14811,1,0
4871,16521,1,2024-03-16,1,3,145,655,3,14812,1,0
4872,16521,1,2024-05-26,1,3,145,655,3,14813,1,0
4873,16525,1,2026-07-01,1,24,276,1237,24,14819,1,0
4874,16527,1,2023-06-28,1,1,52,237,1,14821,1,0
4875,16528,1,2024-05-06,1,8,204,924,8,14822,1,0
4876,16530,1,2025-01-19,1,8,205,928,8,14825,1,0
4877,16534,1,2024-03-01,1,2,126,570,2,14830,1,0
4878,16535,1,2024-11-24,1,6,185,840,6,14831,1,0
4879,16548,1,2023-10-29,1,3,147,667,3,14838,1,0
4880,16549,1,2025-09-24,1,1,8,37,1,14839,1,0
4881,16549,1,2025-07-11,1,1,8,37,1,14840,1,0
4882,16549,1,2025-11-07,1,1,8,37,1,14841,1,0
4883,16555,1,2025-05-24,1,23,274,1228,23,14843,1,0
4884,16561,1,2023-07-27,1,3,152,692,3,14846,1,0
4885,16567,1,2026-01-03,1,3,139,630,3,14849,1,0
4886,16570,1,2026-04-28,1,2,126,571,2,14853,1,0
4887,16573,1,2025-09-15,1,15,243,1098,15,14855,1,0
4888,16576,1,2023-08-24,1,17,254,1149,17,14856,1,0
4889,16579,1,2024-06-26,1,3,144,653,3,14857,1,0
4890,16582,1,2026-06-21,1,11,226,1022,11,14861,1,0
4891,16584,1,2024-11-04,1,26,282,1265,26,14862,1,0
4892,16588,1,2024-07-27,1,15,246,1112,15,14864,1,0
4893,16589,1,2023-11-25,1,3,150,679,3,14865,1,0
4894,16591,1,2024-12-03,1,1,72,320,1,14866,1,0
4895,16594,1,2026-07-13,1,1,31,139,1,14867,1,0
4896,16595,1,2026-07-07,1,1,106,477,1,14868,1,0
4897,16603,1,2023-11-11,1,4,155,703,4,14875,1,0
4898,16603,1,2023-11-16,1,4,155,703,4,14876,1,0
4899,16603,1,2023-11-06,1,4,155,703,4,14877,1,0
4900,16609,1,2023-12-09,1,14,238,1076,14,14881,1,0
4901,16610,1,2025-02-26,1,1,41,182,1,14882,1,0
4902,16611,1,2023-05-24,1,2,122,548,2,14883,1,0
4903,16628,1,2026-02-18,1,1,6,24,1,14900,1,0
4904,16639,1,2025-04-23,1,12,230,1042,12,14908,1,0
4905,16643,1,2024-03-23,1,6,185,838,6,14917,1,0
4906,16644,1,2025-10-07,1,1,114,514,1,14918,1,0
4907,16654,1,2025-09-08,1,29,292,1307,29,14926,1,0
4908,16655,1,2026-07-02,1,4,167,758,4,14927,1,0
4909,16655,1,2026-05-16,1,4,167,758,4,14928,1,0
4910,16655,1,2026-04-17,1,4,167,758,4,14929,1,0
4911,16658,1,2024-05-18,1,6,189,861,6,14931,1,0
4912,16658,1,2024-06-25,1,6,189,861,6,14932,1,0
4913,16660,1,2023-02-13,1,3,148,671,3,14933,1,0
4914,16662,1,2026-05-15,1,1,120,540,1,14937,1,0
4915,16662,1,2026-05-04,1,1,120,540,1,14938,1,0
4916,16663,1,2026-05-15,1,12,230,1040,12,14939,1,0
4917,16663,1,2026-07-06,1,12,230,1040,12,14940,1,0
4918,16664,1,2025-07-08,1,6,188,856,6,14941,1,0
4919,16664,1,2025-07-17,1,6,188,856,6,14942,1,0
4920,16666,1,2025-07-09,1,31,297,1329,31,14943,1,0
4921,16673,1,2025-03-31,1,1,65,290,1,14948,1,0
4922,16680,1,2023-10-11,1,6,188,856,6,14957,1,0
4923,16691,1,2024-12-25,1,4,154,699,4,14959,1,0
4924,16711,1,2026-03-22,1,1,20,86,1,14977,1,1
4925,16730,1,2025-07-25,1,15,243,1101,15,14991,1,0
4926,16737,1,2025-05-04,1,1,3,11,1,14993,1,0
4927,16740,1,2023-10-14,1,5,180,819,5,14995,1,0
4928,16740,1,2023-10-17,1,5,180,819,5,14996,1,0
4929,16743,1,2026-02-06,1,12,229,1038,12,14998,1,0
4930,16746,1,2024-06-04,1,1,83,366,1,15001,1,0
4931,16755,1,2023-10-30,1,2,121,543,2,15009,1,0
4932,16763,1,2026-04-24,1,27,285,1279,27,15014,1,0
4933,16767,1,2023-03-17,1,4,165,746,4,15019,1,0
4934,16767,1,2023-03-05,1,4,165,746,4,15020,1,0
4935,16770,1,2023-12-07,1,1,13,59,1,15025,1,0
4936,16771,1,2024-11-14,1,1,100,447,1,15026,1,0
4937,16771,1,2024-11-05,1,1,100,447,1,15027,1,0
4938,16778,1,2025-08-21,1,2,131,595,2,15034,1,0
4939,16782,1,2024-03-04,1,1,61,272,1,15036,1,0
4940,16787,1,2023-12-11,1,18,259,1169,18,15039,1,0
4941,16794,1,2024-10-29,1,6,183,828,6,15043,1,0
4942,16794,1,2024-10-09,1,6,183,828,6,15044,1,0
4943,16803,1,2024-09-05,1,1,22,97,1,15047,1,0
4944,16803,1,2024-09-30,1,1,22,97,1,15048,1,0
4945,16811,1,2024-01-13,1,3,151,686,3,15054,1,0
4946,16811,1,2023-12-26,1,3,151,686,3,15055,1,0
4947,16818,1,2025-10-15,1,1,53,241,1,15063,1,0
4948,16818,1,2025-10-23,1,1,53,241,1,15064,1,0
4949,16826,1,2026-05-02,1,1,96,425,1,15068,1,0
4950,16832,1,2023-09-09,1,1,93,409,1,15072,1,0
4951,16849,1,2023-05-29,1,26,282,1269,26,15086,1,0
4952,16861,1,2026-02-18,1,9,210,946,9,15092,1,0
4953,16861,1,2026-05-23,1,9,210,946,9,15093,1,0
4954,16861,1,2026-05-30,1,9,210,946,9,15094,1,0
4955,16862,1,2024-09-19,1,1,56,253,1,15095,1,0
4956,16862,1,2024-06-27,1,1,56,253,1,15096,1,0
4957,16867,1,2025-07-24,1,5,169,769,5,15103,1,0
4958,16871,1,2025-03-22,1,19,262,1180,19,15107,1,0
4959,16878,1,2023-12-12,1,7,197,895,7,15111,1,0
4960,16879,1,2025-03-28,1,5,181,820,5,15112,1,0
4961,16879,1,2024-12-22,1,5,181,820,5,15113,1,0
4962,16882,1,2023-03-15,1,1,86,384,1,15117,1,0
4963,16884,1,2026-01-25,1,10,219,989,10,15118,1,0
4964,16884,1,2026-02-02,1,10,219,989,10,15119,1,0
4965,16893,1,2023-05-13,1,12,230,1043,12,15127,1,0
4966,16899,1,2023-11-29,1,1,61,269,1,15130,1,0
4967,16904,1,2024-05-16,1,17,252,1140,17,15136,1,0
4968,16910,1,2025-11-20,1,8,209,945,8,15141,1,0
4969,16917,1,2023-11-15,1,8,205,930,8,15146,1,0
4970,16917,1,2023-11-23,1,8,205,930,8,15147,1,0
4971,16925,1,2024-09-07,1,1,70,309,1,15151,1,0
4972,16926,1,2024-10-12,1,6,182,825,6,15152,1,0
4973,16926,1,2024-07-10,1,6,182,825,6,15153,1,0
4974,16930,1,2026-07-13,1,2,122,547,2,15155,1,0
4975,16939,1,2025-07-14,1,17,254,1149,17,15160,1,0
4976,16944,1,2025-03-04,1,5,171,779,5,15162,1,0
4977,16946,1,2025-06-02,1,1,26,114,1,15163,1,0
4978,16965,1,2026-03-14,1,28,287,1288,28,15179,1,0
4979,16969,1,2026-03-17,1,6,183,832,6,15180,1,0
4980,16969,1,2026-04-03,1,6,183,832,6,15181,1,0
4981,16975,1,2023-07-10,1,17,255,1152,17,15185,1,0
4982,16975,1,2023-11-23,1,17,255,1152,17,15187,1,0
4983,16977,1,2025-02-15,1,3,137,619,3,15189,1,0
4984,16979,1,2023-07-19,1,5,175,797,5,15190,1,0
4985,16982,1,2024-03-03,1,7,200,904,7,15191,1,0
4986,16992,1,2025-11-27,1,13,233,1054,13,15199,1,0
4987,16993,1,2024-03-02,1,1,71,314,1,15200,1,0
4988,16993,1,2024-03-11,1,1,71,314,1,15201,1,0
4989,17003,1,2025-11-18,1,1,113,511,1,15207,1,0
4990,17003,1,2026-03-09,1,1,113,511,1,15208,1,0
4991,17006,1,2023-12-09,1,4,164,740,4,15209,1,0
4992,17006,1,2024-01-10,1,4,164,740,4,15210,1,0
4993,17007,1,2025-09-20,1,1,69,304,1,15211,1,0
4994,17007,1,2025-06-07,1,1,69,304,1,15212,1,0
4995,17007,1,2025-10-09,1,1,69,304,1,15213,1,0
4996,17019,1,2024-06-19,1,7,193,877,7,15221,1,0
4997,17019,1,2024-07-09,1,7,193,877,7,15222,1,0
4998,17025,1,2026-04-24,1,1,89,396,1,15226,1,0
4999,17028,1,2023-11-16,1,13,234,1059,13,15227,1,0
5000,17029,1,2023-12-28,1,5,171,778,5,15228,1,0
5001,17029,1,2023-09-15,1,5,171,778,5,15229,1,0
5002,17031,1,2024-09-18,1,16,248,1122,16,15231,1,0
5003,17031,1,2024-07-22,1,16,248,1122,16,15232,1,0
5004,17038,1,2024-06-10,1,1,72,319,1,15235,1,0
5005,17038,1,2024-06-09,1,1,72,319,1,15236,1,0
5006,17049,1,2023-09-15,1,20,265,1191,20,15243,1,0
5007,17050,1,2024-03-20,1,22,270,1211,22,15244,1,0
5008,17050,1,2023-10-17,1,22,270,1211,22,15245,1,0
5009,17051,1,2023-08-26,1,1,53,240,1,15247,1,0
5010,17052,1,2025-06-05,1,5,174,792,5,15248,1,0
5011,17056,1,2025-03-21,1,7,198,896,7,15253,1,0
5012,17056,1,2025-03-15,1,7,198,896,7,15254,1,0
5013,17056,1,2025-02-28,1,7,198,896,7,15255,1,0
5014,17059,1,2026-03-04,1,6,185,840,6,15256,1,0
5015,17059,1,2026-02-23,1,6,185,840,6,15257,1,0
5016,17060,1,2023-11-18,1,2,131,595,2,15258,1,0
5017,17060,1,2023-12-25,1,2,131,595,2,15259,1,0
5018,17069,1,2025-01-03,1,10,218,986,10,15269,1,0
5019,17070,1,2026-01-15,1,2,121,543,2,15270,1,0
5020,17071,1,2025-06-10,1,1,3,13,1,15272,1,0
5021,17071,1,2025-08-14,1,1,3,13,1,15273,1,0
5022,17071,1,2025-06-02,1,1,3,13,1,15274,1,0
5023,17083,1,2023-06-16,1,1,31,139,1,15287,1,0
5024,17090,1,2025-07-15,1,19,262,1181,19,15291,1,0
5025,17106,1,2026-04-12,1,9,213,963,9,15310,1,0
5026,17111,1,2026-01-26,1,1,114,514,1,15317,1,0
5027,17112,1,2024-09-12,1,1,27,118,1,15318,1,0
5028,17112,1,2024-09-28,1,1,27,118,1,15319,1,0
5029,17112,1,2024-05-23,1,1,27,118,1,15320,1,0
5030,17119,1,2025-10-03,1,1,57,255,1,15327,1,0
5031,17121,1,2025-12-26,1,1,28,125,1,15331,1,0
5032,17121,1,2026-01-14,1,1,28,125,1,15332,1,0
5033,17123,1,2026-01-20,1,7,201,910,7,15334,1,0
5034,17130,1,2023-06-24,1,9,213,961,9,15337,1,0
5035,17134,1,2025-08-29,1,16,249,1125,16,15339,1,0
5036,17149,1,2023-11-17,1,1,64,286,1,15349,1,0
5037,17152,1,2024-03-08,1,12,230,1042,12,15352,1,0
5038,17152,1,2024-01-07,1,12,230,1042,12,15353,1,0
5039,17155,1,2024-09-19,1,1,78,346,1,15358,1,0
5040,17176,1,2026-04-24,1,1,28,124,1,15377,1,0
5041,17176,1,2026-07-13,1,1,28,124,1,15378,1,0
5042,17186,1,2025-05-19,1,1,37,164,1,15385,1,0
5043,17186,1,2025-04-03,1,1,37,164,1,15386,1,0
5044,17213,1,2026-07-13,1,3,151,684,3,15400,1,0
5045,17213,1,2026-07-13,1,3,151,684,3,15401,1,0
5046,17214,1,2025-11-25,1,1,47,207,1,15402,1,0
5047,17217,1,2024-12-02,1,10,218,984,10,15405,1,0
5048,17221,1,2023-12-19,1,6,190,864,6,15408,1,0
5049,17224,1,2023-02-22,1,11,225,1019,11,15409,1,0
5050,17224,1,2023-02-05,1,11,225,1019,11,15410,1,0
5051,17225,1,2026-02-14,1,1,9,42,1,15411,1,0
5052,17231,1,2024-10-03,1,8,209,944,8,15415,1,0
5053,17238,1,2026-02-25,1,1,69,305,1,15420,1,0
5054,17241,1,2025-07-22,1,1,99,442,1,15422,1,0
5055,17241,1,2025-03-18,1,1,99,442,1,15423,1,0
5056,17242,1,2024-10-21,1,1,12,55,1,15424,1,0
5057,17244,1,2023-04-29,1,5,168,763,5,15426,1,0
5058,17245,1,2025-01-03,1,30,293,1313,30,15429,1,0
5059,17246,1,2023-12-22,1,5,178,805,5,15431,1,0
5060,17246,1,2023-10-21,1,5,178,805,5,15432,1,0
5061,17249,1,2026-03-07,1,1,10,46,1,15433,1,0
5062,17252,1,2025-10-23,1,2,126,571,2,15437,1,0
5063,17255,1,2024-01-13,1,1,13,58,1,15440,1,0
5064,17255,1,2024-03-25,1,1,13,58,1,15441,1,0
5065,17260,1,2023-09-22,1,5,178,806,5,15448,1,0
5066,17260,1,2023-08-15,1,5,178,806,5,15449,1,0
5067,17262,1,2025-03-01,1,4,167,756,4,15450,1,0
5068,17262,1,2025-06-28,1,4,167,756,4,15451,1,0
5069,17268,1,2026-01-23,1,1,115,518,1,15454,1,0
5070,17271,1,2024-09-23,1,13,236,1065,13,15457,1,0
5071,17277,1,2025-03-18,1,29,291,1304,29,15464,1,0
5072,17277,1,2025-02-27,1,29,291,1304,29,15465,1,0
5073,17278,1,2025-09-04,1,7,191,868,7,15466,1,0
5074,17278,1,2025-03-31,1,7,191,868,7,15467,1,0
5075,17281,1,2025-06-01,1,21,266,1197,21,15470,1,0
5076,17281,1,2025-06-07,1,21,266,1197,21,15471,1,0
5077,17283,1,2024-03-28,1,12,230,1043,12,15473,1,0
5078,17283,1,2024-03-24,1,12,230,1043,12,15474,1,0
5079,17295,1,2024-10-14,1,1,70,309,1,15483,1,0
5080,17298,1,2026-04-30,1,1,6,27,1,15487,1,0
5081,17299,1,2025-06-22,1,2,122,547,2,15488,1,0
5082,17299,1,2025-06-02,1,2,122,547,2,15489,1,0
5083,17306,1,2025-08-03,1,9,215,970,9,15493,1,0
5084,17306,1,2025-08-17,1,9,215,970,9,15494,1,0
5085,17309,1,2025-12-25,1,1,86,381,1,15498,1,0
5086,17319,1,2025-01-27,1,1,28,124,1,15507,1,0
5087,17319,1,2025-04-29,1,1,28,124,1,15508,1,0
5088,17319,1,2025-01-14,1,1,28,124,1,15509,1,0
5089,17322,1,2025-02-02,1,2,130,590,2,15514,1,0
5090,17328,1,2024-02-09,1,31,298,1334,31,15517,1,0
5091,17334,1,2023-04-03,1,28,287,1288,28,15521,1,0
5092,17335,1,2024-03-10,1,3,137,623,3,15522,1,0
5093,17335,1,2024-07-19,1,3,137,623,3,15523,1,0
5094,17339,1,2025-08-09,1,7,201,908,7,15524,1,0
5095,17345,1,2026-07-13,1,18,259,1171,18,15529,1,0
5096,17353,1,2025-05-23,1,1,104,465,1,15535,1,0
5097,17354,1,2023-08-18,1,1,41,182,1,15536,1,0
5098,17354,1,2023-09-08,1,1,41,182,1,15537,1,0
5099,17357,1,2026-04-17,1,1,43,190,1,15539,1,0
5100,17358,1,2026-01-11,1,10,216,971,10,15540,1,0
5101,17363,1,2023-11-09,1,4,160,724,4,15543,1,0
5102,17372,1,2025-11-15,1,26,282,1265,26,15552,1,0
5103,17372,1,2025-11-10,1,26,282,1265,26,15553,1,0
5104,17390,1,2026-05-08,1,14,242,1095,14,15565,1,0
5105,17395,1,2026-01-01,1,5,171,780,5,15572,1,0
5106,17396,1,2024-05-03,1,4,163,738,4,15573,1,0
5107,17397,1,2024-05-04,1,6,185,841,6,15574,1,0
5108,17406,1,2023-08-11,1,11,224,1016,11,15578,1,0
5109,17409,1,2023-10-18,1,12,232,1049,12,15580,1,0
5110,17411,1,2023-04-28,1,25,278,1247,25,15582,1,0
5111,17430,1,2023-12-24,1,5,170,772,5,15600,1,0
5112,17435,1,2025-08-05,1,1,45,202,1,15605,1,0
5113,17436,1,2024-04-15,1,21,268,1205,21,15606,1,0
5114,17437,1,2024-04-21,1,5,177,802,5,15607,1,0
5115,17441,1,2026-05-29,1,1,80,355,1,15609,1,0
5116,17446,1,2025-05-28,1,22,270,1212,22,15614,1,0
5117,17448,1,2024-01-23,1,1,103,461,1,15616,1,0
5118,17451,1,2023-10-02,1,3,137,620,3,15617,1,0
5119,17456,1,2025-09-21,1,1,37,165,1,15620,1,0
5120,17463,1,2024-03-21,1,1,65,290,1,15626,1,0
5121,17466,1,2026-06-12,1,4,162,732,4,15629,1,0
5122,17468,1,2024-09-15,1,7,199,899,7,15632,1,0
5123,17470,1,2026-07-01,1,1,98,434,1,15635,1,0
5124,17471,1,2024-10-04,1,5,168,764,5,15636,1,0
5125,17473,1,2024-11-04,1,27,285,1278,27,15639,1,0
5126,17475,1,2024-11-21,1,8,202,915,8,15641,1,0
5127,17481,1,2023-12-27,1,3,151,683,3,15644,1,0
5128,17483,1,2025-08-03,1,5,173,786,5,15645,1,0
5129,17483,1,2025-06-26,1,5,173,786,5,15646,1,0
5130,17487,1,2024-08-02,1,15,245,1107,15,15648,1,0
5131,17490,1,2023-07-27,1,2,125,563,2,15649,1,0
5132,17490,1,2023-07-02,1,2,125,563,2,15650,1,0
5133,17491,1,2023-12-06,1,3,145,655,3,15651,1,0
5134,17491,1,2024-01-19,1,3,145,655,3,15652,1,0
5135,17497,1,2024-04-19,1,3,143,651,3,15657,1,0
5136,17500,1,2026-01-06,1,2,122,548,2,15660,1,0
5137,17501,1,2026-07-13,1,14,242,1091,14,15661,1,0
5138,17520,1,2023-07-06,1,2,132,598,2,15671,1,0
5139,17520,1,2023-07-14,1,2,132,598,2,15672,1,0
5140,17520,1,2023-07-05,1,2,132,598,2,15673,1,0
5141,17521,1,2023-07-27,1,19,262,1181,19,15674,1,0
5142,17524,1,2023-12-27,1,4,157,712,4,15676,1,0
5143,17524,1,2024-01-31,1,4,157,712,4,15677,1,0
5144,17524,1,2023-12-15,1,4,157,712,4,15678,1,0
5145,17529,1,2023-08-26,1,1,68,301,1,15679,1,0
5146,17536,1,2023-04-26,1,15,246,1113,15,15685,1,0
5147,17536,1,2023-05-15,1,15,246,1113,15,15686,1,0
5148,17541,1,2024-04-07,1,1,88,392,1,15689,1,0
5149,17542,1,2025-07-21,1,1,77,340,1,15690,1,0
5150,17544,1,2024-02-26,1,11,226,1024,11,15692,1,0
5151,17544,1,2024-01-30,1,11,226,1024,11,15693,1,0
5152,17550,1,2026-03-05,1,1,19,83,1,15701,1,0
5153,17550,1,2026-02-04,1,1,19,83,1,15702,1,0
5154,17560,1,2023-10-15,1,1,7,31,1,15713,1,0
5155,17561,1,2023-02-04,1,4,156,708,4,15714,1,0
5156,17568,1,2026-05-21,1,1,15,68,1,15720,1,0
5157,17568,1,2026-03-25,1,1,15,68,1,15721,1,0
5158,17575,1,2026-04-26,1,1,4,16,1,15727,1,0
5159,17577,1,2026-02-05,1,12,228,1033,12,15729,1,0
5160,17581,1,2024-02-13,1,1,59,262,1,15733,1,0
5161,17583,1,2023-04-22,1,17,252,1138,17,15734,1,0
5162,17589,1,2025-12-28,1,1,98,436,1,15738,1,1
5163,17590,1,2024-07-21,1,1,109,487,1,15739,1,0
5164,17590,1,2024-07-22,1,1,109,487,1,15740,1,0
5165,17590,1,2024-07-24,1,1,109,487,1,15741,1,0
5166,17595,1,2025-01-06,1,1,70,311,1,15746,1,0
5167,17595,1,2024-12-05,1,1,70,311,1,15747,1,0
5168,17595,1,2025-01-18,1,1,70,311,1,15748,1,0
5169,17597,1,2026-01-29,1,1,118,531,1,15750,1,0
5170,17597,1,2026-03-10,1,1,118,531,1,15751,1,0
5171,17598,1,2025-12-14,1,19,262,1179,19,15752,1,0
5172,17603,1,2024-12-05,1,26,281,1263,26,15758,1,0
5173,17603,1,2025-01-27,1,26,281,1263,26,15759,1,0
5174,17604,1,2024-06-13,1,19,261,1177,19,15760,1,0
5175,17612,1,2026-03-04,1,1,104,466,1,15767,1,0
5176,17622,1,2026-02-01,1,1,29,130,1,15779,1,0
5177,17626,1,2024-05-30,1,4,160,725,4,15783,1,0
5178,17629,1,2025-12-23,1,6,182,826,6,15784,1,0
5179,17633,1,2024-06-26,1,1,101,451,1,15787,1,0
5180,17637,1,2023-08-26,1,1,60,268,1,15789,1,1
5181,17637,1,2023-08-28,1,1,60,268,1,15791,1,0
5182,17647,1,2024-11-30,1,1,38,166,1,15800,1,0
5183,17647,1,2024-09-06,1,1,38,166,1,15801,1,0
5184,17649,1,2023-07-09,1,17,254,1146,17,15803,1,0
5185,17653,1,2026-05-23,1,7,191,868,7,15807,1,0
5186,17654,1,2026-02-22,1,1,55,248,1,15808,1,0
5187,17655,1,2024-05-08,1,1,51,232,1,15809,1,0
5188,17674,1,2024-03-02,1,1,72,322,1,15820,1,0
5189,17674,1,2024-01-17,1,1,72,322,1,15821,1,0
5190,17679,1,2025-11-15,1,15,243,1100,15,15824,1,0
5191,17681,1,2026-05-02,1,5,172,781,5,15826,1,0
5192,17685,1,2024-12-18,1,1,120,540,1,15829,1,0
5193,17685,1,2024-11-30,1,1,120,540,1,15831,1,0
5194,17688,1,2023-04-27,1,1,81,359,1,15836,1,0
5195,17693,1,2025-07-18,1,27,286,1281,27,15839,1,0
5196,17694,1,2024-07-27,1,2,122,548,2,15841,1,0
5197,17699,1,2026-06-12,1,25,280,1256,25,15845,1,0
5198,17706,1,2024-02-16,1,4,159,719,4,15849,1,0
5199,17708,1,2026-03-13,1,2,134,608,2,15850,1,0
5200,17708,1,2026-04-08,1,2,134,608,2,15851,1,0
5201,17709,1,2025-07-26,1,3,153,694,3,15852,1,0
5202,17710,1,2025-06-22,1,5,177,804,5,15853,1,0
5203,17715,1,2025-12-14,1,9,212,955,9,15860,1,0
5204,17715,1,2025-12-02,1,9,212,955,9,15861,1,0
5205,17720,1,2024-10-13,1,1,85,376,1,15863,1,0
5206,17729,1,2025-03-15,1,15,247,1119,15,15873,1,0
5207,17729,1,2024-12-22,1,15,247,1119,15,15874,1,0
5208,17735,1,2026-06-08,1,3,152,688,3,15878,1,0
5209,17736,1,2023-05-01,1,1,9,42,1,15879,1,0
5210,17740,1,2025-11-25,1,1,118,533,1,15880,1,0
5211,17744,1,2026-04-07,1,1,82,363,1,15885,1,0
5212,17747,1,2025-08-05,1,7,191,869,7,15888,1,0
5213,17747,1,2025-07-17,1,7,191,869,7,15889,1,0
5214,17748,1,2023-06-23,1,15,244,1102,15,15891,1,0
5215,17750,1,2024-06-12,1,3,142,643,3,15894,1,0
5216,17759,1,2025-11-24,1,17,255,1153,17,15906,1,0
5217,17766,1,2023-05-15,1,18,259,1170,18,15908,1,0
5218,17766,1,2023-06-06,1,18,259,1170,18,15909,1,0
5219,17769,1,2023-06-06,1,1,96,426,1,15912,1,0
5220,17769,1,2023-05-04,1,1,96,426,1,15913,1,0
5221,17784,1,2024-01-18,1,4,162,734,4,15925,1,0
5222,17784,1,2023-11-10,1,4,162,734,4,15926,1,0
5223,17786,1,2024-09-04,1,1,82,362,1,15927,1,0
5224,17786,1,2024-10-29,1,1,82,362,1,15928,1,0
5225,17786,1,2024-07-23,1,1,82,362,1,15929,1,0
5226,17796,1,2026-05-20,1,1,68,301,1,15936,1,0
5227,17796,1,2026-04-22,1,1,68,301,1,15938,1,0
5228,17810,1,2023-11-12,1,1,41,182,1,15953,1,0
5229,17812,1,2024-12-02,1,8,207,935,8,15954,1,0
5230,17813,1,2026-07-13,1,7,200,903,7,15955,1,0
5231,17816,1,2024-11-27,1,6,186,846,6,15957,1,0
5232,17816,1,2024-12-10,1,6,186,846,6,15958,1,0
5233,17817,1,2024-01-12,1,11,224,1016,11,15959,1,0
5234,17817,1,2024-02-20,1,11,224,1016,11,15960,1,0
5235,17818,1,2026-01-09,1,30,294,1314,30,15961,1,0
5236,17823,1,2023-04-25,1,5,171,780,5,15964,1,0
5237,17823,1,2023-05-28,1,5,171,780,5,15965,1,0
5238,17825,1,2024-01-01,1,28,287,1285,28,15966,1,0
5239,17831,1,2024-12-02,1,28,287,1287,28,15971,1,0
5240,17839,1,2025-12-08,1,1,55,250,1,15979,1,0
5241,17839,1,2026-04-10,1,1,55,250,1,15980,1,0
5242,17844,1,2023-09-14,1,16,251,1134,16,15983,1,0
5243,17844,1,2023-12-11,1,16,251,1134,16,15984,1,0
5244,17852,1,2025-11-24,1,30,295,1321,30,15992,1,0
5245,17862,1,2023-10-16,1,1,8,37,1,16000,1,0
5246,17863,1,2024-09-28,1,1,67,298,1,16001,1,0
5247,17863,1,2024-06-26,1,1,67,298,1,16002,1,0
5248,17863,1,2024-07-28,1,1,67,298,1,16003,1,0
5249,17865,1,2023-09-26,1,1,5,22,1,16005,1,0
5250,17865,1,2023-09-24,1,1,5,22,1,16006,1,0
5251,17867,1,2024-06-06,1,4,162,733,4,16007,1,0
5252,17867,1,2024-06-30,1,4,162,733,4,16009,1,0
5253,17868,1,2025-07-24,1,1,19,84,1,16010,1,0
5254,17870,1,2024-12-24,1,1,36,162,1,16011,1,0
5255,17870,1,2024-12-10,1,1,36,162,1,16012,1,0
5256,17870,1,2024-12-13,1,1,36,162,1,16013,1,0
5257,17871,1,2023-10-14,1,12,228,1032,12,16014,1,0
5258,17871,1,2023-09-26,1,12,228,1032,12,16015,1,0
5259,17874,1,2024-03-07,1,1,97,431,1,16018,1,0
5260,17879,1,2024-05-25,1,5,173,787,5,16021,1,0
5261,17880,1,2023-10-21,1,3,142,644,3,16022,1,0
5262,17881,1,2025-01-22,1,23,273,1224,23,16023,1,0
5263,17884,1,2026-02-08,1,1,32,141,1,16026,1,0
5264,17885,1,2026-04-04,1,2,129,587,2,16028,1,0
5265,17891,1,2025-08-29,1,1,85,376,1,16033,1,0
5266,17891,1,2025-08-27,1,1,85,376,1,16035,1,0
5267,17893,1,2026-04-25,1,3,136,617,3,16038,1,0
5268,17901,1,2025-01-12,1,27,284,1277,27,16042,1,0
5269,17905,1,2023-12-02,1,6,185,838,6,16046,1,0
5270,17925,1,2023-03-05,1,24,277,1241,24,16058,1,0
5271,17925,1,2023-03-13,1,24,277,1241,24,16059,1,1
5272,17929,1,2026-03-03,1,5,179,812,5,16063,1,0
5273,17934,1,2026-02-11,1,3,147,668,3,16070,1,0
5274,17936,1,2025-01-29,1,1,68,300,1,16072,1,0
5275,17936,1,2025-04-26,1,1,68,300,1,16073,1,0
5276,17937,1,2024-08-09,1,5,177,804,5,16074,1,0
5277,17937,1,2024-07-22,1,5,177,804,5,16075,1,0
5278,17937,1,2024-07-06,1,5,177,804,5,16076,1,0
5279,17938,1,2024-06-15,1,26,282,1266,26,16077,1,0
5280,17944,1,2026-05-24,1,20,264,1189,20,16082,1,0
5281,17955,1,2025-12-03,1,5,180,818,5,16086,1,0
5282,17958,1,2024-11-17,1,11,226,1021,11,16087,1,0
5283,17960,1,2026-01-29,1,1,86,381,1,16088,1,0
5284,17961,1,2024-10-04,1,12,230,1040,12,16089,1,0
5285,17962,1,2024-04-02,1,22,269,1208,22,16090,1,0
5286,17962,1,2024-02-29,1,22,269,1208,22,16092,1,0
5287,17968,1,2024-10-27,1,1,29,129,1,16099,1,0
5288,17968,1,2024-10-07,1,1,29,129,1,16100,1,0
5289,17975,1,2026-03-29,1,1,30,133,1,16106,1,0
5290,17978,1,2025-11-19,1,1,119,536,1,16108,1,0
5291,17990,1,2024-06-24,1,1,76,338,1,16121,1,0
5292,17992,1,2023-03-16,1,6,185,841,6,16122,1,0
5293,17996,1,2023-05-12,1,1,66,295,1,16123,1,0
5294,17999,1,2025-12-03,1,1,17,74,1,16128,1,0
5295,18011,1,2025-05-13,1,1,77,340,1,16143,1,0
5296,18011,1,2025-06-23,1,1,77,340,1,16144,1,0
5297,18022,1,2023-08-23,1,9,210,948,9,16148,1,0
5298,18022,1,2023-11-04,1,9,210,948,9,16149,1,0
5299,18023,1,2023-02-21,1,1,26,114,1,16150,1,0
5300,18029,1,2025-01-30,1,16,249,1125,16,16154,1,0
5301,18032,1,2023-06-30,1,16,250,1131,16,16158,1,0
5302,18038,1,2023-01-12,1,1,111,498,1,16165,1,0
5303,18039,1,2025-01-09,1,6,184,836,6,16167,1,0
5304,18039,1,2025-01-22,1,6,184,836,6,16168,1,0
5305,18048,1,2023-11-30,1,1,20,86,1,16175,1,0
5306,18048,1,2023-10-14,1,1,20,86,1,16176,1,0
5307,18056,1,2025-07-18,1,27,286,1282,27,16177,1,0
5308,18059,1,2026-03-08,1,1,92,406,1,16178,1,0
5309,18064,1,2025-07-17,1,30,295,1323,30,16183,1,0
5310,18066,1,2026-01-21,1,1,109,490,1,16187,1,0
5311,18078,1,2024-11-03,1,1,90,397,1,16192,1,0
5312,18078,1,2024-11-04,1,1,90,397,1,16193,1,0
5313,18078,1,2024-11-21,1,1,90,397,1,16194,1,0
5314,18079,1,2025-12-17,1,6,185,840,6,16195,1,0
5315,18080,1,2025-05-01,1,2,134,608,2,16196,1,0
5316,18084,1,2025-08-31,1,22,270,1213,22,16200,1,0
5317,18087,1,2024-11-24,1,1,67,297,1,16203,1,0
5318,18100,1,2024-11-07,1,1,33,148,1,16211,1,0
5319,18104,1,2026-03-31,1,6,185,841,6,16216,1,0
5320,18104,1,2026-07-13,1,6,185,841,6,16217,1,0
5321,18105,1,2026-03-14,1,1,15,66,1,16218,1,0
5322,18107,1,2023-03-17,1,3,143,651,3,16222,1,0
5323,18108,1,2024-12-27,1,15,244,1102,15,16223,1,0
5324,18108,1,2024-12-03,1,15,244,1102,15,16224,1,0
5325,18109,1,2024-11-27,1,11,225,1020,11,16225,1,1
5326,18113,1,2024-11-21,1,5,175,796,5,16232,1,0
5327,18113,1,2024-12-10,1,5,175,796,5,16233,1,0
5328,18113,1,2024-12-08,1,5,175,796,5,16234,1,0
5329,18115,1,2026-04-11,1,1,43,190,1,16235,1,0
5330,18136,1,2026-06-23,1,1,74,330,1,16243,1,0
5331,18144,1,2025-10-24,1,3,142,648,3,16247,1,0
5332,18145,1,2023-12-17,1,1,97,429,1,16248,1,0
5333,18150,1,2025-01-27,1,1,103,461,1,16252,1,0
5334,18150,1,2025-03-16,1,1,103,461,1,16253,1,0
5335,18158,1,2025-05-08,1,12,232,1049,12,16258,1,0
5336,18159,1,2023-09-02,1,1,6,24,1,16259,1,0
5337,18159,1,2023-07-22,1,1,6,24,1,16260,1,0
5338,18160,1,2025-06-12,1,5,169,766,5,16261,1,0
5339,18168,1,2024-03-08,1,17,254,1149,17,16267,1,0
5340,18182,1,2023-10-08,1,2,124,562,2,16282,1,0
5341,18182,1,2024-01-03,1,2,124,562,2,16283,1,0
5342,18182,1,2024-01-04,1,2,124,562,2,16284,1,0
5343,18183,1,2026-07-13,1,9,212,956,9,16285,1,0
5344,18184,1,2025-01-26,1,14,242,1095,14,16287,1,0
5345,18186,1,2024-11-15,1,17,255,1152,17,16288,1,0
5346,18187,1,2024-12-02,1,19,262,1181,19,16289,1,0
5347,18187,1,2024-12-02,1,19,262,1181,19,16290,1,0
5348,18196,1,2024-05-17,1,4,154,699,4,16295,1,0
5349,18202,1,2024-04-12,1,1,47,210,1,16298,1,0
5350,18202,1,2024-03-09,1,1,47,210,1,16299,1,0
5351,18210,1,2023-12-21,1,5,177,803,5,16301,1,0
5352,18210,1,2023-12-09,1,5,177,803,5,16302,1,0
5353,18213,1,2024-04-21,1,2,133,605,2,16304,1,0
5354,18221,1,2024-07-31,1,4,160,724,4,16314,1,0
5355,18224,1,2023-09-05,1,11,223,1009,11,16317,1,0
5356,18230,1,2024-02-03,1,1,76,338,1,16320,1,0
5357,18234,1,2023-05-22,1,17,253,1143,17,16324,1,0
5358,18234,1,2023-05-18,1,17,253,1143,17,16325,1,0
5359,18247,1,2025-09-12,1,9,215,970,9,16340,1,0
5360,18250,1,2025-02-04,1,21,268,1204,21,16342,1,0
5361,18256,1,2024-03-24,1,2,133,605,2,16346,1,0
5362,18256,1,2024-02-25,1,2,133,605,2,16347,1,0
5363,18259,1,2025-12-27,1,1,5,22,1,16352,1,0
5364,18261,1,2024-11-04,1,20,264,1188,20,16355,1,0
5365,18261,1,2024-09-07,1,20,264,1188,20,16356,1,0
5366,18261,1,2024-08-24,1,20,264,1188,20,16357,1,0
5367,18282,1,2023-08-10,1,19,262,1180,19,16382,1,0
5368,18285,1,2024-04-13,1,1,39,170,1,16383,1,0
5369,18289,1,2025-04-24,1,9,212,954,9,16385,1,0
5370,18299,1,2026-06-04,1,1,109,492,1,16391,1,0
5371,18300,1,2024-06-23,1,23,273,1226,23,16392,1,0
5372,18300,1,2024-07-11,1,23,273,1226,23,16393,1,0
5373,18301,1,2024-03-31,1,8,202,912,8,16394,1,0
5374,18306,1,2023-05-27,1,4,154,700,4,16398,1,0
5375,18313,1,2023-03-12,1,14,242,1094,14,16407,1,0
5376,18313,1,2023-05-04,1,14,242,1094,14,16408,1,0
5377,18315,1,2023-12-11,1,1,11,51,1,16410,1,0
5378,18322,1,2023-07-06,1,6,185,840,6,16418,1,0
5379,18323,1,2023-08-12,1,1,97,433,1,16419,1,0
5380,18326,1,2024-07-24,1,1,103,460,1,16424,1,0
5381,18331,1,2026-02-19,1,1,80,353,1,16427,1,0
5382,18333,1,2024-09-16,1,1,28,124,1,16429,1,0
5383,18334,1,2023-04-30,1,1,103,459,1,16431,1,0
5384,18335,1,2024-04-18,1,27,286,1283,27,16432,1,0
5385,18336,1,2025-05-16,1,16,249,1128,16,16433,1,0
5386,18337,1,2025-03-11,1,1,37,165,1,16434,1,0
5387,18337,1,2024-10-13,1,1,37,165,1,16435,1,0
5388,18344,1,2023-01-20,1,5,175,797,5,16439,1,0
5389,18349,1,2023-08-08,1,1,41,184,1,16441,1,0
5390,18356,1,2024-06-07,1,7,196,892,7,16446,1,0
5391,18356,1,2024-08-21,1,7,196,892,7,16447,1,0
5392,18368,1,2026-07-13,1,7,197,893,7,16458,1,1
5393,18373,1,2025-06-13,1,3,151,686,3,16464,1,0
5394,18375,1,2025-05-15,1,24,277,1242,24,16465,1,0
5395,18380,1,2024-11-17,1,8,206,933,8,16468,1,0
5396,18381,1,2025-08-08,1,15,247,1116,15,16469,1,0
5397,18382,1,2023-03-29,1,1,17,75,1,16470,1,0
5398,18382,1,2023-03-24,1,1,17,75,1,16471,1,0
5399,18382,1,2023-03-25,1,1,17,75,1,16472,1,0
5400,18389,1,2023-02-04,1,28,289,1298,28,16480,1,0
5401,18390,1,2025-12-18,1,8,204,922,8,16481,1,0
5402,18391,1,2025-04-17,1,4,166,753,4,16482,1,0
5403,18402,1,2025-04-23,1,11,223,1009,11,16488,1,0
5404,18415,1,2025-01-27,1,1,51,232,1,16502,1,0
5405,18418,1,2024-12-25,1,15,247,1117,15,16504,1,0
5406,18424,1,2024-03-15,1,1,34,151,1,16506,1,0
5407,18430,1,2024-06-03,1,8,206,933,8,16509,1,0
5408,18431,1,2025-11-09,1,24,276,1236,24,16510,1,0
5409,18432,1,2024-10-06,1,20,263,1183,20,16511,1,0
5410,18432,1,2024-09-21,1,20,263,1183,20,16512,1,0
5411,18434,1,2024-06-20,1,22,269,1209,22,16515,1,0
5412,18441,1,2023-07-13,1,1,70,311,1,16519,1,0
5413,18441,1,2023-09-07,1,1,70,311,1,16520,1,0
5414,18445,1,2025-07-11,1,1,83,366,1,16525,1,0
5415,18446,1,2025-01-31,1,1,40,177,1,16526,1,0
5416,18446,1,2025-01-27,1,1,40,177,1,16527,1,0
5417,18450,1,2025-05-31,1,1,87,388,1,16530,1,0
5418,18456,1,2024-03-13,1,1,49,221,1,16536,1,0
5419,18458,1,2023-08-03,1,8,203,919,8,16540,1,0
5420,18466,1,2026-04-01,1,3,153,696,3,16543,1,0
5421,18473,1,2026-07-03,1,14,240,1085,14,16546,1,0
5422,18476,1,2024-05-16,1,25,279,1252,25,16551,1,0
5423,18476,1,2024-06-02,1,25,279,1252,25,16552,1,0
5424,18489,1,2025-07-13,1,3,147,668,3,16561,1,0
5425,18491,1,2023-09-17,1,5,170,773,5,16563,1,0
5426,18500,1,2024-11-28,1,1,76,336,1,16575,1,0
5427,18501,1,2025-09-28,1,1,66,295,1,16576,1,0
5428,18502,1,2024-10-28,1,24,277,1243,24,16577,1,0
5429,18502,1,2024-10-04,1,24,277,1243,24,16579,1,0
5430,18504,1,2023-06-05,1,1,70,311,1,16582,1,0
5431,18506,1,2026-03-28,1,2,126,573,2,16585,1,0
5432,18513,1,2024-10-01,1,1,21,91,1,16588,1,0
5433,18516,1,2024-10-08,1,1,101,453,1,16592,1,0
5434,18516,1,2024-10-18,1,1,101,453,1,16593,1,0
5435,18524,1,2024-10-09,1,3,146,662,3,16603,1,0
5436,18525,1,2024-05-21,1,1,120,542,1,16604,1,0
5437,18537,1,2023-07-23,1,8,206,932,8,16617,1,0
5438,18537,1,2023-06-11,1,8,206,932,8,16618,1,0
5439,18537,1,2023-08-04,1,8,206,932,8,16619,1,0
5440,18538,1,2024-05-30,1,1,31,137,1,16620,1,0
5441,18538,1,2024-08-24,1,1,31,137,1,16621,1,0
5442,18539,1,2026-04-23,1,20,265,1195,20,16622,1,0
5443,18539,1,2026-03-14,1,20,265,1195,20,16624,1,0
5444,18546,1,2026-02-01,1,3,148,672,3,16628,1,0
5445,18547,1,2026-02-21,1,1,74,332,1,16629,1,0
5446,18547,1,2026-06-03,1,1,74,332,1,16630,1,0
5447,18553,1,2023-07-19,1,3,149,673,3,16635,1,0
5448,18553,1,2023-07-11,1,3,149,673,3,16636,1,0
5449,18557,1,2025-07-03,1,6,187,849,6,16640,1,0
5450,18557,1,2025-07-15,1,6,187,849,6,16641,1,0
5451,18565,1,2023-06-18,1,1,8,33,1,16647,1,0
5452,18567,1,2026-07-13,1,1,50,228,1,16649,1,0
5453,18567,1,2026-07-13,1,1,50,228,1,16650,1,0
5454,18572,1,2023-11-30,1,9,210,947,9,16653,1,0
5455,18573,1,2026-03-09,1,1,71,314,1,16654,1,0
5456,18573,1,2025-10-19,1,1,71,314,1,16655,1,0
5457,18573,1,2025-11-03,1,1,71,314,1,16656,1,0
5458,18574,1,2025-05-14,1,1,33,144,1,16657,1,0
5459,18586,1,2025-12-01,1,11,225,1018,11,16668,1,0
5460,18588,1,2023-08-15,1,8,206,932,8,16672,1,0
5461,18589,1,2025-07-13,1,2,135,612,2,16673,1,0
5462,18593,1,2023-03-19,1,15,246,1112,15,16677,1,0
5463,18606,1,2024-10-06,1,23,274,1229,23,16688,1,0
5464,18606,1,2024-10-30,1,23,274,1229,23,16689,1,0
5465,18607,1,2025-03-30,1,5,173,786,5,16690,1,0
5466,18619,1,2023-10-18,1,3,141,641,3,16697,1,0
5467,18627,1,2024-10-17,1,19,261,1177,19,16707,1,0
5468,18630,1,2025-02-27,1,20,264,1189,20,16709,1,0
5469,18634,1,2024-02-02,1,1,105,471,1,16711,1,0
5470,18634,1,2024-01-27,1,1,105,471,1,16712,1,0
5471,18634,1,2024-01-21,1,1,105,471,1,16713,1,0
5472,18645,1,2026-05-31,1,23,274,1231,23,16724,1,0
5473,18646,1,2026-03-07,1,1,115,518,1,16725,1,0
5474,18654,1,2026-02-12,1,4,166,751,4,16729,1,0
5475,18657,1,2025-10-24,1,5,174,792,5,16730,1,0
5476,18662,1,2025-05-15,1,1,7,29,1,16734,1,0
5477,18663,1,2025-03-30,1,1,95,418,1,16735,1,0
5478,18663,1,2025-04-24,1,1,95,418,1,16736,1,0
5479,18668,1,2024-02-09,1,1,86,380,1,16741,1,0
5480,18675,1,2026-05-18,1,1,76,337,1,16748,1,0
5481,18680,1,2025-05-18,1,18,259,1170,18,16753,1,0
5482,18683,1,2025-03-05,1,1,65,292,1,16756,1,0
5483,18683,1,2025-01-29,1,1,65,292,1,16757,1,0
5484,18685,1,2023-11-08,1,1,106,477,1,16759,1,0
5485,18689,1,2024-05-20,1,11,222,1006,11,16762,1,0
5486,18691,1,2024-08-02,1,1,15,66,1,16763,1,0
5487,18700,1,2024-07-22,1,1,92,407,1,16772,1,1
5488,18703,1,2023-02-03,1,1,97,430,1,16776,1,0
5489,18709,1,2024-07-09,1,1,112,506,1,16784,1,0
5490,18710,1,2025-05-09,1,1,105,473,1,16785,1,0
5491,18710,1,2025-05-08,1,1,105,473,1,16786,1,0
5492,18715,1,2024-01-18,1,10,221,1001,10,16787,1,0
5493,18716,1,2024-05-11,1,18,256,1159,18,16788,1,0
5494,18716,1,2024-04-30,1,18,256,1159,18,16789,1,0
5495,18721,1,2026-04-29,1,6,189,858,6,16793,1,0
5496,18722,1,2024-10-21,1,1,59,263,1,16794,1,0
5497,18723,1,2024-01-29,1,1,91,402,1,16796,1,0
5498,18723,1,2024-02-18,1,1,91,402,1,16797,1,0
5499,18727,1,2025-11-19,1,10,216,972,10,16801,1,0
5500,18729,1,2024-01-15,1,17,253,1143,17,16804,1,0
5501,18733,1,2026-02-27,1,1,25,108,1,16806,1,0
5502,18733,1,2026-01-30,1,1,25,108,1,16807,1,0
5503,18735,1,2024-02-23,1,1,35,156,1,16809,1,0
5504,18735,1,2024-01-27,1,1,35,156,1,16810,1,0
5505,18735,1,2024-01-22,1,1,35,156,1,16811,1,0
5506,18743,1,2024-08-20,1,26,282,1269,26,16817,1,0
5507,18744,1,2024-06-17,1,12,228,1030,12,16819,1,0
5508,18748,1,2024-07-14,1,8,207,935,8,16821,1,0
5509,18749,1,2025-12-03,1,24,276,1235,24,16822,1,0
5510,18750,1,2025-11-07,1,3,136,616,3,16823,1,0
5511,18751,1,2026-02-28,1,1,61,270,1,16825,1,0
5512,18751,1,2026-03-07,1,1,61,270,1,16826,1,0
5513,18760,1,2024-07-18,1,8,209,942,8,16835,1,0
5514,18760,1,2024-07-08,1,8,209,942,8,16836,1,0
5515,18760,1,2024-07-16,1,8,209,942,8,16837,1,0
5516,18761,1,2024-11-01,1,3,151,686,3,16838,1,0
5517,18763,1,2026-03-22,1,1,91,403,1,16839,1,0
5518,18770,1,2025-02-09,1,10,217,979,10,16843,1,0
5519,18774,1,2024-11-27,1,9,215,969,9,16846,1,0
5520,18791,1,2025-02-14,1,1,16,69,1,16856,1,0
5521,18791,1,2025-01-20,1,1,16,69,1,16858,1,0
5522,18792,1,2023-06-01,1,4,163,737,4,16860,1,0
5523,18796,1,2025-10-08,1,1,20,86,1,16864,1,0
5524,18806,1,2025-09-06,1,1,50,226,1,16876,1,0
5525,18810,1,2026-05-05,1,24,277,1243,24,16880,1,0
5526,18810,1,2026-04-16,1,24,277,1243,24,16881,1,0
5527,18812,1,2023-12-18,1,9,210,946,9,16883,1,0
5528,18812,1,2024-03-21,1,9,210,946,9,16884,1,0
5529,18815,1,2026-02-23,1,26,282,1266,26,16889,1,0
5530,18815,1,2026-03-25,1,26,282,1266,26,16890,1,0
5531,18816,1,2025-01-04,1,3,148,670,3,16892,1,0
5532,18819,1,2023-01-20,1,27,286,1282,27,16893,1,0
5533,18819,1,2023-04-11,1,27,286,1282,27,16894,1,0
5534,18824,1,2023-07-30,1,14,241,1089,14,16900,1,0
5535,18827,1,2024-01-21,1,5,174,791,5,16901,1,0
5536,18827,1,2023-11-03,1,5,174,791,5,16902,1,0
5537,18836,1,2026-03-02,1,14,241,1090,14,16915,1,0
5538,18836,1,2026-05-31,1,14,241,1090,14,16916,1,0
5539,18836,1,2026-06-12,1,14,241,1090,14,16917,1,0
5540,18853,1,2025-08-12,1,1,80,354,1,16933,1,0
5541,18853,1,2025-08-19,1,1,80,354,1,16934,1,0
5542,18855,1,2023-09-03,1,1,22,95,1,16937,1,0
5543,18857,1,2025-08-08,1,1,23,98,1,16940,1,0
5544,18857,1,2025-08-08,1,1,23,98,1,16941,1,0
5545,18864,1,2025-04-12,1,1,21,92,1,16947,1,0
5546,18869,1,2025-02-13,1,5,170,773,5,16950,1,0
5547,18871,1,2025-11-13,1,13,237,1070,13,16953,1,0
5548,18871,1,2025-10-21,1,13,237,1070,13,16954,1,0
5549,18873,1,2023-12-03,1,1,93,412,1,16955,1,0
5550,18873,1,2023-07-27,1,1,93,412,1,16956,1,0
5551,18875,1,2023-05-23,1,1,85,377,1,16958,1,0
5552,18889,1,2026-03-30,1,1,95,419,1,16967,1,0
5553,18889,1,2026-01-17,1,1,95,419,1,16968,1,0
5554,18894,1,2026-01-05,1,6,188,856,6,16973,1,0
5555,18894,1,2025-11-09,1,6,188,856,6,16974,1,0
5556,18906,1,2024-01-21,1,19,262,1179,19,16984,1,0
5557,18907,1,2025-09-09,1,6,189,858,6,16985,1,0
5558,18910,1,2025-04-08,1,1,4,17,1,16987,1,0
5559,18915,1,2026-04-19,1,1,25,111,1,16991,1,0
5560,18919,1,2025-07-05,1,9,210,946,9,16996,1,0
5561,18920,1,2025-06-25,1,1,5,20,1,16997,1,0
5562,18921,1,2026-05-01,1,1,60,267,1,16999,1,0
5563,18926,1,2026-04-01,1,2,129,585,2,17003,1,0
5564,18926,1,2026-06-03,1,2,129,585,2,17004,1,0
5565,18931,1,2025-06-03,1,1,69,303,1,17006,1,0
5566,18936,1,2025-09-29,1,1,105,470,1,17008,1,0
5567,18936,1,2025-09-20,1,1,105,470,1,17009,1,0
5568,18938,1,2024-01-05,1,3,137,622,3,17011,1,0
5569,18941,1,2024-12-03,1,1,44,195,1,17015,1,0
5570,18946,1,2023-11-25,1,1,116,523,1,17022,1,0
5571,18946,1,2023-11-15,1,1,116,523,1,17023,1,0
5572,18956,1,2025-12-05,1,14,240,1082,14,17028,1,0
5573,18956,1,2025-12-05,1,14,240,1082,14,17029,1,0
5574,18956,1,2025-11-28,1,14,240,1082,14,17030,1,0
5575,18960,1,2026-03-15,1,7,194,879,7,17033,1,0
5576,18960,1,2026-02-17,1,7,194,879,7,17034,1,0
5577,18963,1,2024-06-06,1,20,265,1195,20,17037,1,0
5578,18963,1,2024-09-18,1,20,265,1195,20,17038,1,0
5579,18968,1,2026-01-07,1,1,32,141,1,17042,1,0
5580,18968,1,2026-02-11,1,1,32,141,1,17044,1,0
5581,18973,1,2025-07-02,1,1,14,64,1,17047,1,0
5582,18974,1,2025-12-21,1,1,77,339,1,17048,1,0
5583,18974,1,2026-01-12,1,1,77,339,1,17049,1,0
5584,18974,1,2025-12-29,1,1,77,339,1,17050,1,0
5585,18979,1,2024-06-19,1,13,237,1070,13,17058,1,0
5586,18981,1,2023-06-21,1,1,42,187,1,17060,1,0
5587,18986,1,2024-06-25,1,1,107,480,1,17067,1,0
5588,18986,1,2024-05-17,1,1,107,480,1,17068,1,0
5589,18992,1,2023-12-21,1,1,55,248,1,17073,1,0
5590,18992,1,2023-12-21,1,1,55,248,1,17074,1,0
5591,18993,1,2026-07-13,1,6,189,857,6,17075,1,0
5592,18993,1,2026-07-13,1,6,189,857,6,17076,1,0
5593,18998,1,2026-07-06,1,10,216,971,10,17080,1,1
5594,18998,1,2026-04-04,1,10,216,971,10,17081,1,0
5595,18998,1,2026-07-01,1,10,216,971,10,17082,1,0
5596,19001,1,2024-02-27,1,28,287,1286,28,17087,1,0
5597,19009,1,2023-12-06,1,12,232,1050,12,17093,1,0
5598,19010,1,2024-05-11,1,3,143,650,3,17094,1,0
5599,19010,1,2024-09-01,1,3,143,650,3,17095,1,0
5600,19010,1,2024-05-17,1,3,143,650,3,17096,1,0
5601,19012,1,2023-10-28,1,30,295,1320,30,17099,1,0
5602,19015,1,2026-07-13,1,10,218,987,10,17102,1,0
5603,19017,1,2026-01-02,1,24,277,1245,24,17104,1,0
5604,19026,1,2025-07-25,1,1,67,297,1,17110,1,0
5605,19028,1,2023-07-23,1,23,272,1221,23,17111,1,0
5606,19031,1,2025-08-20,1,5,168,761,5,17113,1,0
5607,19034,1,2025-08-14,1,3,147,669,3,17116,1,0
5608,19034,1,2025-09-17,1,3,147,669,3,17117,1,0
5609,19045,1,2025-06-13,1,1,41,184,1,17125,1,0
5610,19053,1,2023-12-08,1,1,35,154,1,17131,1,0
5611,19064,1,2024-08-29,1,1,4,17,1,17140,1,0
5612,19066,1,2024-07-28,1,1,81,359,1,17142,1,0
5613,19071,1,2024-03-10,1,1,4,16,1,17149,1,0
5614,19071,1,2024-02-27,1,1,4,16,1,17150,1,0
5615,19075,1,2025-03-03,1,4,158,715,4,17151,1,0
5616,19075,1,2025-03-02,1,4,158,715,4,17152,1,0
5617,19080,1,2026-07-13,1,1,99,443,1,17156,1,0
5618,19083,1,2024-07-28,1,1,25,108,1,17161,1,0
5619,19083,1,2024-07-30,1,1,25,108,1,17162,1,0
5620,19083,1,2024-08-24,1,1,25,108,1,17163,1,0
5621,19091,1,2026-02-22,1,1,1,2,1,17175,1,0
5622,19092,1,2024-05-02,1,13,234,1059,13,17176,1,0
5623,19092,1,2024-06-11,1,13,234,1059,13,17177,1,0
5624,19098,1,2024-03-12,1,1,96,426,1,17183,1,0
5625,19106,1,2026-01-09,1,15,245,1106,15,17188,1,0
5626,19107,1,2024-02-15,1,1,96,423,1,17189,1,0
5627,19113,1,2023-09-11,1,1,103,460,1,17195,1,0
5628,19116,1,2026-01-04,1,22,269,1208,22,17197,1,0
5629,19122,1,2025-10-23,1,1,73,326,1,17201,1,0
5630,19122,1,2025-09-09,1,1,73,326,1,17202,1,0
5631,19122,1,2025-10-15,1,1,73,326,1,17203,1,0
5632,19126,1,2023-04-25,1,17,252,1137,17,17206,1,0
5633,19134,1,2025-07-22,1,1,32,140,1,17215,1,0
5634,19134,1,2025-06-18,1,1,32,140,1,17216,1,0
5635,19135,1,2024-06-23,1,6,190,865,6,17217,1,0
5636,19139,1,2026-06-08,1,15,244,1103,15,17222,1,0
5637,19141,1,2026-04-12,1,2,125,567,2,17224,1,0
5638,19143,1,2024-03-01,1,1,16,70,1,17226,1,0
5639,19146,1,2023-01-24,1,22,271,1218,22,17228,1,0
5640,19146,1,2023-01-22,1,22,271,1218,22,17229,1,0
5641,19153,1,2024-05-05,1,1,20,88,1,17230,1,0
5642,19159,1,2026-05-01,1,2,121,545,2,17234,1,0
5643,19160,1,2024-05-31,1,1,72,318,1,17235,1,0
5644,19160,1,2024-07-23,1,1,72,318,1,17236,1,0
5645,19162,1,2026-06-04,1,11,222,1002,11,17237,1,0
5646,19162,1,2026-05-18,1,11,222,1002,11,17238,1,0
5647,19165,1,2024-08-13,1,5,176,798,5,17241,1,0
5648,19168,1,2023-10-03,1,1,110,493,1,17246,1,0
5649,19183,1,2024-05-12,1,1,94,414,1,17261,1,0
5650,19184,1,2025-11-24,1,7,194,881,7,17262,1,0
5651,19186,1,2025-08-22,1,15,247,1118,15,17263,1,0
5652,19194,1,2024-02-22,1,5,172,785,5,17267,1,0
5653,19194,1,2024-03-07,1,5,172,785,5,17268,1,0
5654,19195,1,2023-03-26,1,4,166,753,4,17269,1,0
5655,19196,1,2025-06-20,1,7,200,906,7,17270,1,0
5656,19196,1,2025-05-03,1,7,200,906,7,17271,1,0
5657,19199,1,2024-08-08,1,3,143,650,3,17274,1,0
5658,19199,1,2024-08-26,1,3,143,650,3,17275,1,0
5659,19205,1,2023-12-02,1,12,231,1046,12,17277,1,0
5660,19207,1,2026-04-12,1,14,241,1090,14,17279,1,0
5661,19208,1,2023-12-26,1,1,106,477,1,17280,1,0
5662,19211,1,2026-04-27,1,12,231,1048,12,17282,1,0
5663,19211,1,2026-05-15,1,12,231,1048,12,17283,1,0
5664,19213,1,2024-05-01,1,15,246,1113,15,17286,1,0
5665,19214,1,2023-01-06,1,31,297,1329,31,17288,1,0
5666,19216,1,2025-05-21,1,1,33,144,1,17290,1,0
5667,19234,1,2026-04-11,1,1,116,521,1,17310,1,0
5668,19241,1,2024-01-10,1,14,238,1075,14,17313,1,0
5669,19241,1,2023-11-02,1,14,238,1075,14,17314,1,0
5670,19241,1,2024-01-15,1,14,238,1075,14,17315,1,0
5671,19253,1,2025-04-17,1,1,83,368,1,17322,1,0
5672,19253,1,2025-09-14,1,1,83,368,1,17323,1,0
5673,19257,1,2023-12-21,1,2,125,565,2,17326,1,0
5674,19261,1,2025-04-08,1,3,142,646,3,17328,1,1
5675,19261,1,2025-04-10,1,3,142,646,3,17329,1,0
5676,19262,1,2023-10-20,1,1,48,213,1,17330,1,0
5677,19268,1,2023-08-12,1,1,67,296,1,17331,1,0
5678,19268,1,2023-06-07,1,1,67,296,1,17332,1,1
5679,19270,1,2024-02-15,1,2,132,597,2,17333,1,0
5680,19271,1,2023-12-21,1,1,81,357,1,17334,1,0
5681,19271,1,2023-12-20,1,1,81,357,1,17335,1,0
5682,19272,1,2025-07-14,1,1,95,421,1,17336,1,0
5683,19274,1,2024-12-19,1,1,100,447,1,17339,1,0
5684,19276,1,2024-02-09,1,1,4,17,1,17340,1,0
5685,19276,1,2024-03-10,1,1,4,17,1,17341,1,0
5686,19276,1,2024-02-24,1,1,4,17,1,17342,1,0
5687,19279,1,2026-01-06,1,22,269,1207,22,17345,1,0
5688,19281,1,2026-07-13,1,2,127,579,2,17347,1,0
5689,19281,1,2026-07-13,1,2,127,579,2,17348,1,0
5690,19304,1,2025-10-02,1,1,37,164,1,17363,1,0
5691,19308,1,2025-10-22,1,1,22,94,1,17366,1,0
5692,19310,1,2023-10-22,1,14,238,1075,14,17368,1,0
5693,19310,1,2023-12-12,1,14,238,1075,14,17369,1,0
5694,19311,1,2025-12-10,1,8,204,924,8,17370,1,0
5695,19312,1,2023-12-06,1,29,291,1302,29,17371,1,0
5696,19319,1,2023-10-30,1,13,234,1056,13,17375,1,0
5697,19328,1,2024-01-10,1,1,3,11,1,17383,1,0
5698,19329,1,2026-02-05,1,9,213,962,9,17384,1,0
5699,19330,1,2025-11-16,1,5,179,812,5,17385,1,0
5700,19330,1,2025-11-06,1,5,179,812,5,17386,1,0
5701,19331,1,2025-01-03,1,2,130,589,2,17387,1,0
5702,19341,1,2026-06-17,1,10,217,980,10,17393,1,0
5703,19348,1,2025-03-20,1,6,189,857,6,17400,1,0
5704,19348,1,2024-11-11,1,6,189,857,6,17401,1,0
5705,19350,1,2024-08-28,1,2,130,591,2,17402,1,0
5706,19350,1,2025-01-01,1,2,130,591,2,17403,1,0
5707,19359,1,2026-02-12,1,10,221,999,10,17410,1,0
5708,19359,1,2025-12-23,1,10,221,999,10,17411,1,0
5709,19362,1,2024-02-10,1,11,225,1019,11,17412,1,0
5710,19362,1,2024-02-14,1,11,225,1019,11,17414,1,0
5711,19367,1,2025-11-18,1,1,3,9,1,17416,1,0
5712,19370,1,2025-10-18,1,6,187,853,6,17419,1,0
5713,19373,1,2024-02-20,1,7,193,875,7,17424,1,0
5714,19380,1,2024-03-06,1,25,278,1247,25,17430,1,0
5715,19380,1,2024-02-12,1,25,278,1247,25,17431,1,0
5716,19385,1,2025-05-28,1,2,133,603,2,17435,1,0
5717,19387,1,2025-09-20,1,2,122,547,2,17437,1,0
5718,19389,1,2025-05-31,1,5,177,802,5,17438,1,0
5719,19395,1,2024-10-08,1,10,220,994,10,17441,1,0
5720,19397,1,2025-12-18,1,1,37,164,1,17445,1,0
5721,19399,1,2024-04-11,1,18,258,1166,18,17447,1,0
5722,19399,1,2024-01-27,1,18,258,1166,18,17448,1,0
5723,19400,1,2024-10-31,1,4,157,712,4,17449,1,0
5724,19401,1,2026-01-30,1,28,287,1285,28,17450,1,0
5725,19404,1,2026-04-09,1,2,121,545,2,17452,1,0
5726,19410,1,2023-07-16,1,6,189,861,6,17454,1,0
5727,19411,1,2025-01-10,1,11,224,1016,11,17455,1,0
5728,19420,1,2023-11-20,1,14,241,1089,14,17463,1,0
5729,19429,1,2023-12-06,1,9,213,962,9,17470,1,0
5730,19430,1,2024-03-14,1,1,56,254,1,17471,1,0
5731,19434,1,2025-11-26,1,10,220,996,10,17474,1,0
5732,19434,1,2025-12-20,1,10,220,996,10,17475,1,0
5733,19435,1,2026-05-08,1,1,86,383,1,17476,1,0
5734,19438,1,2024-02-15,1,16,251,1132,16,17477,1,0
5735,19438,1,2024-02-27,1,16,251,1132,16,17478,1,0
5736,19453,1,2024-11-22,1,1,67,298,1,17487,1,0
5737,19454,1,2024-11-03,1,1,86,380,1,17488,1,0
5738,19455,1,2025-02-25,1,9,213,963,9,17489,1,0
5739,19455,1,2025-04-11,1,9,213,963,9,17490,1,0
5740,19467,1,2026-07-13,1,1,114,512,1,17505,1,0
5741,19467,1,2026-05-29,1,1,114,512,1,17506,1,0
5742,19470,1,2025-04-29,1,1,105,474,1,17509,1,0
5743,19470,1,2025-04-16,1,1,105,474,1,17510,1,0
5744,19473,1,2026-07-08,1,12,232,1051,12,17511,1,0
5745,19473,1,2026-07-13,1,12,232,1051,12,17512,1,0
5746,19474,1,2024-07-07,1,3,152,691,3,17513,1,0
5747,19474,1,2024-07-28,1,3,152,691,3,17514,1,0
5748,19476,1,2023-11-07,1,1,66,294,1,17517,1,0
5749,19476,1,2024-01-22,1,1,66,294,1,17518,1,1
5750,19507,1,2023-04-13,1,25,279,1250,25,17536,1,0
5751,19507,1,2023-07-27,1,25,279,1250,25,17537,1,0
5752,19507,1,2023-03-31,1,25,279,1250,25,17538,1,0
5753,19511,1,2024-11-29,1,8,202,911,8,17539,1,0
5754,19511,1,2025-04-07,1,8,202,911,8,17540,1,0
5755,19514,1,2024-03-05,1,9,211,951,9,17543,1,0
5756,19514,1,2023-12-14,1,9,211,951,9,17544,1,0
5757,19515,1,2024-08-01,1,4,159,720,4,17545,1,0
5758,19515,1,2024-03-10,1,4,159,720,4,17546,1,0
5759,19516,1,2024-09-01,1,1,35,157,1,17547,1,0
5760,19516,1,2024-08-29,1,1,35,157,1,17548,1,0
5761,19517,1,2024-08-12,1,8,209,944,8,17549,1,0
5762,19521,1,2026-06-26,1,1,13,59,1,17552,1,0
5763,19523,1,2025-03-03,1,1,94,414,1,17554,1,0
5764,19527,1,2024-12-22,1,26,282,1265,26,17556,1,0
5765,19528,1,2024-02-06,1,1,69,304,1,17557,1,0
5766,19528,1,2023-12-08,1,1,69,304,1,17558,1,0
5767,19531,1,2023-06-03,1,2,124,561,2,17562,1,0
5768,19531,1,2023-06-24,1,2,124,561,2,17564,1,0
5769,19538,1,2026-04-12,1,1,94,416,1,17571,1,0
5770,19544,1,2026-03-10,1,1,14,63,1,17576,1,0
5771,19547,1,2024-04-26,1,5,168,760,5,17579,1,0
5772,19547,1,2024-04-02,1,5,168,760,5,17580,1,0
5773,19552,1,2024-02-24,1,1,120,541,1,17583,1,0
5774,19558,1,2025-12-25,1,3,147,665,3,17587,1,0
5775,19563,1,2023-06-29,1,12,231,1045,12,17593,1,0
5776,19563,1,2023-04-15,1,12,231,1045,12,17594,1,0
5777,19566,1,2025-05-11,1,2,130,588,2,17596,1,0
5778,19568,1,2024-01-01,1,18,256,1155,18,17597,1,0
5779,19573,1,2026-06-18,1,1,69,306,1,17602,1,0
5780,19577,1,2023-11-14,1,4,165,744,4,17604,1,0
5781,19577,1,2024-03-15,1,4,165,744,4,17605,1,0
5782,19592,1,2024-08-23,1,5,177,804,5,17612,1,0
5783,19595,1,2025-03-13,1,21,266,1198,21,17613,1,0
5784,19600,1,2026-06-17,1,17,252,1138,17,17614,1,0
5785,19608,1,2023-07-02,1,1,55,249,1,17622,1,0
5786,19608,1,2023-06-13,1,1,55,249,1,17623,1,0
5787,19613,1,2025-11-10,1,13,235,1063,13,17625,1,0
5788,19613,1,2026-04-06,1,13,235,1063,13,17626,1,0
5789,19613,1,2026-04-05,1,13,235,1063,13,17627,1,0
5790,19616,1,2025-06-22,1,1,16,70,1,17628,1,0
5791,19617,1,2025-12-10,1,12,230,1041,12,17629,1,0
5792,19625,1,2023-11-03,1,1,1,3,1,17632,1,0
5793,19635,1,2024-02-16,1,7,197,895,7,17638,1,0
5794,19639,1,2024-04-30,1,5,178,806,5,17639,1,0
5795,19641,1,2025-08-24,1,12,229,1037,12,17640,1,0
5796,19646,1,2026-05-22,1,1,28,125,1,17643,1,0
5797,19653,1,2025-09-25,1,1,72,321,1,17649,1,0
5798,19653,1,2025-08-25,1,1,72,321,1,17650,1,0
5799,19655,1,2024-06-30,1,5,179,811,5,17651,1,0
5800,19655,1,2024-04-24,1,5,179,811,5,17652,1,0
5801,19655,1,2024-06-12,1,5,179,811,5,17653,1,0
5802,19660,1,2024-12-30,1,1,109,490,1,17661,1,0
5803,19662,1,2023-11-17,1,5,172,781,5,17663,1,0
5804,19666,1,2026-01-10,1,8,209,942,8,17667,1,0
5805,19666,1,2025-11-02,1,8,209,942,8,17668,1,0
5806,19668,1,2026-01-30,1,1,9,43,1,17670,1,0
5807,19677,1,2026-04-10,1,30,294,1316,30,17679,1,0
5808,19677,1,2026-04-02,1,30,294,1316,30,17680,1,0
5809,19677,1,2026-01-23,1,30,294,1316,30,17681,1,0
5810,19680,1,2023-09-30,1,6,186,846,6,17685,1,0
5811,19681,1,2025-09-22,1,11,225,1020,11,17687,1,0
5812,19684,1,2024-12-16,1,1,92,407,1,17689,1,0
5813,19684,1,2024-11-23,1,1,92,407,1,17690,1,0
5814,19684,1,2024-11-27,1,1,92,407,1,17691,1,0
5815,19697,1,2025-08-31,1,1,20,86,1,17697,1,0
5816,19698,1,2024-04-28,1,1,10,46,1,17698,1,0
5817,19709,1,2024-12-27,1,19,260,1175,19,17715,1,1
5818,19709,1,2024-12-27,1,19,260,1175,19,17716,1,0
5819,19711,1,2026-07-13,1,1,105,472,1,17718,1,0
5820,19713,1,2026-02-08,1,12,228,1030,12,17720,1,0
5821,19731,1,2024-03-08,1,31,298,1333,31,17736,1,0
5822,19732,1,2026-04-07,1,9,211,950,9,17737,1,0
5823,19733,1,2025-03-10,1,2,123,555,2,17738,1,0
5824,19733,1,2025-01-10,1,2,123,555,2,17739,1,0
5825,19735,1,2025-10-12,1,1,104,466,1,17744,1,0
5826,19736,1,2024-01-23,1,1,28,125,1,17745,1,0
5827,19739,1,2025-10-31,1,22,270,1212,22,17749,1,0
5828,19739,1,2026-03-10,1,22,270,1212,22,17750,1,0
5829,19751,1,2024-03-07,1,1,73,323,1,17762,1,0
5830,19755,1,2026-03-19,1,4,162,732,4,17765,1,0
5831,19755,1,2026-02-24,1,4,162,732,4,17766,1,0
5832,19769,1,2026-07-13,1,23,273,1227,23,17773,1,0
5833,19770,1,2024-09-29,1,6,184,833,6,17774,1,1
5834,19772,1,2024-05-03,1,2,122,546,2,17775,1,0
5835,19772,1,2024-05-20,1,2,122,546,2,17776,1,0
5836,19781,1,2025-10-10,1,5,176,799,5,17783,1,0
5837,19784,1,2023-10-06,1,1,21,93,1,17784,1,0
5838,19794,1,2025-09-21,1,8,206,933,8,17793,1,0
5839,19795,1,2023-04-17,1,1,46,205,1,17795,1,0
5840,19799,1,2025-08-15,1,12,229,1038,12,17800,1,0
5841,19803,1,2024-11-08,1,13,237,1070,13,17804,1,0
5842,19803,1,2025-02-13,1,13,237,1070,13,17806,1,1
5843,19812,1,2025-02-21,1,24,277,1245,24,17811,1,0
5844,19812,1,2025-01-22,1,24,277,1245,24,17812,1,0
5845,19812,1,2024-11-26,1,24,277,1245,24,17813,1,0
5846,19817,1,2024-08-29,1,9,212,956,9,17817,1,0
5847,19818,1,2026-01-24,1,10,216,974,10,17818,1,0
5848,19820,1,2023-09-29,1,5,168,761,5,17819,1,0
5849,19829,1,2023-10-10,1,5,174,794,5,17822,1,0
5850,19829,1,2023-10-19,1,5,174,794,5,17823,1,0
5851,19830,1,2023-09-29,1,1,69,304,1,17824,1,0
5852,19835,1,2023-11-24,1,9,212,958,9,17830,1,0
5853,19835,1,2024-02-05,1,9,212,958,9,17831,1,0
5854,19836,1,2024-05-13,1,21,266,1196,21,17832,1,0
5855,19841,1,2025-06-22,1,16,249,1125,16,17836,1,0
5856,19841,1,2025-05-28,1,16,249,1125,16,17837,1,0
5857,19842,1,2023-05-17,1,1,112,502,1,17838,1,0
5858,19845,1,2024-09-21,1,31,297,1330,31,17840,1,0
5859,19853,1,2023-07-23,1,9,213,959,9,17850,1,0
5860,19857,1,2024-05-17,1,15,243,1097,15,17853,1,0
5861,19860,1,2025-03-27,1,3,139,632,3,17857,1,0
5862,19860,1,2025-01-22,1,3,139,632,3,17858,1,0
5863,19865,1,2025-10-05,1,4,156,706,4,17864,1,0
5864,19874,1,2024-12-02,1,1,58,258,1,17871,1,0
5865,19874,1,2024-12-31,1,1,58,258,1,17872,1,0
5866,19881,1,2025-09-23,1,11,225,1019,11,17877,1,0
5867,19881,1,2025-08-31,1,11,225,1019,11,17878,1,0
5868,19882,1,2026-03-08,1,12,228,1031,12,17879,1,0
5869,19883,1,2024-08-19,1,1,98,434,1,17880,1,0
5870,19889,1,2024-03-04,1,9,215,969,9,17884,1,0
5871,19889,1,2024-03-30,1,9,215,969,9,17885,1,0
5872,19891,1,2025-05-17,1,2,128,584,2,17889,1,0
5873,19891,1,2025-05-27,1,2,128,584,2,17890,1,0
5874,19895,1,2026-05-06,1,1,104,468,1,17893,1,0
5875,19903,1,2025-09-16,1,1,33,146,1,17897,1,0
5876,19926,1,2025-12-27,1,13,233,1053,13,17917,1,0
5877,19927,1,2023-11-30,1,1,27,119,1,17918,1,0
5878,19928,1,2025-05-17,1,1,8,33,1,17920,1,0
5879,19929,1,2023-11-28,1,21,266,1197,21,17921,1,0
5880,19930,1,2025-09-16,1,1,87,388,1,17922,1,0
5881,19931,1,2023-11-27,1,3,149,674,3,17923,1,0
5882,19939,1,2025-03-21,1,1,94,416,1,17930,1,0
5883,19939,1,2025-02-16,1,1,94,416,1,17931,1,0
5884,19942,1,2025-12-07,1,8,204,923,8,17933,1,0
5885,19946,1,2024-04-06,1,6,184,837,6,17935,1,0
5886,19946,1,2024-05-27,1,6,184,837,6,17936,1,0
5887,19950,1,2026-03-06,1,1,40,179,1,17940,1,1
5888,19950,1,2026-02-16,1,1,40,179,1,17941,1,0
5889,19959,1,2025-12-28,1,10,221,1000,10,17949,1,0
5890,19959,1,2025-09-24,1,10,221,1000,10,17950,1,0
5891,19965,1,2023-04-23,1,13,237,1074,13,17953,1,0
5892,19968,1,2023-11-30,1,1,80,354,1,17956,1,0
5893,19977,1,2025-06-30,1,3,152,690,3,17964,1,0
5894,19977,1,2025-05-14,1,3,152,690,3,17965,1,0
5895,19979,1,2023-12-31,1,1,96,426,1,17966,1,0
5896,19979,1,2024-03-11,1,1,96,426,1,17967,1,0
5897,19979,1,2024-03-21,1,1,96,426,1,17968,1,0
5898,19980,1,2025-03-26,1,1,103,459,1,17969,1,0
5899,19981,1,2025-08-15,1,16,248,1120,16,17970,1,0
5900,19981,1,2025-07-18,1,16,248,1120,16,17971,1,0
5901,19985,1,2025-01-22,1,1,99,440,1,17975,1,0
5902,19992,1,2024-03-07,1,14,242,1095,14,17979,1,0
5903,19992,1,2024-03-30,1,14,242,1095,14,17980,1,0
5904,19998,1,2024-09-21,1,3,139,631,3,17983,1,0
5905,20002,1,2026-05-08,1,7,199,900,7,17985,1,0
5906,20005,1,2023-05-07,1,1,36,161,1,17989,1,0
5907,20017,1,2023-12-14,1,1,118,532,1,18001,1,0
5908,20022,1,2023-11-22,1,1,76,337,1,18005,1,0
5909,20022,1,2024-02-13,1,1,76,337,1,18006,1,0
5910,20024,1,2024-09-01,1,29,291,1302,29,18007,1,0
5911,20025,1,2024-11-02,1,21,268,1204,21,18008,1,0
5912,20025,1,2024-11-04,1,21,268,1204,21,18010,1,0
5913,20026,1,2024-01-15,1,31,297,1329,31,18011,1,0
5914,20026,1,2023-12-25,1,31,297,1329,31,18012,1,0
5915,20031,1,2023-03-25,1,1,99,440,1,18015,1,0
5916,20046,1,2025-05-07,1,1,2,5,1,18022,1,0
5917,20047,1,2024-02-11,1,15,243,1097,15,18023,1,0
5918,20047,1,2024-02-17,1,15,243,1097,15,18024,1,0
5919,20047,1,2023-12-27,1,15,243,1097,15,18025,1,0
5920,20054,1,2023-07-20,1,3,139,630,3,18033,1,0
5921,20054,1,2023-06-22,1,3,139,630,3,18035,1,0
5922,20055,1,2024-06-12,1,1,39,174,1,18036,1,0
5923,20060,1,2023-03-25,1,4,158,716,4,18042,1,0
5924,20060,1,2023-03-20,1,4,158,716,4,18043,1,0
5925,20062,1,2025-04-25,1,23,273,1227,23,18044,1,0
5926,20062,1,2025-08-09,1,23,273,1227,23,18045,1,0
5927,20064,1,2024-12-27,1,1,75,334,1,18046,1,0
5928,20064,1,2024-12-19,1,1,75,334,1,18047,1,0
5929,20065,1,2025-05-02,1,7,196,891,7,18048,1,0
5930,20066,1,2023-12-31,1,6,184,836,6,18049,1,0
5931,20067,1,2024-11-16,1,7,200,906,7,18050,1,0
5932,20077,1,2024-07-06,1,4,162,734,4,18059,1,0
5933,20083,1,2024-04-01,1,1,24,106,1,18065,1,0
5934,20089,1,2024-07-31,1,24,277,1246,24,18069,1,0
5935,20093,1,2025-01-26,1,1,4,16,1,18073,1,0
5936,20097,1,2025-01-21,1,5,170,771,5,18075,1,0
5937,20103,1,2024-05-11,1,17,253,1142,17,18081,1,0
5938,20103,1,2024-08-04,1,17,253,1142,17,18082,1,0
5939,20110,1,2026-01-16,1,17,252,1136,17,18085,1,0
5940,20112,1,2024-04-18,1,1,51,232,1,18086,1,0
5941,20112,1,2024-03-28,1,1,51,232,1,18087,1,0
5942,20121,1,2023-08-09,1,4,167,757,4,18093,1,0
5943,20121,1,2023-07-30,1,4,167,757,4,18094,1,0
5944,20125,1,2023-07-25,1,1,84,371,1,18096,1,0
5945,20130,1,2023-10-27,1,10,220,996,10,18101,1,0
5946,20130,1,2023-09-29,1,10,220,996,10,18102,1,0
5947,20131,1,2025-01-09,1,1,2,7,1,18103,1,0
5948,20131,1,2024-11-20,1,1,2,7,1,18104,1,0
5949,20133,1,2025-11-17,1,2,121,545,2,18105,1,0
5950,20141,1,2023-09-29,1,1,80,354,1,18111,1,0
5951,20145,1,2025-02-09,1,1,70,310,1,18115,1,0
5952,20145,1,2025-03-01,1,1,70,310,1,18116,1,0
5953,20145,1,2025-03-25,1,1,70,310,1,18117,1,0
5954,20155,1,2024-10-01,1,1,49,220,1,18127,1,0
5955,20155,1,2024-09-07,1,1,49,220,1,18128,1,0
5956,20155,1,2024-09-07,1,1,49,220,1,18129,1,0
5957,20156,1,2026-02-02,1,24,276,1235,24,18130,1,0
5958,20179,1,2026-03-24,1,1,74,332,1,18146,1,0
5959,20182,1,2026-05-12,1,7,196,890,7,18148,1,0
5960,20182,1,2026-03-06,1,7,196,890,7,18149,1,0
5961,20184,1,2026-01-19,1,1,51,230,1,18150,1,0
5962,20185,1,2024-11-30,1,1,76,338,1,18151,1,0
5963,20185,1,2024-12-14,1,1,76,338,1,18152,1,0
5964,20195,1,2024-01-02,1,21,268,1206,21,18156,1,0
5965,20201,1,2024-01-01,1,5,176,798,5,18160,1,0
5966,20206,1,2023-09-06,1,1,56,253,1,18162,1,0
5967,20206,1,2023-07-22,1,1,56,253,1,18163,1,0
5968,20219,1,2023-12-01,1,7,193,877,7,18175,1,0
5969,20219,1,2023-12-31,1,7,193,877,7,18176,1,0
5970,20222,1,2024-08-22,1,1,39,174,1,18180,1,0
5971,20223,1,2024-04-17,1,12,230,1042,12,18181,1,0
5972,20225,1,2024-06-11,1,1,105,472,1,18182,1,0
5973,20229,1,2025-01-07,1,15,246,1111,15,18186,1,0
5974,20234,1,2023-06-30,1,6,189,859,6,18192,1,0
5975,20234,1,2023-07-31,1,6,189,859,6,18193,1,0
5976,20246,1,2023-03-08,1,23,274,1229,23,18202,1,0
5977,20246,1,2023-05-30,1,23,274,1229,23,18203,1,0
5978,20246,1,2023-03-20,1,23,274,1229,23,18204,1,0
5979,20250,1,2023-03-27,1,1,88,390,1,18206,1,0
5980,20254,1,2023-05-01,1,7,194,881,7,18210,1,0
5981,20254,1,2023-04-09,1,7,194,881,7,18211,1,0
5982,20254,1,2023-04-23,1,7,194,881,7,18212,1,0
5983,20257,1,2025-11-13,1,11,226,1023,11,18214,1,0
5984,20264,1,2023-06-13,1,1,82,362,1,18221,1,0
5985,20266,1,2024-11-17,1,6,189,858,6,18223,1,0
5986,20276,1,2024-10-11,1,2,125,565,2,18227,1,0
5987,20278,1,2026-01-07,1,3,141,642,3,18230,1,0
5988,20278,1,2026-06-29,1,3,141,642,3,18231,1,1
5989,20286,1,2024-02-17,1,20,264,1188,20,18238,1,0
5990,20291,1,2026-02-09,1,1,106,476,1,18243,1,0
5991,20296,1,2026-07-03,1,19,260,1174,19,18246,1,0
5992,20296,1,2026-05-19,1,19,260,1174,19,18247,1,0
5993,20297,1,2026-04-09,1,6,187,851,6,18248,1,0
5994,20298,1,2025-08-20,1,14,239,1079,14,18249,1,0
5995,20298,1,2025-09-24,1,14,239,1079,14,18250,1,0
5996,20298,1,2025-08-22,1,14,239,1079,14,18251,1,0
5997,20300,1,2025-11-25,1,1,96,427,1,18252,1,0
5998,20303,1,2023-07-26,1,3,147,667,3,18256,1,0
5999,20310,1,2024-09-05,1,1,119,538,1,18263,1,0
6000,20314,1,2024-02-11,1,4,157,714,4,18268,1,0
6001,20314,1,2024-04-03,1,4,157,714,4,18269,1,0
6002,20315,1,2026-07-13,1,28,287,1284,28,18270,1,0
6003,20315,1,2026-07-13,1,28,287,1284,28,18271,1,0
6004,20316,1,2025-06-19,1,1,8,34,1,18272,1,0
6005,20319,1,2024-01-02,1,3,139,631,3,18274,1,0
6006,20320,1,2023-05-30,1,12,229,1035,12,18275,1,0
6007,20320,1,2023-04-19,1,12,229,1035,12,18276,1,0
6008,20324,1,2024-04-28,1,1,76,338,1,18278,1,0
6009,20324,1,2024-05-06,1,1,76,338,1,18279,1,0
6010,20328,1,2025-10-30,1,14,240,1083,14,18284,1,0
6011,20328,1,2025-11-01,1,14,240,1083,14,18285,1,0
6012,20334,1,2026-07-13,1,1,105,474,1,18293,1,0
6013,20334,1,2026-05-30,1,1,105,474,1,18294,1,0
6014,20338,1,2023-06-11,1,1,105,473,1,18296,1,0
6015,20341,1,2023-03-23,1,3,150,678,3,18300,1,0
6016,20343,1,2025-03-14,1,7,195,883,7,18302,1,0
6017,20347,1,2023-12-30,1,1,30,136,1,18307,1,0
6018,20354,1,2025-10-12,1,3,142,643,3,18311,1,0
6019,20354,1,2025-10-13,1,3,142,643,3,18312,1,0
6020,20355,1,2024-11-25,1,1,1,2,1,18313,1,0
6021,20355,1,2025-02-10,1,1,1,2,1,18314,1,0
6022,20359,1,2025-10-06,1,26,283,1274,26,18319,1,0
6023,20365,1,2025-08-25,1,1,65,291,1,18326,1,0
6024,20367,1,2023-11-16,1,1,16,69,1,18328,1,0
6025,20369,1,2023-07-10,1,1,101,451,1,18331,1,0
6026,20372,1,2025-05-13,1,1,100,447,1,18333,1,0
6027,20387,1,2026-04-20,1,1,1,2,1,18351,1,0
6028,20397,1,2024-05-23,1,11,225,1018,11,18362,1,0
6029,20405,1,2024-02-14,1,20,265,1191,20,18373,1,0
6030,20407,1,2024-01-29,1,5,171,776,5,18374,1,0
6031,20409,1,2023-06-07,1,8,206,933,8,18378,1,0
6032,20409,1,2023-04-29,1,8,206,933,8,18379,1,0
6033,20414,1,2023-11-28,1,1,64,287,1,18380,1,0
6034,20414,1,2023-11-12,1,1,64,287,1,18381,1,0
6035,20415,1,2024-11-07,1,3,145,656,3,18382,1,0
6036,20417,1,2026-07-13,1,26,282,1266,26,18383,1,0
6037,20417,1,2026-06-24,1,26,282,1266,26,18384,1,0
6038,20417,1,2026-07-13,1,26,282,1266,26,18385,1,0
6039,20422,1,2025-07-16,1,3,148,671,3,18388,1,0
6040,20427,1,2024-07-24,1,1,104,466,1,18392,1,0
6041,20437,1,2025-12-11,1,1,46,204,1,18401,1,0
6042,20437,1,2025-12-17,1,1,46,204,1,18402,1,0
6043,20440,1,2026-04-07,1,4,166,749,4,18404,1,0
6044,20442,1,2025-09-09,1,1,102,455,1,18408,1,0
6045,20444,1,2025-02-01,1,1,118,531,1,18409,1,0
6046,20451,1,2024-07-11,1,5,179,810,5,18414,1,0
6047,20458,1,2025-09-14,1,1,118,532,1,18421,1,0
6048,20464,1,2023-09-03,1,6,188,856,6,18427,1,1
6049,20464,1,2024-01-21,1,6,188,856,6,18428,1,0
6050,20471,1,2024-08-14,1,5,178,806,5,18435,1,0
6051,20471,1,2024-08-09,1,5,178,806,5,18436,1,0
6052,20472,1,2025-10-01,1,15,246,1113,15,18437,1,0
6053,20480,1,2026-02-07,1,1,102,457,1,18444,1,0
6054,20480,1,2026-01-01,1,1,102,457,1,18445,1,0
6055,20488,1,2023-07-21,1,11,223,1008,11,18452,1,0
6056,20488,1,2023-05-16,1,11,223,1008,11,18453,1,0
6057,20499,1,2026-07-13,1,6,182,826,6,18465,1,0
6058,20504,1,2024-05-11,1,1,3,13,1,18467,1,0
6059,20514,1,2023-05-24,1,1,118,532,1,18469,1,0
6060,20518,1,2023-12-10,1,9,212,958,9,18472,1,0
6061,20518,1,2024-02-10,1,9,212,958,9,18473,1,0
6062,20518,1,2023-11-11,1,9,212,958,9,18474,1,0
6063,20525,1,2025-09-04,1,5,175,797,5,18482,1,0
6064,20530,1,2024-05-16,1,10,217,981,10,18486,1,0
6065,20534,1,2026-06-28,1,3,142,647,3,18489,1,0
6066,20534,1,2026-06-03,1,3,142,647,3,18490,1,0
6067,20536,1,2024-09-11,1,1,97,432,1,18491,1,0
6068,20539,1,2024-03-20,1,1,3,12,1,18492,1,0
6069,20543,1,2024-11-25,1,11,226,1022,11,18495,1,0
6070,20545,1,2025-10-16,1,4,155,701,4,18496,1,0
6071,20546,1,2024-07-22,1,25,278,1249,25,18497,1,0
6072,20546,1,2024-09-01,1,25,278,1249,25,18498,1,0
6073,20546,1,2024-09-07,1,25,278,1249,25,18499,1,0
6074,20548,1,2025-04-22,1,1,31,139,1,18500,1,0
6075,20557,1,2023-07-23,1,1,49,220,1,18513,1,0
6076,20564,1,2026-07-05,1,25,280,1257,25,18515,1,0
6077,20567,1,2024-11-02,1,4,157,713,4,18518,1,0
6078,20567,1,2024-09-22,1,4,157,713,4,18519,1,0
6079,20569,1,2026-07-13,1,3,149,673,3,18520,1,0
6080,20575,1,2023-12-08,1,1,70,309,1,18523,1,0
6081,20579,1,2024-08-21,1,1,49,222,1,18527,1,0
6082,20579,1,2024-07-10,1,1,49,222,1,18528,1,0
6083,20579,1,2024-08-28,1,1,49,222,1,18529,1,0
6084,20590,1,2025-11-08,1,7,193,876,7,18537,1,0
6085,20592,1,2023-05-22,1,19,260,1174,19,18539,1,0
6086,20592,1,2023-03-30,1,19,260,1174,19,18540,1,0
6087,20592,1,2023-07-12,1,19,260,1174,19,18541,1,0
6088,20604,1,2026-07-09,1,5,180,817,5,18549,1,0
6089,20607,1,2026-01-17,1,5,173,789,5,18553,1,0
6090,20614,1,2025-09-18,1,10,221,1000,10,18556,1,0
6091,20614,1,2025-08-22,1,10,221,1000,10,18557,1,0
6092,20626,1,2024-12-23,1,7,200,902,7,18569,1,0
6093,20633,1,2024-04-13,1,1,51,230,1,18577,1,0
6094,20635,1,2025-05-23,1,9,215,970,9,18578,1,0
6095,20635,1,2025-02-23,1,9,215,970,9,18579,1,0
6096,20637,1,2025-02-15,1,1,96,427,1,18580,1,0
6097,20638,1,2024-09-05,1,11,225,1020,11,18581,1,0
6098,20640,1,2024-03-18,1,5,170,773,5,18585,1,0
6099,20663,1,2026-04-05,1,13,237,1071,13,18602,1,0
6100,20663,1,2026-05-06,1,13,237,1071,13,18603,1,0
6101,20666,1,2023-04-14,1,20,263,1182,20,18606,1,0
6102,20667,1,2026-01-28,1,25,280,1259,25,18607,1,0
6103,20668,1,2024-09-22,1,3,150,678,3,18609,1,0
6104,20668,1,2024-09-20,1,3,150,678,3,18610,1,0
6105,20669,1,2025-03-24,1,26,283,1270,26,18611,1,0
6106,20675,1,2026-07-13,1,1,33,145,1,18618,1,0
6107,20675,1,2026-06-27,1,1,33,145,1,18619,1,0
6108,20684,1,2026-02-17,1,12,228,1032,12,18626,1,0
6109,20685,1,2024-08-12,1,1,28,123,1,18628,1,0
6110,20689,1,2026-07-06,1,1,105,470,1,18632,1,0
6111,20690,1,2026-07-13,1,1,29,126,1,18633,1,0
6112,20690,1,2026-07-13,1,1,29,126,1,18634,1,0
6113,20692,1,2026-07-12,1,3,141,641,3,18636,1,0
6114,20692,1,2026-03-07,1,3,141,641,3,18637,1,0
6115,20692,1,2026-01-30,1,3,141,641,3,18638,1,0
6116,20698,1,2023-03-03,1,1,81,356,1,18645,1,0
6117,20702,1,2026-04-03,1,7,201,908,7,18648,1,0
6118,20703,1,2026-07-13,1,3,145,657,3,18649,1,0
6119,20703,1,2026-07-07,1,3,145,657,3,18650,1,0
6120,20720,1,2025-03-28,1,14,240,1084,14,18658,1,0
6121,20721,1,2024-09-16,1,1,107,481,1,18659,1,0
6122,20723,1,2026-06-06,1,24,276,1236,24,18661,1,0
6123,20735,1,2024-06-14,1,17,254,1147,17,18671,1,0
6124,20736,1,2025-12-30,1,1,23,100,1,18672,1,0
6125,20739,1,2025-07-18,1,4,160,724,4,18674,1,0
6126,20743,1,2024-03-21,1,1,111,499,1,18680,1,0
6127,20743,1,2024-03-11,1,1,111,499,1,18681,1,0
6128,20756,1,2023-08-19,1,3,152,689,3,18690,1,0
6129,20758,1,2023-08-15,1,31,296,1326,31,18693,1,0
6130,20762,1,2025-06-04,1,13,236,1064,13,18696,1,0
6131,20769,1,2026-02-21,1,1,109,489,1,18701,1,0
6132,20790,1,2026-05-31,1,8,208,938,8,18718,1,0
6133,20792,1,2023-10-30,1,3,139,631,3,18719,1,0
6134,20792,1,2023-11-28,1,3,139,631,3,18720,1,0
6135,20797,1,2024-03-18,1,1,84,372,1,18726,1,0
6136,20803,1,2024-06-16,1,1,36,162,1,18730,1,0
6137,20803,1,2024-07-02,1,1,36,162,1,18732,1,0
6138,20804,1,2025-11-25,1,4,160,722,4,18733,1,0
6139,20809,1,2026-06-15,1,8,203,919,8,18734,1,0
6140,20823,1,2026-05-06,1,4,160,722,4,18744,1,0
6141,20825,1,2023-12-28,1,2,135,609,2,18746,1,0
6142,20827,1,2024-08-27,1,2,122,550,2,18749,1,0
6143,20829,1,2025-03-09,1,1,94,415,1,18751,1,0
6144,20841,1,2025-02-10,1,3,143,651,3,18763,1,0
6145,20841,1,2025-02-07,1,3,143,651,3,18764,1,0
6146,20849,1,2023-08-18,1,1,114,514,1,18770,1,0
6147,20855,1,2023-11-07,1,1,63,284,1,18775,1,1
6148,20858,1,2024-03-14,1,3,150,677,3,18777,1,0
6149,20858,1,2023-11-14,1,3,150,677,3,18778,1,0
6150,20858,1,2024-03-26,1,3,150,677,3,18779,1,0
6151,20861,1,2024-10-02,1,1,108,483,1,18784,1,0
6152,20864,1,2026-06-28,1,1,96,428,1,18785,1,0
6153,20864,1,2026-07-13,1,1,96,428,1,18786,1,0
6154,20884,1,2023-12-06,1,1,50,228,1,18801,1,0
6155,20891,1,2025-05-09,1,1,38,166,1,18805,1,0
6156,20891,1,2025-07-08,1,1,38,166,1,18807,1,0
6157,20897,1,2024-11-26,1,30,295,1322,30,18811,1,0
6158,20897,1,2024-11-10,1,30,295,1322,30,18812,1,0
6159,20897,1,2024-12-06,1,30,295,1322,30,18813,1,0
6160,20899,1,2026-06-14,1,1,46,204,1,18815,1,0
6161,20906,1,2026-05-10,1,16,250,1129,16,18816,1,0
6162,20906,1,2026-05-17,1,16,250,1129,16,18817,1,0
6163,20914,1,2026-05-23,1,5,169,769,5,18821,1,0
6164,20921,1,2025-12-24,1,7,200,905,7,18824,1,0
6165,20924,1,2026-07-13,1,21,268,1205,21,18828,1,0
6166,20928,1,2023-04-23,1,1,10,44,1,18832,1,0
6167,20928,1,2023-05-26,1,1,10,44,1,18833,1,0
6168,20928,1,2023-05-14,1,1,10,44,1,18834,1,0
6169,20930,1,2023-12-24,1,3,153,694,3,18836,1,0
6170,20945,1,2025-12-01,1,1,112,505,1,18849,1,0
6171,20945,1,2025-11-13,1,1,112,505,1,18850,1,0
6172,20946,1,2025-08-12,1,7,201,909,7,18851,1,0
6173,20946,1,2025-10-03,1,7,201,909,7,18852,1,0
6174,20950,1,2023-03-29,1,1,13,59,1,18855,1,0
6175,20956,1,2025-03-02,1,1,50,224,1,18858,1,0
6176,20963,1,2026-01-01,1,4,156,710,4,18861,1,0
6177,20968,1,2024-04-06,1,1,57,257,1,18864,1,0
6178,20981,1,2024-12-12,1,14,242,1095,14,18877,1,0
6179,20981,1,2024-12-12,1,14,242,1095,14,18878,1,0
6180,20986,1,2025-11-17,1,1,48,217,1,18883,1,0
6181,20988,1,2023-12-15,1,1,81,358,1,18887,1,0
6182,20991,1,2025-09-02,1,1,56,253,1,18892,1,0
6183,20992,1,2026-05-05,1,30,294,1315,30,18893,1,0
6184,20993,1,2024-04-14,1,7,198,898,7,18894,1,0
6185,20993,1,2024-04-22,1,7,198,898,7,18895,1,0
6186,20998,1,2026-05-01,1,1,38,166,1,18898,1,0
6187,20998,1,2026-04-17,1,1,38,166,1,18899,1,0
6188,21003,1,2024-09-12,1,17,255,1152,17,18900,1,0
6189,21005,1,2023-01-16,1,1,55,248,1,18902,1,0
6190,21005,1,2023-01-30,1,1,55,248,1,18903,1,0
6191,21006,1,2025-02-12,1,25,278,1249,25,18905,1,0
6192,21007,1,2023-12-29,1,1,17,76,1,18906,1,0
6193,21008,1,2025-05-09,1,7,193,875,7,18907,1,0
6194,21008,1,2025-05-07,1,7,193,875,7,18908,1,0
6195,21008,1,2025-05-27,1,7,193,875,7,18909,1,0
6196,21012,1,2026-02-19,1,17,252,1139,17,18911,1,0
6197,21013,1,2024-11-12,1,11,227,1025,11,18912,1,0
6198,21015,1,2024-10-27,1,7,195,886,7,18914,1,0
6199,21015,1,2025-02-14,1,7,195,886,7,18916,1,0
6200,21019,1,2025-08-31,1,1,92,407,1,18920,1,1
6201,21029,1,2025-03-01,1,1,6,27,1,18929,1,0
6202,21029,1,2025-02-01,1,1,6,27,1,18930,1,0
6203,21030,1,2025-01-14,1,1,29,131,1,18931,1,0
6204,21035,1,2025-11-25,1,29,292,1306,29,18936,1,0
6205,21035,1,2025-11-08,1,29,292,1306,29,18937,1,0
6206,21036,1,2023-04-07,1,3,151,686,3,18938,1,0
6207,21043,1,2024-01-11,1,1,9,42,1,18943,1,0
6208,21044,1,2024-01-07,1,1,16,69,1,18944,1,0
6209,21045,1,2025-02-12,1,19,260,1174,19,18945,1,0
6210,21045,1,2025-02-04,1,19,260,1174,19,18946,1,0
6211,21062,1,2026-05-12,1,4,164,739,4,18956,1,0
6212,21066,1,2023-08-27,1,1,5,22,1,18960,1,0
6213,21069,1,2023-09-21,1,5,180,816,5,18963,1,0
6214,21070,1,2023-11-16,1,5,170,774,5,18965,1,0
6215,21070,1,2023-11-29,1,5,170,774,5,18966,1,0
6216,21070,1,2024-01-20,1,5,170,774,5,18967,1,0
6217,21073,1,2024-11-11,1,1,27,119,1,18969,1,0
6218,21073,1,2024-07-30,1,1,27,119,1,18970,1,0
6219,21077,1,2025-09-27,1,4,156,711,4,18973,1,0
6220,21085,1,2025-04-22,1,1,14,65,1,18981,1,0
6221,21095,1,2024-11-23,1,1,95,420,1,18990,1,0
6222,21101,1,2024-07-06,1,1,46,204,1,18994,1,0
6223,21102,1,2023-01-19,1,18,257,1162,18,18996,1,0
6224,21103,1,2024-12-27,1,3,138,628,3,18997,1,0
6225,21117,1,2023-08-08,1,1,95,418,1,19008,1,0
6226,21118,1,2026-07-13,1,1,93,411,1,19009,1,0
6227,21124,1,2024-11-11,1,5,181,823,5,19015,1,0
6228,21127,1,2025-08-12,1,1,67,297,1,19017,1,0
6229,21128,1,2023-06-26,1,1,35,158,1,19019,1,0
6230,21129,1,2024-10-10,1,31,296,1326,31,19021,1,0
6231,21132,1,2025-12-13,1,1,10,45,1,19024,1,0
6232,21133,1,2023-03-06,1,1,1,2,1,19025,1,0
6233,21135,1,2024-10-05,1,4,160,726,4,19027,1,0
6234,21146,1,2025-07-07,1,1,52,236,1,19038,1,0
6235,21155,1,2023-10-13,1,2,130,590,2,19046,1,0
6236,21162,1,2024-03-27,1,4,159,721,4,19053,1,0
6237,21162,1,2024-04-28,1,4,159,721,4,19054,1,0
6238,21166,1,2025-02-03,1,1,19,83,1,19059,1,0
6239,21167,1,2025-05-23,1,1,95,417,1,19060,1,0
6240,21171,1,2026-05-18,1,31,298,1331,31,19061,1,0
6241,21176,1,2023-10-15,1,23,274,1230,23,19066,1,0
6242,21176,1,2023-09-25,1,23,274,1230,23,19067,1,0
6243,21180,1,2024-08-04,1,18,258,1166,18,19073,1,0
6244,21181,1,2026-07-13,1,30,295,1318,30,19074,1,0
6245,21190,1,2025-01-22,1,1,65,289,1,19081,1,0
6246,21190,1,2025-01-10,1,1,65,289,1,19082,1,0
6247,21190,1,2025-01-26,1,1,65,289,1,19083,1,0
6248,21193,1,2025-01-21,1,1,4,16,1,19087,1,0
6249,21196,1,2025-08-17,1,4,161,729,4,19091,1,0
6250,21197,1,2023-07-06,1,1,43,189,1,19092,1,0
6251,21197,1,2023-06-25,1,1,43,189,1,19093,1,0
6252,21198,1,2024-03-10,1,8,202,916,8,19094,1,0
6253,21206,1,2023-05-17,1,8,208,941,8,19098,1,0
6254,21213,1,2025-02-17,1,3,139,631,3,19102,1,0
6255,21217,1,2025-07-11,1,13,237,1070,13,19105,1,0
6256,21219,1,2025-07-11,1,3,148,671,3,19108,1,0
6257,21219,1,2025-07-26,1,3,148,671,3,19109,1,1
6258,21228,1,2023-12-31,1,1,36,159,1,19112,1,0
6259,21235,1,2024-03-13,1,22,271,1219,22,19120,1,0
6260,21235,1,2024-02-25,1,22,271,1219,22,19121,1,0
6261,21235,1,2024-04-11,1,22,271,1219,22,19122,1,0
6262,21241,1,2023-05-11,1,1,7,30,1,19127,1,0
6263,21241,1,2023-07-14,1,1,7,30,1,19128,1,0
6264,21246,1,2025-09-11,1,1,114,513,1,19132,1,0
6265,21252,1,2026-03-20,1,16,251,1135,16,19138,1,0
6266,21257,1,2023-10-15,1,7,191,870,7,19143,1,0
6267,21260,1,2024-12-06,1,1,8,37,1,19145,1,0
6268,21262,1,2025-06-24,1,1,80,354,1,19146,1,0
6269,21263,1,2023-12-20,1,1,17,76,1,19147,1,0
6270,21264,1,2023-05-20,1,1,93,413,1,19148,1,0
6271,21271,1,2026-06-02,1,22,271,1219,22,19157,1,0
6272,21278,1,2025-10-21,1,15,246,1113,15,19160,1,0
6273,21284,1,2025-07-06,1,1,45,198,1,19169,1,0
6274,21284,1,2025-05-28,1,1,45,198,1,19170,1,0
6275,21294,1,2023-01-24,1,6,186,844,6,19175,1,0
6276,21303,1,2024-10-08,1,1,95,422,1,19178,1,0
6277,21316,1,2026-01-25,1,12,229,1034,12,19182,1,0
6278,21317,1,2023-10-07,1,15,245,1107,15,19183,1,0
6279,21327,1,2024-08-14,1,10,217,980,10,19195,1,0
6280,21327,1,2024-06-14,1,10,217,980,10,19196,1,0
6281,21333,1,2026-07-13,1,1,68,299,1,19201,1,0
6282,21342,1,2026-06-08,1,7,201,909,7,19202,1,0
6283,21342,1,2026-07-13,1,7,201,909,7,19203,1,0
6284,21344,1,2026-05-23,1,15,243,1097,15,19206,1,0
6285,21349,1,2024-10-09,1,30,293,1310,30,19212,1,0
6286,21349,1,2024-12-06,1,30,293,1310,30,19213,1,0
6287,21361,1,2026-02-23,1,1,33,146,1,19224,1,0
6288,21361,1,2026-02-27,1,1,33,146,1,19225,1,0
6289,21362,1,2023-03-05,1,7,199,901,7,19227,1,0
6290,21363,1,2025-12-23,1,20,263,1184,20,19228,1,0
6291,21363,1,2026-04-14,1,20,263,1184,20,19229,1,0
6292,21366,1,2023-05-30,1,1,8,34,1,19235,1,0
6293,21369,1,2023-11-17,1,1,26,116,1,19239,1,0
6294,21376,1,2025-04-02,1,6,190,863,6,19247,1,0
6295,21388,1,2023-02-06,1,1,41,183,1,19257,1,0
6296,21397,1,2026-02-25,1,1,43,189,1,19262,1,0
6297,21402,1,2025-01-17,1,5,174,793,5,19266,1,0
6298,21406,1,2025-09-24,1,1,25,111,1,19270,1,0
6299,21406,1,2025-09-20,1,1,25,111,1,19271,1,0
6300,21406,1,2025-11-13,1,1,25,111,1,19272,1,0
6301,21421,1,2023-11-17,1,1,79,348,1,19287,1,0
6302,21428,1,2025-06-18,1,3,138,627,3,19298,1,0
6303,21430,1,2023-10-28,1,4,155,701,4,19300,1,0
6304,21434,1,2025-03-29,1,1,56,252,1,19303,1,0
6305,21434,1,2025-03-19,1,1,56,252,1,19304,1,0
6306,21434,1,2025-03-27,1,1,56,252,1,19305,1,0
6307,21437,1,2026-06-03,1,5,174,794,5,19306,1,0
6308,21440,1,2026-05-04,1,4,158,715,4,19309,1,0
6309,21445,1,2024-02-06,1,1,38,166,1,19315,1,0
6310,21451,1,2025-04-17,1,3,137,623,3,19319,1,0
6311,21461,1,2025-04-13,1,13,234,1057,13,19329,1,0
6312,21472,1,2025-06-26,1,1,36,161,1,19336,1,0
6313,21475,1,2025-05-19,1,6,186,847,6,19339,1,0
6314,21476,1,2025-04-02,1,1,24,103,1,19340,1,0
6315,21476,1,2025-04-22,1,1,24,103,1,19341,1,0
6316,21477,1,2024-08-29,1,11,224,1012,11,19342,1,0
6317,21477,1,2024-09-10,1,11,224,1012,11,19343,1,0
6318,21490,1,2023-05-10,1,1,85,375,1,19353,1,0
6319,21494,1,2023-11-19,1,1,118,533,1,19354,1,0
6320,21494,1,2024-02-27,1,1,118,533,1,19355,1,0
6321,21501,1,2026-02-11,1,1,98,438,1,19361,1,0
6322,21502,1,2025-08-16,1,1,7,28,1,19362,1,0
6323,21503,1,2025-04-16,1,11,223,1008,11,19364,1,0
6324,21505,1,2023-09-09,1,2,131,594,2,19365,1,0
6325,21507,1,2023-10-10,1,1,63,281,1,19366,1,0
6326,21515,1,2023-08-29,1,7,199,901,7,19371,1,0
6327,21517,1,2026-03-14,1,1,103,459,1,19374,1,0
6328,21517,1,2026-04-06,1,1,103,459,1,19375,1,0
6329,21517,1,2026-03-01,1,1,103,459,1,19376,1,0
6330,21520,1,2024-10-07,1,25,280,1254,25,19379,1,0
6331,21520,1,2024-10-06,1,25,280,1254,25,19380,1,0
6332,21522,1,2026-07-11,1,13,234,1058,13,19383,1,0
6333,21522,1,2026-07-13,1,13,234,1058,13,19384,1,0
6334,21530,1,2025-10-28,1,4,160,726,4,19389,1,0
6335,21536,1,2025-01-19,1,3,145,655,3,19392,1,0
6336,21537,1,2023-04-22,1,1,3,12,1,19393,1,0
6337,21539,1,2026-02-18,1,14,238,1077,14,19395,1,0
6338,21539,1,2025-11-28,1,14,238,1077,14,19396,1,0
6339,21544,1,2023-10-23,1,1,25,108,1,19403,1,0
6340,21544,1,2023-10-12,1,1,25,108,1,19404,1,0
6341,21549,1,2025-06-24,1,3,151,683,3,19408,1,0
6342,21552,1,2024-08-12,1,1,113,507,1,19410,1,0
6343,21552,1,2024-07-30,1,1,113,507,1,19411,1,0
6344,21556,1,2023-12-24,1,1,38,166,1,19413,1,0
6345,21556,1,2023-12-06,1,1,38,166,1,19414,1,0
6346,21561,1,2024-05-29,1,9,215,969,9,19417,1,0
6347,21564,1,2025-02-10,1,26,281,1260,26,19418,1,0
6348,21567,1,2024-05-05,1,20,264,1188,20,19421,1,0
6349,21571,1,2025-03-14,1,1,33,147,1,19422,1,0
6350,21572,1,2023-07-20,1,1,42,185,1,19423,1,0
6351,21578,1,2025-08-17,1,10,218,983,10,19424,1,0
6352,21580,1,2025-06-06,1,2,122,547,2,19426,1,0
6353,21583,1,2024-12-12,1,31,296,1325,31,19428,1,0
6354,21585,1,2024-10-23,1,1,59,262,1,19430,1,0
6355,21592,1,2024-07-28,1,18,258,1165,18,19440,1,0
6356,21593,1,2026-03-09,1,1,12,53,1,19441,1,0
6357,21593,1,2026-05-23,1,1,12,53,1,19442,1,0
6358,21608,1,2023-06-12,1,1,113,508,1,19455,1,0
6359,21610,1,2024-01-12,1,15,247,1119,15,19457,1,0
6360,21615,1,2024-07-02,1,1,34,152,1,19461,1,0
6361,21615,1,2024-05-10,1,1,34,152,1,19462,1,0
6362,21615,1,2024-06-26,1,1,34,152,1,19463,1,0
6363,21616,1,2023-12-23,1,5,175,795,5,19464,1,0
6364,21620,1,2025-06-01,1,31,297,1329,31,19466,1,0
6365,21625,1,2025-12-01,1,5,180,819,5,19469,1,0
6366,21634,1,2025-10-25,1,5,180,815,5,19478,1,0
6367,21635,1,2024-10-08,1,25,279,1252,25,19479,1,0
6368,21636,1,2026-04-17,1,6,190,864,6,19480,1,0
6369,21637,1,2024-05-01,1,1,78,345,1,19481,1,0
6370,21637,1,2024-03-14,1,1,78,345,1,19482,1,0
6371,21639,1,2024-09-27,1,16,248,1121,16,19486,1,0
6372,21642,1,2024-07-05,1,1,68,299,1,19489,1,0
6373,21642,1,2024-05-30,1,1,68,299,1,19490,1,0
6374,21642,1,2024-05-03,1,1,68,299,1,19491,1,0
6375,21646,1,2025-10-28,1,3,142,648,3,19494,1,0
6376,21646,1,2025-09-18,1,3,142,648,3,19495,1,0
6377,21646,1,2025-10-14,1,3,142,648,3,19496,1,0
6378,21647,1,2024-04-03,1,2,124,561,2,19497,1,0
6379,21650,1,2025-12-24,1,15,247,1119,15,19499,1,0
6380,21650,1,2025-12-04,1,15,247,1119,15,19501,1,0
6381,21661,1,2025-03-07,1,1,67,297,1,19510,1,0
6382,21661,1,2025-03-27,1,1,67,297,1,19511,1,0
6383,21663,1,2023-12-23,1,12,231,1045,12,19512,1,0
6384,21685,1,2024-12-29,1,3,148,672,3,19532,1,0
6385,21693,1,2026-06-22,1,1,79,348,1,19537,1,0
6386,21702,1,2026-02-19,1,1,53,241,1,19540,1,0
6387,21705,1,2025-03-03,1,15,247,1119,15,19541,1,0
6388,21705,1,2025-03-30,1,15,247,1119,15,19542,1,0
6389,21707,1,2024-01-17,1,3,140,637,3,19544,1,0
6390,21707,1,2024-02-15,1,3,140,637,3,19545,1,0
6391,21717,1,2024-08-28,1,10,221,1000,10,19554,1,0
6392,21718,1,2025-05-06,1,17,255,1152,17,19555,1,0
6393,21718,1,2025-02-24,1,17,255,1152,17,19556,1,0
6394,21719,1,2025-04-26,1,4,154,700,4,19557,1,0
6395,21726,1,2023-04-30,1,27,284,1276,27,19565,1,0
6396,21731,1,2026-07-13,1,1,61,272,1,19567,1,0
6397,21733,1,2024-01-17,1,7,199,899,7,19568,1,0
6398,21752,1,2025-06-23,1,1,34,150,1,19587,1,0
6399,21761,1,2024-08-13,1,5,169,765,5,19598,1,0
6400,21762,1,2024-08-08,1,16,250,1130,16,19599,1,0
6401,21776,1,2026-07-13,1,7,193,877,7,19605,1,0
6402,21784,1,2025-05-08,1,10,220,995,10,19613,1,0
6403,21785,1,2023-12-02,1,6,187,851,6,19614,1,0
6404,21792,1,2024-06-15,1,1,103,463,1,19621,1,0
6405,21792,1,2024-07-26,1,1,103,463,1,19623,1,0
6406,21799,1,2023-03-07,1,1,5,18,1,19627,1,0
6407,21803,1,2024-08-14,1,1,55,248,1,19630,1,0
6408,21804,1,2023-09-08,1,1,7,32,1,19631,1,0
6409,21806,1,2026-01-25,1,18,259,1168,18,19633,1,0
6410,21809,1,2025-07-07,1,1,36,162,1,19635,1,0
6411,21813,1,2024-02-21,1,1,98,435,1,19639,1,0
6412,21813,1,2024-02-15,1,1,98,435,1,19640,1,0
6413,21814,1,2026-03-09,1,1,89,393,1,19641,1,0
6414,21815,1,2025-04-29,1,1,19,85,1,19642,1,0
6415,21816,1,2023-04-01,1,8,202,913,8,19643,1,0
6416,21818,1,2025-05-13,1,7,192,872,7,19645,1,0
6417,21830,1,2024-11-13,1,1,59,261,1,19655,1,0
6418,21837,1,2025-02-04,1,28,287,1286,28,19662,1,0
6419,21867,1,2024-08-20,1,5,168,760,5,19679,1,0
6420,21875,1,2025-08-05,1,10,221,1000,10,19687,1,0
6421,21875,1,2025-09-03,1,10,221,1000,10,19688,1,0
6422,21878,1,2025-03-20,1,1,21,92,1,19693,1,0
6423,21878,1,2025-02-15,1,1,21,92,1,19694,1,0
6424,21879,1,2024-11-19,1,6,190,862,6,19695,1,0
6425,21882,1,2025-02-14,1,1,98,435,1,19696,1,0
6426,21883,1,2023-11-30,1,3,142,648,3,19698,1,0
6427,21884,1,2025-03-22,1,1,14,61,1,19699,1,0
6428,21886,1,2025-04-14,1,8,205,926,8,19700,1,0
6429,21887,1,2023-11-30,1,24,276,1239,24,19701,1,0
6430,21887,1,2023-12-22,1,24,276,1239,24,19702,1,0
6431,21887,1,2024-01-21,1,24,276,1239,24,19703,1,0
6432,21900,1,2025-06-13,1,1,28,123,1,19715,1,0
6433,21902,1,2025-07-20,1,4,160,722,4,19716,1,0
6434,21903,1,2023-09-04,1,4,158,716,4,19717,1,0
6435,21905,1,2024-10-01,1,7,194,879,7,19719,1,0
6436,21920,1,2026-01-30,1,27,286,1283,27,19728,1,0
6437,21920,1,2025-12-29,1,27,286,1283,27,19730,1,0
6438,21927,1,2026-01-02,1,5,175,797,5,19737,1,0
6439,21945,1,2026-02-13,1,1,59,262,1,19751,1,0
6440,21961,1,2024-01-23,1,26,282,1269,26,19766,1,0
6441,21961,1,2023-11-24,1,26,282,1269,26,19767,1,0
6442,21964,1,2026-01-28,1,4,163,738,4,19771,1,0
6443,21964,1,2026-02-23,1,4,163,738,4,19772,1,0
6444,21965,1,2025-06-28,1,1,12,54,1,19773,1,0
6445,21971,1,2024-03-28,1,11,225,1020,11,19778,1,0
6446,21972,1,2026-03-16,1,1,27,117,1,19779,1,0
6447,21982,1,2024-05-08,1,2,122,547,2,19784,1,0
6448,21985,1,2025-05-18,1,1,112,505,1,19786,1,0
6449,21985,1,2025-05-22,1,1,112,505,1,19787,1,0
6450,21994,1,2023-06-20,1,6,182,827,6,19791,1,0
6451,22001,1,2025-07-23,1,15,245,1106,15,19796,1,0
6452,22001,1,2025-08-27,1,15,245,1106,15,19797,1,0
6453,22003,1,2023-11-15,1,17,253,1143,17,19798,1,0
6454,22004,1,2025-07-16,1,1,46,203,1,19800,1,0
6455,22010,1,2026-07-13,1,6,189,859,6,19805,1,0
6456,22011,1,2023-06-29,1,26,281,1261,26,19806,1,0
6457,22015,1,2026-01-25,1,1,8,35,1,19808,1,0
6458,22015,1,2026-01-03,1,1,8,35,1,19810,1,0
6459,22019,1,2024-08-10,1,26,283,1272,26,19815,1,0
6460,22019,1,2024-07-22,1,26,283,1272,26,19816,1,0
6461,22023,1,2025-06-25,1,10,219,992,10,19821,1,0
6462,22023,1,2025-08-16,1,10,219,992,10,19822,1,0
6463,22024,1,2025-02-27,1,2,135,609,2,19823,1,0
6464,22024,1,2025-06-15,1,2,135,609,2,19824,1,0
6465,22029,1,2026-07-13,1,3,148,672,3,19827,1,0
6466,22029,1,2026-05-05,1,3,148,672,3,19828,1,0
6467,22029,1,2026-07-13,1,3,148,672,3,19829,1,0
6468,22039,1,2025-09-02,1,1,111,496,1,19833,1,0
6469,22040,1,2026-03-15,1,1,43,188,1,19834,1,0
6470,22044,1,2025-12-29,1,14,239,1078,14,19838,1,0
6471,22044,1,2025-12-16,1,14,239,1078,14,19839,1,0
6472,22050,1,2023-11-18,1,1,82,362,1,19844,1,0
6473,22052,1,2025-11-11,1,5,170,773,5,19846,1,0
6474,22054,1,2023-09-24,1,1,22,96,1,19849,1,0
6475,22058,1,2025-12-08,1,5,173,786,5,19851,1,0
6476,22071,1,2026-02-05,1,1,91,404,1,19861,1,0
6477,22073,1,2023-09-20,1,1,116,523,1,19862,1,0
6478,22077,1,2023-11-14,1,1,69,305,1,19864,1,0
6479,22077,1,2023-11-17,1,1,69,305,1,19865,1,0
6480,22085,1,2024-06-19,1,25,279,1250,25,19870,1,0
6481,22091,1,2024-01-15,1,1,32,141,1,19875,1,0
6482,22093,1,2026-04-05,1,1,104,468,1,19877,1,0
6483,22095,1,2026-01-30,1,1,34,150,1,19881,1,0
6484,22097,1,2023-12-07,1,1,17,72,1,19883,1,0
6485,22112,1,2024-11-02,1,1,120,540,1,19895,1,0
6486,22126,1,2023-12-30,1,7,191,868,7,19904,1,0
6487,22126,1,2023-12-27,1,7,191,868,7,19905,1,0
6488,22131,1,2023-11-21,1,1,10,46,1,19910,1,0
6489,22133,1,2023-10-15,1,30,295,1319,30,19911,1,0
6490,22134,1,2023-04-10,1,14,241,1089,14,19912,1,0
6491,22137,1,2024-04-07,1,1,15,68,1,19916,1,0
6492,22137,1,2024-04-10,1,1,15,68,1,19917,1,0
6493,22152,1,2024-06-01,1,4,155,703,4,19931,1,0
6494,22154,1,2024-08-19,1,31,297,1329,31,19932,1,0
6495,22156,1,2023-03-09,1,7,199,900,7,19934,1,0
6496,22156,1,2023-03-08,1,7,199,900,7,19935,1,0
6497,22156,1,2023-05-06,1,7,199,900,7,19936,1,0
6498,22161,1,2025-03-18,1,2,121,544,2,19939,1,0
6499,22161,1,2025-03-18,1,2,121,544,2,19940,1,0
6500,22161,1,2025-03-24,1,2,121,544,2,19941,1,0
6501,22162,1,2024-09-24,1,17,254,1148,17,19942,1,0
6502,22171,1,2025-03-12,1,1,32,141,1,19949,1,0
6503,22175,1,2026-05-03,1,1,37,164,1,19955,1,0
6504,22186,1,2025-12-09,1,4,159,720,4,19965,1,0
6505,22186,1,2025-12-10,1,4,159,720,4,19966,1,0
6506,22186,1,2025-12-17,1,4,159,720,4,19967,1,0
6507,22189,1,2025-04-12,1,29,291,1303,29,19969,1,0
6508,22191,1,2025-03-13,1,1,90,399,1,19971,1,0
6509,22191,1,2025-04-09,1,1,90,399,1,19972,1,0
6510,22192,1,2024-02-20,1,6,183,828,6,19973,1,0
6511,22192,1,2024-02-17,1,6,183,828,6,19974,1,0
6512,22193,1,2024-04-10,1,3,142,645,3,19976,1,0
6513,22200,1,2025-09-11,1,1,1,3,1,19984,1,0
6514,22203,1,2024-06-06,1,2,126,570,2,19987,1,0
6515,22210,1,2025-09-18,1,1,48,215,1,19998,1,0
6516,22210,1,2025-08-16,1,1,48,215,1,19999,1,0
6517,22210,1,2025-09-14,1,1,48,215,1,20000,1,0
6518,22215,1,2024-06-02,1,5,171,780,5,20005,1,0
6519,22216,1,2024-10-14,1,1,50,226,1,20006,1,0
6520,22218,1,2023-11-15,1,15,244,1102,15,20009,1,0
6521,22221,1,2024-02-17,1,20,265,1195,20,20013,1,0
6522,22231,1,2025-04-21,1,10,217,977,10,20017,1,0
6523,22235,1,2024-06-13,1,1,91,403,1,20018,1,0
6524,22235,1,2024-07-01,1,1,91,403,1,20019,1,0
6525,22236,1,2023-05-23,1,7,197,893,7,20020,1,0
6526,22236,1,2023-05-06,1,7,197,893,7,20021,1,0
6527,22239,1,2025-03-09,1,1,94,414,1,20022,1,0
6528,22241,1,2024-11-22,1,1,13,59,1,20023,1,0
6529,22244,1,2025-08-13,1,26,281,1262,26,20026,1,0
6530,22244,1,2025-07-29,1,26,281,1262,26,20027,1,0
6531,22244,1,2025-07-06,1,26,281,1262,26,20028,1,0
6532,22249,1,2024-07-06,1,3,141,640,3,20033,1,0
6533,22251,1,2025-12-19,1,1,97,431,1,20034,1,0
6534,22252,1,2026-05-14,1,26,282,1269,26,20035,1,0
6535,22253,1,2023-12-19,1,3,141,638,3,20036,1,1
6536,22253,1,2024-01-03,1,3,141,638,3,20037,1,0
6537,22267,1,2024-11-18,1,1,83,368,1,20047,1,0
6538,22267,1,2024-11-27,1,1,83,368,1,20048,1,0
6539,22271,1,2023-05-18,1,3,152,689,3,20051,1,0
6540,22271,1,2023-05-21,1,3,152,689,3,20052,1,0
6541,22272,1,2025-07-01,1,4,165,742,4,20053,1,0
6542,22281,1,2025-07-21,1,21,266,1196,21,20062,1,0
6543,22281,1,2025-09-04,1,21,266,1196,21,20063,1,0
6544,22303,1,2026-02-09,1,12,230,1042,12,20074,1,0
6545,22303,1,2026-02-05,1,12,230,1042,12,20076,1,0
6546,22306,1,2024-12-26,1,28,288,1293,28,20077,1,0
6547,22314,1,2025-10-13,1,1,94,414,1,20081,1,0
6548,22314,1,2025-12-28,1,1,94,414,1,20082,1,0
6549,22315,1,2025-12-16,1,25,280,1258,25,20083,1,0
6550,22319,1,2025-03-13,1,1,36,162,1,20085,1,0
6551,22324,1,2023-04-09,1,1,114,514,1,20088,1,0
6552,22327,1,2024-07-27,1,4,167,758,4,20089,1,0
6553,22329,1,2024-03-10,1,1,98,439,1,20093,1,0
6554,22332,1,2025-05-28,1,5,179,812,5,20095,1,0
6555,22334,1,2025-12-30,1,11,222,1006,11,20097,1,0
6556,22337,1,2023-12-23,1,1,27,121,1,20098,1,0
6557,22337,1,2024-03-16,1,1,27,121,1,20099,1,0
6558,22337,1,2024-01-10,1,1,27,121,1,20100,1,0
6559,22344,1,2025-11-16,1,3,153,695,3,20108,1,0
6560,22348,1,2024-04-16,1,1,18,80,1,20110,1,0
6561,22349,1,2026-07-13,1,1,67,297,1,20111,1,0
6562,22350,1,2025-11-13,1,1,77,341,1,20112,1,0
6563,22350,1,2026-02-14,1,1,77,341,1,20113,1,0
6564,22365,1,2026-07-13,1,1,109,492,1,20124,1,0
6565,22365,1,2026-07-13,1,1,109,492,1,20125,1,0
6566,22366,1,2024-09-22,1,6,185,839,6,20126,1,0
6567,22370,1,2024-01-22,1,30,295,1318,30,20132,1,0
6568,22370,1,2024-02-03,1,30,295,1318,30,20133,1,0
6569,22373,1,2024-07-25,1,1,89,395,1,20134,1,0
6570,22374,1,2024-09-11,1,18,259,1171,18,20136,1,0
6571,22374,1,2024-09-24,1,18,259,1171,18,20137,1,0
6572,22375,1,2025-12-01,1,25,280,1256,25,20138,1,0
6573,22379,1,2026-03-18,1,12,228,1029,12,20144,1,0
6574,22386,1,2023-11-24,1,3,152,691,3,20148,1,0
6575,22389,1,2025-10-18,1,1,74,330,1,20153,1,0
6576,22389,1,2025-04-18,1,1,74,330,1,20154,1,0
6577,22389,1,2025-06-03,1,1,74,330,1,20155,1,0
6578,22399,1,2025-12-19,1,11,222,1002,11,20169,1,0
6579,22402,1,2023-08-26,1,1,51,230,1,20172,1,0
6580,22404,1,2024-08-03,1,1,1,3,1,20173,1,0
6581,22407,1,2023-01-06,1,1,81,358,1,20174,1,0
6582,22408,1,2025-09-02,1,29,290,1301,29,20175,1,0
6583,22412,1,2023-10-09,1,15,247,1119,15,20177,1,0
6584,22412,1,2023-09-07,1,15,247,1119,15,20178,1,0
6585,22415,1,2025-12-28,1,16,248,1120,16,20179,1,0
6586,22423,1,2024-08-21,1,22,271,1216,22,20181,1,0
6587,22457,1,2024-07-14,1,8,205,925,8,20209,1,0
6588,22457,1,2024-08-18,1,8,205,925,8,20210,1,0
6589,22457,1,2024-10-02,1,8,205,925,8,20211,1,0
6590,22469,1,2024-06-23,1,3,149,676,3,20219,1,0
6591,22471,1,2025-08-08,1,9,212,957,9,20220,1,0
6592,22473,1,2026-02-18,1,1,93,412,1,20221,1,0
6593,22473,1,2026-03-08,1,1,93,412,1,20222,1,0
6594,22474,1,2026-04-24,1,1,120,541,1,20223,1,0
6595,22481,1,2024-01-10,1,11,224,1012,11,20229,1,0
6596,22482,1,2024-09-19,1,30,293,1311,30,20231,1,0
6597,22482,1,2024-03-28,1,30,293,1311,30,20232,1,0
6598,22483,1,2025-06-18,1,9,213,961,9,20233,1,0
6599,22483,1,2025-07-16,1,9,213,961,9,20234,1,0
6600,22485,1,2025-04-03,1,27,285,1279,27,20237,1,0
6601,22495,1,2024-07-30,1,1,50,227,1,20245,1,0
6602,22501,1,2024-08-16,1,14,238,1075,14,20250,1,0
6603,22501,1,2024-10-31,1,14,238,1075,14,20251,1,0
6604,22508,1,2023-12-29,1,1,111,497,1,20259,1,1
6605,22515,1,2026-02-20,1,7,199,899,7,20264,1,0
6606,22519,1,2025-12-23,1,1,69,305,1,20269,1,0
6607,22519,1,2026-01-03,1,1,69,305,1,20270,1,0
6608,22520,1,2024-05-11,1,1,61,273,1,20271,1,0
6609,22520,1,2024-05-31,1,1,61,273,1,20272,1,0
6610,22524,1,2023-08-11,1,12,231,1045,12,20275,1,0
6611,22532,1,2026-07-13,1,8,208,941,8,20281,1,0
6612,22536,1,2025-02-27,1,1,45,198,1,20286,1,0
6613,22545,1,2025-08-29,1,1,59,263,1,20293,1,0
6614,22549,1,2024-01-06,1,6,187,852,6,20297,1,0
6615,22549,1,2024-06-30,1,6,187,852,6,20298,1,0
6616,22549,1,2024-01-12,1,6,187,852,6,20299,1,0
6617,22560,1,2026-05-11,1,1,91,404,1,20306,1,0
6618,22561,1,2024-09-04,1,16,248,1120,16,20307,1,0
6619,22572,1,2024-07-27,1,7,195,886,7,20314,1,0
6620,22575,1,2025-05-16,1,1,95,418,1,20317,1,0
6621,22581,1,2026-07-13,1,4,155,701,4,20323,1,0
6622,22587,1,2024-01-07,1,7,195,887,7,20329,1,0
6623,22592,1,2024-10-30,1,27,284,1276,27,20333,1,0
6624,22593,1,2023-10-20,1,3,150,678,3,20334,1,0
6625,22598,1,2024-01-20,1,2,126,569,2,20338,1,0
6626,22599,1,2024-05-02,1,5,176,801,5,20340,1,0
6627,22605,1,2024-08-16,1,1,69,303,1,20344,1,0
6628,22615,1,2026-03-06,1,3,147,667,3,20354,1,0
6629,22615,1,2026-06-29,1,3,147,667,3,20355,1,0
6630,22616,1,2023-09-17,1,1,89,395,1,20356,1,0
6631,22619,1,2025-03-09,1,23,272,1222,23,20359,1,0
6632,22622,1,2023-10-07,1,22,270,1214,22,20362,1,0
6633,22635,1,2026-07-13,1,1,11,51,1,20371,1,0
6634,22641,1,2025-03-26,1,10,218,984,10,20380,1,0
6635,22641,1,2025-05-01,1,10,218,984,10,20381,1,0
6636,22643,1,2023-11-25,1,5,180,814,5,20382,1,0
6637,22644,1,2025-08-29,1,1,5,22,1,20383,1,0
6638,22650,1,2025-05-31,1,1,72,319,1,20388,1,0
6639,22650,1,2025-07-23,1,1,72,319,1,20389,1,0
6640,22656,1,2025-03-19,1,1,106,475,1,20393,1,0
6641,22656,1,2025-03-22,1,1,106,475,1,20394,1,0
6642,22656,1,2025-03-28,1,1,106,475,1,20395,1,0
6643,22662,1,2025-12-07,1,9,213,963,9,20404,1,1
6644,22669,1,2024-12-13,1,20,263,1182,20,20406,1,0
6645,22676,1,2023-09-18,1,3,142,645,3,20412,1,0
6646,22676,1,2023-10-01,1,3,142,645,3,20413,1,0
6647,22680,1,2023-06-09,1,1,47,208,1,20418,1,1
6648,22680,1,2023-05-25,1,1,47,208,1,20419,1,0
6649,22682,1,2024-04-20,1,4,155,702,4,20420,1,0
6650,22690,1,2025-08-07,1,2,125,565,2,20425,1,0
6651,22690,1,2025-12-08,1,2,125,565,2,20426,1,1
6652,22691,1,2026-03-11,1,7,198,898,7,20427,1,0
6653,22711,1,2024-02-08,1,2,135,610,2,20441,1,0
6654,22714,1,2025-05-24,1,29,291,1303,29,20444,1,0
6655,22716,1,2025-05-19,1,17,255,1152,17,20447,1,0
6656,22716,1,2025-06-19,1,17,255,1152,17,20448,1,0
6657,22717,1,2024-06-15,1,1,75,333,1,20449,1,0
6658,22718,1,2025-11-16,1,1,104,468,1,20450,1,0
6659,22718,1,2025-10-22,1,1,104,468,1,20451,1,0
6660,22720,1,2023-11-12,1,1,72,322,1,20452,1,0
6661,22720,1,2024-01-01,1,1,72,322,1,20453,1,0
6662,22740,1,2026-03-06,1,1,54,246,1,20470,1,0
6663,22754,1,2026-06-25,1,28,287,1284,28,20478,1,0
6664,22759,1,2025-12-09,1,1,11,50,1,20480,1,0
6665,22760,1,2026-02-05,1,15,243,1098,15,20481,1,0
6666,22765,1,2026-07-13,1,8,208,941,8,20484,1,1
6667,22771,1,2026-03-05,1,5,169,769,5,20488,1,0
6668,22773,1,2023-08-09,1,9,211,952,9,20490,1,0
6669,22776,1,2023-08-04,1,1,102,455,1,20491,1,0
6670,22776,1,2023-04-10,1,1,102,455,1,20492,1,0
6671,22779,1,2026-01-21,1,2,126,572,2,20494,1,0
6672,22780,1,2023-06-10,1,9,213,963,9,20496,1,0
6673,22783,1,2023-08-27,1,2,122,548,2,20499,1,0
6674,22786,1,2025-10-24,1,5,181,824,5,20502,1,0
6675,22786,1,2025-11-12,1,5,181,824,5,20503,1,0
6676,22794,1,2025-04-02,1,1,118,532,1,20506,1,0
6677,22795,1,2025-11-13,1,1,37,164,1,20508,1,0
6678,22796,1,2024-08-01,1,1,92,407,1,20509,1,0
6679,22796,1,2024-08-13,1,1,92,407,1,20510,1,0
6680,22799,1,2026-07-13,1,29,291,1303,29,20513,1,0
6681,22799,1,2026-05-15,1,29,291,1303,29,20514,1,0
6682,22809,1,2024-08-05,1,1,62,275,1,20523,1,0
6683,22817,1,2024-05-03,1,22,271,1220,22,20531,1,0
6684,22832,1,2023-08-31,1,3,147,667,3,20542,1,0
6685,22835,1,2025-03-24,1,1,102,455,1,20543,1,0
6686,22849,1,2023-10-16,1,21,267,1201,21,20550,1,0
6687,22861,1,2026-03-10,1,5,179,812,5,20563,1,0
6688,22861,1,2026-07-13,1,5,179,812,5,20564,1,0
6689,22862,1,2025-08-11,1,1,91,401,1,20565,1,0
6690,22862,1,2025-07-23,1,1,91,401,1,20566,1,0
6691,22862,1,2025-08-03,1,1,91,401,1,20567,1,0
6692,22864,1,2024-07-19,1,14,242,1095,14,20569,1,0
6693,22875,1,2023-03-20,1,7,194,881,7,20583,1,0
6694,22877,1,2025-09-03,1,13,233,1053,13,20584,1,0
6695,22884,1,2024-10-14,1,1,77,339,1,20591,1,0
6696,22887,1,2024-09-23,1,1,56,251,1,20594,1,0
6697,22891,1,2023-02-06,1,11,225,1018,11,20601,1,0
6698,22902,1,2026-03-11,1,6,190,863,6,20609,1,0
6699,22902,1,2026-04-06,1,6,190,863,6,20610,1,0
6700,22902,1,2026-02-25,1,6,190,863,6,20611,1,0
6701,22909,1,2024-07-11,1,1,56,252,1,20618,1,0
6702,22923,1,2023-12-05,1,2,126,570,2,20634,1,0
6703,22926,1,2025-09-15,1,27,284,1277,27,20636,1,0
6704,22933,1,2025-11-14,1,1,10,44,1,20641,1,0
6705,22935,1,2026-07-09,1,3,146,661,3,20643,1,0
6706,22939,1,2023-03-23,1,1,107,482,1,20646,1,0
6707,22943,1,2023-06-18,1,13,233,1055,13,20648,1,0
6708,22944,1,2024-01-16,1,1,76,338,1,20649,1,0
6709,22950,1,2025-01-22,1,5,174,793,5,20654,1,0
6710,22953,1,2024-12-09,1,1,27,119,1,20658,1,0
6711,22955,1,2024-07-31,1,4,165,742,4,20660,1,0
6712,22955,1,2024-05-15,1,4,165,742,4,20661,1,0
6713,22957,1,2025-08-11,1,2,135,610,2,20663,1,0
6714,22958,1,2025-04-30,1,1,73,323,1,20664,1,0
6715,22959,1,2024-06-10,1,19,261,1176,19,20665,1,0
6716,22970,1,2024-01-07,1,17,252,1141,17,20676,1,0
6717,22971,1,2023-06-10,1,11,226,1021,11,20677,1,0
6718,22985,1,2024-03-10,1,26,283,1274,26,20692,1,0
6719,22985,1,2024-03-26,1,26,283,1274,26,20693,1,0
6720,22985,1,2024-04-04,1,26,283,1274,26,20694,1,0
6721,22986,1,2026-01-06,1,1,112,505,1,20695,1,0
6722,22987,1,2025-06-04,1,22,271,1218,22,20697,1,0
6723,22990,1,2024-04-21,1,6,185,838,6,20699,1,0
6724,22998,1,2026-04-18,1,1,16,69,1,20704,1,0
6725,23001,1,2025-03-05,1,7,199,899,7,20705,1,0
6726,23003,1,2025-12-24,1,13,233,1052,13,20706,1,0
6727,23005,1,2024-11-07,1,3,148,670,3,20707,1,0
6728,23010,1,2024-08-06,1,9,213,959,9,20711,1,0
6729,23011,1,2025-06-28,1,4,161,729,4,20712,1,0
6730,23012,1,2024-06-19,1,1,47,207,1,20713,1,0
6731,23017,1,2025-08-22,1,1,71,312,1,20717,1,0
6732,23020,1,2024-11-18,1,12,228,1030,12,20718,1,0
6733,23024,1,2025-03-21,1,3,144,654,3,20722,1,0
6734,23026,1,2024-04-11,1,24,275,1233,24,20723,1,0
6735,23030,1,2023-12-18,1,5,168,760,5,20726,1,0
6736,23034,1,2026-01-05,1,1,6,26,1,20731,1,0
6737,23034,1,2025-12-07,1,1,6,26,1,20732,1,0
6738,23036,1,2026-06-16,1,1,117,529,1,20735,1,0
6739,23038,1,2024-07-01,1,16,248,1120,16,20738,1,1
6740,23040,1,2026-04-24,1,14,239,1081,14,20739,1,0
6741,23045,1,2025-11-01,1,1,2,6,1,20743,1,0
6742,23046,1,2025-08-27,1,1,17,74,1,20744,1,0
6743,23046,1,2025-08-13,1,1,17,74,1,20745,1,0
6744,23046,1,2025-04-30,1,1,17,74,1,20746,1,0
6745,23052,1,2024-05-11,1,6,182,827,6,20750,1,0
6746,23056,1,2024-05-30,1,21,266,1198,21,20751,1,0
6747,23062,1,2026-01-14,1,3,143,650,3,20758,1,0
6748,23068,1,2024-11-28,1,1,83,365,1,20762,1,0
6749,23071,1,2023-12-01,1,1,68,299,1,20763,1,0
6750,23071,1,2023-12-08,1,1,68,299,1,20764,1,0
6751,23073,1,2025-06-14,1,13,234,1057,13,20767,1,0
6752,23073,1,2025-05-24,1,13,234,1057,13,20768,1,0
6753,23093,1,2023-08-27,1,1,29,126,1,20785,1,0
6754,23099,1,2023-06-07,1,25,280,1258,25,20792,1,0
6755,23100,1,2024-04-10,1,5,172,784,5,20793,1,0
6756,23100,1,2024-05-24,1,5,172,784,5,20794,1,0
6757,23111,1,2024-03-23,1,15,247,1118,15,20797,1,0
6758,23119,1,2024-07-01,1,3,152,692,3,20805,1,0
6759,23133,1,2024-12-10,1,31,298,1335,31,20815,1,0
6760,23133,1,2024-10-09,1,31,298,1335,31,20816,1,0
6761,23137,1,2024-11-24,1,18,259,1170,18,20817,1,0
6762,23137,1,2024-11-18,1,18,259,1170,18,20818,1,0
6763,23142,1,2025-09-25,1,1,9,39,1,20820,1,0
6764,23142,1,2025-11-12,1,1,9,39,1,20821,1,0
6765,23154,1,2024-05-14,1,1,12,54,1,20827,1,0
6766,23172,1,2023-08-05,1,1,66,294,1,20840,1,0
6767,23174,1,2023-12-13,1,1,75,335,1,20841,1,0
6768,23177,1,2023-12-29,1,9,211,950,9,20848,1,0
6769,23192,1,2023-09-14,1,1,49,223,1,20859,1,0
6770,23194,1,2026-06-14,1,19,261,1178,19,20862,1,0
6771,23194,1,2026-06-26,1,19,261,1178,19,20863,1,0
6772,23195,1,2025-06-30,1,15,245,1109,15,20864,1,0
6773,23200,1,2024-12-23,1,1,21,91,1,20868,1,0
6774,23209,1,2025-06-25,1,31,297,1330,31,20876,1,0
6775,23223,1,2024-07-01,1,3,145,657,3,20892,1,0
6776,23223,1,2024-07-02,1,3,145,657,3,20893,1,0
6777,23223,1,2024-04-29,1,3,145,657,3,20894,1,0
6778,23225,1,2025-01-08,1,3,147,666,3,20895,1,0
6779,23232,1,2026-03-30,1,1,97,429,1,20899,1,0
6780,23236,1,2025-01-10,1,1,74,329,1,20904,1,0
6781,23239,1,2026-02-05,1,1,76,336,1,20905,1,0
6782,23239,1,2026-03-20,1,1,76,336,1,20906,1,0
6783,23247,1,2025-11-30,1,1,75,334,1,20912,1,0
6784,23248,1,2025-11-04,1,19,260,1175,19,20913,1,0
6785,23258,1,2026-01-09,1,1,22,95,1,20919,1,0
6786,23265,1,2024-03-28,1,1,16,69,1,20924,1,0
6787,23269,1,2024-02-04,1,8,208,940,8,20927,1,0
6788,23271,1,2023-12-19,1,1,18,81,1,20929,1,0
6789,23276,1,2023-05-14,1,1,94,415,1,20932,1,0
6790,23276,1,2023-05-06,1,1,94,415,1,20934,1,0
6791,23277,1,2024-10-25,1,4,157,713,4,20935,1,0
6792,23277,1,2024-09-23,1,4,157,713,4,20936,1,0
6793,23278,1,2024-10-23,1,1,61,272,1,20937,1,0
6794,23289,1,2024-02-18,1,15,246,1111,15,20944,1,0
6795,23299,1,2025-01-29,1,1,87,387,1,20948,1,0
6796,23310,1,2026-07-13,1,1,107,482,1,20957,1,0
6797,23310,1,2026-07-13,1,1,107,482,1,20958,1,0
6798,23317,1,2024-11-09,1,12,231,1045,12,20961,1,0
6799,23317,1,2024-10-23,1,12,231,1045,12,20962,1,0
6800,23325,1,2026-05-13,1,6,182,826,6,20968,1,0
6801,23325,1,2026-04-08,1,6,182,826,6,20969,1,0
6802,23346,1,2024-12-01,1,9,212,954,9,20991,1,0
6803,23350,1,2024-01-22,1,22,270,1211,22,20994,1,0
6804,23351,1,2023-10-08,1,23,273,1225,23,20995,1,0
6805,23359,1,2026-05-05,1,14,239,1078,14,21003,1,0
6806,23359,1,2026-06-27,1,14,239,1078,14,21004,1,0
6807,23367,1,2025-01-09,1,1,13,57,1,21007,1,0
6808,23370,1,2025-12-26,1,18,257,1160,18,21009,1,0
6809,23370,1,2026-01-04,1,18,257,1160,18,21010,1,0
6810,23371,1,2023-10-01,1,1,19,82,1,21011,1,0
6811,23372,1,2023-05-25,1,1,6,25,1,21012,1,0
6812,23373,1,2024-10-26,1,4,160,722,4,21013,1,0
6813,23383,1,2024-05-10,1,23,272,1221,23,21025,1,0
6814,23383,1,2024-05-09,1,23,272,1221,23,21026,1,0
6815,23387,1,2026-06-05,1,1,63,283,1,21028,1,0
6816,23387,1,2026-04-20,1,1,63,283,1,21029,1,0
6817,23387,1,2026-05-29,1,1,63,283,1,21030,1,0
6818,23397,1,2025-09-21,1,1,56,254,1,21037,1,0
6819,23397,1,2025-09-05,1,1,56,254,1,21038,1,0
6820,23403,1,2024-07-27,1,1,26,116,1,21043,1,0
6821,23405,1,2023-04-18,1,4,156,708,4,21044,1,0
6822,23405,1,2023-04-19,1,4,156,708,4,21045,1,0
6823,23405,1,2023-04-03,1,4,156,708,4,21046,1,0
6824,23408,1,2023-06-10,1,3,137,619,3,21048,1,0
6825,23411,1,2026-07-13,1,7,193,877,7,21053,1,0
6826,23411,1,2026-07-13,1,7,193,877,7,21054,1,0
6827,23411,1,2026-07-13,1,7,193,877,7,21055,1,0
6828,23416,1,2026-03-06,1,1,56,254,1,21057,1,0
6829,23417,1,2026-07-13,1,1,120,541,1,21058,1,0
6830,23420,1,2025-01-16,1,5,180,818,5,21061,1,0
6831,23425,1,2025-04-05,1,29,291,1304,29,21063,1,0
6832,23425,1,2025-04-03,1,29,291,1304,29,21064,1,0
6833,23425,1,2025-04-03,1,29,291,1304,29,21065,1,0
6834,23426,1,2024-04-15,1,5,171,780,5,21066,1,0
6835,23426,1,2024-06-08,1,5,171,780,5,21067,1,0
6836,23426,1,2024-05-15,1,5,171,780,5,21068,1,0
6837,23432,1,2026-05-05,1,11,226,1021,11,21071,1,0
6838,23437,1,2024-05-08,1,1,76,338,1,21080,1,0
6839,23437,1,2024-01-07,1,1,76,338,1,21081,1,0
6840,23439,1,2023-02-12,1,1,3,8,1,21083,1,0
6841,23446,1,2023-01-26,1,1,28,124,1,21088,1,0
6842,23446,1,2023-02-16,1,1,28,124,1,21090,1,0
6843,23448,1,2025-08-08,1,1,19,84,1,21092,1,0
6844,23448,1,2025-08-26,1,1,19,84,1,21093,1,0
6845,23451,1,2023-12-22,1,8,203,920,8,21097,1,0
6846,23458,1,2024-02-15,1,1,83,369,1,21101,1,0
6847,23481,1,2026-06-29,1,1,23,98,1,21115,1,0
6848,23486,1,2024-03-16,1,1,67,297,1,21119,1,0
6849,23486,1,2024-03-17,1,1,67,297,1,21120,1,0
6850,23494,1,2024-11-21,1,1,16,70,1,21125,1,0
6851,23494,1,2025-01-04,1,1,16,70,1,21126,1,1
6852,23503,1,2026-07-13,1,1,57,255,1,21133,1,0
6853,23507,1,2024-10-13,1,6,182,825,6,21136,1,0
6854,23513,1,2026-02-13,1,1,42,187,1,21140,1,0
6855,23515,1,2024-10-14,1,16,250,1129,16,21141,1,0
6856,23516,1,2024-02-20,1,1,9,39,1,21142,1,0
6857,23516,1,2024-04-23,1,1,9,39,1,21143,1,0
6858,23516,1,2024-01-05,1,1,9,39,1,21144,1,0
6859,23519,1,2026-04-26,1,10,219,989,10,21145,1,0
6860,23522,1,2024-02-03,1,4,165,743,4,21147,1,0
6861,23523,1,2025-11-01,1,1,1,3,1,21148,1,0
6862,23528,1,2026-01-15,1,3,145,656,3,21150,1,0
6863,23528,1,2026-02-02,1,3,145,656,3,21151,1,0
6864,23530,1,2023-09-19,1,22,270,1211,22,21153,1,0
6865,23541,1,2024-06-29,1,1,11,52,1,21158,1,0
6866,23541,1,2024-09-17,1,1,11,52,1,21159,1,0
6867,23541,1,2024-07-01,1,1,11,52,1,21160,1,0
6868,23562,1,2024-10-08,1,1,5,21,1,21180,1,0
6869,23562,1,2025-01-03,1,1,5,21,1,21181,1,0
6870,23562,1,2024-10-22,1,1,5,21,1,21182,1,0
6871,23564,1,2023-07-13,1,2,129,586,2,21183,1,0
6872,23565,1,2025-01-02,1,4,161,728,4,21184,1,0
6873,23571,1,2023-05-30,1,19,261,1178,19,21189,1,0
6874,23571,1,2023-09-06,1,19,261,1178,19,21190,1,0
6875,23574,1,2024-10-21,1,1,109,492,1,21194,1,0
6876,23574,1,2024-08-08,1,1,109,492,1,21195,1,0
6877,23578,1,2025-04-15,1,3,140,634,3,21198,1,0
6878,23578,1,2025-06-27,1,3,140,634,3,21199,1,0
6879,23581,1,2026-01-13,1,4,159,721,4,21201,1,0
6880,23585,1,2025-03-08,1,1,40,177,1,21205,1,0
6881,23585,1,2025-02-01,1,1,40,177,1,21206,1,0
6882,23591,1,2023-05-07,1,5,177,802,5,21215,1,0
6883,23591,1,2023-07-09,1,5,177,802,5,21216,1,0
6884,23593,1,2025-04-23,1,1,44,195,1,21217,1,0
6885,23593,1,2025-05-12,1,1,44,195,1,21218,1,0
6886,23598,1,2026-07-13,1,8,204,923,8,21221,1,0
6887,23607,1,2026-07-13,1,14,239,1081,14,21227,1,0
6888,23609,1,2025-09-12,1,1,116,523,1,21230,1,0
6889,23609,1,2025-08-26,1,1,116,523,1,21231,1,0
6890,23613,1,2023-10-21,1,9,215,968,9,21239,1,0
6891,23613,1,2023-10-27,1,9,215,968,9,21240,1,0
6892,23626,1,2026-05-02,1,14,238,1075,14,21247,1,0
6893,23627,1,2025-04-06,1,23,274,1229,23,21248,1,0
6894,23629,1,2024-12-05,1,17,253,1143,17,21250,1,0
6895,23629,1,2025-04-03,1,17,253,1143,17,21251,1,0
6896,23630,1,2024-01-09,1,1,113,507,1,21253,1,0
6897,23640,1,2026-04-19,1,10,216,975,10,21259,1,0
6898,23642,1,2023-06-30,1,2,127,578,2,21260,1,0
6899,23643,1,2023-05-26,1,3,146,659,3,21261,1,0
6900,23643,1,2023-10-05,1,3,146,659,3,21262,1,0
6901,23644,1,2024-09-04,1,13,233,1054,13,21263,1,0
6902,23646,1,2023-05-06,1,2,122,547,2,21264,1,0
6903,23646,1,2023-03-16,1,2,122,547,2,21265,1,0
6904,23651,1,2024-02-01,1,1,46,206,1,21269,1,0
6905,23657,1,2024-03-19,1,12,232,1050,12,21275,1,0
6906,23660,1,2024-01-10,1,30,294,1316,30,21280,1,0
6907,23667,1,2024-09-24,1,1,2,7,1,21282,1,0
6908,23667,1,2024-10-07,1,1,2,7,1,21283,1,0
6909,23668,1,2023-11-29,1,20,264,1188,20,21285,1,0
6910,23679,1,2025-06-18,1,30,293,1312,30,21288,1,0
6911,23679,1,2025-06-13,1,30,293,1312,30,21289,1,0
6912,23681,1,2025-05-07,1,26,281,1262,26,21292,1,0
6913,23681,1,2025-03-13,1,26,281,1262,26,21293,1,0
6914,23683,1,2026-07-13,1,23,272,1223,23,21295,1,0
6915,23685,1,2025-04-23,1,1,99,441,1,21297,1,0
6916,23685,1,2025-03-29,1,1,99,441,1,21298,1,0
6917,23686,1,2025-02-08,1,1,6,27,1,21299,1,0
6918,23686,1,2025-02-02,1,1,6,27,1,21300,1,0
6919,23702,1,2024-11-01,1,4,157,714,4,21310,1,0
6920,23722,1,2023-12-04,1,23,273,1226,23,21321,1,0
6921,23722,1,2023-10-05,1,23,273,1226,23,21322,1,0
6922,23726,1,2025-04-18,1,1,13,58,1,21327,1,0
6923,23726,1,2025-04-14,1,1,13,58,1,21328,1,0
6924,23727,1,2024-06-03,1,1,105,473,1,21330,1,0
6925,23738,1,2024-11-07,1,1,41,184,1,21337,1,0
6926,23743,1,2026-02-18,1,2,126,570,2,21341,1,0
6927,23750,1,2025-08-16,1,7,191,870,7,21347,1,0
6928,23752,1,2024-02-26,1,1,29,131,1,21348,1,0
6929,23763,1,2023-04-01,1,29,290,1300,29,21357,1,0
6930,23765,1,2025-02-04,1,1,119,538,1,21358,1,0
6931,23770,1,2026-01-04,1,11,227,1025,11,21363,1,0
6932,23776,1,2026-01-03,1,6,183,828,6,21367,1,0
6933,23778,1,2025-10-30,1,2,121,543,2,21368,1,0
6934,23779,1,2025-12-27,1,1,92,405,1,21369,1,0
6935,23779,1,2026-02-04,1,1,92,405,1,21370,1,0
6936,23790,1,2025-01-01,1,10,216,973,10,21383,1,0
6937,23792,1,2026-05-27,1,3,139,632,3,21385,1,0
6938,23794,1,2023-10-07,1,1,65,289,1,21387,1,0
6939,23794,1,2023-10-12,1,1,65,289,1,21388,1,0
6940,23794,1,2023-07-21,1,1,65,289,1,21389,1,0
6941,23803,1,2025-09-25,1,24,275,1233,24,21400,1,0
6942,23804,1,2025-10-16,1,1,2,5,1,21401,1,1
6943,23804,1,2025-05-30,1,1,2,5,1,21402,1,0
6944,23809,1,2024-02-29,1,1,9,40,1,21406,1,0
6945,23811,1,2025-08-29,1,29,291,1304,29,21407,1,0
6946,23811,1,2025-09-03,1,29,291,1304,29,21408,1,0
6947,23811,1,2025-08-19,1,29,291,1304,29,21409,1,0
6948,23818,1,2026-07-13,1,3,137,620,3,21414,1,0
6949,23823,1,2024-09-27,1,10,218,985,10,21422,1,0
6950,23823,1,2024-07-26,1,10,218,985,10,21423,1,0
6951,23824,1,2025-10-11,1,3,150,677,3,21424,1,0
6952,23831,1,2025-08-03,1,5,178,807,5,21434,1,0
6953,23833,1,2025-05-16,1,23,274,1228,23,21436,1,0
6954,23849,1,2025-03-07,1,1,94,416,1,21449,1,0
6955,23854,1,2023-11-29,1,22,270,1211,22,21451,1,0
6956,23862,1,2025-12-23,1,11,227,1027,11,21459,1,0
6957,23868,1,2023-10-21,1,1,45,201,1,21463,1,0
6958,23874,1,2024-07-08,1,18,258,1165,18,21469,1,0
6959,23888,1,2025-10-04,1,1,87,386,1,21481,1,0
6960,23900,1,2023-02-11,1,1,29,131,1,21488,1,0
6961,23900,1,2023-03-21,1,1,29,131,1,21489,1,0
6962,23906,1,2026-01-05,1,3,150,680,3,21492,1,0
6963,23906,1,2026-01-07,1,3,150,680,3,21493,1,0
6964,23911,1,2025-02-18,1,19,261,1176,19,21497,1,0
6965,23911,1,2025-02-10,1,19,261,1176,19,21498,1,0
6966,23912,1,2026-07-13,1,1,78,345,1,21499,1,0
6967,23912,1,2026-07-13,1,1,78,345,1,21500,1,0
6968,23913,1,2025-02-25,1,15,243,1100,15,21501,1,0
6969,23914,1,2023-12-28,1,8,209,943,8,21502,1,0
6970,23915,1,2024-06-07,1,1,106,476,1,21503,1,0
6971,23927,1,2026-07-10,1,2,131,592,2,21515,1,0
6972,23929,1,2025-08-09,1,1,45,199,1,21517,1,0
6973,23941,1,2026-07-13,1,1,85,376,1,21531,1,0
6974,23943,1,2025-02-27,1,9,210,949,9,21534,1,0
6975,23943,1,2025-03-08,1,9,210,949,9,21536,1,0
6976,23947,1,2024-03-07,1,1,104,466,1,21540,1,0
6977,23950,1,2026-06-17,1,22,269,1209,22,21544,1,0
6978,23957,1,2024-08-28,1,4,164,739,4,21547,1,0
6979,23957,1,2024-11-12,1,4,164,739,4,21548,1,0
6980,23968,1,2024-06-19,1,3,153,695,3,21551,1,0
6981,23972,1,2023-10-12,1,1,77,341,1,21553,1,0
6982,23972,1,2023-10-07,1,1,77,341,1,21555,1,0
6983,23981,1,2023-12-10,1,1,58,259,1,21564,1,0
6984,23981,1,2024-01-17,1,1,58,259,1,21565,1,0
6985,23987,1,2024-05-02,1,22,270,1214,22,21570,1,0
6986,23989,1,2023-11-08,1,1,90,398,1,21572,1,0
6987,23990,1,2024-11-01,1,1,70,309,1,21573,1,0
6988,23999,1,2023-05-31,1,1,8,33,1,21578,1,0
6989,24002,1,2024-12-27,1,10,218,985,10,21580,1,0
6990,24004,1,2026-04-14,1,11,224,1014,11,21581,1,0
6991,24005,1,2025-11-02,1,27,286,1282,27,21582,1,0
6992,24006,1,2025-03-15,1,4,159,720,4,21584,1,0
6993,24014,1,2025-12-03,1,1,113,510,1,21586,1,0
6994,24019,1,2024-06-29,1,1,66,294,1,21588,1,0
6995,24032,1,2025-08-17,1,3,151,682,3,21599,1,0
6996,24032,1,2025-07-01,1,3,151,682,3,21600,1,0
6997,24036,1,2025-09-22,1,1,108,484,1,21604,1,0
6998,24036,1,2025-08-30,1,1,108,484,1,21606,1,0
6999,24038,1,2026-02-23,1,7,197,894,7,21608,1,0
7000,24043,1,2024-12-28,1,2,135,611,2,21614,1,0
7001,24047,1,2026-07-13,1,4,164,739,4,21615,1,0
7002,24050,1,2024-06-25,1,9,213,959,9,21618,1,0
7003,24050,1,2024-04-13,1,9,213,959,9,21619,1,0
7004,24052,1,2025-10-30,1,3,148,671,3,21621,1,0
7005,24055,1,2025-05-24,1,1,10,48,1,21623,1,0
7006,24059,1,2025-01-19,1,13,237,1074,13,21628,1,0
7007,24062,1,2025-09-11,1,1,93,408,1,21629,1,0
7008,24064,1,2026-05-05,1,17,253,1142,17,21632,1,0
7009,24065,1,2025-11-18,1,4,161,727,4,21634,1,0
7010,24069,1,2025-08-10,1,1,54,244,1,21637,1,1
7011,24069,1,2025-08-24,1,1,54,244,1,21638,1,0
7012,24074,1,2026-01-31,1,16,248,1121,16,21642,1,0
7013,24076,1,2026-05-25,1,21,266,1196,21,21645,1,0
7014,24086,1,2026-02-14,1,26,281,1263,26,21653,1,0
7015,24090,1,2026-04-03,1,5,175,797,5,21658,1,0
7016,24105,1,2024-05-01,1,24,276,1240,24,21672,1,0
7017,24105,1,2024-03-01,1,24,276,1240,24,21673,1,0
7018,24106,1,2025-10-29,1,1,36,159,1,21674,1,0
7019,24113,1,2024-11-23,1,9,214,965,9,21679,1,0
7020,24119,1,2026-01-25,1,1,23,100,1,21683,1,0
7021,24125,1,2023-12-16,1,1,39,172,1,21690,1,0
7022,24127,1,2025-08-06,1,4,156,709,4,21694,1,0
7023,24128,1,2025-08-05,1,5,181,822,5,21695,1,0
7024,24134,1,2023-08-28,1,30,294,1315,30,21698,1,0
7025,24142,1,2026-04-28,1,1,42,187,1,21705,1,0
7026,24142,1,2026-04-21,1,1,42,187,1,21706,1,0
7027,24144,1,2026-02-02,1,1,87,388,1,21707,1,0
7028,24145,1,2025-09-11,1,1,25,108,1,21708,1,0
7029,24145,1,2025-08-25,1,1,25,108,1,21709,1,0
7030,24147,1,2023-07-07,1,15,245,1108,15,21710,1,0
7031,24147,1,2023-07-30,1,15,245,1108,15,21711,1,0
7032,24149,1,2023-02-21,1,1,50,227,1,21713,1,0
7033,24161,1,2025-11-05,1,1,17,73,1,21725,1,0
7034,24163,1,2024-12-03,1,13,236,1067,13,21728,1,0
7035,24163,1,2024-12-01,1,13,236,1067,13,21729,1,0
7036,24164,1,2025-12-17,1,23,274,1230,23,21730,1,0
7037,24164,1,2025-12-24,1,23,274,1230,23,21731,1,0
7038,24164,1,2026-01-10,1,23,274,1230,23,21732,1,0
7039,24172,1,2025-05-19,1,6,187,850,6,21736,1,0
7040,24173,1,2025-06-12,1,1,2,7,1,21737,1,0
7041,24175,1,2023-06-19,1,3,142,647,3,21740,1,0
7042,24176,1,2026-06-11,1,10,217,981,10,21741,1,0
7043,24179,1,2024-08-30,1,12,229,1036,12,21742,1,0
7044,24180,1,2025-11-16,1,17,252,1140,17,21743,1,0
7045,24183,1,2024-12-22,1,3,141,642,3,21744,1,0
7046,24183,1,2025-03-19,1,3,141,642,3,21745,1,0
7047,24187,1,2024-04-12,1,1,95,417,1,21746,1,0
7048,24187,1,2024-07-02,1,1,95,417,1,21747,1,0
7049,24192,1,2026-07-13,1,9,213,960,9,21752,1,0
7050,24201,1,2026-03-28,1,4,158,716,4,21757,1,0
7051,24201,1,2026-02-05,1,4,158,716,4,21758,1,0
7052,24211,1,2026-01-08,1,26,281,1263,26,21770,1,0
7053,24220,1,2024-11-24,1,1,20,88,1,21775,1,0
7054,24220,1,2024-10-13,1,1,20,88,1,21777,1,0
7055,24228,1,2024-11-05,1,1,1,1,1,21787,1,0
7056,24229,1,2024-04-28,1,1,56,253,1,21788,1,0
7057,24241,1,2024-09-27,1,19,262,1179,19,21796,1,0
7058,24244,1,2024-09-27,1,1,95,419,1,21798,1,0
7059,24250,1,2023-05-11,1,1,107,479,1,21804,1,0
7060,24251,1,2023-05-25,1,7,191,868,7,21806,1,0
7061,24251,1,2023-04-10,1,7,191,868,7,21807,1,0
7062,24252,1,2023-10-04,1,3,146,659,3,21810,1,0
7063,24253,1,2026-07-13,1,1,63,281,1,21811,1,0
7064,24255,1,2024-09-28,1,1,43,190,1,21813,1,0
7065,24255,1,2024-11-24,1,1,43,190,1,21814,1,0
7066,24260,1,2023-09-16,1,11,227,1026,11,21817,1,0
7067,24262,1,2026-05-03,1,25,280,1255,25,21818,1,0
7068,24274,1,2025-08-08,1,1,45,201,1,21823,1,0
7069,24275,1,2024-05-19,1,1,118,533,1,21825,1,0
7070,24281,1,2024-01-15,1,5,181,821,5,21829,1,0
7071,24281,1,2024-02-04,1,5,181,821,5,21830,1,1
7072,24283,1,2025-06-11,1,6,182,826,6,21831,1,0
7073,24285,1,2026-03-21,1,1,51,232,1,21835,1,0
7074,24298,1,2024-04-30,1,4,158,718,4,21843,1,0
7075,24298,1,2024-04-14,1,4,158,718,4,21844,1,0
7076,24298,1,2024-04-27,1,4,158,718,4,21845,1,0
7077,24299,1,2026-07-13,1,2,135,612,2,21846,1,0
7078,24305,1,2025-11-21,1,13,236,1066,13,21852,1,0
7079,24306,1,2025-02-18,1,13,236,1067,13,21853,1,0
7080,24306,1,2025-05-21,1,13,236,1067,13,21854,1,0
7081,24306,1,2025-01-09,1,13,236,1067,13,21855,1,0
7082,24309,1,2023-08-08,1,3,149,674,3,21857,1,0
7083,24309,1,2023-08-13,1,3,149,674,3,21858,1,0
7084,24313,1,2023-07-02,1,28,288,1291,28,21863,1,0
7085,24313,1,2023-04-23,1,28,288,1291,28,21865,1,0
7086,24316,1,2023-09-06,1,4,166,752,4,21867,1,0
7087,24319,1,2024-10-24,1,5,181,820,5,21868,1,0
7088,24319,1,2024-12-10,1,5,181,820,5,21869,1,0
7089,24320,1,2026-05-14,1,23,272,1223,23,21870,1,0
7090,24320,1,2026-02-11,1,23,272,1223,23,21872,1,0
7091,24322,1,2025-01-03,1,1,11,49,1,21874,1,0
7092,24328,1,2026-04-15,1,1,72,320,1,21877,1,0
7093,24336,1,2026-03-12,1,1,61,271,1,21885,1,0
7094,24339,1,2024-05-19,1,6,183,829,6,21887,1,0
7095,24360,1,2024-09-25,1,4,164,741,4,21905,1,0
7096,24369,1,2023-08-15,1,1,90,398,1,21911,1,0
7097,24373,1,2024-04-14,1,1,57,255,1,21914,1,0
7098,24373,1,2024-04-19,1,1,57,255,1,21915,1,0
7099,24377,1,2023-10-05,1,1,67,297,1,21920,1,0
7100,24391,1,2023-12-23,1,2,130,588,2,21936,1,0
7101,24396,1,2024-11-21,1,1,55,250,1,21941,1,0
7102,24397,1,2023-10-20,1,1,6,26,1,21942,1,0
7103,24397,1,2023-10-26,1,1,6,26,1,21943,1,0
7104,24401,1,2026-02-21,1,19,262,1181,19,21948,1,0
7105,24403,1,2026-02-13,1,5,178,805,5,21952,1,0
7106,24406,1,2024-08-06,1,4,155,704,4,21953,1,0
7107,24406,1,2024-06-17,1,4,155,704,4,21954,1,0
7108,24410,1,2025-04-29,1,8,205,926,8,21957,1,0
7109,24410,1,2025-06-19,1,8,205,926,8,21958,1,0
7110,24416,1,2025-11-19,1,3,139,631,3,21964,1,0
7111,24418,1,2025-10-24,1,1,64,285,1,21965,1,0
7112,24421,1,2024-12-22,1,1,24,105,1,21970,1,0
7113,24421,1,2025-05-18,1,1,24,105,1,21971,1,0
7114,24434,1,2026-02-24,1,2,126,572,2,21978,1,0
7115,24441,1,2024-11-01,1,3,144,653,3,21982,1,0
7116,24443,1,2024-06-02,1,3,148,672,3,21984,1,0
7117,24450,1,2023-07-03,1,1,76,338,1,21990,1,0
7118,24450,1,2023-08-21,1,1,76,338,1,21991,1,0
7119,24450,1,2023-10-11,1,1,76,338,1,21992,1,0
7120,24467,1,2023-12-13,1,11,223,1010,11,22012,1,0
7121,24467,1,2023-12-31,1,11,223,1010,11,22013,1,0
7122,24467,1,2023-12-22,1,11,223,1010,11,22014,1,0
7123,24474,1,2024-06-05,1,27,285,1278,27,22019,1,0
7124,24474,1,2024-05-23,1,27,285,1278,27,22020,1,0
7125,24475,1,2023-02-15,1,4,162,733,4,22021,1,1
7126,24475,1,2023-02-10,1,4,162,733,4,22022,1,0
7127,24476,1,2025-03-05,1,7,192,871,7,22023,1,0
7128,24476,1,2025-01-18,1,7,192,871,7,22024,1,0
7129,24476,1,2025-01-27,1,7,192,871,7,22025,1,0
7130,24479,1,2025-11-17,1,1,21,92,1,22027,1,0
7131,24490,1,2026-07-13,1,11,224,1017,11,22035,1,0
7132,24490,1,2026-07-13,1,11,224,1017,11,22036,1,0
7133,24490,1,2026-07-13,1,11,224,1017,11,22037,1,0
7134,24491,1,2024-12-07,1,1,98,435,1,22038,1,0
7135,24494,1,2024-06-18,1,1,5,20,1,22041,1,0
7136,24495,1,2023-05-21,1,1,95,418,1,22042,1,0
7137,24504,1,2026-01-02,1,1,5,22,1,22046,1,0
7138,24510,1,2026-02-08,1,1,117,525,1,22055,1,0
7139,24515,1,2026-02-16,1,1,68,301,1,22060,1,0
7140,24519,1,2023-04-15,1,6,190,866,6,22062,1,0
7141,24519,1,2023-05-01,1,6,190,866,6,22063,1,0
7142,24520,1,2024-06-08,1,29,291,1303,29,22064,1,0
7143,24520,1,2024-04-29,1,29,291,1303,29,22065,1,0
7144,24541,1,2025-08-30,1,1,59,261,1,22080,1,0
7145,24542,1,2025-01-10,1,9,213,961,9,22081,1,0
7146,24542,1,2025-01-13,1,9,213,961,9,22082,1,0
7147,24549,1,2026-07-13,1,1,48,212,1,22085,1,0
7148,24553,1,2025-08-21,1,1,81,356,1,22089,1,0
7149,24557,1,2024-12-11,1,7,198,898,7,22091,1,0
7150,24557,1,2024-08-17,1,7,198,898,7,22093,1,0
7151,24562,1,2024-11-13,1,28,289,1295,28,22098,1,0
7152,24571,1,2024-10-19,1,11,227,1027,11,22106,1,0
7153,24571,1,2024-05-31,1,11,227,1027,11,22107,1,0
7154,24577,1,2023-10-25,1,1,120,540,1,22111,1,0
7155,24578,1,2025-05-22,1,2,126,570,2,22112,1,0
7156,24578,1,2025-05-08,1,2,126,570,2,22113,1,1
7157,24585,1,2024-11-13,1,2,126,568,2,22120,1,0
7158,24602,1,2023-05-18,1,7,193,877,7,22133,1,0
7159,24606,1,2023-07-04,1,1,38,167,1,22139,1,0
7160,24608,1,2023-08-13,1,1,32,140,1,22140,1,0
7161,24608,1,2023-09-08,1,1,32,140,1,22141,1,0
7162,24616,1,2025-04-11,1,30,295,1320,30,22148,1,0
7163,24616,1,2025-04-05,1,30,295,1320,30,22149,1,0
7164,24621,1,2023-12-16,1,7,191,867,7,22158,1,0
7165,24622,1,2025-04-05,1,1,43,188,1,22159,1,0
7166,24632,1,2024-12-16,1,1,32,140,1,22174,1,0
7167,24632,1,2024-10-18,1,1,32,140,1,22175,1,0
7168,24634,1,2024-01-31,1,26,282,1267,26,22177,1,0
7169,24649,1,2023-11-26,1,1,76,336,1,22186,1,0
7170,24660,1,2024-02-06,1,11,226,1023,11,22196,1,0
7171,24660,1,2024-01-27,1,11,226,1023,11,22197,1,0
7172,24677,1,2026-04-21,1,9,213,962,9,22208,1,0
7173,24677,1,2026-06-03,1,9,213,962,9,22209,1,0
7174,24680,1,2024-01-06,1,11,224,1015,11,22212,1,0
7175,24680,1,2024-01-09,1,11,224,1015,11,22213,1,0
7176,24681,1,2024-12-08,1,24,277,1246,24,22214,1,0
7177,24681,1,2024-11-21,1,24,277,1246,24,22215,1,1
7178,24690,1,2026-05-07,1,1,114,514,1,22221,1,0
7179,24695,1,2024-08-15,1,1,16,69,1,22226,1,0
7180,24695,1,2024-08-10,1,1,16,69,1,22227,1,0
7181,24701,1,2026-05-13,1,1,19,84,1,22230,1,0
7182,24702,1,2025-06-02,1,1,93,411,1,22231,1,0
7183,24703,1,2024-08-24,1,4,158,715,4,22233,1,0
7184,24706,1,2024-01-16,1,1,37,164,1,22235,1,0
7185,24707,1,2024-12-08,1,1,33,149,1,22236,1,0
7186,24712,1,2024-09-24,1,1,50,229,1,22241,1,0
7187,24714,1,2024-04-11,1,4,160,722,4,22242,1,0
7188,24714,1,2024-06-22,1,4,160,722,4,22243,1,1
7189,24718,1,2026-07-13,1,1,67,297,1,22244,1,0
7190,24722,1,2025-04-22,1,8,206,933,8,22247,1,0
7191,24722,1,2025-03-29,1,8,206,933,8,22248,1,0
7192,24729,1,2025-10-23,1,1,95,418,1,22252,1,0
7193,24729,1,2025-10-14,1,1,95,418,1,22253,1,0
7194,24731,1,2023-03-10,1,3,144,652,3,22258,1,0
7195,24732,1,2025-11-08,1,13,235,1060,13,22259,1,0
7196,24734,1,2025-12-14,1,1,13,56,1,22260,1,0
7197,24734,1,2025-12-25,1,1,13,56,1,22261,1,0
7198,24750,1,2024-12-20,1,9,214,966,9,22268,1,0
7199,24750,1,2024-12-19,1,9,214,966,9,22269,1,0
7200,24757,1,2026-05-15,1,9,211,953,9,22277,1,0
7201,24762,1,2023-08-09,1,1,11,52,1,22281,1,0
7202,24762,1,2023-06-04,1,1,11,52,1,22282,1,0
7203,24764,1,2025-10-07,1,25,278,1247,25,22284,1,0
7204,24772,1,2026-05-11,1,1,87,387,1,22289,1,0
7205,24773,1,2025-09-01,1,23,273,1225,23,22290,1,0
7206,24773,1,2025-08-24,1,23,273,1225,23,22291,1,0
7207,24777,1,2024-02-05,1,2,125,566,2,22295,1,0
7208,24777,1,2023-12-16,1,2,125,566,2,22296,1,0
7209,24777,1,2023-10-17,1,2,125,566,2,22297,1,0
7210,24792,1,2025-03-29,1,4,156,707,4,22308,1,0
7211,24794,1,2023-11-14,1,30,295,1322,30,22311,1,0
7212,24811,1,2025-09-28,1,2,130,590,2,22320,1,0
7213,24813,1,2023-07-06,1,4,154,698,4,22322,1,0
7214,24823,1,2025-08-31,1,2,135,613,2,22327,1,0
7215,24824,1,2025-03-31,1,2,133,603,2,22329,1,0
7216,24824,1,2025-02-20,1,2,133,603,2,22330,1,0
7217,24842,1,2026-05-11,1,29,291,1303,29,22342,1,0
7218,24842,1,2026-05-30,1,29,291,1303,29,22343,1,0
7219,24843,1,2025-03-04,1,5,181,823,5,22344,1,0
7220,24843,1,2025-01-23,1,5,181,823,5,22345,1,0
7221,24846,1,2026-02-24,1,15,247,1114,15,22346,1,0
7222,24849,1,2025-04-30,1,1,66,295,1,22349,1,0
7223,24851,1,2024-06-26,1,1,117,529,1,22350,1,0
7224,24852,1,2025-11-15,1,18,258,1167,18,22351,1,0
7225,24852,1,2025-12-14,1,18,258,1167,18,22352,1,0
7226,24855,1,2023-01-23,1,16,248,1120,16,22355,1,0
7227,24855,1,2023-04-02,1,16,248,1120,16,22356,1,0
7228,24858,1,2023-11-07,1,1,112,501,1,22359,1,0
7229,24877,1,2024-03-11,1,2,128,584,2,22374,1,0
7230,24880,1,2024-04-07,1,11,227,1026,11,22378,1,0
7231,24880,1,2024-04-05,1,11,227,1026,11,22379,1,0
7232,24883,1,2025-11-25,1,4,154,700,4,22383,1,0
7233,24883,1,2025-11-17,1,4,154,700,4,22384,1,0
7234,24885,1,2025-07-15,1,9,212,958,9,22385,1,0
7235,24896,1,2025-02-28,1,2,123,552,2,22393,1,0
7236,24903,1,2024-01-09,1,1,29,131,1,22401,1,0
7237,24903,1,2023-12-07,1,1,29,131,1,22402,1,0
7238,24909,1,2025-05-21,1,7,199,901,7,22407,1,0
7239,24910,1,2025-05-07,1,31,296,1325,31,22408,1,0
7240,24911,1,2025-11-13,1,6,183,828,6,22409,1,0
7241,24918,1,2024-10-24,1,22,271,1215,22,22416,1,0
7242,24927,1,2023-05-22,1,27,286,1283,27,22422,1,0
7243,24927,1,2023-03-13,1,27,286,1283,27,22423,1,0
7244,24931,1,2023-12-28,1,23,274,1228,23,22428,1,0
7245,24935,1,2023-02-05,1,2,127,578,2,22432,1,0
7246,24946,1,2025-09-08,1,20,264,1188,20,22440,1,0
7247,24953,1,2025-11-06,1,1,78,346,1,22444,1,0
7248,24961,1,2024-07-26,1,3,144,652,3,22450,1,0
7249,24968,1,2026-05-11,1,1,99,442,1,22457,1,1
7250,24969,1,2025-01-06,1,1,59,261,1,22458,1,0
7251,24973,1,2024-12-07,1,12,231,1044,12,22463,1,0
7252,24977,1,2023-04-01,1,15,247,1115,15,22466,1,0
7253,24992,1,2023-08-27,1,8,208,939,8,22476,1,0
7254,24994,1,2023-11-02,1,13,234,1057,13,22477,1,0
7255,24997,1,2024-07-19,1,29,291,1304,29,22478,1,0
7256,25000,1,2026-07-13,1,1,2,7,1,22480,1,0
7257,25004,1,2024-07-17,1,4,165,743,4,22484,1,0
7258,25009,1,2025-01-15,1,1,60,267,1,22491,1,0
7259,25010,1,2024-07-27,1,7,200,903,7,22492,1,0
7260,25013,1,2024-01-31,1,1,37,163,1,22494,1,0
7261,25016,1,2023-05-12,1,29,292,1305,29,22497,1,0
7262,25021,1,2024-03-24,1,25,280,1256,25,22501,1,0
7263,25021,1,2024-01-09,1,25,280,1256,25,22502,1,0
7264,25021,1,2023-12-01,1,25,280,1256,25,22503,1,0
7265,25023,1,2024-04-11,1,1,27,119,1,22507,1,0
7266,25023,1,2024-05-11,1,1,27,119,1,22508,1,0
7267,25023,1,2024-05-22,1,1,27,119,1,22509,1,0
7268,25037,1,2023-12-11,1,1,59,261,1,22521,1,0
7269,25040,1,2024-09-22,1,1,15,66,1,22524,1,0
7270,25045,1,2026-03-15,1,1,33,146,1,22527,1,0
7271,25045,1,2026-01-01,1,1,33,146,1,22528,1,0
7272,25051,1,2026-07-13,1,3,140,633,3,22531,1,0
7273,25052,1,2024-10-05,1,18,259,1168,18,22532,1,0
7274,25056,1,2024-08-23,1,1,5,19,1,22533,1,0
7275,25059,1,2025-04-14,1,1,118,532,1,22536,1,0
7276,25062,1,2024-05-21,1,1,42,186,1,22539,1,0
7277,25062,1,2024-07-12,1,1,42,186,1,22540,1,0
7278,25064,1,2025-06-19,1,6,182,827,6,22544,1,0
7279,25067,1,2023-05-30,1,9,215,970,9,22546,1,0
7280,25067,1,2023-10-14,1,9,215,970,9,22547,1,0
7281,25068,1,2025-07-04,1,1,117,529,1,22548,1,0
7282,25068,1,2025-07-22,1,1,117,529,1,22549,1,0
7283,25068,1,2025-05-02,1,1,117,529,1,22550,1,0
7284,25076,1,2026-01-07,1,1,75,333,1,22553,1,0
7285,25076,1,2026-01-24,1,1,75,333,1,22554,1,0
7286,25081,1,2025-03-30,1,3,149,676,3,22559,1,0
7287,25089,1,2026-01-23,1,16,248,1120,16,22571,1,0
7288,25090,1,2023-11-15,1,21,268,1204,21,22573,1,0
7289,25092,1,2024-08-16,1,1,106,476,1,22575,1,0
7290,25097,1,2023-05-13,1,8,203,917,8,22578,1,0
7291,25097,1,2023-08-03,1,8,203,917,8,22579,1,0
7292,25097,1,2023-06-08,1,8,203,917,8,22580,1,0
7293,25098,1,2023-10-29,1,1,98,434,1,22581,1,0
7294,25098,1,2023-10-22,1,1,98,434,1,22583,1,0
7295,25104,1,2024-12-03,1,14,241,1088,14,22587,1,0
7296,25104,1,2024-11-15,1,14,241,1088,14,22589,1,0
7297,25108,1,2023-10-24,1,1,19,82,1,22592,1,0
7298,25115,1,2026-07-13,1,5,175,795,5,22597,1,0
7299,25117,1,2024-09-23,1,1,55,250,1,22599,1,0
7300,25118,1,2024-01-11,1,1,116,522,1,22600,1,0
7301,25118,1,2023-12-28,1,1,116,522,1,22601,1,0
7302,25120,1,2025-03-17,1,1,96,423,1,22605,1,0
7303,25120,1,2025-03-18,1,1,96,423,1,22606,1,0
7304,25120,1,2025-01-18,1,1,96,423,1,22607,1,0
7305,25121,1,2025-06-10,1,1,101,452,1,22608,1,0
7306,25123,1,2026-02-03,1,17,252,1138,17,22610,1,0
7307,25123,1,2026-01-05,1,17,252,1138,17,22611,1,0
7308,25124,1,2023-05-20,1,19,260,1173,19,22612,1,0
7309,25124,1,2023-03-14,1,19,260,1173,19,22613,1,0
7310,25131,1,2024-06-01,1,15,243,1096,15,22620,1,0
7311,25132,1,2025-06-26,1,1,76,337,1,22621,1,0
7312,25133,1,2025-03-26,1,25,278,1248,25,22622,1,1
7313,25133,1,2025-06-27,1,25,278,1248,25,22623,1,0
7314,25143,1,2024-01-12,1,6,187,851,6,22630,1,0
7315,25144,1,2025-03-19,1,18,256,1156,18,22632,1,0
7316,25144,1,2025-01-04,1,18,256,1156,18,22633,1,0
7317,25147,1,2025-12-09,1,1,1,2,1,22634,1,0
7318,25148,1,2025-05-07,1,1,1,3,1,22635,1,0
7319,25148,1,2025-06-12,1,1,1,3,1,22637,1,0
7320,25150,1,2026-01-13,1,11,227,1027,11,22639,1,0
7321,25152,1,2026-04-24,1,8,203,921,8,22641,1,0
7322,25153,1,2024-03-27,1,9,215,968,9,22642,1,0
7323,25156,1,2025-06-30,1,3,145,656,3,22646,1,0
7324,25156,1,2025-02-26,1,3,145,656,3,22647,1,0
7325,25156,1,2025-07-25,1,3,145,656,3,22648,1,0
7326,25158,1,2025-11-11,1,4,156,707,4,22651,1,0
7327,25160,1,2024-02-23,1,1,17,72,1,22653,1,0
7328,25164,1,2025-07-17,1,20,263,1183,20,22655,1,0
7329,25167,1,2024-12-31,1,1,58,258,1,22656,1,0
7330,25169,1,2025-07-07,1,29,292,1305,29,22657,1,0
7331,25173,1,2024-10-04,1,1,115,517,1,22660,1,0
7332,25175,1,2023-12-03,1,28,289,1295,28,22661,1,0
7333,25177,1,2023-11-23,1,2,128,582,2,22662,1,0
7334,25178,1,2026-07-11,1,6,185,838,6,22663,1,0
7335,25182,1,2025-10-03,1,1,73,326,1,22668,1,0
7336,25182,1,2025-06-29,1,1,73,326,1,22669,1,0
7337,25187,1,2024-05-31,1,7,195,887,7,22674,1,0
7338,25187,1,2024-08-24,1,7,195,887,7,22675,1,0
7339,25191,1,2024-02-04,1,1,67,296,1,22682,1,0
7340,25205,1,2025-11-27,1,1,59,263,1,22689,1,0
7341,25211,1,2025-11-16,1,27,286,1283,27,22691,1,0
7342,25212,1,2026-07-13,1,6,187,849,6,22692,1,0
7343,25214,1,2025-05-14,1,1,62,280,1,22693,1,1
7344,25218,1,2023-11-08,1,2,135,611,2,22698,1,0
7345,25236,1,2025-03-23,1,1,110,493,1,22717,1,0
7346,25238,1,2025-04-01,1,11,224,1017,11,22719,1,0
7347,25246,1,2024-12-29,1,15,243,1097,15,22725,1,0
7348,25248,1,2025-08-29,1,1,18,78,1,22728,1,0
7349,25249,1,2023-06-01,1,24,275,1233,24,22730,1,0
7350,25250,1,2026-07-13,1,1,105,474,1,22731,1,0
7351,25250,1,2026-07-13,1,1,105,474,1,22732,1,0
7352,25251,1,2024-01-22,1,18,259,1169,18,22733,1,0
7353,25251,1,2023-12-04,1,18,259,1169,18,22734,1,0
7354,25253,1,2024-12-09,1,3,145,655,3,22736,1,0
7355,25256,1,2024-07-02,1,1,27,122,1,22739,1,0
7356,25267,1,2024-04-18,1,5,176,800,5,22745,1,0
7357,25268,1,2025-07-24,1,1,40,175,1,22746,1,0
7358,25272,1,2026-06-13,1,3,146,658,3,22749,1,0
7359,25277,1,2026-03-05,1,3,149,673,3,22753,1,0
7360,25279,1,2026-01-07,1,14,239,1078,14,22754,1,0
7361,25282,1,2026-07-04,1,12,230,1041,12,22759,1,0
7362,25296,1,2026-07-13,1,1,32,142,1,22769,1,0
7363,25305,1,2023-11-04,1,27,286,1281,27,22774,1,0
7364,25307,1,2023-12-04,1,1,33,144,1,22776,1,0
7365,25312,1,2023-06-05,1,1,33,144,1,22785,1,0
7366,25312,1,2023-06-19,1,1,33,144,1,22786,1,0
7367,25314,1,2023-07-01,1,28,289,1294,28,22789,1,0
7368,25314,1,2023-03-05,1,28,289,1294,28,22790,1,0
7369,25321,1,2025-02-01,1,31,298,1336,31,22796,1,0
7370,25322,1,2026-04-04,1,7,199,899,7,22797,1,0
7371,25326,1,2026-07-13,1,1,24,106,1,22801,1,0
7372,25330,1,2024-12-30,1,29,290,1301,29,22804,1,0
7373,25330,1,2025-01-19,1,29,290,1301,29,22805,1,0
7374,25341,1,2024-09-10,1,1,60,267,1,22811,1,0
7375,25345,1,2023-03-22,1,1,44,197,1,22814,1,0
7376,25345,1,2023-03-21,1,1,44,197,1,22815,1,0
7377,25352,1,2024-11-19,1,3,137,619,3,22819,1,0
7378,25354,1,2023-10-29,1,12,229,1037,12,22820,1,0
7379,25354,1,2023-10-29,1,12,229,1037,12,22821,1,0
7380,25370,1,2024-06-05,1,11,225,1019,11,22834,1,0
7381,25371,1,2023-11-13,1,1,44,195,1,22835,1,0
7382,25373,1,2025-09-11,1,1,119,535,1,22836,1,0
7383,25377,1,2023-12-23,1,16,250,1130,16,22840,1,0
7384,25378,1,2023-11-03,1,1,94,414,1,22841,1,0
7385,25380,1,2025-01-28,1,1,19,84,1,22842,1,0
7386,25380,1,2025-02-27,1,1,19,84,1,22843,1,0
7387,25381,1,2026-06-17,1,16,248,1120,16,22844,1,0
7388,25381,1,2026-03-26,1,16,248,1120,16,22845,1,0
7389,25382,1,2024-05-05,1,12,229,1034,12,22846,1,0
7390,25382,1,2024-05-25,1,12,229,1034,12,22847,1,0
7391,25387,1,2023-09-15,1,6,188,856,6,22850,1,0
7392,25403,1,2024-04-22,1,19,261,1177,19,22860,1,0
7393,25403,1,2024-05-03,1,19,261,1177,19,22861,1,0
7394,25409,1,2026-04-10,1,16,251,1132,16,22865,1,0
7395,25409,1,2026-07-09,1,16,251,1132,16,22866,1,0
7396,25411,1,2023-03-10,1,29,290,1300,29,22867,1,0
7397,25413,1,2024-03-15,1,1,41,183,1,22868,1,0
7398,25426,1,2023-11-25,1,20,264,1187,20,22881,1,0
7399,25428,1,2025-07-02,1,3,140,636,3,22882,1,0
7400,25430,1,2024-11-20,1,1,116,521,1,22885,1,0
7401,25433,1,2023-12-05,1,6,183,831,6,22887,1,0
7402,25433,1,2023-12-01,1,6,183,831,6,22888,1,0
7403,25438,1,2024-08-31,1,7,201,908,7,22892,1,0
7404,25439,1,2023-05-03,1,3,152,687,3,22893,1,0
7405,25439,1,2023-06-01,1,3,152,687,3,22894,1,0
7406,25439,1,2023-06-06,1,3,152,687,3,22895,1,0
7407,25442,1,2025-04-09,1,26,283,1270,26,22898,1,0
7408,25450,1,2023-06-23,1,1,106,477,1,22905,1,0
7409,25450,1,2023-06-19,1,1,106,477,1,22906,1,0
7410,25451,1,2024-08-16,1,1,119,534,1,22908,1,0
7411,25453,1,2023-09-26,1,8,208,939,8,22909,1,0
7412,25460,1,2023-06-03,1,1,72,321,1,22919,1,0
7413,25461,1,2023-06-25,1,1,106,477,1,22920,1,0
7414,25465,1,2024-03-10,1,3,146,659,3,22923,1,0
7415,25466,1,2026-05-22,1,1,13,56,1,22924,1,0
7416,25467,1,2023-12-27,1,4,161,730,4,22925,1,0
7417,25473,1,2025-05-13,1,1,60,264,1,22930,1,0
7418,25474,1,2023-07-30,1,1,56,252,1,22931,1,0
7419,25474,1,2023-06-05,1,1,56,252,1,22932,1,0
7420,25475,1,2025-10-01,1,1,116,522,1,22933,1,0
7421,25478,1,2025-07-23,1,7,196,889,7,22935,1,0
7422,25503,1,2023-11-15,1,30,293,1309,30,22954,1,0
7423,25504,1,2026-03-21,1,3,148,671,3,22955,1,0
7424,25507,1,2023-04-10,1,1,98,437,1,22957,1,0
7425,25508,1,2024-06-20,1,16,251,1135,16,22959,1,0
7426,25516,1,2026-03-07,1,11,223,1007,11,22967,1,0
7427,25516,1,2026-04-15,1,11,223,1007,11,22968,1,0
7428,25550,1,2026-07-13,1,4,165,743,4,23005,1,0
7429,25566,1,2024-06-16,1,1,83,364,1,23016,1,0
7430,25568,1,2024-05-07,1,3,152,691,3,23017,1,0
7431,25579,1,2024-10-02,1,15,246,1113,15,23023,1,0
7432,25599,1,2023-07-17,1,7,196,889,7,23041,1,0
7433,25603,1,2025-07-24,1,7,196,892,7,23047,1,0
7434,25603,1,2025-05-12,1,7,196,892,7,23048,1,0
7435,25608,1,2023-01-18,1,3,149,676,3,23050,1,0
7436,25608,1,2023-01-20,1,3,149,676,3,23051,1,0
7437,25608,1,2023-01-13,1,3,149,676,3,23052,1,0
7438,25610,1,2023-09-17,1,1,47,210,1,23055,1,0
7439,25610,1,2023-10-14,1,1,47,210,1,23056,1,0
7440,25612,1,2024-06-10,1,1,91,404,1,23058,1,0
7441,25613,1,2025-05-31,1,21,267,1200,21,23059,1,0
7442,25616,1,2026-03-06,1,2,127,574,2,23062,1,0
7443,25620,1,2025-03-03,1,1,79,350,1,23067,1,0
7444,25620,1,2025-01-22,1,1,79,350,1,23068,1,0
7445,25620,1,2025-06-01,1,1,79,350,1,23069,1,0
7446,25637,1,2025-05-02,1,1,26,114,1,23083,1,0
7447,25637,1,2025-06-14,1,1,26,114,1,23084,1,0
7448,25640,1,2025-08-29,1,28,288,1291,28,23087,1,0
7449,25640,1,2025-06-07,1,28,288,1291,28,23088,1,0
7450,25658,1,2025-06-02,1,2,122,548,2,23107,1,0
7451,25664,1,2023-12-15,1,4,167,759,4,23111,1,0
7452,25664,1,2023-10-29,1,4,167,759,4,23112,1,0
7453,25665,1,2025-08-26,1,1,26,112,1,23113,1,0
7454,25685,1,2026-01-25,1,9,210,947,9,23132,1,0
7455,25692,1,2025-11-14,1,1,50,224,1,23138,1,0
7456,25692,1,2025-09-24,1,1,50,224,1,23139,1,0
7457,25693,1,2024-07-16,1,5,180,819,5,23140,1,0
7458,25699,1,2025-12-03,1,1,9,41,1,23147,1,0
7459,25702,1,2024-05-09,1,6,187,849,6,23150,1,0
7460,25713,1,2025-02-24,1,1,112,505,1,23157,1,0
7461,25714,1,2025-01-25,1,1,16,69,1,23158,1,0
7462,25717,1,2023-03-10,1,30,294,1315,30,23161,1,0
7463,25720,1,2023-06-24,1,1,45,198,1,23165,1,0
7464,25720,1,2023-06-19,1,1,45,198,1,23166,1,0
7465,25727,1,2023-06-01,1,8,207,935,8,23172,1,0
7466,25730,1,2024-07-19,1,26,281,1263,26,23175,1,0
7467,25730,1,2024-09-23,1,26,281,1263,26,23176,1,0
7468,25733,1,2026-06-23,1,1,119,535,1,23178,1,0
7469,25733,1,2026-06-09,1,1,119,535,1,23179,1,0
7470,25738,1,2026-03-13,1,1,41,180,1,23183,1,0
7471,25740,1,2025-04-18,1,1,106,477,1,23184,1,0
7472,25740,1,2025-04-16,1,1,106,477,1,23185,1,0
7473,25746,1,2025-12-22,1,4,164,739,4,23188,1,0
7474,25748,1,2024-04-23,1,13,234,1057,13,23189,1,0
7475,25749,1,2023-05-13,1,1,69,304,1,23190,1,0
7476,25756,1,2023-04-19,1,2,123,555,2,23196,1,0
7477,25760,1,2025-06-09,1,5,174,791,5,23203,1,0
7478,25763,1,2024-03-11,1,1,89,396,1,23207,1,0
7479,25763,1,2024-04-04,1,1,89,396,1,23208,1,0
7480,25773,1,2025-02-26,1,17,253,1143,17,23212,1,0
7481,25784,1,2026-04-19,1,3,148,670,3,23218,1,0
7482,25785,1,2024-12-16,1,6,187,850,6,23219,1,0
7483,25785,1,2024-12-31,1,6,187,850,6,23220,1,0
7484,25788,1,2024-03-21,1,1,22,94,1,23224,1,0
7485,25791,1,2026-05-26,1,1,47,208,1,23227,1,0
7486,25793,1,2024-08-19,1,2,128,581,2,23231,1,0
7487,25801,1,2024-01-05,1,1,4,16,1,23234,1,0
7488,25804,1,2026-06-04,1,7,195,886,7,23235,1,0
7489,25811,1,2025-05-09,1,1,53,240,1,23238,1,0
7490,25811,1,2025-06-03,1,1,53,240,1,23239,1,0
7491,25818,1,2025-03-15,1,12,229,1035,12,23246,1,0
7492,25823,1,2023-11-30,1,10,221,999,10,23249,1,0
7493,25824,1,2026-05-25,1,2,121,543,2,23250,1,0
7494,25832,1,2026-06-20,1,1,62,275,1,23253,1,0
7495,25835,1,2025-06-22,1,1,88,390,1,23254,1,0
7496,25838,1,2023-02-10,1,1,111,496,1,23258,1,0
7497,25842,1,2026-06-15,1,25,279,1251,25,23262,1,0
7498,25853,1,2024-12-04,1,10,221,1000,10,23272,1,0
7499,25864,1,2025-01-28,1,5,172,782,5,23280,1,0
7500,25864,1,2025-02-10,1,5,172,782,5,23281,1,0
7501,25864,1,2025-04-26,1,5,172,782,5,23282,1,0
7502,25880,1,2024-09-08,1,1,115,516,1,23297,1,0
7503,25882,1,2023-09-12,1,1,69,306,1,23299,1,0
7504,25907,1,2025-12-18,1,29,292,1307,29,23308,1,0
7505,25914,1,2026-07-13,1,1,97,429,1,23313,1,0
7506,25914,1,2026-07-13,1,1,97,429,1,23315,1,0
7507,25922,1,2024-03-11,1,3,147,667,3,23322,1,0
7508,25927,1,2025-02-23,1,1,90,398,1,23327,1,0
7509,25927,1,2025-04-26,1,1,90,398,1,23329,1,0
7510,25930,1,2023-06-03,1,3,140,637,3,23332,1,0
7511,25932,1,2023-04-06,1,1,69,308,1,23333,1,0
7512,25932,1,2023-04-16,1,1,69,308,1,23334,1,0
7513,25932,1,2023-03-26,1,1,69,308,1,23335,1,0
7514,25933,1,2023-05-21,1,16,249,1124,16,23336,1,0
7515,25943,1,2024-06-11,1,4,159,720,4,23346,1,0
7516,25949,1,2024-02-05,1,1,41,184,1,23348,1,0
7517,25954,1,2023-10-10,1,3,148,672,3,23353,1,0
7518,25964,1,2023-03-27,1,26,283,1271,26,23362,1,0
7519,25964,1,2023-06-22,1,26,283,1271,26,23364,1,0
7520,25969,1,2024-02-24,1,1,4,16,1,23370,1,1
7521,25972,1,2024-03-21,1,23,272,1221,23,23371,1,0
7522,25972,1,2024-01-12,1,23,272,1221,23,23372,1,0
7523,25976,1,2025-03-06,1,5,174,790,5,23375,1,0
7524,25976,1,2025-03-15,1,5,174,790,5,23376,1,0
7525,25986,1,2025-06-21,1,7,201,909,7,23380,1,0
7526,25986,1,2025-05-10,1,7,201,909,7,23381,1,0
7527,25988,1,2025-09-18,1,16,249,1127,16,23382,1,0
7528,25994,1,2024-01-29,1,1,33,147,1,23384,1,0
7529,26004,1,2024-02-10,1,20,263,1184,20,23390,1,0
7530,26009,1,2025-08-03,1,6,183,829,6,23393,1,0
7531,26010,1,2023-11-13,1,6,190,864,6,23394,1,0
7532,26017,1,2023-05-28,1,4,165,745,4,23397,1,0
7533,26019,1,2026-03-09,1,23,272,1222,23,23400,1,0
7534,26027,1,2025-05-26,1,1,98,436,1,23406,1,0
7535,26027,1,2025-07-10,1,1,98,436,1,23407,1,0
7536,26031,1,2024-11-03,1,4,160,724,4,23409,1,0
7537,26045,1,2024-08-04,1,14,239,1080,14,23419,1,0
7538,26046,1,2025-01-28,1,8,208,939,8,23421,1,0
7539,26054,1,2023-11-24,1,1,102,457,1,23423,1,0
7540,26055,1,2024-12-06,1,1,120,542,1,23424,1,0
7541,26060,1,2025-07-17,1,12,230,1041,12,23426,1,0
7542,26061,1,2024-11-23,1,23,273,1226,23,23427,1,0
7543,26061,1,2025-03-05,1,23,273,1226,23,23428,1,0
7544,26063,1,2024-03-18,1,1,79,351,1,23429,1,0
7545,26063,1,2024-03-10,1,1,79,351,1,23430,1,0
7546,26068,1,2023-03-02,1,1,15,68,1,23435,1,0
7547,26069,1,2024-12-18,1,3,151,686,3,23436,1,0
7548,26077,1,2025-01-17,1,1,36,160,1,23442,1,0
7549,26077,1,2025-05-01,1,1,36,160,1,23443,1,0
7550,26079,1,2024-09-27,1,6,182,826,6,23446,1,0
7551,26085,1,2025-07-03,1,3,137,619,3,23448,1,0
7552,26085,1,2025-11-01,1,3,137,619,3,23449,1,0
7553,26087,1,2023-01-21,1,15,244,1105,15,23450,1,0
7554,26087,1,2023-01-17,1,15,244,1105,15,23451,1,0
7555,26087,1,2023-01-30,1,15,244,1105,15,23452,1,0
7556,26088,1,2024-01-27,1,1,30,133,1,23453,1,0
7557,26092,1,2026-07-13,1,1,107,480,1,23457,1,0
7558,26097,1,2025-09-12,1,25,278,1247,25,23460,1,0
7559,26099,1,2024-02-21,1,26,283,1270,26,23463,1,0
7560,26101,1,2023-06-02,1,6,184,834,6,23465,1,0
7561,26110,1,2024-05-31,1,15,244,1105,15,23473,1,0
7562,26115,1,2025-11-26,1,19,260,1174,19,23476,1,0
7563,26115,1,2026-01-24,1,19,260,1174,19,23477,1,0
7564,26121,1,2025-02-09,1,1,17,76,1,23486,1,0
7565,26121,1,2024-12-05,1,1,17,76,1,23487,1,0
7566,26122,1,2024-11-03,1,3,141,642,3,23488,1,0
7567,26131,1,2025-07-30,1,24,276,1235,24,23497,1,0
7568,26136,1,2025-08-07,1,1,92,406,1,23500,1,0
7569,26146,1,2024-01-27,1,1,64,285,1,23508,1,0
7570,26166,1,2025-06-02,1,1,7,32,1,23523,1,0
7571,26177,1,2026-06-30,1,15,247,1117,15,23532,1,0
7572,26180,1,2024-01-04,1,8,206,931,8,23536,1,0
7573,26188,1,2025-11-07,1,17,253,1143,17,23544,1,0
7574,26190,1,2025-10-15,1,1,64,287,1,23545,1,0
7575,26190,1,2025-11-19,1,1,64,287,1,23547,1,0
7576,26203,1,2025-03-07,1,11,222,1005,11,23558,1,0
7577,26205,1,2024-12-31,1,1,6,26,1,23559,1,0
7578,26213,1,2023-07-08,1,1,66,294,1,23562,1,0
7579,26223,1,2024-08-25,1,13,236,1066,13,23572,1,0
7580,26223,1,2024-08-26,1,13,236,1066,13,23573,1,0
7581,26224,1,2026-01-20,1,1,1,3,1,23574,1,0
7582,26224,1,2026-01-16,1,1,1,3,1,23575,1,0
7583,26232,1,2024-07-11,1,1,41,181,1,23578,1,0
7584,26232,1,2024-06-05,1,1,41,181,1,23579,1,0
7585,26233,1,2026-03-13,1,1,39,171,1,23580,1,0
7586,26245,1,2026-03-09,1,4,157,712,4,23587,1,0
7587,26255,1,2025-12-20,1,16,251,1133,16,23592,1,0
7588,26268,1,2026-05-28,1,1,120,541,1,23598,1,0
7589,26276,1,2025-01-06,1,2,130,588,2,23605,1,0
7590,26276,1,2024-11-22,1,2,130,588,2,23606,1,0
7591,26277,1,2024-03-17,1,1,20,88,1,23608,1,0
7592,26280,1,2026-04-19,1,1,94,415,1,23611,1,0
7593,26283,1,2024-05-04,1,2,121,545,2,23613,1,0
7594,26283,1,2024-03-18,1,2,121,545,2,23614,1,0
7595,26290,1,2025-01-14,1,1,89,394,1,23620,1,0
7596,26292,1,2023-05-19,1,5,179,808,5,23623,1,0
7597,26292,1,2023-05-31,1,5,179,808,5,23624,1,0
7598,26298,1,2024-12-22,1,1,115,519,1,23630,1,0
7599,26301,1,2024-06-23,1,2,121,544,2,23631,1,0
7600,26303,1,2024-02-01,1,1,98,436,1,23633,1,0
7601,26303,1,2024-01-25,1,1,98,436,1,23634,1,0
7602,26310,1,2025-12-31,1,2,126,571,2,23638,1,0
7603,26310,1,2026-02-23,1,2,126,571,2,23639,1,0
7604,26312,1,2024-07-30,1,4,158,717,4,23642,1,0
7605,26320,1,2024-12-25,1,5,178,806,5,23649,1,0
7606,26326,1,2023-12-28,1,3,153,693,3,23652,1,0
7607,26326,1,2024-03-11,1,3,153,693,3,23653,1,0
7608,26329,1,2023-02-25,1,1,63,282,1,23654,1,0
7609,26336,1,2025-12-08,1,2,126,568,2,23659,1,0
7610,26339,1,2025-06-12,1,7,199,901,7,23661,1,0
7611,26348,1,2025-11-14,1,5,175,795,5,23668,1,0
7612,26352,1,2024-11-14,1,1,44,194,1,23671,1,0
7613,26352,1,2024-05-31,1,1,44,194,1,23672,1,0
7614,26359,1,2024-04-19,1,15,246,1113,15,23674,1,0
7615,26359,1,2024-04-17,1,15,246,1113,15,23675,1,0
7616,26360,1,2026-05-18,1,3,152,689,3,23676,1,0
7617,26360,1,2026-05-29,1,3,152,689,3,23677,1,0
7618,26362,1,2024-08-24,1,17,254,1145,17,23678,1,0
7619,26362,1,2024-08-06,1,17,254,1145,17,23679,1,0
7620,26367,1,2026-07-01,1,1,2,7,1,23682,1,0
7621,26368,1,2024-07-16,1,2,121,543,2,23683,1,0
7622,26371,1,2024-01-23,1,1,101,454,1,23685,1,0
7623,26372,1,2024-03-17,1,1,24,104,1,23686,1,0
7624,26375,1,2026-04-29,1,1,27,118,1,23688,1,0
7625,26376,1,2024-04-21,1,16,248,1121,16,23689,1,0
7626,26376,1,2024-03-11,1,16,248,1121,16,23690,1,0
7627,26377,1,2024-10-11,1,5,173,788,5,23691,1,0
7628,26385,1,2024-12-17,1,7,195,883,7,23696,1,0
7629,26385,1,2024-12-28,1,7,195,883,7,23697,1,0
7630,26387,1,2026-03-22,1,15,243,1100,15,23698,1,0
7631,26388,1,2025-07-03,1,17,255,1152,17,23699,1,0
7632,26390,1,2024-04-17,1,26,281,1261,26,23700,1,0
7633,26390,1,2024-08-26,1,26,281,1261,26,23701,1,0
7634,26391,1,2025-03-23,1,2,125,564,2,23702,1,0
7635,26391,1,2025-03-22,1,2,125,564,2,23703,1,0
7636,26409,1,2023-03-17,1,1,77,341,1,23714,1,0
7637,26410,1,2026-02-25,1,3,142,648,3,23715,1,0
7638,26414,1,2025-04-25,1,1,94,414,1,23718,1,0
7639,26414,1,2025-04-24,1,1,94,414,1,23719,1,0
7640,26417,1,2025-03-27,1,15,247,1114,15,23722,1,0
7641,26421,1,2024-01-14,1,5,168,761,5,23724,1,0
7642,26421,1,2023-10-25,1,5,168,761,5,23725,1,0
7643,26421,1,2023-10-30,1,5,168,761,5,23726,1,0
7644,26424,1,2025-06-26,1,5,170,775,5,23727,1,0
7645,26424,1,2025-07-05,1,5,170,775,5,23728,1,0
7646,26426,1,2023-02-14,1,1,68,302,1,23730,1,0
7647,26430,1,2023-09-12,1,1,103,463,1,23733,1,0
7648,26431,1,2025-01-06,1,1,50,225,1,23735,1,0
7649,26431,1,2025-06-08,1,1,50,225,1,23736,1,0
7650,26444,1,2024-10-19,1,1,77,341,1,23744,1,0
7651,26445,1,2024-03-04,1,24,275,1232,24,23748,1,0
7652,26450,1,2024-10-14,1,24,276,1238,24,23751,1,0
7653,26453,1,2025-02-02,1,18,257,1162,18,23753,1,0
7654,26453,1,2025-01-11,1,18,257,1162,18,23754,1,0
7655,26460,1,2023-09-04,1,7,199,900,7,23758,1,0
7656,26460,1,2023-08-22,1,7,199,900,7,23759,1,0
7657,26460,1,2023-08-21,1,7,199,900,7,23760,1,0
7658,26462,1,2025-01-29,1,12,231,1047,12,23762,1,0
7659,26463,1,2025-08-29,1,16,251,1134,16,23763,1,0
7660,26464,1,2024-04-17,1,5,180,815,5,23764,1,0
7661,26469,1,2024-08-11,1,17,255,1152,17,23771,1,0
7662,26471,1,2025-05-11,1,1,9,41,1,23773,1,0
7663,26476,1,2024-09-02,1,13,235,1062,13,23779,1,0
7664,26479,1,2023-11-10,1,13,233,1054,13,23784,1,0
7665,26484,1,2026-07-06,1,2,127,574,2,23786,1,0
7666,26484,1,2026-05-03,1,2,127,574,2,23787,1,0
7667,26486,1,2026-02-11,1,8,209,945,8,23790,1,0
7668,26487,1,2025-06-07,1,1,113,509,1,23791,1,0
7669,26494,1,2024-01-03,1,11,226,1023,11,23798,1,0
7670,26495,1,2025-01-02,1,2,121,544,2,23799,1,0
7671,26495,1,2025-01-07,1,2,121,544,2,23800,1,0
7672,26504,1,2025-04-28,1,1,33,145,1,23806,1,0
7673,26507,1,2025-05-14,1,7,196,891,7,23809,1,0
7674,26507,1,2025-04-18,1,7,196,891,7,23810,1,0
7675,26507,1,2025-06-05,1,7,196,891,7,23811,1,0
7676,26511,1,2025-05-07,1,1,90,398,1,23815,1,0
7677,26511,1,2025-05-11,1,1,90,398,1,23816,1,0
7678,26516,1,2026-03-20,1,18,256,1157,18,23818,1,0
7679,26516,1,2026-03-11,1,18,256,1157,18,23819,1,0
7680,26516,1,2026-04-09,1,18,256,1157,18,23820,1,0
7681,26519,1,2023-01-30,1,1,119,535,1,23822,1,0
7682,26519,1,2023-03-03,1,1,119,535,1,23823,1,0
7683,26521,1,2026-07-13,1,6,190,862,6,23825,1,0
7684,26524,1,2023-12-04,1,1,51,233,1,23826,1,0
7685,26525,1,2025-06-24,1,15,244,1103,15,23827,1,0
7686,26525,1,2025-03-23,1,15,244,1103,15,23828,1,0
7687,26535,1,2024-04-21,1,18,256,1157,18,23834,1,0
7688,26536,1,2026-01-07,1,1,117,526,1,23836,1,0
7689,26540,1,2024-07-09,1,1,32,143,1,23840,1,0
7690,26540,1,2024-10-04,1,1,32,143,1,23841,1,0
7691,26541,1,2024-07-19,1,5,169,765,5,23842,1,0
7692,26549,1,2024-09-21,1,1,84,373,1,23854,1,0
7693,26552,1,2025-09-15,1,19,261,1176,19,23856,1,1
7694,26554,1,2026-04-15,1,1,111,498,1,23858,1,0
7695,26557,1,2025-11-13,1,21,267,1201,21,23860,1,0
7696,26557,1,2025-07-22,1,21,267,1201,21,23861,1,0
7697,26558,1,2024-05-30,1,1,1,2,1,23862,1,0
7698,26558,1,2024-04-08,1,1,1,2,1,23863,1,0
7699,26561,1,2025-03-20,1,1,20,86,1,23867,1,0
7700,26565,1,2026-02-20,1,30,295,1323,30,23871,1,0
7701,26569,1,2024-04-20,1,12,230,1042,12,23872,1,0
7702,26570,1,2025-11-05,1,1,99,444,1,23873,1,0
7703,26576,1,2023-06-15,1,21,266,1197,21,23876,1,0
7704,26576,1,2023-10-31,1,21,266,1197,21,23877,1,0
7705,26587,1,2026-05-23,1,1,24,107,1,23883,1,0
7706,26588,1,2026-07-13,1,1,44,195,1,23884,1,0
7707,26589,1,2023-11-17,1,9,213,960,9,23885,1,0
7708,26590,1,2025-12-01,1,2,131,594,2,23886,1,0
7709,26590,1,2025-11-29,1,2,131,594,2,23887,1,0
7710,26593,1,2025-05-15,1,1,33,148,1,23889,1,0
7711,26594,1,2023-05-30,1,24,277,1241,24,23890,1,0
7712,26596,1,2026-04-30,1,9,213,961,9,23892,1,0
7713,26606,1,2024-08-26,1,11,226,1021,11,23900,1,0
7714,26606,1,2024-05-03,1,11,226,1021,11,23901,1,0
7715,26612,1,2025-10-21,1,9,215,968,9,23906,1,0
7716,26619,1,2023-02-08,1,6,190,863,6,23915,1,0
7717,26621,1,2024-12-12,1,1,93,413,1,23916,1,0
7718,26625,1,2025-07-29,1,1,109,492,1,23919,1,0
7719,26626,1,2024-04-30,1,4,154,699,4,23920,1,0
7720,26629,1,2025-11-22,1,14,238,1076,14,23924,1,0
7721,26630,1,2025-04-21,1,3,140,634,3,23925,1,0
7722,26637,1,2025-12-10,1,13,237,1072,13,23932,1,0
7723,26648,1,2023-04-20,1,2,129,587,2,23940,1,0
7724,26653,1,2024-11-06,1,1,77,341,1,23944,1,0
7725,26653,1,2024-11-06,1,1,77,341,1,23945,1,0
7726,26653,1,2024-12-24,1,1,77,341,1,23946,1,0
7727,26654,1,2023-11-19,1,17,253,1143,17,23947,1,0
7728,26654,1,2023-11-07,1,17,253,1143,17,23948,1,0
7729,26657,1,2026-01-15,1,10,219,989,10,23952,1,0
7730,26661,1,2025-08-10,1,3,144,654,3,23954,1,0
7731,26661,1,2025-11-06,1,3,144,654,3,23955,1,0
7732,26674,1,2024-12-12,1,1,1,2,1,23961,1,0
7733,26675,1,2025-09-09,1,1,31,137,1,23962,1,0
7734,26676,1,2025-06-19,1,12,229,1034,12,23964,1,0
7735,26676,1,2025-07-19,1,12,229,1034,12,23966,1,0
7736,26677,1,2024-11-15,1,9,215,970,9,23967,1,0
7737,26678,1,2023-07-05,1,7,201,908,7,23968,1,0
7738,26678,1,2023-08-20,1,7,201,908,7,23969,1,0
7739,26680,1,2023-05-25,1,1,24,102,1,23970,1,0
7740,26687,1,2024-11-24,1,1,64,285,1,23978,1,0
7741,26688,1,2023-02-14,1,4,158,715,4,23979,1,0
7742,26695,1,2024-12-23,1,14,241,1088,14,23982,1,0
7743,26695,1,2025-04-07,1,14,241,1088,14,23983,1,0
7744,26696,1,2026-07-13,1,2,135,611,2,23984,1,0
7745,26696,1,2026-07-13,1,2,135,611,2,23985,1,0
7746,26707,1,2024-07-06,1,3,141,642,3,23993,1,0
7747,26708,1,2024-03-22,1,24,277,1242,24,23995,1,0
7748,26708,1,2024-03-30,1,24,277,1242,24,23996,1,0
7749,26708,1,2024-03-24,1,24,277,1242,24,23997,1,0
7750,26710,1,2024-03-21,1,1,24,103,1,23998,1,0
7751,26710,1,2024-01-22,1,1,24,103,1,23999,1,0
7752,26715,1,2024-02-10,1,1,60,268,1,24001,1,0
7753,26720,1,2026-04-24,1,1,105,472,1,24004,1,0
7754,26726,1,2026-04-29,1,1,21,91,1,24009,1,0
7755,26726,1,2026-07-13,1,1,21,91,1,24010,1,0
7756,26726,1,2026-07-13,1,1,21,91,1,24011,1,0
7757,26728,1,2024-07-25,1,7,199,899,7,24014,1,0
7758,26733,1,2024-02-02,1,6,188,854,6,24020,1,0
7759,26733,1,2024-02-11,1,6,188,854,6,24021,1,0
7760,26735,1,2026-03-30,1,1,78,345,1,24023,1,0
7761,26735,1,2025-12-25,1,1,78,345,1,24024,1,0
7762,26738,1,2024-05-14,1,1,107,478,1,24028,1,1
7763,26756,1,2025-09-05,1,1,57,257,1,24041,1,0
7764,26759,1,2025-07-01,1,6,183,832,6,24043,1,0
7765,26761,1,2025-04-23,1,1,113,508,1,24045,1,0
7766,26776,1,2026-03-16,1,13,234,1056,13,24055,1,0
7767,26777,1,2023-06-30,1,12,231,1044,12,24056,1,0
7768,26781,1,2025-06-01,1,1,104,468,1,24060,1,0
7769,26782,1,2025-07-18,1,3,143,650,3,24061,1,0
7770,26785,1,2025-11-18,1,3,149,674,3,24062,1,0
7771,26785,1,2026-02-08,1,3,149,674,3,24063,1,0
7772,26789,1,2025-07-31,1,2,125,565,2,24064,1,0
7773,26792,1,2024-02-08,1,11,222,1006,11,24068,1,0
7774,26792,1,2024-05-03,1,11,222,1006,11,24069,1,0
7775,26795,1,2025-10-22,1,6,184,836,6,24073,1,0
7776,26799,1,2023-06-23,1,5,179,808,5,24076,1,0
7777,26802,1,2023-07-31,1,1,120,541,1,24077,1,0
7778,26808,1,2025-11-18,1,1,59,262,1,24082,1,0
7779,26808,1,2025-12-25,1,1,59,262,1,24083,1,0
7780,26813,1,2024-06-30,1,23,273,1226,23,24090,1,0
7781,26817,1,2023-12-08,1,10,217,978,10,24093,1,0
7782,26826,1,2024-04-07,1,1,3,13,1,24098,1,0
7783,26828,1,2025-09-21,1,1,67,297,1,24100,1,0
7784,26828,1,2025-11-12,1,1,67,297,1,24101,1,0
7785,26828,1,2025-10-24,1,1,67,297,1,24102,1,0
7786,26833,1,2023-02-22,1,3,146,661,3,24107,1,0
7787,26833,1,2023-01-23,1,3,146,661,3,24108,1,0
7788,26840,1,2024-07-03,1,1,58,260,1,24113,1,0
7789,26846,1,2024-02-16,1,5,173,787,5,24118,1,0
7790,26847,1,2023-06-19,1,31,296,1326,31,24119,1,0
7791,26847,1,2023-06-03,1,31,296,1326,31,24120,1,0
7792,26849,1,2023-08-06,1,16,249,1126,16,24123,1,0
7793,26849,1,2023-08-21,1,16,249,1126,16,24124,1,0
7794,26855,1,2025-02-24,1,9,215,969,9,24126,1,0
7795,26857,1,2023-09-13,1,5,181,821,5,24131,1,0
7796,26861,1,2024-12-24,1,17,254,1147,17,24136,1,0
7797,26883,1,2026-03-06,1,8,205,929,8,24155,1,0
7798,26884,1,2025-05-17,1,3,142,646,3,24159,1,0
7799,26888,1,2023-06-11,1,1,25,110,1,24162,1,0
7800,26892,1,2024-06-16,1,31,296,1324,31,24168,1,0
7801,26893,1,2023-01-11,1,22,271,1218,22,24169,1,0
7802,26894,1,2026-03-30,1,1,80,353,1,24170,1,0
7803,26904,1,2024-11-15,1,14,239,1079,14,24176,1,0
7804,26922,1,2025-11-12,1,2,135,609,2,24187,1,0
7805,26928,1,2026-01-07,1,1,63,282,1,24191,1,0
7806,26928,1,2026-01-09,1,1,63,282,1,24192,1,0
7807,26931,1,2024-08-29,1,11,227,1025,11,24194,1,0
7808,26940,1,2024-04-29,1,9,214,965,9,24199,1,0
7809,26947,1,2023-03-27,1,7,193,877,7,24204,1,0
7810,26948,1,2026-01-28,1,14,239,1078,14,24205,1,1
7811,26951,1,2025-02-06,1,1,5,19,1,24207,1,0
7812,26951,1,2025-01-12,1,1,5,19,1,24208,1,0
7813,26958,1,2024-12-11,1,31,297,1329,31,24212,1,0
7814,26958,1,2024-12-23,1,31,297,1329,31,24213,1,0
7815,26966,1,2025-09-07,1,5,179,812,5,24218,1,0
7816,26970,1,2024-02-11,1,7,195,885,7,24223,1,0
7817,26974,1,2023-11-01,1,1,69,305,1,24227,1,1
7818,26985,1,2024-04-28,1,1,101,451,1,24236,1,0
7819,26987,1,2023-04-03,1,8,207,937,8,24238,1,0
7820,26990,1,2024-09-16,1,1,7,31,1,24241,1,0
7821,26991,1,2025-06-30,1,7,195,884,7,24242,1,0
7822,26991,1,2025-06-28,1,7,195,884,7,24243,1,0
7823,26992,1,2023-12-25,1,1,11,50,1,24244,1,0
7824,26999,1,2025-01-18,1,12,230,1040,12,24254,1,0
7825,26999,1,2025-01-16,1,12,230,1040,12,24255,1,0
7826,27005,1,2023-07-18,1,17,252,1136,17,24258,1,0
7827,27006,1,2025-05-16,1,1,56,254,1,24259,1,0
7828,27007,1,2024-09-21,1,1,49,223,1,24260,1,0
7829,27023,1,2024-01-27,1,1,49,223,1,24272,1,0
7830,27025,1,2024-11-07,1,21,268,1206,21,24273,1,0
7831,27025,1,2025-01-25,1,21,268,1206,21,24274,1,0
7832,27027,1,2026-01-16,1,13,233,1054,13,24276,1,0
7833,27027,1,2026-01-09,1,13,233,1054,13,24277,1,0
7834,27034,1,2023-12-23,1,3,139,631,3,24284,1,0
7835,27038,1,2023-11-09,1,7,198,896,7,24290,1,0
7836,27041,1,2023-07-22,1,1,55,248,1,24293,1,0
7837,27041,1,2023-06-13,1,1,55,248,1,24294,1,0
7838,27049,1,2025-03-31,1,3,140,637,3,24298,1,0
7839,27054,1,2024-05-17,1,12,230,1040,12,24302,1,0
7840,27054,1,2024-09-12,1,12,230,1040,12,24303,1,0
7841,27056,1,2024-04-12,1,24,276,1237,24,24305,1,0
7842,27063,1,2025-01-20,1,1,6,27,1,24311,1,0
7843,27065,1,2026-07-13,1,4,162,734,4,24314,1,0
7844,27066,1,2025-06-10,1,5,181,823,5,24315,1,0
7845,27066,1,2025-03-24,1,5,181,823,5,24316,1,0
7846,27066,1,2025-03-04,1,5,181,823,5,24317,1,0
7847,27067,1,2026-07-13,1,29,291,1304,29,24318,1,0
7848,27072,1,2026-03-26,1,1,4,17,1,24321,1,0
7849,27082,1,2025-11-11,1,4,167,754,4,24325,1,0
7850,27089,1,2024-11-26,1,1,8,38,1,24332,1,0
7851,27090,1,2024-11-03,1,1,113,508,1,24333,1,0
7852,27090,1,2024-09-02,1,1,113,508,1,24334,1,0
7853,27090,1,2024-09-07,1,1,113,508,1,24335,1,0
7854,27095,1,2025-12-31,1,20,263,1185,20,24341,1,0
7855,27095,1,2026-04-01,1,20,263,1185,20,24342,1,1
7856,27098,1,2025-01-05,1,2,123,554,2,24346,1,0
7857,27098,1,2024-11-19,1,2,123,554,2,24347,1,0
7858,27120,1,2023-05-09,1,9,211,950,9,24363,1,0
7859,27120,1,2023-06-17,1,9,211,950,9,24364,1,0
7860,27125,1,2023-09-25,1,1,6,26,1,24366,1,0
7861,27148,1,2026-02-13,1,1,32,142,1,24377,1,0
7862,27149,1,2025-10-17,1,17,253,1142,17,24378,1,0
7863,27149,1,2025-08-21,1,17,253,1142,17,24379,1,0
7864,27150,1,2024-04-08,1,7,193,875,7,24380,1,0
7865,27150,1,2024-04-24,1,7,193,875,7,24381,1,0
7866,27153,1,2023-08-26,1,11,223,1007,11,24382,1,0
7867,27165,1,2026-02-11,1,1,27,122,1,24392,1,1
7868,27165,1,2026-01-04,1,1,27,122,1,24393,1,0
7869,27166,1,2023-05-05,1,5,173,789,5,24394,1,0
7870,27166,1,2023-05-24,1,5,173,789,5,24395,1,0
7871,27166,1,2023-06-19,1,5,173,789,5,24396,1,0
7872,27168,1,2025-12-22,1,1,9,39,1,24398,1,0
7873,27168,1,2026-01-18,1,1,9,39,1,24399,1,0
7874,27169,1,2025-02-18,1,5,179,811,5,24400,1,0
7875,27172,1,2025-03-02,1,4,161,730,4,24402,1,0
7876,27172,1,2025-02-25,1,4,161,730,4,24403,1,0
7877,27179,1,2026-01-22,1,14,242,1095,14,24412,1,0
7878,27186,1,2025-12-16,1,1,9,39,1,24418,1,0
7879,27192,1,2023-08-30,1,3,142,643,3,24426,1,0
7880,27200,1,2023-04-18,1,10,221,999,10,24437,1,0
7881,27205,1,2024-12-26,1,15,245,1108,15,24443,1,0
7882,27219,1,2025-06-29,1,1,64,286,1,24452,1,0
7883,27220,1,2024-07-08,1,1,46,203,1,24453,1,0
7884,27222,1,2024-03-19,1,1,100,448,1,24454,1,0
7885,27224,1,2023-07-11,1,7,197,893,7,24456,1,0
7886,27224,1,2023-07-22,1,7,197,893,7,24457,1,0
7887,27224,1,2023-07-26,1,7,197,893,7,24458,1,0
7888,27230,1,2024-12-25,1,3,147,667,3,24462,1,0
7889,27239,1,2024-02-03,1,3,149,673,3,24468,1,0
7890,27242,1,2025-02-26,1,4,154,698,4,24471,1,0
7891,27247,1,2025-02-18,1,1,78,343,1,24475,1,0
7892,27251,1,2023-11-13,1,16,249,1124,16,24478,1,0
7893,27260,1,2023-07-15,1,17,253,1142,17,24484,1,0
7894,27260,1,2023-05-18,1,17,253,1142,17,24485,1,0
7895,27264,1,2023-08-02,1,8,208,939,8,24489,1,0
7896,27264,1,2023-06-29,1,8,208,939,8,24490,1,0
7897,27264,1,2023-07-28,1,8,208,939,8,24491,1,0
7898,27266,1,2025-01-13,1,1,74,331,1,24493,1,0
7899,27267,1,2025-01-19,1,1,95,419,1,24494,1,0
7900,27275,1,2024-03-09,1,1,50,229,1,24499,1,0
7901,27275,1,2024-04-07,1,1,50,229,1,24500,1,0
7902,27275,1,2024-03-25,1,1,50,229,1,24501,1,0
7903,27283,1,2026-03-14,1,5,172,785,5,24512,1,0
7904,27289,1,2025-11-22,1,1,90,397,1,24519,1,0
7905,27305,1,2025-07-21,1,1,75,335,1,24528,1,0
7906,27306,1,2026-07-02,1,6,188,855,6,24529,1,0
7907,27306,1,2026-06-23,1,6,188,855,6,24530,1,0
7908,27313,1,2026-01-04,1,1,25,109,1,24537,1,0
7909,27313,1,2026-01-23,1,1,25,109,1,24538,1,0
7910,27315,1,2025-11-05,1,2,135,611,2,24541,1,0
7911,27317,1,2024-01-22,1,1,7,32,1,24542,1,0
7912,27317,1,2024-01-17,1,1,7,32,1,24543,1,0
7913,27317,1,2024-01-15,1,1,7,32,1,24544,1,0
7914,27319,1,2025-11-13,1,3,139,632,3,24546,1,0
7915,27322,1,2023-10-06,1,4,160,722,4,24549,1,0
7916,27333,1,2023-08-04,1,4,165,742,4,24556,1,0
7917,27336,1,2024-07-21,1,3,142,646,3,24560,1,0
7918,27340,1,2026-07-01,1,9,214,967,9,24564,1,0
7919,27343,1,2025-03-31,1,30,294,1317,30,24567,1,0
7920,27347,1,2024-09-28,1,17,252,1140,17,24570,1,0
7921,27355,1,2024-05-11,1,17,252,1138,17,24582,1,0
7922,27355,1,2024-05-06,1,17,252,1138,17,24583,1,0
7923,27357,1,2024-09-05,1,6,185,840,6,24585,1,0
7924,27362,1,2024-03-05,1,1,64,285,1,24591,1,0
7925,27366,1,2025-02-04,1,1,17,76,1,24594,1,0
7926,27366,1,2025-02-15,1,1,17,76,1,24595,1,0
7927,27379,1,2025-11-16,1,6,184,837,6,24606,1,0
7928,27379,1,2025-12-19,1,6,184,837,6,24607,1,0
7929,27381,1,2024-12-25,1,1,114,514,1,24609,1,0
7930,27382,1,2024-03-03,1,20,263,1185,20,24610,1,0
7931,27384,1,2025-03-21,1,1,105,470,1,24612,1,0
7932,27384,1,2025-04-08,1,1,105,470,1,24613,1,0
7933,27386,1,2023-11-28,1,1,43,191,1,24617,1,0
7934,27386,1,2024-01-07,1,1,43,191,1,24618,1,0
7935,27390,1,2023-06-04,1,1,57,256,1,24619,1,0
7936,27390,1,2023-07-14,1,1,57,256,1,24621,1,0
7937,27392,1,2024-03-23,1,5,175,797,5,24625,1,0
7938,27400,1,2026-04-08,1,7,193,876,7,24636,1,0
7939,27405,1,2026-04-04,1,1,1,3,1,24638,1,0
7940,27406,1,2026-05-09,1,2,133,605,2,24639,1,0
7941,27406,1,2026-05-02,1,2,133,605,2,24640,1,0
7942,27410,1,2024-07-22,1,17,255,1152,17,24642,1,0
7943,27411,1,2024-02-26,1,1,29,128,1,24643,1,0
7944,27414,1,2024-01-30,1,1,115,520,1,24645,1,0
7945,27427,1,2023-08-23,1,1,118,533,1,24652,1,0
7946,27430,1,2024-04-07,1,17,254,1150,17,24653,1,0
7947,27430,1,2024-04-07,1,17,254,1150,17,24654,1,0
7948,27439,1,2025-10-21,1,3,139,631,3,24665,1,0
7949,27440,1,2025-12-02,1,1,52,239,1,24666,1,0
7950,27442,1,2024-02-07,1,28,289,1298,28,24668,1,0
7951,27444,1,2026-02-01,1,17,253,1144,17,24671,1,0
7952,27444,1,2026-01-16,1,17,253,1144,17,24672,1,0
7953,27451,1,2024-11-18,1,4,157,714,4,24678,1,0
7954,27451,1,2024-10-20,1,4,157,714,4,24680,1,0
7955,27457,1,2023-08-11,1,1,15,67,1,24684,1,0
7956,27461,1,2023-12-16,1,15,245,1109,15,24687,1,0
7957,27476,1,2023-10-14,1,6,190,864,6,24695,1,0
7958,27477,1,2024-04-23,1,4,156,708,4,24696,1,0
7959,27477,1,2024-05-06,1,4,156,708,4,24697,1,0
7960,27483,1,2024-02-26,1,5,178,806,5,24707,1,0
7961,27485,1,2023-04-06,1,5,171,777,5,24710,1,0
7962,27494,1,2023-11-26,1,5,178,805,5,24720,1,0
7963,27495,1,2023-06-29,1,1,62,280,1,24722,1,0
7964,27496,1,2026-07-13,1,2,124,559,2,24723,1,0
7965,27496,1,2026-07-13,1,2,124,559,2,24724,1,0
7966,27510,1,2024-03-04,1,31,296,1326,31,24736,1,0
7967,27510,1,2024-03-09,1,31,296,1326,31,24737,1,0
7968,27512,1,2025-08-30,1,11,225,1018,11,24738,1,0
7969,27514,1,2025-05-23,1,9,211,953,9,24741,1,0
7970,27515,1,2024-03-27,1,29,292,1305,29,24743,1,0
7971,27516,1,2024-12-11,1,13,236,1068,13,24744,1,0
7972,27535,1,2026-07-13,1,3,144,652,3,24762,1,0
7973,27535,1,2026-07-13,1,3,144,652,3,24763,1,0
7974,27535,1,2026-07-13,1,3,144,652,3,24764,1,0
7975,27537,1,2025-12-26,1,1,114,513,1,24765,1,0
7976,27541,1,2023-11-08,1,4,166,752,4,24768,1,0
7977,27543,1,2025-09-11,1,4,160,722,4,24771,1,0
7978,27546,1,2025-09-25,1,5,181,821,5,24774,1,0
7979,27550,1,2025-08-24,1,1,75,334,1,24775,1,0
7980,27550,1,2025-06-27,1,1,75,334,1,24776,1,0
7981,27551,1,2025-06-03,1,9,212,958,9,24777,1,0
7982,27551,1,2025-07-03,1,9,212,958,9,24778,1,0
7983,27553,1,2024-07-21,1,1,95,417,1,24780,1,0
7984,27554,1,2026-02-11,1,5,180,819,5,24782,1,0
7985,27557,1,2023-11-23,1,11,226,1023,11,24784,1,0
7986,27558,1,2024-06-06,1,6,186,843,6,24785,1,0
7987,27558,1,2024-04-08,1,6,186,843,6,24786,1,0
7988,27562,1,2025-08-25,1,1,53,241,1,24789,1,0
7989,27562,1,2025-08-23,1,1,53,241,1,24790,1,0
7990,27565,1,2025-05-03,1,1,3,10,1,24791,1,0
7991,27565,1,2025-04-24,1,1,3,10,1,24792,1,0
7992,27573,1,2024-07-22,1,31,298,1334,31,24798,1,0
7993,27577,1,2023-06-22,1,1,64,286,1,24801,1,0
7994,27578,1,2025-09-01,1,4,160,723,4,24802,1,0
7995,27578,1,2025-09-15,1,4,160,723,4,24803,1,0
7996,27582,1,2026-05-14,1,6,189,859,6,24804,1,0
7997,27583,1,2025-05-06,1,6,185,841,6,24805,1,0
7998,27583,1,2025-06-20,1,6,185,841,6,24806,1,0
7999,27589,1,2023-08-10,1,1,19,84,1,24811,1,0
8000,27596,1,2024-02-24,1,4,160,722,4,24814,1,0
8001,27596,1,2024-03-13,1,4,160,722,4,24815,1,0
8002,27603,1,2025-06-25,1,7,196,890,7,24821,1,0
8003,27604,1,2024-03-31,1,1,1,3,1,24822,1,0
8004,27605,1,2023-05-08,1,6,183,828,6,24823,1,0
8005,27616,1,2023-07-08,1,12,232,1049,12,24834,1,0
8006,27616,1,2023-03-27,1,12,232,1049,12,24835,1,0
8007,27626,1,2026-05-07,1,25,280,1259,25,24840,1,0
8008,27626,1,2026-04-12,1,25,280,1259,25,24841,1,0
8009,27628,1,2023-08-08,1,1,62,278,1,24842,1,0
8010,27629,1,2025-08-16,1,23,273,1225,23,24843,1,0
8011,27642,1,2026-01-06,1,10,219,991,10,24855,1,0
8012,27643,1,2024-08-08,1,25,280,1254,25,24856,1,0
8013,27647,1,2024-12-24,1,1,90,400,1,24858,1,0
8014,27652,1,2025-07-20,1,1,27,118,1,24864,1,0
8015,27652,1,2025-08-23,1,1,27,118,1,24865,1,0
8016,27652,1,2025-09-11,1,1,27,118,1,24866,1,0
8017,27656,1,2024-12-02,1,1,94,415,1,24868,1,0
8018,27659,1,2025-07-13,1,13,234,1059,13,24871,1,0
8019,27670,1,2023-12-29,1,23,273,1225,23,24881,1,0
8020,27674,1,2024-09-25,1,4,159,719,4,24884,1,0
8021,27675,1,2026-05-16,1,6,186,848,6,24885,1,0
8022,27677,1,2023-08-05,1,8,208,940,8,24886,1,0
8023,27677,1,2023-12-13,1,8,208,940,8,24887,1,0
8024,27677,1,2023-12-11,1,8,208,940,8,24888,1,0
8025,27678,1,2023-04-03,1,28,288,1293,28,24889,1,0
8026,27679,1,2026-04-11,1,1,17,76,1,24892,1,0
8027,27682,1,2024-11-04,1,1,86,382,1,24895,1,0
8028,27693,1,2023-12-02,1,1,71,314,1,24910,1,0
8029,27693,1,2024-01-03,1,1,71,314,1,24911,1,0
8030,27700,1,2025-02-22,1,5,177,803,5,24916,1,0
8031,27713,1,2025-02-11,1,6,188,855,6,24929,1,0
8032,27715,1,2025-03-24,1,7,198,896,7,24933,1,0
8033,27715,1,2025-01-25,1,7,198,896,7,24934,1,0
8034,27718,1,2024-07-02,1,4,160,726,4,24937,1,0
8035,27723,1,2025-02-22,1,6,190,862,6,24938,1,0
8036,27723,1,2025-02-24,1,6,190,862,6,24939,1,0
8037,27725,1,2025-10-01,1,24,276,1236,24,24941,1,0
8038,27725,1,2025-11-06,1,24,276,1236,24,24942,1,0
8039,27728,1,2023-11-30,1,1,24,102,1,24944,1,0
8040,27728,1,2024-03-21,1,1,24,102,1,24945,1,0
8041,27737,1,2024-12-20,1,21,266,1197,21,24955,1,0
8042,27737,1,2024-11-19,1,21,266,1197,21,24956,1,1
8043,27746,1,2026-05-17,1,4,164,740,4,24962,1,0
8044,27747,1,2024-01-18,1,9,213,963,9,24963,1,0
8045,27747,1,2023-12-24,1,9,213,963,9,24964,1,0
8046,27750,1,2024-12-14,1,9,214,964,9,24966,1,0
8047,27754,1,2025-07-12,1,31,298,1334,31,24967,1,0
8048,27757,1,2024-11-15,1,1,33,148,1,24970,1,0
8049,27757,1,2024-11-05,1,1,33,148,1,24971,1,0
8050,27759,1,2024-01-06,1,1,4,14,1,24972,1,0
8051,27767,1,2026-01-01,1,1,3,9,1,24979,1,0
8052,27768,1,2024-07-07,1,30,293,1313,30,24980,1,0
8053,27770,1,2024-04-06,1,3,146,659,3,24982,1,0
8054,27770,1,2024-02-21,1,3,146,659,3,24983,1,0
8055,27770,1,2024-03-29,1,3,146,659,3,24984,1,0
8056,27771,1,2024-12-20,1,1,4,15,1,24985,1,0
8057,27780,1,2024-01-22,1,21,267,1199,21,24996,1,0
8058,27780,1,2024-01-15,1,21,267,1199,21,24997,1,0
8059,27782,1,2023-03-10,1,2,125,566,2,24998,1,0
8060,27782,1,2023-04-08,1,2,125,566,2,24999,1,0
8061,27783,1,2024-01-06,1,3,146,661,3,25000,1,0
8062,27794,1,2023-06-25,1,1,44,192,1,25006,1,0
8063,27797,1,2023-02-18,1,14,240,1082,14,25009,1,0
8064,27797,1,2023-03-02,1,14,240,1082,14,25010,1,0
8065,27802,1,2024-11-13,1,20,263,1185,20,25013,1,0
8066,27803,1,2024-12-05,1,4,159,721,4,25014,1,0
8067,27812,1,2026-01-19,1,1,119,535,1,25023,1,0
8068,27831,1,2026-07-13,1,1,56,252,1,25041,1,0
8069,27834,1,2026-01-22,1,5,178,806,5,25042,1,0
8070,27834,1,2026-01-31,1,5,178,806,5,25043,1,0
8071,27835,1,2025-01-21,1,1,13,57,1,25044,1,0
8072,27846,1,2025-05-30,1,1,110,494,1,25056,1,0
8073,27846,1,2025-05-27,1,1,110,494,1,25057,1,0
8074,27846,1,2025-04-04,1,1,110,494,1,25058,1,0
8075,27848,1,2024-08-05,1,5,179,812,5,25059,1,0
8076,27855,1,2024-06-17,1,7,197,895,7,25065,1,0
8077,27861,1,2023-08-11,1,1,38,166,1,25073,1,0
8078,27863,1,2025-03-08,1,1,85,377,1,25075,1,0
8079,27863,1,2025-04-17,1,1,85,377,1,25077,1,0
8080,27870,1,2025-05-28,1,1,71,312,1,25079,1,0
8081,27881,1,2024-09-23,1,1,38,166,1,25087,1,0
8082,27881,1,2024-06-02,1,1,38,166,1,25088,1,0
8083,27882,1,2026-06-15,1,1,116,522,1,25089,1,0
8084,27889,1,2023-10-31,1,1,116,521,1,25094,1,0
8085,27889,1,2024-01-17,1,1,116,521,1,25095,1,0
8086,27889,1,2024-01-31,1,1,116,521,1,25096,1,0
8087,27907,1,2023-12-23,1,19,261,1177,19,25105,1,0
8088,27920,1,2025-12-04,1,2,125,566,2,25109,1,0
8089,27920,1,2025-11-26,1,2,125,566,2,25110,1,0
8090,27925,1,2025-06-16,1,4,163,738,4,25117,1,0
8091,27928,1,2024-09-30,1,6,184,835,6,25119,1,0
8092,27928,1,2024-12-22,1,6,184,835,6,25120,1,0
8093,27930,1,2026-07-13,1,1,23,101,1,25121,1,0
8094,27933,1,2025-09-27,1,1,6,27,1,25122,1,0
8095,27934,1,2026-02-15,1,1,48,216,1,25123,1,0
8096,27936,1,2024-11-16,1,2,125,564,2,25126,1,0
8097,27939,1,2024-09-04,1,1,83,369,1,25128,1,0
8098,27939,1,2024-09-09,1,1,83,369,1,25129,1,0
8099,27939,1,2024-11-27,1,1,83,369,1,25130,1,0
8100,27940,1,2023-12-02,1,1,77,340,1,25131,1,0
8101,27944,1,2023-09-03,1,17,253,1143,17,25134,1,0
8102,27944,1,2023-08-16,1,17,253,1143,17,25135,1,0
8103,27949,1,2023-10-29,1,4,165,742,4,25138,1,0
8104,27949,1,2023-07-29,1,4,165,742,4,25139,1,0
8105,27959,1,2026-05-25,1,11,225,1018,11,25148,1,0
8106,27959,1,2026-06-14,1,11,225,1018,11,25149,1,0
8107,27959,1,2026-06-19,1,11,225,1018,11,25150,1,0
8108,27964,1,2024-11-11,1,29,291,1302,29,25154,1,0
8109,27966,1,2025-05-01,1,9,215,969,9,25156,1,0
8110,27967,1,2023-09-17,1,14,241,1088,14,25157,1,0
8111,27968,1,2025-04-18,1,1,9,40,1,25158,1,0
8112,27970,1,2025-02-13,1,2,132,597,2,25160,1,0
8113,27973,1,2023-07-16,1,9,210,946,9,25162,1,0
8114,27992,1,2024-10-28,1,3,138,626,3,25180,1,0
8115,27992,1,2024-10-23,1,3,138,626,3,25181,1,0
8116,27995,1,2025-03-28,1,27,284,1276,27,25183,1,0
8117,27999,1,2023-11-23,1,5,173,786,5,25187,1,0
8118,28001,1,2023-07-17,1,1,35,157,1,25190,1,0
8119,28002,1,2024-11-18,1,31,297,1329,31,25191,1,0
8120,28012,1,2024-02-25,1,1,60,264,1,25198,1,0
8121,28018,1,2024-12-24,1,7,201,910,7,25201,1,0
8122,28020,1,2025-02-24,1,7,194,878,7,25205,1,0
8123,28022,1,2025-06-23,1,1,31,137,1,25208,1,0
8124,28024,1,2024-06-15,1,11,222,1002,11,25211,1,0
8125,28027,1,2025-11-15,1,1,43,191,1,25212,1,0
8126,28033,1,2025-11-03,1,5,168,764,5,25215,1,0
8127,28033,1,2026-01-26,1,5,168,764,5,25216,1,0
8128,28041,1,2023-07-04,1,2,125,565,2,25221,1,0
8129,28045,1,2024-12-09,1,9,211,952,9,25224,1,0
8130,28052,1,2023-02-15,1,12,230,1041,12,25232,1,0
8131,28055,1,2026-01-29,1,1,112,504,1,25236,1,0
8132,28057,1,2024-02-12,1,30,295,1319,30,25237,1,0
8133,28060,1,2023-12-08,1,1,31,139,1,25239,1,0
8134,28067,1,2024-05-12,1,1,1,1,1,25242,1,0
8135,28071,1,2024-04-01,1,1,47,207,1,25246,1,0
8136,28075,1,2023-12-29,1,9,215,969,9,25253,1,0
8137,28076,1,2023-08-24,1,1,118,531,1,25254,1,0
8138,28079,1,2024-03-25,1,1,71,314,1,25255,1,0
8139,28080,1,2026-07-08,1,23,273,1227,23,25256,1,0
8140,28080,1,2026-07-12,1,23,273,1227,23,25257,1,0
8141,28081,1,2024-01-26,1,28,288,1292,28,25258,1,0
8142,28081,1,2024-03-21,1,28,288,1292,28,25259,1,0
8143,28083,1,2023-12-13,1,9,214,965,9,25262,1,0
8144,28083,1,2023-12-25,1,9,214,965,9,25263,1,0
8145,28085,1,2024-05-10,1,15,244,1102,15,25265,1,0
8146,28097,1,2025-11-10,1,1,69,308,1,25275,1,0
8147,28100,1,2026-07-13,1,1,102,455,1,25277,1,0
8148,28103,1,2025-02-03,1,1,91,404,1,25284,1,0
8149,28103,1,2025-05-19,1,1,91,404,1,25285,1,0
8150,28104,1,2023-09-24,1,1,101,450,1,25286,1,0
8151,28111,1,2024-02-15,1,20,264,1188,20,25289,1,0
8152,28118,1,2026-02-10,1,6,182,825,6,25295,1,0
8153,28118,1,2026-01-12,1,6,182,825,6,25296,1,0
8154,28121,1,2024-02-10,1,1,113,510,1,25298,1,0
8155,28129,1,2025-07-08,1,1,17,73,1,25306,1,0
8156,28129,1,2025-06-23,1,1,17,73,1,25307,1,0
8157,28137,1,2024-12-23,1,4,167,755,4,25313,1,0
8158,28137,1,2025-01-16,1,4,167,755,4,25314,1,0
8159,28144,1,2025-09-11,1,1,110,495,1,25315,1,0
8160,28151,1,2023-11-14,1,1,83,369,1,25320,1,0
8161,28151,1,2023-12-03,1,1,83,369,1,25321,1,0
8162,28152,1,2025-05-10,1,1,101,451,1,25322,1,0
8163,28152,1,2025-03-30,1,1,101,451,1,25323,1,0
8164,28155,1,2025-12-17,1,12,231,1045,12,25324,1,0
8165,28162,1,2025-06-17,1,8,204,922,8,25327,1,0
8166,28164,1,2024-10-26,1,1,47,207,1,25328,1,0
8167,28169,1,2026-01-04,1,16,250,1129,16,25331,1,0
8168,28169,1,2025-12-20,1,16,250,1129,16,25332,1,0
8169,28172,1,2025-09-07,1,1,112,506,1,25334,1,0
8170,28172,1,2025-08-18,1,1,112,506,1,25335,1,0
8171,28172,1,2025-09-07,1,1,112,506,1,25336,1,0
8172,28183,1,2025-03-02,1,8,206,932,8,25344,1,0
8173,28183,1,2024-11-07,1,8,206,932,8,25345,1,0
8174,28190,1,2024-05-15,1,7,191,870,7,25350,1,0
8175,28192,1,2025-08-14,1,7,199,899,7,25351,1,0
8176,28199,1,2023-05-23,1,1,104,467,1,25356,1,0
8177,28200,1,2024-04-07,1,8,202,916,8,25357,1,0
8178,28200,1,2023-11-25,1,8,202,916,8,25358,1,0
8179,28204,1,2023-09-02,1,13,235,1062,13,25363,1,0
8180,28207,1,2025-07-05,1,30,295,1323,30,25365,1,0
8181,28207,1,2025-05-24,1,30,295,1323,30,25366,1,0
8182,28207,1,2025-07-22,1,30,295,1323,30,25367,1,0
8183,28217,1,2023-03-23,1,6,188,855,6,25372,1,0
8184,28217,1,2023-04-13,1,6,188,855,6,25373,1,0
8185,28222,1,2024-04-14,1,1,52,234,1,25381,1,0
8186,28223,1,2024-07-18,1,11,223,1007,11,25382,1,0
8187,28231,1,2023-05-24,1,12,231,1044,12,25387,1,0
8188,28231,1,2023-10-07,1,12,231,1044,12,25388,1,0
8189,28234,1,2024-09-16,1,3,151,686,3,25391,1,0
8190,28239,1,2026-03-21,1,12,228,1033,12,25396,1,0
8191,28239,1,2026-02-06,1,12,228,1033,12,25397,1,0
8192,28242,1,2025-06-12,1,1,41,184,1,25403,1,0
8193,28242,1,2025-07-19,1,1,41,184,1,25404,1,0
8194,28243,1,2025-03-09,1,1,107,482,1,25405,1,0
8195,28247,1,2023-06-01,1,30,295,1319,30,25408,1,0
8196,28249,1,2024-06-08,1,4,156,708,4,25411,1,0
8197,28255,1,2026-05-15,1,12,231,1047,12,25414,1,0
8198,28259,1,2025-12-15,1,10,220,993,10,25419,1,0
8199,28262,1,2023-05-15,1,22,269,1208,22,25422,1,0
8200,28276,1,2025-12-27,1,1,95,420,1,25432,1,0
8201,28276,1,2025-09-16,1,1,95,420,1,25433,1,0
8202,28282,1,2024-05-20,1,3,142,648,3,25438,1,0
8203,28285,1,2023-02-01,1,1,56,254,1,25439,1,0
8204,28286,1,2023-03-29,1,7,191,869,7,25440,1,0
8205,28286,1,2023-03-22,1,7,191,869,7,25442,1,0
8206,28302,1,2024-01-26,1,1,84,371,1,25461,1,0
8207,28302,1,2024-01-18,1,1,84,371,1,25462,1,0
8208,28309,1,2024-10-09,1,4,159,720,4,25468,1,0
8209,28309,1,2024-05-31,1,4,159,720,4,25469,1,0
8210,28314,1,2023-12-31,1,14,241,1089,14,25474,1,0
8211,28314,1,2023-11-30,1,14,241,1089,14,25475,1,0
8212,28318,1,2026-01-06,1,8,203,919,8,25479,1,0
8213,28324,1,2024-06-10,1,1,84,371,1,25482,1,0
8214,28324,1,2024-03-18,1,1,84,371,1,25483,1,0
8215,28325,1,2024-10-14,1,13,237,1074,13,25484,1,0
8216,28325,1,2024-09-05,1,13,237,1074,13,25485,1,0
8217,28325,1,2024-08-26,1,13,237,1074,13,25486,1,0
8218,28330,1,2025-01-25,1,3,144,652,3,25487,1,0
8219,28330,1,2025-04-06,1,3,144,652,3,25488,1,0
8220,28338,1,2023-11-22,1,30,294,1317,30,25491,1,0
8221,28343,1,2026-07-13,1,10,221,1000,10,25494,1,0
8222,28353,1,2023-02-02,1,18,256,1159,18,25498,1,0
8223,28354,1,2024-12-23,1,5,181,822,5,25499,1,0
8224,28356,1,2026-02-14,1,3,152,687,3,25501,1,0
8225,28359,1,2025-11-28,1,6,184,835,6,25502,1,0
8226,28359,1,2025-11-17,1,6,184,835,6,25503,1,0
8227,28363,1,2025-05-07,1,1,48,213,1,25506,1,0
8228,28370,1,2024-02-02,1,1,8,37,1,25511,1,0
8229,28374,1,2024-02-03,1,1,58,260,1,25518,1,0
8230,28375,1,2026-02-04,1,10,216,976,10,25520,1,0
8231,28378,1,2023-07-09,1,4,163,735,4,25523,1,0
8232,28380,1,2023-10-29,1,4,158,718,4,25524,1,0
8233,28385,1,2026-06-02,1,16,250,1130,16,25529,1,0
8234,28385,1,2026-04-30,1,16,250,1130,16,25531,1,0
8235,28394,1,2025-04-18,1,1,14,61,1,25538,1,0
8236,28401,1,2024-06-28,1,1,105,472,1,25540,1,0
8237,28401,1,2024-07-01,1,1,105,472,1,25541,1,0
8238,28401,1,2024-06-27,1,1,105,472,1,25542,1,0
8239,28402,1,2026-03-26,1,2,132,599,2,25543,1,0
8240,28407,1,2026-02-06,1,8,205,929,8,25545,1,0
8241,28408,1,2026-07-13,1,4,154,700,4,25546,1,0
8242,28413,1,2024-06-18,1,1,104,466,1,25555,1,0
8243,28416,1,2026-04-01,1,8,209,944,8,25558,1,0
8244,28416,1,2026-05-12,1,8,209,944,8,25559,1,0
8245,28428,1,2025-07-13,1,1,113,510,1,25569,1,0
8246,28432,1,2026-02-27,1,4,162,733,4,25570,1,0
8247,28432,1,2026-02-25,1,4,162,733,4,25571,1,0
8248,28437,1,2024-09-14,1,1,115,520,1,25574,1,0
8249,28437,1,2024-09-09,1,1,115,520,1,25575,1,0
8250,28446,1,2025-09-21,1,2,135,610,2,25585,1,0
8251,28447,1,2024-01-02,1,14,238,1077,14,25586,1,0
8252,28447,1,2024-05-23,1,14,238,1077,14,25587,1,0
8253,28449,1,2026-01-17,1,1,70,310,1,25588,1,0
8254,28455,1,2024-03-02,1,2,135,610,2,25596,1,0
8255,28460,1,2023-10-29,1,1,64,287,1,25597,1,0
8256,28471,1,2025-03-14,1,5,176,801,5,25607,1,0
8257,28471,1,2025-05-06,1,5,176,801,5,25608,1,0
8258,28483,1,2025-04-27,1,15,245,1106,15,25618,1,0
8259,28484,1,2024-12-03,1,8,208,940,8,25620,1,0
8260,28490,1,2023-06-29,1,7,199,901,7,25629,1,0
8261,28492,1,2026-04-03,1,1,6,25,1,25630,1,0
8262,28492,1,2026-02-01,1,1,6,25,1,25631,1,0
8263,28494,1,2023-12-08,1,9,213,959,9,25632,1,0
8264,28495,1,2025-09-01,1,3,140,635,3,25633,1,0
8265,28496,1,2026-02-05,1,2,124,558,2,25634,1,0
8266,28501,1,2024-10-27,1,1,15,68,1,25639,1,0
8267,28504,1,2025-06-10,1,14,240,1085,14,25641,1,0
8268,28509,1,2024-09-03,1,2,123,551,2,25643,1,0
8269,28510,1,2024-12-01,1,9,210,949,9,25644,1,0
8270,28511,1,2023-03-20,1,1,26,114,1,25645,1,0
8271,28514,1,2023-02-15,1,1,85,377,1,25647,1,0
8272,28514,1,2023-06-12,1,1,85,377,1,25648,1,0
8273,28522,1,2025-08-02,1,1,55,249,1,25658,1,0
8274,28523,1,2023-06-30,1,1,86,380,1,25659,1,0
8275,28525,1,2023-09-13,1,26,282,1269,26,25662,1,0
8276,28525,1,2023-09-08,1,26,282,1269,26,25663,1,0
8277,28533,1,2025-12-13,1,3,150,679,3,25670,1,0
8278,28534,1,2024-05-01,1,1,104,469,1,25671,1,0
8279,28538,1,2025-08-15,1,1,104,465,1,25673,1,0
8280,28538,1,2025-06-27,1,1,104,465,1,25674,1,0
8281,28539,1,2023-05-12,1,31,298,1332,31,25675,1,0
8282,28544,1,2024-10-14,1,8,209,944,8,25680,1,1
8283,28546,1,2026-05-07,1,6,189,858,6,25683,1,0
8284,28558,1,2024-09-03,1,1,13,58,1,25694,1,0
8285,28559,1,2026-07-13,1,20,263,1182,20,25695,1,0
8286,28559,1,2026-07-13,1,20,263,1182,20,25696,1,0
8287,28563,1,2025-06-09,1,30,293,1310,30,25699,1,0
8288,28575,1,2025-01-18,1,4,158,715,4,25709,1,0
8289,28577,1,2024-10-04,1,14,241,1088,14,25710,1,0
8290,28577,1,2024-11-06,1,14,241,1088,14,25711,1,0
8291,28579,1,2026-01-01,1,1,77,340,1,25714,1,0
8292,28579,1,2025-12-27,1,1,77,340,1,25715,1,0
8293,28579,1,2025-12-26,1,1,77,340,1,25716,1,0
8294,28587,1,2025-04-09,1,1,9,42,1,25725,1,0
8295,28601,1,2023-11-10,1,1,29,131,1,25739,1,0
8296,28605,1,2025-03-12,1,23,274,1230,23,25742,1,0
8297,28607,1,2023-08-31,1,1,31,138,1,25743,1,0
8298,28608,1,2026-07-13,1,5,179,811,5,25744,1,0
8299,28609,1,2023-12-09,1,18,259,1171,18,25745,1,0
8300,28611,1,2026-04-27,1,3,146,661,3,25748,1,0
8301,28619,1,2025-01-27,1,17,252,1140,17,25757,1,0
8302,28624,1,2026-03-01,1,21,266,1198,21,25759,1,0
8303,28624,1,2026-05-26,1,21,266,1198,21,25760,1,0
8304,28625,1,2026-07-13,1,1,80,354,1,25761,1,0
8305,28626,1,2024-02-07,1,4,156,709,4,25762,1,0
8306,28626,1,2024-02-29,1,4,156,709,4,25764,1,0
8307,28629,1,2023-06-22,1,1,90,397,1,25767,1,0
8308,28636,1,2023-03-31,1,3,142,646,3,25771,1,0
8309,28639,1,2026-03-23,1,14,241,1088,14,25772,1,0
8310,28641,1,2025-10-15,1,6,189,859,6,25776,1,0
8311,28641,1,2025-11-25,1,6,189,859,6,25777,1,0
8312,28655,1,2024-08-14,1,1,111,498,1,25788,1,0
8313,28655,1,2024-09-15,1,1,111,498,1,25789,1,0
8314,28658,1,2026-07-12,1,5,177,802,5,25791,1,0
8315,28664,1,2025-02-11,1,3,136,616,3,25794,1,0
8316,28665,1,2023-08-03,1,1,64,285,1,25795,1,0
8317,28671,1,2024-03-03,1,1,45,202,1,25803,1,0
8318,28672,1,2025-09-05,1,1,113,511,1,25804,1,0
8319,28673,1,2025-01-25,1,1,42,185,1,25806,1,0
8320,28673,1,2025-02-18,1,1,42,185,1,25807,1,0
8321,28682,1,2024-05-19,1,1,69,307,1,25814,1,0
8322,28689,1,2026-05-21,1,4,159,721,4,25821,1,0
8323,28699,1,2023-11-08,1,7,198,897,7,25827,1,0
8324,28707,1,2023-04-24,1,17,252,1138,17,25836,1,0
8325,28708,1,2024-09-22,1,1,45,198,1,25837,1,0
8326,28708,1,2024-06-29,1,1,45,198,1,25838,1,0
8327,28719,1,2024-03-17,1,1,104,467,1,25849,1,0
8328,28728,1,2026-02-04,1,7,191,868,7,25853,1,0
8329,28729,1,2024-06-19,1,2,132,598,2,25855,1,0
8330,28730,1,2026-05-18,1,10,218,985,10,25857,1,0
8331,28733,1,2024-05-16,1,3,142,646,3,25859,1,0
8332,28736,1,2024-05-11,1,2,128,583,2,25860,1,0
8333,28740,1,2024-10-17,1,3,138,627,3,25863,1,0
8334,28745,1,2023-10-16,1,1,3,9,1,25869,1,0
8335,28747,1,2024-02-27,1,1,61,271,1,25871,1,0
8336,28747,1,2024-02-14,1,1,61,271,1,25872,1,0
8337,28754,1,2023-10-22,1,12,231,1046,12,25881,1,0
8338,28772,1,2024-12-07,1,9,215,970,9,25896,1,0
8339,28779,1,2025-09-23,1,7,191,867,7,25900,1,0
8340,28783,1,2024-11-02,1,29,290,1301,29,25906,1,0
8341,28791,1,2024-10-06,1,22,269,1210,22,25915,1,0
8342,28791,1,2024-10-24,1,22,269,1210,22,25916,1,0
8343,28793,1,2026-05-19,1,1,13,56,1,25918,1,0
8344,28793,1,2026-05-28,1,1,13,56,1,25919,1,0
8345,28808,1,2023-06-27,1,6,190,864,6,25926,1,0
8346,28810,1,2024-09-10,1,1,39,172,1,25928,1,0
8347,28812,1,2025-02-23,1,31,296,1325,31,25930,1,0
8348,28814,1,2023-12-15,1,4,158,715,4,25933,1,0
8349,28814,1,2023-12-26,1,4,158,715,4,25934,1,0
8350,28821,1,2025-01-30,1,28,289,1296,28,25941,1,0
8351,28823,1,2026-07-07,1,2,122,549,2,25943,1,0
8352,28837,1,2024-07-08,1,1,23,98,1,25954,1,0
8353,28847,1,2025-01-09,1,10,221,1000,10,25963,1,0
8354,28847,1,2024-12-08,1,10,221,1000,10,25964,1,0
8355,28848,1,2026-07-13,1,1,9,42,1,25965,1,0
8356,28849,1,2025-05-04,1,16,251,1133,16,25966,1,0
8357,28851,1,2025-09-24,1,5,176,801,5,25967,1,0
8358,28855,1,2026-07-13,1,4,164,740,4,25971,1,0
8359,28863,1,2025-03-14,1,8,203,921,8,25985,1,0
8360,28864,1,2023-09-02,1,2,125,565,2,25986,1,0
8361,28864,1,2023-10-16,1,2,125,565,2,25987,1,0
8362,28873,1,2026-01-11,1,19,262,1180,19,25993,1,0
8363,28876,1,2024-02-09,1,23,274,1231,23,26000,1,0
8364,28877,1,2024-03-31,1,2,134,608,2,26002,1,0
8365,28879,1,2024-12-18,1,2,131,593,2,26003,1,0
8366,28880,1,2025-05-18,1,14,239,1081,14,26004,1,0
8367,28880,1,2025-03-06,1,14,239,1081,14,26005,1,0
8368,28880,1,2025-02-16,1,14,239,1081,14,26006,1,0
8369,28882,1,2026-07-13,1,3,139,632,3,26007,1,0
8370,28897,1,2025-09-26,1,1,100,446,1,26018,1,0
8371,28897,1,2025-06-16,1,1,100,446,1,26019,1,0
8372,28905,1,2026-07-13,1,5,173,789,5,26027,1,0
8373,28917,1,2025-11-27,1,5,181,823,5,26034,1,0
8374,28921,1,2025-07-24,1,4,164,740,4,26036,1,0
8375,28927,1,2026-07-13,1,6,185,838,6,26040,1,0
8376,28939,1,2024-12-08,1,17,252,1138,17,26046,1,0
8377,28939,1,2024-11-25,1,17,252,1138,17,26047,1,1
8378,28940,1,2023-11-06,1,8,202,914,8,26048,1,0
8379,28940,1,2023-08-18,1,8,202,914,8,26049,1,0
8380,28947,1,2023-06-20,1,20,265,1192,20,26055,1,0
8381,28949,1,2025-10-12,1,18,259,1172,18,26056,1,0
8382,28950,1,2026-05-05,1,1,113,511,1,26057,1,0
8383,28957,1,2025-07-10,1,5,179,813,5,26064,1,0
8384,28960,1,2026-05-21,1,9,214,967,9,26065,1,0
8385,28960,1,2026-05-08,1,9,214,967,9,26066,1,0
8386,28961,1,2024-12-12,1,23,274,1228,23,26067,1,0
8387,28961,1,2025-01-06,1,23,274,1228,23,26068,1,0
8388,28964,1,2026-02-21,1,1,19,84,1,26069,1,0
8389,28964,1,2026-02-01,1,1,19,84,1,26071,1,0
8390,28967,1,2026-01-02,1,1,20,88,1,26072,1,0
8391,28970,1,2025-03-01,1,1,66,295,1,26075,1,0
8392,28980,1,2024-10-21,1,15,247,1119,15,26086,1,0
8393,28982,1,2024-09-01,1,18,256,1157,18,26087,1,0
8394,28984,1,2023-09-23,1,3,143,651,3,26088,1,0
8395,28986,1,2024-08-26,1,1,16,71,1,26089,1,0
8396,28986,1,2024-05-04,1,1,16,71,1,26090,1,0
8397,28987,1,2023-11-27,1,1,99,443,1,26091,1,0
8398,28998,1,2024-08-12,1,2,129,585,2,26098,1,0
8399,29001,1,2024-06-25,1,1,47,211,1,26100,1,0
8400,29007,1,2023-06-27,1,1,118,531,1,26104,1,0
8401,29008,1,2023-04-01,1,1,105,472,1,26105,1,0
8402,29012,1,2025-07-17,1,14,242,1092,14,26108,1,0
8403,29024,1,2023-04-25,1,2,135,611,2,26116,1,0
8404,29024,1,2023-03-08,1,2,135,611,2,26117,1,0
8405,29027,1,2026-07-13,1,29,290,1299,29,26120,1,0
8406,29027,1,2026-05-12,1,29,290,1299,29,26121,1,0
8407,29027,1,2026-07-13,1,29,290,1299,29,26122,1,0
8408,29030,1,2025-07-03,1,5,173,787,5,26126,1,0
8409,29037,1,2026-07-13,1,1,54,247,1,26134,1,0
8410,29037,1,2026-07-13,1,1,54,247,1,26135,1,0
8411,29041,1,2024-08-13,1,1,94,414,1,26141,1,0
8412,29052,1,2026-03-08,1,14,240,1086,14,26150,1,0
8413,29067,1,2026-05-01,1,3,139,632,3,26162,1,0
8414,29077,1,2023-05-11,1,12,231,1045,12,26173,1,0
8415,29077,1,2023-07-19,1,12,231,1045,12,26174,1,0
8416,29077,1,2023-02-04,1,12,231,1045,12,26175,1,0
8417,29079,1,2025-03-09,1,4,161,727,4,26178,1,0
8418,29089,1,2024-12-02,1,1,46,203,1,26183,1,0
8419,29094,1,2023-04-17,1,5,181,822,5,26186,1,0
8420,29096,1,2023-08-29,1,2,134,608,2,26187,1,0
8421,29096,1,2023-05-10,1,2,134,608,2,26188,1,0
8422,29097,1,2025-10-13,1,1,42,186,1,26189,1,0
8423,29097,1,2025-08-15,1,1,42,186,1,26190,1,0
8424,29107,1,2023-10-09,1,22,270,1213,22,26193,1,1
8425,29108,1,2025-12-30,1,5,179,811,5,26194,1,0
8426,29110,1,2024-12-25,1,1,18,78,1,26196,1,0
8427,29114,1,2026-07-13,1,5,177,803,5,26202,1,0
8428,29114,1,2026-07-13,1,5,177,803,5,26203,1,0
8429,29116,1,2023-10-19,1,9,213,963,9,26204,1,0
8430,29116,1,2023-09-08,1,9,213,963,9,26205,1,0
8431,29121,1,2023-02-10,1,8,204,923,8,26210,1,0
8432,29125,1,2026-07-13,1,10,220,996,10,26214,1,0
8433,29126,1,2025-12-31,1,1,88,390,1,26216,1,0
8434,29127,1,2025-05-07,1,7,199,899,7,26217,1,0
8435,29127,1,2025-05-13,1,7,199,899,7,26218,1,0
8436,29133,1,2023-10-10,1,2,126,573,2,26222,1,0
8437,29134,1,2024-07-21,1,1,86,381,1,26223,1,0
8438,29134,1,2024-07-29,1,1,86,381,1,26224,1,0
8439,29135,1,2025-11-17,1,2,129,587,2,26225,1,0
8440,29136,1,2024-08-10,1,2,122,550,2,26226,1,0
8441,29136,1,2024-08-10,1,2,122,550,2,26227,1,0
8442,29136,1,2024-06-23,1,2,122,550,2,26228,1,0
8443,29141,1,2025-08-24,1,15,245,1108,15,26229,1,0
8444,29142,1,2023-08-16,1,25,278,1247,25,26230,1,0
8445,29148,1,2024-07-14,1,1,16,71,1,26237,1,0
8446,29153,1,2025-10-10,1,10,217,982,10,26239,1,0
8447,29164,1,2026-04-16,1,7,198,897,7,26250,1,0
8448,29179,1,2024-09-12,1,1,88,392,1,26265,1,0
8449,29182,1,2023-10-18,1,1,77,341,1,26267,1,0
8450,29182,1,2023-09-27,1,1,77,341,1,26268,1,0
8451,29186,1,2026-04-27,1,16,248,1120,16,26272,1,0
8452,29187,1,2024-09-09,1,1,84,373,1,26273,1,0
8453,29203,1,2025-08-13,1,2,127,575,2,26286,1,0
8454,29203,1,2025-07-06,1,2,127,575,2,26287,1,0
8455,29208,1,2026-05-16,1,5,173,789,5,26292,1,0
8456,29209,1,2024-02-17,1,1,95,417,1,26293,1,0
8457,29209,1,2024-02-18,1,1,95,417,1,26294,1,0
8458,29211,1,2025-06-26,1,1,107,478,1,26296,1,0
8459,29216,1,2023-07-14,1,1,120,542,1,26298,1,0
8460,29234,1,2024-04-28,1,22,270,1212,22,26309,1,0
8461,29234,1,2024-05-05,1,22,270,1212,22,26310,1,0
8462,29234,1,2024-06-22,1,22,270,1212,22,26311,1,0
8463,29235,1,2023-04-26,1,1,32,141,1,26312,1,0
8464,29243,1,2026-07-13,1,11,227,1025,11,26318,1,0
8465,29243,1,2026-07-13,1,11,227,1025,11,26319,1,0
8466,29243,1,2026-07-13,1,11,227,1025,11,26320,1,0
8467,29245,1,2026-06-19,1,1,45,199,1,26322,1,0
8468,29245,1,2026-07-13,1,1,45,199,1,26323,1,0
8469,29248,1,2026-01-29,1,1,117,525,1,26326,1,0
8470,29253,1,2023-09-27,1,23,272,1221,23,26332,1,0
8471,29256,1,2026-07-13,1,15,246,1113,15,26333,1,0
8472,29257,1,2025-12-17,1,5,172,785,5,26334,1,0
8473,29275,1,2023-08-04,1,1,69,305,1,26349,1,0
8474,29282,1,2025-11-26,1,1,91,402,1,26351,1,0
8475,29287,1,2025-06-18,1,1,40,175,1,26355,1,0
8476,29287,1,2025-02-09,1,1,40,175,1,26356,1,0
8477,29289,1,2025-02-21,1,22,269,1207,22,26357,1,0
8478,29290,1,2023-07-19,1,1,65,290,1,26358,1,0
8479,29290,1,2023-11-19,1,1,65,290,1,26359,1,0
8480,29292,1,2023-09-21,1,29,291,1304,29,26360,1,0
8481,29292,1,2023-08-17,1,29,291,1304,29,26361,1,0
8482,29294,1,2023-07-19,1,8,204,924,8,26362,1,0
8483,29301,1,2024-06-17,1,2,127,576,2,26374,1,0
8484,29302,1,2024-09-17,1,1,12,55,1,26375,1,0
8485,29303,1,2024-03-06,1,13,236,1064,13,26377,1,0
8486,29303,1,2024-03-18,1,13,236,1064,13,26379,1,0
8487,29304,1,2025-05-24,1,6,185,841,6,26380,1,0
8488,29317,1,2026-03-31,1,4,162,733,4,26391,1,0
8489,29321,1,2024-05-27,1,15,245,1110,15,26392,1,0
8490,29324,1,2025-09-06,1,5,176,800,5,26395,1,0
8491,29324,1,2025-05-26,1,5,176,800,5,26396,1,0
8492,29331,1,2025-04-08,1,1,29,128,1,26406,1,0
8493,29334,1,2024-06-08,1,6,184,833,6,26410,1,0
8494,29337,1,2023-01-23,1,1,60,267,1,26413,1,0
8495,29337,1,2023-01-25,1,1,60,267,1,26414,1,0
8496,29338,1,2025-12-03,1,17,255,1153,17,26415,1,0
8497,29338,1,2025-10-28,1,17,255,1153,17,26416,1,0
8498,29346,1,2023-12-06,1,11,223,1007,11,26420,1,0
8499,29348,1,2023-09-14,1,1,65,290,1,26421,1,0
8500,29348,1,2023-09-23,1,1,65,290,1,26422,1,0
8501,29349,1,2025-06-19,1,2,127,578,2,26423,1,0
8502,29356,1,2023-03-06,1,4,158,715,4,26428,1,0
8503,29357,1,2024-08-15,1,17,252,1141,17,26429,1,0
8504,29357,1,2024-10-02,1,17,252,1141,17,26430,1,0
8505,29363,1,2026-07-13,1,1,45,201,1,26437,1,0
8506,29363,1,2026-07-13,1,1,45,201,1,26438,1,0
8507,29363,1,2026-07-07,1,1,45,201,1,26439,1,0
8508,29367,1,2025-07-17,1,2,126,569,2,26442,1,0
8509,29367,1,2025-07-13,1,2,126,569,2,26443,1,0
8510,29371,1,2024-09-29,1,3,148,670,3,26445,1,0
8511,29371,1,2024-11-30,1,3,148,670,3,26446,1,0
8512,29372,1,2025-03-27,1,3,143,651,3,26447,1,0
8513,29377,1,2024-11-05,1,27,284,1275,27,26453,1,0
8514,29378,1,2026-06-25,1,4,160,722,4,26454,1,0
8515,29383,1,2024-09-16,1,25,280,1259,25,26458,1,0
8516,29387,1,2026-02-08,1,1,120,542,1,26464,1,0
8517,29387,1,2026-02-18,1,1,120,542,1,26465,1,0
8518,29396,1,2024-09-28,1,1,1,1,1,26468,1,0
8519,29397,1,2024-01-15,1,1,113,508,1,26469,1,0
8520,29434,1,2025-09-27,1,3,137,622,3,26501,1,0
8521,29442,1,2026-05-22,1,14,238,1076,14,26505,1,0
8522,29444,1,2023-06-22,1,6,183,828,6,26507,1,0
8523,29444,1,2023-10-03,1,6,183,828,6,26508,1,0
8524,29445,1,2025-01-09,1,5,175,797,5,26509,1,0
8525,29449,1,2024-06-23,1,8,207,934,8,26514,1,0
8526,29449,1,2024-07-02,1,8,207,934,8,26515,1,0
8527,29470,1,2024-07-18,1,17,253,1144,17,26535,1,0
8528,29471,1,2026-03-15,1,1,119,538,1,26536,1,0
8529,29483,1,2025-11-04,1,1,82,361,1,26541,1,0
8530,29484,1,2025-02-20,1,1,80,354,1,26542,1,0
8531,29486,1,2024-02-13,1,6,188,856,6,26544,1,0
8532,29487,1,2024-01-31,1,10,221,999,10,26545,1,0
8533,29487,1,2024-02-14,1,10,221,999,10,26546,1,0
8534,29493,1,2023-06-16,1,20,264,1189,20,26549,1,0
8535,29506,1,2026-05-12,1,1,61,273,1,26558,1,0
8536,29506,1,2026-02-27,1,1,61,273,1,26559,1,0
8537,29508,1,2023-10-23,1,19,260,1174,19,26560,1,0
8538,29509,1,2026-07-13,1,1,78,346,1,26561,1,0
8539,29510,1,2024-04-25,1,1,24,107,1,26562,1,0
8540,29511,1,2024-06-14,1,1,18,80,1,26563,1,0
8541,29523,1,2025-06-11,1,1,65,291,1,26573,1,0
8542,29528,1,2023-09-10,1,1,109,487,1,26575,1,0
8543,29528,1,2023-07-12,1,1,109,487,1,26576,1,0
8544,29538,1,2025-07-04,1,24,275,1233,24,26593,1,0
8545,29545,1,2023-06-03,1,3,153,696,3,26601,1,0
8546,29545,1,2023-07-10,1,3,153,696,3,26603,1,0
8547,29546,1,2023-01-25,1,3,138,628,3,26604,1,0
8548,29547,1,2024-04-02,1,11,224,1016,11,26605,1,0
8549,29551,1,2023-05-22,1,10,216,971,10,26606,1,0
8550,29552,1,2026-03-27,1,11,225,1020,11,26607,1,0
8551,29553,1,2025-04-19,1,4,160,723,4,26608,1,0
8552,29554,1,2025-08-23,1,11,226,1024,11,26609,1,0
8553,29556,1,2025-02-05,1,1,12,54,1,26610,1,0
8554,29558,1,2026-03-11,1,4,167,754,4,26613,1,0
8555,29559,1,2026-05-20,1,1,21,93,1,26614,1,0
8556,29565,1,2024-03-19,1,2,129,587,2,26618,1,0
8557,29569,1,2025-01-06,1,7,195,883,7,26620,1,0
8558,29571,1,2026-05-01,1,1,31,137,1,26622,1,0
8559,29575,1,2026-06-27,1,1,37,163,1,26623,1,0
8560,29575,1,2026-07-13,1,1,37,163,1,26624,1,0
8561,29577,1,2023-11-23,1,1,7,31,1,26626,1,0
8562,29577,1,2023-11-30,1,1,7,31,1,26627,1,0
8563,29577,1,2023-12-19,1,1,7,31,1,26628,1,0
8564,29578,1,2023-04-07,1,1,80,355,1,26629,1,0
8565,29580,1,2024-12-08,1,17,254,1149,17,26632,1,0
8566,29581,1,2026-07-13,1,1,28,125,1,26633,1,0
8567,29581,1,2026-07-13,1,1,28,125,1,26634,1,0
8568,29582,1,2024-04-09,1,5,181,820,5,26635,1,0
8569,29582,1,2023-11-06,1,5,181,820,5,26636,1,0
8570,29585,1,2023-10-01,1,15,245,1107,15,26638,1,0
8571,29586,1,2025-05-12,1,14,238,1076,14,26639,1,0
8572,29587,1,2023-12-25,1,3,137,620,3,26640,1,0
8573,29591,1,2025-04-13,1,23,272,1222,23,26644,1,0
8574,29608,1,2024-01-09,1,1,110,495,1,26655,1,0
8575,29609,1,2025-05-16,1,1,81,360,1,26656,1,0
8576,29621,1,2026-01-01,1,4,164,741,4,26668,1,0
8577,29626,1,2023-08-23,1,1,7,28,1,26673,1,0
8578,29632,1,2025-12-16,1,28,288,1293,28,26678,1,0
8579,29634,1,2024-10-17,1,17,255,1153,17,26679,1,0
8580,29634,1,2024-10-06,1,17,255,1153,17,26680,1,0
8581,29635,1,2025-07-06,1,1,38,167,1,26681,1,0
8582,29636,1,2025-06-30,1,16,248,1122,16,26682,1,0
8583,29636,1,2025-07-09,1,16,248,1122,16,26683,1,0
8584,29638,1,2024-10-13,1,12,229,1036,12,26685,1,0
8585,29638,1,2024-10-01,1,12,229,1036,12,26686,1,0
8586,29640,1,2023-06-28,1,2,135,612,2,26688,1,0
8587,29640,1,2023-05-09,1,2,135,612,2,26689,1,0
8588,29647,1,2024-06-24,1,17,255,1153,17,26692,1,0
8589,29659,1,2024-03-02,1,1,51,231,1,26700,1,0
8590,29659,1,2024-02-29,1,1,51,231,1,26701,1,0
8591,29659,1,2024-06-08,1,1,51,231,1,26702,1,0
8592,29668,1,2024-03-14,1,1,90,398,1,26708,1,0
8593,29670,1,2024-08-03,1,15,244,1102,15,26710,1,0
8594,29675,1,2024-02-16,1,1,104,465,1,26714,1,0
8595,29678,1,2023-06-06,1,1,86,381,1,26718,1,0
8596,29689,1,2024-04-28,1,7,198,896,7,26724,1,0
8597,29689,1,2024-05-27,1,7,198,896,7,26725,1,1
8598,29691,1,2025-04-25,1,1,32,140,1,26726,1,0
8599,29692,1,2026-07-13,1,3,141,638,3,26727,1,0
8600,29699,1,2023-08-21,1,21,268,1204,21,26730,1,0
8601,29701,1,2025-09-22,1,1,30,133,1,26732,1,0
8602,29701,1,2025-08-29,1,1,30,133,1,26733,1,0
8603,29703,1,2023-12-07,1,4,167,756,4,26735,1,0
8604,29706,1,2025-08-14,1,1,80,355,1,26739,1,0
8605,29713,1,2025-07-04,1,3,149,673,3,26745,1,0
8606,29713,1,2025-06-18,1,3,149,673,3,26746,1,0
8607,29724,1,2024-09-29,1,1,86,384,1,26752,1,0
8608,29729,1,2023-11-16,1,7,195,885,7,26758,1,0
8609,29729,1,2023-11-23,1,7,195,885,7,26759,1,0
8610,29731,1,2025-11-17,1,2,123,553,2,26764,1,0
8611,29732,1,2024-04-13,1,1,91,404,1,26765,1,0
8612,29748,1,2026-03-24,1,6,184,836,6,26783,1,0
8613,29756,1,2025-11-24,1,27,286,1283,27,26790,1,0
8614,29757,1,2023-08-28,1,9,210,946,9,26792,1,0
8615,29765,1,2023-04-18,1,18,256,1159,18,26800,1,0
8616,29768,1,2026-07-13,1,22,270,1212,22,26801,1,0
8617,29775,1,2026-02-11,1,13,233,1054,13,26804,1,0
8618,29780,1,2024-01-29,1,1,97,430,1,26808,1,0
8619,29786,1,2024-05-31,1,1,61,271,1,26815,1,0
8620,29786,1,2024-06-17,1,1,61,271,1,26816,1,0
8621,29786,1,2024-06-21,1,1,61,271,1,26817,1,0
8622,29789,1,2025-06-11,1,1,20,88,1,26818,1,0
8623,29790,1,2024-04-12,1,7,192,871,7,26820,1,0
8624,29794,1,2025-10-02,1,1,55,249,1,26825,1,0
8625,29802,1,2023-07-15,1,1,83,366,1,26830,1,0
8626,29808,1,2024-08-18,1,9,211,950,9,26835,1,0
8627,29814,1,2026-01-05,1,16,250,1130,16,26839,1,0
8628,29818,1,2025-02-27,1,22,269,1208,22,26842,1,0
8629,29820,1,2025-04-04,1,2,124,557,2,26845,1,0
8630,29820,1,2025-05-26,1,2,124,557,2,26846,1,0
8631,29822,1,2025-03-19,1,3,143,649,3,26849,1,0
8632,29823,1,2024-08-13,1,1,56,254,1,26850,1,0
8633,29827,1,2023-09-01,1,5,175,795,5,26854,1,0
8634,29827,1,2023-08-01,1,5,175,795,5,26856,1,0
8635,29842,1,2024-07-04,1,1,55,249,1,26865,1,0
8636,29842,1,2024-06-16,1,1,55,249,1,26866,1,0
8637,29842,1,2024-11-11,1,1,55,249,1,26867,1,0
8638,29845,1,2024-05-15,1,5,174,792,5,26869,1,0
8639,29846,1,2026-06-08,1,3,139,631,3,26870,1,0
8640,29846,1,2026-04-24,1,3,139,631,3,26871,1,0
8641,29846,1,2026-06-15,1,3,139,631,3,26872,1,0
8642,29851,1,2026-02-03,1,13,237,1073,13,26877,1,0
8643,29856,1,2024-05-25,1,4,160,725,4,26884,1,0
8644,29860,1,2026-01-07,1,27,285,1278,27,26888,1,0
8645,29865,1,2023-05-17,1,4,158,715,4,26892,1,0
8646,29869,1,2025-06-29,1,1,87,386,1,26895,1,0
8647,29869,1,2025-06-17,1,1,87,386,1,26896,1,0
8648,29869,1,2025-07-26,1,1,87,386,1,26897,1,0
8649,29871,1,2023-08-20,1,12,230,1041,12,26899,1,0
8650,29871,1,2023-08-20,1,12,230,1041,12,26900,1,0
8651,29871,1,2023-06-30,1,12,230,1041,12,26901,1,0
8652,29872,1,2023-12-29,1,1,114,514,1,26902,1,0
8653,29872,1,2023-09-19,1,1,114,514,1,26904,1,0
8654,29878,1,2025-01-24,1,7,191,867,7,26908,1,0
8655,29882,1,2024-04-27,1,1,23,98,1,26910,1,0
8656,29885,1,2025-07-15,1,1,69,307,1,26913,1,0
8657,29889,1,2023-06-03,1,3,145,655,3,26915,1,0
8658,29890,1,2025-12-24,1,1,108,485,1,26916,1,0
8659,29896,1,2026-02-12,1,3,138,625,3,26921,1,0
8660,29896,1,2025-12-02,1,3,138,625,3,26922,1,0
8661,29900,1,2024-01-01,1,14,239,1081,14,26926,1,0
8662,29903,1,2023-09-27,1,8,207,934,8,26929,1,0
8663,29903,1,2023-09-18,1,8,207,934,8,26930,1,0
8664,29925,1,2025-09-30,1,1,25,108,1,26944,1,0
8665,29925,1,2025-08-13,1,1,25,108,1,26945,1,0
8666,29933,1,2024-05-25,1,10,217,979,10,26952,1,0
8667,29934,1,2023-12-14,1,30,295,1322,30,26953,1,0
8668,29934,1,2023-07-17,1,30,295,1322,30,26954,1,0
8669,29934,1,2023-07-29,1,30,295,1322,30,26955,1,0
8670,29936,1,2026-05-17,1,1,91,404,1,26956,1,0
8671,29942,1,2024-03-03,1,1,93,413,1,26960,1,0
8672,29944,1,2023-08-10,1,1,50,227,1,26962,1,0
8673,29949,1,2024-01-13,1,1,89,395,1,26968,1,0
8674,29950,1,2025-04-21,1,14,242,1093,14,26969,1,0
8675,29951,1,2026-07-13,1,1,65,291,1,26970,1,0
8676,29953,1,2024-10-11,1,7,194,881,7,26972,1,0
8677,29969,1,2026-04-08,1,1,36,161,1,26988,1,0
8678,29971,1,2026-07-13,1,1,17,73,1,26991,1,0
8679,29974,1,2024-04-21,1,3,151,684,3,26992,1,0
8680,29974,1,2024-06-03,1,3,151,684,3,26993,1,0
8681,29975,1,2025-03-14,1,2,128,580,2,26994,1,0
8682,29978,1,2024-11-22,1,15,246,1112,15,26996,1,0
8683,29978,1,2024-11-22,1,15,246,1112,15,26997,1,0
8684,29980,1,2024-12-01,1,14,240,1082,14,26999,1,0
8685,29985,1,2026-07-13,1,6,183,830,6,27002,1,0
8686,29985,1,2026-06-25,1,6,183,830,6,27003,1,0
8687,29988,1,2024-11-09,1,7,191,867,7,27008,1,0
8688,29988,1,2024-10-22,1,7,191,867,7,27009,1,0
8689,29994,1,2026-06-23,1,1,37,164,1,27012,1,0
8690,30004,1,2024-04-23,1,1,38,166,1,27020,1,0
8691,30005,1,2024-10-22,1,5,168,761,5,27021,1,0
8692,30005,1,2024-12-25,1,5,168,761,5,27022,1,0
8693,30009,1,2023-10-24,1,17,252,1141,17,27027,1,0
8694,30032,1,2025-01-13,1,1,105,474,1,27040,1,0
8695,30032,1,2025-01-13,1,1,105,474,1,27041,1,0
8696,30034,1,2025-01-25,1,1,72,319,1,27042,1,0
8697,30037,1,2025-02-19,1,3,144,652,3,27043,1,0
8698,30039,1,2024-02-02,1,12,228,1032,12,27047,1,0
8699,30043,1,2024-06-26,1,30,295,1319,30,27049,1,0
8700,30043,1,2024-06-19,1,30,295,1319,30,27050,1,0
8701,30051,1,2024-02-05,1,1,26,115,1,27057,1,0
8702,30051,1,2024-02-08,1,1,26,115,1,27058,1,0
8703,30053,1,2025-12-11,1,1,47,208,1,27059,1,0
8704,30058,1,2024-11-12,1,1,114,513,1,27062,1,0
8705,30062,1,2025-12-05,1,1,106,476,1,27068,1,0
8706,30073,1,2023-07-15,1,3,147,667,3,27079,1,0
8707,30075,1,2024-05-14,1,1,103,462,1,27081,1,0
8708,30077,1,2024-11-28,1,17,254,1146,17,27082,1,1
8709,30084,1,2023-04-27,1,1,67,296,1,27089,1,0
8710,30086,1,2024-10-10,1,24,277,1241,24,27093,1,0
8711,30087,1,2024-04-16,1,2,124,562,2,27094,1,0
8712,30087,1,2024-08-16,1,2,124,562,2,27095,1,0
8713,30087,1,2024-08-21,1,2,124,562,2,27096,1,0
8714,30091,1,2025-05-02,1,1,23,99,1,27099,1,0
8715,30093,1,2026-03-21,1,2,130,591,2,27101,1,0
8716,30095,1,2023-10-11,1,7,201,907,7,27104,1,0
8717,30096,1,2023-10-09,1,1,6,27,1,27105,1,0
8718,30102,1,2024-11-19,1,15,246,1111,15,27111,1,0
8719,30105,1,2026-05-22,1,7,193,875,7,27113,1,0
8720,30108,1,2024-12-28,1,31,298,1336,31,27115,1,0
8721,30109,1,2025-12-26,1,9,214,965,9,27116,1,0
8722,30112,1,2024-10-23,1,1,112,505,1,27120,1,0
8723,30113,1,2026-07-13,1,1,37,165,1,27121,1,0
8724,30115,1,2024-02-09,1,1,68,301,1,27122,1,0
8725,30125,1,2025-12-08,1,20,263,1183,20,27133,1,0
8726,30126,1,2026-05-21,1,5,179,808,5,27134,1,0
8727,30127,1,2025-04-27,1,7,201,910,7,27135,1,0
8728,30132,1,2026-05-06,1,7,193,876,7,27139,1,0
8729,30136,1,2023-11-30,1,12,230,1041,12,27142,1,0
8730,30136,1,2023-11-17,1,12,230,1041,12,27143,1,0
8731,30141,1,2024-02-03,1,1,21,92,1,27147,1,0
8732,30147,1,2023-03-13,1,7,195,883,7,27157,1,0
8733,30149,1,2025-02-26,1,1,78,342,1,27158,1,0
8734,30150,1,2024-06-01,1,2,130,588,2,27159,1,0
8735,30153,1,2025-02-28,1,2,134,608,2,27163,1,0
8736,30153,1,2025-02-07,1,2,134,608,2,27164,1,0
8737,30159,1,2023-04-22,1,17,255,1151,17,27165,1,0
8738,30160,1,2023-09-20,1,1,47,209,1,27166,1,0
8739,30164,1,2026-04-11,1,1,3,10,1,27169,1,0
8740,30164,1,2026-05-03,1,1,3,10,1,27170,1,0
8741,30168,1,2025-02-28,1,2,124,558,2,27174,1,0
8742,30175,1,2024-05-07,1,14,239,1080,14,27182,1,0
8743,30175,1,2024-05-23,1,14,239,1080,14,27183,1,0
8744,30175,1,2024-06-03,1,14,239,1080,14,27184,1,0
8745,30177,1,2023-07-28,1,25,279,1250,25,27186,1,0
8746,30179,1,2023-11-10,1,29,291,1304,29,27187,1,0
8747,30185,1,2024-12-22,1,1,79,350,1,27190,1,0
8748,30195,1,2024-02-24,1,15,244,1102,15,27201,1,0
8749,30197,1,2024-09-17,1,5,176,798,5,27202,1,0
8750,30197,1,2024-10-05,1,5,176,798,5,27203,1,0
8751,30198,1,2025-02-28,1,5,176,798,5,27204,1,0
8752,30198,1,2025-01-19,1,5,176,798,5,27205,1,0
8753,30198,1,2025-02-04,1,5,176,798,5,27206,1,0
8754,30199,1,2024-05-06,1,30,294,1317,30,27207,1,0
8755,30199,1,2024-03-22,1,30,294,1317,30,27209,1,0
8756,30204,1,2024-08-29,1,16,250,1129,16,27214,1,0
8757,30206,1,2023-11-24,1,1,62,277,1,27215,1,0
8758,30215,1,2025-08-03,1,19,261,1177,19,27226,1,0
8759,30220,1,2025-06-10,1,1,80,353,1,27230,1,0
8760,30220,1,2025-07-03,1,1,80,353,1,27231,1,0
8761,30221,1,2026-01-02,1,4,160,723,4,27232,1,0
8762,30221,1,2026-01-19,1,4,160,723,4,27233,1,0
8763,30222,1,2024-12-30,1,2,126,572,2,27234,1,0
8764,30224,1,2025-07-16,1,2,135,610,2,27235,1,0
8765,30224,1,2025-07-28,1,2,135,610,2,27236,1,0
8766,30229,1,2023-09-19,1,1,82,363,1,27240,1,0
8767,30229,1,2023-10-02,1,1,82,363,1,27241,1,0
8768,30231,1,2025-12-06,1,1,49,223,1,27245,1,0
8769,30231,1,2025-11-20,1,1,49,223,1,27246,1,0
8770,30237,1,2026-01-29,1,28,288,1290,28,27252,1,0
8771,30242,1,2024-05-14,1,3,148,672,3,27253,1,0
8772,30243,1,2024-06-08,1,7,196,888,7,27254,1,0
8773,30246,1,2023-11-19,1,7,193,876,7,27255,1,0
8774,30255,1,2025-03-01,1,5,175,796,5,27260,1,0
8775,30257,1,2026-05-14,1,8,204,923,8,27262,1,0
8776,30262,1,2025-01-22,1,7,191,868,7,27270,1,0
8777,30262,1,2025-01-31,1,7,191,868,7,27271,1,0
8778,30276,1,2024-07-08,1,5,168,760,5,27280,1,0
8779,30277,1,2024-02-25,1,23,272,1223,23,27281,1,0
8780,30296,1,2023-10-15,1,4,166,748,4,27288,1,0
8781,30296,1,2023-08-10,1,4,166,748,4,27289,1,0
8782,30299,1,2024-11-30,1,1,30,132,1,27291,1,0
8783,30300,1,2026-01-09,1,12,228,1033,12,27292,1,0
8784,30301,1,2024-03-17,1,1,114,514,1,27293,1,0
8785,30301,1,2024-04-11,1,1,114,514,1,27294,1,0
8786,30304,1,2023-10-02,1,9,211,950,9,27301,1,0
8787,30312,1,2026-06-03,1,11,223,1010,11,27312,1,0
8788,30313,1,2025-07-27,1,11,224,1014,11,27313,1,0
8789,30313,1,2025-09-06,1,11,224,1014,11,27314,1,0
8790,30318,1,2025-08-26,1,8,203,921,8,27320,1,0
8791,30321,1,2023-03-25,1,7,191,869,7,27321,1,0
8792,30321,1,2023-03-04,1,7,191,869,7,27322,1,0
8793,30326,1,2026-01-22,1,28,287,1286,28,27330,1,0
8794,30333,1,2025-05-17,1,1,105,472,1,27336,1,0
8795,30344,1,2025-08-13,1,1,18,79,1,27345,1,0
8796,30344,1,2025-08-07,1,1,18,79,1,27346,1,0
8797,30344,1,2025-08-01,1,1,18,79,1,27347,1,0
8798,30346,1,2023-12-29,1,1,89,394,1,27348,1,0
8799,30349,1,2025-07-08,1,23,273,1224,23,27352,1,0
8800,30350,1,2023-11-19,1,3,147,667,3,27353,1,0
8801,30364,1,2023-03-18,1,7,199,899,7,27367,1,0
8802,30364,1,2023-03-06,1,7,199,899,7,27368,1,0
8803,30372,1,2025-12-20,1,10,217,982,10,27373,1,0
8804,30373,1,2024-04-21,1,1,50,229,1,27374,1,0
8805,30373,1,2024-03-31,1,1,50,229,1,27375,1,0
8806,30388,1,2023-08-04,1,1,83,368,1,27383,1,0
8807,30390,1,2024-12-05,1,1,82,363,1,27385,1,0
8808,30390,1,2024-12-27,1,1,82,363,1,27386,1,0
8809,30390,1,2024-12-05,1,1,82,363,1,27387,1,0
8810,30391,1,2023-08-26,1,1,68,302,1,27388,1,0
8811,30393,1,2025-12-01,1,8,209,942,8,27391,1,0
8812,30395,1,2024-09-03,1,1,75,335,1,27392,1,0
8813,30395,1,2024-09-17,1,1,75,335,1,27393,1,0
8814,30401,1,2024-01-10,1,6,189,859,6,27397,1,0
8815,30401,1,2023-12-27,1,6,189,859,6,27398,1,0
8816,30406,1,2024-03-19,1,1,34,152,1,27402,1,0
8817,30410,1,2024-10-15,1,1,36,161,1,27403,1,0
8818,30419,1,2024-11-19,1,14,239,1080,14,27414,1,0
8819,30422,1,2025-06-10,1,9,212,956,9,27417,1,0
8820,30424,1,2023-12-11,1,1,119,538,1,27419,1,0
8821,30429,1,2024-02-01,1,11,224,1014,11,27423,1,0
8822,30433,1,2025-12-28,1,15,243,1100,15,27426,1,0
8823,30434,1,2026-05-13,1,10,217,977,10,27427,1,0
8824,30436,1,2024-08-07,1,1,54,244,1,27428,1,0
8825,30439,1,2025-04-03,1,1,78,345,1,27430,1,0
8826,30439,1,2025-06-06,1,1,78,345,1,27431,1,0
8827,30450,1,2024-09-06,1,4,165,744,4,27437,1,0
8828,30454,1,2026-01-18,1,1,80,355,1,27442,1,0
8829,30464,1,2025-03-05,1,11,223,1011,11,27450,1,0
8830,30464,1,2025-03-15,1,11,223,1011,11,27451,1,0
8831,30469,1,2025-02-12,1,19,260,1174,19,27455,1,0
8832,30474,1,2024-06-16,1,1,107,479,1,27459,1,0
8833,30487,1,2026-06-22,1,1,42,187,1,27470,1,0
8834,30487,1,2026-04-05,1,1,42,187,1,27471,1,0
8835,30492,1,2024-01-06,1,1,7,29,1,27476,1,0
8836,30495,1,2025-05-19,1,1,107,480,1,27478,1,0
8837,30495,1,2025-04-30,1,1,107,480,1,27479,1,0
8838,30495,1,2025-06-11,1,1,107,480,1,27480,1,0
8839,30505,1,2026-03-22,1,1,50,224,1,27487,1,0
8840,30506,1,2024-06-23,1,1,87,387,1,27488,1,0
8841,30525,1,2023-09-21,1,15,245,1110,15,27494,1,0
8842,30526,1,2025-04-30,1,21,266,1197,21,27495,1,0
8843,30526,1,2025-04-16,1,21,266,1197,21,27496,1,0
8844,30527,1,2025-03-02,1,1,26,113,1,27497,1,0
8845,30528,1,2026-06-08,1,2,132,602,2,27498,1,0
8846,30530,1,2024-11-13,1,1,5,18,1,27501,1,0
8847,30535,1,2023-12-05,1,1,93,408,1,27507,1,0
8848,30536,1,2025-11-30,1,19,262,1181,19,27509,1,0
8849,30536,1,2025-12-13,1,19,262,1181,19,27510,1,0
8850,30541,1,2025-10-15,1,20,263,1185,20,27515,1,0
8851,30542,1,2024-12-06,1,10,221,1000,10,27517,1,0
8852,30542,1,2025-02-07,1,10,221,1000,10,27518,1,0
8853,30555,1,2024-01-29,1,31,298,1333,31,27528,1,0
8854,30557,1,2024-12-12,1,16,248,1120,16,27530,1,0
8855,30561,1,2024-10-10,1,1,37,164,1,27531,1,0
8856,30563,1,2023-06-18,1,1,42,187,1,27533,1,0
8857,30564,1,2023-12-07,1,1,89,393,1,27534,1,0
8858,30565,1,2025-11-12,1,23,272,1222,23,27536,1,0
8859,30567,1,2023-10-01,1,1,54,247,1,27537,1,0
8860,30567,1,2023-10-19,1,1,54,247,1,27538,1,0
8861,30567,1,2023-12-30,1,1,54,247,1,27539,1,0
8862,30569,1,2025-04-24,1,1,84,370,1,27541,1,0
8863,30576,1,2025-07-14,1,1,107,482,1,27548,1,0
8864,30583,1,2024-12-30,1,1,19,83,1,27551,1,0
8865,30584,1,2023-10-18,1,3,136,616,3,27554,1,0
8866,30585,1,2025-08-11,1,14,238,1076,14,27555,1,0
8867,30585,1,2025-08-02,1,14,238,1076,14,27556,1,0
8868,30587,1,2025-06-22,1,1,73,326,1,27558,1,0
8869,30591,1,2024-06-03,1,2,128,583,2,27561,1,0
8870,30593,1,2025-08-12,1,1,18,77,1,27563,1,0
8871,30595,1,2025-04-29,1,3,140,634,3,27565,1,0
8872,30597,1,2026-07-13,1,16,250,1129,16,27569,1,0
8873,30599,1,2026-03-22,1,9,213,963,9,27571,1,0
8874,30600,1,2026-02-01,1,1,55,250,1,27572,1,0
8875,30604,1,2024-09-15,1,3,147,664,3,27578,1,0
8876,30606,1,2026-06-24,1,1,39,171,1,27579,1,0
8877,30608,1,2026-05-28,1,7,198,896,7,27581,1,0
8878,30613,1,2026-04-16,1,1,43,190,1,27584,1,0
8879,30616,1,2023-08-04,1,1,1,3,1,27587,1,0
8880,30616,1,2023-08-03,1,1,1,3,1,27588,1,0
8881,30619,1,2025-09-17,1,19,260,1174,19,27592,1,0
8882,30620,1,2025-06-17,1,14,238,1077,14,27593,1,0
8883,30622,1,2026-01-18,1,1,88,389,1,27595,1,1
8884,30622,1,2026-03-14,1,1,88,389,1,27596,1,0
8885,30623,1,2025-08-14,1,1,119,537,1,27597,1,0
8886,30641,1,2025-01-20,1,10,217,980,10,27613,1,0
8887,30644,1,2024-08-01,1,9,213,960,9,27616,1,0
8888,30649,1,2024-08-10,1,29,290,1299,29,27617,1,0
8889,30649,1,2024-10-31,1,29,290,1299,29,27618,1,0
8890,30656,1,2024-01-06,1,3,136,614,3,27625,1,0
8891,30659,1,2024-03-11,1,1,8,35,1,27631,1,0
8892,30662,1,2026-03-20,1,20,264,1188,20,27635,1,0
8893,30662,1,2026-03-14,1,20,264,1188,20,27636,1,0
8894,30663,1,2024-12-16,1,8,204,924,8,27637,1,0
8895,30665,1,2026-05-08,1,5,174,794,5,27638,1,0
8896,30665,1,2026-07-04,1,5,174,794,5,27639,1,0
8897,30677,1,2026-07-13,1,1,5,19,1,27647,1,0
8898,30684,1,2024-01-22,1,4,165,744,4,27652,1,0
8899,30684,1,2024-01-20,1,4,165,744,4,27654,1,0
8900,30691,1,2024-02-16,1,6,188,854,6,27660,1,0
8901,30692,1,2024-11-20,1,15,243,1101,15,27661,1,0
8902,30694,1,2026-07-13,1,23,274,1230,23,27663,1,0
8903,30696,1,2025-07-16,1,2,126,572,2,27664,1,0
8904,30701,1,2026-07-13,1,1,65,291,1,27666,1,0
8905,30719,1,2023-07-14,1,10,221,1000,10,27682,1,0
8906,30719,1,2023-03-09,1,10,221,1000,10,27683,1,0
8907,30723,1,2026-06-06,1,4,155,704,4,27686,1,0
8908,30724,1,2023-03-19,1,1,119,537,1,27687,1,0
8909,30731,1,2026-01-04,1,1,51,230,1,27691,1,0
8910,30741,1,2024-04-20,1,1,50,228,1,27700,1,0
8911,30742,1,2023-10-17,1,7,200,905,7,27703,1,0
8912,30745,1,2025-11-12,1,1,81,360,1,27705,1,0
8913,30747,1,2025-04-11,1,10,219,989,10,27707,1,0
8914,30749,1,2023-11-21,1,1,112,506,1,27708,1,0
8915,30756,1,2025-08-11,1,3,152,688,3,27713,1,0
8916,30757,1,2024-12-19,1,2,133,603,2,27714,1,0
8917,30770,1,2024-09-17,1,23,273,1227,23,27720,1,0
8918,30770,1,2024-09-22,1,23,273,1227,23,27721,1,0
8919,30772,1,2023-11-12,1,7,197,893,7,27725,1,0
8920,30777,1,2023-04-07,1,11,223,1009,11,27728,1,1
8921,30780,1,2026-04-18,1,13,235,1063,13,27729,1,0
8922,30785,1,2026-02-11,1,1,48,212,1,27732,1,0
8923,30793,1,2023-02-27,1,9,214,965,9,27742,1,0
8924,30799,1,2026-01-21,1,1,49,219,1,27748,1,0
8925,30801,1,2024-01-14,1,7,199,901,7,27749,1,0
8926,30801,1,2023-12-04,1,7,199,901,7,27750,1,0
8927,30801,1,2024-01-15,1,7,199,901,7,27751,1,0
8928,30802,1,2023-10-30,1,1,1,1,1,27752,1,0
8929,30802,1,2023-11-17,1,1,1,1,1,27753,1,0
8930,30804,1,2024-07-15,1,12,231,1047,12,27754,1,0
8931,30815,1,2025-09-02,1,9,210,949,9,27765,1,0
8932,30818,1,2023-02-06,1,2,125,564,2,27769,1,0
8933,30819,1,2025-10-28,1,11,227,1026,11,27770,1,0
8934,30820,1,2025-12-23,1,1,61,269,1,27772,1,0
8935,30823,1,2026-04-25,1,1,106,477,1,27774,1,0
8936,30830,1,2025-08-16,1,6,189,860,6,27780,1,0
8937,30830,1,2025-05-13,1,6,189,860,6,27781,1,0
8938,30832,1,2024-02-28,1,1,91,404,1,27783,1,0
8939,30832,1,2024-02-03,1,1,91,404,1,27784,1,0
8940,30838,1,2024-06-11,1,12,229,1034,12,27788,1,0
8941,30840,1,2026-01-20,1,28,288,1291,28,27791,1,0
8942,30840,1,2026-02-20,1,28,288,1291,28,27792,1,0
8943,30840,1,2026-02-07,1,28,288,1291,28,27793,1,0
8944,30841,1,2023-03-01,1,19,262,1180,19,27794,1,0
8945,30845,1,2024-12-16,1,18,258,1167,18,27799,1,0
8946,30845,1,2024-12-17,1,18,258,1167,18,27800,1,0
8947,30854,1,2024-07-28,1,1,73,326,1,27807,1,0
8948,30861,1,2023-07-27,1,27,286,1282,27,27812,1,0
8949,30861,1,2024-01-29,1,27,286,1282,27,27813,1,0
8950,30863,1,2026-05-08,1,2,121,544,2,27814,1,0
8951,30868,1,2023-10-16,1,7,193,877,7,27817,1,0
8952,30869,1,2026-07-13,1,14,238,1077,14,27818,1,0
8953,30869,1,2026-06-23,1,14,238,1077,14,27819,1,0
8954,30872,1,2023-02-07,1,1,83,364,1,27821,1,0
8955,30873,1,2026-07-13,1,12,228,1029,12,27822,1,0
8956,30875,1,2023-12-15,1,29,291,1302,29,27825,1,0
8957,30883,1,2024-02-11,1,1,64,288,1,27829,1,0
8958,30883,1,2023-11-07,1,1,64,288,1,27830,1,0
8959,30886,1,2025-01-16,1,1,10,46,1,27833,1,0
8960,30893,1,2025-12-11,1,3,142,646,3,27835,1,0
8961,30893,1,2025-08-07,1,3,142,646,3,27836,1,0
8962,30900,1,2026-01-05,1,22,271,1218,22,27840,1,0
8963,30901,1,2024-09-17,1,19,260,1173,19,27841,1,0
8964,30901,1,2024-10-23,1,19,260,1173,19,27842,1,0
8965,30904,1,2026-07-13,1,11,222,1003,11,27845,1,0
8966,30912,1,2023-04-11,1,1,97,429,1,27849,1,0
8967,30913,1,2023-11-27,1,2,123,555,2,27850,1,0
8968,30913,1,2023-12-01,1,2,123,555,2,27851,1,0
8969,30927,1,2023-06-05,1,5,179,809,5,27866,1,0
8970,30929,1,2024-11-28,1,8,208,939,8,27868,1,0
8971,30935,1,2024-07-08,1,1,108,483,1,27872,1,0
8972,30948,1,2024-09-05,1,4,155,701,4,27884,1,0
8973,30948,1,2024-10-22,1,4,155,701,4,27885,1,0
8974,30953,1,2024-05-21,1,1,77,341,1,27888,1,0
8975,30958,1,2025-11-18,1,1,80,354,1,27890,1,0
8976,30964,1,2023-11-16,1,4,162,731,4,27894,1,0
8977,30966,1,2025-12-15,1,1,105,473,1,27900,1,0
8978,30969,1,2026-01-04,1,1,1,3,1,27902,1,0
8979,30972,1,2024-04-22,1,1,102,458,1,27903,1,0
8980,30972,1,2024-06-10,1,1,102,458,1,27904,1,0
8981,30974,1,2026-05-11,1,1,56,251,1,27907,1,0
8982,30977,1,2023-07-06,1,1,94,414,1,27910,1,0
8983,30978,1,2026-04-03,1,1,100,448,1,27913,1,0
8984,30978,1,2026-05-22,1,1,100,448,1,27914,1,0
8985,30978,1,2026-01-02,1,1,100,448,1,27915,1,0
8986,30981,1,2024-09-20,1,1,45,201,1,27917,1,0
8987,30990,1,2025-11-01,1,12,232,1049,12,27924,1,0
8988,30995,1,2024-08-25,1,1,51,233,1,27927,1,0
8989,30997,1,2025-09-27,1,1,93,410,1,27928,1,0
8990,31001,1,2024-06-12,1,1,91,401,1,27933,1,0
8991,31005,1,2024-03-23,1,1,17,76,1,27936,1,0
8992,31006,1,2023-09-30,1,27,284,1277,27,27937,1,0
8993,31006,1,2023-10-16,1,27,284,1277,27,27938,1,0
8994,31013,1,2024-09-02,1,1,67,297,1,27943,1,0
8995,31014,1,2024-03-21,1,1,61,270,1,27944,1,0
8996,31015,1,2024-12-21,1,6,185,841,6,27945,1,0
8997,31026,1,2024-03-07,1,13,235,1063,13,27955,1,0
8998,31026,1,2024-02-21,1,13,235,1063,13,27956,1,1
8999,31029,1,2023-09-07,1,1,119,537,1,27958,1,0
9000,31029,1,2023-10-08,1,1,119,537,1,27959,1,0
9001,31032,1,2024-10-18,1,3,151,686,3,27962,1,0
9002,31044,1,2025-05-05,1,19,262,1181,19,27973,1,0
9003,31045,1,2024-01-14,1,10,216,975,10,27974,1,0
9004,31045,1,2024-01-28,1,10,216,975,10,27975,1,0
9005,31047,1,2024-01-24,1,1,36,159,1,27978,1,0
9006,31054,1,2025-09-12,1,14,239,1080,14,27985,1,0
9007,31054,1,2025-11-20,1,14,239,1080,14,27986,1,0
9008,31055,1,2024-05-07,1,1,33,144,1,27987,1,0
9009,31055,1,2024-05-23,1,1,33,144,1,27988,1,0
9010,31056,1,2023-04-26,1,4,163,736,4,27989,1,0
9011,31056,1,2023-05-30,1,4,163,736,4,27990,1,0
9012,31060,1,2024-11-11,1,1,71,312,1,27991,1,0
9013,31060,1,2024-11-23,1,1,71,312,1,27992,1,0
9014,31060,1,2024-10-20,1,1,71,312,1,27993,1,0
9015,31065,1,2023-07-03,1,14,240,1082,14,27998,1,0
9016,31065,1,2023-06-29,1,14,240,1082,14,27999,1,0
9017,31065,1,2023-05-11,1,14,240,1082,14,28000,1,0
9018,31067,1,2026-06-03,1,5,175,796,5,28001,1,0
9019,31076,1,2026-04-26,1,4,156,709,4,28009,1,0
9020,31077,1,2025-04-14,1,3,137,623,3,28010,1,0
9021,31077,1,2025-06-12,1,3,137,623,3,28011,1,0
9022,31086,1,2025-07-05,1,1,49,220,1,28016,1,0
9023,31086,1,2025-04-17,1,1,49,220,1,28017,1,0
9024,31090,1,2026-07-13,1,4,163,736,4,28022,1,0
9025,31096,1,2025-11-09,1,16,248,1120,16,28028,1,0
9026,31098,1,2026-04-14,1,1,41,183,1,28030,1,0
9027,31101,1,2026-05-12,1,1,51,231,1,28031,1,0
9028,31103,1,2026-01-17,1,1,55,249,1,28032,1,0
9029,31104,1,2025-12-18,1,1,77,341,1,28033,1,0
9030,31107,1,2024-04-18,1,17,255,1151,17,28035,1,0
9031,31110,1,2023-07-24,1,5,175,795,5,28038,1,0
9032,31113,1,2023-05-30,1,29,291,1303,29,28040,1,0
9033,31113,1,2023-07-24,1,29,291,1303,29,28041,1,0
9034,31115,1,2023-07-25,1,3,137,619,3,28043,1,0
9035,31115,1,2023-12-09,1,3,137,619,3,28045,1,0
9036,31116,1,2026-07-13,1,1,8,36,1,28046,1,0
9037,31121,1,2026-03-13,1,29,291,1304,29,28054,1,0
9038,31123,1,2025-05-20,1,4,159,721,4,28056,1,0
9039,31129,1,2024-01-29,1,3,152,691,3,28061,1,0
9040,31129,1,2024-06-11,1,3,152,691,3,28062,1,0
9041,31132,1,2026-07-05,1,20,263,1185,20,28064,1,0
9042,31142,1,2024-05-12,1,13,236,1066,13,28069,1,0
9043,31149,1,2024-03-22,1,1,33,144,1,28075,1,0
9044,31156,1,2026-04-29,1,7,192,872,7,28079,1,0
9045,31159,1,2025-12-27,1,1,108,485,1,28083,1,0
9046,31173,1,2023-11-06,1,8,202,912,8,28094,1,0
9047,31175,1,2024-01-06,1,10,217,977,10,28096,1,0
9048,31177,1,2026-02-13,1,16,251,1135,16,28097,1,0
9049,31181,1,2026-04-27,1,1,96,423,1,28100,1,0
9050,31192,1,2026-05-21,1,26,283,1274,26,28109,1,0
9051,31199,1,2026-05-28,1,2,129,587,2,28110,1,0
9052,31212,1,2023-08-12,1,4,163,736,4,28117,1,0
9053,31223,1,2024-08-10,1,1,18,78,1,28130,1,0
9054,31227,1,2024-11-30,1,1,119,537,1,28133,1,0
9055,31229,1,2024-03-22,1,1,92,405,1,28135,1,0
9056,31229,1,2024-02-16,1,1,92,405,1,28136,1,0
9057,31233,1,2023-07-17,1,20,263,1183,20,28140,1,0
9058,31267,1,2025-12-30,1,23,272,1223,23,28163,1,0
9059,31271,1,2024-07-14,1,1,72,322,1,28164,1,0
9060,31272,1,2025-09-22,1,1,22,94,1,28165,1,0
9061,31273,1,2024-11-20,1,25,278,1249,25,28166,1,0
9062,31277,1,2024-02-05,1,1,79,352,1,28172,1,0
9063,31277,1,2024-03-16,1,1,79,352,1,28173,1,0
9064,31284,1,2024-05-19,1,8,203,920,8,28179,1,0
9065,31287,1,2026-07-13,1,14,238,1076,14,28183,1,0
9066,31302,1,2024-03-25,1,13,234,1056,13,28195,1,0
9067,31302,1,2024-02-01,1,13,234,1056,13,28196,1,0
9068,31302,1,2024-07-31,1,13,234,1056,13,28197,1,0
9069,31303,1,2023-06-18,1,1,28,123,1,28198,1,0
9070,31303,1,2023-04-19,1,1,28,123,1,28199,1,0
9071,31306,1,2023-04-16,1,1,85,374,1,28201,1,0
9072,31309,1,2025-01-03,1,1,8,37,1,28202,1,0
9073,31309,1,2025-03-10,1,1,8,37,1,28203,1,0
9074,31315,1,2026-02-06,1,9,213,963,9,28207,1,0
9075,31315,1,2026-01-05,1,9,213,963,9,28208,1,0
9076,31317,1,2024-12-24,1,8,204,923,8,28210,1,0
9077,31321,1,2026-07-13,1,1,75,333,1,28212,1,0
9078,31336,1,2026-01-13,1,19,261,1178,19,28223,1,0
9079,31336,1,2025-11-03,1,19,261,1178,19,28224,1,0
9080,31337,1,2026-03-23,1,4,162,734,4,28225,1,0
9081,31337,1,2026-02-28,1,4,162,734,4,28227,1,0
9082,31347,1,2023-11-05,1,8,207,935,8,28231,1,0
9083,31357,1,2025-03-30,1,5,181,823,5,28241,1,0
9084,31358,1,2025-11-29,1,1,9,41,1,28242,1,0
9085,31358,1,2025-11-27,1,1,9,41,1,28243,1,0
9086,31361,1,2025-09-16,1,5,172,785,5,28247,1,0
9087,31368,1,2024-04-09,1,28,289,1298,28,28256,1,0
9088,31368,1,2024-03-15,1,28,289,1298,28,28257,1,0
9089,31376,1,2026-01-02,1,4,162,732,4,28262,1,0
9090,31380,1,2024-12-20,1,1,80,354,1,28267,1,0
9091,31381,1,2023-11-06,1,6,184,833,6,28269,1,0
9092,31381,1,2023-11-08,1,6,184,833,6,28270,1,0
9093,31391,1,2026-01-16,1,1,57,257,1,28274,1,0
9094,31394,1,2026-07-03,1,3,147,667,3,28275,1,0
9095,31397,1,2024-03-29,1,1,52,237,1,28277,1,0
9096,31402,1,2024-05-28,1,1,105,471,1,28279,1,1
9097,31402,1,2024-04-02,1,1,105,471,1,28280,1,0
9098,31402,1,2024-04-15,1,1,105,471,1,28281,1,0
9099,31420,1,2026-07-13,1,3,140,635,3,28294,1,0
9100,31422,1,2025-01-04,1,1,81,358,1,28296,1,0
9101,31423,1,2025-01-09,1,5,169,768,5,28297,1,0
9102,31423,1,2025-05-21,1,5,169,768,5,28299,1,0
9103,31438,1,2025-02-11,1,19,261,1176,19,28314,1,0
9104,31458,1,2023-12-02,1,3,153,694,3,28327,1,0
9105,31462,1,2024-03-23,1,1,63,283,1,28329,1,0
9106,31463,1,2024-11-29,1,7,198,897,7,28330,1,0
9107,31465,1,2024-06-20,1,6,182,826,6,28331,1,0
9108,31470,1,2025-10-06,1,4,167,757,4,28337,1,0
9109,31472,1,2025-10-16,1,1,111,497,1,28338,1,0
9110,31477,1,2023-08-11,1,1,99,443,1,28340,1,0
9111,31480,1,2024-09-28,1,12,232,1050,12,28343,1,0
9112,31480,1,2024-06-28,1,12,232,1050,12,28345,1,0
9113,31492,1,2023-12-25,1,10,221,1000,10,28356,1,0
9114,31498,1,2025-01-11,1,1,18,78,1,28361,1,0
9115,31507,1,2025-06-15,1,4,161,729,4,28372,1,0
9116,31512,1,2024-12-01,1,5,175,795,5,28374,1,0
9117,31512,1,2025-04-04,1,5,175,795,5,28375,1,0
9118,31513,1,2025-10-09,1,3,153,694,3,28376,1,0
9119,31519,1,2023-06-10,1,1,2,6,1,28377,1,0
9120,31519,1,2023-05-20,1,1,2,6,1,28378,1,0
9121,31522,1,2024-11-11,1,9,215,970,9,28382,1,0
9122,31522,1,2024-12-06,1,9,215,970,9,28383,1,1
9123,31522,1,2024-11-18,1,9,215,970,9,28384,1,0
9124,31525,1,2025-12-17,1,22,269,1210,22,28387,1,0
9125,31530,1,2024-09-22,1,13,236,1065,13,28391,1,0
9126,31530,1,2024-08-21,1,13,236,1065,13,28392,1,0
9127,31530,1,2025-01-25,1,13,236,1065,13,28393,1,0
9128,31541,1,2025-08-18,1,9,214,967,9,28402,1,0
9129,31542,1,2026-02-15,1,6,183,828,6,28403,1,0
9130,31552,1,2026-06-21,1,11,225,1018,11,28410,1,0
9131,31555,1,2023-12-14,1,11,223,1010,11,28411,1,0
9132,31555,1,2024-01-02,1,11,223,1010,11,28412,1,0
9133,31558,1,2023-10-20,1,7,196,889,7,28414,1,0
9134,31559,1,2026-04-21,1,28,287,1285,28,28415,1,0
9135,31559,1,2026-07-13,1,28,287,1285,28,28417,1,0
9136,31562,1,2024-02-21,1,6,187,853,6,28420,1,0
9137,31568,1,2025-08-01,1,1,114,514,1,28426,1,0
9138,31569,1,2025-03-27,1,1,62,276,1,28427,1,0
9139,31569,1,2025-05-01,1,1,62,276,1,28428,1,0
9140,31573,1,2025-08-27,1,15,243,1098,15,28433,1,0
9141,31579,1,2025-09-01,1,9,213,962,9,28434,1,0
9142,31588,1,2024-01-17,1,7,199,900,7,28439,1,0
9143,31591,1,2023-04-07,1,1,1,2,1,28443,1,0
9144,31595,1,2026-07-13,1,3,138,627,3,28448,1,0
9145,31605,1,2023-05-29,1,17,253,1143,17,28458,1,0
9146,31605,1,2023-03-19,1,17,253,1143,17,28459,1,0
9147,31607,1,2024-07-05,1,1,24,103,1,28461,1,0
9148,31607,1,2024-08-13,1,1,24,103,1,28462,1,0
9149,31608,1,2026-02-21,1,6,184,837,6,28463,1,0
9150,31620,1,2026-05-20,1,2,132,601,2,28472,1,0
9151,31625,1,2025-02-19,1,31,296,1327,31,28479,1,0
9152,31629,1,2025-03-30,1,7,197,895,7,28482,1,0
9153,31630,1,2023-04-24,1,21,268,1204,21,28483,1,0
9154,31630,1,2023-06-10,1,21,268,1204,21,28484,1,1
9155,31636,1,2023-04-28,1,4,157,712,4,28490,1,0
9156,31636,1,2023-06-06,1,4,157,712,4,28492,1,0
9157,31648,1,2024-06-29,1,8,205,925,8,28501,1,0
9158,31652,1,2025-09-27,1,8,205,930,8,28505,1,0
9159,31652,1,2025-10-06,1,8,205,930,8,28506,1,0
9160,31659,1,2023-09-30,1,4,158,717,4,28513,1,0
9161,31663,1,2023-04-15,1,1,78,346,1,28519,1,0
9162,31664,1,2026-03-25,1,5,169,766,5,28520,1,0
9163,31669,1,2024-04-03,1,3,149,676,3,28522,1,0
9164,31669,1,2023-12-20,1,3,149,676,3,28523,1,0
9165,31669,1,2023-11-07,1,3,149,676,3,28524,1,0
9166,31670,1,2026-03-11,1,26,281,1261,26,28525,1,0
9167,31675,1,2025-12-07,1,8,203,917,8,28529,1,0
9168,31677,1,2026-07-13,1,3,148,672,3,28530,1,0
9169,31682,1,2023-09-28,1,4,155,704,4,28533,1,0
9170,31683,1,2025-03-26,1,10,220,995,10,28534,1,0
9171,31683,1,2025-03-17,1,10,220,995,10,28535,1,0
9172,31683,1,2025-03-16,1,10,220,995,10,28536,1,0
9173,31686,1,2026-05-13,1,1,14,60,1,28538,1,0
9174,31691,1,2023-06-12,1,2,133,605,2,28541,1,0
9175,31691,1,2023-06-19,1,2,133,605,2,28542,1,0
9176,31691,1,2023-05-31,1,2,133,605,2,28543,1,0
9177,31703,1,2026-03-21,1,1,107,480,1,28550,1,0
9178,31710,1,2023-06-15,1,9,210,947,9,28556,1,0
9179,31714,1,2024-11-12,1,18,256,1154,18,28558,1,0
9180,31722,1,2024-01-01,1,1,71,312,1,28565,1,0
9181,31726,1,2026-07-13,1,1,108,483,1,28569,1,0
9182,31730,1,2025-02-02,1,19,260,1173,19,28573,1,0
9183,31743,1,2026-04-07,1,14,240,1085,14,28585,1,0
9184,31759,1,2026-04-07,1,1,118,531,1,28598,1,0
9185,31765,1,2025-02-12,1,2,124,557,2,28601,1,0
9186,31784,1,2025-05-23,1,13,236,1067,13,28617,1,0
9187,31790,1,2023-08-04,1,1,81,359,1,28621,1,0
9188,31790,1,2023-06-14,1,1,81,359,1,28622,1,0
9189,31790,1,2023-03-06,1,1,81,359,1,28623,1,0
9190,31792,1,2023-11-21,1,1,93,410,1,28626,1,1
9191,31798,1,2023-07-10,1,1,105,473,1,28628,1,0
9192,31800,1,2023-10-27,1,1,106,477,1,28630,1,0
9193,31808,1,2025-11-08,1,5,169,766,5,28633,1,0
9194,31810,1,2025-08-17,1,28,287,1285,28,28635,1,0
9195,31814,1,2023-09-12,1,3,136,614,3,28638,1,0
9196,31814,1,2023-10-11,1,3,136,614,3,28639,1,0
9197,31815,1,2023-11-05,1,13,236,1064,13,28640,1,0
9198,31815,1,2023-12-01,1,13,236,1064,13,28641,1,0
9199,31815,1,2023-12-02,1,13,236,1064,13,28642,1,0
9200,31816,1,2025-09-20,1,19,262,1179,19,28643,1,0
9201,31818,1,2023-12-11,1,1,43,188,1,28644,1,0
9202,31828,1,2025-02-17,1,17,254,1145,17,28648,1,0
9203,31840,1,2023-12-03,1,18,258,1166,18,28660,1,0
9204,31859,1,2024-11-27,1,7,193,876,7,28673,1,0
9205,31859,1,2025-04-22,1,7,193,876,7,28674,1,0
9206,31861,1,2024-06-20,1,1,82,362,1,28677,1,1
9207,31864,1,2025-11-14,1,5,180,814,5,28682,1,0
9208,31868,1,2025-04-13,1,13,234,1057,13,28684,1,0
9209,31868,1,2025-05-03,1,13,234,1057,13,28685,1,0
9210,31868,1,2025-06-05,1,13,234,1057,13,28686,1,0
9211,31869,1,2024-12-05,1,1,117,530,1,28687,1,0
9212,31869,1,2024-11-17,1,1,117,530,1,28688,1,0
9213,31877,1,2023-05-20,1,14,242,1094,14,28694,1,0
9214,31879,1,2026-07-13,1,8,202,911,8,28695,1,0
9215,31882,1,2023-04-15,1,28,288,1290,28,28697,1,0
9216,31882,1,2023-05-07,1,28,288,1290,28,28698,1,0
9217,31885,1,2024-09-25,1,1,54,243,1,28701,1,0
9218,31885,1,2024-08-27,1,1,54,243,1,28702,1,0
9219,31885,1,2024-09-04,1,1,54,243,1,28703,1,0
9220,31886,1,2025-06-05,1,4,164,740,4,28704,1,0
9221,31886,1,2025-05-27,1,4,164,740,4,28705,1,0
9222,31887,1,2026-07-11,1,1,40,175,1,28706,1,0
9223,31895,1,2024-10-30,1,1,1,2,1,28710,1,0
9224,31897,1,2024-07-18,1,3,153,695,3,28713,1,0
9225,31897,1,2024-05-29,1,3,153,695,3,28714,1,0
9226,31899,1,2026-01-22,1,19,260,1173,19,28715,1,0
9227,31902,1,2024-09-06,1,5,178,806,5,28716,1,0
9228,31904,1,2023-03-28,1,1,77,340,1,28719,1,0
9229,31906,1,2025-11-17,1,17,253,1144,17,28720,1,0
9230,31906,1,2025-12-07,1,17,253,1144,17,28721,1,0
9231,31910,1,2023-05-08,1,4,159,721,4,28724,1,0
9232,31913,1,2026-04-27,1,1,74,332,1,28725,1,0
9233,31913,1,2026-05-03,1,1,74,332,1,28726,1,0
9234,31913,1,2026-03-01,1,1,74,332,1,28727,1,0
9235,31924,1,2023-09-20,1,25,278,1248,25,28731,1,0
9236,31924,1,2024-01-30,1,25,278,1248,25,28732,1,1
9237,31946,1,2025-04-30,1,1,16,69,1,28750,1,0
9238,31949,1,2025-02-05,1,1,23,100,1,28752,1,0
9239,31953,1,2026-04-11,1,12,232,1049,12,28754,1,0
9240,31954,1,2024-08-22,1,1,44,195,1,28755,1,0
9241,31955,1,2026-02-18,1,3,145,656,3,28756,1,0
9242,31955,1,2026-03-06,1,3,145,656,3,28757,1,0
9243,31956,1,2026-06-23,1,1,96,425,1,28758,1,0
9244,31956,1,2026-07-13,1,1,96,425,1,28759,1,0
9245,31960,1,2026-06-24,1,1,35,154,1,28765,1,0
9246,31967,1,2025-06-26,1,22,271,1215,22,28770,1,0
9247,31967,1,2025-06-15,1,22,271,1215,22,28771,1,0
9248,31971,1,2025-08-13,1,19,260,1175,19,28772,1,0
9249,31980,1,2025-06-28,1,1,109,491,1,28778,1,0
9250,31980,1,2025-06-25,1,1,109,491,1,28779,1,0
9251,31981,1,2024-12-14,1,17,255,1151,17,28780,1,0
9252,31984,1,2024-03-19,1,18,257,1162,18,28782,1,0
9253,31984,1,2024-04-24,1,18,257,1162,18,28783,1,0
9254,31993,1,2025-10-22,1,1,48,215,1,28790,1,0
9255,31993,1,2025-11-18,1,1,48,215,1,28791,1,0
9256,31993,1,2025-11-10,1,1,48,215,1,28792,1,0
9257,31995,1,2026-07-13,1,2,134,606,2,28795,1,0
9258,31995,1,2026-07-13,1,2,134,606,2,28796,1,0
9259,31997,1,2023-06-11,1,11,226,1022,11,28798,1,0
9260,31997,1,2023-06-27,1,11,226,1022,11,28799,1,0
9261,31999,1,2023-04-15,1,2,131,595,2,28800,1,0
9262,32001,1,2025-02-06,1,5,172,784,5,28801,1,0
9263,32002,1,2025-12-09,1,16,249,1123,16,28802,1,0
9264,32005,1,2025-05-03,1,1,61,271,1,28805,1,0
9265,32007,1,2025-07-24,1,1,43,191,1,28806,1,0
9266,32007,1,2025-06-24,1,1,43,191,1,28807,1,0
9267,32009,1,2024-11-14,1,1,65,290,1,28809,1,0
9268,32012,1,2024-05-17,1,1,81,356,1,28810,1,0
9269,32020,1,2024-06-19,1,4,166,751,4,28816,1,0
9270,32020,1,2024-06-23,1,4,166,751,4,28817,1,0
9271,32021,1,2025-12-23,1,3,152,692,3,28818,1,0
9272,32024,1,2026-01-25,1,15,247,1117,15,28822,1,0
9273,32034,1,2024-11-27,1,15,245,1108,15,28832,1,0
9274,32044,1,2023-05-27,1,1,73,325,1,28841,1,0
9275,32045,1,2024-09-29,1,1,11,52,1,28842,1,0
9276,32045,1,2024-05-28,1,1,11,52,1,28843,1,0
9277,32052,1,2023-05-02,1,1,12,53,1,28846,1,0
9278,32052,1,2023-09-06,1,1,12,53,1,28848,1,0
9279,32061,1,2024-02-19,1,1,92,405,1,28853,1,0
9280,32061,1,2024-02-15,1,1,92,405,1,28854,1,0
9281,32061,1,2023-09-26,1,1,92,405,1,28855,1,0
9282,32064,1,2024-03-07,1,16,248,1121,16,28857,1,0
9283,32075,1,2025-04-16,1,1,46,206,1,28865,1,0
9284,32083,1,2024-12-14,1,2,129,586,2,28872,1,0
9285,32085,1,2026-03-04,1,1,37,164,1,28873,1,0
9286,32089,1,2026-07-04,1,1,56,253,1,28874,1,0
9287,32089,1,2026-06-17,1,1,56,253,1,28875,1,0
9288,32090,1,2025-12-12,1,1,86,385,1,28876,1,0
9289,32098,1,2025-02-14,1,10,217,977,10,28885,1,0
9290,32101,1,2024-11-14,1,1,33,145,1,28887,1,0
9291,32101,1,2024-11-10,1,1,33,145,1,28888,1,0
9292,32101,1,2024-09-02,1,1,33,145,1,28889,1,0
9293,32105,1,2026-01-02,1,2,122,547,2,28890,1,0
9294,32106,1,2024-06-29,1,1,105,470,1,28891,1,0
9295,32106,1,2024-06-15,1,1,105,470,1,28892,1,0
9296,32120,1,2023-10-08,1,16,251,1135,16,28898,1,0
9297,32120,1,2023-08-19,1,16,251,1135,16,28899,1,0
9298,32124,1,2025-03-15,1,3,149,676,3,28900,1,0
9299,32125,1,2026-06-22,1,2,134,608,2,28901,1,0
9300,32125,1,2026-04-02,1,2,134,608,2,28902,1,0
9301,32144,1,2025-05-10,1,1,8,37,1,28916,1,0
9302,32149,1,2023-12-28,1,12,229,1039,12,28920,1,0
9303,32152,1,2024-03-09,1,21,268,1205,21,28924,1,0
9304,32154,1,2026-03-29,1,6,184,835,6,28925,1,0
9305,32154,1,2026-03-29,1,6,184,835,6,28926,1,0
9306,32154,1,2026-03-06,1,6,184,835,6,28927,1,0
9307,32161,1,2023-12-22,1,6,190,864,6,28933,1,0
9308,32163,1,2025-08-03,1,1,6,25,1,28936,1,0
9309,32163,1,2025-08-11,1,1,6,25,1,28937,1,0
9310,32174,1,2024-01-16,1,1,59,262,1,28946,1,0
9311,32175,1,2026-04-06,1,3,141,639,3,28947,1,0
9312,32177,1,2026-03-20,1,28,289,1296,28,28948,1,0
9313,32182,1,2026-07-13,1,1,112,506,1,28950,1,0
9314,32184,1,2026-07-13,1,2,130,589,2,28951,1,0
9315,32185,1,2026-02-23,1,15,244,1102,15,28952,1,0
9316,32185,1,2026-04-01,1,15,244,1102,15,28953,1,0
9317,32186,1,2024-12-09,1,1,95,421,1,28954,1,0
9318,32188,1,2023-12-06,1,1,83,365,1,28957,1,0
9319,32197,1,2026-07-13,1,1,41,182,1,28964,1,0
9320,32204,1,2024-05-15,1,1,21,93,1,28969,1,0
9321,32205,1,2025-01-16,1,28,288,1292,28,28970,1,0
9322,32213,1,2025-11-10,1,1,28,123,1,28976,1,0
9323,32214,1,2026-01-19,1,4,164,741,4,28977,1,0
9324,32215,1,2026-06-15,1,1,17,73,1,28978,1,0
9325,32215,1,2026-07-12,1,1,17,73,1,28979,1,0
9326,32219,1,2024-12-29,1,1,54,246,1,28983,1,0
9327,32219,1,2025-04-07,1,1,54,246,1,28984,1,0
9328,32223,1,2025-12-29,1,11,227,1025,11,28987,1,0
9329,32230,1,2023-11-11,1,4,162,731,4,28992,1,0
9330,32231,1,2025-06-18,1,1,29,130,1,28993,1,0
9331,32233,1,2026-07-13,1,1,44,194,1,28995,1,0
9332,32233,1,2026-06-19,1,1,44,194,1,28996,1,0
9333,32237,1,2026-01-30,1,30,294,1316,30,29000,1,0
9334,32244,1,2024-09-03,1,1,77,341,1,29004,1,0
9335,32246,1,2025-01-16,1,15,243,1098,15,29005,1,0
9336,32254,1,2025-03-08,1,1,15,67,1,29011,1,0
9337,32254,1,2025-02-24,1,1,15,67,1,29012,1,0
9338,32272,1,2024-01-01,1,1,80,355,1,29035,1,0
9339,32272,1,2024-01-10,1,1,80,355,1,29036,1,0
9340,32275,1,2025-10-14,1,10,219,992,10,29037,1,0
9341,32285,1,2026-04-20,1,5,172,783,5,29046,1,0
9342,32285,1,2025-12-09,1,5,172,783,5,29047,1,0
9343,32289,1,2026-06-02,1,19,262,1181,19,29055,1,0
9344,32289,1,2026-05-31,1,19,262,1181,19,29056,1,0
9345,32293,1,2025-10-03,1,3,142,644,3,29060,1,0
9346,32293,1,2025-10-09,1,3,142,644,3,29061,1,0
9347,32305,1,2024-03-18,1,11,222,1002,11,29067,1,0
9348,32310,1,2023-12-18,1,5,176,798,5,29072,1,0
9349,32310,1,2023-09-07,1,5,176,798,5,29073,1,0
9350,32316,1,2025-11-15,1,14,241,1088,14,29079,1,0
9351,32320,1,2025-01-16,1,2,123,556,2,29083,1,0
9352,32320,1,2024-12-12,1,2,123,556,2,29084,1,0
9353,32322,1,2024-06-09,1,1,87,388,1,29087,1,0
9354,32322,1,2024-05-20,1,1,87,388,1,29088,1,0
9355,32323,1,2025-10-21,1,1,106,476,1,29089,1,0
9356,32325,1,2023-11-09,1,4,157,712,4,29092,1,0
9357,32326,1,2026-05-30,1,1,51,230,1,29093,1,0
9358,32326,1,2026-06-09,1,1,51,230,1,29094,1,0
9359,32329,1,2025-11-24,1,1,40,179,1,29095,1,0
9360,32329,1,2026-01-01,1,1,40,179,1,29096,1,0
9361,32330,1,2025-02-13,1,2,122,547,2,29098,1,0
9362,32337,1,2026-07-13,1,7,201,909,7,29102,1,0
9363,32346,1,2026-02-13,1,1,94,414,1,29113,1,0
9364,32355,1,2023-09-25,1,27,285,1278,27,29119,1,0
9365,32355,1,2023-05-20,1,27,285,1278,27,29120,1,0
9366,32358,1,2023-08-13,1,1,44,195,1,29121,1,0
9367,32359,1,2023-09-04,1,1,70,309,1,29122,1,0
9368,32361,1,2023-04-03,1,1,99,442,1,29124,1,0
9369,32361,1,2023-07-07,1,1,99,442,1,29125,1,0
9370,32365,1,2024-07-03,1,1,31,138,1,29128,1,0
9371,32365,1,2024-02-02,1,1,31,138,1,29129,1,0
9372,32376,1,2024-10-31,1,9,215,969,9,29135,1,0
9373,32376,1,2024-10-24,1,9,215,969,9,29136,1,0
9374,32381,1,2026-02-10,1,2,124,559,2,29137,1,0
9375,32381,1,2026-02-10,1,2,124,559,2,29138,1,0
9376,32387,1,2024-11-25,1,19,262,1180,19,29143,1,0
9377,32393,1,2024-09-04,1,6,184,833,6,29151,1,0
9378,32397,1,2024-02-07,1,1,12,54,1,29154,1,0
9379,32397,1,2024-04-21,1,1,12,54,1,29155,1,0
9380,32399,1,2026-06-03,1,4,156,707,4,29157,1,0
9381,32402,1,2023-09-03,1,1,26,116,1,29158,1,0
9382,32402,1,2023-08-27,1,1,26,116,1,29159,1,0
9383,32415,1,2024-10-24,1,1,50,225,1,29166,1,0
9384,32421,1,2025-01-08,1,7,201,908,7,29172,1,0
9385,32424,1,2026-03-21,1,8,202,914,8,29176,1,0
9386,32428,1,2025-03-23,1,1,95,421,1,29181,1,0
9387,32430,1,2024-01-13,1,10,221,1000,10,29182,1,0
9388,32430,1,2024-02-18,1,10,221,1000,10,29183,1,0
9389,32433,1,2023-11-08,1,1,63,282,1,29187,1,0
9390,32453,1,2025-09-30,1,2,128,582,2,29194,1,0
9391,32459,1,2026-07-13,1,1,90,397,1,29197,1,0
9392,32459,1,2026-07-03,1,1,90,397,1,29198,1,0
9393,32461,1,2024-05-03,1,1,15,67,1,29199,1,0
9394,32461,1,2024-06-24,1,1,15,67,1,29200,1,0
9395,32461,1,2024-07-11,1,1,15,67,1,29201,1,0
9396,32462,1,2024-04-11,1,3,143,650,3,29203,1,0
9397,32467,1,2024-02-27,1,22,269,1210,22,29208,1,0
9398,32467,1,2024-04-15,1,22,269,1210,22,29209,1,0
9399,32474,1,2025-09-18,1,1,27,119,1,29216,1,0
9400,32478,1,2024-03-21,1,21,266,1196,21,29217,1,0
9401,32478,1,2024-07-07,1,21,266,1196,21,29218,1,0
9402,32478,1,2024-04-23,1,21,266,1196,21,29219,1,0
9403,32479,1,2023-06-03,1,8,204,922,8,29220,1,0
9404,32479,1,2023-08-08,1,8,204,922,8,29221,1,0
9405,32487,1,2025-10-25,1,1,29,131,1,29228,1,0
9406,32489,1,2025-08-17,1,12,231,1047,12,29231,1,0
9407,32506,1,2024-02-02,1,29,290,1301,29,29247,1,0
9408,32506,1,2024-01-17,1,29,290,1301,29,29248,1,0
9409,32508,1,2024-09-11,1,1,3,12,1,29251,1,0
9410,32509,1,2025-09-14,1,14,239,1080,14,29252,1,0
9411,32510,1,2024-11-29,1,5,179,808,5,29253,1,0
9412,32514,1,2026-07-13,1,6,188,855,6,29260,1,0
9413,32514,1,2026-07-12,1,6,188,855,6,29261,1,0
9414,32516,1,2024-05-21,1,8,209,942,8,29262,1,0
9415,32516,1,2024-05-14,1,8,209,942,8,29263,1,0
9416,32516,1,2023-11-21,1,8,209,942,8,29264,1,0
9417,32519,1,2025-05-10,1,1,63,281,1,29266,1,0
9418,32522,1,2024-12-08,1,3,140,633,3,29269,1,0
9419,32531,1,2026-07-13,1,4,167,757,4,29275,1,0
9420,32531,1,2026-05-17,1,4,167,757,4,29276,1,0
9421,32533,1,2026-03-10,1,2,121,545,2,29277,1,0
9422,32539,1,2026-07-13,1,1,70,310,1,29280,1,0
9423,32542,1,2023-12-12,1,1,48,216,1,29284,1,0
9424,32548,1,2025-10-03,1,4,162,732,4,29289,1,0
9425,32548,1,2025-08-28,1,4,162,732,4,29290,1,0
9426,32566,1,2024-07-10,1,3,140,633,3,29301,1,0
9427,32567,1,2023-05-21,1,1,4,15,1,29303,1,0
9428,32571,1,2024-03-17,1,1,30,134,1,29305,1,0
9429,32571,1,2023-12-25,1,1,30,134,1,29306,1,0
9430,32580,1,2025-09-27,1,2,126,573,2,29313,1,0
9431,32581,1,2026-07-08,1,12,228,1031,12,29314,1,0
9432,32586,1,2025-05-14,1,1,22,95,1,29318,1,0
9433,32588,1,2025-09-18,1,1,36,159,1,29322,1,0
9434,32594,1,2025-04-22,1,3,144,652,3,29326,1,0
9435,32596,1,2026-05-17,1,1,22,94,1,29327,1,0
9436,32596,1,2026-02-05,1,1,22,94,1,29329,1,0
9437,32597,1,2025-05-24,1,1,87,388,1,29330,1,0
9438,32605,1,2023-10-28,1,8,202,913,8,29339,1,1
9439,32606,1,2023-05-17,1,1,29,128,1,29340,1,0
9440,32606,1,2023-07-30,1,1,29,128,1,29341,1,0
9441,32609,1,2025-04-15,1,14,242,1092,14,29342,1,0
9442,32610,1,2023-11-17,1,5,169,766,5,29343,1,0
9443,32620,1,2025-12-01,1,2,122,547,2,29352,1,0
9444,32620,1,2026-02-09,1,2,122,547,2,29353,1,0
9445,32621,1,2023-11-13,1,1,77,341,1,29354,1,0
9446,32623,1,2024-02-15,1,3,137,619,3,29355,1,0
9447,32626,1,2024-06-19,1,2,126,569,2,29357,1,0
9448,32627,1,2023-03-27,1,28,287,1288,28,29358,1,0
9449,32628,1,2024-06-14,1,17,255,1152,17,29359,1,0
9450,32628,1,2024-07-08,1,17,255,1152,17,29360,1,0
9451,32631,1,2024-07-02,1,4,167,757,4,29366,1,0
9452,32639,1,2025-11-11,1,2,133,604,2,29374,1,0
9453,32641,1,2026-07-11,1,23,273,1224,23,29375,1,0
9454,32643,1,2026-02-19,1,10,220,995,10,29376,1,0
9455,32647,1,2025-10-19,1,1,50,225,1,29380,1,0
9456,32648,1,2024-01-24,1,18,256,1156,18,29381,1,0
9457,32649,1,2023-10-03,1,5,170,772,5,29382,1,0
9458,32651,1,2023-04-19,1,1,81,359,1,29383,1,0
9459,32655,1,2023-09-01,1,4,159,720,4,29388,1,0
9460,32655,1,2023-08-20,1,4,159,720,4,29389,1,0
9461,32659,1,2024-08-19,1,1,86,384,1,29392,1,0
9462,32660,1,2024-07-02,1,14,238,1077,14,29393,1,0
9463,32661,1,2024-06-08,1,1,86,385,1,29395,1,0
9464,32664,1,2023-11-15,1,1,56,251,1,29396,1,0
9465,32666,1,2025-08-17,1,1,28,125,1,29398,1,0
9466,32668,1,2025-04-24,1,3,139,632,3,29399,1,0
9467,32672,1,2024-06-23,1,7,194,880,7,29401,1,1
9468,32677,1,2025-01-06,1,1,82,362,1,29408,1,0
9469,32677,1,2025-02-05,1,1,82,362,1,29409,1,0
9470,32685,1,2024-12-15,1,1,108,485,1,29418,1,0
9471,32695,1,2026-04-30,1,3,149,673,3,29427,1,0
9472,32704,1,2024-04-01,1,1,83,369,1,29430,1,0
9473,32705,1,2025-01-02,1,15,244,1103,15,29431,1,0
9474,32716,1,2025-04-27,1,1,70,310,1,29440,1,0
9475,32728,1,2026-05-12,1,1,2,6,1,29451,1,0
9476,32728,1,2026-07-13,1,1,2,6,1,29452,1,0
9477,32728,1,2026-07-13,1,1,2,6,1,29453,1,0
9478,32730,1,2025-11-01,1,8,203,918,8,29454,1,0
9479,32734,1,2023-03-06,1,1,102,458,1,29458,1,0
9480,32735,1,2025-04-19,1,9,214,967,9,29459,1,0
9481,32735,1,2025-06-23,1,9,214,967,9,29460,1,0
9482,32738,1,2025-10-11,1,3,152,692,3,29463,1,0
9483,32739,1,2025-10-07,1,8,205,929,8,29464,1,0
9484,32750,1,2025-07-12,1,23,274,1231,23,29471,1,0
9485,32756,1,2024-11-12,1,1,100,449,1,29476,1,0
9486,32757,1,2023-04-15,1,7,201,908,7,29477,1,0
9487,32757,1,2023-04-23,1,7,201,908,7,29478,1,0
9488,32762,1,2024-09-19,1,1,82,363,1,29480,1,0
9489,32765,1,2025-09-06,1,3,138,629,3,29482,1,0
9490,32765,1,2025-06-07,1,3,138,629,3,29483,1,0
9491,32766,1,2024-06-01,1,1,57,255,1,29484,1,0
9492,32775,1,2025-11-28,1,15,246,1112,15,29490,1,0
9493,32778,1,2024-09-20,1,2,129,586,2,29493,1,0
9494,32778,1,2024-08-21,1,2,129,586,2,29494,1,0
9495,32778,1,2024-10-05,1,2,129,586,2,29495,1,0
9496,32790,1,2024-02-13,1,5,180,816,5,29511,1,0
9497,32790,1,2024-02-14,1,5,180,816,5,29512,1,0
9498,32806,1,2024-04-03,1,5,168,760,5,29523,1,1
9499,32817,1,2024-01-26,1,6,184,836,6,29529,1,0
9500,32830,1,2026-03-23,1,2,132,599,2,29538,1,0
9501,32831,1,2024-11-13,1,6,189,860,6,29539,1,0
9502,32835,1,2024-08-23,1,1,70,309,1,29543,1,0
9503,32841,1,2025-06-26,1,1,42,187,1,29547,1,0
9504,32846,1,2024-11-03,1,1,55,250,1,29552,1,0
9505,32853,1,2024-01-04,1,4,164,740,4,29556,1,0
9506,32854,1,2025-11-14,1,12,229,1037,12,29557,1,0
9507,32854,1,2026-01-11,1,12,229,1037,12,29558,1,0
9508,32854,1,2026-03-13,1,12,229,1037,12,29559,1,0
9509,32861,1,2026-07-13,1,1,4,16,1,29560,1,0
9510,32866,1,2023-05-11,1,16,248,1122,16,29563,1,0
9511,32871,1,2023-08-29,1,26,283,1270,26,29565,1,0
9512,32871,1,2023-10-08,1,26,283,1270,26,29566,1,0
9513,32878,1,2026-03-24,1,1,7,29,1,29571,1,0
9514,32878,1,2025-12-13,1,1,7,29,1,29572,1,0
9515,32885,1,2024-05-04,1,1,2,5,1,29580,1,0
9516,32890,1,2023-06-09,1,17,254,1149,17,29584,1,0
9517,32901,1,2026-05-22,1,31,296,1327,31,29589,1,0
9518,32901,1,2026-06-08,1,31,296,1327,31,29590,1,0
9519,32901,1,2026-06-01,1,31,296,1327,31,29591,1,0
9520,32910,1,2024-08-14,1,1,58,258,1,29600,1,0
9521,32911,1,2025-10-10,1,31,296,1325,31,29601,1,0
9522,32917,1,2025-06-11,1,31,296,1324,31,29605,1,0
9523,32924,1,2024-03-05,1,1,114,514,1,29607,1,0
9524,32928,1,2026-02-01,1,16,250,1130,16,29611,1,0
9525,32928,1,2026-01-11,1,16,250,1130,16,29612,1,0
9526,32928,1,2026-01-24,1,16,250,1130,16,29613,1,0
9527,32930,1,2023-12-24,1,2,122,548,2,29615,1,0
9528,32930,1,2023-09-04,1,2,122,548,2,29616,1,0
9529,32938,1,2026-04-11,1,15,247,1118,15,29621,1,0
9530,32942,1,2024-08-23,1,8,208,941,8,29624,1,0
9531,32946,1,2025-06-09,1,1,35,156,1,29627,1,0
9532,32950,1,2024-01-22,1,13,234,1057,13,29628,1,0
9533,32950,1,2024-01-07,1,13,234,1057,13,29629,1,0
9534,32959,1,2025-12-23,1,7,195,887,7,29631,1,0
9535,32959,1,2025-11-07,1,7,195,887,7,29632,1,0
9536,32961,1,2023-02-21,1,4,157,714,4,29633,1,0
9537,32969,1,2025-12-19,1,1,4,14,1,29636,1,0
9538,32971,1,2023-07-27,1,1,52,234,1,29637,1,0
9539,32972,1,2023-05-06,1,1,119,537,1,29639,1,0
9540,32974,1,2024-05-07,1,3,145,657,3,29642,1,0
9541,32977,1,2025-09-12,1,4,158,717,4,29645,1,0
9542,32977,1,2025-07-28,1,4,158,717,4,29646,1,0
9543,32978,1,2024-10-31,1,4,166,750,4,29647,1,0
9544,32978,1,2024-11-06,1,4,166,750,4,29648,1,0
9545,32978,1,2024-08-22,1,4,166,750,4,29649,1,0
9546,32979,1,2024-11-14,1,1,48,212,1,29650,1,0
9547,32987,1,2025-01-12,1,7,200,904,7,29658,1,0
9548,32997,1,2024-02-24,1,1,104,464,1,29668,1,0
9549,33017,1,2024-01-04,1,1,99,445,1,29692,1,0
9550,33030,1,2026-01-06,1,1,23,101,1,29702,1,0
9551,33030,1,2026-01-15,1,1,23,101,1,29703,1,0
9552,33037,1,2025-12-29,1,10,221,1001,10,29709,1,0
9553,33051,1,2024-07-04,1,1,26,112,1,29720,1,0
9554,33057,1,2024-05-10,1,1,22,95,1,29726,1,0
9555,33059,1,2023-11-25,1,1,112,502,1,29727,1,1
9556,33059,1,2024-03-03,1,1,112,502,1,29728,1,0
9557,33068,1,2026-01-01,1,11,222,1005,11,29729,1,0
9558,33072,1,2023-12-30,1,23,273,1227,23,29734,1,0
9559,33074,1,2023-05-30,1,1,76,338,1,29735,1,0
9560,33079,1,2024-10-18,1,12,228,1030,12,29738,1,0
9561,33081,1,2024-07-29,1,1,10,44,1,29739,1,0
9562,33084,1,2024-08-24,1,1,107,478,1,29743,1,0
9563,33085,1,2023-04-15,1,1,31,139,1,29744,1,0
9564,33086,1,2025-01-15,1,1,79,350,1,29746,1,0
9565,33092,1,2023-12-22,1,7,200,905,7,29747,1,0
9566,33093,1,2023-10-25,1,7,199,900,7,29748,1,0
9567,33094,1,2026-07-13,1,2,128,584,2,29749,1,0
9568,33100,1,2023-01-29,1,27,285,1278,27,29754,1,0
9569,33104,1,2025-09-10,1,12,228,1029,12,29756,1,0
9570,33104,1,2025-09-11,1,12,228,1029,12,29757,1,0
9571,33110,1,2023-11-03,1,1,42,186,1,29760,1,0
9572,33111,1,2025-01-14,1,1,64,285,1,29762,1,0
9573,33111,1,2025-01-02,1,1,64,285,1,29763,1,0
9574,33111,1,2025-01-08,1,1,64,285,1,29764,1,0
9575,33115,1,2025-02-26,1,1,30,134,1,29766,1,0
9576,33116,1,2023-06-01,1,10,217,977,10,29767,1,0
9577,33119,1,2024-10-16,1,1,120,542,1,29769,1,0
9578,33122,1,2026-04-05,1,1,83,364,1,29771,1,0
9579,33123,1,2024-12-27,1,1,76,336,1,29772,1,0
9580,33123,1,2025-01-05,1,1,76,336,1,29773,1,0
9581,33123,1,2024-12-28,1,1,76,336,1,29774,1,0
9582,33138,1,2024-07-07,1,16,251,1133,16,29787,1,0
9583,33138,1,2024-06-22,1,16,251,1133,16,29788,1,0
9584,33143,1,2023-06-14,1,1,37,165,1,29790,1,0
9585,33146,1,2024-04-27,1,15,246,1113,15,29792,1,0
9586,33151,1,2025-01-30,1,1,46,204,1,29798,1,0
9587,33152,1,2024-04-08,1,21,267,1201,21,29799,1,0
9588,33152,1,2024-03-07,1,21,267,1201,21,29800,1,0
9589,33154,1,2025-01-18,1,1,7,32,1,29801,1,0
9590,33159,1,2025-05-12,1,1,26,116,1,29807,1,0
9591,33159,1,2025-05-19,1,1,26,116,1,29808,1,0
9592,33160,1,2025-03-09,1,1,40,175,1,29809,1,0
9593,33162,1,2025-09-27,1,1,12,55,1,29812,1,0
9594,33162,1,2025-08-13,1,1,12,55,1,29813,1,0
9595,33162,1,2025-10-01,1,1,12,55,1,29814,1,0
9596,33163,1,2023-06-12,1,2,130,588,2,29816,1,0
9597,33163,1,2023-03-31,1,2,130,588,2,29817,1,0
9598,33165,1,2026-06-24,1,5,174,792,5,29818,1,0
9599,33171,1,2024-05-31,1,1,74,328,1,29820,1,0
9600,33172,1,2024-06-02,1,18,258,1165,18,29822,1,0
9601,33172,1,2024-05-27,1,18,258,1165,18,29823,1,0
9602,33174,1,2023-09-08,1,1,92,406,1,29824,1,0
9603,33181,1,2025-09-27,1,4,158,718,4,29830,1,0
9604,33181,1,2025-09-06,1,4,158,718,4,29831,1,0
9605,33184,1,2025-12-29,1,7,198,896,7,29835,1,0
9606,33190,1,2023-06-09,1,1,45,200,1,29839,1,0
9607,33196,1,2026-07-13,1,8,205,928,8,29843,1,0
9608,33196,1,2026-07-13,1,8,205,928,8,29844,1,0
9609,33197,1,2023-12-29,1,1,120,541,1,29845,1,0
9610,33214,1,2025-06-27,1,3,153,695,3,29852,1,0
9611,33215,1,2025-03-25,1,1,97,432,1,29853,1,0
9612,33215,1,2025-03-02,1,1,97,432,1,29854,1,0
9613,33222,1,2024-07-23,1,15,247,1119,15,29862,1,0
9614,33223,1,2025-01-26,1,1,29,126,1,29863,1,0
9615,33224,1,2023-05-29,1,11,224,1013,11,29864,1,0
9616,33224,1,2023-06-20,1,11,224,1013,11,29865,1,0
9617,33226,1,2024-02-23,1,1,94,415,1,29869,1,0
9618,33226,1,2024-02-01,1,1,94,415,1,29870,1,0
9619,33226,1,2024-04-07,1,1,94,415,1,29871,1,0
9620,33229,1,2023-06-04,1,1,4,17,1,29874,1,0
9621,33243,1,2025-09-07,1,2,129,586,2,29880,1,0
9622,33244,1,2023-07-12,1,1,95,417,1,29881,1,0
9623,33251,1,2026-05-08,1,1,68,301,1,29886,1,0
9624,33251,1,2026-04-30,1,1,68,301,1,29887,1,0
9625,33257,1,2024-11-05,1,1,36,159,1,29894,1,0
9626,33272,1,2023-09-19,1,7,197,894,7,29908,1,0
9627,33272,1,2023-09-10,1,7,197,894,7,29909,1,0
9628,33283,1,2025-04-16,1,3,142,643,3,29917,1,0
9629,33285,1,2025-12-09,1,4,156,706,4,29919,1,0
9630,33288,1,2023-08-18,1,1,46,203,1,29920,1,0
9631,33293,1,2024-11-08,1,4,155,705,4,29925,1,0
9632,33304,1,2025-10-20,1,18,257,1163,18,29937,1,0
9633,33304,1,2025-06-22,1,18,257,1163,18,29938,1,0
9634,33309,1,2024-02-22,1,1,95,418,1,29943,1,0
9635,33309,1,2024-02-21,1,1,95,418,1,29944,1,0
9636,33315,1,2025-12-28,1,3,145,657,3,29950,1,0
9637,33322,1,2023-02-09,1,24,275,1233,24,29960,1,0
9638,33324,1,2024-04-14,1,1,64,288,1,29962,1,0
9639,33324,1,2024-03-26,1,1,64,288,1,29963,1,0
9640,33325,1,2024-08-21,1,1,58,260,1,29964,1,0
9641,33327,1,2025-07-05,1,4,162,733,4,29965,1,1
9642,33331,1,2023-07-12,1,8,205,926,8,29967,1,0
9643,33332,1,2023-06-20,1,9,210,946,9,29968,1,0
9644,33332,1,2023-08-27,1,9,210,946,9,29970,1,0
9645,33339,1,2023-12-30,1,7,197,895,7,29975,1,0
9646,33339,1,2023-09-28,1,7,197,895,7,29976,1,0
9647,33339,1,2023-10-22,1,7,197,895,7,29977,1,0
9648,33344,1,2025-09-27,1,1,34,152,1,29983,1,0
9649,33348,1,2024-09-09,1,2,121,544,2,29987,1,0
9650,33352,1,2026-07-13,1,1,102,457,1,29990,1,0
9651,33352,1,2026-07-13,1,1,102,457,1,29991,1,0
9652,33353,1,2023-12-01,1,1,75,333,1,29992,1,0
9653,33363,1,2026-07-13,1,15,244,1105,15,30003,1,0
9654,33365,1,2023-11-07,1,7,200,906,7,30007,1,0
9655,33365,1,2023-11-10,1,7,200,906,7,30008,1,0
9656,33372,1,2023-04-01,1,1,71,316,1,30018,1,0
9657,33377,1,2025-09-06,1,14,242,1094,14,30022,1,0
9658,33385,1,2023-08-02,1,1,88,389,1,30035,1,0
9659,33392,1,2024-09-17,1,1,56,254,1,30039,1,0
9660,33400,1,2024-06-26,1,1,76,338,1,30047,1,0
9661,33401,1,2025-06-11,1,1,104,464,1,30048,1,0
9662,33401,1,2025-07-19,1,1,104,464,1,30049,1,0
9663,33401,1,2025-05-09,1,1,104,464,1,30050,1,0
9664,33406,1,2025-09-19,1,1,17,72,1,30052,1,0
9665,33407,1,2025-12-17,1,2,135,613,2,30053,1,0
9666,33409,1,2024-06-09,1,18,258,1165,18,30055,1,0
9667,33409,1,2024-05-21,1,18,258,1165,18,30056,1,0
9668,33410,1,2025-01-10,1,25,279,1251,25,30058,1,0
9669,33412,1,2025-10-01,1,8,205,927,8,30060,1,0
9670,33415,1,2023-12-04,1,1,60,266,1,30066,1,0
9671,33423,1,2023-11-22,1,1,94,416,1,30069,1,0
9672,33425,1,2025-06-22,1,1,48,213,1,30072,1,0
9673,33426,1,2025-09-01,1,6,190,865,6,30073,1,0
9674,33431,1,2025-07-28,1,21,268,1206,21,30079,1,0
9675,33443,1,2025-06-25,1,26,282,1268,26,30090,1,0
9676,33460,1,2024-02-04,1,2,121,545,2,30105,1,0
9677,33460,1,2024-01-27,1,2,121,545,2,30106,1,0
9678,33463,1,2025-04-21,1,1,50,229,1,30107,1,0
9679,33463,1,2025-04-27,1,1,50,229,1,30108,1,0
9680,33468,1,2024-12-16,1,1,99,444,1,30115,1,0
9681,33468,1,2024-07-02,1,1,99,444,1,30116,1,0
9682,33472,1,2025-09-14,1,1,24,103,1,30118,1,0
9683,33474,1,2024-05-19,1,1,29,129,1,30121,1,0
9684,33489,1,2026-07-13,1,3,147,665,3,30133,1,0
9685,33489,1,2026-07-13,1,3,147,665,3,30134,1,0
9686,33490,1,2025-02-06,1,1,1,1,1,30135,1,0
9687,33490,1,2025-04-01,1,1,1,1,1,30136,1,0
9688,33493,1,2025-01-30,1,1,71,315,1,30142,1,0
9689,33500,1,2025-12-19,1,1,44,194,1,30146,1,0
9690,33505,1,2024-10-09,1,4,159,719,4,30151,1,0
9691,33506,1,2023-03-06,1,3,140,633,3,30152,1,0
9692,33506,1,2023-03-20,1,3,140,633,3,30153,1,0
9693,33510,1,2024-05-21,1,3,140,635,3,30155,1,0
9694,33511,1,2025-03-05,1,4,164,741,4,30156,1,0
9695,33513,1,2024-05-13,1,9,212,957,9,30157,1,0
9696,33528,1,2025-01-17,1,1,84,372,1,30171,1,0
9697,33530,1,2023-04-23,1,29,291,1303,29,30173,1,0
9698,33542,1,2023-04-26,1,16,248,1121,16,30176,1,0
9699,33542,1,2023-04-17,1,16,248,1121,16,30177,1,0
9700,33542,1,2023-04-22,1,16,248,1121,16,30178,1,0
9701,33547,1,2023-11-07,1,3,140,633,3,30182,1,0
9702,33549,1,2026-01-09,1,1,68,302,1,30184,1,0
9703,33549,1,2026-01-25,1,1,68,302,1,30185,1,0
9704,33560,1,2023-08-16,1,20,265,1195,20,30193,1,0
9705,33564,1,2023-04-12,1,1,42,187,1,30196,1,0
9706,33565,1,2025-09-06,1,1,81,359,1,30197,1,0
9707,33566,1,2024-08-29,1,3,153,696,3,30198,1,0
9708,33566,1,2024-08-18,1,3,153,696,3,30199,1,0
9709,33566,1,2024-10-23,1,3,153,696,3,30200,1,0
9710,33575,1,2023-11-06,1,8,209,945,8,30205,1,0
9711,33578,1,2025-04-22,1,4,157,713,4,30208,1,0
9712,33579,1,2026-02-14,1,1,117,526,1,30209,1,0
9713,33584,1,2025-06-05,1,1,78,347,1,30212,1,0
9714,33584,1,2025-05-28,1,1,78,347,1,30213,1,0
9715,33584,1,2025-06-04,1,1,78,347,1,30214,1,0
9716,33586,1,2023-09-30,1,19,260,1175,19,30215,1,0
9717,33586,1,2023-11-09,1,19,260,1175,19,30216,1,0
9718,33586,1,2023-11-05,1,19,260,1175,19,30217,1,0
9719,33589,1,2026-07-13,1,6,190,864,6,30218,1,0
9720,33589,1,2026-07-13,1,6,190,864,6,30219,1,0
9721,33592,1,2024-06-21,1,1,91,404,1,30221,1,0
9722,33592,1,2024-08-19,1,1,91,404,1,30222,1,0
9723,33599,1,2026-01-19,1,2,130,590,2,30224,1,0
9724,33600,1,2023-03-25,1,25,279,1253,25,30225,1,0
9725,33601,1,2023-11-03,1,19,262,1179,19,30227,1,0
9726,33606,1,2024-02-11,1,1,105,472,1,30231,1,0
9727,33611,1,2023-10-25,1,3,152,691,3,30236,1,0
9728,33615,1,2024-12-21,1,1,11,49,1,30240,1,0
9729,33622,1,2024-12-06,1,2,135,613,2,30246,1,0
9730,33622,1,2024-11-15,1,2,135,613,2,30247,1,0
9731,33625,1,2024-02-27,1,6,186,844,6,30249,1,0
9732,33631,1,2026-03-11,1,1,81,357,1,30255,1,0
9733,33632,1,2025-07-02,1,28,289,1297,28,30256,1,0
9734,33644,1,2025-04-09,1,1,6,27,1,30273,1,0
9735,33644,1,2025-10-28,1,1,6,27,1,30274,1,0
9736,33651,1,2024-12-07,1,1,93,410,1,30277,1,0
9737,33656,1,2025-11-27,1,1,42,187,1,30283,1,0
9738,33656,1,2025-09-28,1,1,42,187,1,30284,1,0
9739,33656,1,2025-12-31,1,1,42,187,1,30285,1,0
9740,33657,1,2024-02-12,1,1,19,83,1,30286,1,0
9741,33664,1,2024-09-01,1,1,104,465,1,30290,1,0
9742,33664,1,2024-08-23,1,1,104,465,1,30291,1,0
9743,33669,1,2026-04-05,1,1,22,96,1,30295,1,0
9744,33671,1,2023-06-16,1,6,190,866,6,30298,1,0
9745,33671,1,2023-11-09,1,6,190,866,6,30299,1,0
9746,33672,1,2024-04-01,1,31,298,1336,31,30301,1,0
9747,33675,1,2023-06-23,1,20,265,1192,20,30304,1,0
9748,33676,1,2024-05-06,1,12,231,1044,12,30305,1,0
9749,33677,1,2025-02-24,1,3,142,647,3,30306,1,0
9750,33693,1,2023-04-07,1,29,291,1303,29,30317,1,0
9751,33695,1,2026-05-01,1,1,1,2,1,30319,1,0
9752,33695,1,2026-05-18,1,1,1,2,1,30320,1,0
9753,33696,1,2025-04-23,1,8,206,931,8,30321,1,0
9754,33713,1,2023-08-01,1,1,115,519,1,30332,1,0
9755,33715,1,2023-12-07,1,23,272,1223,23,30333,1,0
9756,33715,1,2024-01-31,1,23,272,1223,23,30334,1,0
9757,33715,1,2024-01-06,1,23,272,1223,23,30335,1,0
9758,33717,1,2025-01-16,1,28,287,1285,28,30337,1,0
9759,33720,1,2024-04-23,1,8,209,943,8,30339,1,0
9760,33732,1,2024-09-30,1,1,25,109,1,30347,1,0
9761,33732,1,2024-10-27,1,1,25,109,1,30348,1,0
9762,33735,1,2025-05-09,1,15,247,1117,15,30350,1,0
9763,33741,1,2024-09-20,1,15,244,1102,15,30353,1,0
9764,33741,1,2024-09-16,1,15,244,1102,15,30354,1,0
9765,33741,1,2024-11-12,1,15,244,1102,15,30355,1,0
9766,33765,1,2024-12-26,1,1,115,518,1,30365,1,0
9767,33767,1,2024-04-18,1,12,230,1040,12,30369,1,0
9768,33775,1,2024-03-05,1,1,68,299,1,30377,1,0
9769,33775,1,2024-03-21,1,1,68,299,1,30378,1,0
9770,33776,1,2025-10-03,1,31,298,1332,31,30380,1,0
9771,33782,1,2025-06-13,1,3,137,619,3,30383,1,0
9772,33784,1,2026-01-21,1,1,114,515,1,30384,1,0
9773,33785,1,2024-03-24,1,1,90,397,1,30385,1,0
9774,33787,1,2023-10-24,1,3,136,617,3,30387,1,0
9775,33799,1,2024-04-05,1,1,90,398,1,30397,1,0
9776,33800,1,2026-06-19,1,1,98,437,1,30398,1,0
9777,33800,1,2026-07-13,1,1,98,437,1,30399,1,0
9778,33813,1,2023-09-18,1,1,103,462,1,30406,1,0
9779,33828,1,2023-04-12,1,1,67,296,1,30411,1,0
9780,33836,1,2023-04-11,1,14,239,1081,14,30415,1,0
9781,33840,1,2023-05-03,1,5,174,791,5,30418,1,0
9782,33840,1,2023-05-09,1,5,174,791,5,30419,1,0
9783,33842,1,2026-05-24,1,3,149,676,3,30420,1,0
9784,33846,1,2025-11-14,1,9,212,956,9,30427,1,0
9785,33849,1,2026-05-15,1,10,216,971,10,30430,1,0
9786,33855,1,2024-05-21,1,11,224,1014,11,30438,1,0
9787,33856,1,2025-05-30,1,1,40,177,1,30439,1,0
9788,33862,1,2026-04-24,1,6,187,849,6,30442,1,0
9789,33869,1,2023-12-16,1,22,269,1208,22,30446,1,0
9790,33875,1,2026-02-27,1,22,269,1208,22,30452,1,0
9791,33883,1,2023-12-14,1,11,226,1021,11,30459,1,0
9792,33885,1,2024-11-04,1,1,97,433,1,30461,1,0
9793,33885,1,2024-11-12,1,1,97,433,1,30462,1,0
9794,33888,1,2024-03-21,1,1,66,293,1,30467,1,0
9795,33892,1,2025-06-08,1,10,220,997,10,30472,1,0
9796,33897,1,2025-09-09,1,1,20,89,1,30477,1,0
9797,33899,1,2024-05-10,1,8,203,921,8,30480,1,0
9798,33899,1,2024-06-03,1,8,203,921,8,30481,1,0
9799,33902,1,2023-08-18,1,1,11,49,1,30485,1,0
9800,33902,1,2023-08-15,1,1,11,49,1,30486,1,0
9801,33915,1,2023-12-27,1,11,223,1010,11,30494,1,0
9802,33915,1,2024-01-04,1,11,223,1010,11,30495,1,0
9803,33917,1,2025-05-02,1,19,260,1173,19,30497,1,0
9804,33922,1,2024-12-11,1,1,66,294,1,30501,1,0
9805,33924,1,2024-09-06,1,1,55,249,1,30502,1,0
9806,33925,1,2024-12-15,1,22,269,1209,22,30503,1,0
9807,33928,1,2025-09-03,1,6,189,861,6,30506,1,0
9808,33928,1,2025-11-01,1,6,189,861,6,30507,1,0
9809,33931,1,2024-10-15,1,7,192,872,7,30509,1,0
9810,33931,1,2024-10-19,1,7,192,872,7,30510,1,0
9811,33933,1,2026-03-26,1,13,233,1053,13,30511,1,0
9812,33933,1,2026-04-13,1,13,233,1053,13,30512,1,0
9813,33934,1,2025-01-03,1,19,261,1177,19,30513,1,0
9814,33936,1,2025-02-17,1,1,3,10,1,30514,1,0
9815,33936,1,2025-01-19,1,1,3,10,1,30515,1,0
9816,33939,1,2025-09-04,1,2,125,567,2,30518,1,0
9817,33942,1,2025-04-20,1,2,125,563,2,30522,1,0
9818,33967,1,2025-09-29,1,1,90,397,1,30548,1,0
9819,33967,1,2025-10-03,1,1,90,397,1,30549,1,0
9820,33973,1,2025-01-03,1,1,66,293,1,30552,1,0
9821,33973,1,2024-10-17,1,1,66,293,1,30553,1,0
9822,33981,1,2024-01-17,1,6,182,826,6,30565,1,0
9823,33985,1,2025-12-02,1,22,269,1207,22,30569,1,0
9824,33994,1,2025-04-05,1,9,215,969,9,30577,1,0
9825,34014,1,2023-04-17,1,1,59,263,1,30593,1,0
9826,34014,1,2023-05-09,1,1,59,263,1,30594,1,0
9827,34019,1,2025-08-15,1,29,292,1308,29,30599,1,0
9828,34019,1,2025-07-14,1,29,292,1308,29,30600,1,0
9829,34027,1,2023-07-14,1,1,68,302,1,30605,1,0
9830,34027,1,2023-07-23,1,1,68,302,1,30606,1,0
9831,34036,1,2024-06-04,1,12,232,1050,12,30612,1,0
9832,34040,1,2025-03-05,1,30,294,1315,30,30619,1,0
9833,34040,1,2025-02-28,1,30,294,1315,30,30620,1,0
9834,34051,1,2026-07-13,1,1,11,49,1,30632,1,0
9835,34051,1,2026-07-10,1,1,11,49,1,30633,1,0
9836,34052,1,2024-07-13,1,2,125,565,2,30634,1,0
9837,34052,1,2024-07-08,1,2,125,565,2,30635,1,0
9838,34052,1,2024-07-07,1,2,125,565,2,30636,1,0
9839,34056,1,2025-06-01,1,1,64,287,1,30638,1,0
9840,34056,1,2025-02-28,1,1,64,287,1,30639,1,0
9841,34056,1,2025-02-19,1,1,64,287,1,30640,1,0
9842,34063,1,2023-06-07,1,1,62,277,1,30647,1,0
9843,34063,1,2023-05-28,1,1,62,277,1,30648,1,0
9844,34064,1,2026-06-28,1,1,99,445,1,30649,1,0
9845,34066,1,2023-07-08,1,16,249,1123,16,30651,1,0
9846,34075,1,2024-05-21,1,3,149,674,3,30655,1,0
9847,34076,1,2026-02-21,1,1,13,56,1,30658,1,0
9848,34087,1,2023-12-17,1,4,159,719,4,30669,1,0
9849,34090,1,2024-06-29,1,1,74,329,1,30671,1,0
9850,34095,1,2025-12-05,1,17,252,1137,17,30675,1,0
9851,34095,1,2025-11-25,1,17,252,1137,17,30676,1,0
9852,34095,1,2025-12-15,1,17,252,1137,17,30677,1,0
9853,34100,1,2025-12-05,1,1,36,159,1,30678,1,0
9854,34100,1,2025-11-29,1,1,36,159,1,30679,1,0
9855,34100,1,2025-11-24,1,1,36,159,1,30680,1,0
9856,34110,1,2025-09-01,1,1,79,352,1,30688,1,0
9857,34111,1,2025-07-11,1,11,224,1015,11,30689,1,0
9858,34117,1,2024-06-08,1,3,145,656,3,30693,1,0
9859,34119,1,2025-07-27,1,13,235,1063,13,30696,1,0
9860,34121,1,2024-12-02,1,6,190,862,6,30698,1,0
9861,34124,1,2025-10-13,1,27,286,1283,27,30702,1,0
9862,34124,1,2025-09-24,1,27,286,1283,27,30703,1,0
9863,34131,1,2023-09-02,1,7,197,894,7,30712,1,0
9864,34132,1,2023-03-31,1,23,274,1230,23,30713,1,0
9865,34134,1,2024-09-29,1,1,90,400,1,30715,1,0
9866,34134,1,2024-10-06,1,1,90,400,1,30716,1,0
9867,34139,1,2025-11-28,1,2,126,571,2,30718,1,0
9868,34144,1,2026-07-13,1,1,14,62,1,30723,1,0
9869,34150,1,2024-12-16,1,31,296,1326,31,30724,1,0
9870,34151,1,2025-06-25,1,4,162,733,4,30725,1,0
9871,34151,1,2025-06-16,1,4,162,733,4,30726,1,0
9872,34161,1,2025-05-22,1,1,31,137,1,30733,1,0
9873,34162,1,2024-09-29,1,1,53,241,1,30734,1,0
9874,34166,1,2023-06-20,1,1,50,225,1,30735,1,0
9875,34166,1,2023-05-23,1,1,50,225,1,30736,1,0
9876,34167,1,2023-03-01,1,3,142,645,3,30737,1,0
9877,34177,1,2023-06-21,1,11,223,1011,11,30745,1,0
9878,34182,1,2026-02-25,1,3,150,677,3,30751,1,0
9879,34197,1,2026-07-13,1,2,129,586,2,30762,1,0
9880,34198,1,2025-02-17,1,11,223,1011,11,30763,1,0
9881,34201,1,2026-03-19,1,6,189,858,6,30768,1,0
9882,34201,1,2026-06-12,1,6,189,858,6,30769,1,0
9883,34201,1,2026-02-19,1,6,189,858,6,30770,1,0
9884,34202,1,2023-04-14,1,9,213,962,9,30771,1,0
9885,34203,1,2024-11-06,1,1,105,472,1,30773,1,0
9886,34209,1,2025-09-30,1,7,197,893,7,30776,1,0
9887,34217,1,2025-10-31,1,1,52,234,1,30783,1,0
9888,34223,1,2024-10-13,1,19,260,1175,19,30793,1,0
9889,34223,1,2024-08-06,1,19,260,1175,19,30794,1,0
9890,34225,1,2024-11-20,1,1,86,384,1,30797,1,0
9891,34227,1,2024-11-11,1,1,38,167,1,30798,1,0
9892,34227,1,2024-11-02,1,1,38,167,1,30799,1,0
9893,34227,1,2024-11-06,1,1,38,167,1,30800,1,0
9894,34229,1,2024-03-21,1,1,88,392,1,30802,1,1
9895,34231,1,2026-05-20,1,12,228,1030,12,30803,1,0
9896,34235,1,2023-05-10,1,13,234,1057,13,30810,1,0
9897,34246,1,2024-08-11,1,19,261,1177,19,30820,1,0
9898,34248,1,2023-12-14,1,1,109,488,1,30822,1,0
9899,34249,1,2024-01-29,1,4,163,735,4,30823,1,0
9900,34249,1,2024-01-12,1,4,163,735,4,30824,1,0
9901,34255,1,2023-12-16,1,2,132,597,2,30828,1,0
9902,34256,1,2025-06-10,1,2,135,613,2,30829,1,0
9903,34259,1,2024-06-20,1,1,97,432,1,30832,1,0
9904,34260,1,2025-10-02,1,2,121,544,2,30833,1,0
9905,34268,1,2026-03-14,1,4,154,700,4,30837,1,0
9906,34269,1,2024-08-18,1,25,280,1259,25,30839,1,0
9907,34270,1,2025-12-25,1,8,202,911,8,30841,1,0
9908,34274,1,2025-01-16,1,10,219,991,10,30845,1,0
9909,34274,1,2025-04-06,1,10,219,991,10,30846,1,0
9910,34276,1,2026-02-26,1,9,212,954,9,30847,1,0
9911,34277,1,2024-04-11,1,30,293,1313,30,30848,1,0
9912,34292,1,2023-07-09,1,5,176,799,5,30861,1,0
9913,34295,1,2026-07-13,1,1,42,187,1,30863,1,0
9914,34302,1,2024-02-01,1,5,174,793,5,30867,1,0
9915,34304,1,2024-04-24,1,1,115,520,1,30869,1,0
9916,34310,1,2026-01-15,1,11,224,1017,11,30872,1,0
9917,34310,1,2025-11-10,1,11,224,1017,11,30873,1,0
9918,34313,1,2023-05-28,1,1,5,19,1,30877,1,0
9919,34317,1,2023-06-14,1,1,62,276,1,30882,1,0
9920,34325,1,2025-07-19,1,29,292,1308,29,30889,1,0
9921,34332,1,2026-05-25,1,29,292,1306,29,30895,1,0
9922,34332,1,2026-06-01,1,29,292,1306,29,30896,1,0
9923,34332,1,2026-06-01,1,29,292,1306,29,30897,1,0
9924,34336,1,2024-03-19,1,1,66,294,1,30898,1,0
9925,34336,1,2024-04-01,1,1,66,294,1,30899,1,0
9926,34348,1,2025-08-23,1,1,74,330,1,30904,1,0
9927,34348,1,2025-08-31,1,1,74,330,1,30905,1,0
9928,34353,1,2024-05-08,1,1,13,56,1,30908,1,0
9929,34353,1,2024-04-21,1,1,13,56,1,30909,1,0
9930,34357,1,2024-11-04,1,1,101,452,1,30913,1,0
9931,34369,1,2026-07-13,1,1,75,334,1,30917,1,0
9932,34369,1,2026-07-13,1,1,75,334,1,30918,1,0
9933,34371,1,2025-12-10,1,2,128,581,2,30919,1,0
9934,34372,1,2023-05-11,1,1,16,71,1,30920,1,0
9935,34389,1,2025-02-03,1,1,82,363,1,30933,1,0
9936,34389,1,2025-05-01,1,1,82,363,1,30934,1,0
9937,34406,1,2025-06-22,1,1,118,532,1,30943,1,0
9938,34415,1,2023-04-27,1,3,138,624,3,30950,1,0
9939,34417,1,2025-08-20,1,29,292,1308,29,30954,1,0
9940,34421,1,2024-08-07,1,27,284,1276,27,30955,1,0
9941,34421,1,2024-05-12,1,27,284,1276,27,30956,1,0
9942,34421,1,2024-08-24,1,27,284,1276,27,30957,1,0
9943,34423,1,2026-04-23,1,1,120,541,1,30958,1,0
9944,34430,1,2023-11-25,1,31,298,1331,31,30962,1,0
9945,34431,1,2025-08-17,1,27,286,1283,27,30963,1,0
9946,34433,1,2026-03-24,1,4,165,742,4,30964,1,0
9947,34438,1,2024-05-04,1,1,11,52,1,30970,1,0
9948,34438,1,2024-05-05,1,1,11,52,1,30971,1,0
9949,34438,1,2024-05-05,1,1,11,52,1,30972,1,0
9950,34441,1,2024-03-31,1,4,165,747,4,30974,1,0
9951,34445,1,2024-09-23,1,8,203,919,8,30979,1,0
9952,34454,1,2026-06-02,1,7,195,885,7,30990,1,0
9953,34454,1,2026-03-24,1,7,195,885,7,30991,1,0
9954,34457,1,2024-09-12,1,14,242,1091,14,30994,1,0
9955,34460,1,2023-03-08,1,1,119,534,1,30995,1,0
9956,34460,1,2023-05-05,1,1,119,534,1,30996,1,0
9957,34464,1,2024-01-06,1,2,131,592,2,30997,1,0
9958,34465,1,2025-06-03,1,1,94,415,1,30998,1,0
9959,34468,1,2023-09-29,1,5,169,766,5,31001,1,0
9960,34481,1,2025-09-19,1,1,92,407,1,31011,1,0
9961,34485,1,2024-02-24,1,1,55,250,1,31012,1,0
9962,34486,1,2025-07-23,1,1,36,161,1,31013,1,0
9963,34487,1,2024-04-20,1,10,216,975,10,31014,1,0
9964,34489,1,2026-02-10,1,8,205,928,8,31015,1,0
9965,34494,1,2023-10-01,1,3,149,675,3,31020,1,0
9966,34499,1,2025-12-10,1,1,32,142,1,31026,1,0
9967,34501,1,2025-07-28,1,17,252,1139,17,31028,1,0
9968,34503,1,2023-05-25,1,10,220,993,10,31030,1,0
9969,34506,1,2024-10-08,1,1,111,496,1,31033,1,0
9970,34510,1,2024-03-09,1,1,40,175,1,31038,1,0
9971,34515,1,2026-02-01,1,21,268,1206,21,31042,1,0
9972,34515,1,2025-11-28,1,21,268,1206,21,31043,1,0
9973,34529,1,2024-01-04,1,1,103,463,1,31053,1,0
9974,34530,1,2023-09-29,1,5,169,768,5,31054,1,0
9975,34531,1,2026-03-23,1,1,73,324,1,31055,1,0
9976,34532,1,2026-03-03,1,6,186,846,6,31056,1,0
9977,34535,1,2025-12-13,1,15,243,1098,15,31061,1,0
9978,34538,1,2025-12-22,1,21,267,1202,21,31063,1,0
9979,34550,1,2025-06-25,1,1,9,40,1,31074,1,0
9980,34550,1,2025-06-16,1,1,9,40,1,31075,1,0
9981,34550,1,2025-06-12,1,1,9,40,1,31076,1,0
9982,34556,1,2026-04-23,1,6,188,854,6,31083,1,0
9983,34560,1,2024-01-07,1,12,228,1032,12,31088,1,0
9984,34570,1,2026-07-01,1,30,295,1322,30,31100,1,0
9985,34571,1,2023-12-17,1,1,28,125,1,31101,1,0
9986,34571,1,2023-12-25,1,1,28,125,1,31102,1,0
9987,34571,1,2024-01-02,1,1,28,125,1,31103,1,0
9988,34572,1,2026-04-17,1,2,122,546,2,31104,1,0
9989,34581,1,2026-03-16,1,1,17,74,1,31114,1,0
9990,34582,1,2024-02-27,1,29,290,1301,29,31116,1,0
9991,34592,1,2024-08-20,1,2,131,595,2,31124,1,0
9992,34597,1,2023-08-15,1,10,220,993,10,31126,1,0
9993,34601,1,2024-07-03,1,5,181,824,5,31128,1,0
9994,34602,1,2023-12-10,1,15,245,1106,15,31130,1,0
9995,34602,1,2024-01-01,1,15,245,1106,15,31131,1,0
9996,34606,1,2026-07-13,1,12,229,1037,12,31135,1,0
9997,34607,1,2026-05-22,1,1,1,1,1,31137,1,0
9998,34610,1,2025-04-27,1,1,109,489,1,31138,1,0
9999,34610,1,2025-01-26,1,1,109,489,1,31139,1,0
10000,34610,1,2025-03-14,1,1,109,489,1,31140,1,0
10001,34615,1,2023-09-15,1,4,160,722,4,31144,1,0
10002,34615,1,2023-05-22,1,4,160,722,4,31145,1,0
10003,34620,1,2025-12-25,1,10,217,980,10,31147,1,0
10004,34630,1,2024-05-28,1,14,242,1095,14,31154,1,0
10005,34638,1,2023-03-26,1,1,106,475,1,31159,1,0
10006,34645,1,2024-12-13,1,22,270,1214,22,31166,1,0
10007,34656,1,2023-03-18,1,17,255,1151,17,31168,1,0
10008,34669,1,2025-05-07,1,11,224,1016,11,31176,1,0
10009,34677,1,2026-06-11,1,1,10,45,1,31186,1,0
10010,34680,1,2025-03-28,1,1,66,293,1,31187,1,0
10011,34682,1,2026-07-04,1,17,253,1142,17,31189,1,0
10012,34685,1,2024-09-21,1,16,248,1120,16,31192,1,0
10013,34685,1,2024-11-24,1,16,248,1120,16,31193,1,0
10014,34688,1,2026-06-26,1,3,139,631,3,31195,1,0
10015,34688,1,2026-07-13,1,3,139,631,3,31196,1,0
10016,34694,1,2025-01-21,1,1,100,446,1,31197,1,0
10017,34694,1,2025-03-30,1,1,100,446,1,31198,1,0
10018,34710,1,2023-06-21,1,25,279,1250,25,31215,1,0
10019,34721,1,2024-12-02,1,20,263,1184,20,31223,1,0
10020,34728,1,2026-07-13,1,1,57,257,1,31232,1,0
10021,34728,1,2026-07-13,1,1,57,257,1,31233,1,0
10022,34729,1,2025-02-25,1,13,237,1073,13,31234,1,0
10023,34729,1,2025-01-12,1,13,237,1073,13,31235,1,0
10024,34730,1,2023-06-30,1,1,17,73,1,31236,1,0
10025,34730,1,2023-07-21,1,1,17,73,1,31237,1,0
10026,34733,1,2026-03-21,1,2,125,566,2,31238,1,0
10027,34736,1,2025-11-14,1,3,147,666,3,31241,1,0
10028,34757,1,2026-07-07,1,1,84,371,1,31260,1,0
10029,34757,1,2026-07-10,1,1,84,371,1,31261,1,0
10030,34759,1,2023-09-07,1,1,35,156,1,31264,1,0
10031,34759,1,2023-10-30,1,1,35,156,1,31265,1,0
10032,34761,1,2024-01-17,1,7,199,899,7,31268,1,0
10033,34767,1,2024-11-08,1,19,261,1176,19,31273,1,0
10034,34767,1,2025-01-12,1,19,261,1176,19,31274,1,0
10035,34767,1,2024-09-06,1,19,261,1176,19,31275,1,0
10036,34769,1,2025-04-15,1,13,237,1074,13,31276,1,0
10037,34769,1,2025-03-29,1,13,237,1074,13,31277,1,0
10038,34772,1,2025-04-23,1,1,86,385,1,31279,1,0
10039,34772,1,2025-01-26,1,1,86,385,1,31280,1,0
10040,34775,1,2026-06-21,1,1,67,297,1,31283,1,0
10041,34775,1,2026-07-13,1,1,67,297,1,31284,1,0
10042,34787,1,2023-04-28,1,28,287,1285,28,31292,1,1
10043,34790,1,2024-02-10,1,1,91,404,1,31295,1,0
10044,34805,1,2026-04-03,1,1,114,513,1,31303,1,0
10045,34806,1,2023-09-28,1,1,36,159,1,31304,1,0
10046,34806,1,2023-09-20,1,1,36,159,1,31306,1,0
10047,34812,1,2023-08-07,1,1,63,283,1,31311,1,0
10048,34819,1,2024-04-30,1,3,153,694,3,31315,1,1
10049,34823,1,2026-07-13,1,1,31,138,1,31318,1,0
10050,34824,1,2025-06-11,1,13,236,1069,13,31319,1,0
10051,34827,1,2023-10-18,1,1,10,47,1,31320,1,0
10052,34829,1,2024-05-18,1,6,188,854,6,31322,1,0
10053,34829,1,2024-09-19,1,6,188,854,6,31323,1,0
10054,34832,1,2024-07-21,1,2,130,589,2,31324,1,0
10055,34845,1,2026-04-30,1,1,115,520,1,31339,1,0
10056,34848,1,2025-06-07,1,1,7,30,1,31341,1,0
10057,34852,1,2023-04-15,1,3,137,623,3,31346,1,0
10058,34852,1,2023-03-28,1,3,137,623,3,31347,1,0
10059,34854,1,2023-06-24,1,15,244,1105,15,31350,1,0
10060,34859,1,2024-12-30,1,5,175,797,5,31353,1,0
10061,34861,1,2024-07-31,1,4,164,739,4,31355,1,0
10062,34861,1,2024-10-31,1,4,164,739,4,31356,1,0
10063,34868,1,2025-02-21,1,6,187,849,6,31363,1,0
10064,34872,1,2024-03-27,1,1,26,114,1,31366,1,0
10065,34879,1,2024-01-25,1,26,282,1267,26,31375,1,0
10066,34886,1,2025-10-20,1,19,261,1176,19,31380,1,0
10067,34901,1,2025-03-26,1,2,123,551,2,31397,1,0
10068,34902,1,2023-05-28,1,1,5,20,1,31399,1,0
10069,34910,1,2024-01-09,1,26,282,1268,26,31407,1,0
10070,34912,1,2026-04-11,1,16,250,1131,16,31409,1,0
10071,34915,1,2026-03-28,1,4,156,711,4,31411,1,0
10072,34915,1,2026-07-13,1,4,156,711,4,31412,1,0
10073,34921,1,2025-06-12,1,1,107,481,1,31416,1,0
10074,34921,1,2025-06-24,1,1,107,481,1,31417,1,0
10075,34924,1,2025-02-06,1,6,186,847,6,31419,1,0
10076,34925,1,2025-02-14,1,4,157,712,4,31420,1,0
10077,34925,1,2025-02-02,1,4,157,712,4,31421,1,0
10078,34925,1,2025-07-30,1,4,157,712,4,31422,1,0
10079,34937,1,2024-07-08,1,1,10,45,1,31432,1,0
10080,34938,1,2024-04-17,1,1,120,542,1,31433,1,0
10081,34938,1,2024-03-31,1,1,120,542,1,31435,1,0
10082,34943,1,2023-07-02,1,3,145,657,3,31438,1,0
10083,34953,1,2024-06-27,1,6,190,863,6,31451,1,0
10084,34962,1,2025-05-29,1,1,52,236,1,31455,1,0
10085,34967,1,2024-01-03,1,1,71,314,1,31459,1,0
10086,34974,1,2024-07-18,1,31,296,1326,31,31467,1,0
10087,34986,1,2024-08-23,1,16,250,1129,16,31483,1,0
10088,34988,1,2024-09-03,1,7,194,881,7,31484,1,0
10089,34988,1,2024-07-02,1,7,194,881,7,31485,1,0
10090,34990,1,2025-07-08,1,22,271,1215,22,31486,1,0
10091,34992,1,2024-07-30,1,12,232,1050,12,31487,1,0
10092,34996,1,2023-07-10,1,30,294,1317,30,31493,1,0
10093,34998,1,2026-04-18,1,15,244,1105,15,31495,1,0
10094,35003,1,2024-05-09,1,17,252,1137,17,31499,1,0
10095,35003,1,2024-09-22,1,17,252,1137,17,31500,1,0
10096,35008,1,2024-02-09,1,2,123,556,2,31504,1,0
10097,35014,1,2023-11-07,1,2,131,592,2,31507,1,0
10098,35014,1,2023-11-08,1,2,131,592,2,31508,1,0
10099,35024,1,2024-01-23,1,30,294,1315,30,31515,1,0
10100,35026,1,2024-04-16,1,21,268,1204,21,31516,1,0
10101,35035,1,2024-11-08,1,1,12,55,1,31525,1,0
10102,35037,1,2023-12-17,1,1,52,236,1,31526,1,0
10103,35039,1,2023-07-11,1,3,149,674,3,31527,1,0
10104,35039,1,2023-07-13,1,3,149,674,3,31528,1,0
10105,35059,1,2026-04-21,1,1,63,284,1,31538,1,0
10106,35064,1,2024-05-01,1,1,2,4,1,31541,1,0
10107,35067,1,2026-06-21,1,13,233,1052,13,31544,1,0
10108,35067,1,2026-05-10,1,13,233,1052,13,31545,1,0
10109,35067,1,2026-06-05,1,13,233,1052,13,31546,1,0
10110,35073,1,2023-12-13,1,1,54,247,1,31551,1,0
10111,35077,1,2024-11-04,1,1,61,273,1,31555,1,0
10112,35077,1,2024-12-13,1,1,61,273,1,31556,1,0
10113,35084,1,2026-04-10,1,1,21,93,1,31563,1,0
10114,35085,1,2026-04-02,1,4,158,718,4,31564,1,0
10115,35090,1,2026-01-21,1,1,92,406,1,31570,1,0
10116,35090,1,2025-12-13,1,1,92,406,1,31571,1,0
10117,35098,1,2024-07-14,1,3,142,648,3,31575,1,0
10118,35099,1,2024-12-06,1,1,67,298,1,31576,1,0
10119,35102,1,2024-08-27,1,1,81,360,1,31578,1,0
10120,35104,1,2025-02-05,1,5,175,797,5,31581,1,0
10121,35105,1,2026-07-06,1,6,183,831,6,31582,1,0
10122,35107,1,2025-09-25,1,1,28,124,1,31584,1,0
10123,35110,1,2025-02-06,1,2,126,571,2,31588,1,0
10124,35114,1,2023-08-20,1,1,49,220,1,31589,1,0
10125,35114,1,2023-10-23,1,1,49,220,1,31590,1,0
10126,35116,1,2026-07-13,1,2,123,553,2,31593,1,0
10127,35119,1,2025-02-13,1,13,233,1052,13,31595,1,0
10128,35119,1,2024-10-09,1,13,233,1052,13,31596,1,0
10129,35124,1,2025-11-03,1,4,156,706,4,31597,1,0
10130,35124,1,2026-01-16,1,4,156,706,4,31598,1,0
10131,35125,1,2025-05-03,1,28,288,1293,28,31599,1,0
10132,35127,1,2025-10-31,1,18,257,1160,18,31601,1,0
10133,35127,1,2025-12-25,1,18,257,1160,18,31602,1,0
10134,35128,1,2023-09-14,1,1,41,184,1,31603,1,0
10135,35130,1,2025-03-09,1,15,246,1111,15,31604,1,0
10136,35132,1,2024-02-09,1,1,18,80,1,31605,1,0
10137,35132,1,2024-02-16,1,1,18,80,1,31606,1,0
10138,35133,1,2026-03-12,1,5,181,823,5,31607,1,0
10139,35133,1,2026-04-21,1,5,181,823,5,31608,1,0
10140,35133,1,2026-04-10,1,5,181,823,5,31609,1,0
10141,35134,1,2024-12-06,1,14,240,1085,14,31610,1,0
10142,35134,1,2025-01-01,1,14,240,1085,14,31611,1,0
10143,35134,1,2024-10-21,1,14,240,1085,14,31612,1,0
10144,35137,1,2024-10-14,1,8,203,917,8,31614,1,0
10145,35137,1,2025-01-17,1,8,203,917,8,31615,1,0
10146,35139,1,2024-10-10,1,1,26,116,1,31616,1,0
10147,35143,1,2025-10-08,1,1,80,354,1,31620,1,0
10148,35147,1,2023-01-23,1,29,292,1306,29,31623,1,0
10149,35147,1,2023-02-08,1,29,292,1306,29,31624,1,0
10150,35151,1,2024-03-11,1,6,186,848,6,31627,1,0
10151,35153,1,2025-03-21,1,16,251,1133,16,31629,1,0
10152,35159,1,2023-11-28,1,4,159,721,4,31634,1,0
10153,35168,1,2025-01-01,1,5,170,773,5,31639,1,0
10154,35169,1,2025-09-16,1,1,72,318,1,31640,1,0
10155,35170,1,2025-07-08,1,15,245,1106,15,31641,1,0
10156,35171,1,2026-02-16,1,1,96,426,1,31642,1,0
10157,35175,1,2023-03-25,1,5,173,787,5,31644,1,0
10158,35176,1,2026-07-13,1,1,59,262,1,31645,1,0
10159,35177,1,2025-02-22,1,11,224,1014,11,31646,1,0
10160,35178,1,2026-03-11,1,2,132,598,2,31647,1,0
10161,35178,1,2026-01-19,1,2,132,598,2,31648,1,1
10162,35179,1,2026-03-31,1,3,153,693,3,31649,1,0
10163,35180,1,2025-01-27,1,1,23,101,1,31650,1,0
10164,35180,1,2024-11-28,1,1,23,101,1,31651,1,0
10165,35180,1,2024-10-05,1,1,23,101,1,31652,1,0
10166,35183,1,2025-10-19,1,25,279,1250,25,31656,1,0
10167,35183,1,2025-07-10,1,25,279,1250,25,31657,1,0
10168,35184,1,2026-07-13,1,5,171,780,5,31658,1,0
10169,35190,1,2024-12-03,1,7,200,906,7,31661,1,0
10170,35193,1,2024-02-20,1,1,42,187,1,31665,1,0
10171,35196,1,2026-03-01,1,1,103,461,1,31666,1,0
10172,35196,1,2026-01-04,1,1,103,461,1,31667,1,0
10173,35205,1,2023-08-01,1,1,49,221,1,31673,1,0
10174,35205,1,2023-08-09,1,1,49,221,1,31674,1,0
10175,35206,1,2025-04-17,1,1,113,511,1,31676,1,0
10176,35206,1,2025-03-04,1,1,113,511,1,31677,1,0
10177,35207,1,2025-08-10,1,14,241,1089,14,31678,1,0
10178,35211,1,2024-05-05,1,5,177,802,5,31680,1,0
10179,35223,1,2026-03-07,1,4,166,748,4,31686,1,0
10180,35231,1,2025-12-09,1,3,150,677,3,31696,1,0
10181,35235,1,2024-04-22,1,14,238,1076,14,31702,1,0
10182,35235,1,2024-04-14,1,14,238,1076,14,31703,1,0
10183,35235,1,2024-04-07,1,14,238,1076,14,31704,1,0
10184,35240,1,2025-09-21,1,1,61,274,1,31707,1,0
10185,35240,1,2025-07-10,1,1,61,274,1,31708,1,0
10186,35242,1,2023-04-15,1,1,38,169,1,31710,1,0
10187,35242,1,2023-05-11,1,1,38,169,1,31711,1,1
10188,35244,1,2023-09-08,1,7,197,893,7,31712,1,0
10189,35247,1,2025-06-21,1,1,100,446,1,31714,1,0
10190,35248,1,2023-06-27,1,3,150,681,3,31715,1,0
10191,35249,1,2026-07-03,1,2,121,545,2,31717,1,0
10192,35249,1,2026-07-03,1,2,121,545,2,31718,1,0
10193,35253,1,2025-01-08,1,6,189,859,6,31721,1,0
10194,35256,1,2026-05-25,1,1,50,228,1,31722,1,0
10195,35264,1,2025-07-16,1,1,90,397,1,31728,1,0
10196,35269,1,2026-05-01,1,1,34,151,1,31729,1,0
10197,35272,1,2024-04-09,1,1,103,460,1,31732,1,0
10198,35273,1,2025-02-24,1,18,256,1158,18,31733,1,0
10199,35273,1,2024-12-19,1,18,256,1158,18,31734,1,0
10200,35273,1,2025-04-17,1,18,256,1158,18,31735,1,0
10201,35274,1,2023-03-05,1,3,147,669,3,31736,1,0
10202,35283,1,2025-07-22,1,27,284,1276,27,31744,1,0
10203,35283,1,2025-07-24,1,27,284,1276,27,31745,1,0
10204,35289,1,2024-06-20,1,18,256,1154,18,31754,1,0
10205,35294,1,2024-07-15,1,1,22,96,1,31756,1,0
10206,35299,1,2026-07-13,1,9,212,957,9,31759,1,0
10207,35309,1,2023-12-02,1,9,213,960,9,31772,1,0
10208,35309,1,2023-12-06,1,9,213,960,9,31773,1,0
10209,35309,1,2023-10-09,1,9,213,960,9,31774,1,0
10210,35312,1,2025-12-30,1,21,268,1205,21,31777,1,0
10211,35318,1,2025-03-18,1,9,212,957,9,31783,1,0
10212,35328,1,2024-07-02,1,1,78,345,1,31788,1,0
10213,35328,1,2024-06-09,1,1,78,345,1,31789,1,0
10214,35333,1,2025-12-08,1,4,162,733,4,31793,1,0
10215,35339,1,2025-04-27,1,2,122,546,2,31796,1,0
10216,35341,1,2026-06-24,1,8,207,936,8,31798,1,0
10217,35341,1,2026-07-09,1,8,207,936,8,31799,1,0
10218,35341,1,2026-06-14,1,8,207,936,8,31800,1,0
10219,35342,1,2023-10-12,1,1,96,423,1,31801,1,0
10220,35344,1,2024-10-05,1,1,40,177,1,31806,1,0
10221,35349,1,2025-11-27,1,4,164,740,4,31809,1,0
10222,35350,1,2023-11-17,1,1,8,37,1,31810,1,0
10223,35354,1,2023-06-10,1,3,144,652,3,31812,1,0
10224,35355,1,2025-08-22,1,1,7,29,1,31813,1,0
10225,35362,1,2023-02-24,1,27,285,1278,27,31818,1,0
10226,35362,1,2023-04-03,1,27,285,1278,27,31819,1,0
10227,35364,1,2026-01-27,1,7,198,898,7,31821,1,0
10228,35364,1,2026-04-09,1,7,198,898,7,31822,1,0
10229,35368,1,2025-09-24,1,1,2,6,1,31826,1,0
10230,35368,1,2025-10-17,1,1,2,6,1,31827,1,0
10231,35368,1,2025-11-05,1,1,2,6,1,31828,1,0
10232,35370,1,2025-04-07,1,1,96,423,1,31829,1,0
10233,35370,1,2025-06-17,1,1,96,423,1,31830,1,0
10234,35373,1,2024-09-20,1,1,52,234,1,31832,1,0
10235,35373,1,2024-10-30,1,1,52,234,1,31833,1,0
10236,35378,1,2026-06-13,1,30,293,1312,30,31837,1,0
10237,35380,1,2024-03-25,1,2,131,595,2,31840,1,0
10238,35380,1,2024-04-18,1,2,131,595,2,31841,1,0
10239,35382,1,2024-10-30,1,4,164,741,4,31845,1,0
10240,35393,1,2025-01-20,1,6,186,843,6,31852,1,0
10241,35394,1,2025-05-06,1,31,296,1325,31,31854,1,0
10242,35395,1,2025-05-24,1,1,49,221,1,31855,1,0
10243,35405,1,2026-07-13,1,1,56,252,1,31858,1,0
10244,35405,1,2026-07-13,1,1,56,252,1,31859,1,0
10245,35405,1,2026-07-13,1,1,56,252,1,31860,1,0
10246,35408,1,2025-01-28,1,5,177,803,5,31864,1,0
10247,35408,1,2024-11-25,1,5,177,803,5,31865,1,0
10248,35408,1,2025-03-21,1,5,177,803,5,31866,1,0
10249,35425,1,2026-03-14,1,1,38,169,1,31885,1,0
10250,35436,1,2026-05-22,1,2,135,610,2,31890,1,0
10251,35438,1,2026-05-22,1,7,197,894,7,31891,1,0
10252,35458,1,2023-11-03,1,15,247,1115,15,31907,1,0
10253,35459,1,2025-12-25,1,1,89,394,1,31908,1,0
10254,35469,1,2023-11-24,1,9,215,968,9,31917,1,0
10255,35479,1,2024-04-02,1,6,185,840,6,31923,1,0
10256,35479,1,2024-02-28,1,6,185,840,6,31924,1,0
10257,35479,1,2024-05-13,1,6,185,840,6,31925,1,0
10258,35481,1,2025-05-16,1,1,11,50,1,31928,1,0
10259,35488,1,2023-11-07,1,8,206,933,8,31934,1,0
10260,35493,1,2023-03-10,1,8,204,923,8,31938,1,0
10261,35498,1,2024-05-18,1,1,21,92,1,31941,1,0
10262,35506,1,2025-01-07,1,1,119,538,1,31948,1,0
10263,35509,1,2026-07-02,1,1,4,16,1,31950,1,0
10264,35514,1,2024-02-04,1,6,186,846,6,31956,1,0
10265,35517,1,2024-07-15,1,1,48,215,1,31958,1,0
10266,35520,1,2023-03-24,1,1,7,28,1,31960,1,0
10267,35522,1,2024-03-11,1,5,172,785,5,31961,1,0
10268,35524,1,2024-05-07,1,7,195,883,7,31963,1,0
10269,35524,1,2024-03-17,1,7,195,883,7,31964,1,0
10270,35535,1,2023-12-19,1,6,188,855,6,31973,1,0
10271,35542,1,2026-06-18,1,1,40,175,1,31979,1,0
10272,35542,1,2026-06-05,1,1,40,175,1,31980,1,0
10273,35543,1,2025-09-23,1,8,208,939,8,31981,1,0
10274,35543,1,2025-09-29,1,8,208,939,8,31982,1,0
10275,35544,1,2024-01-15,1,1,80,353,1,31983,1,0
10276,35566,1,2025-07-24,1,30,295,1319,30,32002,1,0
10277,35573,1,2024-04-12,1,1,56,253,1,32007,1,0
10278,35573,1,2024-04-23,1,1,56,253,1,32008,1,0
10279,35575,1,2024-01-23,1,3,139,631,3,32009,1,0
10280,35575,1,2024-02-04,1,3,139,631,3,32010,1,0
10281,35581,1,2024-01-31,1,5,168,763,5,32011,1,0
10282,35585,1,2025-07-10,1,1,71,314,1,32013,1,0
10283,35587,1,2023-04-12,1,4,166,750,4,32014,1,0
10284,35587,1,2023-03-09,1,4,166,750,4,32015,1,0
10285,35588,1,2024-03-04,1,8,207,937,8,32016,1,0
10286,35594,1,2025-12-22,1,9,211,951,9,32020,1,0
10287,35595,1,2024-08-30,1,7,199,900,7,32021,1,0
10288,35598,1,2026-05-26,1,26,282,1266,26,32025,1,0
10289,35598,1,2026-07-03,1,26,282,1266,26,32026,1,0
10290,35601,1,2025-09-12,1,1,75,335,1,32027,1,0
10291,35608,1,2025-09-05,1,13,234,1057,13,32033,1,0
10292,35609,1,2025-12-24,1,2,123,555,2,32034,1,0
10293,35609,1,2025-12-04,1,2,123,555,2,32035,1,0
10294,35610,1,2025-07-10,1,4,166,750,4,32036,1,0
10295,35610,1,2025-06-08,1,4,166,750,4,32037,1,0
10296,35611,1,2025-05-09,1,3,141,639,3,32038,1,0
10297,35611,1,2025-03-15,1,3,141,639,3,32039,1,0
10298,35618,1,2025-08-19,1,9,211,951,9,32044,1,0
10299,35619,1,2026-07-13,1,7,200,906,7,32045,1,0
10300,35629,1,2025-01-11,1,1,35,155,1,32051,1,0
10301,35638,1,2026-07-13,1,2,131,596,2,32058,1,0
10302,35639,1,2026-02-08,1,1,89,394,1,32059,1,0
10303,35643,1,2025-02-14,1,1,86,383,1,32062,1,0
10304,35648,1,2025-05-20,1,5,168,761,5,32064,1,0
10305,35654,1,2024-11-10,1,25,280,1256,25,32072,1,0
10306,35661,1,2023-07-26,1,27,285,1279,27,32078,1,0
10307,35661,1,2023-07-27,1,27,285,1279,27,32079,1,0
10308,35667,1,2025-03-11,1,1,69,304,1,32084,1,0
10309,35678,1,2025-10-22,1,1,80,353,1,32090,1,0
10310,35678,1,2025-10-14,1,1,80,353,1,32091,1,0
10311,35681,1,2025-09-29,1,11,226,1022,11,32092,1,0
10312,35692,1,2023-11-27,1,7,201,907,7,32099,1,0
10313,35693,1,2024-04-19,1,2,131,592,2,32100,1,0
10314,35693,1,2024-03-03,1,2,131,592,2,32101,1,0
10315,35696,1,2023-11-04,1,1,12,54,1,32106,1,0
10316,35701,1,2024-02-20,1,13,236,1068,13,32110,1,0
10317,35705,1,2025-10-06,1,10,216,971,10,32112,1,0
10318,35705,1,2025-11-05,1,10,216,971,10,32113,1,0
10319,35710,1,2026-03-28,1,4,162,732,4,32116,1,0
10320,35711,1,2023-05-02,1,2,128,583,2,32118,1,0
10321,35711,1,2023-04-21,1,2,128,583,2,32119,1,0
10322,35714,1,2025-10-31,1,1,108,483,1,32123,1,0
10323,35715,1,2024-08-19,1,14,241,1089,14,32124,1,0
10324,35716,1,2024-02-03,1,1,23,99,1,32125,1,0
10325,35720,1,2024-02-07,1,7,197,895,7,32129,1,0
10326,35720,1,2023-11-20,1,7,197,895,7,32130,1,0
10327,35725,1,2024-02-08,1,1,78,347,1,32132,1,0
10328,35725,1,2024-02-19,1,1,78,347,1,32133,1,0
10329,35730,1,2023-12-03,1,1,102,458,1,32138,1,0
10330,35730,1,2024-02-12,1,1,102,458,1,32139,1,0
10331,35735,1,2025-09-03,1,17,255,1153,17,32146,1,0
10332,35739,1,2024-04-30,1,1,35,155,1,32149,1,0
10333,35743,1,2023-03-06,1,1,46,206,1,32150,1,0
10334,35745,1,2024-07-13,1,1,103,461,1,32153,1,0
10335,35745,1,2024-08-16,1,1,103,461,1,32154,1,0
10336,35750,1,2024-02-05,1,1,69,304,1,32158,1,0
10337,35766,1,2025-03-25,1,19,261,1176,19,32169,1,0
10338,35770,1,2023-09-12,1,1,45,198,1,32172,1,0
10339,35770,1,2023-05-25,1,1,45,198,1,32173,1,0
10340,35770,1,2023-07-23,1,1,45,198,1,32174,1,0
10341,35772,1,2025-11-05,1,1,64,286,1,32176,1,0
10342,35772,1,2025-12-15,1,1,64,286,1,32177,1,0
10343,35774,1,2024-03-03,1,6,188,856,6,32179,1,0
10344,35774,1,2024-03-15,1,6,188,856,6,32180,1,0
10345,35776,1,2026-07-13,1,1,99,444,1,32182,1,0
10346,35781,1,2025-10-15,1,1,102,455,1,32187,1,0
10347,35782,1,2025-05-30,1,3,144,653,3,32188,1,0
10348,35783,1,2025-12-25,1,1,60,268,1,32189,1,0
10349,35783,1,2025-07-02,1,1,60,268,1,32190,1,0
10350,35795,1,2025-03-16,1,9,214,966,9,32195,1,0
10351,35796,1,2026-05-10,1,30,294,1314,30,32196,1,0
10352,35798,1,2023-12-23,1,1,76,338,1,32197,1,0
10353,35803,1,2026-02-21,1,1,74,331,1,32204,1,0
10354,35806,1,2026-01-19,1,18,258,1166,18,32206,1,0
10355,35814,1,2026-02-09,1,1,83,367,1,32213,1,0
10356,35814,1,2026-02-14,1,1,83,367,1,32214,1,0
10357,35820,1,2023-10-10,1,1,15,68,1,32219,1,0
10358,35821,1,2024-11-25,1,15,247,1114,15,32220,1,0
10359,35825,1,2024-08-21,1,1,7,28,1,32224,1,0
10360,35835,1,2024-09-22,1,17,255,1152,17,32234,1,0
10361,35835,1,2024-09-25,1,17,255,1152,17,32235,1,0
10362,35837,1,2024-12-21,1,1,78,346,1,32236,1,0
10363,35837,1,2024-09-21,1,1,78,346,1,32237,1,0
10364,35838,1,2024-02-27,1,1,96,427,1,32238,1,0
10365,35838,1,2024-02-23,1,1,96,427,1,32239,1,0
10366,35841,1,2025-05-24,1,2,128,583,2,32241,1,0
10367,35851,1,2025-03-15,1,1,107,478,1,32254,1,0
10368,35851,1,2024-12-03,1,1,107,478,1,32255,1,0
10369,35859,1,2025-08-18,1,17,253,1142,17,32261,1,0
10370,35861,1,2025-11-21,1,5,180,816,5,32263,1,0
10371,35879,1,2024-04-22,1,13,233,1052,13,32277,1,0
10372,35891,1,2024-07-12,1,6,189,859,6,32285,1,0
10373,35897,1,2024-06-23,1,3,141,641,3,32292,1,0
10374,35898,1,2024-03-23,1,1,71,316,1,32293,1,0
10375,35900,1,2026-07-03,1,2,126,571,2,32296,1,0
10376,35903,1,2025-03-08,1,9,211,950,9,32300,1,0
10377,35903,1,2025-03-25,1,9,211,950,9,32301,1,0
10378,35905,1,2026-07-02,1,1,26,112,1,32304,1,0
10379,35910,1,2026-07-13,1,29,290,1299,29,32306,1,0
10380,35915,1,2024-02-16,1,27,286,1282,27,32311,1,0
10381,35915,1,2024-03-25,1,27,286,1282,27,32312,1,0
10382,35936,1,2023-06-02,1,29,292,1308,29,32329,1,0
10383,35936,1,2023-05-25,1,29,292,1308,29,32330,1,0
10384,35936,1,2023-07-04,1,29,292,1308,29,32331,1,0
10385,35937,1,2025-06-16,1,1,87,388,1,32332,1,0
10386,35941,1,2024-02-27,1,1,49,221,1,32333,1,0
10387,35957,1,2024-04-17,1,8,206,933,8,32344,1,0
10388,35959,1,2023-08-25,1,1,118,532,1,32345,1,0
10389,35964,1,2024-11-03,1,7,197,895,7,32348,1,0
10390,35969,1,2023-12-09,1,1,84,371,1,32351,1,0
10391,35969,1,2023-10-13,1,1,84,371,1,32352,1,1
10392,35971,1,2024-06-30,1,4,156,711,4,32354,1,0
10393,35975,1,2025-05-24,1,4,163,738,4,32358,1,0
10394,35980,1,2024-01-28,1,1,30,133,1,32366,1,0
10395,35980,1,2024-04-12,1,1,30,133,1,32367,1,0
10396,36010,1,2024-07-01,1,7,200,904,7,32394,1,0
10397,36012,1,2025-10-31,1,1,19,85,1,32396,1,0
10398,36012,1,2025-09-11,1,1,19,85,1,32397,1,0
10399,36012,1,2025-11-13,1,1,19,85,1,32398,1,0
10400,36017,1,2025-12-04,1,15,246,1113,15,32403,1,0
10401,36017,1,2026-02-10,1,15,246,1113,15,32404,1,0
10402,36018,1,2024-11-16,1,28,289,1297,28,32405,1,0
10403,36025,1,2024-01-04,1,3,151,686,3,32412,1,0
10404,36027,1,2023-11-03,1,4,161,728,4,32414,1,0
10405,36027,1,2023-07-11,1,4,161,728,4,32415,1,0
10406,36030,1,2024-03-23,1,1,65,292,1,32418,1,0
10407,36030,1,2024-04-30,1,1,65,292,1,32419,1,0
10408,36030,1,2024-05-26,1,1,65,292,1,32420,1,0
10409,36036,1,2025-01-09,1,1,112,502,1,32427,1,0
10410,36036,1,2025-03-14,1,1,112,502,1,32428,1,0
10411,36037,1,2025-07-20,1,2,135,609,2,32429,1,0
10412,36039,1,2025-08-14,1,5,176,798,5,32431,1,0
10413,36039,1,2025-08-15,1,5,176,798,5,32432,1,0
10414,36039,1,2025-08-11,1,5,176,798,5,32433,1,0
10415,36040,1,2024-04-23,1,13,236,1069,13,32434,1,0
10416,36052,1,2024-03-05,1,2,135,613,2,32445,1,0
10417,36062,1,2025-03-23,1,3,149,675,3,32454,1,0
10418,36065,1,2025-01-12,1,13,233,1053,13,32455,1,0
10419,36066,1,2024-07-20,1,7,201,910,7,32457,1,0
10420,36066,1,2024-08-12,1,7,201,910,7,32458,1,0
10421,36067,1,2025-10-18,1,18,259,1169,18,32459,1,0
10422,36073,1,2023-10-17,1,11,223,1008,11,32466,1,0
10423,36077,1,2023-07-08,1,3,145,656,3,32470,1,0
10424,36086,1,2023-04-13,1,17,255,1152,17,32476,1,0
10425,36094,1,2024-11-25,1,1,114,513,1,32483,1,0
10426,36099,1,2026-06-08,1,1,59,262,1,32486,1,0
10427,36099,1,2026-07-09,1,1,59,262,1,32487,1,0
10428,36099,1,2026-04-28,1,1,59,262,1,32488,1,0
10429,36100,1,2024-09-05,1,19,262,1179,19,32489,1,0
10430,36104,1,2024-09-30,1,4,156,711,4,32492,1,0
10431,36109,1,2023-05-24,1,10,220,994,10,32498,1,0
10432,36111,1,2026-04-20,1,5,175,795,5,32499,1,0
10433,36113,1,2025-07-27,1,2,124,561,2,32502,1,0
10434,36115,1,2026-07-13,1,30,294,1315,30,32505,1,0
10435,36118,1,2025-03-25,1,6,189,857,6,32507,1,0
10436,36123,1,2024-03-16,1,2,134,607,2,32512,1,0
10437,36123,1,2024-01-05,1,2,134,607,2,32513,1,0
10438,36132,1,2025-12-25,1,5,174,794,5,32520,1,0
10439,36135,1,2025-12-28,1,1,103,463,1,32521,1,0
10440,36135,1,2025-12-19,1,1,103,463,1,32522,1,0
10441,36144,1,2025-03-01,1,1,41,180,1,32529,1,0
10442,36150,1,2025-12-12,1,9,213,959,9,32532,1,0
10443,36162,1,2025-06-18,1,28,289,1297,28,32542,1,0
10444,36162,1,2025-05-17,1,28,289,1297,28,32543,1,0
10445,36167,1,2024-10-08,1,5,179,811,5,32547,1,0
10446,36171,1,2023-08-30,1,2,130,591,2,32554,1,0
10447,36171,1,2023-03-12,1,2,130,591,2,32555,1,0
10448,36179,1,2026-07-13,1,29,291,1303,29,32566,1,1
10449,36182,1,2026-06-29,1,8,205,929,8,32572,1,0
10450,36196,1,2024-11-10,1,1,58,259,1,32582,1,0
10451,36196,1,2024-10-03,1,1,58,259,1,32583,1,0
10452,36199,1,2024-04-18,1,1,66,293,1,32585,1,0
10453,36201,1,2025-12-09,1,1,40,175,1,32587,1,0
10454,36202,1,2024-05-01,1,1,38,167,1,32588,1,0
10455,36203,1,2023-05-13,1,5,169,768,5,32589,1,0
10456,36204,1,2024-07-14,1,1,27,120,1,32590,1,0
10457,36205,1,2026-01-03,1,1,82,363,1,32591,1,0
10458,36211,1,2023-11-19,1,13,235,1061,13,32595,1,0
10459,36221,1,2023-08-30,1,4,165,742,4,32604,1,0
10460,36222,1,2023-07-08,1,9,212,955,9,32605,1,0
10461,36223,1,2025-10-31,1,5,178,805,5,32607,1,0
10462,36224,1,2023-09-12,1,4,154,697,4,32609,1,0
10463,36239,1,2023-11-22,1,5,169,769,5,32619,1,0
10464,36243,1,2025-01-13,1,4,165,744,4,32623,1,0
10465,36251,1,2025-01-30,1,7,198,896,7,32630,1,0
10466,36251,1,2025-01-28,1,7,198,896,7,32631,1,0
10467,36252,1,2023-05-31,1,1,65,289,1,32632,1,0
10468,36268,1,2025-04-03,1,1,38,169,1,32646,1,0
10469,36277,1,2024-11-06,1,1,50,226,1,32654,1,0
10470,36279,1,2025-05-22,1,28,288,1289,28,32656,1,0
10471,36279,1,2025-05-23,1,28,288,1289,28,32657,1,0
10472,36295,1,2025-05-06,1,1,1,2,1,32672,1,0
10473,36319,1,2025-06-22,1,1,84,372,1,32696,1,0
10474,36320,1,2023-11-04,1,19,262,1180,19,32697,1,0
10475,36322,1,2025-07-31,1,1,28,124,1,32698,1,0
10476,36329,1,2024-08-19,1,18,257,1162,18,32705,1,0
10477,36329,1,2024-06-28,1,18,257,1162,18,32706,1,0
10478,36330,1,2024-01-24,1,1,110,495,1,32707,1,0
10479,36330,1,2024-01-05,1,1,110,495,1,32708,1,0
10480,36334,1,2024-03-03,1,1,87,386,1,32710,1,0
10481,36341,1,2023-11-04,1,4,158,715,4,32717,1,0
10482,36341,1,2024-03-10,1,4,158,715,4,32718,1,0
10483,36343,1,2025-12-27,1,20,263,1184,20,32719,1,0
10484,36344,1,2025-07-09,1,3,144,654,3,32721,1,0
10485,36344,1,2025-07-15,1,3,144,654,3,32722,1,0
10486,36345,1,2025-06-06,1,10,217,981,10,32723,1,0
10487,36351,1,2025-12-13,1,31,297,1328,31,32725,1,0
10488,36353,1,2023-09-19,1,13,233,1052,13,32726,1,0
10489,36358,1,2024-10-01,1,21,267,1203,21,32729,1,0
10490,36370,1,2025-06-12,1,1,105,474,1,32738,1,0
10491,36370,1,2025-06-15,1,1,105,474,1,32739,1,0
10492,36374,1,2025-02-13,1,2,128,580,2,32741,1,0
10493,36384,1,2026-03-28,1,1,117,526,1,32749,1,0
10494,36389,1,2026-01-14,1,17,255,1151,17,32756,1,0
10495,36389,1,2025-12-20,1,17,255,1151,17,32757,1,0
10496,36398,1,2024-10-15,1,11,224,1012,11,32764,1,0
10497,36399,1,2024-12-28,1,5,173,786,5,32765,1,0
10498,36405,1,2025-02-22,1,30,294,1317,30,32773,1,0
10499,36405,1,2025-03-25,1,30,294,1317,30,32774,1,0
10500,36419,1,2024-01-26,1,2,132,599,2,32785,1,0
10501,36424,1,2026-05-21,1,3,144,654,3,32793,1,0
10502,36427,1,2024-08-08,1,3,149,675,3,32799,1,0
10503,36427,1,2024-08-29,1,3,149,675,3,32800,1,0
10504,36427,1,2024-08-03,1,3,149,675,3,32801,1,0
10505,36434,1,2024-11-19,1,21,268,1204,21,32803,1,0
10506,36440,1,2026-03-02,1,12,232,1049,12,32808,1,0
10507,36449,1,2024-11-14,1,6,188,854,6,32814,1,0
10508,36449,1,2024-11-17,1,6,188,854,6,32815,1,0
10509,36455,1,2025-01-11,1,1,48,216,1,32817,1,0
10510,36456,1,2024-12-11,1,3,151,682,3,32818,1,0
10511,36456,1,2024-12-17,1,3,151,682,3,32819,1,0
10512,36457,1,2024-04-26,1,2,133,604,2,32821,1,0
10513,36457,1,2024-04-18,1,2,133,604,2,32822,1,0
10514,36468,1,2025-07-25,1,1,59,263,1,32829,1,0
10515,36484,1,2024-04-30,1,1,105,471,1,32842,1,0
10516,36486,1,2023-07-19,1,3,136,614,3,32844,1,0
10517,36492,1,2023-12-08,1,15,246,1113,15,32850,1,0
10518,36495,1,2024-03-03,1,1,96,426,1,32853,1,0
10519,36496,1,2024-11-21,1,5,177,804,5,32854,1,0
10520,36502,1,2023-11-08,1,1,32,140,1,32860,1,0
10521,36502,1,2023-10-09,1,1,32,140,1,32861,1,0
10522,36504,1,2025-02-05,1,11,222,1005,11,32863,1,0
10523,36518,1,2025-11-02,1,1,42,187,1,32876,1,0
10524,36519,1,2023-07-17,1,29,291,1303,29,32877,1,0
10525,36519,1,2023-06-02,1,29,291,1303,29,32878,1,0
10526,36523,1,2025-10-29,1,12,231,1046,12,32882,1,0
10527,36527,1,2025-06-18,1,4,160,722,4,32887,1,0
10528,36532,1,2024-07-28,1,11,224,1016,11,32893,1,0
10529,36534,1,2024-08-06,1,1,3,13,1,32895,1,0
10530,36535,1,2024-04-07,1,18,256,1157,18,32896,1,0
10531,36542,1,2026-07-12,1,2,127,577,2,32901,1,0
10532,36543,1,2024-01-26,1,1,82,361,1,32903,1,0
10533,36543,1,2024-02-16,1,1,82,361,1,32904,1,0
10534,36550,1,2024-07-11,1,1,86,383,1,32911,1,0
10535,36555,1,2025-08-03,1,8,205,927,8,32912,1,0
10536,36562,1,2026-03-28,1,26,281,1262,26,32916,1,0
10537,36565,1,2025-07-18,1,1,81,359,1,32918,1,0
10538,36565,1,2025-10-25,1,1,81,359,1,32919,1,0
10539,36571,1,2024-12-17,1,13,234,1056,13,32922,1,0
10540,36576,1,2026-02-14,1,1,105,471,1,32926,1,0
10541,36590,1,2024-07-19,1,1,97,431,1,32934,1,0
10542,36590,1,2024-09-22,1,1,97,431,1,32935,1,0
10543,36595,1,2026-01-18,1,4,164,740,4,32940,1,0
10544,36600,1,2026-07-13,1,1,97,433,1,32943,1,0
10545,36603,1,2023-06-01,1,6,183,830,6,32947,1,0
10546,36612,1,2024-05-12,1,18,259,1171,18,32950,1,0
10547,36617,1,2023-06-14,1,1,98,438,1,32954,1,0
10548,36627,1,2025-04-19,1,19,262,1180,19,32961,1,0
10549,36627,1,2025-03-12,1,19,262,1180,19,32962,1,0
10550,36628,1,2026-07-13,1,1,38,169,1,32963,1,1
10551,36628,1,2026-07-13,1,1,38,169,1,32964,1,1
10552,36628,1,2026-06-12,1,1,38,169,1,32965,1,0
10553,36632,1,2023-03-13,1,12,229,1039,12,32968,1,0
10554,36638,1,2025-02-01,1,1,90,399,1,32974,1,0
10555,36639,1,2023-11-25,1,4,162,734,4,32975,1,0
10556,36639,1,2023-11-20,1,4,162,734,4,32976,1,0
10557,36643,1,2026-07-05,1,28,288,1292,28,32983,1,0
10558,36648,1,2026-05-09,1,1,57,255,1,32988,1,0
10559,36648,1,2026-05-08,1,1,57,255,1,32989,1,0
10560,36649,1,2024-12-01,1,1,64,285,1,32990,1,0
10561,36649,1,2024-11-23,1,1,64,285,1,32991,1,0
10562,36649,1,2025-02-24,1,1,64,285,1,32992,1,0
10563,36658,1,2025-04-26,1,5,176,798,5,32997,1,0
10564,36662,1,2024-08-04,1,24,275,1232,24,33005,1,0
10565,36662,1,2024-09-01,1,24,275,1232,24,33006,1,0
10566,36663,1,2024-12-14,1,13,236,1064,13,33007,1,0
10567,36676,1,2026-04-16,1,1,80,354,1,33019,1,0
10568,36676,1,2026-02-22,1,1,80,354,1,33020,1,0
10569,36685,1,2026-02-24,1,1,1,3,1,33028,1,0
10570,36687,1,2025-12-09,1,23,273,1226,23,33030,1,0
10571,36687,1,2025-12-26,1,23,273,1226,23,33031,1,0
10572,36692,1,2024-07-13,1,3,146,661,3,33035,1,0
10573,36695,1,2026-07-13,1,2,121,544,2,33039,1,0
10574,36704,1,2024-06-07,1,11,226,1023,11,33045,1,0
10575,36704,1,2024-05-22,1,11,226,1023,11,33046,1,0
10576,36710,1,2025-02-13,1,27,284,1276,27,33051,1,0
10577,36710,1,2025-02-22,1,27,284,1276,27,33052,1,0
10578,36712,1,2026-02-05,1,1,27,117,1,33055,1,0
10579,36713,1,2025-01-09,1,3,151,682,3,33056,1,0
10580,36713,1,2025-01-22,1,3,151,682,3,33057,1,0
10581,36716,1,2024-10-21,1,1,65,290,1,33060,1,0
10582,36723,1,2024-11-14,1,1,24,104,1,33064,1,0
10583,36723,1,2024-10-08,1,1,24,104,1,33065,1,0
10584,36732,1,2025-08-20,1,1,49,220,1,33072,1,0
10585,36732,1,2025-08-03,1,1,49,220,1,33073,1,0
10586,36737,1,2026-01-07,1,17,254,1150,17,33074,1,0
10587,36738,1,2024-02-09,1,1,37,164,1,33075,1,0
10588,36745,1,2026-01-10,1,19,262,1179,19,33080,1,0
10589,36753,1,2023-03-06,1,13,237,1072,13,33090,1,0
10590,36768,1,2025-04-02,1,6,182,825,6,33106,1,0
10591,36771,1,2025-08-30,1,23,274,1229,23,33108,1,0
10592,36773,1,2025-11-16,1,1,52,236,1,33109,1,0
10593,36774,1,2023-09-25,1,19,260,1174,19,33110,1,0
10594,36774,1,2023-10-29,1,19,260,1174,19,33111,1,0
10595,36782,1,2026-03-21,1,1,21,93,1,33118,1,0
10596,36783,1,2024-02-05,1,1,108,486,1,33119,1,0
10597,36785,1,2023-06-07,1,31,298,1333,31,33121,1,0
10598,36785,1,2023-06-01,1,31,298,1333,31,33122,1,0
10599,36789,1,2024-11-07,1,5,180,814,5,33126,1,0
10600,36789,1,2024-11-07,1,5,180,814,5,33127,1,0
10601,36790,1,2023-09-03,1,4,159,721,4,33128,1,0
10602,36790,1,2023-09-14,1,4,159,721,4,33129,1,0
10603,36792,1,2025-02-23,1,2,131,593,2,33130,1,0
10604,36794,1,2026-02-21,1,19,262,1181,19,33133,1,0
10605,36796,1,2025-04-20,1,3,140,636,3,33135,1,0
10606,36806,1,2026-04-10,1,3,139,631,3,33137,1,0
10607,36806,1,2026-04-01,1,3,139,631,3,33138,1,0
10608,36806,1,2025-12-12,1,3,139,631,3,33139,1,0
10609,36810,1,2023-11-14,1,6,183,829,6,33144,1,0
10610,36810,1,2023-11-24,1,6,183,829,6,33145,1,0
10611,36842,1,2024-02-12,1,3,148,670,3,33172,1,0
10612,36846,1,2023-02-11,1,1,101,450,1,33176,1,0
10613,36848,1,2023-10-11,1,7,191,868,7,33179,1,1
10614,36853,1,2025-07-28,1,1,109,488,1,33183,1,0
10615,36862,1,2025-09-26,1,15,243,1096,15,33190,1,0
10616,36867,1,2024-11-17,1,15,244,1104,15,33193,1,0
10617,36869,1,2024-07-11,1,1,24,107,1,33194,1,0
10618,36869,1,2024-08-10,1,1,24,107,1,33195,1,0
10619,36869,1,2024-10-09,1,1,24,107,1,33196,1,0
10620,36875,1,2024-05-13,1,1,29,129,1,33199,1,0
10621,36879,1,2023-12-30,1,10,220,997,10,33203,1,0
10622,36879,1,2024-03-03,1,10,220,997,10,33204,1,0
10623,36881,1,2025-05-12,1,1,107,479,1,33205,1,0
10624,36881,1,2025-06-03,1,1,107,479,1,33206,1,0
10625,36886,1,2025-08-26,1,1,26,114,1,33207,1,0
10626,36897,1,2026-07-13,1,9,213,963,9,33217,1,0
10627,36900,1,2025-09-02,1,24,276,1236,24,33220,1,0
10628,36908,1,2025-12-14,1,7,201,908,7,33225,1,0
10629,36908,1,2026-02-11,1,7,201,908,7,33226,1,0
10630,36911,1,2024-11-10,1,15,247,1114,15,33231,1,0
10631,36918,1,2024-02-24,1,3,146,659,3,33237,1,0
10632,36919,1,2024-03-31,1,12,230,1043,12,33238,1,0
10633,36919,1,2024-04-18,1,12,230,1043,12,33239,1,0
10634,36920,1,2023-05-27,1,4,157,712,4,33240,1,0
10635,36929,1,2025-07-06,1,9,211,953,9,33248,1,0
10636,36929,1,2025-06-04,1,9,211,953,9,33249,1,0
10637,36933,1,2025-05-26,1,4,158,718,4,33251,1,0
10638,36933,1,2025-05-19,1,4,158,718,4,33252,1,0
10639,36935,1,2024-12-18,1,28,287,1288,28,33253,1,0
10640,36935,1,2025-01-08,1,28,287,1288,28,33254,1,0
10641,36935,1,2025-01-13,1,28,287,1288,28,33255,1,0
10642,36942,1,2023-04-30,1,1,108,486,1,33258,1,0
10643,36944,1,2025-03-18,1,1,77,341,1,33261,1,0
10644,36944,1,2025-03-11,1,1,77,341,1,33262,1,0
10645,36949,1,2024-12-08,1,11,226,1022,11,33264,1,0
10646,36956,1,2025-12-25,1,29,292,1305,29,33268,1,0
10647,36956,1,2026-01-10,1,29,292,1305,29,33270,1,0
10648,36966,1,2026-04-09,1,2,127,578,2,33278,1,0
10649,36967,1,2025-03-27,1,14,241,1089,14,33279,1,0
10650,36971,1,2026-01-17,1,1,65,291,1,33285,1,0
10651,36971,1,2026-01-04,1,1,65,291,1,33286,1,0
10652,36977,1,2026-04-09,1,1,75,334,1,33292,1,0
10653,36982,1,2024-05-08,1,1,92,406,1,33296,1,0
10654,36982,1,2024-04-11,1,1,92,406,1,33297,1,0
10655,36983,1,2023-09-02,1,6,185,840,6,33298,1,0
10656,36984,1,2024-10-19,1,3,146,660,3,33299,1,0
10657,36984,1,2024-10-14,1,3,146,660,3,33301,1,0
10658,36987,1,2023-05-06,1,1,74,328,1,33304,1,0
10659,36993,1,2023-05-02,1,18,258,1167,18,33310,1,0
10660,36999,1,2024-07-19,1,1,37,163,1,33316,1,0
10661,37001,1,2024-09-08,1,1,75,333,1,33318,1,0
10662,37001,1,2024-09-30,1,1,75,333,1,33319,1,0
10663,37007,1,2023-04-12,1,3,144,654,3,33322,1,1
10664,37014,1,2024-05-07,1,1,102,457,1,33329,1,0
10665,37019,1,2025-12-27,1,11,225,1020,11,33334,1,0
10666,37044,1,2023-05-16,1,5,179,809,5,33345,1,0
10667,37050,1,2023-02-17,1,5,171,780,5,33348,1,0
10668,37050,1,2023-02-14,1,5,171,780,5,33349,1,0
10669,37051,1,2023-11-27,1,4,161,730,4,33352,1,0
10670,37055,1,2023-08-10,1,1,48,216,1,33356,1,0
10671,37055,1,2023-07-25,1,1,48,216,1,33357,1,0
10672,37064,1,2023-02-03,1,4,163,736,4,33367,1,0
10673,37077,1,2026-02-26,1,27,286,1282,27,33373,1,0
10674,37077,1,2026-02-27,1,27,286,1282,27,33374,1,0
10675,37077,1,2026-01-06,1,27,286,1282,27,33375,1,0
10676,37079,1,2025-04-16,1,1,18,79,1,33379,1,0
10677,37083,1,2024-12-18,1,1,83,364,1,33383,1,0
10678,37083,1,2024-11-15,1,1,83,364,1,33384,1,0
10679,37085,1,2024-01-18,1,3,149,676,3,33386,1,0
10680,37085,1,2023-11-17,1,3,149,676,3,33387,1,0
10681,37086,1,2026-02-12,1,14,240,1082,14,33388,1,0
10682,37090,1,2025-04-03,1,6,184,836,6,33393,1,0
10683,37090,1,2025-03-20,1,6,184,836,6,33394,1,0
10684,37101,1,2023-06-20,1,5,174,793,5,33395,1,0
10685,37104,1,2023-12-18,1,1,39,174,1,33397,1,0
10686,37113,1,2023-03-19,1,1,3,11,1,33414,1,0
10687,37124,1,2026-03-11,1,2,125,566,2,33422,1,0
10688,37124,1,2026-01-10,1,2,125,566,2,33423,1,0
10689,37125,1,2023-03-16,1,1,96,424,1,33424,1,0
10690,37131,1,2023-04-10,1,2,127,575,2,33425,1,0
10691,37133,1,2025-04-03,1,5,169,768,5,33427,1,0
10692,37138,1,2024-03-10,1,5,174,791,5,33436,1,0
10693,37139,1,2024-06-14,1,1,101,450,1,33437,1,0
10694,37139,1,2024-05-28,1,1,101,450,1,33438,1,0
10695,37139,1,2024-06-22,1,1,101,450,1,33439,1,0
10696,37145,1,2023-12-20,1,5,169,769,5,33442,1,0
10697,37148,1,2023-04-16,1,1,67,296,1,33445,1,0
10698,37153,1,2024-04-13,1,14,242,1093,14,33447,1,0
10699,37157,1,2026-05-19,1,1,115,520,1,33453,1,0
10700,37165,1,2024-12-06,1,1,17,73,1,33459,1,0
10701,37168,1,2024-06-07,1,9,215,969,9,33462,1,0
10702,37168,1,2024-04-01,1,9,215,969,9,33463,1,0
10703,37190,1,2025-03-04,1,31,296,1325,31,33484,1,0
10704,37190,1,2025-02-16,1,31,296,1325,31,33485,1,0
10705,37196,1,2024-09-05,1,1,41,180,1,33486,1,0
10706,37199,1,2024-07-09,1,31,297,1328,31,33489,1,0
10707,37206,1,2025-05-17,1,15,246,1112,15,33494,1,0
10708,37227,1,2026-02-20,1,16,249,1127,16,33510,1,0
10709,37235,1,2025-02-15,1,14,241,1090,14,33515,1,0
10710,37235,1,2024-11-18,1,14,241,1090,14,33517,1,0
10711,37237,1,2025-10-30,1,3,137,623,3,33519,1,0
10712,37242,1,2025-02-10,1,1,50,224,1,33522,1,0
10713,37242,1,2024-11-09,1,1,50,224,1,33523,1,0
10714,37242,1,2025-02-19,1,1,50,224,1,33524,1,0
10715,37252,1,2026-05-09,1,5,178,807,5,33530,1,0
10716,37259,1,2023-05-22,1,10,220,993,10,33533,1,0
10717,37277,1,2023-10-10,1,6,182,825,6,33552,1,0
10718,37279,1,2025-01-09,1,6,182,826,6,33553,1,0
10719,37279,1,2025-01-14,1,6,182,826,6,33554,1,0
10720,37283,1,2026-07-13,1,13,233,1053,13,33555,1,0
10721,37283,1,2026-06-23,1,13,233,1053,13,33556,1,0
10722,37283,1,2026-07-13,1,13,233,1053,13,33557,1,0
10723,37285,1,2025-06-01,1,1,76,338,1,33559,1,0
10724,37292,1,2026-05-23,1,1,51,230,1,33564,1,0
10725,37293,1,2025-04-01,1,2,127,579,2,33565,1,1
10726,37293,1,2025-03-05,1,2,127,579,2,33566,1,0
10727,37295,1,2023-07-04,1,17,253,1142,17,33571,1,0
10728,37301,1,2023-04-25,1,13,235,1063,13,33575,1,0
10729,37301,1,2023-04-10,1,13,235,1063,13,33576,1,0
10730,37305,1,2023-05-25,1,8,206,931,8,33578,1,0
10731,37305,1,2023-05-02,1,8,206,931,8,33579,1,0
10732,37310,1,2026-07-13,1,11,225,1020,11,33588,1,0
10733,37317,1,2023-03-11,1,28,287,1284,28,33595,1,0
10734,37318,1,2026-01-31,1,1,119,535,1,33597,1,0
10735,37327,1,2023-06-10,1,26,281,1260,26,33606,1,0
10736,37328,1,2023-10-05,1,1,72,320,1,33609,1,0
10737,37334,1,2026-04-16,1,1,75,335,1,33613,1,0
10738,37335,1,2025-06-27,1,1,83,364,1,33614,1,0
10739,37337,1,2023-07-24,1,10,218,983,10,33617,1,0
10740,37343,1,2026-05-31,1,1,17,72,1,33620,1,0
10741,37346,1,2025-02-17,1,8,209,942,8,33626,1,0
10742,37346,1,2025-05-08,1,8,209,942,8,33627,1,0
10743,37356,1,2025-10-27,1,1,14,64,1,33638,1,0
10744,37362,1,2025-05-06,1,1,105,474,1,33644,1,0
10745,37363,1,2026-04-09,1,5,174,793,5,33645,1,0
10746,37364,1,2024-06-28,1,8,206,932,8,33646,1,0
10747,37368,1,2025-05-31,1,27,285,1279,27,33648,1,0
10748,37368,1,2025-06-29,1,27,285,1279,27,33650,1,0
10749,37375,1,2024-06-28,1,12,231,1046,12,33656,1,0
10750,37375,1,2024-06-23,1,12,231,1046,12,33657,1,0
10751,37379,1,2026-06-06,1,31,297,1328,31,33659,1,0
10752,37383,1,2024-11-27,1,1,68,300,1,33662,1,0
10753,37385,1,2023-09-26,1,1,32,142,1,33666,1,0
10754,37398,1,2025-11-17,1,2,135,613,2,33675,1,0
10755,37399,1,2026-01-17,1,1,88,390,1,33676,1,0
10756,37400,1,2025-01-24,1,1,110,495,1,33678,1,0
10757,37402,1,2024-09-20,1,1,74,330,1,33680,1,0
10758,37403,1,2026-01-13,1,3,144,653,3,33681,1,0
10759,37403,1,2025-12-06,1,3,144,653,3,33682,1,0
10760,37406,1,2023-11-15,1,1,111,496,1,33685,1,0
10761,37413,1,2023-10-03,1,1,114,512,1,33693,1,0
10762,37413,1,2023-09-15,1,1,114,512,1,33694,1,0
10763,37414,1,2023-11-09,1,1,49,221,1,33695,1,0
10764,37414,1,2024-01-24,1,1,49,221,1,33697,1,0
10765,37427,1,2026-01-17,1,1,42,185,1,33707,1,0
10766,37429,1,2025-06-12,1,1,100,448,1,33709,1,0
10767,37434,1,2024-07-19,1,4,167,757,4,33714,1,0
10768,37435,1,2025-02-27,1,11,223,1011,11,33715,1,0
10769,37436,1,2025-10-20,1,1,110,494,1,33716,1,0
10770,37437,1,2024-11-28,1,1,3,10,1,33717,1,0
10771,37439,1,2024-02-13,1,5,172,785,5,33721,1,0
10772,37439,1,2024-02-17,1,5,172,785,5,33722,1,0
10773,37439,1,2024-04-24,1,5,172,785,5,33723,1,0
10774,37440,1,2023-12-12,1,26,281,1263,26,33724,1,0
10775,37441,1,2025-02-10,1,27,285,1278,27,33726,1,0
10776,37442,1,2025-02-12,1,1,9,43,1,33727,1,0
10777,37443,1,2023-06-11,1,3,148,672,3,33728,1,1
10778,37443,1,2023-08-08,1,3,148,672,3,33729,1,0
10779,37443,1,2023-08-29,1,3,148,672,3,33730,1,0
10780,37450,1,2026-01-27,1,12,232,1049,12,33736,1,0
10781,37454,1,2023-12-13,1,1,33,145,1,33739,1,0
10782,37454,1,2023-10-30,1,1,33,145,1,33740,1,0
10783,37470,1,2025-11-27,1,15,243,1101,15,33752,1,0
10784,37472,1,2024-10-30,1,15,243,1100,15,33753,1,0
10785,37477,1,2025-07-26,1,1,110,494,1,33758,1,0
10786,37483,1,2024-05-17,1,2,126,572,2,33765,1,0
10787,37483,1,2024-05-08,1,2,126,572,2,33766,1,0
10788,37485,1,2025-11-18,1,2,128,584,2,33768,1,0
10789,37485,1,2026-01-09,1,2,128,584,2,33769,1,0
10790,37485,1,2026-03-19,1,2,128,584,2,33770,1,0
10791,37489,1,2024-08-11,1,15,247,1118,15,33775,1,0
10792,37489,1,2024-08-17,1,15,247,1118,15,33776,1,0
10793,37490,1,2024-01-19,1,1,100,446,1,33777,1,0
10794,37492,1,2024-11-07,1,1,64,285,1,33779,1,0
10795,37505,1,2023-12-28,1,1,97,431,1,33787,1,0
10796,37509,1,2024-01-03,1,1,1,2,1,33789,1,0
10797,37517,1,2024-06-29,1,1,43,189,1,33795,1,0
10798,37517,1,2024-07-08,1,1,43,189,1,33796,1,0
10799,37524,1,2026-07-13,1,30,293,1310,30,33808,1,0
10800,37532,1,2024-10-12,1,6,187,851,6,33814,1,0
10801,37533,1,2024-02-09,1,31,297,1329,31,33815,1,0
10802,37536,1,2024-02-01,1,11,225,1018,11,33820,1,0
10803,37539,1,2023-06-02,1,1,82,361,1,33821,1,0
10804,37544,1,2023-05-22,1,18,259,1172,18,33824,1,0
10805,37550,1,2025-11-28,1,29,291,1302,29,33828,1,0
10806,37552,1,2023-07-13,1,3,152,692,3,33830,1,0
10807,37559,1,2024-02-03,1,15,244,1103,15,33837,1,0
10808,37559,1,2024-01-20,1,15,244,1103,15,33838,1,0
10809,37560,1,2024-12-02,1,18,259,1170,18,33839,1,0
10810,37562,1,2025-05-28,1,12,232,1050,12,33841,1,0
10811,37565,1,2024-07-15,1,18,257,1162,18,33843,1,0
10812,37565,1,2024-12-07,1,18,257,1162,18,33844,1,0
10813,37568,1,2026-05-23,1,1,20,88,1,33847,1,0
10814,37568,1,2026-04-03,1,1,20,88,1,33848,1,0
10815,37574,1,2023-07-08,1,12,232,1051,12,33851,1,0
10816,37574,1,2023-07-13,1,12,232,1051,12,33852,1,0
10817,37578,1,2025-12-19,1,23,272,1222,23,33857,1,0
10818,37579,1,2026-01-08,1,4,157,714,4,33859,1,0
10819,37581,1,2024-10-29,1,2,123,551,2,33861,1,0
10820,37597,1,2025-10-29,1,1,116,523,1,33876,1,0
10821,37598,1,2025-04-16,1,11,224,1014,11,33878,1,0
10822,37601,1,2025-08-14,1,1,38,169,1,33882,1,0
10823,37612,1,2024-08-28,1,3,153,696,3,33888,1,0
10824,37617,1,2026-02-24,1,1,40,178,1,33893,1,0
10825,37632,1,2024-10-02,1,1,26,113,1,33901,1,0
10826,37635,1,2026-07-02,1,30,294,1315,30,33902,1,0
10827,37648,1,2024-06-09,1,14,241,1089,14,33913,1,0
10828,37650,1,2024-03-09,1,30,295,1323,30,33915,1,0
10829,37655,1,2026-03-08,1,3,146,658,3,33922,1,0
10830,37657,1,2026-01-10,1,1,116,523,1,33924,1,0
10831,37657,1,2025-09-26,1,1,116,523,1,33925,1,0
10832,37659,1,2026-06-20,1,18,256,1158,18,33926,1,0
10833,37660,1,2024-04-15,1,13,235,1063,13,33927,1,0
10834,37662,1,2026-06-10,1,28,288,1290,28,33928,1,0
10835,37662,1,2026-05-01,1,28,288,1290,28,33929,1,0
10836,37666,1,2023-06-06,1,21,266,1196,21,33934,1,0
10837,37678,1,2023-12-23,1,7,200,903,7,33949,1,0
10838,37679,1,2026-07-13,1,1,51,230,1,33950,1,0
10839,37684,1,2025-11-08,1,1,103,460,1,33951,1,0
10840,37693,1,2025-07-08,1,13,233,1054,13,33958,1,0
10841,37693,1,2025-08-23,1,13,233,1054,13,33959,1,0
10842,37696,1,2024-01-22,1,1,83,365,1,33963,1,0
10843,37704,1,2024-06-04,1,4,156,707,4,33967,1,0
10844,37704,1,2024-05-27,1,4,156,707,4,33968,1,0
10845,37705,1,2026-02-02,1,1,92,407,1,33969,1,0
10846,37705,1,2026-04-30,1,1,92,407,1,33970,1,0
10847,37709,1,2024-01-30,1,5,177,803,5,33974,1,0
10848,37709,1,2023-11-23,1,5,177,803,5,33976,1,0
10849,37715,1,2024-06-26,1,3,152,688,3,33981,1,0
10850,37716,1,2025-05-17,1,16,250,1129,16,33982,1,0
10851,37735,1,2024-03-11,1,1,73,324,1,33997,1,0
10852,37735,1,2024-01-24,1,1,73,324,1,33998,1,0
10853,37741,1,2025-11-26,1,1,102,457,1,33999,1,0
10854,37741,1,2025-11-03,1,1,102,457,1,34000,1,0
10855,37744,1,2025-03-06,1,8,204,922,8,34002,1,0
10856,37745,1,2023-10-18,1,1,61,270,1,34003,1,0
10857,37745,1,2023-11-19,1,1,61,270,1,34004,1,0
10858,37754,1,2024-12-20,1,7,193,876,7,34012,1,0
10859,37766,1,2024-12-28,1,1,95,419,1,34022,1,0
10860,37766,1,2025-02-28,1,1,95,419,1,34023,1,0
10861,37766,1,2025-03-05,1,1,95,419,1,34024,1,0
10862,37770,1,2026-05-05,1,4,159,721,4,34026,1,0
10863,37773,1,2026-04-09,1,24,277,1242,24,34028,1,0
10864,37774,1,2025-01-18,1,1,15,66,1,34029,1,0
10865,37774,1,2024-12-30,1,1,15,66,1,34030,1,0
10866,37780,1,2024-06-20,1,1,85,376,1,34034,1,0
10867,37785,1,2025-07-18,1,29,290,1299,29,34037,1,0
10868,37788,1,2024-05-28,1,1,97,431,1,34041,1,0
10869,37788,1,2024-05-02,1,1,97,431,1,34042,1,0
10870,37797,1,2026-02-16,1,3,150,680,3,34047,1,0
10871,37799,1,2023-10-02,1,7,197,894,7,34048,1,0
10872,37799,1,2023-10-03,1,7,197,894,7,34049,1,0
10873,37806,1,2025-05-21,1,1,102,455,1,34057,1,0
10874,37806,1,2025-06-26,1,1,102,455,1,34058,1,0
10875,37808,1,2025-05-11,1,1,98,438,1,34059,1,0
10876,37808,1,2025-05-08,1,1,98,438,1,34060,1,0
10877,37809,1,2023-09-21,1,1,84,371,1,34061,1,0
10878,37809,1,2023-08-29,1,1,84,371,1,34062,1,0
10879,37809,1,2023-07-14,1,1,84,371,1,34063,1,0
10880,37810,1,2023-03-27,1,1,47,207,1,34064,1,0
10881,37816,1,2024-02-20,1,8,207,936,8,34071,1,0
10882,37818,1,2026-07-12,1,5,171,780,5,34072,1,0
10883,37818,1,2026-07-13,1,5,171,780,5,34073,1,0
10884,37825,1,2023-04-06,1,28,287,1288,28,34077,1,0
10885,37826,1,2024-07-29,1,10,218,984,10,34078,1,0
10886,37830,1,2026-04-08,1,1,72,322,1,34081,1,0
10887,37830,1,2026-07-11,1,1,72,322,1,34082,1,0
10888,37834,1,2026-07-13,1,1,5,20,1,34088,1,0
10889,37835,1,2025-11-10,1,1,101,454,1,34089,1,0
10890,37835,1,2025-11-15,1,1,101,454,1,34090,1,0
10891,37835,1,2025-12-11,1,1,101,454,1,34091,1,0
10892,37843,1,2025-04-23,1,22,271,1217,22,34097,1,0
10893,37845,1,2024-10-05,1,1,96,427,1,34098,1,0
10894,37851,1,2024-03-31,1,9,212,956,9,34105,1,0
10895,37877,1,2024-01-11,1,5,175,796,5,34118,1,0
10896,37881,1,2026-01-20,1,9,211,952,9,34121,1,0
10897,37885,1,2025-03-27,1,9,214,965,9,34125,1,0
10898,37885,1,2025-03-03,1,9,214,965,9,34126,1,0
10899,37888,1,2026-07-13,1,11,224,1016,11,34129,1,0
10900,37888,1,2026-07-13,1,11,224,1016,11,34130,1,0
10901,37888,1,2026-07-13,1,11,224,1016,11,34131,1,0
10902,37895,1,2025-12-03,1,2,122,549,2,34135,1,0
10903,37896,1,2025-08-20,1,1,41,182,1,34136,1,0
10904,37896,1,2025-11-18,1,1,41,182,1,34137,1,0
10905,37898,1,2023-11-02,1,1,14,60,1,34140,1,0
10906,37898,1,2023-11-01,1,1,14,60,1,34141,1,0
10907,37902,1,2024-01-21,1,1,50,227,1,34143,1,0
10908,37902,1,2024-01-10,1,1,50,227,1,34144,1,0
10909,37903,1,2023-11-29,1,3,147,666,3,34145,1,0
10910,37903,1,2023-11-20,1,3,147,666,3,34146,1,0
10911,37905,1,2023-03-01,1,1,61,272,1,34149,1,0
10912,37908,1,2026-02-12,1,20,264,1187,20,34151,1,0
10913,37908,1,2025-12-16,1,20,264,1187,20,34152,1,0
10914,37908,1,2026-02-07,1,20,264,1187,20,34153,1,0
10915,37915,1,2023-06-07,1,14,239,1079,14,34159,1,0
10916,37925,1,2023-10-11,1,1,109,491,1,34170,1,0
10917,37925,1,2023-07-11,1,1,109,491,1,34171,1,0
10918,37925,1,2023-08-17,1,1,109,491,1,34172,1,0
10919,37929,1,2024-01-25,1,10,216,972,10,34176,1,0
10920,37930,1,2023-12-15,1,1,107,480,1,34177,1,0
10921,37939,1,2026-07-13,1,25,280,1254,25,34187,1,0
10922,37948,1,2026-06-22,1,3,153,696,3,34190,1,0
10923,37950,1,2024-06-23,1,1,15,66,1,34191,1,0
10924,37950,1,2023-12-15,1,1,15,66,1,34192,1,0
10925,37951,1,2025-11-22,1,1,3,10,1,34193,1,0
10926,37951,1,2026-04-06,1,1,3,10,1,34194,1,0
10927,37951,1,2026-03-24,1,1,3,10,1,34195,1,0
10928,37953,1,2025-08-25,1,4,167,756,4,34196,1,0
10929,37953,1,2025-08-02,1,4,167,756,4,34197,1,0
10930,37958,1,2024-12-30,1,5,172,781,5,34198,1,0
10931,37959,1,2025-11-28,1,2,123,556,2,34199,1,0
10932,37966,1,2023-03-01,1,3,150,679,3,34207,1,0
10933,37966,1,2023-02-28,1,3,150,679,3,34208,1,0
10934,37967,1,2026-05-10,1,1,116,522,1,34209,1,0
10935,37967,1,2026-04-06,1,1,116,522,1,34210,1,0
10936,37972,1,2026-01-08,1,28,289,1297,28,34214,1,0
10937,37974,1,2024-01-11,1,1,26,116,1,34215,1,0
10938,37974,1,2024-02-05,1,1,26,116,1,34216,1,0
10939,37977,1,2023-11-22,1,1,21,93,1,34218,1,0
10940,37983,1,2025-08-09,1,10,216,975,10,34222,1,0
10941,37990,1,2025-01-04,1,29,291,1302,29,34227,1,0
10942,37991,1,2026-01-02,1,4,156,708,4,34228,1,0
10943,37993,1,2023-07-25,1,1,26,115,1,34231,1,0
10944,37993,1,2023-07-31,1,1,26,115,1,34232,1,0
10945,37995,1,2024-10-01,1,11,226,1022,11,34234,1,0
10946,37995,1,2024-08-19,1,11,226,1022,11,34235,1,0
10947,37995,1,2024-08-18,1,11,226,1022,11,34236,1,0
10948,38003,1,2025-10-07,1,2,128,580,2,34242,1,0
10949,38005,1,2025-08-02,1,29,290,1300,29,34244,1,0
10950,38005,1,2025-09-30,1,29,290,1300,29,34245,1,0
10951,38007,1,2024-05-27,1,16,249,1124,16,34246,1,0
10952,38007,1,2024-10-16,1,16,249,1124,16,34247,1,0
10953,38007,1,2024-05-03,1,16,249,1124,16,34248,1,0
10954,38008,1,2023-11-28,1,25,278,1249,25,34249,1,0
10955,38009,1,2023-09-27,1,8,203,919,8,34250,1,0
10956,38012,1,2026-07-13,1,1,38,166,1,34254,1,0
10957,38013,1,2023-05-29,1,2,127,576,2,34256,1,0
10958,38013,1,2023-06-20,1,2,127,576,2,34257,1,0
10959,38024,1,2024-09-05,1,11,227,1027,11,34265,1,0
10960,38025,1,2023-04-12,1,21,268,1205,21,34266,1,0
10961,38026,1,2024-11-12,1,1,113,511,1,34267,1,0
10962,38034,1,2024-06-27,1,1,63,283,1,34277,1,0
10963,38036,1,2025-10-28,1,6,183,829,6,34280,1,0
10964,38042,1,2025-04-14,1,18,258,1166,18,34285,1,0
10965,38043,1,2023-12-13,1,8,206,933,8,34286,1,0
10966,38043,1,2023-11-27,1,8,206,933,8,34287,1,0
10967,38045,1,2026-07-13,1,6,190,866,6,34291,1,0
10968,38046,1,2025-07-20,1,26,283,1272,26,34292,1,0
10969,38046,1,2025-07-20,1,26,283,1272,26,34293,1,0
10970,38051,1,2026-05-17,1,12,228,1028,12,34298,1,0
10971,38057,1,2023-05-31,1,13,234,1056,13,34302,1,0
10972,38059,1,2024-08-19,1,15,243,1099,15,34304,1,0
10973,38059,1,2024-03-14,1,15,243,1099,15,34305,1,0
10974,38064,1,2023-07-07,1,16,249,1123,16,34307,1,0
10975,38075,1,2024-03-28,1,1,9,43,1,34315,1,0
10976,38075,1,2024-04-27,1,1,9,43,1,34316,1,0
10977,38083,1,2024-08-23,1,7,198,896,7,34326,1,0
10978,38083,1,2024-12-12,1,7,198,896,7,34327,1,0
10979,38084,1,2026-05-16,1,1,40,178,1,34328,1,0
10980,38094,1,2025-12-12,1,1,63,282,1,34331,1,0
10981,38094,1,2025-09-22,1,1,63,282,1,34332,1,0
10982,38111,1,2024-08-11,1,6,190,865,6,34351,1,0
10983,38118,1,2023-12-03,1,4,167,755,4,34354,1,0
10984,38122,1,2024-02-12,1,20,264,1187,20,34361,1,0
10985,38122,1,2024-02-13,1,20,264,1187,20,34362,1,0
10986,38134,1,2025-07-12,1,1,5,20,1,34370,1,0
10987,38142,1,2025-08-05,1,3,144,653,3,34377,1,0
10988,38142,1,2025-06-20,1,3,144,653,3,34378,1,0
10989,38142,1,2025-08-22,1,3,144,653,3,34379,1,0
10990,38149,1,2026-05-18,1,3,139,632,3,34384,1,0
10991,38149,1,2026-07-13,1,3,139,632,3,34385,1,0
10992,38149,1,2026-05-31,1,3,139,632,3,34386,1,0
10993,38153,1,2024-07-16,1,1,26,114,1,34387,1,0
10994,38178,1,2023-09-28,1,2,128,581,2,34405,1,0
10995,38179,1,2024-02-27,1,1,11,49,1,34406,1,0
10996,38180,1,2025-06-23,1,1,74,330,1,34407,1,0
10997,38180,1,2025-03-23,1,1,74,330,1,34408,1,0
10998,38184,1,2025-03-15,1,5,181,821,5,34412,1,0
10999,38189,1,2023-11-21,1,2,132,602,2,34416,1,0
11000,38193,1,2025-06-05,1,2,125,563,2,34421,1,0
11001,38196,1,2026-05-17,1,1,29,126,1,34422,1,0
11002,38196,1,2026-07-13,1,1,29,126,1,34423,1,0
11003,38198,1,2023-10-19,1,6,187,849,6,34427,1,0
11004,38205,1,2024-03-21,1,1,21,92,1,34432,1,0
11005,38205,1,2024-04-18,1,1,21,92,1,34433,1,0
11006,38208,1,2023-06-24,1,18,256,1158,18,34435,1,0
11007,38209,1,2025-10-10,1,3,136,617,3,34436,1,0
11008,38211,1,2026-01-25,1,1,69,308,1,34437,1,0
11009,38212,1,2023-11-07,1,1,89,393,1,34438,1,0
11010,38219,1,2025-07-14,1,2,132,600,2,34441,1,0
11011,38220,1,2025-04-16,1,3,140,635,3,34442,1,0
11012,38222,1,2025-03-20,1,1,1,2,1,34443,1,0
11013,38222,1,2025-04-17,1,1,1,2,1,34444,1,0
11014,38223,1,2025-01-08,1,1,51,232,1,34445,1,0
11015,38223,1,2025-01-13,1,1,51,232,1,34446,1,0
11016,38227,1,2024-06-15,1,6,189,858,6,34450,1,0
11017,38227,1,2024-09-15,1,6,189,858,6,34451,1,0
11018,38235,1,2026-07-10,1,11,226,1021,11,34458,1,0
11019,38235,1,2026-06-13,1,11,226,1021,11,34459,1,0
11020,38235,1,2026-05-25,1,11,226,1021,11,34460,1,0
11021,38241,1,2024-11-05,1,1,7,30,1,34463,1,0
11022,38247,1,2024-08-16,1,1,89,396,1,34467,1,0
11023,38248,1,2025-08-17,1,9,213,961,9,34468,1,0
11024,38249,1,2023-05-11,1,1,21,91,1,34469,1,0
11025,38260,1,2026-07-03,1,8,205,930,8,34481,1,0
11026,38260,1,2026-07-13,1,8,205,930,8,34482,1,0
11027,38264,1,2024-03-02,1,1,97,433,1,34489,1,0
11028,38264,1,2024-07-02,1,1,97,433,1,34490,1,0
11029,38266,1,2024-10-05,1,1,53,242,1,34491,1,0
11030,38268,1,2024-01-08,1,4,159,719,4,34493,1,0
11031,38277,1,2026-07-13,1,2,125,563,2,34506,1,0
11032,38279,1,2025-01-09,1,13,236,1064,13,34507,1,0
11033,38279,1,2025-01-05,1,13,236,1064,13,34508,1,0
11034,38282,1,2026-03-29,1,1,32,141,1,34510,1,0
11035,38287,1,2025-06-16,1,1,49,218,1,34515,1,0
11036,38291,1,2026-04-15,1,6,185,841,6,34517,1,0
11037,38292,1,2026-07-13,1,3,140,634,3,34518,1,0
11038,38296,1,2024-10-25,1,1,119,538,1,34521,1,0
11039,38299,1,2024-04-27,1,7,198,898,7,34526,1,0
11040,38302,1,2025-08-20,1,1,63,284,1,34529,1,0
11041,38306,1,2024-11-28,1,11,225,1018,11,34536,1,0
11042,38306,1,2024-11-28,1,11,225,1018,11,34537,1,0
11043,38308,1,2023-04-12,1,2,128,581,2,34538,1,0
11044,38309,1,2025-11-08,1,5,176,801,5,34539,1,0
11045,38315,1,2024-02-28,1,9,210,946,9,34540,1,0
11046,38323,1,2024-11-27,1,31,298,1332,31,34551,1,0
11047,38327,1,2026-03-21,1,1,69,308,1,34556,1,0
11048,38327,1,2026-03-20,1,1,69,308,1,34557,1,0
11049,38330,1,2025-08-22,1,16,251,1134,16,34559,1,0
11050,38330,1,2025-07-06,1,16,251,1134,16,34560,1,0
11051,38332,1,2025-06-10,1,4,166,753,4,34562,1,0
11052,38333,1,2023-06-21,1,1,93,413,1,34563,1,0
11053,38334,1,2024-02-18,1,1,94,416,1,34564,1,0
11054,38334,1,2024-03-17,1,1,94,416,1,34565,1,0
11055,38339,1,2025-04-12,1,5,175,797,5,34568,1,0
11056,38346,1,2026-05-22,1,1,92,405,1,34574,1,0
11057,38350,1,2025-09-22,1,1,105,473,1,34576,1,0
11058,38350,1,2025-10-14,1,1,105,473,1,34577,1,0
11059,38350,1,2025-09-10,1,1,105,473,1,34578,1,0
11060,38351,1,2024-03-16,1,1,28,124,1,34579,1,0
11061,38351,1,2024-04-17,1,1,28,124,1,34580,1,0
11062,38357,1,2024-11-30,1,5,179,811,5,34586,1,0
11063,38358,1,2026-07-13,1,1,8,37,1,34588,1,0
11064,38359,1,2024-09-04,1,1,23,100,1,34589,1,0
11065,38366,1,2024-08-19,1,27,284,1277,27,34593,1,0
11066,38370,1,2024-10-25,1,31,297,1328,31,34594,1,0
11067,38385,1,2024-12-08,1,22,270,1211,22,34606,1,0
11068,38391,1,2024-09-10,1,1,115,517,1,34609,1,0
11069,38397,1,2024-06-17,1,1,36,159,1,34614,1,0
11070,38397,1,2024-02-23,1,1,36,159,1,34615,1,0
11071,38397,1,2024-07-08,1,1,36,159,1,34616,1,0
11072,38405,1,2025-08-01,1,1,65,290,1,34624,1,0
11073,38407,1,2023-05-26,1,1,61,273,1,34627,1,0
11074,38409,1,2023-08-23,1,14,238,1075,14,34628,1,0
11075,38411,1,2026-06-24,1,1,48,214,1,34629,1,0
11076,38411,1,2026-07-07,1,1,48,214,1,34630,1,0
11077,38416,1,2023-09-19,1,3,137,619,3,34633,1,0
11078,38427,1,2023-07-24,1,1,98,434,1,34644,1,0
11079,38427,1,2023-07-14,1,1,98,434,1,34645,1,0
11080,38428,1,2026-06-15,1,1,66,294,1,34646,1,0
11081,38429,1,2024-04-08,1,1,8,34,1,34647,1,0
11082,38430,1,2024-04-27,1,1,78,347,1,34648,1,0
11083,38430,1,2024-04-14,1,1,78,347,1,34649,1,0
11084,38435,1,2024-04-04,1,2,124,557,2,34653,1,0
11085,38435,1,2024-04-06,1,2,124,557,2,34654,1,0
11086,38436,1,2025-09-14,1,1,42,185,1,34655,1,0
11087,38448,1,2025-01-03,1,1,23,100,1,34667,1,0
11088,38450,1,2025-01-04,1,1,79,349,1,34668,1,0
11089,38459,1,2025-11-29,1,3,152,687,3,34676,1,0
11090,38459,1,2025-10-21,1,3,152,687,3,34677,1,0
11091,38460,1,2024-03-05,1,1,26,116,1,34678,1,0
11092,38463,1,2024-04-03,1,1,111,500,1,34680,1,0
11093,38464,1,2026-01-05,1,24,276,1237,24,34681,1,0
11094,38465,1,2025-12-14,1,14,241,1088,14,34682,1,0
11095,38471,1,2024-12-30,1,2,124,560,2,34686,1,0
11096,38471,1,2025-04-18,1,2,124,560,2,34687,1,0
11097,38471,1,2024-12-23,1,2,124,560,2,34688,1,0
11098,38474,1,2025-10-29,1,1,83,368,1,34690,1,0
11099,38474,1,2025-09-23,1,1,83,368,1,34691,1,0
11100,38483,1,2025-09-08,1,2,133,605,2,34696,1,0
11101,38487,1,2026-07-01,1,3,152,688,3,34700,1,0
11102,38487,1,2026-07-13,1,3,152,688,3,34701,1,0
11103,38487,1,2026-06-16,1,3,152,688,3,34702,1,0
11104,38489,1,2025-03-18,1,4,164,739,4,34706,1,0
11105,38491,1,2023-07-29,1,1,22,95,1,34708,1,0
11106,38494,1,2024-03-25,1,5,181,824,5,34709,1,0
11107,38499,1,2024-01-29,1,5,175,797,5,34712,1,0
11108,38499,1,2024-04-24,1,5,175,797,5,34713,1,0
11109,38501,1,2024-11-28,1,1,106,475,1,34715,1,0
11110,38501,1,2024-12-03,1,1,106,475,1,34716,1,0
11111,38504,1,2023-12-26,1,1,53,240,1,34718,1,0
11112,38504,1,2023-09-05,1,1,53,240,1,34719,1,0
11113,38504,1,2023-10-11,1,1,53,240,1,34720,1,0
11114,38506,1,2025-02-07,1,5,179,812,5,34721,1,0
11115,38506,1,2025-02-24,1,5,179,812,5,34722,1,0
11116,38506,1,2025-02-20,1,5,179,812,5,34723,1,0
11117,38517,1,2023-08-30,1,14,240,1082,14,34732,1,0
11118,38520,1,2023-10-12,1,4,158,717,4,34734,1,0
11119,38526,1,2025-12-13,1,6,190,864,6,34740,1,0
11120,38527,1,2025-07-09,1,12,230,1041,12,34741,1,0
11121,38527,1,2025-06-26,1,12,230,1041,12,34742,1,0
11122,38528,1,2026-03-20,1,1,57,256,1,34743,1,0
11123,38530,1,2025-01-13,1,3,152,688,3,34744,1,0
11124,38533,1,2025-09-01,1,6,188,854,6,34746,1,0
11125,38537,1,2025-10-05,1,1,37,165,1,34747,1,0
11126,38537,1,2026-01-10,1,1,37,165,1,34749,1,0
11127,38542,1,2023-10-13,1,22,270,1212,22,34751,1,0
11128,38543,1,2025-08-11,1,7,201,909,7,34752,1,0
11129,38547,1,2025-07-12,1,1,118,531,1,34757,1,0
11130,38550,1,2026-07-13,1,11,224,1017,11,34759,1,0
11131,38550,1,2026-07-02,1,11,224,1017,11,34760,1,0
11132,38550,1,2026-07-13,1,11,224,1017,11,34761,1,0
11133,38554,1,2025-02-08,1,3,140,636,3,34763,1,0
11134,38559,1,2025-03-17,1,27,286,1281,27,34768,1,0
11135,38559,1,2025-04-19,1,27,286,1281,27,34770,1,0
11136,38561,1,2026-01-20,1,31,298,1332,31,34771,1,0
11137,38567,1,2024-01-02,1,2,135,611,2,34775,1,0
11138,38572,1,2023-10-17,1,4,159,719,4,34779,1,0
11139,38572,1,2023-10-07,1,4,159,719,4,34780,1,0
11140,38573,1,2023-07-11,1,4,156,710,4,34781,1,0
11141,38587,1,2026-06-08,1,1,34,152,1,34793,1,0
11142,38587,1,2026-06-01,1,1,34,152,1,34794,1,0
11143,38589,1,2025-07-02,1,6,186,846,6,34795,1,0
11144,38589,1,2025-06-22,1,6,186,846,6,34796,1,0
11145,38600,1,2024-12-20,1,1,43,191,1,34808,1,0
11146,38600,1,2025-01-27,1,1,43,191,1,34809,1,0
11147,38600,1,2024-09-20,1,1,43,191,1,34810,1,0
11148,38605,1,2024-05-02,1,14,242,1093,14,34815,1,0
11149,38608,1,2025-03-31,1,1,44,192,1,34817,1,0
11150,38613,1,2025-05-19,1,1,75,333,1,34820,1,0
11151,38624,1,2025-08-06,1,15,247,1117,15,34829,1,0
11152,38626,1,2023-03-07,1,21,267,1199,21,34830,1,0
11153,38626,1,2023-07-05,1,21,267,1199,21,34831,1,0
11154,38632,1,2023-09-19,1,12,230,1042,12,34834,1,0
11155,38632,1,2023-11-22,1,12,230,1042,12,34835,1,0
11156,38632,1,2023-09-08,1,12,230,1042,12,34836,1,0
11157,38636,1,2024-05-21,1,31,296,1327,31,34838,1,0
11158,38639,1,2025-10-04,1,20,265,1192,20,34840,1,0
11159,38644,1,2024-01-05,1,8,203,917,8,34844,1,0
11160,38645,1,2024-04-15,1,1,73,327,1,34845,1,0
11161,38645,1,2024-03-06,1,1,73,327,1,34846,1,0
11162,38645,1,2024-07-01,1,1,73,327,1,34847,1,0
11163,38647,1,2023-06-25,1,1,100,449,1,34850,1,0
11164,38650,1,2026-05-22,1,1,33,147,1,34852,1,0
11165,38652,1,2024-08-22,1,1,94,415,1,34854,1,0
11166,38652,1,2024-10-22,1,1,94,415,1,34856,1,0
11167,38658,1,2024-09-23,1,1,11,50,1,34860,1,0
11168,38658,1,2024-10-02,1,1,11,50,1,34861,1,0
11169,38664,1,2023-04-10,1,17,252,1140,17,34867,1,0
11170,38666,1,2023-07-11,1,2,135,613,2,34869,1,0
11171,38667,1,2024-03-26,1,4,164,740,4,34871,1,0
11172,38667,1,2024-03-17,1,4,164,740,4,34872,1,0
11173,38670,1,2024-11-17,1,4,163,738,4,34875,1,0
11174,38678,1,2023-12-13,1,1,54,246,1,34884,1,0
11175,38678,1,2023-09-25,1,1,54,246,1,34885,1,0
11176,38687,1,2024-10-18,1,1,101,450,1,34893,1,0
11177,38704,1,2024-02-25,1,29,291,1303,29,34904,1,0
11178,38710,1,2025-08-04,1,16,248,1121,16,34909,1,0
11179,38713,1,2025-11-12,1,1,101,454,1,34911,1,0
11180,38715,1,2025-08-07,1,2,131,596,2,34914,1,1
11181,38715,1,2025-07-25,1,2,131,596,2,34915,1,0
11182,38715,1,2025-08-02,1,2,131,596,2,34916,1,0
11183,38717,1,2024-01-16,1,6,183,832,6,34918,1,0
11184,38717,1,2023-10-14,1,6,183,832,6,34919,1,0
11185,38721,1,2024-08-26,1,1,69,307,1,34921,1,0
11186,38730,1,2025-08-14,1,12,230,1041,12,34927,1,0
11187,38730,1,2025-09-12,1,12,230,1041,12,34928,1,0
11188,38746,1,2025-10-04,1,1,38,168,1,34945,1,0
11189,38746,1,2025-09-13,1,1,38,168,1,34946,1,0
11190,38750,1,2024-08-27,1,1,106,476,1,34950,1,0
11191,38752,1,2025-05-15,1,11,227,1027,11,34952,1,0
11192,38755,1,2026-07-13,1,3,139,630,3,34958,1,0
11193,38756,1,2024-06-20,1,2,123,553,2,34959,1,0
11194,38756,1,2024-07-11,1,2,123,553,2,34960,1,0
11195,38756,1,2024-05-03,1,2,123,553,2,34961,1,0
11196,38760,1,2026-04-17,1,3,152,688,3,34963,1,1
11197,38760,1,2026-05-16,1,3,152,688,3,34964,1,0
11198,38761,1,2024-06-25,1,20,265,1194,20,34965,1,0
11199,38767,1,2025-08-29,1,9,211,953,9,34968,1,0
11200,38767,1,2025-07-27,1,9,211,953,9,34969,1,1
11201,38769,1,2026-05-31,1,13,237,1070,13,34971,1,0
11202,38776,1,2025-03-08,1,1,14,65,1,34977,1,0
11203,38776,1,2025-03-17,1,1,14,65,1,34979,1,0
11204,38782,1,2025-03-06,1,8,206,931,8,34982,1,0
11205,38782,1,2025-07-01,1,8,206,931,8,34983,1,0
11206,38782,1,2025-03-07,1,8,206,931,8,34984,1,0
11207,38786,1,2023-04-08,1,5,181,821,5,34987,1,0
11208,38795,1,2026-06-20,1,1,92,407,1,34992,1,0
11209,38797,1,2024-01-02,1,1,107,479,1,34996,1,0
11210,38797,1,2023-10-05,1,1,107,479,1,34997,1,0
11211,38797,1,2024-01-06,1,1,107,479,1,34998,1,0
11212,38804,1,2024-12-29,1,31,298,1333,31,35004,1,0
11213,38805,1,2024-11-09,1,1,33,149,1,35005,1,0
11214,38805,1,2025-01-02,1,1,33,149,1,35006,1,0
11215,38807,1,2026-07-13,1,18,259,1171,18,35010,1,0
11216,38807,1,2026-07-13,1,18,259,1171,18,35011,1,0
11217,38812,1,2024-10-03,1,30,294,1314,30,35013,1,0
11218,38813,1,2024-04-26,1,2,134,606,2,35014,1,0
11219,38816,1,2024-11-29,1,30,294,1314,30,35016,1,0
11220,38817,1,2024-10-26,1,2,121,545,2,35017,1,0
11221,38822,1,2024-10-31,1,18,258,1166,18,35025,1,0
11222,38829,1,2023-09-06,1,1,60,268,1,35032,1,0
11223,38830,1,2025-01-05,1,10,218,987,10,35033,1,0
11224,38831,1,2024-10-06,1,1,4,16,1,35034,1,0
11225,38849,1,2024-04-12,1,11,225,1020,11,35046,1,0
11226,38859,1,2026-03-06,1,5,179,809,5,35056,1,0
11227,38870,1,2023-06-03,1,1,2,6,1,35067,1,0
11228,38870,1,2023-09-13,1,1,2,6,1,35068,1,0
11229,38871,1,2026-05-28,1,11,222,1005,11,35069,1,0
11230,38872,1,2025-11-04,1,5,172,782,5,35070,1,0
11231,38875,1,2025-07-02,1,17,255,1151,17,35074,1,0
11232,38875,1,2025-04-08,1,17,255,1151,17,35075,1,0
11233,38875,1,2025-05-13,1,17,255,1151,17,35076,1,0
11234,38876,1,2023-07-23,1,21,267,1201,21,35077,1,0
11235,38884,1,2024-05-02,1,19,261,1176,19,35080,1,0
11236,38886,1,2025-10-16,1,7,194,881,7,35081,1,0
11237,38888,1,2025-04-02,1,23,274,1228,23,35082,1,0
11238,38888,1,2024-11-16,1,23,274,1228,23,35083,1,0
11239,38889,1,2024-09-07,1,1,32,143,1,35084,1,0
11240,38898,1,2025-05-28,1,1,62,276,1,35088,1,0
11241,38902,1,2025-10-22,1,2,130,589,2,35091,1,0
11242,38906,1,2024-01-13,1,1,53,242,1,35093,1,0
11243,38909,1,2024-04-15,1,13,233,1055,13,35096,1,0
11244,38915,1,2024-01-04,1,3,142,646,3,35103,1,0
11245,38922,1,2024-03-04,1,5,170,774,5,35109,1,0
11246,38925,1,2026-04-21,1,1,81,360,1,35112,1,0
11247,38930,1,2025-06-13,1,1,102,458,1,35115,1,0
11248,38935,1,2025-09-17,1,1,84,371,1,35119,1,0
11249,38935,1,2025-09-01,1,1,84,371,1,35121,1,0
11250,38941,1,2026-06-13,1,1,88,390,1,35124,1,0
11251,38942,1,2026-01-15,1,23,274,1231,23,35125,1,0
11252,38942,1,2026-02-24,1,23,274,1231,23,35126,1,0
11253,38942,1,2026-02-15,1,23,274,1231,23,35127,1,0
11254,38943,1,2024-10-16,1,19,260,1175,19,35128,1,0
11255,38943,1,2024-07-30,1,19,260,1175,19,35129,1,0
11256,38946,1,2023-03-15,1,7,191,870,7,35131,1,0
11257,38949,1,2024-02-22,1,1,16,70,1,35136,1,0
11258,38952,1,2026-02-11,1,4,160,722,4,35139,1,0
11259,38952,1,2025-12-05,1,4,160,722,4,35141,1,0
11260,38956,1,2024-09-04,1,1,58,258,1,35142,1,0
11261,38958,1,2026-01-15,1,15,246,1111,15,35145,1,0
11262,38958,1,2026-01-14,1,15,246,1111,15,35146,1,0
11263,38975,1,2023-11-13,1,8,206,933,8,35160,1,0
11264,38977,1,2024-03-29,1,1,78,343,1,35164,1,0
11265,38979,1,2024-01-11,1,19,260,1173,19,35166,1,0
11266,38979,1,2024-03-15,1,19,260,1173,19,35167,1,0
11267,38982,1,2024-10-31,1,12,232,1049,12,35170,1,0
11268,38989,1,2023-10-13,1,6,182,827,6,35176,1,0
11269,38989,1,2023-12-22,1,6,182,827,6,35177,1,0
11270,38995,1,2026-01-31,1,8,206,933,8,35184,1,0
11271,39002,1,2025-02-20,1,2,125,566,2,35194,1,0
11272,39005,1,2023-12-05,1,3,143,651,3,35196,1,0
11273,39005,1,2023-09-06,1,3,143,651,3,35197,1,0
11274,39015,1,2023-03-14,1,3,136,616,3,35202,1,0
11275,39016,1,2026-06-10,1,29,291,1303,29,35203,1,0
11276,39023,1,2026-03-27,1,6,189,861,6,35205,1,0
11277,39026,1,2023-09-09,1,7,198,898,7,35206,1,0
11278,39028,1,2025-07-30,1,16,250,1129,16,35209,1,0
11279,39029,1,2026-01-11,1,3,148,670,3,35210,1,0
11280,39029,1,2026-01-13,1,3,148,670,3,35211,1,0
11281,39033,1,2025-03-09,1,26,282,1264,26,35219,1,0
11282,39034,1,2025-09-23,1,2,122,547,2,35221,1,0
11283,39034,1,2025-10-08,1,2,122,547,2,35222,1,0
11284,39035,1,2026-01-11,1,18,259,1170,18,35223,1,0
11285,39039,1,2025-06-12,1,1,60,264,1,35227,1,0
11286,39042,1,2025-02-15,1,1,43,190,1,35229,1,0
11287,39045,1,2024-11-06,1,8,204,923,8,35234,1,0
11288,39050,1,2026-05-20,1,4,162,733,4,35237,1,0
11289,39053,1,2023-12-26,1,2,135,611,2,35238,1,0
11290,39058,1,2025-01-24,1,1,74,331,1,35244,1,0
11291,39059,1,2024-04-03,1,1,88,392,1,35246,1,0
11292,39063,1,2024-06-19,1,1,119,535,1,35249,1,0
11293,39069,1,2025-09-24,1,24,276,1240,24,35254,1,0
11294,39074,1,2026-07-13,1,4,167,757,4,35256,1,0
11295,39076,1,2026-03-13,1,1,29,130,1,35259,1,0
11296,39076,1,2026-03-21,1,1,29,130,1,35260,1,0
11297,39078,1,2024-01-09,1,1,36,161,1,35262,1,0
11298,39083,1,2024-01-21,1,3,152,690,3,35264,1,0
11299,39091,1,2025-08-03,1,7,193,875,7,35267,1,0
11300,39091,1,2025-07-19,1,7,193,875,7,35268,1,0
11301,39095,1,2023-04-22,1,1,58,258,1,35271,1,0
11302,39100,1,2025-06-26,1,1,108,483,1,35282,1,0
11303,39104,1,2024-08-21,1,1,76,338,1,35283,1,0
11304,39104,1,2024-07-05,1,1,76,338,1,35285,1,0
11305,39106,1,2025-05-23,1,5,179,811,5,35287,1,0
11306,39106,1,2025-07-18,1,5,179,811,5,35288,1,0
11307,39106,1,2025-05-16,1,5,179,811,5,35289,1,0
11308,39113,1,2025-08-21,1,1,25,109,1,35295,1,0
11309,39119,1,2025-07-18,1,21,266,1197,21,35298,1,0
11310,39138,1,2026-04-27,1,13,234,1056,13,35314,1,0
11311,39155,1,2025-01-06,1,4,164,741,4,35324,1,0
11312,39155,1,2025-03-11,1,4,164,741,4,35326,1,0
11313,39158,1,2025-12-26,1,13,236,1069,13,35328,1,0
11314,39158,1,2025-12-18,1,13,236,1069,13,35329,1,0
11315,39158,1,2025-10-13,1,13,236,1069,13,35330,1,0
11316,39162,1,2026-01-27,1,1,55,250,1,35331,1,0
11317,39163,1,2023-07-30,1,1,53,242,1,35332,1,0
11318,39164,1,2023-09-01,1,1,49,219,1,35333,1,0
11319,39171,1,2024-10-12,1,13,234,1058,13,35343,1,0
11320,39172,1,2025-10-10,1,25,279,1252,25,35344,1,0
11321,39172,1,2025-11-29,1,25,279,1252,25,35345,1,0
11322,39174,1,2024-05-12,1,7,199,899,7,35346,1,0
11323,39174,1,2024-05-29,1,7,199,899,7,35347,1,0
11324,39174,1,2024-05-30,1,7,199,899,7,35348,1,0
11325,39176,1,2023-05-05,1,28,287,1285,28,35350,1,0
11326,39180,1,2024-02-03,1,18,256,1158,18,35353,1,0
11327,39180,1,2024-01-04,1,18,256,1158,18,35354,1,0
11328,39184,1,2023-08-05,1,11,224,1012,11,35357,1,0
11329,39184,1,2023-08-23,1,11,224,1012,11,35358,1,0
11330,39189,1,2026-03-29,1,6,185,841,6,35361,1,0
11331,39189,1,2026-02-02,1,6,185,841,6,35362,1,0
11332,39197,1,2023-04-09,1,8,202,913,8,35366,1,0
11333,39199,1,2024-04-21,1,14,242,1091,14,35367,1,0
11334,39214,1,2023-10-05,1,12,230,1043,12,35379,1,0
11335,39214,1,2023-10-14,1,12,230,1043,12,35380,1,0
11336,39214,1,2023-09-09,1,12,230,1043,12,35381,1,0
11337,39218,1,2026-01-13,1,5,175,797,5,35382,1,0
11338,39220,1,2026-07-13,1,1,89,393,1,35384,1,0
11339,39225,1,2025-07-15,1,25,279,1252,25,35389,1,0
11340,39225,1,2025-07-22,1,25,279,1252,25,35390,1,0
11341,39226,1,2024-06-20,1,14,240,1087,14,35391,1,0
11342,39228,1,2024-01-02,1,5,173,786,5,35394,1,0
11343,39231,1,2025-03-13,1,4,154,697,4,35397,1,0
11344,39235,1,2026-07-08,1,1,36,162,1,35400,1,0
11345,39240,1,2026-06-29,1,24,277,1245,24,35402,1,0
11346,39244,1,2024-01-06,1,2,123,554,2,35405,1,0
11347,39249,1,2026-02-25,1,5,168,762,5,35409,1,0
11348,39251,1,2024-09-08,1,17,255,1152,17,35411,1,1
11349,39256,1,2023-12-02,1,3,147,668,3,35414,1,0
11350,39259,1,2026-03-04,1,28,288,1293,28,35417,1,0
11351,39263,1,2025-11-03,1,16,248,1122,16,35422,1,0
11352,39275,1,2025-01-20,1,7,197,894,7,35429,1,0
11353,39275,1,2024-11-03,1,7,197,894,7,35430,1,0
11354,39278,1,2023-11-04,1,1,99,440,1,35434,1,0
11355,39278,1,2023-12-05,1,1,99,440,1,35435,1,0
11356,39287,1,2024-05-13,1,1,112,505,1,35441,1,0
11357,39288,1,2025-02-16,1,1,44,196,1,35442,1,0
11358,39288,1,2024-12-01,1,1,44,196,1,35443,1,0
11359,39296,1,2024-05-11,1,1,40,179,1,35450,1,0
11360,39300,1,2026-07-11,1,4,160,723,4,35454,1,0
11361,39306,1,2024-02-04,1,31,296,1326,31,35458,1,0
11362,39308,1,2026-04-13,1,22,269,1209,22,35462,1,0
11363,39308,1,2026-05-06,1,22,269,1209,22,35463,1,0
11364,39314,1,2024-05-04,1,1,33,144,1,35466,1,0
11365,39318,1,2026-02-15,1,8,203,921,8,35474,1,0
11366,39318,1,2025-12-28,1,8,203,921,8,35475,1,0
11367,39318,1,2026-01-18,1,8,203,921,8,35476,1,0
11368,39320,1,2024-09-10,1,1,87,387,1,35477,1,0
11369,39320,1,2024-06-14,1,1,87,387,1,35478,1,0
11370,39320,1,2024-06-02,1,1,87,387,1,35479,1,0
11371,39323,1,2025-11-19,1,2,122,546,2,35482,1,0
11372,39323,1,2025-11-10,1,2,122,546,2,35483,1,0
11373,39349,1,2026-07-10,1,6,186,844,6,35505,1,0
11374,39363,1,2024-08-25,1,24,277,1246,24,35519,1,0
11375,39364,1,2025-08-18,1,8,206,931,8,35520,1,0
11376,39378,1,2026-07-13,1,3,144,652,3,35531,1,0
11377,39403,1,2025-12-18,1,1,72,319,1,35543,1,0
11378,39403,1,2025-12-27,1,1,72,319,1,35544,1,0
11379,39403,1,2025-12-09,1,1,72,319,1,35545,1,0
11380,39404,1,2026-01-27,1,1,3,11,1,35546,1,0
11381,39404,1,2025-11-12,1,1,3,11,1,35547,1,1
11382,39405,1,2024-09-01,1,20,263,1185,20,35548,1,0
11383,39406,1,2024-06-01,1,1,54,243,1,35549,1,0
11384,39413,1,2025-12-25,1,1,75,334,1,35557,1,0
11385,39419,1,2025-09-22,1,2,128,584,2,35564,1,0
11386,39424,1,2023-06-06,1,1,18,78,1,35569,1,0
11387,39424,1,2023-06-07,1,1,18,78,1,35570,1,1
11388,39425,1,2026-05-11,1,1,9,42,1,35571,1,0
11389,39431,1,2024-05-21,1,28,289,1298,28,35579,1,0
11390,39438,1,2023-12-17,1,31,298,1336,31,35585,1,0
11391,39439,1,2025-02-14,1,29,290,1300,29,35586,1,0
11392,39439,1,2025-03-07,1,29,290,1300,29,35587,1,0
11393,39457,1,2025-06-11,1,1,6,24,1,35597,1,0
11394,39460,1,2023-10-12,1,11,224,1013,11,35599,1,0
11395,39466,1,2024-03-19,1,5,177,802,5,35603,1,0
11396,39480,1,2023-09-21,1,6,189,859,6,35618,1,0
11397,39489,1,2025-11-20,1,3,144,653,3,35626,1,0
11398,39489,1,2025-11-26,1,3,144,653,3,35627,1,0
11399,39495,1,2024-05-21,1,16,248,1121,16,35632,1,0
11400,39495,1,2024-06-03,1,16,248,1121,16,35633,1,0
11401,39506,1,2024-12-13,1,1,43,190,1,35639,1,0
11402,39512,1,2025-10-10,1,1,8,35,1,35643,1,0
11403,39517,1,2024-01-25,1,1,14,63,1,35648,1,0
11404,39517,1,2023-11-23,1,1,14,63,1,35649,1,0
11405,39527,1,2026-05-21,1,1,97,432,1,35662,1,0
11406,39528,1,2024-07-08,1,4,154,700,4,35663,1,0
11407,39528,1,2024-08-25,1,4,154,700,4,35664,1,0
11408,39529,1,2023-11-09,1,15,245,1108,15,35665,1,0
11409,39531,1,2025-10-24,1,20,263,1186,20,35669,1,0
11410,39533,1,2023-03-12,1,1,23,101,1,35672,1,0
11411,39537,1,2025-01-28,1,1,10,48,1,35676,1,0
11412,39541,1,2024-12-24,1,1,55,250,1,35683,1,0
11413,39541,1,2024-10-16,1,1,55,250,1,35684,1,0
11414,39541,1,2024-11-10,1,1,55,250,1,35685,1,0
11415,39547,1,2026-04-04,1,2,126,568,2,35691,1,0
11416,39551,1,2026-04-02,1,4,159,719,4,35696,1,0
11417,39553,1,2023-12-02,1,1,92,405,1,35697,1,0
11418,39553,1,2023-12-29,1,1,92,405,1,35698,1,0
11419,39554,1,2024-01-21,1,5,180,816,5,35700,1,0
11420,39563,1,2025-10-02,1,1,61,272,1,35709,1,0
11421,39563,1,2025-10-08,1,1,61,272,1,35710,1,0
11422,39563,1,2025-08-14,1,1,61,272,1,35711,1,0
11423,39564,1,2024-03-02,1,5,177,804,5,35712,1,0
11424,39572,1,2025-01-23,1,23,273,1224,23,35718,1,0
11425,39572,1,2024-10-25,1,23,273,1224,23,35719,1,0
11426,39576,1,2025-09-15,1,1,53,242,1,35721,1,0
11427,39578,1,2025-08-11,1,2,130,590,2,35722,1,0
11428,39578,1,2025-09-01,1,2,130,590,2,35723,1,0
11429,39586,1,2025-01-03,1,1,77,339,1,35725,1,0
11430,39586,1,2025-01-21,1,1,77,339,1,35726,1,0
11431,39587,1,2025-04-30,1,24,275,1232,24,35727,1,0
11432,39587,1,2025-04-16,1,24,275,1232,24,35728,1,0
11433,39588,1,2025-03-13,1,1,15,66,1,35730,1,0
11434,39589,1,2025-01-29,1,13,234,1058,13,35731,1,0
11435,39596,1,2023-08-19,1,1,79,348,1,35733,1,0
11436,39598,1,2026-01-24,1,20,263,1183,20,35736,1,0
11437,39609,1,2025-09-11,1,1,118,533,1,35744,1,0
11438,39610,1,2026-02-09,1,10,219,992,10,35745,1,0
11439,39612,1,2026-07-13,1,1,84,372,1,35747,1,0
11440,39613,1,2023-06-26,1,5,177,803,5,35749,1,0
11441,39613,1,2023-07-04,1,5,177,803,5,35750,1,0
11442,39618,1,2026-02-17,1,7,201,909,7,35755,1,0
11443,39618,1,2026-02-23,1,7,201,909,7,35756,1,0
11444,39620,1,2025-04-15,1,1,74,329,1,35759,1,0
11445,39621,1,2023-05-28,1,5,170,774,5,35760,1,0
11446,39622,1,2026-01-27,1,15,243,1098,15,35761,1,0
11447,39622,1,2026-01-19,1,15,243,1098,15,35762,1,0
11448,39622,1,2025-12-21,1,15,243,1098,15,35763,1,0
11449,39628,1,2025-07-12,1,14,240,1087,14,35768,1,0
11450,39628,1,2025-05-18,1,14,240,1087,14,35769,1,0
11451,39632,1,2023-10-19,1,19,260,1174,19,35771,1,0
11452,39632,1,2023-10-10,1,19,260,1174,19,35772,1,0
11453,39632,1,2023-10-22,1,19,260,1174,19,35773,1,0
11454,39633,1,2024-03-21,1,23,272,1222,23,35774,1,0
11455,39635,1,2026-01-10,1,1,80,353,1,35776,1,0
11456,39641,1,2025-03-25,1,26,283,1274,26,35787,1,0
11457,39644,1,2024-07-24,1,20,265,1192,20,35790,1,0
11458,39644,1,2024-05-17,1,20,265,1192,20,35791,1,0
11459,39647,1,2024-01-19,1,4,167,755,4,35792,1,0
11460,39647,1,2024-04-16,1,4,167,755,4,35793,1,0
11461,39663,1,2023-08-15,1,20,264,1189,20,35808,1,0
11462,39672,1,2026-06-19,1,7,191,868,7,35817,1,0
11463,39676,1,2024-01-05,1,1,76,338,1,35822,1,0
11464,39682,1,2025-07-15,1,2,133,604,2,35827,1,0
11465,39682,1,2025-08-25,1,2,133,604,2,35828,1,0
11466,39687,1,2024-07-03,1,10,220,997,10,35834,1,0
11467,39694,1,2025-09-22,1,5,179,809,5,35840,1,0
11468,39695,1,2025-06-16,1,1,82,362,1,35842,1,0
11469,39696,1,2026-06-30,1,17,255,1153,17,35844,1,0
11470,39699,1,2023-08-15,1,1,26,115,1,35845,1,0
11471,39705,1,2024-08-22,1,1,73,326,1,35851,1,0
11472,39705,1,2024-07-29,1,1,73,326,1,35852,1,0
11473,39706,1,2024-12-05,1,5,175,797,5,35853,1,0
11474,39719,1,2024-02-07,1,20,263,1185,20,35867,1,0
11475,39722,1,2025-11-10,1,29,292,1307,29,35870,1,0
11476,39725,1,2025-12-08,1,2,122,548,2,35871,1,0
11477,39725,1,2025-09-12,1,2,122,548,2,35872,1,0
11478,39728,1,2026-07-13,1,1,52,237,1,35877,1,0
11479,39733,1,2023-12-05,1,16,248,1120,16,35881,1,0
11480,39735,1,2023-08-13,1,1,79,351,1,35885,1,0
11481,39735,1,2023-08-09,1,1,79,351,1,35886,1,0
11482,39740,1,2024-02-16,1,1,95,417,1,35891,1,0
11483,39748,1,2024-08-02,1,4,154,700,4,35896,1,0
11484,39748,1,2024-08-09,1,4,154,700,4,35897,1,0
11485,39750,1,2025-02-07,1,26,282,1264,26,35898,1,0
11486,39759,1,2025-07-23,1,11,223,1010,11,35902,1,0
11487,39761,1,2023-04-24,1,7,199,899,7,35904,1,0
11488,39761,1,2023-05-01,1,7,199,899,7,35905,1,0
11489,39762,1,2024-12-26,1,1,78,342,1,35907,1,0
11490,39767,1,2023-11-15,1,7,194,878,7,35910,1,0
11491,39790,1,2026-03-27,1,1,111,500,1,35922,1,0
11492,39790,1,2026-05-07,1,1,111,500,1,35923,1,0
11493,39793,1,2023-10-16,1,1,104,466,1,35924,1,0
11494,39800,1,2023-11-26,1,4,154,697,4,35929,1,0
11495,39800,1,2023-11-24,1,4,154,697,4,35930,1,0
11496,39800,1,2023-11-04,1,4,154,697,4,35931,1,0
11497,39801,1,2025-09-18,1,21,268,1204,21,35932,1,0
11498,39816,1,2026-07-12,1,1,15,67,1,35946,1,0
11499,39817,1,2023-12-08,1,1,110,495,1,35947,1,0
11500,39819,1,2025-03-13,1,1,68,300,1,35950,1,0
11501,39819,1,2025-03-12,1,1,68,300,1,35951,1,0
11502,39819,1,2025-03-16,1,1,68,300,1,35952,1,0
11503,39837,1,2025-02-20,1,1,59,263,1,35968,1,0
11504,39847,1,2023-12-30,1,1,8,38,1,35978,1,0
11505,39851,1,2025-01-27,1,3,151,686,3,35980,1,0
11506,39851,1,2025-01-09,1,3,151,686,3,35981,1,0
11507,39860,1,2024-03-03,1,1,111,499,1,35986,1,0
11508,39875,1,2025-08-06,1,19,260,1174,19,35997,1,0
11509,39877,1,2025-10-23,1,24,276,1239,24,35998,1,0
11510,39878,1,2026-07-13,1,3,147,669,3,35999,1,0
11511,39888,1,2023-07-13,1,1,35,157,1,36005,1,0
11512,39896,1,2025-05-16,1,1,95,419,1,36014,1,0
11513,39903,1,2023-07-31,1,29,292,1305,29,36020,1,0
11514,39905,1,2024-12-07,1,2,126,569,2,36023,1,1
11515,39906,1,2024-02-24,1,6,189,859,6,36025,1,0
11516,39910,1,2026-03-19,1,1,39,171,1,36026,1,0
11517,39912,1,2023-11-03,1,1,48,215,1,36027,1,0
11518,39912,1,2023-08-11,1,1,48,215,1,36028,1,0
11519,39913,1,2026-07-13,1,1,44,195,1,36029,1,0
11520,39913,1,2026-07-13,1,1,44,195,1,36030,1,0
11521,39913,1,2026-06-28,1,1,44,195,1,36031,1,0
11522,39926,1,2024-10-10,1,3,146,662,3,36035,1,0
11523,39926,1,2024-08-26,1,3,146,662,3,36036,1,0
11524,39929,1,2023-10-18,1,5,181,820,5,36038,1,0
11525,39929,1,2023-10-14,1,5,181,820,5,36039,1,0
11526,39940,1,2023-08-17,1,3,136,614,3,36044,1,0
11527,39943,1,2025-11-17,1,19,261,1176,19,36046,1,0
11528,39943,1,2025-11-16,1,19,261,1176,19,36047,1,0
11529,39946,1,2024-06-11,1,8,207,935,8,36048,1,0
11530,39946,1,2024-08-03,1,8,207,935,8,36049,1,0
11531,39951,1,2023-08-12,1,10,221,1001,10,36056,1,0
11532,39954,1,2026-07-13,1,4,166,752,4,36059,1,0
11533,39957,1,2025-10-15,1,1,30,135,1,36063,1,0
11534,39958,1,2025-11-07,1,2,135,613,2,36064,1,0
11535,39960,1,2026-06-18,1,2,123,554,2,36067,1,0
11536,39977,1,2026-01-26,1,9,213,962,9,36076,1,0
11537,39982,1,2025-02-03,1,1,108,483,1,36079,1,0
11538,39987,1,2025-06-08,1,1,74,330,1,36082,1,0
11539,39993,1,2023-03-11,1,1,93,409,1,36092,1,0
11540,39997,1,2025-01-28,1,8,209,943,8,36096,1,0
11541,39998,1,2025-02-01,1,10,220,993,10,36097,1,0
11542,39998,1,2025-02-12,1,10,220,993,10,36098,1,0
11543,40008,1,2025-10-26,1,1,2,6,1,36118,1,0
11544,40023,1,2023-04-25,1,5,174,790,5,36139,1,0
11545,40024,1,2023-10-07,1,5,174,793,5,36140,1,0
11546,40025,1,2024-03-30,1,5,168,761,5,36141,1,0
11547,40120,1,2023-07-07,1,7,198,897,7,36145,1,0
11548,40125,1,2026-01-21,1,27,284,1276,27,36153,1,0
11549,40126,1,2026-06-23,1,27,286,1283,27,36155,1,0
11550,40128,1,2024-09-25,1,8,202,915,8,36158,1,0
11551,40129,1,2025-03-17,1,8,207,936,8,36160,1,0
11552,40131,1,2024-04-21,1,1,76,337,1,36164,1,0
11553,40132,1,2024-07-09,1,1,38,167,1,36165,1,0
11554,40134,1,2024-08-06,1,15,245,1107,15,36167,1,0
11555,40135,1,2025-01-07,1,15,246,1112,15,36168,1,0
11556,40136,1,2024-04-01,1,30,293,1312,30,36169,1,0
11557,40137,1,2024-10-13,1,30,293,1311,30,36171,1,0
11558,40138,1,2023-08-18,1,16,249,1123,16,36173,1,0
11559,40139,1,2024-02-24,1,16,250,1131,16,36174,1,0
11560,40141,1,2024-06-30,1,1,93,413,1,36177,1,0
11561,40142,1,2024-02-02,1,1,99,441,1,36178,1,0
11562,40143,1,2024-05-22,1,1,31,138,1,36179,1,0
11563,40145,1,2024-01-16,1,1,99,440,1,36181,1,0
11564,40146,1,2023-11-02,1,1,105,473,1,36182,1,0
11565,40151,1,2025-02-20,1,6,190,866,6,36187,1,0
11566,40152,1,2025-06-02,1,6,189,860,6,36188,1,0
11567,40153,1,2026-01-06,1,6,188,856,6,36189,1,0
11568,40155,1,2023-11-27,1,9,212,956,9,36192,1,0
11569,40156,1,2024-06-11,1,9,211,952,9,36194,1,0
11570,40157,1,2023-04-14,1,1,54,246,1,36195,1,0
11571,40158,1,2023-10-17,1,1,74,328,1,36197,1,0
11572,40160,1,2025-01-21,1,1,91,404,1,36201,1,0
11573,40161,1,2024-06-07,1,6,188,854,6,36203,1,0
11574,40163,1,2025-05-10,1,6,183,830,6,36205,1,0
11575,40166,1,2024-01-27,1,7,198,897,7,36208,1,0
11576,40169,1,2025-10-19,1,7,194,878,7,36212,1,0
11577,40172,1,2024-02-05,1,1,101,453,1,36216,1,0
11578,40173,1,2023-06-17,1,1,106,475,1,36217,1,0
11579,40174,1,2023-11-23,1,1,73,326,1,36218,1,0
11580,40175,1,2024-02-05,1,1,27,118,1,36220,1,0
11581,40177,1,2023-06-24,1,26,282,1265,26,36223,1,0
11582,40178,1,2023-10-29,1,26,281,1260,26,36224,1,0
11583,40179,1,2023-09-10,1,19,262,1181,19,36225,1,0
11584,40180,1,2023-11-24,1,19,261,1177,19,36227,1,0
11585,40181,1,2024-03-10,1,1,45,199,1,36228,1,0
11586,40184,1,2025-01-31,1,1,106,477,1,36231,1,0
11587,40186,1,2025-01-14,1,1,29,128,1,36233,1,0
11588,40189,1,2024-05-26,1,10,221,1001,10,36237,1,0
11589,40190,1,2024-07-17,1,4,158,718,4,36239,1,0
11590,40191,1,2024-10-16,1,4,164,740,4,36240,1,0
11591,40195,1,2024-08-08,1,20,265,1192,20,36244,1,0
11592,40196,1,2024-12-27,1,20,265,1193,20,36245,1,0
11593,40197,1,2023-11-17,1,30,293,1312,30,36246,1,0
11594,40198,1,2024-07-20,1,30,293,1312,30,36248,1,0
11595,40199,1,2024-11-03,1,30,293,1309,30,36250,1,0
11596,40201,1,2024-08-31,1,3,147,668,3,36253,1,0
11597,40205,1,2024-01-14,1,27,284,1275,27,36260,1,0
11598,40206,1,2024-07-28,1,27,286,1281,27,36261,1,0
11599,40208,1,2023-11-06,1,1,87,388,1,36263,1,0
11600,40212,1,2025-03-06,1,1,54,245,1,36267,1,0
11601,40213,1,2025-07-15,1,1,71,315,1,36268,1,0
11602,40218,1,2024-07-01,1,10,216,972,10,36274,1,0
11603,40219,1,2025-01-06,1,10,219,992,10,36275,1,0
11604,40220,1,2025-05-15,1,10,221,1001,10,36276,1,0
11605,40223,1,2024-12-13,1,18,257,1161,18,36281,1,0
11606,40225,1,2025-06-25,1,18,257,1162,18,36285,1,0
11607,40227,1,2024-03-01,1,9,212,955,9,36288,1,0
11608,40228,1,2024-07-27,1,9,215,969,9,36289,1,0
11609,40229,1,2024-11-22,1,9,214,967,9,36290,1,0
11610,40231,1,2023-09-07,1,1,3,13,1,36292,1,0
11611,40233,1,2024-04-28,1,1,69,307,1,36296,1,0
11612,40235,1,2024-06-30,1,1,69,303,1,36300,1,0
11613,40237,1,2025-06-11,1,1,34,150,1,36302,1,0
11614,40238,1,2024-04-29,1,1,31,137,1,36303,1,0
11615,40239,1,2024-11-17,1,1,109,492,1,36304,1,0
11616,40243,1,2025-03-24,1,1,35,157,1,36308,1,0
11617,40245,1,2024-09-22,1,1,44,193,1,36311,1,0
11618,40247,1,2024-09-14,1,10,218,983,10,36314,1,0
11619,40248,1,2023-10-10,1,1,37,165,1,36315,1,0
11620,40253,1,2024-07-09,1,1,5,19,1,36323,1,0
11621,40254,1,2024-11-01,1,1,97,430,1,36325,1,0
11622,40256,1,2024-06-27,1,8,205,928,8,36328,1,0
11623,40257,1,2024-11-13,1,8,206,932,8,36330,1,0
11624,40258,1,2025-01-13,1,8,208,940,8,36331,1,0
11625,40261,1,2024-05-30,1,1,67,296,1,36336,1,0
11626,40262,1,2023-07-30,1,6,184,833,6,36337,1,0
11627,40263,1,2024-01-31,1,6,189,861,6,36338,1,0
11628,40265,1,2024-04-08,1,1,72,319,1,36340,1,0
11629,40266,1,2024-06-29,1,1,4,16,1,36341,1,0
11630,40267,1,2024-12-12,1,1,56,251,1,36342,1,0
11631,40268,1,2025-05-02,1,1,107,482,1,36343,1,0
11632,40269,1,2025-07-17,1,1,111,496,1,36344,1,0
11633,40270,1,2024-05-27,1,3,140,636,3,36345,1,0
11634,40273,1,2023-10-26,1,4,163,735,4,36349,1,0
11635,40275,1,2024-02-28,1,1,29,129,1,36352,1,0
11636,40277,1,2025-04-28,1,1,47,209,1,36356,1,0
11637,40278,1,2026-01-17,1,1,108,483,1,36358,1,0
11638,40280,1,2023-10-03,1,1,97,430,1,36361,1,0
11639,40282,1,2024-10-21,1,1,88,391,1,36363,1,0
11640,40284,1,2023-09-22,1,12,230,1040,12,36365,1,0
11641,40286,1,2023-09-12,1,14,239,1081,14,36367,1,0
11642,40288,1,2024-06-24,1,14,241,1090,14,36369,1,0
11643,40291,1,2023-09-26,1,23,274,1231,23,36372,1,0
11644,40293,1,2024-07-06,1,23,274,1230,23,36374,1,0
11645,40300,1,2025-06-01,1,3,143,649,3,36381,1,0
11646,40301,1,2023-05-22,1,18,259,1170,18,36382,1,0
11647,40302,1,2023-09-26,1,18,257,1162,18,36383,1,0
11648,40304,1,2024-12-03,1,18,257,1160,18,36385,1,0
11649,40305,1,2024-04-01,1,4,160,722,4,36386,1,0
11650,40306,1,2024-07-22,1,4,154,698,4,36387,1,0
11651,40307,1,2024-05-20,1,1,96,423,1,36388,1,0
11652,40308,1,2024-07-27,1,1,63,282,1,36389,1,0
11653,40309,1,2024-04-16,1,3,145,657,3,36391,1,0
11654,40311,1,2025-08-20,1,3,153,693,3,36393,1,0
11655,40313,1,2023-08-04,1,5,173,787,5,36395,1,0
11656,40314,1,2024-01-17,1,5,180,814,5,36396,1,0
11657,40316,1,2025-05-01,1,5,170,770,5,36398,1,0
11658,40320,1,2024-08-11,1,9,211,953,9,36404,1,0
11659,40321,1,2025-03-12,1,9,210,948,9,36406,1,0
11660,40322,1,2025-08-26,1,9,210,949,9,36408,1,0
11661,40324,1,2024-06-29,1,29,290,1299,29,36410,1,0
11662,40325,1,2024-11-15,1,29,290,1299,29,36411,1,0
11663,40326,1,2023-10-20,1,1,30,133,1,36412,1,0
11664,40327,1,2024-02-22,1,1,112,505,1,36413,1,0
11665,40328,1,2023-11-20,1,3,138,628,3,36414,1,0
11666,40329,1,2024-05-22,1,3,136,616,3,36415,1,0
11667,40330,1,2024-09-13,1,3,145,655,3,36416,1,0
11668,40331,1,2023-05-06,1,1,24,103,1,36417,1,0
11669,40333,1,2023-08-20,1,2,124,560,2,36419,1,0
11670,40334,1,2023-11-03,1,2,123,556,2,36421,1,0
11671,40335,1,2023-09-27,1,25,279,1250,25,36423,1,0
11672,40339,1,2023-09-26,1,7,196,891,7,36430,1,0
11673,40341,1,2024-08-26,1,28,287,1288,28,36432,1,0
11674,40343,1,2024-02-29,1,4,166,750,4,36434,1,0
11675,40345,1,2024-11-11,1,4,157,712,4,36436,1,0
11676,40346,1,2025-02-20,1,4,166,752,4,36437,1,0
11677,40348,1,2025-01-29,1,1,103,459,1,36439,1,0
11678,40350,1,2023-06-16,1,14,240,1085,14,36441,1,0
11679,40354,1,2025-07-19,1,3,149,674,3,36445,1,0
11680,40358,1,2024-03-25,1,1,97,431,1,36449,1,0
11681,40360,1,2023-05-26,1,23,272,1222,23,36451,1,0
11682,40362,1,2024-03-02,1,8,208,940,8,36453,1,0
11683,40364,1,2023-07-24,1,1,23,99,1,36457,1,0
11684,40368,1,2024-02-25,1,7,197,895,7,36461,1,0
11685,40373,1,2025-05-01,1,20,263,1184,20,36466,1,0
11686,40375,1,2023-08-22,1,1,2,6,1,36468,1,0
11687,40378,1,2024-08-28,1,1,105,470,1,36472,1,0
11688,40380,1,2024-10-23,1,14,242,1093,14,36475,1,0
11689,40381,1,2025-04-18,1,14,238,1076,14,36476,1,0
11690,40382,1,2025-11-11,1,14,241,1088,14,36478,1,0
11691,40383,1,2023-08-25,1,7,198,897,7,36480,1,0
11692,40384,1,2023-11-25,1,7,198,898,7,36482,1,0
11693,40386,1,2025-03-06,1,7,191,870,7,36485,1,0
11694,40387,1,2025-08-07,1,7,199,900,7,36487,1,0
11695,40395,1,2024-08-11,1,7,192,874,7,36497,1,0
11696,40396,1,2024-04-11,1,1,61,274,1,36498,1,0
11697,40397,1,2024-10-29,1,1,65,290,1,36499,1,0
11698,40399,1,2024-01-08,1,14,239,1079,14,36501,1,0
11699,40400,1,2024-08-09,1,14,239,1079,14,36502,1,0
11700,40402,1,2023-09-27,1,1,107,478,1,36504,1,0
11701,40403,1,2024-02-12,1,1,41,183,1,36505,1,0
11702,40404,1,2024-06-29,1,1,81,360,1,36506,1,0
11703,40405,1,2023-09-13,1,9,215,968,9,36507,1,0
11704,40408,1,2024-10-19,1,9,214,966,9,36510,1,0
11705,40409,1,2025-06-05,1,9,213,962,9,36511,1,0
11706,40410,1,2023-09-27,1,26,283,1270,26,36512,1,0
11707,40415,1,2025-09-15,1,21,266,1197,21,36521,1,0
11708,40419,1,2024-02-06,1,17,254,1146,17,36528,1,0
11709,40420,1,2024-07-31,1,1,86,385,1,36529,1,0
11710,40422,1,2025-01-23,1,1,80,353,1,36531,1,0
11711,40426,1,2025-02-25,1,1,77,341,1,36535,1,0
11712,40428,1,2026-01-30,1,1,111,498,1,36537,1,0
11713,40440,1,2025-06-01,1,12,230,1041,12,36554,1,0
11714,40442,1,2023-11-20,1,1,20,89,1,36557,1,0
11715,40446,1,2024-11-19,1,3,136,618,3,36561,1,0
11716,40448,1,2024-06-15,1,1,86,381,1,36563,1,0
11717,40450,1,2023-11-21,1,5,176,800,5,36565,1,0
11718,40451,1,2024-06-18,1,6,185,838,6,36566,1,0
11719,40452,1,2024-11-21,1,6,190,862,6,36567,1,0
11720,40455,1,2023-10-22,1,16,251,1135,16,36570,1,0
11721,40456,1,2024-04-17,1,16,248,1121,16,36572,1,0
11722,40458,1,2024-02-26,1,1,73,324,1,36576,1,0
11723,40459,1,2024-08-29,1,1,115,520,1,36577,1,0
11724,40460,1,2024-09-03,1,1,93,411,1,36578,1,0
11725,40462,1,2024-06-07,1,1,58,260,1,36580,1,0
11726,40464,1,2023-12-17,1,5,173,786,5,36582,1,0
11727,40465,1,2024-06-23,1,5,171,779,5,36584,1,0
11728,40470,1,2024-04-06,1,6,187,852,6,36593,1,0
11729,40471,1,2024-06-18,1,6,189,861,6,36595,1,0
11730,40472,1,2025-02-12,1,6,183,831,6,36597,1,0
11731,40474,1,2024-04-23,1,8,202,914,8,36600,1,0
11732,40475,1,2023-12-14,1,1,34,151,1,36601,1,0
11733,40476,1,2024-06-14,1,1,99,442,1,36602,1,0
11734,40477,1,2025-02-22,1,1,100,448,1,36603,1,0
11735,40478,1,2025-08-18,1,1,120,542,1,36604,1,0
11736,40479,1,2026-03-04,1,1,56,252,1,36605,1,0
11737,40483,1,2024-01-05,1,15,245,1107,15,36611,1,0
11738,40485,1,2024-12-24,1,15,243,1098,15,36614,1,0
11739,40487,1,2024-06-05,1,1,96,428,1,36617,1,0
11740,40489,1,2024-12-26,1,1,87,386,1,36619,1,0
11741,40491,1,2024-05-12,1,1,25,111,1,36621,1,0
11742,40493,1,2023-06-08,1,1,111,500,1,36625,1,0
11743,40494,1,2024-01-02,1,1,101,450,1,36626,1,0
11744,40495,1,2024-07-30,1,1,98,434,1,36627,1,0
11745,40499,1,2024-03-19,1,1,81,356,1,36633,1,0
11746,40500,1,2024-04-20,1,5,176,798,5,36635,1,0
11747,40501,1,2024-09-04,1,5,170,770,5,36636,1,0
11748,40502,1,2024-11-21,1,5,176,798,5,36637,1,0
11749,40503,1,2025-05-12,1,5,176,801,5,36638,1,0
11750,40505,1,2025-03-16,1,11,226,1022,11,36640,1,0
11751,40506,1,2025-06-02,1,11,224,1017,11,36641,1,0
11752,40507,1,2025-08-15,1,11,224,1015,11,36642,1,0
11753,40509,1,2024-07-05,1,3,136,617,3,36644,1,0
11754,40510,1,2025-03-07,1,3,150,681,3,36646,1,0
11755,40514,1,2024-12-30,1,31,296,1326,31,36653,1,0
11756,40515,1,2024-05-23,1,23,274,1229,23,36655,1,0
11757,40516,1,2024-06-25,1,23,272,1222,23,36656,1,0
11758,40517,1,2024-12-29,1,23,273,1225,23,36657,1,0
11759,40518,1,2023-12-08,1,1,44,197,1,36658,1,0
11760,40522,1,2023-07-17,1,1,102,458,1,36664,1,0
11761,40523,1,2023-12-08,1,1,83,365,1,36665,1,0
11762,40524,1,2024-04-02,1,1,16,71,1,36666,1,0
11763,40525,1,2023-08-03,1,1,69,308,1,36667,1,0
11764,40526,1,2024-04-05,1,1,21,93,1,36669,1,0
11765,40528,1,2024-05-20,1,9,215,969,9,36673,1,0
11766,40529,1,2024-10-10,1,9,211,952,9,36675,1,0
11767,40530,1,2025-05-21,1,9,212,956,9,36677,1,0
11768,40534,1,2024-05-12,1,1,90,400,1,36682,1,0
11769,40535,1,2024-07-26,1,1,103,460,1,36683,1,0
11770,40536,1,2024-12-11,1,1,65,291,1,36684,1,0
11771,40537,1,2025-08-05,1,1,75,334,1,36685,1,0
11772,40540,1,2024-06-24,1,2,128,582,2,36689,1,0
11773,40542,1,2024-07-30,1,1,71,314,1,36692,1,0
11774,40544,1,2024-01-25,1,4,163,737,4,36695,1,0
11775,40551,1,2025-10-19,1,1,49,221,1,36702,1,0
11776,40552,1,2026-03-11,1,1,53,241,1,36703,1,0
11777,40554,1,2024-09-24,1,1,44,197,1,36705,1,0
11778,40561,1,2023-11-09,1,4,157,714,4,36712,1,0
11779,40564,1,2024-07-05,1,1,19,85,1,36716,1,0
11780,40565,1,2025-01-10,1,1,113,511,1,36717,1,0
11781,40566,1,2025-04-28,1,1,56,253,1,36719,1,0
11782,40569,1,2024-01-20,1,12,229,1035,12,36725,1,0
11783,40572,1,2024-06-14,1,2,127,577,2,36729,1,0
11784,40573,1,2025-02-10,1,2,128,580,2,36730,1,0
11785,40575,1,2024-09-11,1,20,265,1190,20,36732,1,0
11786,40576,1,2025-01-15,1,20,264,1189,20,36733,1,0
11787,40579,1,2024-03-25,1,1,60,268,1,36736,1,0
11788,40580,1,2024-08-11,1,1,83,368,1,36737,1,0
11789,40582,1,2023-10-21,1,5,178,806,5,36739,1,0
11790,40583,1,2024-01-09,1,5,172,784,5,36741,1,0
11791,40585,1,2024-07-30,1,2,126,568,2,36745,1,0
11792,40586,1,2025-02-22,1,2,127,577,2,36747,1,0
11793,40589,1,2024-10-10,1,14,242,1093,14,36751,1,0
11794,40590,1,2025-06-28,1,14,240,1083,14,36752,1,0
11795,40592,1,2023-04-23,1,8,204,923,8,36754,1,0
11796,40593,1,2023-12-26,1,8,204,924,8,36756,1,0
11797,40594,1,2024-07-12,1,8,207,937,8,36758,1,0
11798,40595,1,2024-03-04,1,9,212,956,9,36760,1,0
11799,40597,1,2025-01-14,1,9,212,954,9,36762,1,0
11800,40598,1,2024-03-10,1,31,297,1329,31,36763,1,0
11801,40599,1,2024-09-02,1,31,298,1333,31,36764,1,0
11802,40601,1,2024-02-07,1,1,58,259,1,36766,1,0
11803,40602,1,2024-09-26,1,1,62,279,1,36767,1,0
11804,40603,1,2023-08-03,1,1,50,228,1,36768,1,0
11805,40605,1,2024-08-24,1,1,74,330,1,36770,1,0
11806,40606,1,2025-05-09,1,1,32,140,1,36772,1,0
11807,40607,1,2023-11-17,1,6,187,849,6,36774,1,0
11808,40608,1,2024-01-17,1,6,184,837,6,36775,1,0
11809,40610,1,2024-05-14,1,30,293,1310,30,36777,1,0
11810,40611,1,2024-10-09,1,30,294,1317,30,36778,1,0
11811,40612,1,2025-01-28,1,30,295,1323,30,36779,1,0
11812,40613,1,2025-09-26,1,30,293,1310,30,36780,1,0
11813,40614,1,2025-12-27,1,30,295,1321,30,36781,1,0
11814,40618,1,2025-02-19,1,1,42,186,1,36785,1,0
11815,40619,1,2023-10-22,1,1,60,266,1,36786,1,0
11816,40623,1,2025-05-06,1,1,43,188,1,36790,1,0
11817,40625,1,2024-03-28,1,1,102,456,1,36793,1,0
11818,40629,1,2024-03-31,1,3,137,623,3,36800,1,0
11819,40630,1,2024-04-06,1,1,79,352,1,36802,1,0
11820,40631,1,2024-12-15,1,1,3,9,1,36803,1,0
11821,40634,1,2024-03-03,1,31,296,1325,31,36807,1,0
11822,40635,1,2024-02-21,1,1,46,206,1,36809,1,0
11823,40636,1,2024-07-19,1,1,72,320,1,36810,1,0
11824,40639,1,2025-06-18,1,1,107,480,1,36813,1,0
11825,40642,1,2024-10-09,1,2,123,552,2,36818,1,0
11826,40643,1,2025-05-24,1,2,134,606,2,36819,1,0
11827,40645,1,2024-06-25,1,1,1,2,1,36822,1,0
11828,40649,1,2025-09-02,1,1,32,142,1,36828,1,0
11829,40654,1,2023-09-25,1,2,121,543,2,36834,1,0
11830,40655,1,2024-02-26,1,2,134,608,2,36835,1,0
11831,40657,1,2024-11-28,1,2,133,603,2,36837,1,0
11832,40658,1,2025-04-13,1,2,123,556,2,36838,1,0
11833,40659,1,2024-01-17,1,5,168,763,5,36839,1,0
11834,40660,1,2024-07-19,1,5,181,821,5,36840,1,0
11835,40661,1,2025-02-20,1,5,169,766,5,36841,1,0
11836,40665,1,2024-12-10,1,1,85,378,1,36845,1,0
11837,40666,1,2025-05-11,1,1,19,84,1,36846,1,0
11838,40667,1,2024-03-19,1,3,147,669,3,36847,1,0
11839,40668,1,2024-08-06,1,3,143,650,3,36849,1,0
11840,40670,1,2025-08-26,1,3,136,616,3,36853,1,0
11841,40673,1,2024-03-10,1,25,278,1248,25,36856,1,0
11842,40675,1,2024-06-20,1,24,275,1232,24,36858,1,0
11843,40676,1,2025-03-07,1,24,276,1239,24,36859,1,0
11844,40677,1,2025-05-11,1,24,275,1233,24,36860,1,0
11845,40678,1,2024-01-31,1,1,115,517,1,36861,1,0
11846,40679,1,2024-07-30,1,1,113,511,1,36862,1,0
11847,40680,1,2024-03-16,1,28,289,1295,28,36863,1,0
11848,40682,1,2025-02-18,1,28,287,1284,28,36867,1,0
11849,40683,1,2024-05-25,1,4,162,731,4,36868,1,0
11850,40684,1,2025-01-19,1,4,161,729,4,36869,1,0
11851,40687,1,2023-10-18,1,1,25,111,1,36872,1,0
11852,40688,1,2024-06-27,1,1,61,270,1,36873,1,0
11853,40690,1,2024-01-18,1,1,99,443,1,36875,1,0
11854,40691,1,2024-10-21,1,1,55,248,1,36876,1,0
11855,40694,1,2026-05-08,1,1,18,77,1,36879,1,0
11856,40695,1,2023-06-13,1,1,50,226,1,36880,1,0
11857,40696,1,2024-02-15,1,1,8,36,1,36881,1,0
11858,40697,1,2024-05-15,1,1,112,505,1,36882,1,0
11859,40699,1,2025-03-26,1,1,111,496,1,36884,1,0
11860,40701,1,2026-06-24,1,1,8,35,1,36886,1,0
11861,40702,1,2023-05-03,1,1,96,423,1,36887,1,0
11862,40704,1,2023-10-30,1,12,232,1051,12,36889,1,0
11863,40705,1,2024-01-29,1,12,229,1039,12,36891,1,0
11864,40710,1,2025-08-14,1,9,212,957,9,36896,1,0
11865,40713,1,2025-01-23,1,1,56,252,1,36899,1,0
11866,40715,1,2025-01-09,1,1,78,343,1,36901,1,0
11867,40718,1,2025-07-03,1,1,3,10,1,36906,1,0
11868,40720,1,2026-01-24,1,1,103,461,1,36910,1,0
11869,40721,1,2024-04-15,1,20,265,1193,20,36912,1,0
11870,40723,1,2023-09-14,1,3,152,690,3,36914,1,0
11871,40725,1,2024-08-19,1,3,152,689,3,36917,1,0
11872,40726,1,2024-03-18,1,21,267,1199,21,36919,1,0
11873,40728,1,2024-01-16,1,31,297,1329,31,36921,1,0
11874,40729,1,2024-08-13,1,31,297,1328,31,36923,1,0
11875,40730,1,2024-04-11,1,1,19,82,1,36924,1,0
11876,40731,1,2024-11-23,1,1,92,405,1,36925,1,0
11877,40732,1,2025-05-28,1,1,88,392,1,36926,1,0
11878,40733,1,2025-09-20,1,1,109,487,1,36927,1,0
11879,40735,1,2024-11-09,1,1,35,158,1,36929,1,0
11880,40736,1,2025-05-26,1,1,80,355,1,36930,1,0
11881,40741,1,2024-10-17,1,31,296,1325,31,36935,1,0
11882,40745,1,2023-06-22,1,1,104,465,1,36939,1,0
11883,40746,1,2023-11-24,1,1,10,48,1,36941,1,0
11884,40750,1,2023-06-11,1,1,16,71,1,36948,1,0
11885,40753,1,2024-09-30,1,1,60,265,1,36951,1,0
11886,40755,1,2024-01-19,1,1,26,114,1,36953,1,0
11887,40756,1,2023-07-30,1,4,165,745,4,36954,1,0
11888,40759,1,2024-01-22,1,15,246,1113,15,36958,1,0
11889,40760,1,2024-01-30,1,31,296,1327,31,36960,1,0
11890,40762,1,2023-04-16,1,3,149,673,3,36962,1,0
11891,40763,1,2023-09-28,1,3,146,660,3,36964,1,0
11892,40765,1,2024-10-09,1,3,138,625,3,36968,1,0
11893,40767,1,2024-04-24,1,1,81,360,1,36970,1,0
11894,40768,1,2024-07-24,1,1,94,414,1,36971,1,0
11895,40769,1,2023-04-30,1,1,6,25,1,36972,1,0
11896,40770,1,2023-09-15,1,1,118,532,1,36973,1,0
11897,40771,1,2024-04-09,1,1,90,398,1,36974,1,0
11898,40772,1,2023-11-24,1,5,171,779,5,36975,1,0
11899,40773,1,2024-07-24,1,5,181,820,5,36976,1,0
11900,40775,1,2025-03-08,1,5,168,760,5,36978,1,0
11901,40779,1,2024-11-14,1,17,253,1144,17,36982,1,0
11902,40782,1,2024-07-03,1,1,10,47,1,36985,1,0
11903,40783,1,2024-09-16,1,1,101,453,1,36986,1,0
11904,40785,1,2024-06-18,1,5,168,764,5,36988,1,0
11905,40786,1,2023-09-12,1,1,50,227,1,36989,1,0
11906,40788,1,2024-03-14,1,1,7,31,1,36991,1,0
11907,40789,1,2024-06-12,1,1,94,415,1,36992,1,0
11908,40790,1,2025-01-29,1,1,108,484,1,36993,1,0
11909,40793,1,2024-02-08,1,11,224,1012,11,36996,1,0
11910,40796,1,2024-11-04,1,1,117,525,1,36999,1,0
11911,40798,1,2024-01-21,1,22,270,1211,22,37001,1,0
11912,40799,1,2024-02-01,1,5,169,769,5,37002,1,0
11913,40801,1,2023-10-25,1,25,279,1251,25,37005,1,0
11914,40802,1,2024-06-23,1,25,279,1252,25,37006,1,0
11915,40803,1,2023-10-04,1,1,70,310,1,37008,1,0
11916,40805,1,2024-08-22,1,1,26,113,1,37010,1,0
11917,40808,1,2024-05-24,1,1,12,53,1,37014,1,0
11918,40810,1,2024-09-30,1,5,172,784,5,37018,1,0
11919,40811,1,2025-04-03,1,5,174,794,5,37020,1,0
11920,40813,1,2024-02-05,1,14,238,1076,14,37023,1,0
11921,40816,1,2024-09-23,1,5,177,802,5,37026,1,0
11922,40817,1,2024-12-14,1,5,179,813,5,37027,1,0
11923,40819,1,2024-12-04,1,1,18,78,1,37030,1,0
11924,40821,1,2025-08-03,1,1,88,390,1,37034,1,0
11925,40823,1,2024-02-03,1,1,58,258,1,37037,1,0
11926,40824,1,2024-10-04,1,1,83,369,1,37038,1,0
11927,40826,1,2024-01-16,1,11,226,1022,11,37042,1,0
11928,40828,1,2025-05-12,1,11,225,1020,11,37045,1,0
11929,40831,1,2024-12-29,1,1,37,165,1,37050,1,0
11930,40832,1,2025-09-04,1,1,26,112,1,37052,1,0
11931,40833,1,2026-03-20,1,1,62,278,1,37054,1,0
11932,40834,1,2023-05-19,1,1,100,448,1,37055,1,0
11933,40836,1,2024-03-08,1,1,107,482,1,37057,1,0
11934,40839,1,2023-10-09,1,1,70,309,1,37062,1,0
11935,40840,1,2024-06-09,1,1,2,7,1,37063,1,0
11936,40841,1,2023-09-29,1,1,117,527,1,37064,1,0
11937,40843,1,2024-06-27,1,1,113,507,1,37067,1,0
11938,40844,1,2024-03-27,1,1,77,340,1,37069,1,0
11939,40845,1,2024-07-03,1,1,102,455,1,37070,1,0
11940,40846,1,2025-02-15,1,1,32,141,1,37071,1,0
11941,40847,1,2025-07-22,1,1,33,147,1,37072,1,0
11942,40850,1,2025-05-28,1,23,273,1227,23,37075,1,0
11943,40852,1,2024-03-09,1,1,112,502,1,37077,1,0
11944,40853,1,2024-08-11,1,1,107,478,1,37079,1,0
11945,40855,1,2025-08-19,1,1,37,163,1,37082,1,0
11946,40858,1,2024-04-03,1,28,287,1287,28,37086,1,0
11947,40859,1,2024-12-25,1,28,287,1288,28,37087,1,0
11948,40862,1,2024-05-20,1,1,51,231,1,37090,1,0
11949,40864,1,2024-09-17,1,1,1,3,1,37092,1,0
11950,40865,1,2025-05-12,1,1,19,83,1,37093,1,0
11951,40866,1,2025-10-11,1,1,87,386,1,37094,1,0
