CSID,CaseMasterID,csdate,cstype,PolicePersonID
1,2,2026-02-16 00:00:00,A,5
2,3,2026-03-26 00:00:00,A,307
3,8,2024-04-17 00:00:00,B,1093
4,11,2026-05-29 00:00:00,C,215
5,14,2026-02-26 00:00:00,B,1119
6,15,2026-01-28 00:00:00,A,871
7,17,2023-09-03 00:00:00,A,729
8,22,2026-07-13 00:00:00,C,995
9,23,2025-07-13 00:00:00,C,203
10,25,2026-07-13 00:00:00,C,857
11,26,2026-07-10 00:00:00,A,1329
12,27,2026-07-13 00:00:00,C,1225
13,29,2024-08-02 00:00:00,A,1046
14,30,2025-06-21 00:00:00,A,1209
15,31,2024-02-27 00:00:00,A,1002
16,32,2025-08-12 00:00:00,A,201
17,33,2023-05-25 00:00:00,A,1213
18,35,2025-02-21 00:00:00,A,1032
19,37,2025-01-07 00:00:00,A,676
20,38,2025-09-28 00:00:00,A,649
21,40,2024-05-17 00:00:00,A,1187
22,42,2026-04-30 00:00:00,A,296
23,46,2023-10-03 00:00:00,A,963
24,48,2025-07-08 00:00:00,A,532
25,49,2026-04-20 00:00:00,A,14
26,51,2024-08-05 00:00:00,A,397
27,52,2024-01-22 00:00:00,A,525
28,53,2025-08-21 00:00:00,A,602
29,54,2025-08-05 00:00:00,A,980
30,55,2023-05-18 00:00:00,C,485
31,57,2025-10-12 00:00:00,A,247
32,61,2025-01-25 00:00:00,A,1011
33,62,2024-03-28 00:00:00,C,940
34,63,2024-11-25 00:00:00,B,951
35,66,2026-05-31 00:00:00,C,554
36,67,2025-11-17 00:00:00,C,867
37,69,2026-01-21 00:00:00,A,530
38,70,2025-12-10 00:00:00,A,810
39,71,2024-08-19 00:00:00,A,736
40,72,2025-08-01 00:00:00,B,59
41,73,2026-03-31 00:00:00,A,1303
42,77,2026-03-19 00:00:00,A,62
43,83,2025-01-04 00:00:00,B,595
44,84,2024-05-10 00:00:00,A,632
45,85,2024-11-29 00:00:00,C,104
46,88,2023-07-31 00:00:00,A,851
47,90,2025-12-09 00:00:00,C,336
48,91,2026-03-13 00:00:00,C,155
49,92,2025-11-11 00:00:00,A,563
50,93,2023-08-31 00:00:00,C,475
51,94,2026-05-10 00:00:00,C,1198
52,96,2025-11-16 00:00:00,A,11
53,99,2024-04-01 00:00:00,A,526
54,101,2025-11-09 00:00:00,A,793
55,104,2024-07-18 00:00:00,B,450
56,105,2023-12-23 00:00:00,A,170
57,107,2025-12-18 00:00:00,A,812
58,108,2025-07-03 00:00:00,A,181
59,109,2024-05-26 00:00:00,A,1287
60,110,2026-03-21 00:00:00,A,1035
61,112,2026-07-13 00:00:00,A,286
62,113,2026-04-05 00:00:00,A,287
63,116,2023-08-04 00:00:00,A,1135
64,117,2023-06-06 00:00:00,A,1299
65,118,2025-09-02 00:00:00,A,711
66,120,2026-04-01 00:00:00,A,195
67,121,2025-04-19 00:00:00,A,790
68,122,2023-09-06 00:00:00,B,604
69,123,2024-12-20 00:00:00,A,1077
70,124,2024-12-15 00:00:00,A,161
71,132,2025-01-06 00:00:00,A,1296
72,135,2024-12-29 00:00:00,A,239
73,137,2026-06-28 00:00:00,C,502
74,138,2026-07-13 00:00:00,A,183
75,141,2026-05-08 00:00:00,A,502
76,142,2024-04-01 00:00:00,C,326
77,143,2026-07-13 00:00:00,C,976
78,144,2026-07-13 00:00:00,A,96
79,145,2023-04-25 00:00:00,A,866
80,146,2023-11-06 00:00:00,C,272
81,147,2024-05-08 00:00:00,A,585
82,149,2024-08-25 00:00:00,A,650
83,150,2026-06-30 00:00:00,A,336
84,151,2026-07-13 00:00:00,A,89
85,153,2026-05-09 00:00:00,A,1211
86,154,2026-07-13 00:00:00,A,1221
87,155,2023-12-19 00:00:00,A,739
88,157,2024-02-04 00:00:00,C,124
89,167,2025-08-17 00:00:00,A,497
90,168,2026-02-08 00:00:00,A,1112
91,170,2026-07-13 00:00:00,C,483
92,174,2024-05-25 00:00:00,A,301
93,175,2025-04-08 00:00:00,A,742
94,178,2025-03-25 00:00:00,A,469
95,181,2025-10-01 00:00:00,A,986
96,182,2023-07-14 00:00:00,A,379
97,185,2023-06-24 00:00:00,A,575
98,187,2025-02-20 00:00:00,C,721
99,189,2024-10-03 00:00:00,A,223
100,193,2025-09-12 00:00:00,A,139
101,194,2023-10-23 00:00:00,A,1295
102,196,2025-02-03 00:00:00,A,1307
103,198,2023-11-21 00:00:00,A,1168
104,200,2025-10-25 00:00:00,A,627
105,202,2024-03-16 00:00:00,C,249
106,203,2026-05-25 00:00:00,C,411
107,204,2024-11-23 00:00:00,C,895
108,206,2026-01-19 00:00:00,A,1291
109,207,2025-01-07 00:00:00,A,898
110,209,2025-09-20 00:00:00,A,1211
111,210,2025-12-26 00:00:00,A,803
112,211,2024-01-19 00:00:00,C,1006
113,212,2025-10-08 00:00:00,C,714
114,213,2026-04-07 00:00:00,A,356
115,214,2023-12-08 00:00:00,C,79
116,215,2023-03-30 00:00:00,A,803
117,216,2025-11-26 00:00:00,C,267
118,217,2024-05-20 00:00:00,C,402
119,220,2025-04-02 00:00:00,A,391
120,221,2025-03-16 00:00:00,A,942
121,222,2026-03-21 00:00:00,A,268
122,223,2026-07-13 00:00:00,A,623
123,224,2023-08-22 00:00:00,A,530
124,228,2023-12-11 00:00:00,A,961
125,229,2026-07-13 00:00:00,A,1025
126,230,2023-08-09 00:00:00,A,980
127,232,2024-02-11 00:00:00,A,1277
128,233,2025-04-17 00:00:00,C,1135
129,234,2024-05-19 00:00:00,C,922
130,235,2024-03-27 00:00:00,B,842
131,241,2026-07-13 00:00:00,A,68
132,242,2025-07-10 00:00:00,A,1247
133,243,2025-10-02 00:00:00,C,507
134,245,2026-02-20 00:00:00,C,300
135,250,2025-05-07 00:00:00,A,989
136,252,2025-05-28 00:00:00,A,1175
137,253,2023-12-28 00:00:00,A,746
138,256,2024-07-10 00:00:00,C,321
139,257,2025-07-02 00:00:00,A,920
140,258,2023-07-03 00:00:00,C,561
141,260,2023-09-04 00:00:00,A,301
142,261,2025-07-02 00:00:00,A,566
143,264,2024-12-04 00:00:00,C,501
144,265,2023-11-17 00:00:00,A,20
145,266,2025-09-23 00:00:00,A,53
146,269,2024-07-05 00:00:00,B,1036
147,270,2024-12-05 00:00:00,C,995
148,273,2026-07-13 00:00:00,C,1319
149,276,2024-05-27 00:00:00,C,850
150,277,2025-11-06 00:00:00,C,325
151,279,2024-09-12 00:00:00,A,454
152,280,2024-10-24 00:00:00,C,83
153,282,2026-01-06 00:00:00,C,30
154,283,2026-07-09 00:00:00,A,416
155,285,2024-05-28 00:00:00,A,250
156,286,2025-07-13 00:00:00,A,663
157,290,2026-07-13 00:00:00,A,593
158,291,2023-05-03 00:00:00,A,345
159,292,2026-07-13 00:00:00,C,651
160,295,2023-05-23 00:00:00,A,346
161,299,2025-12-27 00:00:00,C,164
162,302,2024-06-04 00:00:00,A,269
163,303,2025-11-13 00:00:00,A,575
164,306,2025-09-10 00:00:00,B,769
165,308,2023-09-15 00:00:00,B,28
166,309,2023-07-31 00:00:00,A,393
167,311,2023-12-16 00:00:00,A,1167
168,312,2024-01-20 00:00:00,B,1129
169,313,2025-12-29 00:00:00,A,448
170,314,2023-10-27 00:00:00,A,297
171,315,2024-12-24 00:00:00,A,1128
172,317,2025-09-01 00:00:00,A,92
173,319,2023-07-12 00:00:00,C,275
174,321,2024-01-05 00:00:00,A,895
175,322,2024-07-14 00:00:00,A,1287
176,324,2025-09-16 00:00:00,A,965
177,326,2024-03-03 00:00:00,C,868
178,327,2026-07-13 00:00:00,C,407
179,328,2024-10-17 00:00:00,A,1312
180,329,2024-01-20 00:00:00,A,542
181,331,2024-01-06 00:00:00,A,390
182,332,2025-08-10 00:00:00,A,687
183,333,2025-12-12 00:00:00,C,921
184,335,2025-09-11 00:00:00,A,456
185,337,2025-02-22 00:00:00,A,1049
186,339,2024-03-21 00:00:00,B,1109
187,340,2025-01-08 00:00:00,C,102
188,341,2025-02-03 00:00:00,A,161
189,343,2025-03-10 00:00:00,C,946
190,344,2026-03-02 00:00:00,A,345
191,345,2026-06-28 00:00:00,A,373
192,347,2024-12-06 00:00:00,C,545
193,349,2024-03-21 00:00:00,A,1145
194,351,2025-08-26 00:00:00,A,1123
195,352,2025-02-14 00:00:00,A,829
196,353,2024-07-22 00:00:00,C,1155
197,355,2024-11-22 00:00:00,C,1042
198,356,2023-12-16 00:00:00,A,548
199,362,2026-07-13 00:00:00,A,548
200,363,2024-07-14 00:00:00,A,178
201,365,2026-07-13 00:00:00,A,240
202,367,2025-09-20 00:00:00,A,531
203,368,2024-01-17 00:00:00,A,86
204,371,2024-07-19 00:00:00,A,1144
205,372,2026-07-13 00:00:00,A,166
206,373,2025-09-12 00:00:00,A,951
207,375,2026-07-13 00:00:00,A,973
208,376,2025-07-15 00:00:00,A,1136
209,378,2025-07-12 00:00:00,A,728
210,379,2023-09-09 00:00:00,C,456
211,382,2024-05-04 00:00:00,A,1143
212,384,2026-05-25 00:00:00,A,88
213,385,2026-06-14 00:00:00,A,903
214,387,2024-03-25 00:00:00,A,957
215,389,2024-02-22 00:00:00,C,337
216,390,2025-12-20 00:00:00,A,1034
217,391,2023-10-09 00:00:00,A,1007
218,392,2023-07-31 00:00:00,A,195
219,393,2023-11-19 00:00:00,A,133
220,394,2024-11-30 00:00:00,A,304
221,395,2024-12-02 00:00:00,B,446
222,397,2023-10-05 00:00:00,A,979
223,399,2024-03-09 00:00:00,A,305
224,400,2026-04-22 00:00:00,A,367
225,401,2026-04-19 00:00:00,A,883
226,402,2025-06-08 00:00:00,C,201
227,403,2026-07-13 00:00:00,A,780
228,404,2025-05-07 00:00:00,A,145
229,406,2023-08-19 00:00:00,A,181
230,407,2024-12-08 00:00:00,A,52
231,408,2023-06-11 00:00:00,C,1036
232,410,2023-05-21 00:00:00,A,441
233,412,2026-03-19 00:00:00,C,1132
234,415,2024-11-22 00:00:00,A,289
235,417,2025-02-12 00:00:00,C,342
236,419,2023-05-31 00:00:00,A,344
237,420,2026-07-13 00:00:00,A,660
238,422,2025-06-21 00:00:00,A,137
239,423,2023-07-28 00:00:00,A,1283
240,424,2025-12-21 00:00:00,A,630
241,425,2026-04-05 00:00:00,A,523
242,426,2023-06-25 00:00:00,A,745
243,428,2026-07-13 00:00:00,A,865
244,429,2025-09-14 00:00:00,C,960
245,430,2023-09-15 00:00:00,B,805
246,431,2023-09-02 00:00:00,A,1291
247,432,2025-04-20 00:00:00,A,760
248,434,2024-07-17 00:00:00,A,1304
249,435,2024-10-18 00:00:00,A,994
250,436,2025-04-01 00:00:00,A,969
251,439,2026-05-21 00:00:00,A,1171
252,445,2023-11-15 00:00:00,A,604
253,450,2025-01-06 00:00:00,A,1314
254,451,2026-07-13 00:00:00,A,47
255,452,2025-02-20 00:00:00,A,533
256,453,2024-10-13 00:00:00,C,94
257,454,2023-11-17 00:00:00,C,970
258,455,2025-01-10 00:00:00,A,41
259,456,2026-07-13 00:00:00,A,677
260,457,2025-04-16 00:00:00,A,545
261,460,2024-06-07 00:00:00,A,1023
262,461,2023-09-01 00:00:00,A,13
263,463,2025-05-31 00:00:00,C,1310
264,464,2026-02-15 00:00:00,B,956
265,468,2025-03-05 00:00:00,A,1135
266,470,2025-02-15 00:00:00,A,1168
267,471,2024-04-12 00:00:00,A,95
268,473,2026-07-13 00:00:00,C,824
269,476,2026-06-27 00:00:00,A,506
270,477,2026-07-13 00:00:00,A,11
271,478,2024-06-10 00:00:00,A,788
272,480,2025-06-11 00:00:00,C,298
273,482,2023-10-13 00:00:00,C,1143
274,483,2026-03-29 00:00:00,A,1247
275,484,2023-10-29 00:00:00,A,143
276,485,2025-08-12 00:00:00,A,1310
277,486,2026-07-13 00:00:00,A,640
278,489,2024-03-18 00:00:00,C,618
279,490,2023-05-04 00:00:00,A,788
280,491,2025-04-25 00:00:00,C,858
281,492,2025-07-14 00:00:00,A,1330
282,493,2024-11-10 00:00:00,A,400
283,494,2026-02-12 00:00:00,A,542
284,496,2023-11-16 00:00:00,A,15
285,497,2025-02-07 00:00:00,A,670
286,498,2024-03-21 00:00:00,A,1317
287,500,2023-11-28 00:00:00,A,838
288,501,2025-11-05 00:00:00,B,465
289,503,2024-07-19 00:00:00,A,160
290,505,2024-06-26 00:00:00,A,1228
291,509,2023-08-27 00:00:00,B,795
292,512,2025-02-22 00:00:00,C,1261
293,517,2025-11-07 00:00:00,A,84
294,518,2026-04-07 00:00:00,A,256
295,519,2025-10-06 00:00:00,C,847
296,520,2026-05-25 00:00:00,B,935
297,522,2026-02-02 00:00:00,A,265
298,523,2025-11-13 00:00:00,A,1077
299,526,2025-01-18 00:00:00,A,449
300,532,2026-05-03 00:00:00,A,1033
301,533,2026-07-13 00:00:00,A,1312
302,534,2024-03-20 00:00:00,A,385
303,535,2026-01-26 00:00:00,C,496
304,537,2025-04-01 00:00:00,A,208
305,539,2024-12-21 00:00:00,A,677
306,541,2025-06-12 00:00:00,A,1277
307,542,2024-05-09 00:00:00,C,311
308,546,2025-03-03 00:00:00,A,777
309,547,2025-07-28 00:00:00,A,765
310,548,2024-06-07 00:00:00,A,657
311,549,2024-03-24 00:00:00,A,285
312,550,2025-08-12 00:00:00,A,621
313,554,2024-07-21 00:00:00,A,944
314,555,2024-04-21 00:00:00,A,377
315,558,2026-07-07 00:00:00,B,968
316,559,2025-12-29 00:00:00,A,264
317,560,2025-11-15 00:00:00,B,595
318,561,2025-05-29 00:00:00,A,399
319,563,2026-05-08 00:00:00,A,480
320,564,2026-07-13 00:00:00,A,882
321,565,2023-06-25 00:00:00,A,113
322,566,2024-01-08 00:00:00,C,689
323,567,2024-02-16 00:00:00,C,167
324,568,2025-04-01 00:00:00,C,1295
325,572,2025-08-25 00:00:00,A,174
326,573,2024-01-01 00:00:00,A,652
327,575,2024-08-09 00:00:00,A,337
328,577,2025-04-23 00:00:00,A,994
329,579,2026-02-11 00:00:00,C,667
330,580,2026-07-13 00:00:00,A,423
331,582,2026-05-15 00:00:00,A,1035
332,584,2024-06-21 00:00:00,A,232
333,585,2024-02-21 00:00:00,A,908
334,586,2026-03-02 00:00:00,A,462
335,587,2024-01-31 00:00:00,C,196
336,588,2024-07-03 00:00:00,A,1026
337,589,2024-01-25 00:00:00,A,316
338,590,2024-03-04 00:00:00,B,942
339,591,2026-06-11 00:00:00,C,286
340,594,2025-12-31 00:00:00,C,964
341,596,2024-12-30 00:00:00,A,637
342,601,2024-05-28 00:00:00,C,927
343,605,2025-02-21 00:00:00,A,924
344,606,2026-07-13 00:00:00,A,1249
345,607,2026-01-12 00:00:00,A,258
346,608,2026-07-13 00:00:00,A,605
347,609,2025-04-18 00:00:00,A,1207
348,610,2023-05-05 00:00:00,A,711
349,611,2025-06-05 00:00:00,A,1184
350,612,2025-01-11 00:00:00,C,861
351,614,2024-08-13 00:00:00,A,702
352,616,2026-07-13 00:00:00,A,1330
353,619,2026-07-13 00:00:00,A,1211
354,627,2025-10-24 00:00:00,A,1065
355,629,2025-03-23 00:00:00,A,408
356,630,2025-06-18 00:00:00,A,890
357,631,2023-09-16 00:00:00,A,365
358,633,2024-11-20 00:00:00,B,541
359,635,2025-09-30 00:00:00,A,302
360,636,2025-01-17 00:00:00,A,739
361,638,2026-06-11 00:00:00,B,714
362,639,2023-07-24 00:00:00,B,1151
363,641,2026-07-13 00:00:00,B,874
364,647,2024-10-08 00:00:00,A,638
365,650,2023-06-14 00:00:00,A,533
366,652,2025-02-15 00:00:00,A,1103
367,654,2026-04-05 00:00:00,A,1094
368,655,2025-04-08 00:00:00,A,1218
369,656,2025-12-18 00:00:00,A,289
370,657,2025-07-10 00:00:00,A,1180
371,658,2025-04-21 00:00:00,A,813
372,659,2025-01-20 00:00:00,C,49
373,660,2026-03-30 00:00:00,A,204
374,666,2026-07-13 00:00:00,A,55
375,667,2024-07-23 00:00:00,B,993
376,675,2026-03-02 00:00:00,A,44
377,676,2026-07-13 00:00:00,A,1222
378,679,2023-07-03 00:00:00,B,117
379,681,2023-06-03 00:00:00,C,566
380,683,2026-03-27 00:00:00,B,987
381,684,2025-12-16 00:00:00,A,974
382,685,2024-11-02 00:00:00,A,803
383,686,2026-03-02 00:00:00,A,30
384,689,2025-11-22 00:00:00,A,966
385,691,2024-09-10 00:00:00,A,134
386,692,2025-11-18 00:00:00,A,782
387,693,2024-08-10 00:00:00,A,514
388,694,2025-05-27 00:00:00,A,726
389,695,2025-05-22 00:00:00,C,956
390,698,2024-03-22 00:00:00,A,528
391,699,2023-08-22 00:00:00,A,298
392,701,2025-06-13 00:00:00,A,1220
393,706,2025-04-22 00:00:00,B,1076
394,708,2023-07-03 00:00:00,A,570
395,709,2024-07-17 00:00:00,C,242
396,710,2026-07-13 00:00:00,A,532
397,713,2026-04-19 00:00:00,C,144
398,714,2024-03-04 00:00:00,A,3
399,716,2023-07-10 00:00:00,B,937
400,718,2024-06-15 00:00:00,C,934
401,719,2024-09-15 00:00:00,A,836
402,720,2025-07-26 00:00:00,C,28
403,722,2024-04-12 00:00:00,A,301
404,723,2023-11-12 00:00:00,A,613
405,726,2025-03-22 00:00:00,A,1296
406,727,2024-01-25 00:00:00,A,82
407,730,2026-04-19 00:00:00,A,735
408,731,2026-04-05 00:00:00,B,258
409,732,2025-06-01 00:00:00,A,1222
410,734,2024-06-05 00:00:00,A,348
411,735,2025-01-21 00:00:00,A,596
412,736,2026-07-06 00:00:00,A,765
413,738,2026-07-13 00:00:00,A,261
414,739,2023-06-06 00:00:00,A,380
415,740,2024-07-18 00:00:00,A,623
416,741,2024-02-27 00:00:00,C,744
417,744,2024-03-14 00:00:00,A,1108
418,748,2025-05-10 00:00:00,A,1261
419,749,2025-08-10 00:00:00,A,989
420,753,2024-07-06 00:00:00,A,514
421,754,2026-05-12 00:00:00,A,91
422,756,2026-03-22 00:00:00,A,743
423,757,2025-03-02 00:00:00,A,1298
424,759,2025-10-04 00:00:00,A,749
425,762,2024-08-13 00:00:00,A,1140
426,764,2025-10-16 00:00:00,A,746
427,765,2025-07-20 00:00:00,A,40
428,766,2026-07-13 00:00:00,A,1068
429,767,2024-12-21 00:00:00,C,102
430,768,2025-02-11 00:00:00,A,149
431,769,2025-10-05 00:00:00,A,961
432,770,2026-07-13 00:00:00,A,1085
433,771,2024-09-17 00:00:00,A,1173
434,773,2024-06-06 00:00:00,B,604
435,774,2024-08-07 00:00:00,B,729
436,776,2026-06-26 00:00:00,C,887
437,777,2026-04-22 00:00:00,A,653
438,781,2025-03-06 00:00:00,B,256
439,783,2024-09-26 00:00:00,A,44
440,784,2023-09-29 00:00:00,A,589
441,787,2025-07-03 00:00:00,A,609
442,788,2024-02-02 00:00:00,A,1151
443,789,2024-06-26 00:00:00,A,342
444,790,2025-02-25 00:00:00,C,1219
445,791,2025-05-22 00:00:00,A,184
446,792,2026-03-17 00:00:00,A,366
447,793,2024-01-01 00:00:00,C,652
448,794,2026-04-28 00:00:00,B,839
449,795,2023-09-22 00:00:00,A,773
450,798,2025-04-21 00:00:00,A,683
451,799,2026-07-13 00:00:00,B,950
452,800,2024-06-04 00:00:00,A,1215
453,801,2024-12-23 00:00:00,C,1018
454,802,2025-06-17 00:00:00,A,692
455,803,2024-04-09 00:00:00,A,1145
456,804,2025-11-21 00:00:00,A,716
457,806,2024-01-26 00:00:00,A,66
458,810,2024-12-09 00:00:00,A,861
459,817,2025-03-22 00:00:00,B,76
460,818,2024-02-23 00:00:00,C,591
461,819,2025-10-19 00:00:00,A,854
462,821,2024-12-09 00:00:00,B,652
463,822,2026-07-13 00:00:00,A,919
464,823,2026-07-13 00:00:00,A,644
465,824,2025-09-23 00:00:00,A,743
466,826,2024-08-10 00:00:00,A,1105
467,827,2024-02-18 00:00:00,A,888
468,830,2024-01-05 00:00:00,A,573
469,832,2025-01-07 00:00:00,A,1215
470,834,2024-01-12 00:00:00,C,770
471,836,2026-07-13 00:00:00,A,368
472,837,2023-10-20 00:00:00,C,540
473,838,2025-10-26 00:00:00,A,448
474,840,2023-09-12 00:00:00,B,771
475,841,2023-11-02 00:00:00,A,1103
476,845,2024-09-28 00:00:00,A,246
477,846,2024-07-11 00:00:00,A,269
478,847,2025-05-03 00:00:00,A,870
479,848,2024-05-29 00:00:00,B,1326
480,849,2024-03-27 00:00:00,A,261
481,850,2026-05-04 00:00:00,A,1259
482,851,2026-01-07 00:00:00,C,1068
483,852,2025-01-10 00:00:00,A,872
484,853,2024-01-03 00:00:00,A,1115
485,855,2025-01-14 00:00:00,A,975
486,856,2023-08-04 00:00:00,A,1250
487,857,2024-08-11 00:00:00,A,256
488,858,2025-06-11 00:00:00,C,1324
489,859,2025-10-25 00:00:00,A,225
490,860,2024-01-27 00:00:00,A,681
491,861,2024-03-09 00:00:00,B,726
492,862,2025-04-19 00:00:00,A,670
493,867,2025-01-13 00:00:00,A,969
494,873,2025-08-15 00:00:00,A,590
495,875,2026-07-13 00:00:00,A,88
496,879,2025-07-14 00:00:00,C,619
497,881,2025-04-12 00:00:00,A,1262
498,882,2025-02-21 00:00:00,C,822
499,884,2024-03-24 00:00:00,C,164
500,887,2024-04-30 00:00:00,A,314
501,888,2025-04-15 00:00:00,A,1265
502,889,2024-08-07 00:00:00,A,1229
503,891,2026-02-11 00:00:00,A,986
504,893,2026-06-26 00:00:00,C,275
505,895,2026-06-28 00:00:00,C,933
506,896,2026-07-13 00:00:00,B,519
507,898,2026-07-13 00:00:00,C,388
508,899,2024-02-17 00:00:00,A,348
509,900,2026-07-13 00:00:00,A,388
510,901,2025-04-22 00:00:00,A,981
511,907,2023-10-18 00:00:00,A,969
512,908,2024-05-06 00:00:00,A,856
513,910,2026-04-06 00:00:00,C,1190
514,911,2023-08-28 00:00:00,A,302
515,912,2026-07-13 00:00:00,A,453
516,913,2023-09-19 00:00:00,C,1303
517,914,2025-11-10 00:00:00,A,1216
518,915,2025-12-16 00:00:00,B,1075
519,916,2025-07-17 00:00:00,C,350
520,917,2024-05-16 00:00:00,A,10
521,918,2026-07-13 00:00:00,A,1330
522,919,2025-12-25 00:00:00,C,860
523,920,2026-04-30 00:00:00,B,1320
524,921,2024-07-15 00:00:00,A,30
525,922,2026-07-13 00:00:00,A,207
526,923,2024-12-02 00:00:00,A,85
527,925,2025-04-05 00:00:00,A,534
528,929,2026-07-13 00:00:00,C,1304
529,931,2026-02-13 00:00:00,C,604
530,933,2026-07-13 00:00:00,A,446
531,936,2023-10-19 00:00:00,A,1290
532,938,2024-02-20 00:00:00,A,1144
533,941,2026-05-31 00:00:00,A,432
534,942,2026-05-27 00:00:00,A,1289
535,944,2025-04-27 00:00:00,A,865
536,947,2025-01-07 00:00:00,A,923
537,949,2026-07-13 00:00:00,A,259
538,950,2024-01-06 00:00:00,A,1012
539,951,2024-02-09 00:00:00,A,242
540,953,2025-03-09 00:00:00,C,26
541,954,2026-03-31 00:00:00,A,85
542,959,2023-05-26 00:00:00,B,1
543,962,2024-09-03 00:00:00,A,475
544,965,2024-11-29 00:00:00,A,323
545,970,2026-04-24 00:00:00,C,445
546,972,2025-05-08 00:00:00,A,137
547,973,2025-02-28 00:00:00,B,300
548,975,2025-09-15 00:00:00,A,1300
549,976,2025-12-22 00:00:00,A,350
550,978,2026-03-29 00:00:00,C,634
551,979,2025-09-14 00:00:00,A,1304
552,980,2026-07-13 00:00:00,C,1282
553,983,2024-11-28 00:00:00,A,426
554,985,2025-04-03 00:00:00,A,434
555,986,2023-07-20 00:00:00,A,1144
556,987,2026-07-13 00:00:00,C,865
557,988,2025-12-28 00:00:00,A,902
558,989,2023-06-19 00:00:00,A,258
559,990,2024-05-09 00:00:00,C,698
560,992,2024-01-25 00:00:00,A,553
561,993,2025-09-24 00:00:00,A,379
562,995,2026-07-13 00:00:00,C,899
563,999,2026-06-13 00:00:00,C,790
564,1001,2025-09-07 00:00:00,C,410
565,1002,2026-06-12 00:00:00,B,563
566,1005,2025-02-08 00:00:00,A,563
567,1007,2024-04-06 00:00:00,A,159
568,1008,2026-03-17 00:00:00,A,1050
569,1010,2023-11-26 00:00:00,A,1253
570,1011,2026-01-06 00:00:00,A,143
571,1012,2024-03-30 00:00:00,B,92
572,1015,2023-11-21 00:00:00,A,184
573,1016,2025-09-15 00:00:00,A,914
574,1019,2024-11-28 00:00:00,C,585
575,1021,2024-08-11 00:00:00,A,333
576,1024,2025-02-09 00:00:00,A,1151
577,1025,2025-04-24 00:00:00,B,153
578,1026,2026-01-26 00:00:00,A,1028
579,1028,2025-12-28 00:00:00,A,970
580,1030,2024-07-26 00:00:00,C,675
581,1032,2024-05-27 00:00:00,C,1015
582,1033,2025-09-17 00:00:00,A,945
583,1038,2025-06-05 00:00:00,C,682
584,1042,2024-07-11 00:00:00,B,706
585,1043,2026-07-13 00:00:00,A,263
586,1046,2026-07-13 00:00:00,C,249
587,1048,2024-09-25 00:00:00,A,1066
588,1050,2025-04-05 00:00:00,A,457
589,1054,2026-07-13 00:00:00,A,17
590,1055,2025-01-11 00:00:00,A,1057
591,1056,2026-07-13 00:00:00,A,522
592,1057,2023-11-24 00:00:00,A,738
593,1060,2025-09-21 00:00:00,C,644
594,1061,2025-09-13 00:00:00,C,917
595,1062,2025-03-22 00:00:00,C,897
596,1065,2024-06-02 00:00:00,B,950
597,1066,2025-09-16 00:00:00,C,1204
598,1067,2026-06-05 00:00:00,B,273
599,1071,2025-12-28 00:00:00,A,1299
600,1072,2026-05-30 00:00:00,A,60
601,1073,2025-12-23 00:00:00,A,950
602,1074,2024-10-08 00:00:00,A,170
603,1075,2026-07-12 00:00:00,C,168
604,1076,2024-06-15 00:00:00,A,854
605,1077,2026-03-23 00:00:00,A,39
606,1078,2024-12-04 00:00:00,A,688
607,1081,2024-01-24 00:00:00,A,1133
608,1086,2024-02-28 00:00:00,C,551
609,1087,2025-07-27 00:00:00,A,871
610,1088,2024-09-26 00:00:00,C,1042
611,1090,2025-02-28 00:00:00,A,1051
612,1094,2024-01-29 00:00:00,A,657
613,1095,2025-03-11 00:00:00,B,187
614,1097,2025-07-08 00:00:00,C,1000
615,1099,2023-05-20 00:00:00,A,855
616,1100,2026-07-13 00:00:00,A,949
617,1103,2024-10-05 00:00:00,A,1305
618,1104,2026-03-09 00:00:00,A,728
619,1107,2023-09-12 00:00:00,A,1161
620,1109,2025-11-05 00:00:00,B,1178
621,1111,2023-08-19 00:00:00,B,309
622,1112,2023-05-28 00:00:00,A,1087
623,1117,2023-07-19 00:00:00,A,241
624,1118,2026-07-13 00:00:00,A,228
625,1120,2023-07-08 00:00:00,A,933
626,1121,2025-06-22 00:00:00,A,1095
627,1124,2024-03-28 00:00:00,A,608
628,1128,2024-05-18 00:00:00,A,603
629,1129,2025-11-02 00:00:00,A,447
630,1130,2023-10-23 00:00:00,A,505
631,1134,2025-10-08 00:00:00,A,534
632,1135,2023-08-09 00:00:00,A,1301
633,1136,2025-02-22 00:00:00,B,515
634,1137,2023-06-04 00:00:00,A,713
635,1139,2025-04-14 00:00:00,A,1076
636,1148,2024-10-21 00:00:00,B,690
637,1149,2023-11-01 00:00:00,A,261
638,1154,2025-05-22 00:00:00,A,378
639,1155,2024-10-07 00:00:00,C,567
640,1157,2025-09-06 00:00:00,A,22
641,1160,2024-05-26 00:00:00,B,515
642,1161,2025-05-12 00:00:00,A,132
643,1162,2023-06-28 00:00:00,B,1012
644,1163,2026-07-13 00:00:00,A,740
645,1167,2023-09-10 00:00:00,A,41
646,1173,2026-02-11 00:00:00,A,667
647,1175,2024-02-23 00:00:00,A,111
648,1176,2025-08-25 00:00:00,A,74
649,1177,2023-04-23 00:00:00,A,1108
650,1179,2025-05-09 00:00:00,A,336
651,1180,2025-03-25 00:00:00,A,906
652,1181,2024-05-29 00:00:00,A,1286
653,1182,2026-07-13 00:00:00,A,3
654,1183,2026-07-13 00:00:00,A,159
655,1187,2024-03-19 00:00:00,A,294
656,1188,2026-06-12 00:00:00,C,863
657,1190,2026-04-20 00:00:00,A,481
658,1191,2025-03-28 00:00:00,A,1114
659,1192,2024-03-13 00:00:00,A,797
660,1193,2024-02-18 00:00:00,A,448
661,1195,2024-09-02 00:00:00,A,1233
662,1197,2025-04-29 00:00:00,C,335
663,1199,2023-07-28 00:00:00,A,907
664,1200,2026-07-13 00:00:00,C,1316
665,1202,2026-03-05 00:00:00,C,632
666,1203,2023-09-11 00:00:00,C,922
667,1204,2026-07-13 00:00:00,A,421
668,1205,2024-05-07 00:00:00,A,506
669,1208,2025-09-28 00:00:00,A,1317
670,1210,2024-10-01 00:00:00,A,387
671,1213,2025-05-17 00:00:00,A,548
672,1214,2025-10-02 00:00:00,A,363
673,1215,2024-03-04 00:00:00,B,298
674,1216,2025-02-15 00:00:00,A,49
675,1218,2024-07-18 00:00:00,A,857
676,1219,2025-01-28 00:00:00,A,940
677,1220,2026-04-25 00:00:00,B,15
678,1223,2024-12-30 00:00:00,A,481
679,1226,2024-10-03 00:00:00,A,1281
680,1227,2025-07-06 00:00:00,A,474
681,1228,2023-09-01 00:00:00,A,620
682,1231,2025-08-12 00:00:00,C,1299
683,1232,2026-02-07 00:00:00,A,312
684,1234,2024-03-18 00:00:00,A,447
685,1235,2026-05-27 00:00:00,A,135
686,1236,2026-07-13 00:00:00,C,406
687,1237,2026-06-12 00:00:00,C,1255
688,1238,2025-12-13 00:00:00,A,785
689,1240,2025-05-06 00:00:00,A,1247
690,1241,2024-12-06 00:00:00,A,21
691,1243,2025-03-10 00:00:00,C,650
692,1244,2024-01-19 00:00:00,A,68
693,1245,2025-07-29 00:00:00,A,261
694,1246,2023-11-23 00:00:00,C,1203
695,1247,2026-07-13 00:00:00,A,612
696,1251,2024-09-28 00:00:00,A,332
697,1252,2024-11-08 00:00:00,C,236
698,1258,2025-01-05 00:00:00,C,714
699,1259,2025-12-19 00:00:00,A,1290
700,1260,2026-07-13 00:00:00,A,1075
701,1262,2024-02-06 00:00:00,A,238
702,1265,2024-01-29 00:00:00,A,1005
703,1266,2025-05-14 00:00:00,C,1241
704,1267,2026-07-13 00:00:00,C,701
705,1269,2025-12-02 00:00:00,C,88
706,1270,2023-06-06 00:00:00,A,375
707,1272,2025-07-21 00:00:00,C,1308
708,1273,2024-05-19 00:00:00,B,524
709,1274,2024-10-28 00:00:00,C,654
710,1278,2025-07-20 00:00:00,A,1224
711,1280,2026-05-19 00:00:00,A,295
712,1281,2024-11-07 00:00:00,C,719
713,1282,2025-11-03 00:00:00,A,1185
714,1283,2025-03-28 00:00:00,A,34
715,1284,2024-12-15 00:00:00,A,547
716,1285,2024-08-21 00:00:00,A,71
717,1286,2026-06-01 00:00:00,B,904
718,1288,2024-02-17 00:00:00,A,14
719,1291,2025-10-29 00:00:00,C,917
720,1293,2024-06-01 00:00:00,C,365
721,1294,2023-12-18 00:00:00,A,640
722,1297,2024-11-24 00:00:00,A,359
723,1298,2025-03-05 00:00:00,A,414
724,1300,2023-08-03 00:00:00,A,554
725,1301,2026-06-04 00:00:00,A,805
726,1302,2024-06-29 00:00:00,C,652
727,1305,2024-05-20 00:00:00,C,444
728,1309,2025-01-05 00:00:00,B,1308
729,1311,2023-06-08 00:00:00,A,134
730,1312,2025-07-27 00:00:00,A,147
731,1315,2024-10-04 00:00:00,C,400
732,1316,2025-05-18 00:00:00,A,1309
733,1317,2024-10-27 00:00:00,A,624
734,1318,2025-06-07 00:00:00,A,1296
735,1321,2025-06-15 00:00:00,C,867
736,1323,2026-07-13 00:00:00,A,198
737,1324,2026-07-13 00:00:00,A,788
738,1325,2026-03-23 00:00:00,C,722
739,1326,2024-04-12 00:00:00,A,187
740,1330,2023-06-19 00:00:00,A,1044
741,1331,2024-08-06 00:00:00,A,1070
742,1332,2024-03-11 00:00:00,C,87
743,1333,2023-09-03 00:00:00,A,1234
744,1334,2024-10-26 00:00:00,A,770
745,1337,2023-07-12 00:00:00,C,181
746,1338,2023-10-07 00:00:00,A,673
747,1340,2026-06-12 00:00:00,A,496
748,1341,2026-07-13 00:00:00,A,373
749,1342,2024-11-19 00:00:00,A,469
750,1343,2024-04-12 00:00:00,A,1147
751,1346,2024-10-07 00:00:00,A,953
752,1347,2026-07-13 00:00:00,B,1044
753,1349,2024-03-24 00:00:00,A,1028
754,1350,2026-01-12 00:00:00,B,1326
755,1352,2025-03-10 00:00:00,A,480
756,1355,2023-12-05 00:00:00,C,1245
757,1356,2026-02-01 00:00:00,A,142
758,1357,2024-03-19 00:00:00,A,589
759,1359,2025-01-29 00:00:00,A,1058
760,1361,2025-06-22 00:00:00,C,151
761,1362,2024-09-02 00:00:00,A,1151
762,1364,2026-04-13 00:00:00,C,694
763,1367,2024-08-07 00:00:00,C,192
764,1368,2024-05-05 00:00:00,A,185
765,1370,2023-08-27 00:00:00,A,463
766,1371,2026-07-13 00:00:00,A,490
767,1372,2023-08-01 00:00:00,A,247
768,1374,2024-08-06 00:00:00,A,1328
769,1376,2023-03-22 00:00:00,A,573
770,1377,2026-04-30 00:00:00,A,415
771,1379,2023-10-07 00:00:00,A,702
772,1381,2023-06-04 00:00:00,A,1310
773,1382,2026-07-13 00:00:00,A,525
774,1384,2026-05-26 00:00:00,A,807
775,1385,2026-07-13 00:00:00,C,1116
776,1386,2023-10-08 00:00:00,C,1128
777,1387,2023-07-16 00:00:00,A,890
778,1389,2024-04-25 00:00:00,B,875
779,1390,2023-11-12 00:00:00,A,1160
780,1392,2023-09-22 00:00:00,C,974
781,1395,2026-06-17 00:00:00,B,867
782,1397,2024-09-19 00:00:00,A,532
783,1398,2025-01-15 00:00:00,C,285
784,1400,2026-03-30 00:00:00,A,241
785,1401,2025-08-22 00:00:00,A,1280
786,1402,2023-03-27 00:00:00,A,1226
787,1406,2025-06-06 00:00:00,B,882
788,1407,2023-11-10 00:00:00,A,514
789,1408,2024-12-20 00:00:00,A,638
790,1409,2024-09-13 00:00:00,A,683
791,1410,2024-11-14 00:00:00,A,1188
792,1412,2026-01-19 00:00:00,A,311
793,1413,2026-07-13 00:00:00,A,1203
794,1414,2024-09-10 00:00:00,A,1112
795,1419,2026-03-31 00:00:00,A,468
796,1421,2024-04-29 00:00:00,A,294
797,1422,2026-03-07 00:00:00,A,1062
798,1423,2024-06-16 00:00:00,A,999
799,1424,2026-02-02 00:00:00,C,733
800,1425,2025-09-18 00:00:00,B,984
801,1426,2024-10-02 00:00:00,A,685
802,1427,2024-08-12 00:00:00,A,645
803,1429,2023-08-09 00:00:00,B,854
804,1430,2024-11-17 00:00:00,A,1113
805,1433,2024-12-05 00:00:00,A,1144
806,1436,2026-07-13 00:00:00,B,652
807,1437,2023-05-10 00:00:00,A,140
808,1438,2024-09-18 00:00:00,C,1006
809,1439,2026-04-18 00:00:00,B,1075
810,1441,2025-04-06 00:00:00,A,197
811,1445,2024-08-06 00:00:00,C,395
812,1450,2026-04-30 00:00:00,B,683
813,1452,2024-08-21 00:00:00,A,91
814,1454,2026-04-09 00:00:00,C,917
815,1458,2024-09-22 00:00:00,A,557
816,1461,2026-06-30 00:00:00,A,1281
817,1462,2024-02-15 00:00:00,B,699
818,1463,2026-07-13 00:00:00,A,300
819,1464,2023-08-05 00:00:00,A,1298
820,1465,2024-10-28 00:00:00,A,1200
821,1467,2026-07-13 00:00:00,A,853
822,1468,2025-01-01 00:00:00,A,683
823,1469,2023-11-28 00:00:00,A,23
824,1471,2025-07-06 00:00:00,A,317
825,1472,2025-09-16 00:00:00,A,1304
826,1473,2023-05-15 00:00:00,A,1026
827,1476,2026-07-13 00:00:00,C,640
828,1477,2023-06-24 00:00:00,A,1060
829,1478,2026-06-09 00:00:00,A,168
830,1486,2023-12-06 00:00:00,A,338
831,1487,2025-03-04 00:00:00,A,1232
832,1488,2025-11-05 00:00:00,A,973
833,1489,2024-04-15 00:00:00,C,1104
834,1490,2023-12-17 00:00:00,A,378
835,1495,2025-06-04 00:00:00,C,1177
836,1496,2024-01-24 00:00:00,A,1008
837,1500,2024-06-24 00:00:00,C,335
838,1501,2026-07-13 00:00:00,A,466
839,1502,2025-12-19 00:00:00,A,1139
840,1504,2023-08-02 00:00:00,B,132
841,1505,2025-02-19 00:00:00,C,36
842,1506,2023-06-11 00:00:00,A,540
843,1508,2026-02-20 00:00:00,A,441
844,1509,2025-05-09 00:00:00,C,1147
845,1511,2023-12-21 00:00:00,A,867
846,1512,2024-04-22 00:00:00,A,86
847,1513,2025-11-25 00:00:00,A,1318
848,1514,2026-03-06 00:00:00,A,898
849,1515,2026-06-17 00:00:00,C,554
850,1517,2024-04-07 00:00:00,A,1320
851,1518,2025-03-03 00:00:00,A,1208
852,1522,2024-07-12 00:00:00,A,1286
853,1526,2025-05-03 00:00:00,A,248
854,1527,2025-08-10 00:00:00,C,1083
855,1529,2025-11-16 00:00:00,A,293
856,1530,2024-10-22 00:00:00,A,1211
857,1531,2026-07-13 00:00:00,A,567
858,1532,2024-06-01 00:00:00,A,545
859,1533,2023-08-09 00:00:00,A,846
860,1535,2026-04-25 00:00:00,B,239
861,1537,2026-07-13 00:00:00,A,448
862,1538,2024-03-29 00:00:00,C,1223
863,1539,2026-04-09 00:00:00,A,351
864,1541,2024-06-13 00:00:00,A,1281
865,1547,2026-07-06 00:00:00,A,1066
866,1549,2026-02-25 00:00:00,C,1076
867,1553,2024-09-18 00:00:00,A,20
868,1555,2025-06-13 00:00:00,A,762
869,1558,2025-08-16 00:00:00,A,276
870,1563,2024-09-14 00:00:00,C,394
871,1565,2024-03-09 00:00:00,C,6
872,1566,2025-09-05 00:00:00,A,245
873,1567,2024-10-19 00:00:00,A,249
874,1568,2024-11-11 00:00:00,A,1000
875,1569,2025-02-26 00:00:00,C,1048
876,1571,2024-09-18 00:00:00,A,262
877,1572,2026-07-13 00:00:00,A,205
878,1573,2025-04-21 00:00:00,A,595
879,1576,2023-08-12 00:00:00,A,1330
880,1578,2025-07-19 00:00:00,A,540
881,1580,2024-05-20 00:00:00,A,492
882,1581,2026-07-13 00:00:00,C,298
883,1583,2023-11-07 00:00:00,A,642
884,1584,2024-09-28 00:00:00,A,141
885,1588,2026-06-12 00:00:00,A,551
886,1590,2026-07-13 00:00:00,A,1312
887,1592,2024-04-14 00:00:00,A,1026
888,1593,2025-11-03 00:00:00,C,59
889,1594,2026-04-10 00:00:00,C,1025
890,1596,2025-02-02 00:00:00,C,1316
891,1597,2024-08-01 00:00:00,A,254
892,1600,2026-07-13 00:00:00,A,234
893,1601,2024-09-15 00:00:00,A,258
894,1602,2024-11-21 00:00:00,C,1170
895,1604,2024-05-17 00:00:00,A,370
896,1607,2023-11-09 00:00:00,A,172
897,1608,2024-04-02 00:00:00,A,770
898,1609,2024-01-13 00:00:00,A,705
899,1612,2026-02-27 00:00:00,A,1032
900,1613,2026-07-13 00:00:00,A,439
901,1614,2025-04-26 00:00:00,A,986
902,1615,2026-01-14 00:00:00,A,707
903,1617,2025-01-13 00:00:00,A,1050
904,1618,2024-04-07 00:00:00,A,230
905,1621,2024-06-10 00:00:00,C,353
906,1622,2026-06-29 00:00:00,A,859
907,1623,2025-08-01 00:00:00,A,597
908,1627,2025-11-18 00:00:00,A,225
909,1628,2025-08-02 00:00:00,A,139
910,1630,2024-03-27 00:00:00,A,795
911,1633,2026-07-13 00:00:00,A,203
912,1636,2024-07-20 00:00:00,B,1233
913,1638,2023-10-27 00:00:00,A,126
914,1639,2023-09-17 00:00:00,A,67
915,1642,2026-02-19 00:00:00,A,949
916,1643,2024-04-11 00:00:00,A,43
917,1644,2026-06-22 00:00:00,A,210
918,1646,2025-10-26 00:00:00,A,111
919,1648,2024-05-25 00:00:00,B,988
920,1652,2026-07-13 00:00:00,A,1260
921,1653,2025-03-01 00:00:00,A,356
922,1654,2025-04-16 00:00:00,A,1123
923,1655,2025-08-28 00:00:00,C,860
924,1656,2025-02-21 00:00:00,A,1141
925,1658,2025-01-24 00:00:00,A,1302
926,1659,2025-02-23 00:00:00,A,902
927,1662,2025-05-27 00:00:00,A,15
928,1663,2024-06-14 00:00:00,A,1283
929,1664,2023-12-20 00:00:00,A,1143
930,1665,2025-03-16 00:00:00,A,682
931,1667,2023-12-18 00:00:00,A,871
932,1671,2025-11-20 00:00:00,C,236
933,1673,2026-05-20 00:00:00,A,497
934,1674,2025-02-08 00:00:00,A,187
935,1678,2026-05-23 00:00:00,A,797
936,1680,2024-01-14 00:00:00,A,372
937,1683,2023-12-22 00:00:00,A,945
938,1684,2026-03-17 00:00:00,A,1214
939,1685,2024-06-04 00:00:00,A,15
940,1686,2025-09-28 00:00:00,A,736
941,1687,2025-03-21 00:00:00,C,915
942,1688,2024-04-28 00:00:00,A,559
943,1689,2023-11-17 00:00:00,A,213
944,1690,2024-06-09 00:00:00,A,476
945,1692,2024-02-27 00:00:00,B,371
946,1693,2025-06-11 00:00:00,A,1154
947,1694,2025-04-23 00:00:00,A,933
948,1696,2026-06-29 00:00:00,A,22
949,1698,2024-03-03 00:00:00,C,971
950,1699,2026-07-13 00:00:00,A,230
951,1700,2024-01-06 00:00:00,B,1087
952,1704,2026-07-13 00:00:00,A,1232
953,1705,2025-12-04 00:00:00,A,455
954,1706,2025-11-02 00:00:00,A,962
955,1707,2023-12-05 00:00:00,B,143
956,1708,2023-11-30 00:00:00,A,1278
957,1709,2025-10-19 00:00:00,A,811
958,1710,2025-07-17 00:00:00,A,98
959,1711,2023-06-28 00:00:00,A,675
960,1717,2024-11-15 00:00:00,A,448
961,1720,2025-12-15 00:00:00,A,1172
962,1721,2024-02-25 00:00:00,A,1179
963,1722,2026-05-02 00:00:00,A,52
964,1723,2026-02-11 00:00:00,A,275
965,1726,2025-01-17 00:00:00,A,404
966,1728,2024-12-26 00:00:00,A,366
967,1731,2023-09-09 00:00:00,B,38
968,1733,2023-12-19 00:00:00,A,309
969,1735,2024-09-03 00:00:00,A,116
970,1736,2023-09-01 00:00:00,A,765
971,1737,2026-05-19 00:00:00,A,1113
972,1738,2025-10-23 00:00:00,C,1187
973,1739,2026-07-13 00:00:00,C,280
974,1740,2026-04-23 00:00:00,B,328
975,1742,2024-08-27 00:00:00,A,1034
976,1743,2026-04-19 00:00:00,C,1323
977,1747,2024-05-18 00:00:00,A,419
978,1748,2024-11-05 00:00:00,A,325
979,1749,2024-08-23 00:00:00,A,924
980,1751,2026-07-13 00:00:00,A,198
981,1752,2025-03-18 00:00:00,C,1022
982,1754,2024-11-21 00:00:00,A,706
983,1755,2026-02-23 00:00:00,B,483
984,1756,2025-05-27 00:00:00,C,811
985,1757,2026-06-10 00:00:00,A,742
986,1759,2024-07-28 00:00:00,A,1331
987,1760,2025-05-31 00:00:00,A,289
988,1761,2024-01-03 00:00:00,A,632
989,1764,2023-12-10 00:00:00,A,888
990,1765,2024-03-20 00:00:00,A,245
991,1766,2026-01-20 00:00:00,A,625
992,1769,2026-02-09 00:00:00,A,854
993,1772,2025-10-03 00:00:00,C,300
994,1773,2026-01-14 00:00:00,C,985
995,1775,2025-07-21 00:00:00,A,303
996,1783,2025-09-24 00:00:00,A,763
997,1784,2024-07-06 00:00:00,C,775
998,1786,2025-03-17 00:00:00,A,1232
999,1788,2024-09-06 00:00:00,A,538
1000,1789,2023-05-16 00:00:00,B,605
1001,1792,2026-07-13 00:00:00,A,78
1002,1797,2025-01-24 00:00:00,A,121
1003,1800,2025-04-04 00:00:00,A,303
1004,1801,2026-07-13 00:00:00,B,523
1005,1802,2025-11-16 00:00:00,A,10
1006,1803,2023-07-20 00:00:00,B,745
1007,1804,2023-11-20 00:00:00,A,699
1008,1805,2024-10-29 00:00:00,A,103
1009,1806,2023-12-11 00:00:00,C,903
1010,1807,2026-05-11 00:00:00,A,1270
1011,1808,2025-04-19 00:00:00,A,795
1012,1810,2025-10-20 00:00:00,A,795
1013,1811,2024-04-26 00:00:00,A,381
1014,1812,2024-04-18 00:00:00,B,1234
1015,1813,2025-03-28 00:00:00,A,1028
1016,1816,2025-04-01 00:00:00,B,1327
1017,1817,2025-09-09 00:00:00,A,430
1018,1818,2026-07-13 00:00:00,A,204
1019,1819,2023-12-07 00:00:00,A,538
1020,1821,2023-07-18 00:00:00,A,1323
1021,1822,2025-01-13 00:00:00,A,234
1022,1823,2026-07-13 00:00:00,A,533
1023,1824,2023-12-24 00:00:00,A,860
1024,1826,2023-09-07 00:00:00,A,526
1025,1827,2025-01-04 00:00:00,A,790
1026,1830,2025-11-02 00:00:00,A,1291
1027,1831,2025-05-02 00:00:00,C,736
1028,1833,2023-06-13 00:00:00,A,912
1029,1835,2025-03-13 00:00:00,A,1012
1030,1837,2023-04-17 00:00:00,A,341
1031,1840,2024-03-16 00:00:00,C,717
1032,1847,2025-11-11 00:00:00,A,210
1033,1848,2025-04-06 00:00:00,A,1252
1034,1849,2026-05-22 00:00:00,A,695
1035,1851,2026-02-21 00:00:00,C,1298
1036,1852,2024-04-06 00:00:00,A,1278
1037,1853,2025-05-06 00:00:00,A,854
1038,1856,2023-10-08 00:00:00,A,731
1039,1857,2026-07-13 00:00:00,A,1038
1040,1862,2024-07-08 00:00:00,A,1018
1041,1864,2025-06-20 00:00:00,C,749
1042,1865,2023-12-26 00:00:00,A,919
1043,1866,2025-06-21 00:00:00,C,529
1044,1869,2025-06-20 00:00:00,A,118
1045,1872,2024-01-29 00:00:00,C,1196
1046,1874,2024-11-03 00:00:00,A,1080
1047,1875,2024-04-03 00:00:00,A,232
1048,1876,2024-03-13 00:00:00,A,386
1049,1877,2026-04-03 00:00:00,A,678
1050,1878,2024-07-21 00:00:00,A,713
1051,1879,2025-07-13 00:00:00,A,992
1052,1881,2025-06-28 00:00:00,C,1333
1053,1882,2024-07-04 00:00:00,A,741
1054,1883,2026-04-03 00:00:00,A,571
1055,1885,2024-07-18 00:00:00,A,778
1056,1888,2025-09-04 00:00:00,C,32
1057,1891,2024-03-14 00:00:00,A,670
1058,1893,2023-09-03 00:00:00,A,1041
1059,1894,2023-09-09 00:00:00,A,348
1060,1902,2026-03-09 00:00:00,B,395
1061,1905,2025-02-02 00:00:00,A,131
1062,1907,2024-11-13 00:00:00,C,778
1063,1908,2026-02-04 00:00:00,C,466
1064,1909,2026-07-13 00:00:00,B,670
1065,1911,2025-03-21 00:00:00,A,1324
1066,1913,2023-11-22 00:00:00,C,607
1067,1915,2024-08-21 00:00:00,A,479
1068,1919,2026-07-13 00:00:00,C,1301
1069,1922,2026-02-03 00:00:00,B,83
1070,1923,2024-07-28 00:00:00,A,898
1071,1926,2025-09-18 00:00:00,A,216
1072,1927,2024-03-06 00:00:00,A,2
1073,1928,2024-02-20 00:00:00,A,1247
1074,1930,2026-07-13 00:00:00,A,861
1075,1931,2025-01-30 00:00:00,A,871
1076,1932,2025-05-15 00:00:00,A,1277
1077,1933,2023-08-31 00:00:00,A,1187
1078,1934,2024-11-11 00:00:00,A,1106
1079,1937,2024-02-29 00:00:00,B,1260
1080,1938,2025-04-12 00:00:00,C,978
1081,1939,2026-07-13 00:00:00,A,570
1082,1942,2026-01-24 00:00:00,A,111
1083,1944,2026-01-13 00:00:00,A,1188
1084,1946,2026-07-10 00:00:00,A,574
1085,1949,2025-09-27 00:00:00,C,266
1086,1950,2026-01-05 00:00:00,A,1289
1087,1952,2024-06-23 00:00:00,A,732
1088,1953,2024-02-15 00:00:00,A,1080
1089,1955,2026-02-19 00:00:00,A,1271
1090,1957,2026-07-13 00:00:00,A,1120
1091,1958,2025-09-09 00:00:00,A,1313
1092,1962,2025-11-30 00:00:00,A,585
1093,1963,2024-09-27 00:00:00,A,755
1094,1964,2023-11-22 00:00:00,B,367
1095,1965,2025-09-11 00:00:00,A,755
1096,1967,2024-05-16 00:00:00,C,235
1097,1969,2026-07-13 00:00:00,A,145
1098,1971,2025-01-18 00:00:00,B,631
1099,1972,2024-06-20 00:00:00,A,553
1100,1975,2026-01-08 00:00:00,B,86
1101,1976,2024-02-22 00:00:00,A,286
1102,1977,2025-12-01 00:00:00,A,672
1103,1979,2024-04-19 00:00:00,A,1299
1104,1980,2025-06-27 00:00:00,A,681
1105,1983,2026-03-28 00:00:00,A,898
1106,1984,2024-05-17 00:00:00,A,1092
1107,1987,2024-05-04 00:00:00,A,178
1108,1988,2026-06-20 00:00:00,A,1005
1109,1989,2023-09-06 00:00:00,B,894
1110,1990,2024-01-20 00:00:00,A,897
1111,1993,2024-02-28 00:00:00,A,650
1112,1996,2025-03-02 00:00:00,B,588
1113,1997,2025-08-19 00:00:00,A,1308
1114,1998,2026-07-13 00:00:00,A,946
1115,2007,2025-04-15 00:00:00,A,934
1116,2011,2025-09-09 00:00:00,C,532
1117,2012,2025-12-18 00:00:00,A,381
1118,2013,2025-02-04 00:00:00,A,1310
1119,2014,2024-06-03 00:00:00,C,985
1120,2015,2025-02-18 00:00:00,A,487
1121,2016,2026-07-13 00:00:00,C,884
1122,2017,2023-03-20 00:00:00,A,1301
1123,2018,2024-12-17 00:00:00,C,1002
1124,2020,2024-09-10 00:00:00,A,1281
1125,2022,2025-05-24 00:00:00,A,429
1126,2023,2023-10-23 00:00:00,A,898
1127,2025,2026-07-13 00:00:00,A,591
1128,2027,2024-09-17 00:00:00,A,87
1129,2031,2026-07-13 00:00:00,C,1056
1130,2032,2023-07-13 00:00:00,A,536
1131,2034,2024-05-04 00:00:00,C,259
1132,2036,2024-12-27 00:00:00,A,411
1133,2037,2023-11-27 00:00:00,C,223
1134,2038,2024-12-02 00:00:00,C,847
1135,2040,2025-01-06 00:00:00,A,1174
1136,2041,2026-03-20 00:00:00,C,1135
1137,2042,2026-02-11 00:00:00,A,493
1138,2043,2024-04-11 00:00:00,A,371
1139,2044,2024-08-16 00:00:00,A,1282
1140,2046,2026-07-13 00:00:00,A,1070
1141,2048,2026-06-28 00:00:00,C,899
1142,2049,2023-11-25 00:00:00,A,506
1143,2052,2026-07-13 00:00:00,A,672
1144,2053,2025-04-10 00:00:00,A,333
1145,2055,2025-06-11 00:00:00,C,415
1146,2058,2026-04-13 00:00:00,C,154
1147,2059,2024-05-22 00:00:00,C,605
1148,2061,2024-02-06 00:00:00,A,1126
1149,2065,2025-04-08 00:00:00,B,567
1150,2066,2026-07-13 00:00:00,A,1177
1151,2067,2024-06-27 00:00:00,C,1102
1152,2069,2024-08-28 00:00:00,B,57
1153,2070,2025-11-05 00:00:00,A,566
1154,2071,2023-05-18 00:00:00,B,128
1155,2074,2024-09-29 00:00:00,A,712
1156,2078,2026-01-23 00:00:00,C,992
1157,2080,2026-06-28 00:00:00,C,1285
1158,2082,2024-12-10 00:00:00,A,655
1159,2084,2026-07-13 00:00:00,C,492
1160,2088,2024-12-16 00:00:00,C,1142
1161,2091,2025-03-16 00:00:00,A,1188
1162,2094,2025-01-06 00:00:00,A,700
1163,2096,2024-07-25 00:00:00,C,132
1164,2098,2024-03-14 00:00:00,C,497
1165,2099,2026-01-27 00:00:00,A,333
1166,2102,2026-07-08 00:00:00,A,1217
1167,2103,2026-05-24 00:00:00,C,1203
1168,2104,2026-03-30 00:00:00,A,38
1169,2109,2026-06-10 00:00:00,A,1016
1170,2111,2023-12-14 00:00:00,A,772
1171,2113,2025-04-04 00:00:00,A,1172
1172,2114,2025-12-26 00:00:00,A,1125
1173,2115,2024-09-30 00:00:00,A,187
1174,2118,2023-08-25 00:00:00,A,698
1175,2121,2025-12-21 00:00:00,A,636
1176,2125,2024-10-21 00:00:00,A,1142
1177,2126,2023-08-03 00:00:00,A,110
1178,2129,2024-05-16 00:00:00,A,87
1179,2130,2025-11-22 00:00:00,A,1166
1180,2131,2023-09-07 00:00:00,A,890
1181,2132,2023-11-11 00:00:00,B,566
1182,2133,2026-07-13 00:00:00,C,854
1183,2136,2023-09-09 00:00:00,C,1166
1184,2139,2024-04-10 00:00:00,A,80
1185,2140,2024-12-24 00:00:00,A,48
1186,2141,2026-05-15 00:00:00,A,1131
1187,2142,2025-08-10 00:00:00,C,692
1188,2143,2025-08-24 00:00:00,A,475
1189,2145,2024-09-12 00:00:00,A,1292
1190,2147,2026-07-13 00:00:00,C,6
1191,2149,2023-10-19 00:00:00,A,551
1192,2151,2025-02-15 00:00:00,A,203
1193,2153,2025-10-31 00:00:00,C,322
1194,2154,2025-06-24 00:00:00,A,1300
1195,2155,2025-02-09 00:00:00,A,1051
1196,2158,2025-11-07 00:00:00,A,591
1197,2160,2024-12-20 00:00:00,A,705
1198,2161,2026-07-13 00:00:00,A,1107
1199,2162,2026-04-26 00:00:00,B,576
1200,2165,2026-07-13 00:00:00,C,691
1201,2166,2025-06-16 00:00:00,A,326
1202,2167,2025-12-22 00:00:00,A,572
1203,2172,2026-05-31 00:00:00,A,1303
1204,2173,2025-12-27 00:00:00,A,1174
1205,2174,2026-07-13 00:00:00,A,560
1206,2175,2024-08-12 00:00:00,A,1288
1207,2176,2024-06-23 00:00:00,A,923
1208,2177,2024-04-20 00:00:00,A,1116
1209,2178,2026-06-09 00:00:00,B,339
1210,2179,2025-07-08 00:00:00,A,998
1211,2180,2025-11-22 00:00:00,A,284
1212,2181,2023-08-20 00:00:00,B,363
1213,2182,2023-10-13 00:00:00,A,469
1214,2185,2023-12-17 00:00:00,C,869
1215,2188,2025-11-16 00:00:00,A,696
1216,2191,2024-07-20 00:00:00,A,1250
1217,2192,2024-08-06 00:00:00,A,1188
1218,2193,2026-07-13 00:00:00,A,728
1219,2194,2023-07-08 00:00:00,A,302
1220,2197,2026-01-24 00:00:00,A,1165
1221,2199,2026-07-13 00:00:00,A,416
1222,2200,2024-08-22 00:00:00,A,45
1223,2201,2026-07-13 00:00:00,C,838
1224,2202,2026-02-17 00:00:00,B,139
1225,2203,2024-05-09 00:00:00,A,877
1226,2205,2025-05-22 00:00:00,A,431
1227,2206,2026-07-13 00:00:00,C,712
1228,2209,2024-04-30 00:00:00,A,386
1229,2211,2023-10-26 00:00:00,A,571
1230,2212,2023-09-24 00:00:00,A,1063
1231,2214,2025-05-24 00:00:00,C,1260
1232,2216,2024-12-30 00:00:00,A,601
1233,2219,2025-11-07 00:00:00,A,593
1234,2220,2025-06-27 00:00:00,C,406
1235,2225,2025-03-22 00:00:00,A,284
1236,2229,2026-06-21 00:00:00,C,433
1237,2230,2025-04-10 00:00:00,A,1113
1238,2231,2025-01-02 00:00:00,B,348
1239,2232,2024-06-12 00:00:00,A,1007
1240,2233,2023-10-14 00:00:00,C,689
1241,2238,2024-03-06 00:00:00,A,51
1242,2239,2025-08-01 00:00:00,A,1065
1243,2242,2025-11-09 00:00:00,C,250
1244,2245,2023-12-09 00:00:00,C,1002
1245,2246,2023-07-04 00:00:00,C,1190
1246,2248,2024-12-12 00:00:00,A,1020
1247,2249,2025-11-16 00:00:00,C,1199
1248,2252,2026-07-13 00:00:00,B,1214
1249,2253,2024-11-16 00:00:00,C,900
1250,2255,2023-07-11 00:00:00,A,111
1251,2257,2025-06-21 00:00:00,A,857
1252,2259,2024-04-10 00:00:00,C,1258
1253,2260,2024-07-26 00:00:00,C,684
1254,2263,2024-03-28 00:00:00,A,1089
1255,2264,2024-04-30 00:00:00,C,1044
1256,2268,2025-12-20 00:00:00,C,895
1257,2269,2023-11-29 00:00:00,A,791
1258,2273,2025-02-10 00:00:00,A,65
1259,2274,2023-10-09 00:00:00,A,1018
1260,2276,2025-05-25 00:00:00,A,353
1261,2286,2026-01-05 00:00:00,A,871
1262,2287,2025-04-12 00:00:00,B,932
1263,2289,2025-07-29 00:00:00,A,903
1264,2291,2023-05-29 00:00:00,A,714
1265,2294,2024-08-25 00:00:00,A,593
1266,2296,2025-07-29 00:00:00,C,813
1267,2297,2026-01-30 00:00:00,C,122
1268,2298,2026-06-25 00:00:00,A,290
1269,2299,2025-12-17 00:00:00,C,687
1270,2300,2024-08-07 00:00:00,A,281
1271,2301,2026-07-13 00:00:00,A,1176
1272,2302,2025-06-06 00:00:00,A,232
1273,2307,2025-11-24 00:00:00,A,361
1274,2308,2023-09-26 00:00:00,A,152
1275,2311,2026-06-09 00:00:00,C,486
1276,2312,2025-06-06 00:00:00,C,1
1277,2313,2025-11-07 00:00:00,A,1192
1278,2314,2025-08-09 00:00:00,A,778
1279,2316,2025-11-26 00:00:00,A,1097
1280,2320,2026-01-14 00:00:00,A,552
1281,2322,2024-10-04 00:00:00,A,205
1282,2324,2023-12-24 00:00:00,A,634
1283,2326,2025-12-21 00:00:00,A,1277
1284,2327,2024-09-27 00:00:00,A,387
1285,2328,2026-06-19 00:00:00,C,877
1286,2329,2024-02-04 00:00:00,A,1
1287,2330,2024-06-15 00:00:00,A,178
1288,2332,2024-08-06 00:00:00,A,925
1289,2334,2026-07-08 00:00:00,A,1220
1290,2335,2026-07-13 00:00:00,A,563
1291,2336,2023-11-23 00:00:00,B,1327
1292,2337,2023-06-05 00:00:00,A,114
1293,2339,2025-08-11 00:00:00,A,4
1294,2340,2023-09-24 00:00:00,A,1164
1295,2343,2026-04-15 00:00:00,A,965
1296,2345,2025-10-24 00:00:00,A,406
1297,2346,2026-02-14 00:00:00,A,371
1298,2347,2026-04-22 00:00:00,A,202
1299,2348,2026-03-11 00:00:00,B,603
1300,2349,2026-03-21 00:00:00,A,979
1301,2350,2026-06-22 00:00:00,A,149
1302,2351,2023-02-15 00:00:00,A,1096
1303,2352,2025-09-04 00:00:00,A,1057
1304,2354,2024-04-07 00:00:00,C,1327
1305,2355,2025-11-23 00:00:00,C,603
1306,2356,2025-08-04 00:00:00,A,407
1307,2357,2024-10-17 00:00:00,B,1025
1308,2358,2024-11-03 00:00:00,A,1222
1309,2359,2025-06-15 00:00:00,A,227
1310,2361,2024-10-14 00:00:00,C,458
1311,2362,2026-04-10 00:00:00,A,142
1312,2363,2025-07-07 00:00:00,A,18
1313,2364,2024-05-31 00:00:00,A,865
1314,2365,2024-02-29 00:00:00,A,1215
1315,2367,2025-09-13 00:00:00,C,892
1316,2369,2026-07-13 00:00:00,A,1172
1317,2370,2023-09-06 00:00:00,A,630
1318,2371,2025-05-27 00:00:00,A,773
1319,2373,2025-12-20 00:00:00,A,705
1320,2374,2026-07-13 00:00:00,A,1152
1321,2376,2026-02-07 00:00:00,A,705
1322,2377,2025-11-05 00:00:00,A,1317
1323,2378,2023-11-25 00:00:00,A,684
1324,2379,2025-01-20 00:00:00,A,1297
1325,2380,2026-05-30 00:00:00,A,1071
1326,2382,2025-09-27 00:00:00,A,768
1327,2383,2026-02-07 00:00:00,A,755
1328,2384,2024-10-27 00:00:00,A,1040
1329,2385,2026-07-13 00:00:00,A,761
1330,2386,2024-08-08 00:00:00,A,526
1331,2387,2024-02-15 00:00:00,A,185
1332,2388,2026-05-27 00:00:00,A,1237
1333,2389,2025-04-19 00:00:00,C,337
1334,2391,2025-07-13 00:00:00,A,265
1335,2394,2025-03-27 00:00:00,A,943
1336,2395,2026-07-13 00:00:00,C,437
1337,2396,2024-01-06 00:00:00,A,471
1338,2401,2025-10-07 00:00:00,B,1238
1339,2402,2025-05-18 00:00:00,A,1050
1340,2403,2024-06-15 00:00:00,A,1193
1341,2404,2024-03-25 00:00:00,A,394
1342,2405,2025-03-31 00:00:00,A,396
1343,2406,2026-04-07 00:00:00,A,297
1344,2409,2023-12-05 00:00:00,A,799
1345,2419,2025-06-04 00:00:00,A,1143
1346,2421,2024-03-11 00:00:00,A,1187
1347,2422,2023-09-01 00:00:00,A,1301
1348,2423,2025-12-22 00:00:00,B,1018
1349,2424,2026-05-30 00:00:00,A,309
1350,2425,2025-07-17 00:00:00,A,969
1351,2427,2025-02-08 00:00:00,C,331
1352,2429,2025-08-08 00:00:00,A,783
1353,2430,2024-05-29 00:00:00,C,1201
1354,2433,2025-03-04 00:00:00,A,1059
1355,2437,2026-01-02 00:00:00,A,294
1356,2442,2026-07-06 00:00:00,A,784
1357,2448,2025-05-12 00:00:00,A,955
1358,2449,2024-07-13 00:00:00,A,808
1359,2451,2024-05-30 00:00:00,A,760
1360,2453,2023-11-13 00:00:00,C,1014
1361,2454,2024-03-22 00:00:00,C,268
1362,2455,2025-02-12 00:00:00,A,511
1363,2457,2026-07-13 00:00:00,A,1026
1364,2458,2025-02-24 00:00:00,A,926
1365,2459,2024-03-27 00:00:00,A,31
1366,2460,2026-07-13 00:00:00,A,1139
1367,2462,2026-07-13 00:00:00,A,1208
1368,2464,2023-07-22 00:00:00,A,577
1369,2465,2024-07-27 00:00:00,A,605
1370,2466,2024-03-05 00:00:00,C,219
1371,2467,2025-12-29 00:00:00,A,288
1372,2468,2026-02-15 00:00:00,A,508
1373,2470,2025-12-28 00:00:00,A,730
1374,2473,2026-01-28 00:00:00,B,221
1375,2476,2026-07-13 00:00:00,B,1267
1376,2478,2026-03-30 00:00:00,A,1287
1377,2481,2023-11-27 00:00:00,A,1302
1378,2489,2025-11-08 00:00:00,C,944
1379,2491,2025-12-27 00:00:00,C,412
1380,2492,2025-09-03 00:00:00,A,110
1381,2494,2025-09-11 00:00:00,A,1026
1382,2495,2026-06-03 00:00:00,B,367
1383,2496,2024-02-24 00:00:00,A,489
1384,2497,2026-04-10 00:00:00,A,992
1385,2498,2026-07-11 00:00:00,A,261
1386,2499,2023-09-28 00:00:00,A,888
1387,2500,2025-06-08 00:00:00,A,861
1388,2501,2023-09-20 00:00:00,B,1204
1389,2502,2023-07-15 00:00:00,A,1327
1390,2503,2024-03-30 00:00:00,A,1073
1391,2506,2025-07-31 00:00:00,B,1227
1392,2508,2025-09-09 00:00:00,A,954
1393,2509,2024-01-26 00:00:00,A,718
1394,2510,2026-07-13 00:00:00,C,737
1395,2512,2024-09-02 00:00:00,A,850
1396,2514,2023-11-25 00:00:00,C,507
1397,2515,2026-01-26 00:00:00,A,1023
1398,2516,2023-10-22 00:00:00,A,797
1399,2518,2024-08-28 00:00:00,B,267
1400,2519,2023-10-04 00:00:00,A,790
1401,2520,2024-12-20 00:00:00,C,361
1402,2521,2024-10-29 00:00:00,B,59
1403,2522,2024-09-22 00:00:00,A,1196
1404,2523,2026-05-14 00:00:00,A,96
1405,2524,2024-08-03 00:00:00,A,720
1406,2526,2026-04-27 00:00:00,C,651
1407,2534,2026-02-26 00:00:00,C,389
1408,2535,2026-06-17 00:00:00,A,30
1409,2537,2023-10-20 00:00:00,A,876
1410,2541,2024-08-13 00:00:00,A,363
1411,2543,2023-08-24 00:00:00,A,205
1412,2544,2024-10-07 00:00:00,A,653
1413,2547,2026-03-30 00:00:00,A,77
1414,2548,2025-03-28 00:00:00,C,950
1415,2549,2026-03-21 00:00:00,A,255
1416,2550,2025-04-06 00:00:00,C,429
1417,2552,2025-12-02 00:00:00,A,1030
1418,2555,2026-07-13 00:00:00,A,135
1419,2556,2026-05-03 00:00:00,A,894
1420,2558,2023-11-15 00:00:00,C,1282
1421,2560,2025-12-22 00:00:00,A,1042
1422,2561,2023-05-18 00:00:00,B,353
1423,2563,2023-07-01 00:00:00,A,1292
1424,2565,2025-04-03 00:00:00,A,647
1425,2567,2025-07-18 00:00:00,A,776
1426,2568,2025-04-27 00:00:00,C,18
1427,2569,2024-09-08 00:00:00,A,250
1428,2570,2024-08-22 00:00:00,C,3
1429,2572,2025-12-20 00:00:00,A,718
1430,2574,2025-06-20 00:00:00,A,1233
1431,2577,2023-08-13 00:00:00,B,414
1432,2580,2024-06-28 00:00:00,A,1001
1433,2581,2026-07-13 00:00:00,A,928
1434,2585,2026-06-02 00:00:00,A,66
1435,2586,2024-08-16 00:00:00,B,1209
1436,2587,2024-01-11 00:00:00,A,803
1437,2592,2024-10-21 00:00:00,A,40
1438,2599,2026-02-01 00:00:00,C,59
1439,2601,2026-06-01 00:00:00,A,745
1440,2604,2024-05-14 00:00:00,A,333
1441,2605,2025-04-19 00:00:00,B,1287
1442,2607,2024-06-11 00:00:00,B,968
1443,2608,2024-04-28 00:00:00,A,825
1444,2610,2024-01-09 00:00:00,A,1045
1445,2613,2023-10-27 00:00:00,A,1251
1446,2614,2024-05-26 00:00:00,A,194
1447,2617,2025-01-28 00:00:00,A,1171
1448,2619,2026-07-13 00:00:00,A,151
1449,2623,2023-07-22 00:00:00,A,1132
1450,2625,2023-07-11 00:00:00,A,309
1451,2626,2025-09-25 00:00:00,B,360
1452,2628,2024-08-29 00:00:00,A,354
1453,2630,2023-09-09 00:00:00,A,368
1454,2631,2025-11-28 00:00:00,A,290
1455,2632,2025-03-26 00:00:00,A,1303
1456,2633,2025-01-15 00:00:00,A,357
1457,2634,2023-07-02 00:00:00,A,931
1458,2636,2026-07-13 00:00:00,A,732
1459,2637,2023-05-15 00:00:00,B,556
1460,2639,2025-11-30 00:00:00,A,600
1461,2640,2024-03-09 00:00:00,B,439
1462,2642,2024-05-22 00:00:00,A,1158
1463,2643,2024-12-11 00:00:00,C,43
1464,2644,2024-11-01 00:00:00,A,353
1465,2647,2025-11-24 00:00:00,C,424
1466,2649,2026-07-13 00:00:00,C,981
1467,2654,2026-07-13 00:00:00,A,851
1468,2655,2024-02-22 00:00:00,B,890
1469,2658,2023-09-29 00:00:00,A,257
1470,2659,2025-11-08 00:00:00,A,1133
1471,2660,2024-04-27 00:00:00,A,1053
1472,2661,2025-03-09 00:00:00,C,334
1473,2663,2024-06-15 00:00:00,A,1243
1474,2664,2023-11-30 00:00:00,A,1127
1475,2665,2025-09-21 00:00:00,A,884
1476,2666,2024-05-15 00:00:00,C,1113
1477,2667,2025-12-27 00:00:00,A,405
1478,2668,2023-09-21 00:00:00,A,1048
1479,2671,2025-06-27 00:00:00,C,336
1480,2674,2023-11-21 00:00:00,A,775
1481,2675,2023-08-13 00:00:00,C,377
1482,2676,2026-03-26 00:00:00,C,466
1483,2679,2026-02-24 00:00:00,A,623
1484,2682,2023-08-22 00:00:00,A,490
1485,2684,2026-05-26 00:00:00,A,1019
1486,2685,2026-06-19 00:00:00,C,903
1487,2686,2024-01-05 00:00:00,A,880
1488,2687,2024-08-24 00:00:00,A,512
1489,2688,2023-07-22 00:00:00,A,1045
1490,2690,2024-07-05 00:00:00,A,280
1491,2691,2025-01-26 00:00:00,A,843
1492,2693,2024-06-24 00:00:00,A,1239
1493,2694,2026-06-26 00:00:00,A,1102
1494,2697,2024-07-25 00:00:00,A,372
1495,2698,2026-07-13 00:00:00,A,638
1496,2699,2025-08-05 00:00:00,C,1
1497,2700,2023-08-25 00:00:00,A,461
1498,2702,2024-06-27 00:00:00,A,1321
1499,2703,2026-07-13 00:00:00,A,249
1500,2704,2026-03-21 00:00:00,A,115
1501,2706,2024-09-18 00:00:00,A,295
1502,2707,2024-09-12 00:00:00,A,560
1503,2709,2025-03-28 00:00:00,A,1231
1504,2712,2026-05-21 00:00:00,A,126
1505,2713,2025-03-18 00:00:00,A,287
1506,2716,2026-02-07 00:00:00,A,252
1507,2720,2023-08-18 00:00:00,A,342
1508,2722,2024-04-01 00:00:00,B,153
1509,2724,2024-04-05 00:00:00,A,493
1510,2726,2026-07-13 00:00:00,A,436
1511,2728,2025-06-22 00:00:00,A,165
1512,2731,2026-05-15 00:00:00,A,250
1513,2732,2024-06-10 00:00:00,A,732
1514,2733,2024-01-17 00:00:00,A,976
1515,2734,2024-07-11 00:00:00,A,11
1516,2736,2023-06-17 00:00:00,B,1326
1517,2737,2023-11-10 00:00:00,A,978
1518,2738,2025-11-16 00:00:00,A,1286
1519,2740,2024-05-28 00:00:00,A,1009
1520,2741,2025-05-18 00:00:00,A,521
1521,2742,2025-03-01 00:00:00,A,784
1522,2743,2025-09-30 00:00:00,A,793
1523,2746,2023-11-25 00:00:00,A,481
1524,2750,2024-02-19 00:00:00,A,1329
1525,2751,2023-12-12 00:00:00,A,1276
1526,2752,2024-10-22 00:00:00,A,683
1527,2753,2026-07-13 00:00:00,C,149
1528,2754,2024-08-03 00:00:00,A,565
1529,2756,2026-04-02 00:00:00,A,426
1530,2759,2024-04-09 00:00:00,A,934
1531,2760,2025-05-07 00:00:00,A,270
1532,2762,2024-09-04 00:00:00,C,691
1533,2764,2026-07-13 00:00:00,C,379
1534,2765,2025-08-31 00:00:00,A,652
1535,2766,2024-04-19 00:00:00,C,488
1536,2771,2026-06-13 00:00:00,A,462
1537,2772,2025-12-14 00:00:00,A,1299
1538,2773,2024-09-28 00:00:00,A,1060
1539,2775,2025-12-07 00:00:00,C,1083
1540,2776,2024-12-26 00:00:00,A,10
1541,2777,2025-04-18 00:00:00,A,793
1542,2778,2025-04-13 00:00:00,A,80
1543,2779,2026-07-13 00:00:00,A,693
1544,2785,2023-05-03 00:00:00,A,420
1545,2786,2026-05-27 00:00:00,A,786
1546,2789,2025-04-13 00:00:00,A,1089
1547,2791,2025-03-18 00:00:00,A,388
1548,2792,2024-07-21 00:00:00,A,896
1549,2794,2025-04-30 00:00:00,C,1148
1550,2796,2024-05-11 00:00:00,C,1010
1551,2798,2024-08-26 00:00:00,A,460
1552,2799,2026-03-04 00:00:00,A,785
1553,2800,2025-08-25 00:00:00,A,1310
1554,2801,2024-11-18 00:00:00,A,1113
1555,2804,2026-07-13 00:00:00,C,992
1556,2805,2024-07-13 00:00:00,B,1262
1557,2806,2024-03-19 00:00:00,C,161
1558,2808,2023-04-04 00:00:00,A,348
1559,2809,2024-11-01 00:00:00,A,309
1560,2810,2025-01-23 00:00:00,A,989
1561,2811,2023-10-29 00:00:00,C,813
1562,2813,2024-03-01 00:00:00,A,1089
1563,2815,2026-07-13 00:00:00,A,49
1564,2816,2023-10-11 00:00:00,A,855
1565,2819,2026-07-13 00:00:00,A,81
1566,2820,2025-01-18 00:00:00,B,457
1567,2823,2024-09-18 00:00:00,A,513
1568,2831,2026-07-11 00:00:00,A,1280
1569,2832,2024-11-21 00:00:00,C,160
1570,2835,2026-07-13 00:00:00,A,609
1571,2836,2024-10-26 00:00:00,A,260
1572,2837,2025-01-01 00:00:00,A,1222
1573,2838,2023-06-04 00:00:00,B,719
1574,2839,2025-01-22 00:00:00,C,837
1575,2842,2024-08-23 00:00:00,A,1303
1576,2843,2024-05-02 00:00:00,A,494
1577,2846,2024-06-13 00:00:00,A,1130
1578,2847,2023-11-05 00:00:00,C,1175
1579,2852,2025-05-22 00:00:00,C,269
1580,2853,2023-12-22 00:00:00,A,98
1581,2854,2023-08-03 00:00:00,A,608
1582,2855,2025-08-26 00:00:00,A,444
1583,2856,2024-10-24 00:00:00,A,1283
1584,2860,2023-07-09 00:00:00,B,419
1585,2862,2026-07-13 00:00:00,A,1142
1586,2863,2025-05-02 00:00:00,C,265
1587,2864,2026-02-24 00:00:00,A,342
1588,2867,2024-02-26 00:00:00,C,655
1589,2868,2024-05-12 00:00:00,C,605
1590,2871,2023-08-14 00:00:00,B,971
1591,2873,2024-11-16 00:00:00,B,835
1592,2875,2024-08-11 00:00:00,B,442
1593,2876,2024-05-18 00:00:00,A,964
1594,2878,2026-06-02 00:00:00,C,641
1595,2879,2026-02-05 00:00:00,C,954
1596,2880,2025-05-30 00:00:00,A,851
1597,2882,2025-02-19 00:00:00,A,575
1598,2888,2024-07-22 00:00:00,C,1052
1599,2889,2026-07-13 00:00:00,C,479
1600,2891,2025-12-12 00:00:00,A,414
1601,2893,2026-07-13 00:00:00,A,950
1602,2894,2023-11-20 00:00:00,A,308
1603,2895,2024-05-13 00:00:00,A,1302
1604,2904,2023-05-27 00:00:00,A,436
1605,2906,2026-07-13 00:00:00,A,1225
1606,2907,2024-04-09 00:00:00,C,837
1607,2908,2026-04-20 00:00:00,C,908
1608,2909,2023-09-27 00:00:00,A,265
1609,2910,2025-05-09 00:00:00,B,739
1610,2911,2024-10-28 00:00:00,A,1077
1611,2912,2026-05-04 00:00:00,A,496
1612,2913,2023-12-05 00:00:00,C,388
1613,2914,2025-05-09 00:00:00,A,917
1614,2916,2026-07-13 00:00:00,B,900
1615,2918,2023-08-05 00:00:00,C,286
1616,2919,2026-07-13 00:00:00,B,1180
1617,2920,2025-06-29 00:00:00,C,275
1618,2921,2023-08-11 00:00:00,A,251
1619,2922,2025-09-06 00:00:00,B,241
1620,2925,2023-10-05 00:00:00,A,613
1621,2926,2025-05-27 00:00:00,A,406
1622,2928,2023-06-26 00:00:00,C,961
1623,2930,2024-02-08 00:00:00,A,1303
1624,2931,2025-02-25 00:00:00,B,918
1625,2932,2023-10-29 00:00:00,A,1133
1626,2933,2025-07-18 00:00:00,A,402
1627,2934,2024-10-19 00:00:00,A,144
1628,2935,2025-12-10 00:00:00,A,574
1629,2937,2026-07-13 00:00:00,C,581
1630,2939,2024-03-18 00:00:00,A,252
1631,2940,2026-05-10 00:00:00,A,201
1632,2943,2023-08-28 00:00:00,A,705
1633,2946,2026-02-04 00:00:00,A,1308
1634,2947,2024-07-20 00:00:00,C,593
1635,2948,2026-05-20 00:00:00,B,676
1636,2949,2023-12-23 00:00:00,A,997
1637,2950,2025-02-08 00:00:00,A,1197
1638,2951,2024-04-06 00:00:00,C,709
1639,2952,2024-03-02 00:00:00,A,1238
1640,2953,2026-02-15 00:00:00,C,585
1641,2955,2025-10-29 00:00:00,A,471
1642,2956,2024-09-07 00:00:00,A,720
1643,2958,2024-03-13 00:00:00,A,576
1644,2959,2023-08-23 00:00:00,A,1258
1645,2960,2023-10-19 00:00:00,A,138
1646,2964,2024-05-14 00:00:00,A,738
1647,2965,2025-09-21 00:00:00,A,144
1648,2966,2026-07-13 00:00:00,A,179
1649,2967,2025-05-28 00:00:00,A,381
1650,2968,2024-11-20 00:00:00,A,428
1651,2970,2026-05-19 00:00:00,A,638
1652,2973,2024-08-13 00:00:00,A,1326
1653,2974,2024-05-30 00:00:00,A,1217
1654,2976,2024-08-05 00:00:00,A,802
1655,2980,2023-10-07 00:00:00,A,797
1656,2981,2025-09-29 00:00:00,C,616
1657,2983,2025-04-02 00:00:00,A,33
1658,2985,2024-04-11 00:00:00,A,652
1659,2986,2024-07-31 00:00:00,C,1161
1660,2988,2026-07-13 00:00:00,C,974
1661,2989,2023-12-05 00:00:00,B,109
1662,2992,2025-12-15 00:00:00,A,224
1663,2993,2023-09-19 00:00:00,A,915
1664,2997,2025-12-09 00:00:00,A,1197
1665,3001,2026-03-13 00:00:00,C,1307
1666,3003,2025-03-11 00:00:00,A,124
1667,3005,2025-01-14 00:00:00,C,494
1668,3006,2023-12-20 00:00:00,A,296
1669,3007,2025-10-20 00:00:00,A,1143
1670,3008,2025-08-19 00:00:00,A,1325
1671,3009,2025-02-23 00:00:00,A,1244
1672,3010,2024-11-17 00:00:00,A,709
1673,3013,2026-04-09 00:00:00,A,971
1674,3014,2026-04-22 00:00:00,A,68
1675,3018,2025-09-02 00:00:00,A,1303
1676,3019,2024-11-16 00:00:00,A,664
1677,3023,2026-01-25 00:00:00,A,484
1678,3024,2024-03-25 00:00:00,A,870
1679,3026,2024-07-29 00:00:00,A,520
1680,3027,2025-02-22 00:00:00,A,137
1681,3029,2025-12-31 00:00:00,A,294
1682,3030,2025-10-17 00:00:00,A,1241
1683,3032,2025-10-26 00:00:00,A,125
1684,3036,2025-05-29 00:00:00,A,109
1685,3037,2025-11-24 00:00:00,A,1
1686,3038,2024-02-11 00:00:00,A,29
1687,3039,2025-01-02 00:00:00,A,900
1688,3041,2023-08-27 00:00:00,A,1287
1689,3044,2023-09-20 00:00:00,A,93
1690,3046,2023-11-09 00:00:00,B,1213
1691,3047,2023-05-27 00:00:00,A,740
1692,3054,2024-06-12 00:00:00,A,301
1693,3055,2024-07-07 00:00:00,B,598
1694,3056,2023-10-08 00:00:00,A,862
1695,3057,2023-08-21 00:00:00,A,56
1696,3058,2026-03-26 00:00:00,A,607
1697,3060,2023-11-01 00:00:00,A,183
1698,3062,2024-11-21 00:00:00,B,456
1699,3063,2024-04-28 00:00:00,A,1062
1700,3065,2025-04-11 00:00:00,A,430
1701,3066,2024-11-25 00:00:00,A,1009
1702,3068,2026-07-13 00:00:00,A,816
1703,3069,2023-11-15 00:00:00,A,1266
1704,3070,2025-02-09 00:00:00,A,509
1705,3071,2024-06-18 00:00:00,A,305
1706,3072,2024-05-18 00:00:00,A,514
1707,3074,2025-01-10 00:00:00,A,1326
1708,3076,2024-06-22 00:00:00,A,700
1709,3081,2026-06-04 00:00:00,A,977
1710,3082,2024-11-19 00:00:00,A,138
1711,3083,2025-12-14 00:00:00,C,434
1712,3084,2026-07-06 00:00:00,A,1026
1713,3088,2025-09-20 00:00:00,C,515
1714,3094,2026-04-02 00:00:00,A,531
1715,3095,2025-01-19 00:00:00,C,384
1716,3096,2024-03-26 00:00:00,A,1063
1717,3097,2024-01-13 00:00:00,A,91
1718,3099,2026-05-03 00:00:00,A,1192
1719,3101,2025-03-23 00:00:00,C,240
1720,3102,2025-10-25 00:00:00,A,1205
1721,3103,2024-05-15 00:00:00,B,1114
1722,3104,2024-04-03 00:00:00,A,729
1723,3105,2023-12-17 00:00:00,A,324
1724,3107,2024-03-20 00:00:00,A,53
1725,3108,2025-10-26 00:00:00,A,652
1726,3109,2023-11-16 00:00:00,A,621
1727,3111,2025-03-18 00:00:00,A,891
1728,3113,2025-02-16 00:00:00,A,762
1729,3114,2025-07-06 00:00:00,A,1075
1730,3117,2025-10-29 00:00:00,A,1204
1731,3119,2026-07-13 00:00:00,A,429
1732,3121,2026-01-22 00:00:00,A,719
1733,3122,2023-05-30 00:00:00,A,171
1734,3124,2025-12-29 00:00:00,A,699
1735,3127,2025-01-12 00:00:00,A,1301
1736,3129,2025-04-06 00:00:00,A,1205
1737,3131,2025-08-18 00:00:00,A,186
1738,3133,2025-04-12 00:00:00,A,161
1739,3136,2023-11-02 00:00:00,A,854
1740,3137,2025-03-04 00:00:00,A,1159
1741,3138,2026-06-24 00:00:00,C,1144
1742,3139,2026-07-13 00:00:00,C,1299
1743,3142,2023-08-31 00:00:00,B,947
1744,3143,2026-07-13 00:00:00,B,308
1745,3147,2025-09-27 00:00:00,A,989
1746,3150,2023-07-10 00:00:00,B,40
1747,3151,2025-04-07 00:00:00,A,407
1748,3152,2024-02-26 00:00:00,A,35
1749,3154,2023-09-26 00:00:00,C,566
1750,3155,2025-07-04 00:00:00,A,232
1751,3157,2025-06-22 00:00:00,B,576
1752,3158,2025-08-14 00:00:00,B,269
1753,3159,2024-08-05 00:00:00,C,288
1754,3162,2026-05-17 00:00:00,B,736
1755,3166,2024-05-10 00:00:00,A,455
1756,3169,2026-06-26 00:00:00,A,621
1757,3171,2023-04-23 00:00:00,A,493
1758,3172,2025-05-27 00:00:00,A,637
1759,3175,2023-08-07 00:00:00,A,273
1760,3176,2024-05-12 00:00:00,A,170
1761,3178,2023-03-24 00:00:00,A,1280
1762,3179,2024-05-16 00:00:00,A,110
1763,3180,2024-08-14 00:00:00,A,930
1764,3181,2025-02-12 00:00:00,A,598
1765,3182,2023-08-25 00:00:00,A,307
1766,3183,2025-03-08 00:00:00,A,458
1767,3185,2026-07-13 00:00:00,A,165
1768,3188,2024-01-04 00:00:00,C,961
1769,3190,2024-01-29 00:00:00,A,308
1770,3191,2025-01-26 00:00:00,A,1060
1771,3192,2025-04-04 00:00:00,C,791
1772,3194,2025-01-05 00:00:00,A,976
1773,3195,2024-05-23 00:00:00,A,1251
1774,3196,2024-01-29 00:00:00,C,102
1775,3200,2026-03-15 00:00:00,A,802
1776,3203,2024-04-19 00:00:00,A,567
1777,3205,2026-04-10 00:00:00,A,1
1778,3210,2026-02-09 00:00:00,A,700
1779,3212,2023-12-05 00:00:00,A,686
1780,3215,2024-12-31 00:00:00,B,590
1781,3217,2024-10-05 00:00:00,A,1255
1782,3218,2026-07-13 00:00:00,C,984
1783,3219,2023-03-25 00:00:00,A,58
1784,3220,2026-07-13 00:00:00,C,1153
1785,3222,2025-09-30 00:00:00,A,704
1786,3225,2025-04-28 00:00:00,A,1027
1787,3226,2025-04-15 00:00:00,C,630
1788,3228,2024-07-21 00:00:00,A,1237
1789,3229,2024-09-06 00:00:00,A,1083
1790,3230,2025-10-23 00:00:00,A,695
1791,3231,2025-06-10 00:00:00,A,1255
1792,3232,2026-01-09 00:00:00,C,1151
1793,3234,2025-09-07 00:00:00,A,1167
1794,3235,2025-07-25 00:00:00,A,127
1795,3237,2025-03-09 00:00:00,C,1277
1796,3238,2025-09-03 00:00:00,B,881
1797,3239,2025-06-28 00:00:00,A,1266
1798,3240,2024-10-01 00:00:00,B,860
1799,3242,2024-08-04 00:00:00,C,205
1800,3243,2023-02-01 00:00:00,A,1270
1801,3246,2026-02-04 00:00:00,A,1029
1802,3248,2024-08-26 00:00:00,A,1200
1803,3250,2026-01-27 00:00:00,A,293
1804,3251,2026-05-14 00:00:00,A,546
1805,3253,2025-03-10 00:00:00,A,486
1806,3259,2025-02-20 00:00:00,A,1023
1807,3261,2024-06-22 00:00:00,A,712
1808,3262,2024-11-27 00:00:00,C,618
1809,3263,2023-07-10 00:00:00,A,761
1810,3265,2024-08-16 00:00:00,A,1126
1811,3266,2025-01-30 00:00:00,A,1229
1812,3267,2024-03-27 00:00:00,B,127
1813,3270,2026-04-11 00:00:00,A,1207
1814,3271,2025-01-11 00:00:00,A,332
1815,3273,2026-07-13 00:00:00,A,648
1816,3275,2025-03-06 00:00:00,B,548
1817,3276,2025-03-03 00:00:00,A,731
1818,3279,2025-05-27 00:00:00,A,1082
1819,3280,2024-10-26 00:00:00,A,1316
1820,3281,2025-01-15 00:00:00,C,102
1821,3283,2023-04-27 00:00:00,A,1143
1822,3284,2024-02-08 00:00:00,C,166
1823,3285,2025-09-10 00:00:00,A,1118
1824,3286,2023-08-08 00:00:00,A,641
1825,3288,2024-10-16 00:00:00,A,417
1826,3289,2025-09-23 00:00:00,A,1159
1827,3290,2023-04-29 00:00:00,A,71
1828,3292,2026-02-23 00:00:00,C,419
1829,3293,2025-03-09 00:00:00,C,348
1830,3295,2026-01-16 00:00:00,C,309
1831,3296,2026-04-24 00:00:00,A,723
1832,3299,2023-07-15 00:00:00,A,1311
1833,3304,2023-06-05 00:00:00,A,71
1834,3305,2023-08-24 00:00:00,A,524
1835,3309,2024-08-30 00:00:00,A,653
1836,3311,2026-03-03 00:00:00,A,962
1837,3312,2024-11-12 00:00:00,B,34
1838,3313,2025-07-29 00:00:00,A,1131
1839,3314,2025-04-08 00:00:00,A,1182
1840,3315,2025-07-14 00:00:00,B,1177
1841,3318,2024-09-04 00:00:00,A,648
1842,3319,2025-07-06 00:00:00,A,172
1843,3321,2023-08-07 00:00:00,B,1262
1844,3322,2024-10-07 00:00:00,C,237
1845,3324,2026-02-21 00:00:00,A,1021
1846,3325,2024-05-31 00:00:00,A,1176
1847,3326,2026-02-16 00:00:00,C,1310
1848,3328,2024-12-18 00:00:00,C,937
1849,3329,2024-03-29 00:00:00,A,456
1850,3333,2025-05-11 00:00:00,A,375
1851,3334,2026-07-13 00:00:00,A,128
1852,3338,2024-02-26 00:00:00,A,318
1853,3341,2026-06-08 00:00:00,A,486
1854,3342,2025-12-22 00:00:00,B,343
1855,3343,2026-07-13 00:00:00,A,650
1856,3344,2026-05-28 00:00:00,A,1022
1857,3346,2026-06-22 00:00:00,A,857
1858,3347,2023-04-14 00:00:00,A,810
1859,3350,2026-07-05 00:00:00,C,1272
1860,3351,2025-02-10 00:00:00,A,798
1861,3353,2024-12-29 00:00:00,B,1211
1862,3355,2026-05-01 00:00:00,A,739
1863,3357,2023-04-08 00:00:00,A,677
1864,3360,2023-06-08 00:00:00,B,608
1865,3361,2024-06-25 00:00:00,A,740
1866,3363,2023-04-25 00:00:00,A,540
1867,3364,2026-02-18 00:00:00,C,1065
1868,3366,2024-01-26 00:00:00,C,856
1869,3367,2024-09-26 00:00:00,B,21
1870,3368,2024-08-15 00:00:00,A,607
1871,3370,2025-08-24 00:00:00,A,582
1872,3371,2024-03-08 00:00:00,C,1138
1873,3372,2026-07-13 00:00:00,A,1033
1874,3374,2023-08-04 00:00:00,A,899
1875,3375,2026-07-13 00:00:00,A,75
1876,3376,2025-06-21 00:00:00,C,950
1877,3377,2025-07-26 00:00:00,A,90
1878,3378,2026-06-30 00:00:00,A,272
1879,3380,2025-11-18 00:00:00,B,905
1880,3382,2025-01-07 00:00:00,B,656
1881,3384,2025-07-11 00:00:00,A,900
1882,3385,2025-11-05 00:00:00,C,28
1883,3387,2024-05-21 00:00:00,A,263
1884,3390,2026-07-13 00:00:00,C,1280
1885,3393,2024-02-26 00:00:00,A,1014
1886,3394,2025-11-22 00:00:00,A,726
1887,3395,2026-01-08 00:00:00,C,250
1888,3396,2024-12-26 00:00:00,A,50
1889,3399,2026-07-13 00:00:00,A,1334
1890,3402,2026-06-08 00:00:00,A,1052
1891,3404,2025-07-28 00:00:00,A,891
1892,3407,2026-06-21 00:00:00,A,162
1893,3408,2026-07-13 00:00:00,A,331
1894,3412,2025-11-24 00:00:00,A,475
1895,3413,2025-01-08 00:00:00,A,1098
1896,3415,2025-11-21 00:00:00,C,653
1897,3416,2025-09-08 00:00:00,A,1009
1898,3417,2025-04-29 00:00:00,A,822
1899,3418,2026-05-04 00:00:00,C,524
1900,3419,2026-07-13 00:00:00,A,952
1901,3421,2026-02-22 00:00:00,A,1260
1902,3422,2025-01-27 00:00:00,A,295
1903,3423,2026-07-13 00:00:00,A,905
1904,3424,2023-10-15 00:00:00,A,457
1905,3427,2026-06-30 00:00:00,A,1032
1906,3428,2024-05-31 00:00:00,B,275
1907,3429,2024-09-20 00:00:00,A,758
1908,3430,2025-06-02 00:00:00,A,907
1909,3431,2025-10-21 00:00:00,A,213
1910,3432,2023-09-04 00:00:00,A,970
1911,3433,2023-04-16 00:00:00,A,220
1912,3434,2023-05-10 00:00:00,A,289
1913,3436,2024-03-10 00:00:00,A,710
1914,3437,2024-03-15 00:00:00,B,1261
1915,3440,2024-02-20 00:00:00,A,20
1916,3444,2025-10-01 00:00:00,C,29
1917,3446,2024-05-16 00:00:00,C,983
1918,3448,2023-11-14 00:00:00,A,654
1919,3449,2024-12-15 00:00:00,C,838
1920,3450,2025-11-12 00:00:00,C,983
1921,3451,2024-10-11 00:00:00,A,1
1922,3452,2024-02-13 00:00:00,A,564
1923,3454,2026-01-25 00:00:00,A,680
1924,3456,2025-02-25 00:00:00,A,1218
1925,3457,2026-04-16 00:00:00,A,1
1926,3458,2025-11-27 00:00:00,A,1174
1927,3459,2024-08-03 00:00:00,A,437
1928,3460,2024-06-26 00:00:00,A,265
1929,3461,2025-04-28 00:00:00,A,624
1930,3463,2026-04-27 00:00:00,C,448
1931,3465,2024-04-07 00:00:00,A,337
1932,3467,2026-07-13 00:00:00,A,47
1933,3469,2025-03-12 00:00:00,A,963
1934,3472,2024-07-02 00:00:00,A,604
1935,3473,2026-04-29 00:00:00,A,294
1936,3474,2026-02-21 00:00:00,A,876
1937,3477,2026-05-14 00:00:00,A,540
1938,3478,2024-01-16 00:00:00,A,1043
1939,3479,2024-06-29 00:00:00,A,1119
1940,3480,2023-08-27 00:00:00,A,578
1941,3481,2026-07-13 00:00:00,A,804
1942,3484,2025-05-26 00:00:00,A,484
1943,3488,2026-01-03 00:00:00,A,511
1944,3489,2024-03-20 00:00:00,B,990
1945,3490,2024-03-01 00:00:00,B,787
1946,3493,2025-04-03 00:00:00,A,1099
1947,3494,2025-02-15 00:00:00,A,628
1948,3496,2026-07-13 00:00:00,A,855
1949,3497,2024-02-03 00:00:00,A,1175
1950,3498,2023-08-09 00:00:00,C,180
1951,3501,2024-06-12 00:00:00,A,830
1952,3502,2025-07-15 00:00:00,C,1169
1953,3503,2026-05-12 00:00:00,A,1079
1954,3505,2026-05-02 00:00:00,A,472
1955,3509,2023-12-16 00:00:00,A,522
1956,3511,2024-01-01 00:00:00,A,861
1957,3512,2026-07-13 00:00:00,A,1024
1958,3513,2026-07-13 00:00:00,C,1003
1959,3514,2025-12-27 00:00:00,A,477
1960,3515,2026-03-05 00:00:00,B,3
1961,3516,2024-01-17 00:00:00,A,541
1962,3517,2023-11-21 00:00:00,A,576
1963,3518,2024-07-06 00:00:00,B,949
1964,3520,2026-07-09 00:00:00,C,716
1965,3521,2025-06-13 00:00:00,C,1019
1966,3522,2023-12-05 00:00:00,B,1212
1967,3525,2026-03-18 00:00:00,C,396
1968,3529,2024-08-17 00:00:00,A,681
1969,3530,2023-11-02 00:00:00,A,668
1970,3533,2023-07-07 00:00:00,A,1017
1971,3535,2024-08-25 00:00:00,A,831
1972,3536,2025-09-06 00:00:00,A,326
1973,3537,2024-04-22 00:00:00,C,765
1974,3540,2025-11-07 00:00:00,B,30
1975,3543,2025-06-14 00:00:00,A,938
1976,3545,2026-07-05 00:00:00,A,1019
1977,3546,2025-04-29 00:00:00,A,559
1978,3547,2024-03-10 00:00:00,A,654
1979,3548,2025-06-20 00:00:00,A,1225
1980,3549,2025-03-19 00:00:00,A,203
1981,3550,2023-06-21 00:00:00,A,187
1982,3551,2025-01-14 00:00:00,A,815
1983,3554,2025-11-12 00:00:00,A,339
1984,3555,2026-07-13 00:00:00,C,378
1985,3557,2023-12-19 00:00:00,A,766
1986,3558,2026-04-11 00:00:00,A,1206
1987,3560,2026-04-21 00:00:00,A,1318
1988,3561,2026-07-13 00:00:00,A,1256
1989,3564,2025-01-01 00:00:00,A,983
1990,3566,2025-09-19 00:00:00,C,287
1991,3568,2026-07-13 00:00:00,C,983
1992,3570,2023-04-10 00:00:00,A,111
1993,3572,2025-11-15 00:00:00,A,897
1994,3574,2026-07-09 00:00:00,A,694
1995,3575,2023-09-05 00:00:00,C,235
1996,3576,2025-02-04 00:00:00,B,500
1997,3578,2024-09-25 00:00:00,A,907
1998,3580,2024-04-04 00:00:00,A,521
1999,3581,2025-06-25 00:00:00,A,1330
2000,3582,2026-07-13 00:00:00,A,236
2001,3583,2023-10-26 00:00:00,C,994
2002,3584,2025-07-15 00:00:00,A,559
2003,3587,2025-02-15 00:00:00,A,1278
2004,3588,2023-12-05 00:00:00,A,535
2005,3589,2024-02-14 00:00:00,A,257
2006,3592,2025-06-16 00:00:00,A,1291
2007,3594,2026-03-17 00:00:00,A,644
2008,3597,2025-08-15 00:00:00,A,1062
2009,3598,2026-05-07 00:00:00,A,337
2010,3604,2024-11-02 00:00:00,A,952
2011,3608,2026-07-07 00:00:00,C,483
2012,3609,2024-09-24 00:00:00,A,1207
2013,3611,2025-11-24 00:00:00,C,1329
2014,3613,2026-03-11 00:00:00,A,775
2015,3614,2025-10-20 00:00:00,A,730
2016,3615,2025-12-06 00:00:00,C,126
2017,3621,2026-02-27 00:00:00,C,731
2018,3624,2025-08-15 00:00:00,A,1170
2019,3626,2025-05-23 00:00:00,A,865
2020,3630,2024-11-11 00:00:00,C,1292
2021,3632,2025-04-10 00:00:00,C,1221
2022,3633,2024-07-12 00:00:00,A,223
2023,3634,2023-12-27 00:00:00,A,731
2024,3637,2024-05-17 00:00:00,B,230
2025,3638,2023-04-07 00:00:00,A,494
2026,3640,2026-06-03 00:00:00,A,908
2027,3641,2024-06-12 00:00:00,A,617
2028,3642,2026-04-23 00:00:00,B,476
2029,3644,2023-09-13 00:00:00,A,900
2030,3647,2024-01-29 00:00:00,A,76
2031,3649,2025-04-27 00:00:00,A,341
2032,3652,2024-02-08 00:00:00,B,257
2033,3654,2024-04-21 00:00:00,A,354
2034,3655,2026-05-17 00:00:00,A,365
2035,3657,2023-09-05 00:00:00,C,394
2036,3660,2026-07-13 00:00:00,A,645
2037,3662,2024-05-08 00:00:00,A,832
2038,3663,2026-04-01 00:00:00,A,217
2039,3667,2024-06-22 00:00:00,A,263
2040,3670,2025-11-27 00:00:00,A,938
2041,3671,2025-05-15 00:00:00,A,418
2042,3672,2024-07-22 00:00:00,B,580
2043,3673,2025-07-19 00:00:00,C,250
2044,3675,2023-12-03 00:00:00,C,1124
2045,3677,2024-10-21 00:00:00,C,1013
2046,3679,2023-06-26 00:00:00,A,1330
2047,3680,2026-07-13 00:00:00,B,1050
2048,3681,2026-06-22 00:00:00,A,1151
2049,3682,2026-03-05 00:00:00,A,159
2050,3684,2024-03-24 00:00:00,C,1272
2051,3686,2026-04-20 00:00:00,A,585
2052,3688,2026-07-13 00:00:00,A,1067
2053,3690,2024-05-05 00:00:00,A,1142
2054,3692,2024-07-15 00:00:00,A,1181
2055,3693,2026-02-12 00:00:00,A,573
2056,3694,2024-11-17 00:00:00,A,804
2057,3695,2024-03-11 00:00:00,B,108
2058,3700,2025-02-09 00:00:00,A,582
2059,3704,2024-06-29 00:00:00,C,170
2060,3705,2026-04-10 00:00:00,A,109
2061,3706,2024-10-20 00:00:00,A,54
2062,3707,2025-03-02 00:00:00,A,1024
2063,3708,2026-05-21 00:00:00,C,857
2064,3709,2024-06-10 00:00:00,A,217
2065,3710,2025-02-12 00:00:00,A,561
2066,3711,2024-11-21 00:00:00,A,892
2067,3712,2023-12-04 00:00:00,A,1260
2068,3713,2024-05-06 00:00:00,C,346
2069,3714,2024-01-13 00:00:00,A,869
2070,3715,2026-07-13 00:00:00,A,143
2071,3716,2025-05-22 00:00:00,C,1266
2072,3718,2025-09-18 00:00:00,A,291
2073,3719,2023-09-28 00:00:00,A,1084
2074,3720,2026-01-16 00:00:00,A,1275
2075,3721,2025-04-22 00:00:00,C,449
2076,3723,2024-04-09 00:00:00,A,477
2077,3724,2025-02-27 00:00:00,A,935
2078,3726,2023-03-09 00:00:00,A,66
2079,3727,2026-07-03 00:00:00,A,562
2080,3730,2024-09-06 00:00:00,A,339
2081,3732,2024-11-02 00:00:00,A,305
2082,3733,2026-03-04 00:00:00,A,877
2083,3735,2024-01-23 00:00:00,A,1208
2084,3736,2024-07-13 00:00:00,A,1061
2085,3737,2026-03-14 00:00:00,C,539
2086,3741,2024-04-23 00:00:00,A,1178
2087,3744,2025-12-18 00:00:00,A,875
2088,3747,2024-04-15 00:00:00,A,198
2089,3753,2025-03-01 00:00:00,A,340
2090,3754,2026-01-01 00:00:00,A,1142
2091,3758,2023-11-15 00:00:00,A,1046
2092,3760,2023-12-06 00:00:00,C,228
2093,3767,2026-03-23 00:00:00,C,514
2094,3768,2024-10-24 00:00:00,A,338
2095,3769,2023-08-04 00:00:00,A,408
2096,3770,2026-07-13 00:00:00,A,1046
2097,3775,2024-04-09 00:00:00,A,1323
2098,3776,2024-12-17 00:00:00,A,687
2099,3777,2026-04-24 00:00:00,A,275
2100,3781,2024-03-30 00:00:00,A,703
2101,3783,2026-07-13 00:00:00,C,584
2102,3784,2025-07-09 00:00:00,C,904
2103,3787,2023-10-23 00:00:00,A,1292
2104,3788,2026-07-13 00:00:00,B,460
2105,3789,2024-11-15 00:00:00,A,498
2106,3790,2024-12-08 00:00:00,A,154
2107,3792,2024-09-28 00:00:00,A,995
2108,3794,2026-02-23 00:00:00,A,753
2109,3796,2026-07-03 00:00:00,A,622
2110,3798,2024-01-18 00:00:00,A,856
2111,3799,2025-09-21 00:00:00,A,454
2112,3800,2026-07-13 00:00:00,A,1044
2113,3801,2026-07-13 00:00:00,A,802
2114,3803,2026-07-13 00:00:00,A,1222
2115,3804,2026-07-13 00:00:00,A,234
2116,3805,2026-01-11 00:00:00,A,848
2117,3806,2024-08-16 00:00:00,A,640
2118,3809,2024-11-12 00:00:00,B,252
2119,3811,2024-03-09 00:00:00,C,932
2120,3813,2026-07-13 00:00:00,A,41
2121,3817,2025-01-04 00:00:00,A,464
2122,3823,2026-04-01 00:00:00,C,814
2123,3828,2026-07-13 00:00:00,A,55
2124,3830,2026-07-13 00:00:00,A,32
2125,3831,2023-06-28 00:00:00,A,1296
2126,3832,2023-12-05 00:00:00,A,867
2127,3834,2023-10-30 00:00:00,A,425
2128,3837,2023-08-28 00:00:00,A,1263
2129,3839,2024-03-09 00:00:00,A,565
2130,3845,2023-07-12 00:00:00,A,60
2131,3847,2024-07-08 00:00:00,A,266
2132,3848,2024-09-20 00:00:00,A,1207
2133,3850,2025-04-27 00:00:00,A,1164
2134,3851,2024-04-06 00:00:00,C,674
2135,3852,2023-09-17 00:00:00,A,71
2136,3853,2023-11-12 00:00:00,A,203
2137,3855,2023-11-14 00:00:00,A,947
2138,3857,2025-04-01 00:00:00,A,279
2139,3860,2025-06-12 00:00:00,C,901
2140,3862,2025-08-16 00:00:00,A,1060
2141,3864,2023-10-14 00:00:00,A,525
2142,3865,2026-07-13 00:00:00,A,599
2143,3866,2024-05-03 00:00:00,A,289
2144,3867,2024-09-15 00:00:00,A,1208
2145,3872,2025-01-27 00:00:00,A,720
2146,3873,2023-08-11 00:00:00,A,163
2147,3875,2023-08-24 00:00:00,B,448
2148,3876,2025-04-09 00:00:00,B,522
2149,3877,2025-09-11 00:00:00,A,1176
2150,3880,2026-02-28 00:00:00,A,688
2151,3881,2024-02-03 00:00:00,A,519
2152,3882,2025-04-26 00:00:00,A,1145
2153,3883,2023-10-01 00:00:00,A,495
2154,3885,2023-10-27 00:00:00,A,704
2155,3887,2023-10-25 00:00:00,A,234
2156,3889,2026-01-20 00:00:00,A,754
2157,3890,2024-11-08 00:00:00,B,1123
2158,3891,2024-09-23 00:00:00,A,1281
2159,3894,2025-12-15 00:00:00,A,141
2160,3898,2025-01-30 00:00:00,A,154
2161,3899,2024-11-12 00:00:00,A,1197
2162,3900,2023-08-18 00:00:00,A,579
2163,3906,2025-03-01 00:00:00,C,841
2164,3907,2024-07-31 00:00:00,A,712
2165,3908,2024-03-19 00:00:00,A,297
2166,3909,2025-12-06 00:00:00,A,508
2167,3910,2024-05-22 00:00:00,A,1215
2168,3912,2026-07-13 00:00:00,A,131
2169,3913,2024-12-09 00:00:00,A,953
2170,3914,2023-07-29 00:00:00,A,1105
2171,3917,2026-07-13 00:00:00,B,441
2172,3918,2023-07-05 00:00:00,A,337
2173,3919,2026-03-01 00:00:00,B,679
2174,3920,2026-01-16 00:00:00,A,204
2175,3922,2023-07-09 00:00:00,B,1229
2176,3926,2025-10-30 00:00:00,C,585
2177,3928,2026-07-13 00:00:00,C,39
2178,3930,2023-12-22 00:00:00,C,640
2179,3931,2024-07-26 00:00:00,A,1079
2180,3932,2026-05-05 00:00:00,A,301
2181,3933,2025-05-02 00:00:00,A,909
2182,3937,2024-02-26 00:00:00,B,135
2183,3938,2023-08-21 00:00:00,A,30
2184,3941,2024-09-07 00:00:00,A,669
2185,3942,2024-06-18 00:00:00,A,242
2186,3944,2023-07-04 00:00:00,A,46
2187,3945,2023-09-07 00:00:00,A,671
2188,3946,2024-03-19 00:00:00,A,354
2189,3947,2026-07-13 00:00:00,A,412
2190,3951,2024-11-25 00:00:00,A,101
2191,3952,2025-03-13 00:00:00,A,1228
2192,3954,2025-11-27 00:00:00,A,1151
2193,3955,2026-02-18 00:00:00,C,1132
2194,3959,2024-12-12 00:00:00,A,1214
2195,3961,2023-11-02 00:00:00,A,378
2196,3964,2023-06-07 00:00:00,A,1176
2197,3965,2026-07-13 00:00:00,A,180
2198,3966,2026-02-14 00:00:00,A,1174
2199,3967,2023-03-05 00:00:00,A,314
2200,3969,2026-07-13 00:00:00,A,1196
2201,3970,2025-09-11 00:00:00,A,520
2202,3971,2025-04-01 00:00:00,B,646
2203,3974,2024-12-07 00:00:00,C,12
2204,3975,2026-04-17 00:00:00,C,1324
2205,3981,2023-07-27 00:00:00,C,728
2206,3983,2024-12-30 00:00:00,A,751
2207,3985,2024-08-13 00:00:00,A,16
2208,3987,2025-03-11 00:00:00,A,847
2209,3989,2023-07-25 00:00:00,A,692
2210,3992,2023-06-05 00:00:00,A,1137
2211,3993,2024-01-16 00:00:00,A,663
2212,3994,2024-02-27 00:00:00,A,596
2213,3996,2025-10-07 00:00:00,A,1301
2214,3999,2026-05-19 00:00:00,A,419
2215,4000,2024-09-23 00:00:00,C,1176
2216,4001,2025-08-30 00:00:00,B,282
2217,4002,2023-08-14 00:00:00,A,1071
2218,4003,2023-06-21 00:00:00,A,104
2219,4004,2024-12-25 00:00:00,A,964
2220,4006,2024-03-03 00:00:00,A,1051
2221,4008,2026-07-13 00:00:00,A,650
2222,4011,2025-11-17 00:00:00,A,452
2223,4012,2026-07-13 00:00:00,C,233
2224,4014,2025-11-13 00:00:00,A,296
2225,4021,2023-10-24 00:00:00,A,377
2226,4024,2024-09-09 00:00:00,C,1176
2227,4025,2025-10-26 00:00:00,A,1306
2228,4027,2025-09-05 00:00:00,A,480
2229,4029,2025-03-03 00:00:00,A,139
2230,4030,2023-09-11 00:00:00,A,720
2231,4031,2024-12-30 00:00:00,A,750
2232,4033,2025-02-14 00:00:00,C,1196
2233,4034,2025-09-22 00:00:00,A,1113
2234,4037,2026-07-13 00:00:00,B,519
2235,4038,2023-08-27 00:00:00,A,612
2236,4040,2026-07-13 00:00:00,A,331
2237,4041,2024-10-12 00:00:00,A,109
2238,4042,2025-11-07 00:00:00,A,1203
2239,4043,2023-12-30 00:00:00,C,173
2240,4044,2023-04-28 00:00:00,A,653
2241,4045,2025-09-12 00:00:00,A,401
2242,4046,2025-09-18 00:00:00,A,812
2243,4047,2026-05-10 00:00:00,A,515
2244,4048,2024-05-01 00:00:00,B,1213
2245,4050,2024-02-11 00:00:00,B,679
2246,4051,2023-12-03 00:00:00,A,495
2247,4052,2025-10-02 00:00:00,A,388
2248,4054,2025-11-14 00:00:00,A,626
2249,4055,2026-05-18 00:00:00,C,1052
2250,4056,2023-08-03 00:00:00,A,1141
2251,4057,2026-01-14 00:00:00,A,406
2252,4060,2024-03-28 00:00:00,A,477
2253,4062,2025-01-03 00:00:00,B,995
2254,4063,2026-01-20 00:00:00,A,205
2255,4065,2025-10-01 00:00:00,B,330
2256,4066,2024-12-28 00:00:00,A,2
2257,4067,2024-08-20 00:00:00,A,150
2258,4068,2025-12-20 00:00:00,C,823
2259,4072,2026-03-25 00:00:00,A,81
2260,4074,2026-07-13 00:00:00,A,405
2261,4075,2026-01-25 00:00:00,A,1148
2262,4077,2024-05-13 00:00:00,C,721
2263,4078,2024-08-03 00:00:00,B,970
2264,4080,2025-03-18 00:00:00,A,940
2265,4082,2025-04-11 00:00:00,A,590
2266,4084,2026-06-21 00:00:00,A,859
2267,4085,2023-11-30 00:00:00,A,543
2268,4086,2024-11-30 00:00:00,A,396
2269,4088,2024-01-19 00:00:00,A,477
2270,4089,2026-07-13 00:00:00,A,1142
2271,4090,2024-01-22 00:00:00,A,970
2272,4093,2024-08-29 00:00:00,A,913
2273,4094,2025-11-12 00:00:00,A,1018
2274,4095,2025-05-10 00:00:00,A,257
2275,4096,2024-09-02 00:00:00,C,362
2276,4097,2023-05-07 00:00:00,B,246
2277,4098,2023-10-13 00:00:00,C,112
2278,4099,2024-01-24 00:00:00,C,717
2279,4100,2024-11-10 00:00:00,A,37
2280,4101,2024-07-04 00:00:00,B,195
2281,4105,2023-12-07 00:00:00,A,712
2282,4106,2025-12-13 00:00:00,A,66
2283,4107,2025-02-09 00:00:00,A,505
2284,4108,2025-10-30 00:00:00,A,325
2285,4113,2026-07-13 00:00:00,A,1164
2286,4114,2026-01-24 00:00:00,C,1264
2287,4116,2025-06-26 00:00:00,A,309
2288,4119,2026-07-13 00:00:00,C,1312
2289,4120,2023-11-25 00:00:00,A,1125
2290,4122,2025-08-30 00:00:00,A,277
2291,4126,2026-01-18 00:00:00,A,880
2292,4127,2026-05-22 00:00:00,C,1110
2293,4130,2025-02-15 00:00:00,A,413
2294,4133,2023-12-14 00:00:00,A,1047
2295,4137,2025-07-11 00:00:00,A,607
2296,4138,2024-08-22 00:00:00,B,887
2297,4139,2024-11-07 00:00:00,A,952
2298,4141,2025-04-23 00:00:00,B,59
2299,4144,2025-06-27 00:00:00,A,865
2300,4149,2023-11-14 00:00:00,A,1225
2301,4150,2023-06-03 00:00:00,A,565
2302,4151,2024-09-30 00:00:00,A,248
2303,4152,2026-07-13 00:00:00,A,563
2304,4153,2026-02-14 00:00:00,A,1070
2305,4154,2025-06-08 00:00:00,A,1248
2306,4155,2025-05-08 00:00:00,A,471
2307,4157,2026-04-03 00:00:00,B,260
2308,4158,2025-09-11 00:00:00,A,1209
2309,4163,2023-05-28 00:00:00,A,816
2310,4164,2025-06-11 00:00:00,A,149
2311,4166,2025-12-16 00:00:00,A,1153
2312,4167,2025-05-24 00:00:00,C,722
2313,4169,2025-04-17 00:00:00,A,432
2314,4172,2025-05-05 00:00:00,B,1277
2315,4173,2025-03-20 00:00:00,B,512
2316,4174,2025-02-12 00:00:00,A,593
2317,4175,2024-10-02 00:00:00,A,685
2318,4176,2023-08-16 00:00:00,A,1225
2319,4178,2023-08-06 00:00:00,A,293
2320,4181,2023-12-21 00:00:00,C,123
2321,4184,2023-07-01 00:00:00,A,497
2322,4187,2024-05-08 00:00:00,C,20
2323,4189,2024-05-01 00:00:00,A,1055
2324,4193,2026-07-13 00:00:00,A,403
2325,4195,2024-03-16 00:00:00,A,1327
2326,4196,2024-06-13 00:00:00,C,833
2327,4197,2023-09-11 00:00:00,C,298
2328,4200,2025-02-01 00:00:00,A,1233
2329,4202,2023-06-06 00:00:00,A,624
2330,4204,2025-09-09 00:00:00,A,775
2331,4205,2026-07-11 00:00:00,A,310
2332,4207,2025-07-22 00:00:00,B,1240
2333,4208,2026-07-13 00:00:00,A,90
2334,4209,2025-12-01 00:00:00,A,1256
2335,4210,2026-04-06 00:00:00,A,362
2336,4211,2026-07-13 00:00:00,A,1317
2337,4215,2025-06-19 00:00:00,A,961
2338,4216,2025-02-13 00:00:00,A,1089
2339,4217,2025-10-15 00:00:00,A,1038
2340,4218,2025-06-11 00:00:00,A,1283
2341,4219,2024-09-18 00:00:00,B,728
2342,4220,2024-01-01 00:00:00,C,167
2343,4223,2023-11-17 00:00:00,C,232
2344,4225,2025-11-24 00:00:00,A,992
2345,4226,2026-06-28 00:00:00,C,441
2346,4227,2025-04-11 00:00:00,A,1148
2347,4228,2025-07-24 00:00:00,A,1092
2348,4229,2023-08-06 00:00:00,A,1234
2349,4230,2025-03-30 00:00:00,A,214
2350,4231,2026-07-13 00:00:00,C,580
2351,4233,2026-07-13 00:00:00,A,129
2352,4235,2025-01-13 00:00:00,A,804
2353,4236,2023-01-27 00:00:00,A,547
2354,4237,2025-06-15 00:00:00,C,1095
2355,4238,2025-08-05 00:00:00,C,836
2356,4239,2024-04-23 00:00:00,A,774
2357,4243,2024-01-08 00:00:00,A,254
2358,4248,2025-05-01 00:00:00,A,1263
2359,4250,2025-06-07 00:00:00,A,912
2360,4251,2023-03-22 00:00:00,A,866
2361,4252,2025-02-02 00:00:00,B,587
2362,4254,2025-01-18 00:00:00,C,828
2363,4255,2026-07-13 00:00:00,C,1266
2364,4256,2025-10-08 00:00:00,A,289
2365,4260,2026-07-13 00:00:00,A,256
2366,4261,2025-06-08 00:00:00,C,591
2367,4262,2024-05-07 00:00:00,C,499
2368,4264,2026-06-30 00:00:00,A,1292
2369,4266,2025-04-27 00:00:00,A,901
2370,4267,2026-01-19 00:00:00,A,534
2371,4268,2024-10-07 00:00:00,B,665
2372,4269,2025-06-09 00:00:00,A,1200
2373,4270,2024-07-03 00:00:00,B,1197
2374,4271,2023-12-17 00:00:00,A,1050
2375,4272,2026-07-13 00:00:00,A,1308
2376,4275,2025-12-09 00:00:00,A,81
2377,4276,2025-07-30 00:00:00,C,1290
2378,4277,2026-07-13 00:00:00,A,70
2379,4278,2026-06-11 00:00:00,A,1144
2380,4279,2026-06-30 00:00:00,B,1053
2381,4280,2025-10-09 00:00:00,A,563
2382,4281,2025-04-02 00:00:00,A,20
2383,4283,2024-06-30 00:00:00,A,1163
2384,4285,2024-12-24 00:00:00,A,1141
2385,4286,2026-07-13 00:00:00,A,122
2386,4287,2025-11-02 00:00:00,A,834
2387,4289,2026-02-21 00:00:00,C,681
2388,4290,2023-05-24 00:00:00,A,1198
2389,4291,2025-07-20 00:00:00,C,825
2390,4292,2025-01-31 00:00:00,C,230
2391,4293,2026-07-13 00:00:00,C,941
2392,4296,2026-01-24 00:00:00,A,6
2393,4297,2025-03-26 00:00:00,A,382
2394,4298,2023-11-26 00:00:00,A,368
2395,4300,2023-12-23 00:00:00,A,477
2396,4301,2024-06-12 00:00:00,A,633
2397,4305,2023-10-06 00:00:00,C,680
2398,4309,2025-09-10 00:00:00,A,356
2399,4310,2026-07-13 00:00:00,A,576
2400,4313,2023-08-26 00:00:00,A,774
2401,4317,2025-12-03 00:00:00,B,190
2402,4318,2026-07-07 00:00:00,A,218
2403,4319,2023-09-15 00:00:00,A,472
2404,4320,2025-06-29 00:00:00,A,1302
2405,4322,2025-03-09 00:00:00,A,290
2406,4324,2026-05-14 00:00:00,A,1052
2407,4332,2025-05-22 00:00:00,C,1232
2408,4333,2025-01-16 00:00:00,C,789
2409,4334,2026-02-24 00:00:00,A,1211
2410,4335,2024-12-31 00:00:00,A,333
2411,4337,2026-07-13 00:00:00,C,904
2412,4339,2023-07-28 00:00:00,A,1129
2413,4340,2025-01-29 00:00:00,A,642
2414,4342,2026-07-13 00:00:00,A,636
2415,4343,2025-06-07 00:00:00,B,476
2416,4344,2026-03-31 00:00:00,A,1210
2417,4345,2025-05-26 00:00:00,A,267
2418,4346,2023-11-29 00:00:00,A,927
2419,4348,2024-06-20 00:00:00,C,1261
2420,4349,2024-01-24 00:00:00,A,986
2421,4351,2024-03-01 00:00:00,A,547
2422,4353,2023-08-17 00:00:00,A,427
2423,4356,2026-07-13 00:00:00,A,98
2424,4358,2024-03-27 00:00:00,A,723
2425,4360,2023-05-01 00:00:00,A,732
2426,4362,2023-12-17 00:00:00,B,631
2427,4364,2024-05-22 00:00:00,A,32
2428,4365,2024-06-10 00:00:00,A,1004
2429,4367,2024-12-29 00:00:00,B,956
2430,4372,2023-11-23 00:00:00,A,587
2431,4373,2026-06-15 00:00:00,A,146
2432,4374,2024-12-13 00:00:00,A,1210
2433,4375,2025-04-13 00:00:00,A,82
2434,4377,2025-06-13 00:00:00,A,915
2435,4378,2023-08-02 00:00:00,B,780
2436,4379,2026-07-13 00:00:00,A,860
2437,4380,2024-09-24 00:00:00,A,1290
2438,4382,2024-01-24 00:00:00,B,518
2439,4383,2024-09-13 00:00:00,A,610
2440,4387,2023-09-11 00:00:00,A,1310
2441,4390,2025-07-01 00:00:00,C,1099
2442,4391,2026-07-13 00:00:00,A,253
2443,4394,2024-07-11 00:00:00,A,1298
2444,4398,2025-02-14 00:00:00,A,169
2445,4400,2025-05-25 00:00:00,A,234
2446,4401,2025-02-26 00:00:00,C,441
2447,4402,2026-05-03 00:00:00,A,161
2448,4403,2026-06-30 00:00:00,C,1301
2449,4405,2024-05-29 00:00:00,A,1300
2450,4406,2024-12-12 00:00:00,C,923
2451,4409,2024-01-16 00:00:00,C,440
2452,4410,2023-12-16 00:00:00,A,499
2453,4415,2026-02-25 00:00:00,A,1251
2454,4418,2025-05-09 00:00:00,A,856
2455,4421,2025-12-25 00:00:00,A,1154
2456,4423,2025-06-14 00:00:00,A,938
2457,4424,2023-12-23 00:00:00,A,930
2458,4426,2024-06-21 00:00:00,A,402
2459,4429,2026-07-09 00:00:00,A,71
2460,4430,2024-05-25 00:00:00,A,944
2461,4432,2024-07-21 00:00:00,A,948
2462,4435,2025-06-19 00:00:00,C,44
2463,4436,2023-04-24 00:00:00,A,453
2464,4439,2025-05-17 00:00:00,A,738
2465,4443,2026-07-13 00:00:00,B,1120
2466,4444,2023-10-15 00:00:00,C,1196
2467,4445,2026-02-08 00:00:00,C,616
2468,4446,2023-11-24 00:00:00,A,98
2469,4449,2025-06-11 00:00:00,A,1247
2470,4450,2024-12-17 00:00:00,C,475
2471,4451,2025-11-05 00:00:00,A,517
2472,4452,2026-07-13 00:00:00,A,1308
2473,4453,2025-11-07 00:00:00,A,186
2474,4454,2024-01-13 00:00:00,A,341
2475,4456,2023-11-23 00:00:00,A,788
2476,4457,2023-12-28 00:00:00,C,586
2477,4458,2025-09-18 00:00:00,A,1134
2478,4462,2026-05-16 00:00:00,A,1315
2479,4465,2025-07-29 00:00:00,A,1164
2480,4467,2024-12-21 00:00:00,A,206
2481,4469,2023-11-10 00:00:00,A,655
2482,4472,2025-08-02 00:00:00,A,981
2483,4473,2023-05-04 00:00:00,A,242
2484,4474,2026-01-24 00:00:00,B,1280
2485,4476,2025-07-30 00:00:00,A,1163
2486,4477,2024-07-07 00:00:00,C,626
2487,4484,2025-09-24 00:00:00,A,1194
2488,4485,2026-07-13 00:00:00,B,1102
2489,4488,2024-08-02 00:00:00,C,886
2490,4489,2024-01-29 00:00:00,A,178
2491,4491,2026-07-13 00:00:00,B,1212
2492,4494,2025-07-22 00:00:00,A,1122
2493,4495,2024-04-13 00:00:00,B,87
2494,4496,2024-07-19 00:00:00,A,891
2495,4501,2025-03-19 00:00:00,A,296
2496,4504,2026-06-11 00:00:00,A,61
2497,4505,2025-09-25 00:00:00,A,845
2498,4507,2024-11-22 00:00:00,B,135
2499,4509,2025-04-10 00:00:00,A,397
2500,4510,2026-07-13 00:00:00,A,1072
2501,4512,2023-12-19 00:00:00,A,590
2502,4513,2025-09-07 00:00:00,C,1223
2503,4514,2025-04-18 00:00:00,A,995
2504,4516,2023-09-27 00:00:00,A,233
2505,4517,2025-10-19 00:00:00,C,122
2506,4518,2025-01-29 00:00:00,C,330
2507,4519,2025-06-28 00:00:00,A,100
2508,4522,2024-04-23 00:00:00,C,326
2509,4526,2025-07-20 00:00:00,A,687
2510,4529,2023-06-03 00:00:00,A,1181
2511,4530,2023-12-22 00:00:00,A,1206
2512,4532,2024-08-17 00:00:00,B,513
2513,4533,2026-07-13 00:00:00,A,294
2514,4534,2023-09-14 00:00:00,A,1139
2515,4535,2023-11-13 00:00:00,A,533
2516,4537,2024-07-05 00:00:00,A,165
2517,4538,2025-01-12 00:00:00,A,1328
2518,4539,2026-07-13 00:00:00,A,699
2519,4540,2023-12-04 00:00:00,A,1049
2520,4541,2023-09-01 00:00:00,B,90
2521,4542,2024-02-02 00:00:00,B,1267
2522,4543,2024-07-12 00:00:00,A,1158
2523,4545,2024-10-19 00:00:00,C,457
2524,4546,2025-05-06 00:00:00,B,651
2525,4548,2025-01-17 00:00:00,A,945
2526,4550,2024-11-25 00:00:00,A,164
2527,4551,2024-11-06 00:00:00,B,86
2528,4553,2023-09-21 00:00:00,A,883
2529,4554,2023-07-25 00:00:00,A,19
2530,4555,2025-04-24 00:00:00,C,1055
2531,4556,2024-07-25 00:00:00,C,1267
2532,4558,2024-06-19 00:00:00,A,670
2533,4560,2024-10-23 00:00:00,A,650
2534,4562,2026-03-14 00:00:00,C,165
2535,4570,2026-03-28 00:00:00,A,240
2536,4571,2025-12-17 00:00:00,A,72
2537,4574,2023-10-15 00:00:00,B,267
2538,4576,2026-07-13 00:00:00,C,564
2539,4578,2025-10-02 00:00:00,B,435
2540,4579,2026-06-19 00:00:00,B,706
2541,4580,2025-01-03 00:00:00,A,50
2542,4582,2026-07-13 00:00:00,A,284
2543,4583,2026-05-16 00:00:00,A,571
2544,4584,2026-04-03 00:00:00,A,804
2545,4587,2023-12-30 00:00:00,A,1299
2546,4589,2025-07-25 00:00:00,B,1107
2547,4590,2024-05-14 00:00:00,A,416
2548,4591,2026-04-09 00:00:00,C,62
2549,4592,2023-09-19 00:00:00,A,1246
2550,4594,2025-04-19 00:00:00,A,415
2551,4598,2026-07-13 00:00:00,A,416
2552,4599,2024-09-14 00:00:00,A,981
2553,4600,2024-12-28 00:00:00,A,484
2554,4601,2025-07-29 00:00:00,C,532
2555,4603,2023-09-06 00:00:00,A,536
2556,4604,2026-01-13 00:00:00,C,633
2557,4605,2024-01-09 00:00:00,A,975
2558,4606,2023-11-29 00:00:00,A,194
2559,4607,2024-08-13 00:00:00,A,1223
2560,4609,2024-02-17 00:00:00,A,150
2561,4612,2025-12-02 00:00:00,A,1133
2562,4613,2026-02-15 00:00:00,C,304
2563,4614,2025-05-03 00:00:00,A,932
2564,4615,2026-02-26 00:00:00,B,679
2565,4617,2026-02-18 00:00:00,A,1303
2566,4619,2025-03-12 00:00:00,C,1100
2567,4620,2023-12-22 00:00:00,A,701
2568,4621,2026-07-08 00:00:00,B,912
2569,4623,2026-04-22 00:00:00,A,1232
2570,4624,2024-03-24 00:00:00,B,170
2571,4626,2026-06-19 00:00:00,A,950
2572,4627,2024-11-06 00:00:00,A,383
2573,4628,2024-05-30 00:00:00,C,208
2574,4629,2025-11-28 00:00:00,A,115
2575,4631,2025-11-24 00:00:00,A,402
2576,4632,2026-07-13 00:00:00,A,44
2577,4633,2025-09-30 00:00:00,A,386
2578,4634,2024-04-13 00:00:00,A,306
2579,4637,2024-06-30 00:00:00,A,867
2580,4640,2024-08-11 00:00:00,A,692
2581,4641,2024-03-23 00:00:00,A,260
2582,4643,2024-01-11 00:00:00,C,716
2583,4644,2025-09-21 00:00:00,A,396
2584,4645,2023-08-18 00:00:00,A,1022
2585,4647,2023-02-09 00:00:00,A,175
2586,4650,2023-10-18 00:00:00,A,1059
2587,4652,2023-09-01 00:00:00,A,23
2588,4653,2024-03-09 00:00:00,A,834
2589,4655,2024-03-03 00:00:00,B,313
2590,4656,2024-06-23 00:00:00,C,261
2591,4657,2023-06-13 00:00:00,B,304
2592,4658,2023-08-16 00:00:00,B,1222
2593,4660,2024-02-11 00:00:00,A,879
2594,4661,2026-07-13 00:00:00,A,1290
2595,4667,2024-04-19 00:00:00,A,274
2596,4669,2025-03-27 00:00:00,A,494
2597,4674,2025-05-27 00:00:00,A,588
2598,4676,2024-06-15 00:00:00,B,1294
2599,4677,2026-04-19 00:00:00,C,1122
2600,4678,2025-12-12 00:00:00,B,137
2601,4679,2025-03-19 00:00:00,C,608
2602,4680,2024-01-05 00:00:00,C,1053
2603,4682,2023-05-03 00:00:00,A,796
2604,4684,2026-02-13 00:00:00,A,1177
2605,4685,2026-04-11 00:00:00,A,363
2606,4687,2025-02-12 00:00:00,A,898
2607,4692,2024-01-08 00:00:00,A,1136
2608,4694,2023-03-22 00:00:00,A,259
2609,4696,2025-02-28 00:00:00,C,803
2610,4698,2023-08-09 00:00:00,A,999
2611,4699,2024-12-05 00:00:00,A,522
2612,4700,2026-02-03 00:00:00,A,913
2613,4702,2024-09-20 00:00:00,A,960
2614,4703,2026-05-28 00:00:00,A,1130
2615,4705,2025-01-18 00:00:00,A,1047
2616,4706,2025-11-28 00:00:00,A,947
2617,4709,2025-07-02 00:00:00,A,208
2618,4711,2024-02-19 00:00:00,A,1027
2619,4712,2025-01-23 00:00:00,A,974
2620,4713,2025-10-05 00:00:00,A,843
2621,4715,2025-12-13 00:00:00,A,817
2622,4717,2024-12-18 00:00:00,A,237
2623,4718,2023-06-27 00:00:00,A,359
2624,4720,2024-08-23 00:00:00,B,609
2625,4721,2026-04-01 00:00:00,A,674
2626,4723,2026-07-13 00:00:00,C,1179
2627,4724,2025-06-17 00:00:00,A,694
2628,4725,2024-02-10 00:00:00,A,18
2629,4726,2025-01-20 00:00:00,A,409
2630,4729,2024-06-06 00:00:00,A,1196
2631,4731,2024-03-13 00:00:00,A,1021
2632,4733,2025-08-17 00:00:00,A,1274
2633,4736,2023-11-28 00:00:00,A,944
2634,4737,2026-07-13 00:00:00,A,614
2635,4738,2026-07-13 00:00:00,A,1288
2636,4739,2026-01-24 00:00:00,A,576
2637,4740,2025-08-03 00:00:00,A,1217
2638,4741,2026-07-13 00:00:00,A,701
2639,4742,2026-07-09 00:00:00,A,151
2640,4744,2024-08-26 00:00:00,A,121
2641,4745,2026-07-13 00:00:00,A,884
2642,4748,2026-01-29 00:00:00,A,898
2643,4749,2024-04-15 00:00:00,A,57
2644,4754,2024-06-23 00:00:00,A,314
2645,4755,2026-06-15 00:00:00,A,463
2646,4756,2025-03-19 00:00:00,C,1293
2647,4757,2023-12-31 00:00:00,A,605
2648,4758,2025-12-05 00:00:00,A,1012
2649,4759,2024-03-30 00:00:00,A,220
2650,4762,2024-02-14 00:00:00,A,330
2651,4763,2025-03-02 00:00:00,A,523
2652,4765,2026-05-16 00:00:00,A,461
2653,4766,2023-12-27 00:00:00,A,59
2654,4767,2023-09-11 00:00:00,A,395
2655,4768,2025-10-06 00:00:00,A,842
2656,4769,2024-02-05 00:00:00,A,504
2657,4770,2025-03-16 00:00:00,B,176
2658,4772,2026-05-07 00:00:00,A,471
2659,4777,2026-05-14 00:00:00,A,352
2660,4778,2026-04-29 00:00:00,C,253
2661,4779,2023-06-02 00:00:00,A,1127
2662,4780,2024-02-23 00:00:00,A,151
2663,4783,2025-08-08 00:00:00,A,1046
2664,4784,2023-10-17 00:00:00,A,1101
2665,4785,2024-12-31 00:00:00,A,1334
2666,4786,2023-10-19 00:00:00,A,271
2667,4790,2026-03-24 00:00:00,C,1144
2668,4791,2026-02-19 00:00:00,A,806
2669,4793,2026-06-15 00:00:00,A,646
2670,4796,2024-11-07 00:00:00,C,672
2671,4797,2023-11-22 00:00:00,B,998
2672,4798,2025-03-20 00:00:00,A,176
2673,4799,2026-03-21 00:00:00,A,1275
2674,4801,2026-05-07 00:00:00,C,979
2675,4804,2026-05-22 00:00:00,C,601
2676,4806,2024-12-11 00:00:00,A,760
2677,4807,2025-01-16 00:00:00,A,240
2678,4808,2025-05-16 00:00:00,A,73
2679,4811,2024-09-01 00:00:00,A,981
2680,4819,2024-06-22 00:00:00,A,312
2681,4822,2025-09-11 00:00:00,A,987
2682,4824,2025-06-21 00:00:00,A,618
2683,4827,2025-05-31 00:00:00,A,1024
2684,4830,2023-10-11 00:00:00,B,862
2685,4831,2023-12-22 00:00:00,B,320
2686,4832,2026-07-13 00:00:00,C,680
2687,4833,2024-01-28 00:00:00,A,1221
2688,4838,2025-06-02 00:00:00,B,334
2689,4840,2024-03-20 00:00:00,A,873
2690,4841,2023-05-21 00:00:00,A,26
2691,4842,2024-09-21 00:00:00,A,716
2692,4843,2023-05-29 00:00:00,A,1142
2693,4845,2023-10-23 00:00:00,A,774
2694,4846,2025-10-27 00:00:00,A,1105
2695,4847,2024-02-22 00:00:00,A,534
2696,4849,2026-05-01 00:00:00,A,765
2697,4852,2025-09-26 00:00:00,A,474
2698,4853,2026-06-09 00:00:00,C,917
2699,4854,2024-02-05 00:00:00,A,673
2700,4856,2024-12-19 00:00:00,A,1028
2701,4857,2025-02-03 00:00:00,A,471
2702,4861,2023-07-29 00:00:00,C,414
2703,4864,2025-10-08 00:00:00,A,912
2704,4869,2024-01-06 00:00:00,C,585
2705,4870,2025-06-22 00:00:00,A,698
2706,4871,2025-06-04 00:00:00,A,611
2707,4872,2023-06-30 00:00:00,A,140
2708,4873,2026-03-01 00:00:00,A,723
2709,4875,2026-07-13 00:00:00,A,839
2710,4876,2026-02-10 00:00:00,A,250
2711,4877,2024-12-14 00:00:00,A,162
2712,4878,2024-02-21 00:00:00,A,557
2713,4881,2024-03-21 00:00:00,A,382
2714,4882,2025-05-12 00:00:00,A,687
2715,4884,2026-07-13 00:00:00,A,94
2716,4885,2025-01-05 00:00:00,C,1292
2717,4886,2024-12-26 00:00:00,A,1241
2718,4887,2024-06-19 00:00:00,A,1045
2719,4888,2025-03-31 00:00:00,A,22
2720,4889,2024-05-11 00:00:00,A,1282
2721,4892,2025-01-08 00:00:00,A,699
2722,4893,2026-04-01 00:00:00,A,1173
2723,4894,2026-02-25 00:00:00,A,669
2724,4896,2024-12-20 00:00:00,A,1176
2725,4897,2025-10-28 00:00:00,A,332
2726,4901,2025-04-28 00:00:00,A,152
2727,4902,2023-11-10 00:00:00,B,1228
2728,4906,2024-08-13 00:00:00,A,1121
2729,4907,2025-05-02 00:00:00,A,1275
2730,4908,2026-07-11 00:00:00,A,160
2731,4910,2023-08-01 00:00:00,A,230
2732,4914,2025-06-11 00:00:00,A,206
2733,4916,2026-06-12 00:00:00,A,745
2734,4917,2024-02-05 00:00:00,A,703
2735,4919,2025-07-09 00:00:00,A,627
2736,4920,2025-01-02 00:00:00,C,895
2737,4922,2023-09-25 00:00:00,A,679
2738,4923,2023-12-26 00:00:00,A,1228
2739,4924,2024-08-28 00:00:00,C,826
2740,4925,2025-11-22 00:00:00,A,258
2741,4926,2025-11-30 00:00:00,A,131
2742,4927,2025-09-08 00:00:00,C,661
2743,4928,2024-01-20 00:00:00,A,407
2744,4929,2026-01-25 00:00:00,A,492
2745,4930,2026-07-13 00:00:00,C,16
2746,4931,2026-04-25 00:00:00,A,647
2747,4932,2024-11-12 00:00:00,A,842
2748,4933,2026-07-13 00:00:00,A,817
2749,4934,2024-11-28 00:00:00,A,160
2750,4936,2025-06-18 00:00:00,C,794
2751,4937,2025-03-31 00:00:00,B,927
2752,4938,2025-06-20 00:00:00,C,47
2753,4939,2024-03-27 00:00:00,A,189
2754,4940,2026-07-12 00:00:00,B,1185
2755,4944,2025-02-01 00:00:00,A,950
2756,4945,2025-02-26 00:00:00,A,908
2757,4950,2025-12-16 00:00:00,A,266
2758,4952,2025-11-23 00:00:00,A,1227
2759,4954,2026-07-13 00:00:00,B,366
2760,4955,2024-01-26 00:00:00,A,69
2761,4956,2024-10-06 00:00:00,A,871
2762,4958,2024-01-20 00:00:00,A,407
2763,4961,2024-11-30 00:00:00,A,21
2764,4962,2026-04-20 00:00:00,A,644
2765,4965,2023-11-11 00:00:00,A,649
2766,4966,2026-07-02 00:00:00,C,553
2767,4967,2026-04-29 00:00:00,A,143
2768,4968,2024-10-07 00:00:00,A,733
2769,4970,2025-07-28 00:00:00,C,647
2770,4972,2024-02-12 00:00:00,A,163
2771,4973,2025-05-17 00:00:00,A,1202
2772,4974,2025-12-10 00:00:00,A,376
2773,4975,2026-04-02 00:00:00,A,1011
2774,4977,2024-08-29 00:00:00,A,939
2775,4978,2024-01-23 00:00:00,A,135
2776,4980,2026-07-13 00:00:00,A,693
2777,4981,2025-10-05 00:00:00,A,276
2778,4982,2023-11-28 00:00:00,C,167
2779,4984,2023-06-23 00:00:00,A,122
2780,4985,2023-06-20 00:00:00,B,298
2781,4986,2023-09-29 00:00:00,A,36
2782,4988,2025-06-16 00:00:00,A,1277
2783,4989,2025-05-30 00:00:00,A,102
2784,4991,2023-08-24 00:00:00,B,1290
2785,4992,2026-03-03 00:00:00,A,889
2786,4993,2026-02-18 00:00:00,C,231
2787,4995,2026-07-13 00:00:00,A,414
2788,4996,2026-07-13 00:00:00,B,498
2789,4997,2025-10-05 00:00:00,A,656
2790,4998,2025-03-21 00:00:00,A,993
2791,5003,2026-07-13 00:00:00,C,1174
2792,5005,2025-12-26 00:00:00,B,779
2793,5007,2024-09-25 00:00:00,A,345
2794,5010,2024-10-23 00:00:00,A,493
2795,5011,2025-01-13 00:00:00,A,649
2796,5016,2026-07-13 00:00:00,A,72
2797,5018,2025-03-21 00:00:00,C,514
2798,5019,2024-09-26 00:00:00,A,141
2799,5020,2025-08-18 00:00:00,A,706
2800,5022,2024-09-18 00:00:00,A,203
2801,5023,2026-02-13 00:00:00,A,1068
2802,5025,2023-04-03 00:00:00,A,965
2803,5027,2025-03-14 00:00:00,A,579
2804,5030,2026-06-06 00:00:00,A,23
2805,5031,2026-07-13 00:00:00,C,1214
2806,5032,2023-10-13 00:00:00,B,399
2807,5033,2023-08-22 00:00:00,C,199
2808,5034,2024-08-09 00:00:00,A,406
2809,5035,2025-08-01 00:00:00,A,1323
2810,5036,2026-07-13 00:00:00,C,734
2811,5038,2025-07-14 00:00:00,A,664
2812,5039,2025-01-30 00:00:00,C,1283
2813,5042,2025-08-02 00:00:00,A,183
2814,5043,2025-09-11 00:00:00,A,582
2815,5044,2024-08-03 00:00:00,A,671
2816,5045,2024-06-30 00:00:00,A,146
2817,5046,2026-01-02 00:00:00,C,549
2818,5047,2024-06-08 00:00:00,A,1227
2819,5048,2024-11-09 00:00:00,A,1249
2820,5049,2026-03-16 00:00:00,A,1060
2821,5051,2025-04-07 00:00:00,A,296
2822,5053,2024-11-22 00:00:00,A,386
2823,5056,2026-06-20 00:00:00,A,970
2824,5057,2023-12-02 00:00:00,A,989
2825,5058,2024-01-30 00:00:00,A,684
2826,5060,2026-04-22 00:00:00,B,1182
2827,5061,2026-06-16 00:00:00,A,11
2828,5063,2026-04-14 00:00:00,B,787
2829,5064,2024-05-09 00:00:00,A,508
2830,5065,2024-02-10 00:00:00,A,1188
2831,5068,2023-11-28 00:00:00,A,928
2832,5069,2024-04-26 00:00:00,A,191
2833,5070,2026-06-14 00:00:00,A,769
2834,5072,2026-03-04 00:00:00,B,949
2835,5075,2026-07-13 00:00:00,A,427
2836,5076,2025-05-06 00:00:00,B,956
2837,5077,2025-07-31 00:00:00,C,937
2838,5080,2026-06-07 00:00:00,A,513
2839,5082,2024-12-10 00:00:00,A,969
2840,5085,2024-04-25 00:00:00,B,479
2841,5086,2026-07-13 00:00:00,A,940
2842,5087,2026-07-13 00:00:00,B,263
2843,5088,2023-10-19 00:00:00,A,667
2844,5089,2023-09-16 00:00:00,A,1284
2845,5090,2025-04-06 00:00:00,B,899
2846,5091,2024-06-19 00:00:00,C,657
2847,5092,2025-08-27 00:00:00,A,1042
2848,5093,2023-11-18 00:00:00,A,732
2849,5095,2026-02-17 00:00:00,A,1081
2850,5096,2024-09-18 00:00:00,A,764
2851,5097,2024-05-01 00:00:00,C,616
2852,5099,2023-03-12 00:00:00,A,488
2853,5100,2025-03-06 00:00:00,C,1103
2854,5102,2023-07-11 00:00:00,B,583
2855,5103,2024-06-27 00:00:00,A,74
2856,5104,2024-10-30 00:00:00,A,25
2857,5105,2025-06-29 00:00:00,A,536
2858,5106,2026-07-09 00:00:00,C,341
2859,5108,2024-02-21 00:00:00,A,132
2860,5110,2026-03-22 00:00:00,A,456
2861,5112,2025-05-12 00:00:00,A,184
2862,5115,2023-10-24 00:00:00,A,1174
2863,5116,2024-12-24 00:00:00,A,33
2864,5120,2023-07-26 00:00:00,A,876
2865,5121,2024-10-30 00:00:00,C,472
2866,5122,2024-07-27 00:00:00,A,663
2867,5126,2024-12-06 00:00:00,A,1121
2868,5127,2024-06-29 00:00:00,A,39
2869,5129,2025-07-21 00:00:00,A,630
2870,5130,2023-11-29 00:00:00,A,741
2871,5132,2026-07-13 00:00:00,C,1303
2872,5133,2026-02-18 00:00:00,A,928
2873,5135,2024-01-15 00:00:00,A,874
2874,5138,2023-05-22 00:00:00,A,734
2875,5141,2024-10-27 00:00:00,C,168
2876,5143,2025-04-19 00:00:00,B,869
2877,5145,2026-06-22 00:00:00,A,776
2878,5146,2026-07-13 00:00:00,C,945
2879,5147,2026-06-05 00:00:00,A,491
2880,5150,2026-07-13 00:00:00,A,165
2881,5151,2025-04-29 00:00:00,A,1111
2882,5153,2025-10-29 00:00:00,A,1228
2883,5156,2023-05-28 00:00:00,A,1257
2884,5158,2026-07-13 00:00:00,C,1268
2885,5159,2026-07-13 00:00:00,A,261
2886,5161,2024-10-05 00:00:00,A,1307
2887,5163,2026-07-13 00:00:00,C,625
2888,5166,2025-12-31 00:00:00,A,1093
2889,5169,2024-10-01 00:00:00,C,345
2890,5171,2025-10-26 00:00:00,C,255
2891,5172,2026-01-30 00:00:00,A,141
2892,5173,2025-06-15 00:00:00,C,1312
2893,5175,2025-09-01 00:00:00,A,1247
2894,5177,2026-07-13 00:00:00,A,880
2895,5182,2025-06-11 00:00:00,A,10
2896,5187,2024-06-12 00:00:00,A,925
2897,5188,2023-09-30 00:00:00,A,345
2898,5189,2025-03-22 00:00:00,A,622
2899,5190,2025-03-24 00:00:00,A,1050
2900,5191,2024-08-08 00:00:00,A,1257
2901,5192,2025-07-06 00:00:00,B,998
2902,5198,2024-05-26 00:00:00,A,203
2903,5199,2026-07-13 00:00:00,A,736
2904,5202,2023-10-04 00:00:00,A,78
2905,5203,2026-03-02 00:00:00,B,1212
2906,5204,2025-11-30 00:00:00,C,1112
2907,5205,2025-06-15 00:00:00,A,841
2908,5208,2023-10-31 00:00:00,A,1324
2909,5209,2026-05-02 00:00:00,B,983
2910,5211,2024-04-28 00:00:00,A,133
2911,5215,2024-03-09 00:00:00,A,875
2912,5217,2024-04-15 00:00:00,A,404
2913,5218,2025-12-14 00:00:00,A,600
2914,5220,2026-07-13 00:00:00,C,706
2915,5221,2026-06-07 00:00:00,A,1301
2916,5222,2025-04-26 00:00:00,A,894
2917,5223,2025-02-25 00:00:00,C,882
2918,5224,2026-01-19 00:00:00,C,537
2919,5225,2023-09-28 00:00:00,A,879
2920,5227,2026-06-22 00:00:00,A,1148
2921,5228,2023-07-05 00:00:00,A,828
2922,5229,2023-11-08 00:00:00,A,334
2923,5231,2024-03-02 00:00:00,A,595
2924,5232,2023-11-02 00:00:00,A,109
2925,5233,2025-11-25 00:00:00,A,72
2926,5234,2024-04-02 00:00:00,A,1168
2927,5236,2026-07-13 00:00:00,C,1012
2928,5238,2026-05-19 00:00:00,C,619
2929,5242,2023-07-21 00:00:00,A,353
2930,5243,2025-06-11 00:00:00,A,75
2931,5245,2025-12-17 00:00:00,B,456
2932,5246,2025-10-04 00:00:00,A,1123
2933,5249,2024-05-20 00:00:00,A,639
2934,5250,2026-02-02 00:00:00,C,424
2935,5251,2024-12-03 00:00:00,A,387
2936,5252,2025-10-07 00:00:00,A,841
2937,5253,2024-02-06 00:00:00,B,834
2938,5255,2025-01-14 00:00:00,B,274
2939,5259,2023-11-24 00:00:00,A,1306
2940,5263,2025-07-19 00:00:00,C,673
2941,5264,2025-04-17 00:00:00,C,724
2942,5265,2025-10-04 00:00:00,A,991
2943,5267,2024-12-11 00:00:00,A,75
2944,5268,2024-09-18 00:00:00,C,449
2945,5269,2025-06-15 00:00:00,A,571
2946,5270,2025-04-11 00:00:00,A,969
2947,5272,2025-09-12 00:00:00,C,650
2948,5274,2025-08-17 00:00:00,A,260
2949,5275,2024-08-04 00:00:00,A,735
2950,5276,2023-02-26 00:00:00,A,233
2951,5278,2025-07-26 00:00:00,A,101
2952,5279,2024-09-23 00:00:00,A,382
2953,5280,2023-05-14 00:00:00,C,1289
2954,5282,2025-01-02 00:00:00,A,152
2955,5283,2025-07-08 00:00:00,A,520
2956,5284,2025-05-24 00:00:00,A,813
2957,5285,2024-08-14 00:00:00,A,730
2958,5286,2026-02-28 00:00:00,C,1123
2959,5287,2023-08-31 00:00:00,C,979
2960,5288,2024-04-02 00:00:00,A,85
2961,5290,2025-05-03 00:00:00,B,861
2962,5291,2025-03-28 00:00:00,A,380
2963,5293,2026-07-13 00:00:00,A,1068
2964,5296,2026-07-13 00:00:00,A,996
2965,5298,2026-06-06 00:00:00,C,260
2966,5299,2024-07-04 00:00:00,A,246
2967,5301,2025-02-18 00:00:00,A,1225
2968,5302,2025-10-01 00:00:00,A,741
2969,5303,2026-03-04 00:00:00,C,940
2970,5304,2023-12-29 00:00:00,A,310
2971,5305,2025-01-28 00:00:00,A,549
2972,5308,2026-07-13 00:00:00,C,368
2973,5310,2025-07-15 00:00:00,A,1050
2974,5313,2025-03-12 00:00:00,A,335
2975,5314,2025-05-26 00:00:00,A,18
2976,5317,2026-07-13 00:00:00,A,877
2977,5319,2023-08-12 00:00:00,A,939
2978,5321,2026-03-26 00:00:00,A,972
2979,5322,2024-04-05 00:00:00,C,1000
2980,5324,2024-03-28 00:00:00,A,953
2981,5328,2025-02-09 00:00:00,C,1163
2982,5330,2024-09-04 00:00:00,A,510
2983,5332,2025-07-02 00:00:00,A,479
2984,5333,2023-11-01 00:00:00,A,495
2985,5334,2025-11-07 00:00:00,A,1011
2986,5336,2023-12-16 00:00:00,B,496
2987,5337,2026-03-02 00:00:00,A,472
2988,5339,2025-06-19 00:00:00,A,373
2989,5340,2025-11-30 00:00:00,A,355
2990,5341,2024-03-01 00:00:00,C,672
2991,5342,2024-05-16 00:00:00,C,1291
2992,5345,2024-06-02 00:00:00,A,35
2993,5348,2023-08-17 00:00:00,A,325
2994,5349,2024-11-20 00:00:00,A,887
2995,5350,2024-09-24 00:00:00,A,1045
2996,5351,2026-06-15 00:00:00,A,378
2997,5354,2026-06-03 00:00:00,A,484
2998,5355,2024-10-30 00:00:00,B,1005
2999,5357,2024-01-17 00:00:00,C,951
3000,5360,2024-06-25 00:00:00,A,804
3001,5362,2024-12-03 00:00:00,B,1333
3002,5364,2025-11-24 00:00:00,A,442
3003,5365,2023-10-16 00:00:00,A,1130
3004,5369,2024-03-17 00:00:00,A,924
3005,5370,2026-07-13 00:00:00,A,1024
3006,5371,2025-05-06 00:00:00,B,1011
3007,5372,2026-05-11 00:00:00,A,1328
3008,5373,2025-12-08 00:00:00,C,376
3009,5382,2025-05-09 00:00:00,A,777
3010,5383,2024-09-04 00:00:00,C,312
3011,5384,2024-03-12 00:00:00,A,655
3012,5385,2024-08-18 00:00:00,A,949
3013,5386,2025-01-12 00:00:00,B,948
3014,5387,2023-06-17 00:00:00,B,1173
3015,5388,2026-07-13 00:00:00,C,851
3016,5390,2023-12-19 00:00:00,A,558
3017,5391,2024-09-21 00:00:00,A,1146
3018,5393,2024-11-20 00:00:00,A,850
3019,5395,2023-11-13 00:00:00,A,1000
3020,5396,2025-09-13 00:00:00,C,924
3021,5399,2024-05-22 00:00:00,A,1283
3022,5400,2025-11-21 00:00:00,A,93
3023,5401,2026-05-12 00:00:00,A,143
3024,5403,2024-03-06 00:00:00,A,1242
3025,5404,2025-11-10 00:00:00,A,169
3026,5405,2026-06-09 00:00:00,A,171
3027,5406,2025-12-26 00:00:00,A,297
3028,5407,2024-04-05 00:00:00,A,662
3029,5408,2025-09-02 00:00:00,C,224
3030,5411,2026-07-13 00:00:00,A,700
3031,5414,2024-05-23 00:00:00,A,541
3032,5415,2026-01-25 00:00:00,A,1325
3033,5417,2024-12-11 00:00:00,A,141
3034,5418,2024-11-15 00:00:00,A,937
3035,5419,2026-07-13 00:00:00,B,1019
3036,5422,2023-08-16 00:00:00,A,452
3037,5423,2025-05-10 00:00:00,C,961
3038,5425,2024-02-05 00:00:00,A,46
3039,5428,2026-07-13 00:00:00,C,343
3040,5432,2024-05-14 00:00:00,B,651
3041,5435,2026-02-20 00:00:00,A,359
3042,5437,2025-01-28 00:00:00,B,1264
3043,5438,2026-07-13 00:00:00,C,1168
3044,5439,2023-09-03 00:00:00,A,1302
3045,5440,2023-08-11 00:00:00,A,424
3046,5441,2024-08-15 00:00:00,A,665
3047,5442,2024-02-07 00:00:00,A,149
3048,5443,2024-12-28 00:00:00,A,337
3049,5444,2026-07-12 00:00:00,A,1196
3050,5446,2026-02-17 00:00:00,A,227
3051,5447,2025-07-30 00:00:00,A,543
3052,5448,2026-06-07 00:00:00,A,590
3053,5450,2025-09-17 00:00:00,A,253
3054,5451,2026-07-13 00:00:00,C,553
3055,5452,2024-05-19 00:00:00,C,930
3056,5453,2024-07-11 00:00:00,A,599
3057,5455,2023-08-29 00:00:00,A,1328
3058,5456,2024-01-06 00:00:00,B,523
3059,5457,2023-08-19 00:00:00,A,291
3060,5458,2024-10-06 00:00:00,A,603
3061,5460,2025-01-10 00:00:00,C,443
3062,5461,2024-12-24 00:00:00,A,1144
3063,5463,2025-01-12 00:00:00,A,423
3064,5464,2026-06-04 00:00:00,A,603
3065,5465,2026-01-06 00:00:00,A,681
3066,5466,2024-03-29 00:00:00,A,143
3067,5471,2026-03-28 00:00:00,A,522
3068,5472,2025-11-29 00:00:00,A,12
3069,5473,2024-03-17 00:00:00,A,709
3070,5474,2024-12-26 00:00:00,A,757
3071,5475,2026-07-13 00:00:00,A,615
3072,5481,2025-04-19 00:00:00,A,1021
3073,5482,2023-09-15 00:00:00,A,780
3074,5483,2026-07-13 00:00:00,C,1195
3075,5485,2023-09-04 00:00:00,A,959
3076,5488,2025-09-06 00:00:00,B,290
3077,5492,2025-02-04 00:00:00,A,1130
3078,5493,2023-06-15 00:00:00,A,123
3079,5495,2023-08-03 00:00:00,A,1092
3080,5496,2025-09-27 00:00:00,A,526
3081,5500,2025-07-23 00:00:00,A,536
3082,5501,2023-10-17 00:00:00,A,1252
3083,5502,2025-01-08 00:00:00,B,21
3084,5503,2024-01-26 00:00:00,A,77
3085,5505,2025-10-06 00:00:00,A,187
3086,5506,2026-07-13 00:00:00,A,773
3087,5513,2023-10-01 00:00:00,B,1043
3088,5515,2026-03-13 00:00:00,A,855
3089,5516,2026-07-13 00:00:00,A,590
3090,5517,2026-05-20 00:00:00,A,746
3091,5518,2026-04-13 00:00:00,A,62
3092,5519,2025-01-21 00:00:00,A,317
3093,5520,2025-03-28 00:00:00,A,1151
3094,5522,2023-07-30 00:00:00,A,335
3095,5525,2023-08-18 00:00:00,A,339
3096,5527,2025-05-05 00:00:00,A,33
3097,5530,2025-06-24 00:00:00,A,1121
3098,5533,2024-10-04 00:00:00,C,599
3099,5535,2025-10-15 00:00:00,C,165
3100,5536,2025-11-12 00:00:00,A,358
3101,5537,2026-07-13 00:00:00,C,1139
3102,5538,2024-03-17 00:00:00,A,84
3103,5539,2023-11-09 00:00:00,C,35
3104,5540,2023-11-28 00:00:00,A,101
3105,5541,2023-10-23 00:00:00,A,68
3106,5542,2025-06-06 00:00:00,B,121
3107,5545,2025-05-08 00:00:00,A,36
3108,5548,2023-11-21 00:00:00,A,1274
3109,5552,2025-01-21 00:00:00,A,232
3110,5553,2026-07-13 00:00:00,A,1291
3111,5555,2026-04-24 00:00:00,B,911
3112,5557,2024-08-24 00:00:00,A,665
3113,5558,2025-04-25 00:00:00,A,968
3114,5561,2023-07-07 00:00:00,A,1135
3115,5563,2024-07-25 00:00:00,C,1051
3116,5566,2025-06-29 00:00:00,A,601
3117,5567,2025-06-14 00:00:00,A,158
3118,5569,2023-05-10 00:00:00,A,328
3119,5571,2026-04-11 00:00:00,B,285
3120,5572,2026-01-16 00:00:00,C,1290
3121,5573,2025-11-16 00:00:00,B,268
3122,5574,2026-07-10 00:00:00,A,759
3123,5575,2025-01-01 00:00:00,A,1224
3124,5576,2024-01-23 00:00:00,A,603
3125,5577,2024-11-29 00:00:00,B,880
3126,5579,2026-04-14 00:00:00,A,81
3127,5580,2026-04-23 00:00:00,A,1016
3128,5581,2026-02-16 00:00:00,B,499
3129,5582,2026-07-13 00:00:00,A,250
3130,5583,2025-10-11 00:00:00,C,1059
3131,5584,2026-07-13 00:00:00,C,598
3132,5585,2023-08-01 00:00:00,C,287
3133,5588,2026-04-25 00:00:00,A,19
3134,5590,2025-07-24 00:00:00,C,1322
3135,5593,2024-01-20 00:00:00,A,260
3136,5594,2024-02-23 00:00:00,A,755
3137,5595,2025-11-25 00:00:00,A,1292
3138,5596,2025-09-17 00:00:00,A,5
3139,5597,2024-11-12 00:00:00,C,1078
3140,5598,2026-07-13 00:00:00,A,159
3141,5600,2025-09-12 00:00:00,A,532
3142,5601,2025-02-01 00:00:00,A,475
3143,5604,2024-01-22 00:00:00,A,856
3144,5607,2024-08-20 00:00:00,A,1124
3145,5609,2025-05-29 00:00:00,A,350
3146,5611,2025-09-26 00:00:00,C,67
3147,5612,2025-12-14 00:00:00,C,482
3148,5615,2024-11-24 00:00:00,A,845
3149,5619,2025-05-11 00:00:00,C,1048
3150,5620,2024-09-03 00:00:00,A,1064
3151,5622,2024-02-17 00:00:00,A,1152
3152,5623,2026-07-13 00:00:00,A,111
3153,5624,2023-09-15 00:00:00,C,467
3154,5627,2026-03-30 00:00:00,A,1302
3155,5629,2024-08-22 00:00:00,A,1202
3156,5631,2025-02-07 00:00:00,C,390
3157,5633,2025-09-20 00:00:00,A,452
3158,5634,2026-01-20 00:00:00,A,1045
3159,5635,2025-04-17 00:00:00,A,740
3160,5638,2026-06-25 00:00:00,A,1193
3161,5639,2025-11-14 00:00:00,A,399
3162,5640,2025-12-17 00:00:00,A,405
3163,5641,2023-07-30 00:00:00,A,339
3164,5642,2023-11-19 00:00:00,A,870
3165,5643,2025-05-20 00:00:00,A,764
3166,5645,2024-01-11 00:00:00,A,1190
3167,5646,2026-05-02 00:00:00,A,640
3168,5647,2025-07-02 00:00:00,A,379
3169,5655,2024-11-05 00:00:00,B,918
3170,5657,2025-05-14 00:00:00,B,893
3171,5662,2023-09-06 00:00:00,A,539
3172,5663,2026-04-18 00:00:00,C,1034
3173,5664,2024-01-07 00:00:00,A,901
3174,5665,2026-07-13 00:00:00,C,863
3175,5666,2026-07-13 00:00:00,A,124
3176,5667,2025-11-15 00:00:00,A,251
3177,5669,2026-05-04 00:00:00,A,358
3178,5670,2026-07-13 00:00:00,A,1144
3179,5671,2026-06-12 00:00:00,C,1319
3180,5672,2025-11-21 00:00:00,A,740
3181,5676,2024-11-22 00:00:00,C,873
3182,5677,2026-01-07 00:00:00,B,732
3183,5679,2025-06-02 00:00:00,A,331
3184,5680,2023-11-24 00:00:00,A,493
3185,5681,2025-01-06 00:00:00,A,935
3186,5686,2023-07-21 00:00:00,A,885
3187,5689,2023-10-04 00:00:00,A,393
3188,5691,2026-04-14 00:00:00,A,1232
3189,5692,2024-03-31 00:00:00,B,1323
3190,5693,2024-11-13 00:00:00,A,51
3191,5695,2026-07-13 00:00:00,A,866
3192,5696,2025-11-24 00:00:00,A,262
3193,5697,2024-04-14 00:00:00,A,950
3194,5699,2025-03-19 00:00:00,A,362
3195,5700,2026-07-13 00:00:00,A,826
3196,5701,2024-01-11 00:00:00,A,820
3197,5702,2023-12-29 00:00:00,A,1336
3198,5705,2024-06-11 00:00:00,A,115
3199,5706,2026-05-08 00:00:00,A,1134
3200,5707,2024-02-26 00:00:00,C,1034
3201,5708,2024-12-18 00:00:00,A,1144
3202,5709,2024-09-06 00:00:00,A,1207
3203,5710,2023-11-04 00:00:00,A,1309
3204,5711,2024-04-14 00:00:00,C,837
3205,5712,2023-12-14 00:00:00,C,520
3206,5715,2026-05-10 00:00:00,A,666
3207,5718,2026-06-25 00:00:00,A,321
3208,5720,2025-02-11 00:00:00,A,47
3209,5722,2023-07-20 00:00:00,C,1208
3210,5723,2024-11-28 00:00:00,A,13
3211,5724,2026-07-13 00:00:00,C,1079
3212,5726,2025-01-02 00:00:00,B,608
3213,5727,2025-05-09 00:00:00,A,5
3214,5730,2023-12-25 00:00:00,A,521
3215,5731,2023-07-24 00:00:00,A,113
3216,5732,2025-12-10 00:00:00,A,544
3217,5733,2026-07-02 00:00:00,A,835
3218,5735,2024-07-24 00:00:00,A,1000
3219,5736,2025-08-31 00:00:00,C,656
3220,5737,2024-05-21 00:00:00,C,1258
3221,5742,2024-02-02 00:00:00,A,95
3222,5743,2025-11-05 00:00:00,A,1128
3223,5744,2024-06-09 00:00:00,C,29
3224,5748,2026-05-16 00:00:00,A,338
3225,5749,2025-03-24 00:00:00,A,580
3226,5751,2026-01-24 00:00:00,A,397
3227,5753,2024-04-07 00:00:00,A,773
3228,5757,2024-04-30 00:00:00,A,677
3229,5758,2026-07-13 00:00:00,A,84
3230,5759,2025-11-13 00:00:00,A,248
3231,5761,2023-11-30 00:00:00,A,169
3232,5766,2026-01-19 00:00:00,A,541
3233,5769,2026-06-05 00:00:00,B,352
3234,5770,2026-07-13 00:00:00,A,411
3235,5771,2023-07-24 00:00:00,A,740
3236,5775,2024-09-27 00:00:00,B,874
3237,5776,2023-04-11 00:00:00,A,1287
3238,5779,2023-10-09 00:00:00,A,539
3239,5780,2025-05-24 00:00:00,A,747
3240,5781,2024-12-20 00:00:00,A,123
3241,5782,2026-03-02 00:00:00,A,854
3242,5784,2025-09-01 00:00:00,A,95
3243,5786,2024-06-03 00:00:00,A,1330
3244,5787,2025-11-23 00:00:00,A,1049
3245,5788,2023-08-11 00:00:00,A,1197
3246,5789,2024-09-05 00:00:00,A,927
3247,5791,2025-02-18 00:00:00,B,760
3248,5794,2026-02-08 00:00:00,A,957
3249,5795,2025-01-09 00:00:00,A,318
3250,5799,2024-11-12 00:00:00,A,1107
3251,5800,2024-07-02 00:00:00,A,1265
3252,5802,2024-08-11 00:00:00,A,677
3253,5803,2025-11-03 00:00:00,A,1327
3254,5804,2026-01-01 00:00:00,A,162
3255,5805,2023-08-03 00:00:00,A,856
3256,5806,2025-09-14 00:00:00,A,594
3257,5807,2026-07-13 00:00:00,A,19
3258,5808,2024-01-01 00:00:00,C,602
3259,5811,2026-03-23 00:00:00,A,542
3260,5812,2026-01-06 00:00:00,C,311
3261,5813,2023-05-30 00:00:00,B,967
3262,5814,2026-06-19 00:00:00,C,1278
3263,5815,2023-08-18 00:00:00,C,1265
3264,5818,2026-07-13 00:00:00,A,1029
3265,5819,2023-09-14 00:00:00,A,1142
3266,5820,2025-09-20 00:00:00,C,294
3267,5822,2025-02-24 00:00:00,C,923
3268,5823,2024-04-19 00:00:00,A,824
3269,5824,2024-12-27 00:00:00,A,1029
3270,5825,2026-07-13 00:00:00,A,1026
3271,5826,2025-01-22 00:00:00,A,416
3272,5827,2025-07-26 00:00:00,A,514
3273,5830,2026-07-13 00:00:00,A,910
3274,5831,2025-04-26 00:00:00,C,310
3275,5834,2023-09-08 00:00:00,A,373
3276,5835,2025-11-06 00:00:00,A,1179
3277,5836,2024-12-30 00:00:00,A,958
3278,5838,2025-06-12 00:00:00,C,467
3279,5839,2025-07-03 00:00:00,A,137
3280,5840,2026-03-18 00:00:00,A,46
3281,5842,2025-08-21 00:00:00,A,1255
3282,5844,2024-09-11 00:00:00,A,398
3283,5845,2026-07-13 00:00:00,A,581
3284,5847,2024-01-19 00:00:00,A,275
3285,5849,2024-01-09 00:00:00,A,636
3286,5850,2023-11-10 00:00:00,A,922
3287,5851,2023-11-27 00:00:00,C,772
3288,5853,2025-12-02 00:00:00,A,772
3289,5858,2023-08-13 00:00:00,A,982
3290,5859,2025-01-28 00:00:00,A,142
3291,5861,2024-05-29 00:00:00,B,271
3292,5863,2025-01-15 00:00:00,A,446
3293,5864,2026-07-13 00:00:00,B,909
3294,5865,2025-12-15 00:00:00,A,1056
3295,5868,2025-08-13 00:00:00,A,971
3296,5869,2023-11-15 00:00:00,A,1126
3297,5870,2025-04-14 00:00:00,A,792
3298,5871,2025-10-16 00:00:00,A,427
3299,5872,2026-03-15 00:00:00,A,1291
3300,5873,2024-09-10 00:00:00,C,587
3301,5876,2024-10-12 00:00:00,C,141
3302,5879,2024-10-10 00:00:00,A,222
3303,5881,2026-03-06 00:00:00,A,111
3304,5884,2025-08-07 00:00:00,A,1205
3305,5885,2026-03-04 00:00:00,C,559
3306,5886,2024-05-25 00:00:00,B,1328
3307,5887,2024-05-11 00:00:00,A,1264
3308,5888,2023-05-13 00:00:00,A,937
3309,5889,2024-05-14 00:00:00,A,393
3310,5891,2026-02-01 00:00:00,A,1021
3311,5892,2026-01-01 00:00:00,C,1303
3312,5894,2023-10-05 00:00:00,A,931
3313,5895,2023-09-06 00:00:00,A,1222
3314,5896,2024-09-04 00:00:00,A,92
3315,5897,2024-07-03 00:00:00,A,1117
3316,5898,2024-09-16 00:00:00,A,942
3317,5899,2025-01-04 00:00:00,A,997
3318,5901,2026-07-13 00:00:00,C,920
3319,5902,2024-01-28 00:00:00,A,234
3320,5905,2025-08-26 00:00:00,A,522
3321,5906,2026-06-20 00:00:00,A,651
3322,5907,2024-04-09 00:00:00,A,1279
3323,5909,2023-09-18 00:00:00,A,493
3324,5910,2024-06-20 00:00:00,C,1011
3325,5911,2024-10-12 00:00:00,A,1291
3326,5913,2024-08-03 00:00:00,C,399
3327,5915,2026-07-13 00:00:00,A,1207
3328,5916,2024-01-10 00:00:00,A,809
3329,5918,2023-08-02 00:00:00,A,1009
3330,5919,2024-11-27 00:00:00,C,720
3331,5920,2026-04-04 00:00:00,C,456
3332,5923,2025-06-25 00:00:00,C,481
3333,5925,2025-12-18 00:00:00,A,131
3334,5927,2024-01-06 00:00:00,A,906
3335,5928,2024-02-10 00:00:00,A,531
3336,5929,2024-03-02 00:00:00,C,10
3337,5931,2026-07-13 00:00:00,A,222
3338,5936,2024-04-02 00:00:00,A,159
3339,5939,2025-04-30 00:00:00,A,606
3340,5940,2024-06-28 00:00:00,A,929
3341,5941,2024-04-18 00:00:00,A,1054
3342,5942,2026-04-05 00:00:00,A,1010
3343,5943,2026-02-04 00:00:00,A,354
3344,5945,2026-07-13 00:00:00,A,1309
3345,5947,2026-04-16 00:00:00,A,263
3346,5948,2024-04-13 00:00:00,A,1324
3347,5949,2024-04-10 00:00:00,A,1153
3348,5951,2023-03-16 00:00:00,A,1245
3349,5953,2024-01-30 00:00:00,A,639
3350,5957,2026-06-25 00:00:00,A,453
3351,5958,2025-08-19 00:00:00,A,924
3352,5960,2023-08-14 00:00:00,A,108
3353,5961,2025-02-21 00:00:00,A,1213
3354,5962,2025-10-14 00:00:00,A,1311
3355,5966,2025-07-08 00:00:00,A,1142
3356,5969,2024-11-08 00:00:00,C,158
3357,5973,2024-12-25 00:00:00,A,93
3358,5981,2026-06-17 00:00:00,A,649
3359,5985,2024-10-19 00:00:00,B,798
3360,5987,2026-07-13 00:00:00,C,882
3361,5990,2025-10-07 00:00:00,C,259
3362,5991,2025-09-02 00:00:00,C,1303
3363,5995,2025-11-06 00:00:00,A,535
3364,5996,2025-12-25 00:00:00,A,499
3365,5999,2026-07-13 00:00:00,A,523
3366,6001,2025-07-29 00:00:00,A,1308
3367,6002,2026-03-13 00:00:00,A,693
3368,6003,2023-12-08 00:00:00,B,410
3369,6004,2026-01-02 00:00:00,A,585
3370,6011,2025-01-10 00:00:00,A,165
3371,6014,2026-07-13 00:00:00,A,32
3372,6016,2025-12-01 00:00:00,A,413
3373,6019,2025-06-23 00:00:00,A,252
3374,6020,2026-01-19 00:00:00,A,949
3375,6021,2023-06-02 00:00:00,A,1203
3376,6023,2025-01-28 00:00:00,A,1099
3377,6024,2026-02-04 00:00:00,A,233
3378,6025,2024-01-23 00:00:00,B,1153
3379,6026,2025-05-16 00:00:00,A,859
3380,6027,2025-04-23 00:00:00,A,1174
3381,6029,2025-02-02 00:00:00,A,1020
3382,6030,2026-02-06 00:00:00,A,161
3383,6031,2023-10-15 00:00:00,A,161
3384,6032,2024-06-09 00:00:00,C,1
3385,6033,2024-04-23 00:00:00,A,213
3386,6034,2025-09-13 00:00:00,C,1066
3387,6036,2024-04-12 00:00:00,C,304
3388,6042,2026-07-13 00:00:00,A,945
3389,6044,2024-02-07 00:00:00,C,255
3390,6046,2025-01-01 00:00:00,A,75
3391,6048,2023-06-09 00:00:00,C,201
3392,6049,2024-07-15 00:00:00,B,1017
3393,6051,2026-04-20 00:00:00,A,316
3394,6057,2024-06-18 00:00:00,A,666
3395,6058,2026-07-13 00:00:00,A,983
3396,6060,2025-07-27 00:00:00,C,826
3397,6061,2023-10-03 00:00:00,A,1328
3398,6065,2025-12-05 00:00:00,A,911
3399,6069,2025-12-24 00:00:00,A,544
3400,6072,2024-04-12 00:00:00,A,274
3401,6074,2023-09-05 00:00:00,A,1308
3402,6077,2025-01-21 00:00:00,A,35
3403,6079,2023-09-05 00:00:00,C,1063
3404,6080,2026-05-24 00:00:00,A,727
3405,6082,2024-08-13 00:00:00,C,200
3406,6085,2025-05-23 00:00:00,A,99
3407,6088,2026-07-13 00:00:00,A,341
3408,6089,2023-04-19 00:00:00,B,812
3409,6090,2025-04-21 00:00:00,C,1306
3410,6092,2025-10-23 00:00:00,A,950
3411,6096,2025-06-02 00:00:00,C,30
3412,6097,2025-03-31 00:00:00,C,643
3413,6098,2025-07-16 00:00:00,C,1183
3414,6100,2026-07-13 00:00:00,A,1332
3415,6101,2023-12-05 00:00:00,A,1185
3416,6102,2026-07-13 00:00:00,B,738
3417,6106,2024-05-11 00:00:00,C,340
3418,6107,2025-03-19 00:00:00,A,767
3419,6108,2026-07-13 00:00:00,A,748
3420,6110,2025-04-19 00:00:00,A,1306
3421,6112,2026-07-13 00:00:00,A,591
3422,6116,2026-01-08 00:00:00,A,1174
3423,6117,2023-07-03 00:00:00,B,653
3424,6118,2025-10-08 00:00:00,A,488
3425,6119,2024-02-22 00:00:00,C,963
3426,6121,2026-07-13 00:00:00,C,481
3427,6123,2024-04-25 00:00:00,C,647
3428,6124,2026-03-23 00:00:00,A,393
3429,6125,2026-07-13 00:00:00,A,233
3430,6126,2026-07-13 00:00:00,B,1225
3431,6130,2025-01-01 00:00:00,A,254
3432,6131,2026-05-08 00:00:00,A,144
3433,6132,2025-09-11 00:00:00,A,800
3434,6133,2026-06-01 00:00:00,A,651
3435,6134,2024-07-24 00:00:00,A,453
3436,6135,2026-07-13 00:00:00,A,398
3437,6138,2026-07-13 00:00:00,B,1095
3438,6143,2026-01-20 00:00:00,A,1170
3439,6144,2024-08-03 00:00:00,C,1044
3440,6145,2026-02-17 00:00:00,A,1326
3441,6147,2023-10-30 00:00:00,A,662
3442,6149,2024-07-19 00:00:00,A,490
3443,6151,2023-04-19 00:00:00,A,732
3444,6154,2026-07-13 00:00:00,B,642
3445,6159,2023-12-31 00:00:00,A,782
3446,6160,2023-12-29 00:00:00,A,704
3447,6161,2026-07-13 00:00:00,A,648
3448,6162,2023-12-06 00:00:00,A,568
3449,6164,2023-08-10 00:00:00,A,327
3450,6167,2025-12-22 00:00:00,A,465
3451,6168,2025-11-27 00:00:00,C,172
3452,6169,2026-07-13 00:00:00,A,1279
3453,6170,2025-04-17 00:00:00,A,1003
3454,6171,2026-07-13 00:00:00,A,331
3455,6172,2024-01-14 00:00:00,B,167
3456,6173,2025-12-02 00:00:00,B,1046
3457,6174,2026-02-14 00:00:00,A,610
3458,6176,2026-01-30 00:00:00,A,390
3459,6177,2025-09-26 00:00:00,A,1197
3460,6178,2026-02-07 00:00:00,A,325
3461,6179,2024-04-21 00:00:00,A,827
3462,6180,2023-10-03 00:00:00,A,1222
3463,6181,2024-04-24 00:00:00,C,603
3464,6183,2024-01-25 00:00:00,A,1111
3465,6184,2023-09-03 00:00:00,B,155
3466,6185,2026-03-20 00:00:00,A,466
3467,6188,2026-06-30 00:00:00,B,389
3468,6189,2024-09-30 00:00:00,C,319
3469,6190,2025-08-23 00:00:00,A,631
3470,6192,2024-08-01 00:00:00,A,1296
3471,6194,2026-05-31 00:00:00,A,1045
3472,6195,2025-10-29 00:00:00,C,1294
3473,6196,2025-08-02 00:00:00,A,1095
3474,6197,2026-04-22 00:00:00,A,274
3475,6198,2026-04-11 00:00:00,A,318
3476,6200,2025-04-27 00:00:00,A,663
3477,6202,2024-10-15 00:00:00,A,733
3478,6204,2023-12-29 00:00:00,A,264
3479,6205,2026-01-04 00:00:00,A,491
3480,6206,2023-09-18 00:00:00,A,591
3481,6210,2024-09-26 00:00:00,C,1057
3482,6211,2024-12-13 00:00:00,B,861
3483,6213,2024-11-24 00:00:00,A,785
3484,6216,2024-08-19 00:00:00,C,628
3485,6219,2024-09-23 00:00:00,A,1294
3486,6220,2026-07-13 00:00:00,A,252
3487,6221,2024-12-10 00:00:00,A,861
3488,6223,2024-09-13 00:00:00,A,812
3489,6225,2023-09-16 00:00:00,A,1008
3490,6226,2024-10-23 00:00:00,A,114
3491,6227,2025-08-07 00:00:00,A,922
3492,6228,2024-10-11 00:00:00,A,1155
3493,6229,2023-09-05 00:00:00,B,108
3494,6233,2024-12-28 00:00:00,C,588
3495,6234,2025-07-12 00:00:00,A,186
3496,6236,2024-09-21 00:00:00,A,110
3497,6237,2024-12-02 00:00:00,A,97
3498,6238,2026-02-20 00:00:00,C,1207
3499,6240,2026-03-29 00:00:00,C,1132
3500,6241,2026-02-06 00:00:00,A,17
3501,6242,2025-06-21 00:00:00,A,444
3502,6246,2025-03-19 00:00:00,A,1095
3503,6247,2024-10-14 00:00:00,A,329
3504,6249,2025-02-14 00:00:00,A,1308
3505,6251,2024-03-17 00:00:00,A,186
3506,6252,2023-10-07 00:00:00,A,732
3507,6254,2024-12-04 00:00:00,A,1020
3508,6255,2023-10-30 00:00:00,A,19
3509,6256,2025-12-10 00:00:00,A,1222
3510,6258,2025-02-11 00:00:00,A,1307
3511,6263,2023-06-25 00:00:00,A,295
3512,6264,2024-06-02 00:00:00,B,987
3513,6265,2026-07-05 00:00:00,C,1161
3514,6266,2026-07-13 00:00:00,A,1221
3515,6269,2026-07-13 00:00:00,A,940
3516,6272,2026-07-13 00:00:00,C,835
3517,6275,2026-07-13 00:00:00,A,1078
3518,6277,2024-12-04 00:00:00,A,137
3519,6280,2026-07-13 00:00:00,A,169
3520,6281,2023-11-07 00:00:00,C,292
3521,6283,2023-07-19 00:00:00,A,678
3522,6284,2023-12-19 00:00:00,C,361
3523,6285,2026-05-22 00:00:00,A,417
3524,6289,2025-03-26 00:00:00,C,142
3525,6290,2026-07-13 00:00:00,A,1196
3526,6292,2023-08-03 00:00:00,A,532
3527,6294,2023-12-04 00:00:00,A,1196
3528,6295,2026-05-31 00:00:00,A,213
3529,6296,2025-11-08 00:00:00,C,1308
3530,6297,2024-02-28 00:00:00,A,997
3531,6303,2024-04-29 00:00:00,A,417
3532,6304,2023-11-26 00:00:00,A,202
3533,6305,2023-11-19 00:00:00,A,19
3534,6309,2026-05-12 00:00:00,B,333
3535,6310,2023-10-18 00:00:00,A,365
3536,6311,2025-12-16 00:00:00,A,739
3537,6312,2024-02-16 00:00:00,C,256
3538,6313,2025-12-21 00:00:00,A,1140
3539,6314,2024-08-10 00:00:00,A,931
3540,6315,2025-10-08 00:00:00,A,194
3541,6316,2023-08-11 00:00:00,B,562
3542,6317,2026-05-17 00:00:00,A,1086
3543,6318,2023-08-11 00:00:00,A,133
3544,6320,2024-07-06 00:00:00,A,1313
3545,6321,2024-09-15 00:00:00,C,273
3546,6323,2025-08-17 00:00:00,C,677
3547,6324,2025-07-27 00:00:00,A,911
3548,6325,2024-06-21 00:00:00,A,95
3549,6326,2024-08-02 00:00:00,A,470
3550,6329,2024-08-24 00:00:00,A,178
3551,6332,2025-11-17 00:00:00,A,677
3552,6333,2025-04-13 00:00:00,A,719
3553,6335,2026-07-13 00:00:00,A,719
3554,6336,2025-12-29 00:00:00,A,265
3555,6337,2024-07-06 00:00:00,A,297
3556,6338,2023-10-11 00:00:00,B,230
3557,6340,2024-02-16 00:00:00,A,380
3558,6341,2026-07-13 00:00:00,A,730
3559,6344,2025-06-11 00:00:00,C,332
3560,6345,2025-06-15 00:00:00,A,343
3561,6347,2025-12-12 00:00:00,A,760
3562,6349,2025-06-19 00:00:00,B,834
3563,6350,2026-04-25 00:00:00,B,327
3564,6352,2026-05-06 00:00:00,A,714
3565,6353,2025-09-30 00:00:00,C,382
3566,6354,2024-05-26 00:00:00,C,747
3567,6357,2024-06-08 00:00:00,C,139
3568,6359,2024-01-19 00:00:00,A,477
3569,6360,2026-07-13 00:00:00,A,206
3570,6364,2026-03-07 00:00:00,A,253
3571,6365,2025-01-02 00:00:00,A,659
3572,6366,2024-01-01 00:00:00,A,337
3573,6371,2025-05-15 00:00:00,A,713
3574,6372,2025-08-09 00:00:00,C,391
3575,6373,2023-06-11 00:00:00,B,965
3576,6374,2023-10-23 00:00:00,B,687
3577,6375,2024-01-02 00:00:00,A,586
3578,6378,2024-10-24 00:00:00,A,757
3579,6379,2024-03-03 00:00:00,A,151
3580,6381,2023-11-24 00:00:00,A,19
3581,6382,2025-07-18 00:00:00,A,67
3582,6383,2026-05-10 00:00:00,A,445
3583,6384,2023-12-05 00:00:00,A,108
3584,6385,2025-08-23 00:00:00,A,1088
3585,6386,2023-05-01 00:00:00,A,186
3586,6387,2026-01-29 00:00:00,A,7
3587,6389,2026-02-18 00:00:00,A,845
3588,6393,2023-08-06 00:00:00,A,1175
3589,6394,2025-10-26 00:00:00,C,299
3590,6395,2025-03-21 00:00:00,A,669
3591,6397,2026-07-13 00:00:00,A,360
3592,6399,2024-09-23 00:00:00,A,187
3593,6400,2025-03-20 00:00:00,B,715
3594,6401,2025-08-22 00:00:00,B,273
3595,6402,2026-04-20 00:00:00,A,1149
3596,6403,2023-11-14 00:00:00,B,778
3597,6405,2026-03-24 00:00:00,A,84
3598,6406,2025-03-22 00:00:00,A,1025
3599,6407,2024-03-14 00:00:00,B,755
3600,6408,2025-09-01 00:00:00,C,696
3601,6409,2026-02-01 00:00:00,A,417
3602,6411,2026-01-07 00:00:00,A,312
3603,6412,2025-04-16 00:00:00,A,890
3604,6413,2023-08-29 00:00:00,A,595
3605,6414,2024-11-07 00:00:00,B,434
3606,6415,2026-07-13 00:00:00,A,924
3607,6416,2025-02-08 00:00:00,A,990
3608,6417,2024-06-19 00:00:00,A,650
3609,6419,2024-03-28 00:00:00,C,1297
3610,6420,2023-10-30 00:00:00,A,999
3611,6421,2025-06-26 00:00:00,B,614
3612,6422,2023-08-31 00:00:00,A,324
3613,6423,2024-07-02 00:00:00,A,959
3614,6426,2026-02-15 00:00:00,A,747
3615,6431,2024-03-30 00:00:00,A,786
3616,6436,2024-10-04 00:00:00,A,1027
3617,6437,2024-06-07 00:00:00,A,643
3618,6438,2024-10-31 00:00:00,C,864
3619,6439,2026-02-26 00:00:00,A,1162
3620,6442,2025-11-30 00:00:00,A,255
3621,6444,2025-07-30 00:00:00,A,608
3622,6445,2023-08-19 00:00:00,A,339
3623,6446,2023-03-08 00:00:00,A,735
3624,6448,2024-02-03 00:00:00,A,1114
3625,6449,2023-10-04 00:00:00,A,611
3626,6450,2024-10-16 00:00:00,C,942
3627,6458,2025-04-10 00:00:00,A,645
3628,6459,2023-03-17 00:00:00,A,984
3629,6460,2025-08-28 00:00:00,A,632
3630,6461,2024-09-28 00:00:00,A,873
3631,6462,2026-05-09 00:00:00,A,608
3632,6463,2026-04-09 00:00:00,A,407
3633,6465,2024-01-20 00:00:00,A,606
3634,6466,2024-12-22 00:00:00,A,93
3635,6467,2025-04-14 00:00:00,A,1227
3636,6468,2025-12-03 00:00:00,A,694
3637,6470,2023-12-10 00:00:00,A,367
3638,6471,2025-04-13 00:00:00,A,1073
3639,6473,2026-01-05 00:00:00,A,1279
3640,6476,2024-05-07 00:00:00,B,585
3641,6478,2026-07-13 00:00:00,A,542
3642,6480,2023-12-30 00:00:00,A,716
3643,6481,2023-11-22 00:00:00,A,1054
3644,6482,2026-07-13 00:00:00,A,628
3645,6483,2024-01-02 00:00:00,B,787
3646,6485,2023-10-03 00:00:00,A,1306
3647,6486,2024-07-09 00:00:00,A,281
3648,6487,2024-01-11 00:00:00,A,1110
3649,6488,2024-11-24 00:00:00,A,1241
3650,6490,2025-11-13 00:00:00,C,372
3651,6491,2023-09-22 00:00:00,A,691
3652,6493,2026-06-19 00:00:00,A,426
3653,6494,2025-07-16 00:00:00,A,532
3654,6497,2024-12-15 00:00:00,A,1120
3655,6498,2025-09-06 00:00:00,B,251
3656,6499,2025-02-16 00:00:00,A,516
3657,6502,2025-09-20 00:00:00,C,818
3658,6503,2024-09-11 00:00:00,A,610
3659,6505,2025-09-08 00:00:00,A,1321
3660,6506,2024-02-10 00:00:00,A,907
3661,6508,2024-01-13 00:00:00,A,182
3662,6512,2025-02-13 00:00:00,A,10
3663,6515,2025-01-07 00:00:00,A,562
3664,6517,2024-02-17 00:00:00,B,777
3665,6518,2025-11-07 00:00:00,A,32
3666,6519,2024-01-09 00:00:00,A,761
3667,6521,2025-08-28 00:00:00,A,1245
3668,6524,2026-07-13 00:00:00,A,856
3669,6525,2024-06-28 00:00:00,A,162
3670,6527,2025-07-04 00:00:00,A,978
3671,6529,2024-05-19 00:00:00,A,68
3672,6530,2025-03-30 00:00:00,C,901
3673,6532,2023-07-26 00:00:00,A,335
3674,6533,2024-12-20 00:00:00,A,18
3675,6534,2024-12-31 00:00:00,A,289
3676,6536,2025-01-13 00:00:00,A,439
3677,6537,2025-05-03 00:00:00,A,987
3678,6538,2025-09-09 00:00:00,A,541
3679,6539,2026-01-04 00:00:00,A,946
3680,6542,2025-06-11 00:00:00,A,1298
3681,6543,2025-04-26 00:00:00,A,320
3682,6546,2024-11-12 00:00:00,A,385
3683,6548,2026-07-13 00:00:00,A,875
3684,6551,2025-01-02 00:00:00,A,1259
3685,6552,2024-11-23 00:00:00,A,1252
3686,6553,2023-06-07 00:00:00,C,817
3687,6554,2025-02-19 00:00:00,A,440
3688,6557,2026-07-13 00:00:00,C,412
3689,6562,2025-02-17 00:00:00,A,605
3690,6564,2026-07-13 00:00:00,C,71
3691,6565,2025-04-23 00:00:00,A,714
3692,6567,2026-07-13 00:00:00,A,446
3693,6569,2023-08-16 00:00:00,A,71
3694,6570,2024-02-25 00:00:00,A,325
3695,6573,2024-07-24 00:00:00,B,1143
3696,6574,2025-10-24 00:00:00,A,969
3697,6575,2025-03-25 00:00:00,A,1184
3698,6576,2025-01-19 00:00:00,A,793
3699,6578,2025-06-27 00:00:00,C,258
3700,6581,2024-02-22 00:00:00,A,1266
3701,6582,2026-07-13 00:00:00,B,885
3702,6584,2024-03-07 00:00:00,A,180
3703,6585,2025-02-14 00:00:00,A,1188
3704,6586,2026-04-03 00:00:00,A,509
3705,6588,2024-05-09 00:00:00,A,194
3706,6589,2023-08-31 00:00:00,C,1243
3707,6590,2023-12-07 00:00:00,A,145
3708,6591,2026-07-13 00:00:00,A,1305
3709,6593,2025-07-02 00:00:00,A,791
3710,6594,2025-05-01 00:00:00,A,1311
3711,6595,2026-04-11 00:00:00,A,155
3712,6597,2024-04-19 00:00:00,C,631
3713,6598,2026-07-13 00:00:00,A,138
3714,6600,2025-03-15 00:00:00,C,993
3715,6602,2025-11-16 00:00:00,A,531
3716,6607,2025-01-24 00:00:00,A,1019
3717,6610,2024-09-19 00:00:00,A,788
3718,6611,2025-05-30 00:00:00,C,1303
3719,6614,2025-02-25 00:00:00,A,322
3720,6615,2024-02-25 00:00:00,C,175
3721,6617,2023-12-19 00:00:00,C,532
3722,6619,2024-12-25 00:00:00,A,626
3723,6621,2026-06-27 00:00:00,C,419
3724,6623,2026-07-13 00:00:00,C,465
3725,6624,2026-02-07 00:00:00,A,16
3726,6626,2024-01-23 00:00:00,A,868
3727,6627,2023-02-02 00:00:00,A,1104
3728,6628,2025-01-04 00:00:00,A,876
3729,6629,2026-02-04 00:00:00,A,1142
3730,6630,2023-09-19 00:00:00,A,1056
3731,6632,2026-04-21 00:00:00,A,1027
3732,6634,2025-03-14 00:00:00,A,1179
3733,6635,2026-06-10 00:00:00,C,34
3734,6640,2023-07-03 00:00:00,A,1321
3735,6643,2023-07-05 00:00:00,A,916
3736,6644,2026-06-15 00:00:00,A,1144
3737,6646,2026-07-13 00:00:00,C,1054
3738,6647,2026-07-13 00:00:00,A,173
3739,6649,2025-06-07 00:00:00,A,780
3740,6650,2025-09-04 00:00:00,A,50
3741,6651,2024-02-23 00:00:00,A,76
3742,6655,2025-11-04 00:00:00,A,924
3743,6656,2026-07-13 00:00:00,A,1044
3744,6659,2023-08-30 00:00:00,A,1227
3745,6663,2024-12-23 00:00:00,A,651
3746,6664,2025-03-05 00:00:00,B,715
3747,6667,2026-03-16 00:00:00,A,545
3748,6669,2026-07-13 00:00:00,A,495
3749,6670,2026-07-13 00:00:00,C,603
3750,6671,2024-02-18 00:00:00,A,77
3751,6673,2026-06-13 00:00:00,A,685
3752,6674,2025-03-07 00:00:00,A,943
3753,6675,2026-03-29 00:00:00,A,893
3754,6676,2024-09-20 00:00:00,A,1175
3755,6677,2026-07-13 00:00:00,C,1261
3756,6678,2024-04-12 00:00:00,A,973
3757,6679,2025-05-13 00:00:00,A,998
3758,6681,2025-03-24 00:00:00,A,283
3759,6684,2023-07-14 00:00:00,A,443
3760,6686,2025-02-16 00:00:00,C,671
3761,6688,2023-07-13 00:00:00,A,956
3762,6690,2025-05-21 00:00:00,A,841
3763,6693,2025-08-10 00:00:00,A,74
3764,6695,2024-12-14 00:00:00,B,70
3765,6697,2025-07-10 00:00:00,A,1328
3766,6700,2023-08-07 00:00:00,A,1224
3767,6703,2025-09-12 00:00:00,A,582
3768,6704,2025-01-23 00:00:00,A,1000
3769,6705,2026-02-23 00:00:00,B,98
3770,6706,2024-08-08 00:00:00,A,343
3771,6707,2023-12-04 00:00:00,A,189
3772,6708,2023-08-24 00:00:00,A,1160
3773,6709,2025-10-24 00:00:00,A,60
3774,6711,2024-11-06 00:00:00,A,992
3775,6712,2024-12-01 00:00:00,A,294
3776,6714,2026-03-19 00:00:00,C,388
3777,6716,2025-03-16 00:00:00,A,761
3778,6717,2024-05-04 00:00:00,A,94
3779,6718,2025-08-05 00:00:00,C,687
3780,6721,2023-11-17 00:00:00,A,367
3781,6724,2024-02-26 00:00:00,C,445
3782,6726,2024-01-17 00:00:00,B,1036
3783,6727,2023-12-05 00:00:00,C,790
3784,6729,2024-11-05 00:00:00,A,790
3785,6730,2024-08-12 00:00:00,B,659
3786,6733,2026-07-09 00:00:00,B,858
3787,6735,2025-08-17 00:00:00,A,157
3788,6736,2025-02-15 00:00:00,A,1065
3789,6739,2024-01-29 00:00:00,A,254
3790,6741,2026-05-07 00:00:00,A,274
3791,6742,2026-01-19 00:00:00,C,831
3792,6744,2024-12-04 00:00:00,A,199
3793,6745,2026-01-04 00:00:00,A,1200
3794,6748,2023-11-13 00:00:00,A,939
3795,6749,2026-07-13 00:00:00,C,296
3796,6750,2023-12-30 00:00:00,C,934
3797,6751,2025-09-11 00:00:00,A,240
3798,6752,2026-03-07 00:00:00,C,1250
3799,6754,2025-12-31 00:00:00,A,683
3800,6755,2024-02-14 00:00:00,A,1022
3801,6756,2026-01-18 00:00:00,A,110
3802,6757,2024-12-31 00:00:00,A,225
3803,6758,2026-07-13 00:00:00,C,1000
3804,6760,2023-06-16 00:00:00,A,725
3805,6764,2025-06-17 00:00:00,A,1025
3806,6765,2025-03-21 00:00:00,A,838
3807,6766,2026-07-13 00:00:00,A,581
3808,6769,2025-03-08 00:00:00,A,1024
3809,6775,2025-03-22 00:00:00,B,1315
3810,6776,2025-03-14 00:00:00,A,497
3811,6779,2024-07-07 00:00:00,A,715
3812,6780,2023-05-12 00:00:00,A,371
3813,6781,2026-06-02 00:00:00,A,1222
3814,6782,2024-12-11 00:00:00,C,1103
3815,6783,2024-06-28 00:00:00,A,1218
3816,6785,2025-01-05 00:00:00,C,1227
3817,6786,2024-11-02 00:00:00,A,121
3818,6788,2025-05-15 00:00:00,A,1059
3819,6789,2024-03-13 00:00:00,A,719
3820,6790,2025-11-28 00:00:00,A,917
3821,6793,2025-08-15 00:00:00,A,446
3822,6794,2024-07-22 00:00:00,A,852
3823,6795,2026-07-13 00:00:00,A,603
3824,6796,2024-11-02 00:00:00,A,231
3825,6797,2025-07-28 00:00:00,A,572
3826,6798,2025-03-31 00:00:00,C,1174
3827,6801,2026-03-20 00:00:00,A,48
3828,6802,2026-07-13 00:00:00,B,305
3829,6806,2023-11-18 00:00:00,A,160
3830,6807,2026-01-19 00:00:00,A,1329
3831,6808,2024-11-07 00:00:00,A,567
3832,6809,2024-02-05 00:00:00,A,1048
3833,6812,2026-01-28 00:00:00,A,933
3834,6815,2024-05-30 00:00:00,A,38
3835,6816,2025-09-04 00:00:00,A,1269
3836,6817,2024-06-07 00:00:00,A,728
3837,6818,2024-07-14 00:00:00,A,1193
3838,6819,2024-04-14 00:00:00,A,956
3839,6820,2025-08-26 00:00:00,A,1222
3840,6823,2025-05-21 00:00:00,A,297
3841,6825,2025-10-03 00:00:00,A,803
3842,6826,2024-06-04 00:00:00,C,159
3843,6828,2024-01-14 00:00:00,A,257
3844,6829,2025-04-21 00:00:00,A,1126
3845,6831,2023-10-27 00:00:00,A,516
3846,6834,2026-07-13 00:00:00,A,192
3847,6835,2023-03-18 00:00:00,A,995
3848,6837,2026-02-17 00:00:00,C,805
3849,6838,2024-07-19 00:00:00,A,704
3850,6843,2026-07-13 00:00:00,A,461
3851,6845,2025-03-22 00:00:00,C,608
3852,6846,2025-06-16 00:00:00,A,125
3853,6847,2025-12-03 00:00:00,A,21
3854,6848,2025-12-31 00:00:00,A,386
3855,6849,2026-07-13 00:00:00,C,277
3856,6850,2023-11-01 00:00:00,A,297
3857,6853,2026-07-13 00:00:00,C,1228
3858,6854,2025-09-06 00:00:00,A,1235
3859,6856,2026-07-13 00:00:00,A,287
3860,6857,2026-07-13 00:00:00,A,360
3861,6859,2025-10-12 00:00:00,A,312
3862,6862,2024-07-14 00:00:00,A,512
3863,6864,2026-07-13 00:00:00,C,302
3864,6865,2026-06-15 00:00:00,A,181
3865,6866,2024-11-29 00:00:00,A,660
3866,6867,2025-07-21 00:00:00,A,85
3867,6871,2025-12-21 00:00:00,C,898
3868,6872,2025-10-24 00:00:00,B,887
3869,6873,2023-08-14 00:00:00,A,862
3870,6875,2025-09-24 00:00:00,A,58
3871,6876,2024-06-09 00:00:00,A,641
3872,6877,2024-07-28 00:00:00,A,492
3873,6879,2024-11-07 00:00:00,A,1163
3874,6881,2025-03-15 00:00:00,B,31
3875,6882,2024-03-18 00:00:00,A,1326
3876,6884,2026-07-13 00:00:00,A,1275
3877,6885,2024-05-23 00:00:00,A,913
3878,6888,2024-04-24 00:00:00,A,1277
3879,6892,2024-02-25 00:00:00,C,428
3880,6893,2025-02-18 00:00:00,B,300
3881,6894,2023-11-25 00:00:00,A,804
3882,6895,2025-05-19 00:00:00,A,186
3883,6896,2025-04-24 00:00:00,A,109
3884,6897,2025-04-11 00:00:00,B,52
3885,6898,2023-03-05 00:00:00,A,1113
3886,6899,2026-02-09 00:00:00,A,1168
3887,6900,2026-07-13 00:00:00,C,855
3888,6901,2026-06-21 00:00:00,A,961
3889,6904,2025-03-23 00:00:00,A,288
3890,6905,2026-07-13 00:00:00,B,659
3891,6907,2024-05-24 00:00:00,A,793
3892,6908,2026-07-12 00:00:00,A,767
3893,6909,2024-12-09 00:00:00,C,169
3894,6911,2026-07-13 00:00:00,A,1111
3895,6915,2026-07-13 00:00:00,C,1195
3896,6916,2026-05-30 00:00:00,A,896
3897,6917,2024-11-30 00:00:00,A,155
3898,6918,2024-06-12 00:00:00,A,556
3899,6919,2026-03-22 00:00:00,A,1222
3900,6920,2023-08-21 00:00:00,A,826
3901,6925,2024-11-16 00:00:00,A,18
3902,6927,2024-07-09 00:00:00,A,1173
3903,6928,2024-08-01 00:00:00,A,386
3904,6929,2024-07-23 00:00:00,A,261
3905,6931,2024-06-22 00:00:00,A,404
3906,6932,2026-06-21 00:00:00,A,1312
3907,6933,2026-07-13 00:00:00,A,576
3908,6937,2025-05-14 00:00:00,A,1107
3909,6938,2026-04-26 00:00:00,C,540
3910,6939,2025-12-17 00:00:00,A,789
3911,6940,2026-06-01 00:00:00,A,1190
3912,6942,2024-09-20 00:00:00,C,69
3913,6943,2025-03-16 00:00:00,A,1326
3914,6944,2024-05-08 00:00:00,A,1173
3915,6945,2023-11-04 00:00:00,C,296
3916,6946,2024-07-28 00:00:00,A,1253
3917,6947,2024-12-02 00:00:00,C,1070
3918,6949,2025-06-26 00:00:00,A,603
3919,6950,2026-07-13 00:00:00,A,297
3920,6951,2023-09-13 00:00:00,A,866
3921,6953,2024-04-01 00:00:00,C,1270
3922,6956,2024-01-25 00:00:00,A,1256
3923,6957,2025-04-19 00:00:00,A,92
3924,6958,2024-03-12 00:00:00,A,1242
3925,6959,2025-03-12 00:00:00,A,481
3926,6961,2023-07-16 00:00:00,C,167
3927,6963,2025-12-08 00:00:00,A,1046
3928,6964,2023-07-05 00:00:00,C,91
3929,6966,2025-12-20 00:00:00,A,456
3930,6967,2026-04-15 00:00:00,A,1031
3931,6968,2026-07-13 00:00:00,A,606
3932,6969,2024-10-07 00:00:00,A,1217
3933,6970,2023-09-24 00:00:00,A,543
3934,6971,2023-08-26 00:00:00,A,189
3935,6972,2025-10-18 00:00:00,C,1288
3936,6973,2026-07-13 00:00:00,A,387
3937,6977,2023-11-24 00:00:00,C,163
3938,6980,2025-10-06 00:00:00,A,348
3939,6981,2024-06-24 00:00:00,C,29
3940,6982,2025-07-06 00:00:00,A,639
3941,6983,2025-02-19 00:00:00,A,924
3942,6986,2025-07-23 00:00:00,C,430
3943,6987,2025-06-04 00:00:00,C,345
3944,6993,2025-03-17 00:00:00,A,581
3945,6995,2025-01-19 00:00:00,A,738
3946,6997,2025-12-26 00:00:00,A,798
3947,6998,2024-07-02 00:00:00,A,718
3948,6999,2025-01-27 00:00:00,C,1069
3949,7000,2026-04-02 00:00:00,A,304
3950,7001,2024-07-09 00:00:00,A,1020
3951,7002,2026-03-18 00:00:00,A,394
3952,7007,2026-07-13 00:00:00,A,1291
3953,7009,2024-10-24 00:00:00,C,759
3954,7012,2025-09-02 00:00:00,A,631
3955,7013,2024-04-09 00:00:00,C,129
3956,7015,2025-05-28 00:00:00,A,696
3957,7017,2026-07-13 00:00:00,A,782
3958,7018,2025-08-24 00:00:00,A,1104
3959,7019,2026-02-12 00:00:00,A,551
3960,7020,2024-12-10 00:00:00,A,611
3961,7021,2025-11-26 00:00:00,A,1306
3962,7022,2026-01-03 00:00:00,C,42
3963,7024,2026-07-13 00:00:00,A,1178
3964,7026,2023-06-17 00:00:00,A,826
3965,7028,2026-05-09 00:00:00,A,1334
3966,7034,2024-09-22 00:00:00,B,1126
3967,7036,2025-04-17 00:00:00,C,782
3968,7041,2026-07-13 00:00:00,A,973
3969,7044,2026-01-31 00:00:00,B,460
3970,7047,2023-09-07 00:00:00,A,248
3971,7048,2025-10-13 00:00:00,A,70
3972,7049,2026-05-24 00:00:00,C,462
3973,7050,2024-10-29 00:00:00,A,388
3974,7051,2024-01-08 00:00:00,C,1051
3975,7053,2025-08-10 00:00:00,A,373
3976,7055,2024-05-16 00:00:00,C,694
3977,7056,2024-01-25 00:00:00,A,1081
3978,7057,2024-03-16 00:00:00,C,433
3979,7060,2026-03-16 00:00:00,A,84
3980,7062,2024-09-07 00:00:00,A,1289
3981,7063,2026-01-26 00:00:00,A,78
3982,7064,2024-02-17 00:00:00,A,878
3983,7065,2024-02-29 00:00:00,A,726
3984,7067,2023-09-22 00:00:00,A,838
3985,7068,2024-03-22 00:00:00,A,870
3986,7069,2024-01-14 00:00:00,A,908
3987,7074,2026-02-06 00:00:00,A,535
3988,7076,2025-01-28 00:00:00,A,129
3989,7077,2025-07-28 00:00:00,A,65
3990,7079,2023-03-29 00:00:00,A,1129
3991,7080,2026-05-04 00:00:00,A,969
3992,7081,2023-11-21 00:00:00,C,987
3993,7082,2025-06-12 00:00:00,A,777
3994,7083,2025-04-24 00:00:00,A,1169
3995,7084,2025-12-01 00:00:00,A,664
3996,7085,2023-11-02 00:00:00,A,674
3997,7086,2026-05-24 00:00:00,A,459
3998,7089,2024-06-13 00:00:00,A,829
3999,7090,2026-07-13 00:00:00,B,1179
4000,7092,2023-06-14 00:00:00,B,532
4001,7093,2024-07-06 00:00:00,A,969
4002,7095,2024-05-01 00:00:00,A,354
4003,7099,2026-07-13 00:00:00,A,12
4004,7105,2025-04-19 00:00:00,C,94
4005,7108,2024-12-31 00:00:00,A,179
4006,7112,2023-09-05 00:00:00,A,682
4007,7114,2025-11-29 00:00:00,B,1118
4008,7116,2024-02-02 00:00:00,A,1299
4009,7117,2026-01-25 00:00:00,A,1112
4010,7120,2025-03-23 00:00:00,C,618
4011,7124,2023-10-26 00:00:00,A,1067
4012,7125,2023-12-17 00:00:00,C,1146
4013,7126,2023-10-21 00:00:00,B,141
4014,7127,2024-11-16 00:00:00,A,759
4015,7129,2023-10-12 00:00:00,A,1024
4016,7132,2025-08-01 00:00:00,B,1226
4017,7137,2024-11-28 00:00:00,A,357
4018,7139,2026-05-09 00:00:00,C,52
4019,7140,2023-07-17 00:00:00,A,197
4020,7142,2026-01-27 00:00:00,A,334
4021,7144,2026-02-08 00:00:00,C,399
4022,7145,2025-10-17 00:00:00,B,542
4023,7151,2025-07-30 00:00:00,A,1268
4024,7153,2025-08-10 00:00:00,A,1077
4025,7154,2026-07-13 00:00:00,C,1237
4026,7157,2024-01-03 00:00:00,A,65
4027,7160,2023-09-10 00:00:00,A,1154
4028,7163,2026-07-13 00:00:00,A,1062
4029,7164,2023-12-25 00:00:00,A,937
4030,7165,2026-07-13 00:00:00,C,506
4031,7166,2026-05-23 00:00:00,A,448
4032,7167,2023-10-22 00:00:00,A,1005
4033,7168,2025-11-05 00:00:00,A,39
4034,7171,2024-07-23 00:00:00,C,466
4035,7173,2026-02-22 00:00:00,A,1275
4036,7174,2023-09-23 00:00:00,C,1199
4037,7177,2023-02-01 00:00:00,A,889
4038,7182,2026-04-16 00:00:00,A,1100
4039,7184,2024-04-17 00:00:00,C,1194
4040,7187,2024-05-07 00:00:00,A,925
4041,7188,2023-07-15 00:00:00,C,387
4042,7189,2026-04-30 00:00:00,A,1064
4043,7191,2023-08-22 00:00:00,A,618
4044,7192,2026-04-15 00:00:00,C,545
4045,7193,2026-07-13 00:00:00,B,689
4046,7194,2024-02-09 00:00:00,A,813
4047,7196,2024-06-04 00:00:00,C,1121
4048,7197,2024-08-08 00:00:00,A,989
4049,7198,2023-05-15 00:00:00,A,177
4050,7199,2026-07-13 00:00:00,A,1028
4051,7200,2023-04-06 00:00:00,A,125
4052,7205,2026-07-13 00:00:00,A,235
4053,7207,2026-03-05 00:00:00,A,884
4054,7212,2026-04-22 00:00:00,B,285
4055,7214,2026-03-20 00:00:00,A,1000
4056,7216,2026-07-13 00:00:00,A,1076
4057,7217,2025-12-30 00:00:00,A,1133
4058,7219,2025-03-26 00:00:00,B,648
4059,7221,2025-01-25 00:00:00,A,456
4060,7222,2026-07-13 00:00:00,A,322
4061,7223,2026-07-13 00:00:00,C,96
4062,7225,2024-04-03 00:00:00,C,181
4063,7230,2026-02-11 00:00:00,A,846
4064,7232,2024-03-24 00:00:00,C,1086
4065,7234,2024-10-12 00:00:00,C,810
4066,7237,2025-12-13 00:00:00,A,363
4067,7238,2024-02-27 00:00:00,A,586
4068,7240,2026-07-13 00:00:00,C,1160
4069,7241,2026-03-28 00:00:00,A,1197
4070,7242,2024-04-06 00:00:00,A,325
4071,7243,2026-02-07 00:00:00,A,459
4072,7249,2024-10-30 00:00:00,A,1067
4073,7251,2023-10-17 00:00:00,C,275
4074,7252,2025-08-27 00:00:00,B,97
4075,7253,2025-06-03 00:00:00,A,951
4076,7254,2024-06-02 00:00:00,A,806
4077,7255,2025-07-09 00:00:00,A,416
4078,7257,2024-06-07 00:00:00,A,1222
4079,7258,2026-04-11 00:00:00,A,32
4080,7259,2023-11-25 00:00:00,B,692
4081,7262,2024-05-05 00:00:00,A,756
4082,7264,2025-02-18 00:00:00,A,586
4083,7265,2023-05-17 00:00:00,A,1281
4084,7266,2026-02-16 00:00:00,B,1259
4085,7267,2024-11-17 00:00:00,A,809
4086,7268,2024-07-23 00:00:00,A,657
4087,7269,2024-06-23 00:00:00,A,313
4088,7270,2025-12-17 00:00:00,A,17
4089,7271,2023-05-22 00:00:00,A,393
4090,7273,2026-02-03 00:00:00,A,1031
4091,7274,2026-05-28 00:00:00,A,434
4092,7275,2024-01-15 00:00:00,A,1101
4093,7277,2024-08-29 00:00:00,A,135
4094,7278,2026-02-24 00:00:00,B,247
4095,7279,2026-04-25 00:00:00,C,1251
4096,7280,2023-10-16 00:00:00,A,47
4097,7282,2023-12-01 00:00:00,A,695
4098,7285,2026-07-13 00:00:00,C,504
4099,7290,2024-02-03 00:00:00,A,749
4100,7295,2023-07-20 00:00:00,C,1305
4101,7296,2024-09-14 00:00:00,C,714
4102,7297,2026-04-07 00:00:00,C,215
4103,7298,2026-07-13 00:00:00,A,162
4104,7299,2026-04-28 00:00:00,C,341
4105,7300,2024-09-06 00:00:00,C,477
4106,7301,2024-04-04 00:00:00,A,803
4107,7302,2025-02-09 00:00:00,A,666
4108,7303,2023-03-25 00:00:00,A,447
4109,7304,2025-03-04 00:00:00,A,67
4110,7305,2024-12-03 00:00:00,A,985
4111,7306,2024-06-15 00:00:00,B,118
4112,7308,2024-04-06 00:00:00,A,1144
4113,7309,2023-10-30 00:00:00,A,484
4114,7311,2025-12-20 00:00:00,A,1098
4115,7313,2024-10-30 00:00:00,A,342
4116,7314,2024-07-29 00:00:00,A,509
4117,7315,2025-08-18 00:00:00,A,1305
4118,7316,2023-08-14 00:00:00,A,340
4119,7317,2024-12-31 00:00:00,A,1329
4120,7318,2026-07-13 00:00:00,A,298
4121,7319,2023-09-22 00:00:00,A,229
4122,7320,2025-04-17 00:00:00,A,496
4123,7322,2024-10-24 00:00:00,C,247
4124,7323,2024-04-07 00:00:00,A,707
4125,7327,2023-06-13 00:00:00,A,1136
4126,7329,2025-09-13 00:00:00,C,463
4127,7330,2026-07-13 00:00:00,C,618
4128,7331,2026-07-13 00:00:00,A,1075
4129,7334,2025-05-09 00:00:00,A,925
4130,7336,2023-10-22 00:00:00,C,195
4131,7339,2023-12-10 00:00:00,A,1090
4132,7340,2024-10-30 00:00:00,A,933
4133,7341,2026-02-07 00:00:00,A,236
4134,7344,2025-02-02 00:00:00,A,979
4135,7346,2026-07-13 00:00:00,C,502
4136,7348,2024-10-31 00:00:00,A,431
4137,7351,2026-04-23 00:00:00,A,156
4138,7357,2023-04-14 00:00:00,A,179
4139,7358,2026-07-13 00:00:00,C,898
4140,7360,2024-04-08 00:00:00,A,947
4141,7364,2024-01-19 00:00:00,A,450
4142,7365,2024-03-01 00:00:00,A,39
4143,7366,2026-01-17 00:00:00,A,720
4144,7368,2024-02-25 00:00:00,A,701
4145,7370,2024-04-21 00:00:00,A,987
4146,7372,2024-04-30 00:00:00,B,15
4147,7374,2024-02-20 00:00:00,A,569
4148,7375,2026-06-01 00:00:00,A,1027
4149,7377,2026-07-13 00:00:00,A,587
4150,7378,2023-08-20 00:00:00,A,1016
4151,7380,2026-07-13 00:00:00,C,45
4152,7381,2026-07-13 00:00:00,C,1116
4153,7383,2025-06-06 00:00:00,A,209
4154,7384,2025-11-29 00:00:00,A,712
4155,7385,2023-06-11 00:00:00,C,540
4156,7387,2024-10-07 00:00:00,A,749
4157,7388,2025-03-03 00:00:00,A,93
4158,7389,2025-04-17 00:00:00,A,185
4159,7390,2023-09-23 00:00:00,A,340
4160,7392,2024-01-07 00:00:00,C,396
4161,7399,2024-11-27 00:00:00,A,579
4162,7400,2026-07-13 00:00:00,A,199
4163,7401,2025-12-19 00:00:00,C,1012
4164,7402,2024-03-10 00:00:00,A,500
4165,7407,2025-12-24 00:00:00,B,802
4166,7412,2025-01-01 00:00:00,A,21
4167,7415,2024-12-15 00:00:00,A,27
4168,7417,2023-08-13 00:00:00,A,1026
4169,7418,2025-03-10 00:00:00,A,907
4170,7419,2025-02-05 00:00:00,A,1006
4171,7420,2025-09-12 00:00:00,C,829
4172,7421,2024-08-16 00:00:00,A,1230
4173,7422,2023-08-19 00:00:00,C,845
4174,7424,2025-05-02 00:00:00,C,574
4175,7425,2024-12-29 00:00:00,C,337
4176,7426,2024-12-03 00:00:00,A,444
4177,7429,2025-12-04 00:00:00,A,519
4178,7430,2025-05-02 00:00:00,A,402
4179,7432,2023-10-05 00:00:00,A,999
4180,7436,2025-12-06 00:00:00,C,681
4181,7437,2023-08-08 00:00:00,C,1189
4182,7438,2025-02-24 00:00:00,A,378
4183,7439,2026-07-13 00:00:00,A,1335
4184,7440,2026-03-17 00:00:00,A,682
4185,7444,2024-05-03 00:00:00,A,344
4186,7446,2026-01-29 00:00:00,A,459
4187,7448,2026-03-09 00:00:00,A,630
4188,7450,2024-07-19 00:00:00,C,1014
4189,7451,2024-05-28 00:00:00,A,1144
4190,7452,2024-01-15 00:00:00,A,1090
4191,7454,2023-08-02 00:00:00,B,866
4192,7461,2025-06-14 00:00:00,A,464
4193,7462,2025-03-08 00:00:00,A,1114
4194,7463,2024-05-19 00:00:00,A,449
4195,7464,2026-01-21 00:00:00,A,507
4196,7467,2024-11-21 00:00:00,A,558
4197,7471,2024-02-05 00:00:00,A,670
4198,7472,2023-08-05 00:00:00,A,429
4199,7474,2023-08-29 00:00:00,C,650
4200,7476,2026-04-21 00:00:00,A,380
4201,7477,2024-03-31 00:00:00,C,1080
4202,7478,2026-07-13 00:00:00,A,404
4203,7479,2024-05-06 00:00:00,C,236
4204,7480,2025-02-01 00:00:00,A,623
4205,7482,2025-10-02 00:00:00,A,298
4206,7483,2024-08-03 00:00:00,A,438
4207,7484,2025-02-22 00:00:00,A,783
4208,7485,2025-03-09 00:00:00,A,956
4209,7486,2024-10-23 00:00:00,A,580
4210,7488,2026-04-13 00:00:00,A,1113
4211,7490,2023-05-18 00:00:00,A,669
4212,7491,2026-07-13 00:00:00,A,1177
4213,7492,2024-07-14 00:00:00,C,1269
4214,7498,2026-01-31 00:00:00,A,1057
4215,7499,2024-01-21 00:00:00,A,119
4216,7500,2026-02-01 00:00:00,C,69
4217,7501,2026-03-15 00:00:00,A,1151
4218,7503,2025-11-18 00:00:00,A,588
4219,7504,2026-02-27 00:00:00,A,929
4220,7506,2025-10-12 00:00:00,C,723
4221,7507,2026-02-12 00:00:00,A,406
4222,7510,2026-03-25 00:00:00,C,617
4223,7512,2024-02-26 00:00:00,A,922
4224,7515,2025-03-18 00:00:00,C,1277
4225,7517,2024-12-29 00:00:00,A,124
4226,7518,2026-07-13 00:00:00,A,468
4227,7519,2024-06-09 00:00:00,C,1150
4228,7520,2024-01-22 00:00:00,C,1103
4229,7521,2025-04-07 00:00:00,C,901
4230,7523,2024-01-23 00:00:00,C,533
4231,7524,2024-09-11 00:00:00,A,492
4232,7525,2025-12-02 00:00:00,C,161
4233,7527,2023-11-12 00:00:00,A,986
4234,7528,2025-04-10 00:00:00,A,156
4235,7533,2026-04-14 00:00:00,A,241
4236,7536,2026-07-13 00:00:00,A,243
4237,7540,2024-06-02 00:00:00,A,1282
4238,7541,2024-02-09 00:00:00,A,94
4239,7544,2023-09-27 00:00:00,A,611
4240,7546,2025-05-29 00:00:00,A,900
4241,7547,2025-11-10 00:00:00,A,1057
4242,7549,2026-07-13 00:00:00,C,1311
4243,7550,2026-07-13 00:00:00,A,890
4244,7551,2024-02-26 00:00:00,C,114
4245,7552,2023-07-24 00:00:00,A,394
4246,7553,2024-05-08 00:00:00,A,1002
4247,7554,2024-06-12 00:00:00,A,850
4248,7556,2026-07-08 00:00:00,A,362
4249,7557,2026-07-13 00:00:00,C,329
4250,7562,2026-03-25 00:00:00,A,494
4251,7563,2026-07-13 00:00:00,A,1153
4252,7564,2024-03-13 00:00:00,A,806
4253,7565,2024-04-26 00:00:00,A,577
4254,7566,2025-10-09 00:00:00,A,500
4255,7568,2023-06-16 00:00:00,A,531
4256,7570,2024-04-22 00:00:00,A,521
4257,7571,2025-03-13 00:00:00,B,11
4258,7573,2024-08-16 00:00:00,A,1212
4259,7574,2023-08-03 00:00:00,A,261
4260,7576,2023-11-26 00:00:00,C,652
4261,7577,2026-07-13 00:00:00,A,801
4262,7578,2025-04-20 00:00:00,A,643
4263,7580,2025-01-02 00:00:00,C,1154
4264,7587,2025-06-20 00:00:00,A,1146
4265,7588,2024-09-19 00:00:00,C,278
4266,7592,2023-12-18 00:00:00,B,1264
4267,7593,2024-03-27 00:00:00,A,1202
4268,7594,2026-04-24 00:00:00,A,443
4269,7595,2025-07-01 00:00:00,A,93
4270,7596,2024-05-22 00:00:00,B,328
4271,7597,2024-12-17 00:00:00,C,930
4272,7598,2026-07-13 00:00:00,C,1112
4273,7599,2025-04-22 00:00:00,A,1119
4274,7600,2025-08-23 00:00:00,A,544
4275,7601,2025-05-18 00:00:00,A,656
4276,7604,2024-07-08 00:00:00,A,733
4277,7606,2023-08-29 00:00:00,A,793
4278,7607,2024-06-20 00:00:00,A,1175
4279,7609,2025-07-08 00:00:00,C,62
4280,7610,2026-07-13 00:00:00,A,71
4281,7612,2025-01-25 00:00:00,B,1050
4282,7613,2025-11-11 00:00:00,A,884
4283,7614,2025-11-21 00:00:00,A,1083
4284,7616,2024-05-14 00:00:00,C,731
4285,7617,2026-07-13 00:00:00,A,421
4286,7618,2024-05-24 00:00:00,A,633
4287,7621,2023-11-10 00:00:00,A,510
4288,7622,2026-05-31 00:00:00,C,342
4289,7624,2026-03-03 00:00:00,C,1079
4290,7627,2024-02-28 00:00:00,A,549
4291,7628,2024-05-14 00:00:00,B,481
4292,7630,2023-06-25 00:00:00,A,762
4293,7632,2024-12-21 00:00:00,A,762
4294,7633,2025-10-09 00:00:00,A,1265
4295,7634,2024-05-04 00:00:00,C,1196
4296,7637,2026-03-31 00:00:00,A,1206
4297,7638,2025-02-27 00:00:00,C,24
4298,7646,2024-04-07 00:00:00,A,713
4299,7647,2023-12-23 00:00:00,A,752
4300,7648,2024-12-04 00:00:00,A,228
4301,7650,2024-02-03 00:00:00,A,1311
4302,7652,2024-09-15 00:00:00,A,847
4303,7654,2025-06-22 00:00:00,C,1334
4304,7655,2025-10-21 00:00:00,C,21
4305,7657,2026-01-20 00:00:00,B,1
4306,7658,2023-08-01 00:00:00,A,415
4307,7659,2025-05-09 00:00:00,B,933
4308,7661,2026-06-21 00:00:00,A,181
4309,7664,2025-02-14 00:00:00,A,859
4310,7670,2025-08-16 00:00:00,A,897
4311,7671,2026-01-19 00:00:00,B,367
4312,7672,2026-07-13 00:00:00,A,341
4313,7673,2024-09-11 00:00:00,B,1112
4314,7674,2023-09-03 00:00:00,C,417
4315,7675,2024-01-19 00:00:00,A,1196
4316,7676,2023-05-03 00:00:00,A,1089
4317,7679,2024-03-15 00:00:00,A,1144
4318,7680,2024-10-06 00:00:00,A,936
4319,7682,2024-12-09 00:00:00,A,921
4320,7683,2023-10-28 00:00:00,A,1211
4321,7684,2026-01-08 00:00:00,A,706
4322,7685,2023-06-03 00:00:00,A,428
4323,7686,2026-07-13 00:00:00,C,224
4324,7687,2023-07-02 00:00:00,A,497
4325,7690,2023-09-08 00:00:00,A,1008
4326,7691,2025-07-06 00:00:00,A,630
4327,7692,2025-10-13 00:00:00,A,892
4328,7696,2024-10-13 00:00:00,A,391
4329,7697,2025-06-04 00:00:00,A,858
4330,7699,2026-07-13 00:00:00,C,301
4331,7700,2024-11-21 00:00:00,A,770
4332,7701,2026-07-13 00:00:00,A,362
4333,7703,2026-03-28 00:00:00,C,663
4334,7704,2024-03-02 00:00:00,A,718
4335,7709,2024-05-01 00:00:00,A,211
4336,7710,2025-04-26 00:00:00,A,727
4337,7711,2026-07-13 00:00:00,C,712
4338,7712,2026-07-13 00:00:00,B,42
4339,7714,2024-02-05 00:00:00,B,678
4340,7716,2026-01-21 00:00:00,A,697
4341,7717,2024-09-11 00:00:00,A,397
4342,7718,2025-08-20 00:00:00,C,972
4343,7719,2024-03-20 00:00:00,A,651
4344,7722,2025-04-18 00:00:00,B,7
4345,7723,2025-07-29 00:00:00,B,1020
4346,7724,2026-06-19 00:00:00,A,1176
4347,7726,2026-01-04 00:00:00,A,110
4348,7727,2026-06-06 00:00:00,C,1024
4349,7729,2025-01-25 00:00:00,C,1067
4350,7730,2024-02-17 00:00:00,A,1312
4351,7732,2026-07-13 00:00:00,C,712
4352,7735,2024-09-15 00:00:00,C,962
4353,7736,2024-07-13 00:00:00,A,859
4354,7739,2023-07-21 00:00:00,A,1146
4355,7741,2023-11-12 00:00:00,A,1114
4356,7742,2024-03-13 00:00:00,B,212
4357,7746,2026-07-13 00:00:00,C,619
4358,7748,2024-12-13 00:00:00,A,396
4359,7749,2026-03-23 00:00:00,A,228
4360,7750,2026-07-13 00:00:00,A,1191
4361,7752,2026-07-13 00:00:00,C,699
4362,7754,2023-09-23 00:00:00,A,211
4363,7759,2023-05-16 00:00:00,A,738
4364,7760,2026-07-13 00:00:00,A,439
4365,7761,2024-09-07 00:00:00,A,862
4366,7762,2024-01-23 00:00:00,B,898
4367,7763,2024-04-03 00:00:00,A,15
4368,7765,2025-02-24 00:00:00,A,436
4369,7767,2025-07-15 00:00:00,A,940
4370,7768,2026-03-17 00:00:00,A,231
4371,7770,2026-07-13 00:00:00,A,86
4372,7771,2025-11-13 00:00:00,C,386
4373,7772,2025-05-28 00:00:00,A,51
4374,7774,2026-02-13 00:00:00,A,689
4375,7776,2026-01-29 00:00:00,A,34
4376,7778,2026-07-13 00:00:00,C,748
4377,7779,2026-04-29 00:00:00,A,179
4378,7781,2026-06-21 00:00:00,C,429
4379,7782,2026-01-02 00:00:00,A,1314
4380,7785,2026-07-13 00:00:00,B,112
4381,7787,2026-03-26 00:00:00,A,288
4382,7790,2024-03-12 00:00:00,B,1182
4383,7796,2025-07-07 00:00:00,C,470
4384,7798,2026-07-13 00:00:00,A,147
4385,7799,2024-01-27 00:00:00,B,1207
4386,7802,2025-11-24 00:00:00,B,1044
4387,7803,2024-07-27 00:00:00,A,1129
4388,7804,2025-10-07 00:00:00,C,486
4389,7808,2023-02-26 00:00:00,A,840
4390,7809,2025-04-07 00:00:00,A,147
4391,7810,2026-07-13 00:00:00,A,371
4392,7811,2025-06-12 00:00:00,A,554
4393,7812,2026-05-13 00:00:00,A,243
4394,7813,2026-07-13 00:00:00,A,1164
4395,7821,2023-11-15 00:00:00,B,1200
4396,7822,2025-12-31 00:00:00,C,1053
4397,7823,2024-10-21 00:00:00,A,1199
4398,7826,2026-02-09 00:00:00,C,93
4399,7828,2024-05-25 00:00:00,A,257
4400,7830,2024-12-07 00:00:00,C,524
4401,7831,2023-06-20 00:00:00,A,150
4402,7832,2026-07-13 00:00:00,C,1202
4403,7835,2026-02-28 00:00:00,A,409
4404,7836,2026-01-08 00:00:00,A,1120
4405,7837,2025-03-04 00:00:00,A,172
4406,7838,2026-01-12 00:00:00,A,1299
4407,7840,2023-11-25 00:00:00,B,1281
4408,7842,2026-04-15 00:00:00,C,543
4409,7843,2026-01-08 00:00:00,A,797
4410,7844,2024-12-02 00:00:00,A,1090
4411,7845,2023-12-11 00:00:00,A,199
4412,7846,2026-07-13 00:00:00,A,608
4413,7847,2023-06-12 00:00:00,A,706
4414,7848,2023-05-16 00:00:00,C,807
4415,7850,2023-09-12 00:00:00,A,209
4416,7851,2024-08-05 00:00:00,C,215
4417,7855,2024-11-26 00:00:00,A,962
4418,7856,2026-07-13 00:00:00,A,1095
4419,7857,2024-01-15 00:00:00,A,857
4420,7867,2024-10-16 00:00:00,C,348
4421,7868,2026-07-13 00:00:00,A,483
4422,7870,2026-05-23 00:00:00,A,1070
4423,7872,2023-09-27 00:00:00,A,648
4424,7876,2026-07-13 00:00:00,A,827
4425,7878,2025-03-16 00:00:00,A,794
4426,7879,2024-04-29 00:00:00,C,589
4427,7880,2026-02-05 00:00:00,A,870
4428,7885,2025-09-28 00:00:00,C,1122
4429,7886,2026-07-13 00:00:00,A,300
4430,7889,2024-11-02 00:00:00,A,1308
4431,7892,2025-08-19 00:00:00,C,441
4432,7896,2024-05-22 00:00:00,A,555
4433,7898,2026-07-13 00:00:00,A,768
4434,7900,2023-12-22 00:00:00,A,843
4435,7901,2025-10-19 00:00:00,A,682
4436,7903,2026-07-13 00:00:00,A,990
4437,7906,2024-04-14 00:00:00,B,908
4438,7907,2026-07-12 00:00:00,A,627
4439,7908,2024-09-13 00:00:00,A,313
4440,7909,2025-08-25 00:00:00,A,248
4441,7910,2026-07-13 00:00:00,C,105
4442,7911,2024-10-09 00:00:00,A,535
4443,7912,2025-11-21 00:00:00,A,363
4444,7913,2024-11-09 00:00:00,A,193
4445,7914,2024-03-21 00:00:00,C,816
4446,7916,2026-07-13 00:00:00,A,593
4447,7917,2025-09-29 00:00:00,A,1272
4448,7918,2024-03-20 00:00:00,A,278
4449,7919,2025-10-05 00:00:00,A,1112
4450,7920,2024-05-01 00:00:00,A,1243
4451,7923,2023-12-01 00:00:00,C,1128
4452,7924,2025-12-27 00:00:00,A,213
4453,7927,2024-06-30 00:00:00,A,1248
4454,7929,2023-12-09 00:00:00,A,417
4455,7932,2025-02-18 00:00:00,A,705
4456,7933,2023-09-09 00:00:00,A,1275
4457,7935,2025-05-14 00:00:00,C,428
4458,7936,2024-03-28 00:00:00,C,1208
4459,7941,2026-06-13 00:00:00,B,739
4460,7942,2026-06-19 00:00:00,A,604
4461,7944,2023-09-08 00:00:00,A,178
4462,7945,2025-07-07 00:00:00,A,55
4463,7946,2023-10-28 00:00:00,A,865
4464,7947,2023-05-07 00:00:00,A,70
4465,7950,2025-06-07 00:00:00,A,657
4466,7951,2024-05-18 00:00:00,A,1122
4467,7952,2025-05-01 00:00:00,A,1230
4468,7955,2025-10-04 00:00:00,A,90
4469,7956,2023-09-19 00:00:00,A,315
4470,7958,2025-04-09 00:00:00,A,70
4471,7960,2025-02-23 00:00:00,A,435
4472,7961,2026-07-13 00:00:00,C,1002
4473,7966,2025-02-28 00:00:00,A,416
4474,7967,2025-08-18 00:00:00,A,228
4475,7969,2024-08-06 00:00:00,A,298
4476,7970,2024-07-02 00:00:00,A,1185
4477,7973,2023-06-22 00:00:00,B,94
4478,7974,2023-09-15 00:00:00,A,1084
4479,7975,2026-07-13 00:00:00,A,114
4480,7976,2026-07-13 00:00:00,A,570
4481,7980,2023-09-10 00:00:00,C,1236
4482,7982,2024-09-20 00:00:00,A,1251
4483,7983,2026-05-13 00:00:00,A,874
4484,7984,2023-05-30 00:00:00,A,1038
4485,7985,2024-04-04 00:00:00,C,270
4486,7987,2026-06-03 00:00:00,C,286
4487,7989,2023-09-25 00:00:00,B,1127
4488,7991,2024-03-15 00:00:00,C,635
4489,7993,2026-07-13 00:00:00,C,482
4490,7996,2026-07-13 00:00:00,C,567
4491,7998,2025-07-11 00:00:00,A,797
4492,7999,2026-07-13 00:00:00,A,51
4493,8001,2026-03-19 00:00:00,A,492
4494,8002,2026-03-15 00:00:00,B,949
4495,8003,2025-11-27 00:00:00,A,654
4496,8004,2026-07-13 00:00:00,A,161
4497,8006,2023-09-09 00:00:00,C,1302
4498,8008,2025-10-28 00:00:00,A,257
4499,8011,2025-05-29 00:00:00,C,134
4500,8012,2025-10-28 00:00:00,A,487
4501,8013,2026-02-20 00:00:00,C,1028
4502,8014,2024-02-05 00:00:00,A,866
4503,8018,2023-07-04 00:00:00,A,887
4504,8021,2024-11-07 00:00:00,C,1136
4505,8023,2025-08-08 00:00:00,C,528
4506,8024,2026-02-13 00:00:00,A,4
4507,8025,2025-06-07 00:00:00,A,186
4508,8029,2024-06-02 00:00:00,A,397
4509,8030,2024-03-22 00:00:00,A,867
4510,8031,2026-04-21 00:00:00,A,1077
4511,8032,2026-07-13 00:00:00,A,366
4512,8033,2026-07-13 00:00:00,C,1131
4513,8037,2026-02-02 00:00:00,A,974
4514,8038,2024-04-24 00:00:00,A,558
4515,8042,2026-07-13 00:00:00,A,1324
4516,8046,2025-10-23 00:00:00,A,467
4517,8048,2024-07-20 00:00:00,A,529
4518,8049,2025-09-01 00:00:00,B,804
4519,8050,2025-07-18 00:00:00,A,1247
4520,8051,2025-05-10 00:00:00,A,1152
4521,8052,2026-07-13 00:00:00,A,1270
4522,8053,2025-09-19 00:00:00,C,249
4523,8054,2023-03-27 00:00:00,A,1173
4524,8057,2024-04-04 00:00:00,A,248
4525,8062,2024-08-27 00:00:00,A,352
4526,8063,2024-03-09 00:00:00,A,1307
4527,8066,2026-06-20 00:00:00,A,441
4528,8067,2025-12-05 00:00:00,A,428
4529,8068,2025-12-18 00:00:00,A,1077
4530,8070,2024-07-16 00:00:00,A,936
4531,8071,2024-03-15 00:00:00,A,1144
4532,8072,2023-08-30 00:00:00,A,1334
4533,8077,2025-10-31 00:00:00,C,1069
4534,8078,2026-07-13 00:00:00,C,353
4535,8079,2025-11-17 00:00:00,A,1141
4536,8080,2023-11-17 00:00:00,A,1286
4537,8081,2024-06-08 00:00:00,B,294
4538,8084,2024-12-08 00:00:00,A,842
4539,8086,2024-03-13 00:00:00,C,679
4540,8089,2023-09-23 00:00:00,A,1108
4541,8090,2023-09-24 00:00:00,A,509
4542,8092,2025-03-15 00:00:00,A,241
4543,8094,2025-12-23 00:00:00,C,434
4544,8095,2024-09-06 00:00:00,A,1093
4545,8096,2024-03-08 00:00:00,A,99
4546,8098,2024-06-19 00:00:00,A,269
4547,8099,2026-01-05 00:00:00,C,591
4548,8101,2026-07-13 00:00:00,A,77
4549,8103,2023-07-28 00:00:00,A,446
4550,8104,2024-07-01 00:00:00,A,862
4551,8105,2023-11-28 00:00:00,A,1018
4552,8106,2024-12-12 00:00:00,C,542
4553,8107,2026-04-28 00:00:00,A,187
4554,8108,2025-01-12 00:00:00,A,26
4555,8109,2025-05-28 00:00:00,C,1280
4556,8110,2025-10-11 00:00:00,A,367
4557,8111,2026-07-13 00:00:00,A,622
4558,8113,2025-02-05 00:00:00,A,1038
4559,8115,2026-01-23 00:00:00,A,1205
4560,8117,2024-06-09 00:00:00,C,939
4561,8119,2023-11-14 00:00:00,A,114
4562,8120,2024-03-18 00:00:00,B,1286
4563,8122,2026-07-13 00:00:00,A,768
4564,8123,2025-05-23 00:00:00,A,1030
4565,8124,2025-06-25 00:00:00,B,872
4566,8125,2026-02-16 00:00:00,A,524
4567,8126,2026-03-26 00:00:00,C,188
4568,8127,2023-07-06 00:00:00,B,129
4569,8130,2026-01-03 00:00:00,A,1185
4570,8133,2024-05-25 00:00:00,A,907
4571,8136,2026-01-12 00:00:00,A,1330
4572,8138,2025-12-07 00:00:00,A,620
4573,8139,2025-11-23 00:00:00,B,650
4574,8142,2026-04-22 00:00:00,A,1221
4575,8143,2025-04-17 00:00:00,A,442
4576,8144,2024-01-11 00:00:00,A,1177
4577,8145,2023-12-23 00:00:00,C,160
4578,8146,2026-02-10 00:00:00,A,784
4579,8149,2025-03-06 00:00:00,B,1003
4580,8151,2024-01-18 00:00:00,C,994
4581,8152,2026-06-07 00:00:00,A,848
4582,8155,2025-11-03 00:00:00,C,234
4583,8157,2025-10-12 00:00:00,A,609
4584,8158,2025-04-13 00:00:00,B,986
4585,8160,2025-05-03 00:00:00,B,928
4586,8161,2024-05-03 00:00:00,A,686
4587,8162,2025-07-28 00:00:00,C,1299
4588,8163,2024-09-25 00:00:00,C,211
4589,8164,2026-06-29 00:00:00,C,168
4590,8165,2026-01-16 00:00:00,A,654
4591,8167,2025-11-23 00:00:00,C,1300
4592,8168,2026-05-07 00:00:00,A,248
4593,8169,2026-07-13 00:00:00,B,1083
4594,8170,2025-04-03 00:00:00,C,221
4595,8171,2026-06-16 00:00:00,B,431
4596,8173,2026-07-13 00:00:00,C,457
4597,8174,2026-07-13 00:00:00,A,789
4598,8175,2026-04-25 00:00:00,A,1315
4599,8176,2024-09-10 00:00:00,A,12
4600,8177,2024-10-28 00:00:00,A,1313
4601,8179,2026-04-19 00:00:00,A,698
4602,8182,2026-05-18 00:00:00,A,568
4603,8183,2024-08-30 00:00:00,A,1096
4604,8189,2026-07-13 00:00:00,C,31
4605,8191,2026-07-13 00:00:00,C,522
4606,8192,2026-03-05 00:00:00,A,445
4607,8194,2024-03-09 00:00:00,B,1001
4608,8196,2026-07-03 00:00:00,A,1151
4609,8197,2025-01-19 00:00:00,A,937
4610,8199,2025-09-12 00:00:00,A,89
4611,8200,2025-06-29 00:00:00,A,41
4612,8204,2024-03-05 00:00:00,A,162
4613,8205,2024-05-10 00:00:00,A,1297
4614,8208,2025-06-07 00:00:00,A,597
4615,8209,2025-09-28 00:00:00,A,96
4616,8210,2025-10-15 00:00:00,A,598
4617,8211,2025-01-13 00:00:00,C,1261
4618,8215,2026-05-29 00:00:00,C,960
4619,8216,2023-03-17 00:00:00,A,35
4620,8217,2025-05-07 00:00:00,C,1077
4621,8221,2025-04-19 00:00:00,A,854
4622,8222,2026-05-16 00:00:00,A,1079
4623,8223,2024-05-08 00:00:00,C,539
4624,8226,2025-06-04 00:00:00,A,377
4625,8227,2026-03-25 00:00:00,A,1014
4626,8233,2025-01-30 00:00:00,A,362
4627,8235,2024-07-07 00:00:00,A,1091
4628,8237,2026-03-21 00:00:00,A,1178
4629,8238,2026-02-15 00:00:00,A,232
4630,8240,2024-04-23 00:00:00,A,181
4631,8242,2024-08-05 00:00:00,A,457
4632,8244,2024-08-15 00:00:00,A,514
4633,8245,2026-02-26 00:00:00,B,1077
4634,8247,2026-04-06 00:00:00,A,451
4635,8249,2023-05-24 00:00:00,A,476
4636,8250,2024-03-27 00:00:00,A,583
4637,8251,2025-09-17 00:00:00,A,1149
4638,8252,2023-03-15 00:00:00,A,1104
4639,8253,2023-11-10 00:00:00,C,141
4640,8254,2024-01-26 00:00:00,A,533
4641,8255,2023-07-14 00:00:00,A,273
4642,8256,2025-02-20 00:00:00,A,527
4643,8258,2025-10-10 00:00:00,A,685
4644,8260,2025-05-30 00:00:00,C,1312
4645,8261,2025-07-03 00:00:00,C,687
4646,8262,2026-06-29 00:00:00,C,81
4647,8264,2023-10-10 00:00:00,A,598
4648,8265,2025-01-11 00:00:00,C,475
4649,8266,2024-06-26 00:00:00,A,46
4650,8267,2026-07-13 00:00:00,A,711
4651,8269,2025-04-02 00:00:00,B,504
4652,8270,2025-06-02 00:00:00,A,461
4653,8271,2024-04-04 00:00:00,A,1313
4654,8273,2025-03-05 00:00:00,C,1051
4655,8275,2025-08-22 00:00:00,B,903
4656,8276,2026-02-20 00:00:00,A,523
4657,8277,2024-03-29 00:00:00,A,1014
4658,8278,2024-05-11 00:00:00,A,543
4659,8279,2023-12-29 00:00:00,A,94
4660,8280,2026-07-13 00:00:00,C,347
4661,8281,2023-07-08 00:00:00,A,941
4662,8282,2025-01-21 00:00:00,B,181
4663,8285,2026-07-13 00:00:00,B,224
4664,8286,2024-03-07 00:00:00,A,16
4665,8289,2026-06-05 00:00:00,A,456
4666,8291,2025-02-16 00:00:00,A,391
4667,8293,2023-09-22 00:00:00,A,732
4668,8294,2023-05-20 00:00:00,A,421
4669,8296,2024-07-26 00:00:00,C,617
4670,8297,2023-11-26 00:00:00,A,670
4671,8298,2025-01-09 00:00:00,C,204
4672,8301,2026-02-09 00:00:00,A,536
4673,8303,2025-01-17 00:00:00,B,993
4674,8304,2024-04-11 00:00:00,A,1166
4675,8306,2023-06-22 00:00:00,C,935
4676,8307,2024-07-03 00:00:00,C,373
4677,8308,2025-11-02 00:00:00,A,895
4678,8309,2026-07-13 00:00:00,C,1001
4679,8310,2025-02-22 00:00:00,A,132
4680,8311,2025-12-05 00:00:00,B,125
4681,8313,2025-12-29 00:00:00,A,227
4682,8315,2024-07-17 00:00:00,A,829
4683,8319,2026-05-11 00:00:00,A,1005
4684,8322,2023-06-22 00:00:00,C,662
4685,8325,2024-10-21 00:00:00,A,1151
4686,8326,2025-01-05 00:00:00,C,861
4687,8331,2025-04-05 00:00:00,A,1204
4688,8332,2026-07-13 00:00:00,C,1164
4689,8333,2026-07-08 00:00:00,A,353
4690,8336,2025-11-02 00:00:00,A,982
4691,8338,2026-07-13 00:00:00,C,642
4692,8342,2025-06-30 00:00:00,A,1075
4693,8343,2025-08-05 00:00:00,B,170
4694,8346,2023-10-07 00:00:00,C,214
4695,8347,2024-04-30 00:00:00,A,286
4696,8348,2026-07-13 00:00:00,A,315
4697,8349,2024-07-31 00:00:00,B,652
4698,8352,2025-11-06 00:00:00,A,633
4699,8356,2024-03-01 00:00:00,A,19
4700,8363,2025-09-29 00:00:00,C,632
4701,8369,2025-05-23 00:00:00,A,923
4702,8372,2023-07-16 00:00:00,C,2
4703,8373,2025-05-17 00:00:00,C,788
4704,8375,2025-12-01 00:00:00,A,487
4705,8376,2023-08-01 00:00:00,A,600
4706,8377,2025-12-12 00:00:00,C,710
4707,8379,2023-10-02 00:00:00,A,1297
4708,8382,2024-05-14 00:00:00,B,719
4709,8385,2023-09-22 00:00:00,A,624
4710,8386,2025-05-11 00:00:00,A,195
4711,8389,2026-01-27 00:00:00,A,741
4712,8391,2024-12-02 00:00:00,A,443
4713,8393,2025-09-04 00:00:00,A,1053
4714,8396,2024-06-30 00:00:00,A,1180
4715,8397,2026-07-13 00:00:00,C,1082
4716,8400,2026-03-02 00:00:00,A,480
4717,8402,2024-11-10 00:00:00,A,1044
4718,8404,2024-04-21 00:00:00,B,353
4719,8406,2026-05-24 00:00:00,A,353
4720,8408,2025-12-20 00:00:00,A,74
4721,8409,2023-04-07 00:00:00,A,348
4722,8411,2025-11-19 00:00:00,A,497
4723,8413,2023-11-26 00:00:00,A,469
4724,8414,2025-02-26 00:00:00,A,38
4725,8417,2024-03-20 00:00:00,A,59
4726,8418,2025-12-11 00:00:00,A,1097
4727,8421,2025-07-30 00:00:00,A,545
4728,8423,2026-05-09 00:00:00,A,1310
4729,8424,2024-06-24 00:00:00,A,1141
4730,8425,2026-07-13 00:00:00,B,311
4731,8426,2025-07-26 00:00:00,A,56
4732,8428,2026-02-20 00:00:00,B,293
4733,8430,2026-05-28 00:00:00,A,410
4734,8435,2024-02-11 00:00:00,C,571
4735,8436,2026-06-27 00:00:00,A,24
4736,8437,2023-11-12 00:00:00,A,453
4737,8440,2025-03-03 00:00:00,B,1332
4738,8441,2026-07-13 00:00:00,A,967
4739,8443,2023-08-01 00:00:00,A,395
4740,8446,2025-10-24 00:00:00,A,1151
4741,8449,2025-12-16 00:00:00,A,777
4742,8450,2025-04-03 00:00:00,A,283
4743,8452,2026-04-25 00:00:00,A,1105
4744,8453,2026-07-13 00:00:00,C,1276
4745,8455,2026-07-13 00:00:00,A,1291
4746,8456,2025-12-16 00:00:00,B,1107
4747,8457,2023-06-24 00:00:00,A,122
4748,8458,2025-08-02 00:00:00,A,1216
4749,8459,2024-05-01 00:00:00,C,337
4750,8460,2023-08-11 00:00:00,A,942
4751,8461,2025-05-26 00:00:00,B,238
4752,8462,2026-07-13 00:00:00,B,114
4753,8463,2024-12-03 00:00:00,A,305
4754,8464,2025-07-16 00:00:00,A,717
4755,8465,2026-07-01 00:00:00,A,127
4756,8470,2025-02-24 00:00:00,A,134
4757,8473,2025-03-03 00:00:00,C,53
4758,8476,2026-04-25 00:00:00,A,1248
4759,8477,2025-01-30 00:00:00,C,1042
4760,8478,2024-12-18 00:00:00,C,1065
4761,8481,2025-05-26 00:00:00,C,753
4762,8483,2023-07-10 00:00:00,A,667
4763,8484,2024-12-06 00:00:00,A,561
4764,8487,2025-08-07 00:00:00,B,297
4765,8490,2026-07-13 00:00:00,A,980
4766,8491,2026-05-01 00:00:00,A,633
4767,8494,2026-02-24 00:00:00,B,1123
4768,8495,2023-05-10 00:00:00,A,1245
4769,8496,2025-12-17 00:00:00,C,653
4770,8500,2024-06-14 00:00:00,B,832
4771,8501,2025-05-04 00:00:00,C,612
4772,8503,2024-08-05 00:00:00,A,1023
4773,8507,2024-10-13 00:00:00,A,764
4774,8508,2026-06-26 00:00:00,A,716
4775,8509,2025-03-31 00:00:00,A,1117
4776,8512,2024-09-06 00:00:00,A,66
4777,8513,2023-09-20 00:00:00,A,696
4778,8515,2025-01-09 00:00:00,A,1136
4779,8517,2024-09-13 00:00:00,A,744
4780,8518,2026-07-13 00:00:00,A,153
4781,8520,2025-07-13 00:00:00,A,207
4782,8525,2024-08-22 00:00:00,A,1089
4783,8527,2026-07-13 00:00:00,A,323
4784,8528,2025-08-29 00:00:00,A,1027
4785,8529,2025-01-06 00:00:00,B,1221
4786,8531,2026-07-13 00:00:00,A,1327
4787,8532,2024-08-27 00:00:00,A,1
4788,8536,2026-07-05 00:00:00,C,1158
4789,8538,2023-08-07 00:00:00,A,1060
4790,8539,2026-05-09 00:00:00,C,6
4791,8540,2024-10-09 00:00:00,A,1062
4792,8543,2026-07-13 00:00:00,A,1131
4793,8544,2026-07-13 00:00:00,C,748
4794,8546,2025-10-04 00:00:00,B,1042
4795,8548,2025-12-07 00:00:00,A,220
4796,8549,2024-12-14 00:00:00,A,139
4797,8551,2023-11-15 00:00:00,A,478
4798,8552,2025-02-18 00:00:00,A,1301
4799,8553,2026-07-13 00:00:00,C,282
4800,8555,2024-06-18 00:00:00,B,923
4801,8556,2026-07-13 00:00:00,A,735
4802,8557,2025-05-28 00:00:00,B,1185
4803,8558,2026-07-13 00:00:00,C,77
4804,8559,2025-02-17 00:00:00,A,1166
4805,8560,2024-05-05 00:00:00,C,46
4806,8563,2026-07-08 00:00:00,A,983
4807,8567,2025-10-23 00:00:00,A,754
4808,8568,2024-06-18 00:00:00,A,708
4809,8569,2023-11-19 00:00:00,A,969
4810,8570,2024-12-19 00:00:00,B,269
4811,8571,2026-05-15 00:00:00,A,323
4812,8573,2023-06-08 00:00:00,A,1247
4813,8577,2024-01-15 00:00:00,C,527
4814,8579,2026-02-10 00:00:00,C,528
4815,8583,2024-05-07 00:00:00,A,609
4816,8584,2026-07-13 00:00:00,A,277
4817,8585,2023-04-25 00:00:00,A,629
4818,8587,2023-09-23 00:00:00,A,1001
4819,8588,2026-05-17 00:00:00,A,1061
4820,8589,2026-02-06 00:00:00,A,527
4821,8591,2025-07-20 00:00:00,A,297
4822,8594,2023-08-14 00:00:00,A,168
4823,8597,2024-04-20 00:00:00,C,405
4824,8598,2025-06-23 00:00:00,A,242
4825,8599,2025-04-10 00:00:00,A,1312
4826,8600,2026-07-13 00:00:00,A,733
4827,8601,2025-04-25 00:00:00,C,271
4828,8602,2024-04-12 00:00:00,A,1037
4829,8603,2025-05-15 00:00:00,A,27
4830,8605,2024-08-20 00:00:00,A,932
4831,8606,2025-10-05 00:00:00,A,1208
4832,8609,2023-10-20 00:00:00,C,15
4833,8610,2024-03-03 00:00:00,A,1254
4834,8611,2026-06-18 00:00:00,B,796
4835,8614,2025-12-09 00:00:00,A,1110
4836,8615,2024-08-02 00:00:00,A,671
4837,8616,2024-03-23 00:00:00,A,776
4838,8617,2024-06-27 00:00:00,A,777
4839,8620,2026-01-17 00:00:00,A,441
4840,8623,2024-10-12 00:00:00,A,334
4841,8625,2024-09-11 00:00:00,C,53
4842,8627,2025-01-22 00:00:00,A,876
4843,8629,2024-09-16 00:00:00,A,1309
4844,8632,2024-01-31 00:00:00,A,1134
4845,8635,2025-01-26 00:00:00,C,427
4846,8638,2025-05-06 00:00:00,A,1196
4847,8639,2024-06-28 00:00:00,C,822
4848,8640,2025-03-13 00:00:00,B,227
4849,8641,2023-06-22 00:00:00,A,144
4850,8642,2025-11-08 00:00:00,A,1088
4851,8643,2026-07-13 00:00:00,A,976
4852,8644,2025-01-17 00:00:00,A,309
4853,8647,2025-01-05 00:00:00,B,606
4854,8649,2024-01-23 00:00:00,C,76
4855,8653,2025-10-07 00:00:00,A,998
4856,8654,2023-12-19 00:00:00,B,688
4857,8656,2026-03-16 00:00:00,A,1073
4858,8660,2025-01-11 00:00:00,A,67
4859,8661,2023-04-17 00:00:00,B,543
4860,8662,2025-05-12 00:00:00,A,608
4861,8663,2026-07-08 00:00:00,A,289
4862,8664,2025-04-12 00:00:00,C,408
4863,8665,2026-07-13 00:00:00,C,516
4864,8666,2024-11-28 00:00:00,A,890
4865,8667,2023-08-03 00:00:00,A,713
4866,8671,2023-10-01 00:00:00,A,750
4867,8672,2024-10-27 00:00:00,C,975
4868,8673,2023-08-07 00:00:00,A,132
4869,8675,2023-09-16 00:00:00,A,1258
4870,8676,2024-09-08 00:00:00,A,987
4871,8679,2023-11-15 00:00:00,C,826
4872,8683,2026-07-13 00:00:00,A,807
4873,8687,2024-03-15 00:00:00,A,644
4874,8688,2025-03-24 00:00:00,A,696
4875,8689,2024-06-14 00:00:00,A,1008
4876,8690,2026-07-13 00:00:00,B,714
4877,8693,2023-11-22 00:00:00,A,301
4878,8694,2023-09-20 00:00:00,C,144
4879,8697,2025-06-23 00:00:00,A,789
4880,8700,2025-10-03 00:00:00,A,1229
4881,8704,2024-05-28 00:00:00,A,736
4882,8705,2026-01-29 00:00:00,A,535
4883,8707,2025-05-07 00:00:00,A,1002
4884,8708,2026-07-13 00:00:00,A,1112
4885,8710,2025-05-09 00:00:00,A,786
4886,8713,2024-07-03 00:00:00,A,254
4887,8717,2023-09-11 00:00:00,A,951
4888,8718,2026-07-13 00:00:00,A,1122
4889,8720,2023-12-19 00:00:00,A,494
4890,8721,2026-02-13 00:00:00,A,297
4891,8723,2026-01-15 00:00:00,C,971
4892,8726,2026-04-13 00:00:00,A,998
4893,8727,2025-06-10 00:00:00,A,344
4894,8729,2025-04-30 00:00:00,A,200
4895,8730,2025-12-29 00:00:00,A,331
4896,8732,2026-05-27 00:00:00,A,845
4897,8735,2025-05-16 00:00:00,B,307
4898,8736,2025-01-30 00:00:00,A,571
4899,8738,2023-09-05 00:00:00,A,244
4900,8741,2024-01-28 00:00:00,A,1024
4901,8742,2026-07-13 00:00:00,A,361
4902,8743,2026-07-13 00:00:00,A,1183
4903,8744,2024-11-04 00:00:00,A,530
4904,8745,2024-06-17 00:00:00,C,975
4905,8746,2025-03-01 00:00:00,A,296
4906,8747,2023-05-05 00:00:00,C,1122
4907,8749,2024-05-08 00:00:00,A,853
4908,8751,2025-09-16 00:00:00,A,1176
4909,8752,2023-07-20 00:00:00,A,1292
4910,8753,2025-10-24 00:00:00,A,994
4911,8754,2026-01-25 00:00:00,A,128
4912,8756,2026-07-13 00:00:00,A,247
4913,8757,2025-12-15 00:00:00,A,968
4914,8758,2024-07-11 00:00:00,C,69
4915,8760,2025-03-01 00:00:00,C,851
4916,8761,2025-05-09 00:00:00,A,728
4917,8764,2025-09-02 00:00:00,A,1170
4918,8766,2024-01-30 00:00:00,C,189
4919,8767,2024-02-21 00:00:00,A,937
4920,8770,2026-07-13 00:00:00,C,1014
4921,8772,2024-01-27 00:00:00,A,243
4922,8775,2024-09-02 00:00:00,A,1210
4923,8776,2023-12-15 00:00:00,A,906
4924,8777,2025-05-17 00:00:00,A,527
4925,8779,2024-06-02 00:00:00,A,426
4926,8780,2024-09-14 00:00:00,A,653
4927,8781,2024-05-05 00:00:00,A,989
4928,8783,2025-04-01 00:00:00,A,1276
4929,8784,2025-06-02 00:00:00,A,1289
4930,8787,2025-01-25 00:00:00,B,646
4931,8788,2025-12-22 00:00:00,A,355
4932,8790,2024-10-28 00:00:00,A,908
4933,8791,2025-10-01 00:00:00,A,702
4934,8794,2024-02-25 00:00:00,C,252
4935,8797,2024-06-25 00:00:00,A,237
4936,8798,2026-03-03 00:00:00,A,83
4937,8799,2023-11-02 00:00:00,A,387
4938,8801,2025-02-04 00:00:00,A,385
4939,8803,2026-01-20 00:00:00,A,361
4940,8805,2024-04-28 00:00:00,A,716
4941,8808,2024-01-01 00:00:00,B,286
4942,8810,2025-11-28 00:00:00,C,1095
4943,8811,2025-07-05 00:00:00,A,580
4944,8812,2025-07-15 00:00:00,A,546
4945,8813,2026-07-13 00:00:00,A,950
4946,8814,2025-04-08 00:00:00,A,939
4947,8815,2026-01-03 00:00:00,A,318
4948,8816,2025-05-21 00:00:00,A,151
4949,8819,2026-07-13 00:00:00,C,842
4950,8820,2025-06-27 00:00:00,C,216
4951,8822,2024-03-08 00:00:00,A,291
4952,8827,2025-12-21 00:00:00,A,614
4953,8828,2023-04-12 00:00:00,A,464
4954,8829,2026-01-04 00:00:00,A,718
4955,8831,2024-12-24 00:00:00,A,1314
4956,8832,2025-08-07 00:00:00,C,630
4957,8834,2024-02-21 00:00:00,A,782
4958,8835,2024-05-13 00:00:00,A,1304
4959,8837,2026-07-13 00:00:00,A,231
4960,8838,2024-10-04 00:00:00,C,684
4961,8839,2024-05-31 00:00:00,A,805
4962,8840,2025-04-16 00:00:00,A,877
4963,8845,2026-01-17 00:00:00,A,781
4964,8848,2025-05-18 00:00:00,A,97
4965,8849,2023-08-19 00:00:00,A,27
4966,8850,2025-04-06 00:00:00,A,897
4967,8851,2025-06-02 00:00:00,C,856
4968,8852,2024-11-30 00:00:00,A,639
4969,8853,2023-07-12 00:00:00,A,25
4970,8854,2026-07-13 00:00:00,C,981
4971,8856,2026-05-14 00:00:00,A,1132
4972,8863,2024-11-01 00:00:00,A,46
4973,8865,2024-09-24 00:00:00,A,130
4974,8867,2024-04-15 00:00:00,A,1105
4975,8868,2024-06-10 00:00:00,A,673
4976,8869,2023-09-21 00:00:00,A,762
4977,8873,2024-02-20 00:00:00,A,712
4978,8875,2024-02-29 00:00:00,C,412
4979,8876,2025-08-30 00:00:00,A,75
4980,8877,2026-07-13 00:00:00,A,722
4981,8879,2025-06-28 00:00:00,A,526
4982,8881,2023-08-10 00:00:00,A,719
4983,8883,2024-08-20 00:00:00,C,572
4984,8884,2025-07-05 00:00:00,A,342
4985,8885,2026-05-22 00:00:00,A,444
4986,8886,2025-12-18 00:00:00,A,1087
4987,8889,2026-07-13 00:00:00,A,1032
4988,8890,2026-01-27 00:00:00,B,1207
4989,8891,2024-11-04 00:00:00,A,965
4990,8895,2023-09-13 00:00:00,A,986
4991,8896,2025-11-05 00:00:00,C,1171
4992,8899,2024-03-18 00:00:00,A,771
4993,8900,2026-07-13 00:00:00,B,538
4994,8901,2026-07-02 00:00:00,C,948
4995,8903,2023-06-26 00:00:00,A,284
4996,8904,2025-07-18 00:00:00,B,525
4997,8905,2025-04-26 00:00:00,A,492
4998,8906,2025-07-12 00:00:00,A,1268
4999,8907,2026-04-14 00:00:00,C,673
5000,8909,2024-06-21 00:00:00,A,538
5001,8910,2025-12-10 00:00:00,A,1267
5002,8911,2024-07-16 00:00:00,C,142
5003,8916,2025-11-05 00:00:00,C,1196
5004,8918,2024-03-28 00:00:00,C,329
5005,8919,2024-03-19 00:00:00,A,338
5006,8920,2026-05-25 00:00:00,C,274
5007,8923,2024-04-21 00:00:00,A,521
5008,8924,2026-05-20 00:00:00,A,109
5009,8925,2025-09-09 00:00:00,C,684
5010,8926,2025-05-21 00:00:00,B,58
5011,8927,2026-02-24 00:00:00,A,424
5012,8929,2024-11-11 00:00:00,A,1336
5013,8930,2024-11-25 00:00:00,A,1329
5014,8934,2025-11-13 00:00:00,A,841
5015,8937,2025-04-01 00:00:00,A,742
5016,8938,2024-03-01 00:00:00,C,684
5017,8939,2024-09-15 00:00:00,A,1037
5018,8941,2024-11-01 00:00:00,A,1120
5019,8942,2023-04-30 00:00:00,A,1022
5020,8944,2025-04-16 00:00:00,C,739
5021,8948,2023-12-26 00:00:00,C,176
5022,8952,2026-07-13 00:00:00,A,141
5023,8953,2026-05-26 00:00:00,B,872
5024,8954,2026-06-04 00:00:00,A,420
5025,8956,2024-06-29 00:00:00,A,899
5026,8957,2024-05-11 00:00:00,A,1050
5027,8958,2024-06-10 00:00:00,A,1030
5028,8959,2026-07-13 00:00:00,A,1165
5029,8960,2025-03-12 00:00:00,A,590
5030,8961,2023-06-03 00:00:00,A,19
5031,8962,2024-01-20 00:00:00,A,168
5032,8964,2026-03-26 00:00:00,A,175
5033,8965,2026-07-07 00:00:00,A,22
5034,8966,2024-04-07 00:00:00,A,1262
5035,8972,2025-01-08 00:00:00,A,786
5036,8976,2025-11-09 00:00:00,A,259
5037,8977,2023-08-31 00:00:00,A,194
5038,8978,2023-08-18 00:00:00,A,149
5039,8980,2026-01-23 00:00:00,A,245
5040,8981,2026-07-13 00:00:00,C,197
5041,8982,2026-03-22 00:00:00,A,1136
5042,8983,2024-09-25 00:00:00,A,1298
5043,8988,2025-04-15 00:00:00,A,998
5044,8989,2026-07-08 00:00:00,A,1044
5045,8990,2025-01-16 00:00:00,A,825
5046,8991,2024-11-26 00:00:00,C,667
5047,8992,2024-06-21 00:00:00,A,807
5048,8993,2026-07-13 00:00:00,A,548
5049,8994,2025-03-08 00:00:00,A,955
5050,8999,2023-11-02 00:00:00,A,656
5051,9000,2024-03-21 00:00:00,A,75
5052,9001,2026-04-27 00:00:00,A,390
5053,9003,2026-04-25 00:00:00,C,583
5054,9004,2026-07-13 00:00:00,A,1153
5055,9005,2024-07-01 00:00:00,A,4
5056,9009,2026-03-31 00:00:00,A,1209
5057,9010,2026-04-29 00:00:00,A,1325
5058,9011,2025-08-24 00:00:00,B,943
5059,9014,2024-08-22 00:00:00,A,38
5060,9016,2025-09-06 00:00:00,C,617
5061,9018,2025-10-13 00:00:00,A,901
5062,9021,2025-08-29 00:00:00,C,643
5063,9023,2024-06-30 00:00:00,A,11
5064,9024,2026-07-13 00:00:00,A,894
5065,9028,2023-12-12 00:00:00,A,912
5066,9031,2026-03-06 00:00:00,A,1007
5067,9032,2024-10-29 00:00:00,A,3
5068,9033,2026-04-16 00:00:00,A,71
5069,9034,2025-07-07 00:00:00,A,109
5070,9035,2024-12-06 00:00:00,A,888
5071,9037,2024-03-11 00:00:00,A,1201
5072,9038,2026-07-13 00:00:00,A,1201
5073,9040,2026-04-26 00:00:00,C,449
5074,9041,2024-06-26 00:00:00,C,887
5075,9044,2026-05-29 00:00:00,A,137
5076,9045,2024-02-24 00:00:00,A,590
5077,9046,2025-07-13 00:00:00,A,898
5078,9047,2025-05-12 00:00:00,A,1182
5079,9048,2025-12-12 00:00:00,C,1272
5080,9050,2026-01-13 00:00:00,C,1204
5081,9051,2026-07-13 00:00:00,B,81
5082,9053,2024-08-10 00:00:00,B,261
5083,9054,2025-01-20 00:00:00,A,918
5084,9055,2024-05-20 00:00:00,A,1308
5085,9056,2026-07-13 00:00:00,C,1166
5086,9060,2023-12-23 00:00:00,A,812
5087,9061,2024-12-11 00:00:00,A,843
5088,9064,2024-10-07 00:00:00,A,94
5089,9066,2025-06-10 00:00:00,C,959
5090,9067,2024-04-04 00:00:00,A,974
5091,9069,2024-03-04 00:00:00,A,401
5092,9070,2024-10-30 00:00:00,A,52
5093,9071,2024-04-08 00:00:00,A,9
5094,9073,2026-07-05 00:00:00,B,1301
5095,9075,2023-05-21 00:00:00,A,654
5096,9076,2024-12-25 00:00:00,C,155
5097,9077,2026-07-13 00:00:00,A,201
5098,9080,2026-05-13 00:00:00,A,932
5099,9081,2025-09-02 00:00:00,A,1168
5100,9085,2025-08-28 00:00:00,A,44
5101,9086,2025-02-18 00:00:00,A,973
5102,9088,2025-07-01 00:00:00,C,861
5103,9092,2026-04-27 00:00:00,C,628
5104,9093,2024-08-08 00:00:00,B,241
5105,9096,2024-03-07 00:00:00,A,1102
5106,9097,2025-07-23 00:00:00,C,645
5107,9102,2025-07-11 00:00:00,B,600
5108,9103,2026-05-30 00:00:00,A,229
5109,9105,2026-07-05 00:00:00,A,189
5110,9106,2024-03-02 00:00:00,A,371
5111,9108,2024-11-20 00:00:00,C,855
5112,9109,2026-05-01 00:00:00,A,152
5113,9111,2024-03-18 00:00:00,A,1223
5114,9112,2026-07-13 00:00:00,A,1191
5115,9113,2026-03-07 00:00:00,A,674
5116,9115,2024-03-04 00:00:00,A,871
5117,9116,2025-09-15 00:00:00,A,1124
5118,9117,2025-02-09 00:00:00,B,922
5119,9118,2026-07-13 00:00:00,B,616
5120,9121,2023-09-25 00:00:00,C,1146
5121,9123,2025-10-29 00:00:00,B,1048
5122,9125,2023-11-09 00:00:00,A,711
5123,9134,2026-07-13 00:00:00,C,703
5124,9135,2024-05-26 00:00:00,A,1184
5125,9137,2026-05-01 00:00:00,A,131
5126,9139,2026-06-02 00:00:00,A,589
5127,9144,2023-11-03 00:00:00,A,488
5128,9147,2026-07-13 00:00:00,C,107
5129,9148,2023-05-07 00:00:00,A,1303
5130,9149,2024-02-10 00:00:00,A,1042
5131,9155,2023-12-01 00:00:00,A,147
5132,9158,2024-04-11 00:00:00,A,292
5133,9160,2026-03-08 00:00:00,C,1051
5134,9163,2025-04-01 00:00:00,B,463
5135,9165,2024-05-12 00:00:00,A,494
5136,9169,2023-12-20 00:00:00,C,60
5137,9173,2024-12-22 00:00:00,A,605
5138,9174,2024-03-27 00:00:00,A,900
5139,9177,2023-10-25 00:00:00,A,1202
5140,9180,2025-03-30 00:00:00,A,132
5141,9181,2023-08-19 00:00:00,A,803
5142,9182,2024-04-22 00:00:00,A,110
5143,9184,2024-03-22 00:00:00,A,388
5144,9186,2024-07-06 00:00:00,C,322
5145,9187,2023-12-15 00:00:00,A,593
5146,9188,2026-03-14 00:00:00,A,1265
5147,9189,2024-08-29 00:00:00,A,935
5148,9191,2024-11-26 00:00:00,A,480
5149,9192,2024-06-01 00:00:00,A,1234
5150,9194,2024-01-30 00:00:00,A,1309
5151,9195,2026-07-05 00:00:00,A,1103
5152,9198,2023-02-28 00:00:00,A,825
5153,9199,2023-09-17 00:00:00,A,1227
5154,9201,2026-03-12 00:00:00,A,652
5155,9202,2023-08-03 00:00:00,A,1327
5156,9204,2023-11-23 00:00:00,A,1311
5157,9205,2025-07-13 00:00:00,A,111
5158,9207,2024-05-30 00:00:00,C,405
5159,9208,2025-12-10 00:00:00,A,623
5160,9209,2025-02-09 00:00:00,A,230
5161,9210,2026-01-19 00:00:00,A,100
5162,9213,2025-04-19 00:00:00,A,1211
5163,9214,2024-05-08 00:00:00,A,123
5164,9216,2026-07-13 00:00:00,C,297
5165,9219,2026-07-13 00:00:00,C,1311
5166,9220,2023-12-08 00:00:00,A,85
5167,9222,2025-07-28 00:00:00,A,60
5168,9223,2026-07-13 00:00:00,C,483
5169,9225,2025-10-04 00:00:00,C,901
5170,9227,2025-06-24 00:00:00,A,350
5171,9228,2023-08-08 00:00:00,A,111
5172,9233,2026-07-13 00:00:00,C,352
5173,9237,2025-04-27 00:00:00,A,130
5174,9239,2024-03-11 00:00:00,A,196
5175,9243,2023-11-17 00:00:00,A,395
5176,9244,2025-11-04 00:00:00,C,715
5177,9245,2023-12-24 00:00:00,A,437
5178,9246,2026-07-13 00:00:00,C,1024
5179,9247,2023-10-21 00:00:00,A,747
5180,9250,2025-07-29 00:00:00,A,900
5181,9251,2025-03-29 00:00:00,A,236
5182,9253,2025-04-10 00:00:00,A,951
5183,9255,2025-10-25 00:00:00,A,658
5184,9256,2026-07-13 00:00:00,C,424
5185,9257,2025-01-26 00:00:00,A,340
5186,9258,2023-06-28 00:00:00,A,383
5187,9259,2026-07-13 00:00:00,A,528
5188,9260,2025-02-03 00:00:00,C,1129
5189,9261,2026-07-03 00:00:00,A,53
5190,9262,2024-03-23 00:00:00,C,942
5191,9263,2024-07-31 00:00:00,A,345
5192,9267,2024-10-26 00:00:00,A,80
5193,9269,2023-09-08 00:00:00,A,1317
5194,9270,2024-08-13 00:00:00,A,337
5195,9273,2024-06-10 00:00:00,A,1195
5196,9276,2024-05-28 00:00:00,A,824
5197,9277,2024-04-28 00:00:00,A,54
5198,9279,2024-08-09 00:00:00,B,518
5199,9280,2026-05-10 00:00:00,C,127
5200,9281,2024-02-27 00:00:00,A,300
5201,9282,2024-04-04 00:00:00,A,1307
5202,9283,2023-08-11 00:00:00,A,1243
5203,9284,2025-09-15 00:00:00,A,29
5204,9286,2026-02-10 00:00:00,A,268
5205,9287,2024-09-16 00:00:00,A,811
5206,9289,2024-06-16 00:00:00,A,1064
5207,9292,2026-06-18 00:00:00,A,649
5208,9293,2024-01-02 00:00:00,A,1081
5209,9294,2025-06-17 00:00:00,A,645
5210,9296,2024-06-28 00:00:00,B,1056
5211,9297,2025-12-28 00:00:00,A,267
5212,9298,2024-02-04 00:00:00,A,44
5213,9299,2026-02-18 00:00:00,C,296
5214,9300,2025-06-01 00:00:00,A,251
5215,9301,2026-07-13 00:00:00,B,520
5216,9302,2023-12-12 00:00:00,A,130
5217,9303,2026-06-05 00:00:00,C,981
5218,9304,2023-10-03 00:00:00,A,1187
5219,9306,2024-07-30 00:00:00,A,155
5220,9307,2024-08-31 00:00:00,A,1038
5221,9312,2026-07-13 00:00:00,A,1144
5222,9313,2024-01-31 00:00:00,A,482
5223,9314,2026-04-14 00:00:00,A,507
5224,9315,2023-05-26 00:00:00,A,466
5225,9317,2025-05-28 00:00:00,A,50
5226,9318,2026-07-13 00:00:00,A,537
5227,9319,2025-10-30 00:00:00,A,70
5228,9321,2024-03-19 00:00:00,A,848
5229,9322,2024-06-12 00:00:00,A,713
5230,9323,2025-07-17 00:00:00,A,478
5231,9324,2023-12-28 00:00:00,C,329
5232,9328,2024-05-08 00:00:00,A,68
5233,9329,2024-06-27 00:00:00,A,540
5234,9332,2024-08-16 00:00:00,A,528
5235,9334,2025-08-10 00:00:00,C,251
5236,9342,2025-12-10 00:00:00,A,504
5237,9346,2023-09-25 00:00:00,A,1013
5238,9347,2026-05-12 00:00:00,C,844
5239,9348,2023-06-23 00:00:00,A,1318
5240,9349,2024-05-07 00:00:00,A,1204
5241,9351,2026-07-13 00:00:00,A,731
5242,9353,2025-12-17 00:00:00,A,1081
5243,9354,2026-04-05 00:00:00,A,278
5244,9355,2023-08-14 00:00:00,A,365
5245,9356,2023-09-29 00:00:00,A,603
5246,9357,2024-05-30 00:00:00,A,270
5247,9361,2024-02-22 00:00:00,A,883
5248,9362,2025-12-31 00:00:00,B,783
5249,9364,2024-05-02 00:00:00,A,431
5250,9366,2024-01-19 00:00:00,A,1217
5251,9367,2024-08-31 00:00:00,A,353
5252,9368,2025-06-14 00:00:00,B,391
5253,9369,2026-07-13 00:00:00,C,316
5254,9371,2025-02-23 00:00:00,C,828
5255,9374,2025-07-14 00:00:00,A,896
5256,9375,2026-07-13 00:00:00,A,157
5257,9378,2024-12-28 00:00:00,A,607
5258,9379,2023-12-10 00:00:00,A,1111
5259,9382,2024-09-08 00:00:00,C,41
5260,9383,2025-06-01 00:00:00,A,249
5261,9386,2023-06-10 00:00:00,A,220
5262,9387,2026-04-10 00:00:00,B,931
5263,9389,2024-01-05 00:00:00,A,1074
5264,9394,2024-08-16 00:00:00,B,772
5265,9396,2024-04-02 00:00:00,A,88
5266,9397,2023-09-15 00:00:00,A,285
5267,9400,2025-07-17 00:00:00,A,334
5268,9401,2024-09-17 00:00:00,A,306
5269,9404,2023-02-26 00:00:00,A,806
5270,9405,2026-07-13 00:00:00,A,669
5271,9406,2025-10-22 00:00:00,C,1026
5272,9409,2024-09-04 00:00:00,A,676
5273,9410,2026-02-11 00:00:00,A,541
5274,9411,2026-03-16 00:00:00,A,802
5275,9412,2026-07-13 00:00:00,A,1316
5276,9413,2025-05-01 00:00:00,A,1332
5277,9415,2024-12-25 00:00:00,A,1206
5278,9417,2023-12-04 00:00:00,A,1244
5279,9418,2025-11-24 00:00:00,A,902
5280,9421,2025-12-05 00:00:00,A,875
5281,9422,2026-06-28 00:00:00,B,562
5282,9426,2026-02-13 00:00:00,A,9
5283,9427,2026-05-25 00:00:00,A,501
5284,9428,2026-06-14 00:00:00,C,896
5285,9430,2024-03-16 00:00:00,A,669
5286,9435,2024-09-07 00:00:00,A,406
5287,9438,2025-09-30 00:00:00,C,34
5288,9439,2025-11-22 00:00:00,A,1202
5289,9441,2026-07-13 00:00:00,C,882
5290,9443,2023-12-10 00:00:00,C,1138
5291,9444,2024-03-22 00:00:00,A,642
5292,9445,2026-02-22 00:00:00,A,76
5293,9446,2026-03-26 00:00:00,A,227
5294,9449,2026-03-13 00:00:00,A,785
5295,9452,2025-12-15 00:00:00,A,828
5296,9454,2026-03-08 00:00:00,A,511
5297,9455,2025-08-05 00:00:00,A,987
5298,9457,2024-08-10 00:00:00,C,114
5299,9461,2023-12-11 00:00:00,B,40
5300,9462,2026-07-13 00:00:00,B,1110
5301,9465,2024-08-15 00:00:00,A,1143
5302,9466,2024-09-29 00:00:00,A,825
5303,9467,2026-04-10 00:00:00,A,1323
5304,9468,2024-11-04 00:00:00,A,96
5305,9469,2024-01-25 00:00:00,A,401
5306,9470,2025-02-06 00:00:00,A,668
5307,9473,2025-02-28 00:00:00,A,531
5308,9474,2024-04-25 00:00:00,A,204
5309,9475,2023-05-14 00:00:00,A,802
5310,9476,2026-07-13 00:00:00,C,826
5311,9478,2024-10-09 00:00:00,A,875
5312,9479,2025-07-13 00:00:00,A,1108
5313,9480,2024-09-16 00:00:00,A,333
5314,9482,2025-11-11 00:00:00,A,700
5315,9483,2023-07-29 00:00:00,A,756
5316,9487,2025-01-22 00:00:00,A,311
5317,9489,2026-05-05 00:00:00,A,117
5318,9490,2023-09-15 00:00:00,A,204
5319,9493,2025-12-03 00:00:00,A,1284
5320,9497,2023-09-19 00:00:00,A,968
5321,9498,2024-02-15 00:00:00,A,325
5322,9499,2024-05-31 00:00:00,A,182
5323,9501,2025-07-22 00:00:00,C,1292
5324,9502,2025-12-24 00:00:00,A,1074
5325,9507,2024-07-03 00:00:00,A,806
5326,9508,2026-07-13 00:00:00,A,1049
5327,9509,2024-11-11 00:00:00,A,978
5328,9513,2026-02-15 00:00:00,A,1131
5329,9514,2024-09-15 00:00:00,C,287
5330,9515,2026-03-22 00:00:00,A,424
5331,9516,2023-12-29 00:00:00,A,9
5332,9517,2026-05-27 00:00:00,A,1240
5333,9518,2025-01-27 00:00:00,A,1302
5334,9519,2024-03-09 00:00:00,A,1296
5335,9521,2024-02-10 00:00:00,A,539
5336,9528,2024-05-03 00:00:00,C,506
5337,9529,2025-01-15 00:00:00,A,35
5338,9530,2023-05-03 00:00:00,A,1016
5339,9532,2024-11-30 00:00:00,C,1082
5340,9533,2024-07-29 00:00:00,A,1079
5341,9534,2023-11-22 00:00:00,A,268
5342,9535,2025-02-26 00:00:00,B,219
5343,9537,2024-07-22 00:00:00,C,585
5344,9538,2023-10-23 00:00:00,A,451
5345,9539,2024-04-23 00:00:00,A,200
5346,9540,2024-09-28 00:00:00,A,984
5347,9541,2026-04-27 00:00:00,B,662
5348,9542,2024-08-06 00:00:00,B,284
5349,9544,2023-07-24 00:00:00,A,633
5350,9545,2024-10-23 00:00:00,C,321
5351,9546,2026-04-24 00:00:00,A,931
5352,9547,2024-10-30 00:00:00,A,722
5353,9548,2025-08-13 00:00:00,C,52
5354,9550,2024-05-21 00:00:00,A,299
5355,9555,2026-05-18 00:00:00,C,349
5356,9557,2025-01-17 00:00:00,C,1156
5357,9560,2025-10-24 00:00:00,A,217
5358,9561,2025-07-06 00:00:00,A,593
5359,9562,2024-02-25 00:00:00,A,69
5360,9563,2026-02-20 00:00:00,B,240
5361,9565,2023-11-13 00:00:00,A,617
5362,9566,2025-03-07 00:00:00,A,964
5363,9567,2025-06-18 00:00:00,A,1231
5364,9571,2026-01-21 00:00:00,A,1072
5365,9572,2026-07-13 00:00:00,C,47
5366,9573,2025-04-30 00:00:00,A,516
5367,9574,2024-02-19 00:00:00,A,612
5368,9576,2024-04-19 00:00:00,A,1210
5369,9578,2023-12-08 00:00:00,A,271
5370,9584,2025-01-15 00:00:00,A,1264
5371,9585,2026-07-13 00:00:00,C,1196
5372,9586,2026-07-13 00:00:00,A,495
5373,9588,2024-11-19 00:00:00,A,557
5374,9589,2024-09-27 00:00:00,A,273
5375,9591,2025-07-09 00:00:00,A,941
5376,9592,2025-08-23 00:00:00,A,1293
5377,9593,2024-10-15 00:00:00,C,832
5378,9594,2023-07-30 00:00:00,A,1056
5379,9595,2024-02-17 00:00:00,A,673
5380,9600,2024-01-24 00:00:00,A,425
5381,9601,2026-05-31 00:00:00,A,788
5382,9602,2026-06-18 00:00:00,A,744
5383,9603,2025-03-06 00:00:00,A,295
5384,9604,2024-11-26 00:00:00,A,328
5385,9605,2026-01-09 00:00:00,A,1047
5386,9606,2026-07-13 00:00:00,A,1007
5387,9607,2026-06-12 00:00:00,C,502
5388,9608,2026-05-23 00:00:00,C,736
5389,9612,2024-03-08 00:00:00,B,129
5390,9615,2023-08-30 00:00:00,A,550
5391,9617,2023-04-18 00:00:00,B,313
5392,9618,2023-06-30 00:00:00,A,142
5393,9620,2023-09-03 00:00:00,C,151
5394,9623,2025-06-21 00:00:00,A,1132
5395,9624,2026-07-13 00:00:00,C,798
5396,9628,2025-10-17 00:00:00,A,132
5397,9630,2024-02-12 00:00:00,A,955
5398,9632,2023-05-12 00:00:00,A,350
5399,9633,2025-09-22 00:00:00,A,125
5400,9634,2024-05-22 00:00:00,B,894
5401,9635,2024-01-09 00:00:00,A,1276
5402,9636,2025-05-31 00:00:00,C,767
5403,9637,2024-09-06 00:00:00,A,456
5404,9638,2025-09-24 00:00:00,A,173
5405,9639,2024-06-25 00:00:00,A,157
5406,9642,2023-06-05 00:00:00,C,475
5407,9644,2024-03-02 00:00:00,A,344
5408,9645,2025-02-25 00:00:00,A,667
5409,9650,2025-07-04 00:00:00,A,1285
5410,9652,2024-01-22 00:00:00,A,171
5411,9655,2023-06-04 00:00:00,A,1153
5412,9656,2024-01-12 00:00:00,C,1237
5413,9657,2023-10-19 00:00:00,B,839
5414,9658,2025-06-20 00:00:00,C,618
5415,9659,2024-05-24 00:00:00,A,311
5416,9660,2024-06-13 00:00:00,A,253
5417,9661,2025-05-23 00:00:00,C,439
5418,9663,2023-12-04 00:00:00,C,1015
5419,9664,2026-07-12 00:00:00,A,1091
5420,9665,2024-01-05 00:00:00,B,923
5421,9669,2023-11-28 00:00:00,C,212
5422,9670,2025-04-05 00:00:00,A,1114
5423,9671,2024-10-31 00:00:00,C,90
5424,9672,2026-07-13 00:00:00,A,1193
5425,9674,2024-05-21 00:00:00,A,177
5426,9675,2024-05-14 00:00:00,A,46
5427,9676,2025-08-03 00:00:00,A,304
5428,9677,2024-09-22 00:00:00,A,1130
5429,9678,2024-08-16 00:00:00,C,1111
5430,9679,2025-08-23 00:00:00,C,923
5431,9680,2024-07-01 00:00:00,A,1023
5432,9681,2025-05-05 00:00:00,A,200
5433,9683,2025-02-21 00:00:00,A,208
5434,9686,2025-04-10 00:00:00,C,101
5435,9688,2024-09-25 00:00:00,A,1181
5436,9691,2026-07-13 00:00:00,C,1330
5437,9692,2025-10-12 00:00:00,C,1313
5438,9694,2025-02-27 00:00:00,C,87
5439,9695,2025-08-07 00:00:00,A,616
5440,9698,2026-01-06 00:00:00,A,1249
5441,9699,2024-09-16 00:00:00,B,1077
5442,9703,2024-01-28 00:00:00,C,827
5443,9704,2024-12-02 00:00:00,B,339
5444,9705,2024-07-07 00:00:00,C,275
5445,9706,2023-12-05 00:00:00,A,843
5446,9707,2023-07-13 00:00:00,A,616
5447,9708,2026-06-10 00:00:00,A,114
5448,9710,2025-07-01 00:00:00,B,251
5449,9712,2023-07-06 00:00:00,A,871
5450,9714,2025-09-21 00:00:00,A,1107
5451,9715,2025-12-08 00:00:00,C,354
5452,9717,2024-11-05 00:00:00,B,929
5453,9718,2026-07-13 00:00:00,C,446
5454,9720,2024-03-18 00:00:00,A,976
5455,9722,2026-02-28 00:00:00,A,3
5456,9723,2026-07-13 00:00:00,A,770
5457,9724,2025-12-04 00:00:00,A,222
5458,9725,2025-09-16 00:00:00,A,35
5459,9726,2024-06-25 00:00:00,A,339
5460,9730,2026-06-01 00:00:00,A,959
5461,9731,2023-07-12 00:00:00,A,300
5462,9732,2025-05-08 00:00:00,C,834
5463,9733,2026-03-20 00:00:00,A,1330
5464,9734,2026-06-07 00:00:00,A,332
5465,9735,2025-10-29 00:00:00,C,1081
5466,9736,2026-02-05 00:00:00,A,921
5467,9739,2026-06-06 00:00:00,B,412
5468,9740,2024-03-25 00:00:00,A,735
5469,9741,2025-11-05 00:00:00,A,618
5470,9744,2025-03-22 00:00:00,A,1077
5471,9745,2026-07-13 00:00:00,A,656
5472,9746,2023-08-12 00:00:00,A,91
5473,9749,2023-11-21 00:00:00,B,447
5474,9750,2025-11-08 00:00:00,A,858
5475,9753,2026-05-07 00:00:00,A,802
5476,9754,2025-05-01 00:00:00,A,225
5477,9755,2025-12-16 00:00:00,C,1121
5478,9757,2023-07-11 00:00:00,A,1231
5479,9758,2023-12-03 00:00:00,A,103
5480,9759,2024-04-19 00:00:00,B,339
5481,9760,2026-05-04 00:00:00,C,307
5482,9762,2024-06-12 00:00:00,A,483
5483,9763,2023-03-20 00:00:00,A,1319
5484,9764,2023-09-23 00:00:00,A,470
5485,9765,2026-07-13 00:00:00,C,661
5486,9766,2026-03-10 00:00:00,A,954
5487,9767,2023-09-06 00:00:00,A,860
5488,9768,2024-01-11 00:00:00,B,75
5489,9770,2025-02-28 00:00:00,C,607
5490,9774,2024-11-05 00:00:00,C,697
5491,9775,2024-05-09 00:00:00,A,1152
5492,9778,2025-03-09 00:00:00,C,204
5493,9779,2024-08-18 00:00:00,A,626
5494,9783,2024-09-02 00:00:00,B,867
5495,9785,2025-02-12 00:00:00,A,84
5496,9786,2026-04-25 00:00:00,A,924
5497,9791,2024-09-14 00:00:00,A,334
5498,9796,2024-01-09 00:00:00,A,745
5499,9797,2023-12-31 00:00:00,C,267
5500,9803,2023-08-18 00:00:00,A,568
5501,9806,2025-10-12 00:00:00,A,1292
5502,9808,2024-01-07 00:00:00,A,649
5503,9809,2024-01-16 00:00:00,A,421
5504,9810,2023-05-28 00:00:00,A,541
5505,9813,2024-01-21 00:00:00,C,986
5506,9816,2023-11-08 00:00:00,A,247
5507,9817,2023-09-03 00:00:00,C,220
5508,9821,2026-07-13 00:00:00,A,532
5509,9823,2025-07-24 00:00:00,B,240
5510,9824,2024-11-29 00:00:00,A,859
5511,9825,2025-12-24 00:00:00,A,1008
5512,9826,2024-05-24 00:00:00,A,100
5513,9827,2026-07-13 00:00:00,A,629
5514,9828,2024-10-25 00:00:00,C,353
5515,9830,2024-03-05 00:00:00,C,434
5516,9831,2025-01-20 00:00:00,A,105
5517,9832,2026-06-21 00:00:00,C,604
5518,9836,2024-10-04 00:00:00,B,624
5519,9837,2026-07-13 00:00:00,C,111
5520,9838,2025-09-03 00:00:00,C,860
5521,9840,2026-07-13 00:00:00,C,370
5522,9842,2024-11-01 00:00:00,B,1316
5523,9844,2025-10-19 00:00:00,A,1049
5524,9847,2023-11-01 00:00:00,A,1312
5525,9848,2025-08-15 00:00:00,A,808
5526,9849,2025-10-08 00:00:00,C,623
5527,9850,2026-01-09 00:00:00,A,1122
5528,9851,2024-06-04 00:00:00,A,841
5529,9853,2026-01-05 00:00:00,A,829
5530,9854,2025-05-22 00:00:00,C,747
5531,9856,2024-11-14 00:00:00,A,700
5532,9857,2025-06-08 00:00:00,B,902
5533,9858,2026-07-13 00:00:00,C,854
5534,9860,2023-12-13 00:00:00,B,363
5535,9861,2026-07-13 00:00:00,A,70
5536,9862,2023-11-02 00:00:00,A,607
5537,9865,2024-04-25 00:00:00,B,386
5538,9866,2024-02-05 00:00:00,A,371
5539,9868,2024-04-22 00:00:00,A,716
5540,9869,2025-04-10 00:00:00,A,1318
5541,9872,2024-02-17 00:00:00,A,764
5542,9873,2025-06-22 00:00:00,A,326
5543,9874,2023-11-17 00:00:00,A,314
5544,9877,2023-11-07 00:00:00,A,1307
5545,9878,2025-04-08 00:00:00,A,717
5546,9880,2026-07-13 00:00:00,C,650
5547,9881,2023-12-03 00:00:00,A,501
5548,9885,2024-03-19 00:00:00,B,147
5549,9887,2025-10-07 00:00:00,A,45
5550,9889,2025-05-18 00:00:00,B,304
5551,9892,2024-07-04 00:00:00,A,975
5552,9893,2025-08-21 00:00:00,B,1001
5553,9894,2026-03-29 00:00:00,C,221
5554,9897,2025-05-23 00:00:00,A,637
5555,9898,2026-07-13 00:00:00,B,12
5556,9899,2023-12-29 00:00:00,C,645
5557,9900,2024-12-14 00:00:00,C,201
5558,9907,2024-12-26 00:00:00,C,202
5559,9908,2025-02-22 00:00:00,A,590
5560,9910,2024-05-08 00:00:00,C,425
5561,9912,2025-08-10 00:00:00,A,27
5562,9914,2024-12-16 00:00:00,A,206
5563,9921,2026-01-17 00:00:00,B,787
5564,9922,2024-07-25 00:00:00,A,1251
5565,9923,2023-03-15 00:00:00,A,1208
5566,9924,2026-03-04 00:00:00,A,907
5567,9925,2025-01-24 00:00:00,C,199
5568,9926,2023-10-24 00:00:00,A,17
5569,9928,2026-01-12 00:00:00,A,803
5570,9929,2026-07-07 00:00:00,A,150
5571,9930,2024-02-03 00:00:00,C,705
5572,9931,2025-08-24 00:00:00,A,433
5573,9932,2025-05-24 00:00:00,A,414
5574,9933,2024-01-19 00:00:00,A,738
5575,9935,2026-03-03 00:00:00,A,522
5576,9937,2024-04-19 00:00:00,A,1299
5577,9938,2023-09-19 00:00:00,A,871
5578,9940,2023-12-10 00:00:00,C,1180
5579,9944,2024-01-09 00:00:00,A,663
5580,9945,2024-11-25 00:00:00,A,708
5581,9946,2025-03-15 00:00:00,A,159
5582,9949,2026-03-26 00:00:00,A,814
5583,9951,2025-07-03 00:00:00,A,952
5584,9953,2026-01-19 00:00:00,A,615
5585,9955,2024-06-20 00:00:00,A,797
5586,9956,2025-02-13 00:00:00,A,877
5587,9957,2025-03-13 00:00:00,A,1174
5588,9958,2024-12-08 00:00:00,A,716
5589,9959,2025-05-18 00:00:00,B,644
5590,9960,2025-03-15 00:00:00,A,113
5591,9961,2024-01-22 00:00:00,A,936
5592,9962,2025-12-19 00:00:00,A,1329
5593,9963,2023-09-04 00:00:00,A,638
5594,9964,2025-01-26 00:00:00,A,898
5595,9966,2025-05-11 00:00:00,A,970
5596,9967,2026-07-13 00:00:00,C,1061
5597,9968,2025-01-10 00:00:00,A,362
5598,9969,2024-10-14 00:00:00,A,426
5599,9972,2023-05-27 00:00:00,A,977
5600,9975,2023-11-16 00:00:00,A,406
5601,9977,2026-05-03 00:00:00,A,362
5602,9983,2025-05-12 00:00:00,A,1291
5603,9984,2025-09-17 00:00:00,A,607
5604,9986,2024-05-20 00:00:00,A,960
5605,9989,2024-02-14 00:00:00,A,423
5606,9991,2025-12-29 00:00:00,A,1273
5607,9993,2025-04-17 00:00:00,A,1225
5608,9994,2024-06-28 00:00:00,C,110
5609,9995,2024-02-25 00:00:00,B,802
5610,9997,2025-09-09 00:00:00,A,1210
5611,10000,2023-10-10 00:00:00,A,1298
5612,10002,2024-12-06 00:00:00,A,932
5613,10005,2025-03-07 00:00:00,A,251
5614,10006,2025-04-15 00:00:00,C,1188
5615,10009,2025-06-28 00:00:00,A,924
5616,10010,2023-10-28 00:00:00,A,37
5617,10011,2025-06-13 00:00:00,A,969
5618,10015,2023-11-07 00:00:00,C,116
5619,10016,2024-08-01 00:00:00,C,960
5620,10017,2026-04-06 00:00:00,A,1027
5621,10018,2023-12-13 00:00:00,A,1
5622,10021,2023-09-28 00:00:00,C,131
5623,10022,2024-08-02 00:00:00,C,924
5624,10023,2026-03-10 00:00:00,A,1163
5625,10025,2024-01-21 00:00:00,A,1186
5626,10026,2026-02-21 00:00:00,C,1227
5627,10028,2024-06-04 00:00:00,B,589
5628,10031,2024-03-16 00:00:00,A,543
5629,10033,2024-03-27 00:00:00,C,890
5630,10034,2024-05-09 00:00:00,A,57
5631,10037,2025-08-09 00:00:00,A,1309
5632,10038,2026-05-07 00:00:00,C,1108
5633,10039,2026-05-30 00:00:00,A,1064
5634,10040,2025-11-02 00:00:00,C,731
5635,10041,2024-11-05 00:00:00,C,174
5636,10042,2025-01-18 00:00:00,A,1174
5637,10043,2026-05-12 00:00:00,A,662
5638,10047,2024-01-31 00:00:00,A,669
5639,10048,2023-10-26 00:00:00,C,1281
5640,10049,2024-07-26 00:00:00,A,422
5641,10050,2023-11-28 00:00:00,A,752
5642,10051,2023-06-28 00:00:00,A,975
5643,10053,2023-07-01 00:00:00,B,469
5644,10054,2024-02-21 00:00:00,B,1153
5645,10057,2026-02-22 00:00:00,A,680
5646,10060,2024-04-20 00:00:00,A,542
5647,10061,2023-06-09 00:00:00,A,1223
5648,10065,2025-08-26 00:00:00,B,257
5649,10066,2026-07-13 00:00:00,C,170
5650,10067,2023-06-08 00:00:00,A,321
5651,10068,2025-07-12 00:00:00,A,688
5652,10069,2025-09-02 00:00:00,C,475
5653,10070,2026-07-13 00:00:00,A,107
5654,10075,2023-06-11 00:00:00,C,1125
5655,10076,2026-07-13 00:00:00,A,279
5656,10077,2026-02-09 00:00:00,A,124
5657,10078,2026-07-06 00:00:00,C,662
5658,10079,2023-06-05 00:00:00,A,885
5659,10080,2025-01-08 00:00:00,A,1330
5660,10081,2026-07-13 00:00:00,A,5
5661,10082,2024-06-18 00:00:00,A,695
5662,10083,2026-04-01 00:00:00,B,419
5663,10084,2024-11-17 00:00:00,A,467
5664,10085,2025-09-22 00:00:00,A,984
5665,10087,2025-02-11 00:00:00,A,943
5666,10089,2024-03-18 00:00:00,A,1287
5667,10090,2023-11-11 00:00:00,A,158
5668,10091,2023-11-24 00:00:00,A,1308
5669,10092,2024-11-15 00:00:00,A,497
5670,10093,2023-12-17 00:00:00,A,1060
5671,10095,2024-06-14 00:00:00,A,805
5672,10097,2026-07-13 00:00:00,A,93
5673,10098,2024-03-18 00:00:00,C,640
5674,10099,2026-04-07 00:00:00,A,1305
5675,10101,2026-07-13 00:00:00,A,44
5676,10102,2023-09-08 00:00:00,A,1152
5677,10103,2024-10-28 00:00:00,B,83
5678,10105,2025-05-11 00:00:00,A,834
5679,10106,2024-01-06 00:00:00,A,189
5680,10109,2026-07-13 00:00:00,C,702
5681,10111,2025-08-07 00:00:00,A,305
5682,10114,2023-10-26 00:00:00,A,1184
5683,10115,2024-01-21 00:00:00,A,1046
5684,10117,2026-07-13 00:00:00,C,1138
5685,10118,2026-05-03 00:00:00,A,608
5686,10120,2024-04-27 00:00:00,A,685
5687,10121,2025-05-28 00:00:00,A,904
5688,10123,2025-04-08 00:00:00,A,408
5689,10125,2025-03-17 00:00:00,C,1151
5690,10126,2023-12-15 00:00:00,B,146
5691,10128,2023-04-22 00:00:00,A,1114
5692,10131,2023-02-25 00:00:00,A,100
5693,10133,2024-02-08 00:00:00,A,1189
5694,10134,2026-07-13 00:00:00,A,1153
5695,10135,2024-09-28 00:00:00,A,946
5696,10137,2026-02-04 00:00:00,A,991
5697,10139,2023-08-27 00:00:00,B,1288
5698,10141,2025-05-25 00:00:00,A,477
5699,10142,2025-05-01 00:00:00,C,53
5700,10143,2026-01-14 00:00:00,A,1199
5701,10146,2025-09-11 00:00:00,C,211
5702,10147,2024-01-21 00:00:00,A,704
5703,10148,2026-07-13 00:00:00,A,135
5704,10149,2024-11-09 00:00:00,A,1226
5705,10150,2025-12-09 00:00:00,A,868
5706,10151,2026-06-12 00:00:00,A,1290
5707,10153,2026-04-07 00:00:00,A,736
5708,10154,2024-06-06 00:00:00,A,245
5709,10155,2026-04-24 00:00:00,A,22
5710,10156,2025-06-07 00:00:00,A,209
5711,10158,2026-07-13 00:00:00,A,95
5712,10160,2026-01-11 00:00:00,A,933
5713,10163,2023-11-14 00:00:00,A,1055
5714,10164,2026-05-29 00:00:00,B,540
5715,10165,2026-05-26 00:00:00,A,847
5716,10166,2025-12-29 00:00:00,A,632
5717,10167,2025-09-19 00:00:00,A,459
5718,10168,2023-06-18 00:00:00,A,749
5719,10169,2023-08-26 00:00:00,A,526
5720,10171,2024-04-02 00:00:00,C,147
5721,10174,2024-03-15 00:00:00,A,1019
5722,10175,2025-08-26 00:00:00,A,470
5723,10176,2023-10-26 00:00:00,A,942
5724,10177,2026-04-08 00:00:00,C,803
5725,10179,2025-05-25 00:00:00,A,1104
5726,10184,2025-11-17 00:00:00,A,613
5727,10185,2025-02-28 00:00:00,A,570
5728,10186,2024-05-11 00:00:00,A,861
5729,10190,2023-08-01 00:00:00,A,827
5730,10191,2026-07-13 00:00:00,C,1290
5731,10194,2025-03-02 00:00:00,A,146
5732,10195,2026-04-05 00:00:00,C,762
5733,10197,2026-01-19 00:00:00,C,820
5734,10198,2025-10-04 00:00:00,A,791
5735,10200,2026-07-13 00:00:00,A,632
5736,10201,2025-05-02 00:00:00,A,1177
5737,10202,2026-01-18 00:00:00,A,561
5738,10206,2025-10-10 00:00:00,A,392
5739,10207,2023-12-04 00:00:00,A,696
5740,10208,2026-04-17 00:00:00,A,93
5741,10209,2025-06-14 00:00:00,C,1184
5742,10210,2025-08-08 00:00:00,C,251
5743,10213,2023-09-26 00:00:00,A,720
5744,10214,2023-10-13 00:00:00,A,99
5745,10217,2025-01-19 00:00:00,A,829
5746,10218,2024-07-21 00:00:00,C,609
5747,10223,2026-01-27 00:00:00,B,1182
5748,10225,2026-07-13 00:00:00,C,841
5749,10226,2026-02-24 00:00:00,A,1215
5750,10229,2024-05-11 00:00:00,C,1181
5751,10232,2024-09-05 00:00:00,A,205
5752,10233,2024-11-05 00:00:00,B,245
5753,10234,2023-09-08 00:00:00,A,870
5754,10235,2025-05-30 00:00:00,B,1299
5755,10237,2025-11-18 00:00:00,A,84
5756,10239,2026-07-13 00:00:00,A,113
5757,10242,2024-03-17 00:00:00,B,914
5758,10243,2024-02-18 00:00:00,C,608
5759,10244,2026-05-20 00:00:00,C,483
5760,10245,2023-11-16 00:00:00,C,36
5761,10247,2024-03-12 00:00:00,A,788
5762,10248,2024-03-03 00:00:00,A,906
5763,10249,2023-09-18 00:00:00,A,1050
5764,10254,2023-09-20 00:00:00,A,624
5765,10256,2026-02-16 00:00:00,A,615
5766,10259,2024-11-09 00:00:00,A,1022
5767,10261,2025-02-20 00:00:00,C,671
5768,10262,2026-05-22 00:00:00,A,1226
5769,10263,2024-08-28 00:00:00,A,587
5770,10264,2024-01-17 00:00:00,A,165
5771,10265,2025-01-28 00:00:00,A,742
5772,10266,2024-09-17 00:00:00,B,693
5773,10270,2023-08-24 00:00:00,B,899
5774,10271,2025-12-17 00:00:00,B,855
5775,10272,2025-03-05 00:00:00,A,540
5776,10273,2023-03-05 00:00:00,A,529
5777,10274,2024-02-16 00:00:00,C,187
5778,10276,2026-04-26 00:00:00,A,1184
5779,10278,2025-07-16 00:00:00,A,1136
5780,10279,2024-12-17 00:00:00,A,697
5781,10281,2024-12-05 00:00:00,A,646
5782,10283,2023-07-06 00:00:00,A,591
5783,10284,2026-04-16 00:00:00,C,289
5784,10285,2026-04-26 00:00:00,A,251
5785,10286,2024-01-08 00:00:00,A,888
5786,10287,2026-02-19 00:00:00,C,786
5787,10288,2026-07-13 00:00:00,A,1128
5788,10289,2026-03-28 00:00:00,A,151
5789,10291,2025-03-30 00:00:00,A,386
5790,10292,2023-06-03 00:00:00,A,888
5791,10293,2023-11-20 00:00:00,C,1259
5792,10296,2023-11-28 00:00:00,C,401
5793,10297,2024-09-02 00:00:00,C,1033
5794,10298,2024-04-27 00:00:00,A,1202
5795,10299,2026-05-24 00:00:00,A,120
5796,10301,2024-03-27 00:00:00,C,722
5797,10302,2025-10-15 00:00:00,A,874
5798,10304,2025-08-30 00:00:00,A,636
5799,10305,2025-08-23 00:00:00,A,836
5800,10306,2026-07-13 00:00:00,A,467
5801,10308,2024-10-28 00:00:00,C,1139
5802,10310,2026-01-12 00:00:00,A,1100
5803,10311,2023-12-26 00:00:00,A,515
5804,10312,2025-04-16 00:00:00,A,1108
5805,10315,2026-03-12 00:00:00,A,676
5806,10321,2025-12-30 00:00:00,A,1256
5807,10322,2024-07-24 00:00:00,A,227
5808,10326,2024-06-06 00:00:00,A,1312
5809,10328,2024-07-24 00:00:00,C,94
5810,10330,2026-03-13 00:00:00,A,200
5811,10331,2023-10-27 00:00:00,A,370
5812,10333,2024-05-05 00:00:00,B,753
5813,10334,2025-05-21 00:00:00,A,499
5814,10335,2025-03-12 00:00:00,A,297
5815,10337,2024-12-02 00:00:00,B,91
5816,10338,2024-09-15 00:00:00,A,286
5817,10339,2024-04-21 00:00:00,A,328
5818,10341,2024-09-25 00:00:00,A,339
5819,10342,2024-12-06 00:00:00,A,350
5820,10345,2025-09-11 00:00:00,C,837
5821,10346,2025-08-29 00:00:00,A,1205
5822,10347,2024-01-25 00:00:00,A,717
5823,10352,2025-12-04 00:00:00,A,1257
5824,10353,2023-08-11 00:00:00,B,712
5825,10355,2025-05-26 00:00:00,A,734
5826,10358,2024-06-20 00:00:00,A,165
5827,10362,2024-11-22 00:00:00,B,679
5828,10363,2025-04-10 00:00:00,A,1169
5829,10366,2024-10-10 00:00:00,A,377
5830,10367,2025-04-25 00:00:00,A,885
5831,10368,2023-07-19 00:00:00,A,797
5832,10372,2024-03-14 00:00:00,C,1048
5833,10374,2025-12-03 00:00:00,A,505
5834,10375,2023-08-22 00:00:00,A,387
5835,10376,2026-04-14 00:00:00,A,1223
5836,10377,2023-12-28 00:00:00,C,1280
5837,10380,2024-08-07 00:00:00,A,634
5838,10382,2025-01-16 00:00:00,A,543
5839,10383,2025-07-23 00:00:00,A,931
5840,10385,2025-04-07 00:00:00,A,217
5841,10386,2025-09-20 00:00:00,A,84
5842,10387,2023-08-07 00:00:00,A,1083
5843,10391,2023-11-03 00:00:00,A,1143
5844,10393,2026-07-13 00:00:00,A,1109
5845,10394,2023-09-18 00:00:00,A,240
5846,10395,2024-04-10 00:00:00,A,1167
5847,10397,2025-11-12 00:00:00,A,1251
5848,10400,2024-11-17 00:00:00,A,1038
5849,10401,2026-04-08 00:00:00,A,1175
5850,10402,2026-07-13 00:00:00,A,853
5851,10403,2023-08-16 00:00:00,A,531
5852,10406,2024-01-01 00:00:00,A,50
5853,10407,2023-11-27 00:00:00,A,931
5854,10409,2025-12-23 00:00:00,A,1259
5855,10413,2025-04-03 00:00:00,A,1042
5856,10414,2023-06-19 00:00:00,A,1088
5857,10415,2026-02-18 00:00:00,A,1175
5858,10416,2025-02-19 00:00:00,A,1109
5859,10417,2026-04-09 00:00:00,A,825
5860,10418,2024-04-01 00:00:00,A,303
5861,10419,2025-08-24 00:00:00,B,649
5862,10423,2024-05-15 00:00:00,A,735
5863,10424,2024-03-07 00:00:00,B,773
5864,10426,2025-01-28 00:00:00,A,683
5865,10429,2025-09-15 00:00:00,A,440
5866,10430,2026-07-13 00:00:00,C,1312
5867,10432,2025-01-22 00:00:00,A,583
5868,10434,2025-12-01 00:00:00,A,1041
5869,10437,2026-07-13 00:00:00,C,694
5870,10439,2025-02-05 00:00:00,A,1129
5871,10442,2024-02-05 00:00:00,A,680
5872,10443,2023-05-15 00:00:00,A,699
5873,10445,2024-02-14 00:00:00,C,664
5874,10446,2023-12-22 00:00:00,A,376
5875,10447,2025-01-28 00:00:00,B,1280
5876,10448,2024-06-29 00:00:00,A,892
5877,10449,2026-07-13 00:00:00,A,245
5878,10450,2024-10-13 00:00:00,A,407
5879,10451,2023-11-14 00:00:00,A,141
5880,10452,2026-01-19 00:00:00,A,518
5881,10453,2025-09-29 00:00:00,A,1053
5882,10454,2025-07-24 00:00:00,C,1295
5883,10455,2025-05-08 00:00:00,A,813
5884,10456,2024-02-29 00:00:00,A,255
5885,10458,2025-05-11 00:00:00,A,243
5886,10459,2025-06-28 00:00:00,C,752
5887,10460,2024-03-16 00:00:00,C,1215
5888,10461,2026-05-22 00:00:00,A,272
5889,10462,2025-09-29 00:00:00,A,612
5890,10463,2025-09-18 00:00:00,A,16
5891,10464,2024-10-26 00:00:00,C,647
5892,10465,2025-06-29 00:00:00,A,418
5893,10466,2026-06-13 00:00:00,A,1172
5894,10468,2025-12-26 00:00:00,A,168
5895,10469,2025-07-04 00:00:00,A,450
5896,10471,2026-06-24 00:00:00,A,285
5897,10473,2026-04-18 00:00:00,A,998
5898,10474,2025-05-09 00:00:00,A,650
5899,10475,2026-07-13 00:00:00,A,1246
5900,10476,2024-12-04 00:00:00,A,694
5901,10477,2023-05-10 00:00:00,C,929
5902,10480,2025-04-06 00:00:00,A,587
5903,10482,2026-05-11 00:00:00,A,1227
5904,10483,2026-01-28 00:00:00,A,1162
5905,10484,2024-06-06 00:00:00,A,1333
5906,10485,2024-10-16 00:00:00,C,114
5907,10486,2023-06-22 00:00:00,A,932
5908,10487,2024-02-27 00:00:00,A,863
5909,10488,2025-03-06 00:00:00,A,269
5910,10492,2023-03-28 00:00:00,A,1290
5911,10493,2024-09-27 00:00:00,A,149
5912,10494,2025-11-23 00:00:00,A,894
5913,10495,2025-08-05 00:00:00,A,75
5914,10496,2026-07-13 00:00:00,C,1314
5915,10499,2025-02-03 00:00:00,A,257
5916,10500,2024-02-13 00:00:00,A,1206
5917,10501,2026-07-13 00:00:00,C,702
5918,10502,2023-10-05 00:00:00,A,745
5919,10503,2026-01-17 00:00:00,B,822
5920,10504,2026-04-16 00:00:00,C,589
5921,10505,2024-05-27 00:00:00,C,3
5922,10508,2025-07-05 00:00:00,A,1275
5923,10509,2026-01-11 00:00:00,C,38
5924,10511,2025-03-05 00:00:00,A,1150
5925,10512,2023-12-14 00:00:00,A,141
5926,10513,2026-07-13 00:00:00,C,132
5927,10515,2025-01-08 00:00:00,A,1252
5928,10516,2025-06-13 00:00:00,A,242
5929,10518,2023-07-23 00:00:00,A,839
5930,10519,2024-03-30 00:00:00,A,217
5931,10520,2025-12-26 00:00:00,A,177
5932,10523,2023-11-17 00:00:00,A,1241
5933,10525,2024-05-06 00:00:00,C,1315
5934,10528,2026-01-01 00:00:00,A,345
5935,10529,2023-08-05 00:00:00,A,886
5936,10535,2023-10-04 00:00:00,C,588
5937,10536,2025-08-10 00:00:00,A,1336
5938,10537,2026-04-03 00:00:00,A,315
5939,10538,2025-02-20 00:00:00,A,845
5940,10541,2026-05-26 00:00:00,A,1098
5941,10542,2024-02-04 00:00:00,C,617
5942,10543,2023-12-04 00:00:00,C,1209
5943,10544,2025-02-19 00:00:00,A,237
5944,10547,2023-10-08 00:00:00,A,1152
5945,10550,2025-08-25 00:00:00,A,267
5946,10551,2026-04-27 00:00:00,A,634
5947,10552,2025-04-22 00:00:00,A,1054
5948,10553,2023-09-11 00:00:00,C,935
5949,10557,2023-11-12 00:00:00,A,193
5950,10559,2025-04-27 00:00:00,A,1080
5951,10560,2024-08-16 00:00:00,A,306
5952,10562,2024-09-04 00:00:00,B,1000
5953,10563,2024-10-27 00:00:00,C,783
5954,10564,2025-09-25 00:00:00,A,1020
5955,10565,2024-01-25 00:00:00,A,166
5956,10566,2026-01-28 00:00:00,A,978
5957,10567,2026-07-13 00:00:00,C,651
5958,10569,2023-03-20 00:00:00,A,77
5959,10570,2026-03-16 00:00:00,A,529
5960,10573,2024-12-15 00:00:00,A,60
5961,10574,2023-12-08 00:00:00,A,128
5962,10577,2025-11-29 00:00:00,C,921
5963,10578,2025-10-11 00:00:00,A,7
5964,10581,2025-08-29 00:00:00,C,1046
5965,10583,2024-05-08 00:00:00,A,329
5966,10585,2026-07-13 00:00:00,A,1196
5967,10593,2024-11-06 00:00:00,A,311
5968,10597,2024-04-01 00:00:00,A,1076
5969,10601,2025-11-10 00:00:00,A,1163
5970,10602,2024-12-25 00:00:00,C,1077
5971,10603,2024-10-23 00:00:00,A,324
5972,10604,2024-10-10 00:00:00,A,540
5973,10606,2024-03-19 00:00:00,A,1262
5974,10607,2024-04-09 00:00:00,A,458
5975,10610,2023-12-31 00:00:00,C,782
5976,10611,2025-08-24 00:00:00,A,1238
5977,10612,2026-02-04 00:00:00,C,929
5978,10614,2023-11-21 00:00:00,A,816
5979,10615,2026-07-13 00:00:00,A,1326
5980,10616,2024-10-19 00:00:00,C,629
5981,10617,2024-09-19 00:00:00,A,864
5982,10619,2025-06-24 00:00:00,B,1241
5983,10620,2026-07-13 00:00:00,A,714
5984,10621,2024-05-29 00:00:00,B,682
5985,10622,2024-08-29 00:00:00,C,1072
5986,10624,2026-07-02 00:00:00,B,881
5987,10625,2026-03-06 00:00:00,A,13
5988,10626,2023-08-01 00:00:00,C,625
5989,10630,2026-02-21 00:00:00,C,997
5990,10631,2024-12-06 00:00:00,C,319
5991,10634,2025-04-29 00:00:00,B,687
5992,10635,2024-06-03 00:00:00,A,1059
5993,10638,2023-12-06 00:00:00,A,528
5994,10640,2026-06-28 00:00:00,C,166
5995,10642,2024-04-19 00:00:00,A,1038
5996,10644,2023-09-25 00:00:00,C,362
5997,10645,2026-03-08 00:00:00,A,311
5998,10649,2026-07-13 00:00:00,B,100
5999,10652,2023-12-07 00:00:00,A,1046
6000,10653,2025-06-08 00:00:00,A,557
6001,10654,2025-07-23 00:00:00,C,931
6002,10655,2024-03-04 00:00:00,C,1059
6003,10656,2023-10-24 00:00:00,C,87
6004,10658,2026-07-13 00:00:00,A,999
6005,10659,2025-03-06 00:00:00,A,50
6006,10661,2025-08-07 00:00:00,B,727
6007,10662,2023-12-29 00:00:00,A,1205
6008,10663,2025-11-02 00:00:00,C,680
6009,10666,2023-10-21 00:00:00,A,1262
6010,10667,2025-11-01 00:00:00,A,657
6011,10669,2025-02-25 00:00:00,A,497
6012,10670,2024-08-05 00:00:00,A,217
6013,10671,2024-01-02 00:00:00,A,597
6014,10672,2025-04-03 00:00:00,A,578
6015,10676,2023-09-17 00:00:00,B,103
6016,10677,2023-11-19 00:00:00,A,1253
6017,10682,2026-02-06 00:00:00,A,1299
6018,10684,2025-11-26 00:00:00,B,189
6019,10685,2023-10-26 00:00:00,C,628
6020,10687,2026-07-13 00:00:00,A,81
6021,10688,2025-05-10 00:00:00,A,441
6022,10690,2026-07-13 00:00:00,A,1068
6023,10691,2024-04-14 00:00:00,A,830
6024,10694,2024-01-20 00:00:00,A,854
6025,10695,2024-12-17 00:00:00,A,636
6026,10696,2026-06-18 00:00:00,A,1050
6027,10700,2025-02-07 00:00:00,A,615
6028,10702,2025-02-03 00:00:00,A,1070
6029,10703,2024-07-28 00:00:00,A,638
6030,10705,2026-07-13 00:00:00,C,198
6031,10708,2025-08-02 00:00:00,A,790
6032,10709,2024-05-03 00:00:00,A,1061
6033,10710,2025-03-14 00:00:00,A,5
6034,10711,2024-03-22 00:00:00,A,940
6035,10712,2024-04-18 00:00:00,A,363
6036,10714,2025-01-03 00:00:00,B,446
6037,10715,2026-03-13 00:00:00,A,214
6038,10721,2024-03-10 00:00:00,A,1111
6039,10722,2024-05-13 00:00:00,A,739
6040,10724,2026-06-27 00:00:00,A,127
6041,10730,2023-09-23 00:00:00,A,779
6042,10732,2024-08-15 00:00:00,A,386
6043,10733,2025-04-24 00:00:00,A,918
6044,10734,2024-01-14 00:00:00,A,734
6045,10736,2026-01-11 00:00:00,A,789
6046,10737,2024-10-28 00:00:00,A,1021
6047,10739,2026-07-13 00:00:00,C,532
6048,10743,2025-11-04 00:00:00,A,1285
6049,10745,2024-09-04 00:00:00,A,312
6050,10746,2023-07-14 00:00:00,A,551
6051,10747,2026-07-13 00:00:00,A,298
6052,10751,2025-06-07 00:00:00,C,1258
6053,10753,2024-12-16 00:00:00,A,984
6054,10756,2025-05-12 00:00:00,C,625
6055,10757,2024-03-16 00:00:00,A,1088
6056,10759,2026-07-13 00:00:00,B,715
6057,10764,2023-10-21 00:00:00,A,523
6058,10765,2026-03-27 00:00:00,A,153
6059,10766,2024-08-21 00:00:00,C,1292
6060,10767,2024-05-02 00:00:00,C,407
6061,10768,2024-08-10 00:00:00,A,488
6062,10769,2026-07-13 00:00:00,A,402
6063,10776,2023-10-19 00:00:00,A,851
6064,10777,2026-07-13 00:00:00,A,676
6065,10778,2023-09-25 00:00:00,A,670
6066,10779,2024-05-04 00:00:00,C,1063
6067,10780,2024-05-30 00:00:00,A,739
6068,10783,2023-09-14 00:00:00,B,225
6069,10785,2024-08-02 00:00:00,C,376
6070,10786,2025-10-11 00:00:00,A,1076
6071,10787,2026-02-14 00:00:00,A,152
6072,10788,2024-07-19 00:00:00,A,188
6073,10789,2024-03-16 00:00:00,C,613
6074,10790,2024-02-05 00:00:00,C,248
6075,10795,2024-10-06 00:00:00,A,1283
6076,10798,2023-10-28 00:00:00,A,1109
6077,10799,2023-06-26 00:00:00,A,550
6078,10800,2026-06-29 00:00:00,C,566
6079,10801,2025-09-19 00:00:00,A,177
6080,10803,2025-01-06 00:00:00,A,1247
6081,10806,2025-02-08 00:00:00,A,690
6082,10809,2025-11-12 00:00:00,B,1042
6083,10810,2023-10-10 00:00:00,A,1210
6084,10815,2025-10-18 00:00:00,A,815
6085,10818,2024-02-10 00:00:00,A,189
6086,10821,2025-08-11 00:00:00,B,900
6087,10823,2024-01-24 00:00:00,C,359
6088,10827,2026-03-08 00:00:00,C,232
6089,10829,2024-06-06 00:00:00,C,1232
6090,10831,2025-01-18 00:00:00,C,567
6091,10833,2025-09-26 00:00:00,C,1011
6092,10834,2023-09-03 00:00:00,A,1105
6093,10835,2024-01-30 00:00:00,C,131
6094,10836,2023-06-10 00:00:00,B,492
6095,10838,2025-12-26 00:00:00,C,290
6096,10839,2025-10-01 00:00:00,C,451
6097,10841,2025-12-26 00:00:00,C,1130
6098,10843,2024-06-23 00:00:00,A,427
6099,10844,2025-12-30 00:00:00,A,310
6100,10847,2026-06-21 00:00:00,A,697
6101,10848,2024-08-22 00:00:00,A,53
6102,10849,2024-02-15 00:00:00,B,595
6103,10850,2026-06-02 00:00:00,A,52
6104,10852,2025-07-10 00:00:00,A,286
6105,10855,2026-05-23 00:00:00,A,547
6106,10856,2025-06-30 00:00:00,C,1036
6107,10857,2023-09-21 00:00:00,A,1011
6108,10858,2025-05-30 00:00:00,C,1209
6109,10867,2023-05-18 00:00:00,A,589
6110,10869,2024-09-18 00:00:00,A,828
6111,10872,2025-02-06 00:00:00,B,52
6112,10873,2026-01-24 00:00:00,A,830
6113,10875,2025-07-08 00:00:00,A,76
6114,10876,2024-01-31 00:00:00,A,360
6115,10877,2026-04-11 00:00:00,C,1295
6116,10880,2026-07-13 00:00:00,A,95
6117,10881,2024-01-10 00:00:00,A,997
6118,10887,2025-12-04 00:00:00,A,375
6119,10891,2024-06-14 00:00:00,A,386
6120,10893,2026-07-13 00:00:00,B,193
6121,10895,2023-12-04 00:00:00,C,655
6122,10897,2026-02-28 00:00:00,C,54
6123,10899,2024-09-02 00:00:00,C,770
6124,10902,2024-04-18 00:00:00,A,635
6125,10903,2024-07-09 00:00:00,A,785
6126,10904,2023-08-22 00:00:00,A,847
6127,10906,2023-10-05 00:00:00,A,1090
6128,10908,2025-07-17 00:00:00,A,1174
6129,10909,2024-06-17 00:00:00,A,771
6130,10910,2026-01-31 00:00:00,A,567
6131,10912,2026-02-13 00:00:00,A,797
6132,10913,2025-11-13 00:00:00,A,325
6133,10915,2025-11-22 00:00:00,A,403
6134,10916,2024-12-24 00:00:00,A,660
6135,10917,2026-07-13 00:00:00,C,111
6136,10919,2026-07-13 00:00:00,A,428
6137,10920,2026-07-13 00:00:00,A,445
6138,10926,2024-10-26 00:00:00,A,974
6139,10927,2026-07-13 00:00:00,C,544
6140,10929,2023-09-30 00:00:00,B,834
6141,10930,2025-11-09 00:00:00,A,1072
6142,10932,2025-12-03 00:00:00,A,565
6143,10934,2023-08-02 00:00:00,A,481
6144,10935,2026-03-03 00:00:00,A,1241
6145,10936,2024-07-18 00:00:00,A,363
6146,10938,2026-05-15 00:00:00,A,1026
6147,10940,2024-05-18 00:00:00,A,1034
6148,10943,2024-12-24 00:00:00,A,806
6149,10944,2024-11-18 00:00:00,C,1186
6150,10945,2025-02-01 00:00:00,A,383
6151,10948,2026-06-01 00:00:00,C,550
6152,10950,2024-01-08 00:00:00,A,654
6153,10952,2024-04-24 00:00:00,A,182
6154,10953,2026-07-13 00:00:00,B,625
6155,10954,2025-08-25 00:00:00,B,50
6156,10955,2025-12-15 00:00:00,B,1095
6157,10958,2026-07-06 00:00:00,C,968
6158,10963,2025-06-10 00:00:00,C,969
6159,10964,2025-01-03 00:00:00,A,1192
6160,10966,2024-02-13 00:00:00,A,249
6161,10967,2023-02-06 00:00:00,A,982
6162,10968,2024-04-26 00:00:00,A,477
6163,10969,2023-10-04 00:00:00,A,74
6164,10972,2025-04-26 00:00:00,A,21
6165,10973,2025-02-20 00:00:00,A,1120
6166,10975,2025-08-31 00:00:00,A,164
6167,10976,2025-05-17 00:00:00,A,192
6168,10977,2025-10-14 00:00:00,A,872
6169,10979,2026-01-21 00:00:00,A,227
6170,10980,2024-04-06 00:00:00,B,120
6171,10981,2026-07-13 00:00:00,C,877
6172,10982,2023-11-17 00:00:00,A,235
6173,10983,2026-06-27 00:00:00,C,1255
6174,10984,2026-01-29 00:00:00,A,1323
6175,10986,2025-10-24 00:00:00,A,682
6176,10988,2025-02-23 00:00:00,A,921
6177,10989,2026-05-12 00:00:00,A,408
6178,10990,2023-12-28 00:00:00,A,768
6179,10991,2024-07-13 00:00:00,A,895
6180,10993,2026-04-06 00:00:00,B,516
6181,10994,2026-07-13 00:00:00,A,944
6182,10995,2025-08-01 00:00:00,A,643
6183,10998,2023-08-22 00:00:00,A,287
6184,10999,2024-05-08 00:00:00,A,8
6185,11001,2024-08-31 00:00:00,C,531
6186,11002,2024-08-19 00:00:00,C,791
6187,11003,2024-12-03 00:00:00,A,339
6188,11009,2024-08-07 00:00:00,A,1090
6189,11013,2025-05-06 00:00:00,A,230
6190,11015,2025-11-03 00:00:00,A,1137
6191,11017,2026-03-02 00:00:00,A,231
6192,11021,2023-09-06 00:00:00,B,581
6193,11022,2023-12-18 00:00:00,C,156
6194,11023,2024-11-15 00:00:00,C,1030
6195,11024,2024-04-26 00:00:00,A,70
6196,11025,2023-05-15 00:00:00,A,1202
6197,11027,2023-12-18 00:00:00,C,293
6198,11028,2025-09-20 00:00:00,A,1323
6199,11029,2023-09-29 00:00:00,A,654
6200,11031,2025-07-14 00:00:00,C,800
6201,11032,2025-04-23 00:00:00,A,729
6202,11033,2024-10-03 00:00:00,A,186
6203,11034,2024-05-01 00:00:00,A,184
6204,11036,2024-05-07 00:00:00,C,136
6205,11038,2023-07-06 00:00:00,A,370
6206,11041,2024-06-04 00:00:00,C,947
6207,11042,2024-12-02 00:00:00,A,423
6208,11043,2025-10-13 00:00:00,A,187
6209,11045,2023-09-21 00:00:00,A,242
6210,11046,2026-07-13 00:00:00,A,1075
6211,11047,2023-08-15 00:00:00,A,1159
6212,11048,2024-03-20 00:00:00,A,651
6213,11049,2024-08-03 00:00:00,A,608
6214,11050,2025-09-01 00:00:00,C,315
6215,11051,2026-07-13 00:00:00,A,876
6216,11053,2024-04-26 00:00:00,A,4
6217,11055,2024-11-25 00:00:00,A,1142
6218,11056,2025-02-24 00:00:00,A,1112
6219,11058,2025-07-20 00:00:00,A,712
6220,11060,2024-01-01 00:00:00,A,225
6221,11061,2026-02-13 00:00:00,B,252
6222,11062,2025-02-21 00:00:00,A,663
6223,11063,2026-01-06 00:00:00,A,1036
6224,11064,2025-03-20 00:00:00,A,1170
6225,11066,2026-05-16 00:00:00,A,1050
6226,11067,2023-06-16 00:00:00,A,704
6227,11068,2026-07-13 00:00:00,A,70
6228,11069,2024-04-23 00:00:00,A,838
6229,11070,2026-07-13 00:00:00,A,257
6230,11072,2024-11-01 00:00:00,A,1162
6231,11074,2024-06-14 00:00:00,A,630
6232,11075,2023-11-09 00:00:00,A,1189
6233,11078,2026-07-13 00:00:00,C,872
6234,11080,2026-02-07 00:00:00,A,649
6235,11082,2025-09-06 00:00:00,A,576
6236,11085,2026-03-17 00:00:00,A,656
6237,11086,2026-07-13 00:00:00,B,282
6238,11092,2024-10-15 00:00:00,B,962
6239,11093,2025-07-03 00:00:00,A,729
6240,11096,2025-09-08 00:00:00,A,159
6241,11100,2026-07-13 00:00:00,A,294
6242,11101,2025-11-17 00:00:00,A,117
6243,11104,2024-09-29 00:00:00,A,469
6244,11106,2025-11-18 00:00:00,B,1103
6245,11107,2025-08-05 00:00:00,A,907
6246,11108,2025-06-30 00:00:00,C,672
6247,11109,2026-07-13 00:00:00,A,643
6248,11111,2025-12-04 00:00:00,A,458
6249,11113,2025-02-20 00:00:00,A,3
6250,11114,2025-05-21 00:00:00,A,1025
6251,11115,2023-12-12 00:00:00,C,494
6252,11116,2026-03-16 00:00:00,A,1105
6253,11117,2024-08-08 00:00:00,A,217
6254,11119,2026-07-13 00:00:00,C,1032
6255,11120,2024-09-20 00:00:00,A,311
6256,11121,2024-08-16 00:00:00,A,969
6257,11122,2025-04-24 00:00:00,A,85
6258,11124,2025-11-15 00:00:00,A,1217
6259,11126,2025-03-16 00:00:00,A,444
6260,11128,2026-07-13 00:00:00,A,1294
6261,11129,2025-05-07 00:00:00,A,1113
6262,11130,2026-04-27 00:00:00,A,305
6263,11131,2023-09-24 00:00:00,B,361
6264,11132,2025-04-13 00:00:00,A,426
6265,11133,2025-05-11 00:00:00,C,4
6266,11134,2025-02-13 00:00:00,A,875
6267,11135,2026-04-18 00:00:00,C,275
6268,11136,2026-04-10 00:00:00,C,1260
6269,11137,2026-07-13 00:00:00,C,538
6270,11138,2025-12-24 00:00:00,A,1313
6271,11139,2026-01-17 00:00:00,C,1143
6272,11147,2026-03-08 00:00:00,A,4
6273,11149,2026-03-08 00:00:00,A,1020
6274,11151,2024-03-13 00:00:00,A,947
6275,11152,2026-05-13 00:00:00,A,819
6276,11154,2024-04-22 00:00:00,C,1157
6277,11155,2024-11-07 00:00:00,A,456
6278,11158,2024-07-18 00:00:00,A,1175
6279,11159,2025-02-15 00:00:00,A,153
6280,11160,2026-03-23 00:00:00,C,334
6281,11161,2023-08-16 00:00:00,A,1068
6282,11164,2023-03-21 00:00:00,A,372
6283,11166,2026-07-13 00:00:00,A,805
6284,11167,2026-07-13 00:00:00,C,685
6285,11169,2023-07-28 00:00:00,C,1320
6286,11170,2025-01-31 00:00:00,A,104
6287,11171,2025-02-22 00:00:00,A,471
6288,11174,2026-07-13 00:00:00,A,241
6289,11177,2026-07-13 00:00:00,A,1153
6290,11186,2024-04-28 00:00:00,A,540
6291,11187,2026-04-27 00:00:00,C,827
6292,11188,2026-03-15 00:00:00,C,67
6293,11189,2024-12-11 00:00:00,A,950
6294,11190,2025-08-16 00:00:00,B,1325
6295,11191,2023-02-14 00:00:00,A,514
6296,11195,2024-04-06 00:00:00,A,1090
6297,11196,2023-12-25 00:00:00,B,393
6298,11197,2023-06-23 00:00:00,A,562
6299,11199,2025-09-06 00:00:00,B,397
6300,11200,2024-05-12 00:00:00,A,780
6301,11202,2023-12-17 00:00:00,C,92
6302,11203,2026-07-01 00:00:00,A,123
6303,11204,2024-10-28 00:00:00,A,789
6304,11205,2026-01-27 00:00:00,A,695
6305,11206,2026-07-13 00:00:00,A,339
6306,11208,2026-07-13 00:00:00,C,1112
6307,11214,2026-03-02 00:00:00,A,80
6308,11215,2023-04-06 00:00:00,A,719
6309,11217,2025-07-14 00:00:00,A,682
6310,11220,2024-05-23 00:00:00,A,657
6311,11221,2025-08-18 00:00:00,A,203
6312,11225,2025-09-02 00:00:00,A,515
6313,11226,2023-07-04 00:00:00,A,268
6314,11227,2025-01-19 00:00:00,A,1103
6315,11228,2025-01-11 00:00:00,A,1033
6316,11230,2026-03-29 00:00:00,A,8
6317,11231,2024-05-11 00:00:00,C,1312
6318,11233,2023-07-12 00:00:00,C,110
6319,11234,2024-07-23 00:00:00,A,1076
6320,11235,2026-05-06 00:00:00,A,459
6321,11236,2025-07-25 00:00:00,B,1058
6322,11238,2024-11-15 00:00:00,A,715
6323,11239,2026-06-03 00:00:00,C,1231
6324,11240,2024-09-15 00:00:00,A,536
6325,11243,2025-11-27 00:00:00,A,1019
6326,11245,2024-06-07 00:00:00,B,120
6327,11249,2026-05-23 00:00:00,A,1021
6328,11250,2025-01-25 00:00:00,A,323
6329,11251,2024-01-31 00:00:00,A,849
6330,11254,2025-12-28 00:00:00,B,741
6331,11255,2024-01-07 00:00:00,A,43
6332,11257,2025-11-01 00:00:00,A,464
6333,11259,2026-07-13 00:00:00,A,678
6334,11260,2024-04-02 00:00:00,A,798
6335,11261,2023-08-03 00:00:00,A,712
6336,11263,2026-07-13 00:00:00,A,168
6337,11264,2024-03-21 00:00:00,A,902
6338,11265,2023-06-15 00:00:00,A,416
6339,11268,2024-01-28 00:00:00,A,162
6340,11271,2026-07-07 00:00:00,A,977
6341,11272,2026-03-18 00:00:00,A,670
6342,11274,2024-08-28 00:00:00,A,431
6343,11276,2023-03-28 00:00:00,A,401
6344,11277,2025-02-04 00:00:00,A,622
6345,11280,2026-02-18 00:00:00,A,392
6346,11282,2026-01-10 00:00:00,A,1300
6347,11283,2025-06-02 00:00:00,B,738
6348,11284,2025-02-12 00:00:00,A,1240
6349,11286,2024-03-07 00:00:00,A,785
6350,11287,2024-03-06 00:00:00,A,722
6351,11288,2023-09-17 00:00:00,B,139
6352,11291,2024-07-31 00:00:00,A,1068
6353,11293,2025-07-11 00:00:00,A,1077
6354,11295,2025-10-04 00:00:00,A,187
6355,11297,2025-09-20 00:00:00,B,155
6356,11298,2024-03-07 00:00:00,A,493
6357,11299,2024-03-01 00:00:00,C,1120
6358,11301,2025-09-01 00:00:00,C,1303
6359,11302,2025-10-10 00:00:00,C,18
6360,11303,2025-09-07 00:00:00,C,854
6361,11304,2025-12-20 00:00:00,B,985
6362,11305,2023-05-28 00:00:00,A,125
6363,11306,2026-03-09 00:00:00,C,1330
6364,11310,2024-11-15 00:00:00,A,895
6365,11313,2026-01-31 00:00:00,A,1317
6366,11314,2024-05-02 00:00:00,A,100
6367,11315,2026-07-13 00:00:00,C,893
6368,11318,2023-07-17 00:00:00,A,957
6369,11319,2024-03-25 00:00:00,C,224
6370,11320,2024-08-24 00:00:00,A,276
6371,11321,2026-07-13 00:00:00,B,159
6372,11322,2026-07-13 00:00:00,A,1189
6373,11324,2025-01-20 00:00:00,A,860
6374,11325,2024-03-10 00:00:00,A,196
6375,11331,2024-10-23 00:00:00,C,85
6376,11333,2026-07-13 00:00:00,A,1077
6377,11334,2026-01-06 00:00:00,A,7
6378,11336,2026-07-13 00:00:00,C,49
6379,11338,2026-07-13 00:00:00,A,1113
6380,11339,2026-07-13 00:00:00,A,721
6381,11342,2023-12-19 00:00:00,C,159
6382,11344,2023-10-26 00:00:00,A,182
6383,11345,2025-09-02 00:00:00,A,162
6384,11348,2025-11-20 00:00:00,A,737
6385,11349,2026-07-07 00:00:00,A,1051
6386,11351,2024-09-26 00:00:00,B,956
6387,11353,2025-09-17 00:00:00,A,636
6388,11354,2025-07-03 00:00:00,A,227
6389,11356,2026-07-13 00:00:00,A,1037
6390,11358,2026-07-13 00:00:00,A,356
6391,11363,2025-12-03 00:00:00,B,638
6392,11365,2024-03-03 00:00:00,B,673
6393,11367,2026-07-13 00:00:00,A,657
6394,11369,2025-04-29 00:00:00,C,656
6395,11370,2025-05-17 00:00:00,A,234
6396,11373,2023-11-05 00:00:00,A,1145
6397,11374,2024-09-30 00:00:00,B,567
6398,11375,2025-05-30 00:00:00,A,1306
6399,11377,2026-02-06 00:00:00,A,569
6400,11378,2025-01-19 00:00:00,C,1031
6401,11380,2024-03-12 00:00:00,C,35
6402,11381,2026-06-27 00:00:00,A,286
6403,11383,2025-08-19 00:00:00,C,222
6404,11385,2025-01-16 00:00:00,C,294
6405,11387,2024-04-29 00:00:00,A,1328
6406,11388,2026-07-13 00:00:00,A,637
6407,11389,2024-04-08 00:00:00,A,354
6408,11390,2023-04-16 00:00:00,B,597
6409,11394,2024-09-19 00:00:00,A,1100
6410,11396,2026-01-27 00:00:00,B,933
6411,11397,2026-03-05 00:00:00,A,212
6412,11398,2025-12-08 00:00:00,A,730
6413,11399,2026-07-13 00:00:00,A,389
6414,11400,2024-06-16 00:00:00,A,422
6415,11402,2026-01-22 00:00:00,A,54
6416,11403,2025-11-23 00:00:00,C,921
6417,11404,2025-01-20 00:00:00,A,122
6418,11408,2025-03-17 00:00:00,A,990
6419,11411,2026-01-05 00:00:00,A,543
6420,11412,2024-08-14 00:00:00,B,186
6421,11414,2023-11-03 00:00:00,A,867
6422,11415,2025-11-29 00:00:00,A,583
6423,11416,2023-05-03 00:00:00,A,422
6424,11417,2025-03-06 00:00:00,C,25
6425,11420,2023-06-22 00:00:00,C,307
6426,11422,2025-12-28 00:00:00,B,1129
6427,11423,2024-08-07 00:00:00,A,363
6428,11424,2024-07-27 00:00:00,A,1304
6429,11426,2024-11-24 00:00:00,A,392
6430,11427,2024-03-06 00:00:00,A,1122
6431,11428,2026-06-27 00:00:00,A,1078
6432,11429,2023-06-29 00:00:00,B,1064
6433,11434,2024-08-16 00:00:00,C,1159
6434,11435,2025-06-11 00:00:00,C,248
6435,11436,2024-02-29 00:00:00,C,670
6436,11438,2025-05-20 00:00:00,C,887
6437,11439,2025-03-30 00:00:00,C,793
6438,11440,2023-09-03 00:00:00,A,1285
6439,11442,2025-03-05 00:00:00,A,638
6440,11444,2025-03-16 00:00:00,C,1246
6441,11446,2025-09-10 00:00:00,C,593
6442,11448,2026-07-13 00:00:00,B,1219
6443,11449,2026-03-13 00:00:00,C,151
6444,11450,2024-06-06 00:00:00,A,1170
6445,11453,2025-10-06 00:00:00,A,3
6446,11455,2024-07-03 00:00:00,A,803
6447,11456,2024-12-23 00:00:00,C,1153
6448,11458,2025-05-05 00:00:00,C,407
6449,11459,2025-02-02 00:00:00,A,1228
6450,11464,2025-04-30 00:00:00,B,3
6451,11465,2026-02-01 00:00:00,B,723
6452,11466,2026-03-10 00:00:00,C,93
6453,11467,2023-05-13 00:00:00,A,692
6454,11469,2025-11-06 00:00:00,C,541
6455,11470,2024-09-25 00:00:00,A,882
6456,11471,2023-12-24 00:00:00,C,942
6457,11475,2024-07-05 00:00:00,A,49
6458,11476,2025-02-16 00:00:00,A,113
6459,11477,2025-08-18 00:00:00,A,402
6460,11478,2024-07-22 00:00:00,A,829
6461,11480,2024-08-30 00:00:00,A,923
6462,11481,2025-12-01 00:00:00,B,1051
6463,11483,2024-02-24 00:00:00,A,379
6464,11484,2024-11-10 00:00:00,C,619
6465,11485,2025-09-12 00:00:00,A,1279
6466,11486,2025-06-16 00:00:00,B,338
6467,11487,2026-01-05 00:00:00,A,1274
6468,11490,2024-08-29 00:00:00,A,37
6469,11493,2026-07-13 00:00:00,A,779
6470,11494,2024-08-11 00:00:00,A,850
6471,11496,2024-06-27 00:00:00,A,1299
6472,11499,2025-09-24 00:00:00,B,716
6473,11501,2025-01-03 00:00:00,A,610
6474,11502,2025-12-31 00:00:00,A,19
6475,11504,2025-05-07 00:00:00,A,1221
6476,11507,2025-04-10 00:00:00,A,228
6477,11508,2024-12-02 00:00:00,C,22
6478,11510,2026-07-13 00:00:00,A,457
6479,11511,2024-03-11 00:00:00,A,1058
6480,11514,2025-03-12 00:00:00,A,1148
6481,11515,2026-04-21 00:00:00,A,1188
6482,11516,2026-05-04 00:00:00,B,411
6483,11517,2026-07-13 00:00:00,C,1197
6484,11519,2025-11-21 00:00:00,A,867
6485,11520,2023-12-29 00:00:00,C,896
6486,11521,2025-11-19 00:00:00,A,132
6487,11526,2023-04-17 00:00:00,A,560
6488,11528,2025-07-29 00:00:00,B,1120
6489,11529,2024-01-23 00:00:00,A,940
6490,11531,2023-07-29 00:00:00,A,972
6491,11533,2025-04-26 00:00:00,C,600
6492,11534,2025-12-25 00:00:00,C,1151
6493,11538,2023-11-16 00:00:00,A,666
6494,11539,2026-05-15 00:00:00,A,1122
6495,11540,2025-09-23 00:00:00,A,1221
6496,11541,2026-04-20 00:00:00,A,948
6497,11542,2026-04-22 00:00:00,A,484
6498,11544,2024-01-09 00:00:00,A,758
6499,11545,2025-09-29 00:00:00,A,512
6500,11546,2024-06-16 00:00:00,A,787
6501,11547,2023-08-11 00:00:00,A,291
6502,11549,2025-04-21 00:00:00,A,723
6503,11553,2024-05-22 00:00:00,C,183
6504,11556,2025-03-22 00:00:00,A,159
6505,11557,2026-01-15 00:00:00,C,1151
6506,11559,2023-05-25 00:00:00,A,96
6507,11560,2025-09-12 00:00:00,A,230
6508,11562,2025-12-04 00:00:00,C,608
6509,11563,2025-06-22 00:00:00,A,1161
6510,11564,2023-11-28 00:00:00,A,250
6511,11565,2025-10-17 00:00:00,A,507
6512,11566,2026-03-02 00:00:00,A,908
6513,11568,2026-04-06 00:00:00,A,580
6514,11569,2023-08-27 00:00:00,A,608
6515,11570,2025-12-16 00:00:00,B,204
6516,11572,2025-12-30 00:00:00,A,252
6517,11573,2025-12-15 00:00:00,B,499
6518,11575,2025-02-18 00:00:00,C,327
6519,11576,2025-08-19 00:00:00,A,900
6520,11579,2026-06-10 00:00:00,A,663
6521,11583,2026-04-20 00:00:00,B,219
6522,11584,2025-02-10 00:00:00,C,103
6523,11585,2024-02-23 00:00:00,A,1052
6524,11587,2023-08-18 00:00:00,A,1055
6525,11589,2024-07-12 00:00:00,A,772
6526,11591,2025-01-20 00:00:00,A,434
6527,11592,2025-05-28 00:00:00,A,1019
6528,11596,2023-12-05 00:00:00,B,751
6529,11597,2023-08-31 00:00:00,A,39
6530,11598,2025-01-07 00:00:00,A,1130
6531,11599,2025-07-07 00:00:00,A,475
6532,11600,2025-10-29 00:00:00,A,607
6533,11605,2026-02-13 00:00:00,A,735
6534,11607,2024-08-28 00:00:00,A,936
6535,11609,2023-11-25 00:00:00,A,696
6536,11611,2024-08-16 00:00:00,B,49
6537,11612,2024-02-06 00:00:00,C,422
6538,11614,2023-09-10 00:00:00,A,784
6539,11619,2024-09-22 00:00:00,A,1044
6540,11620,2024-01-20 00:00:00,A,1209
6541,11621,2025-07-03 00:00:00,C,271
6542,11625,2023-10-29 00:00:00,A,1299
6543,11627,2024-07-19 00:00:00,A,657
6544,11628,2025-07-10 00:00:00,A,940
6545,11630,2025-07-11 00:00:00,A,942
6546,11638,2026-07-03 00:00:00,A,631
6547,11639,2025-10-16 00:00:00,B,1124
6548,11643,2026-04-07 00:00:00,A,377
6549,11644,2024-12-28 00:00:00,B,1307
6550,11645,2023-11-12 00:00:00,A,58
6551,11646,2025-12-21 00:00:00,A,815
6552,11649,2024-02-16 00:00:00,A,1005
6553,11652,2026-07-13 00:00:00,C,1209
6554,11653,2023-04-27 00:00:00,A,225
6555,11654,2025-12-16 00:00:00,A,18
6556,11655,2024-08-22 00:00:00,A,512
6557,11657,2024-07-17 00:00:00,A,973
6558,11659,2024-12-06 00:00:00,A,1133
6559,11661,2025-10-17 00:00:00,A,533
6560,11663,2023-05-12 00:00:00,A,967
6561,11664,2025-02-16 00:00:00,A,755
6562,11665,2023-06-18 00:00:00,A,696
6563,11666,2024-11-26 00:00:00,A,989
6564,11669,2025-03-10 00:00:00,A,1038
6565,11670,2024-02-14 00:00:00,A,640
6566,11671,2025-07-27 00:00:00,A,210
6567,11673,2025-08-03 00:00:00,A,18
6568,11674,2025-04-25 00:00:00,A,428
6569,11675,2024-09-20 00:00:00,A,378
6570,11676,2024-12-28 00:00:00,A,1282
6571,11677,2024-04-15 00:00:00,A,1002
6572,11678,2025-11-01 00:00:00,C,356
6573,11679,2026-07-13 00:00:00,C,1168
6574,11680,2023-07-12 00:00:00,A,736
6575,11681,2026-07-13 00:00:00,A,433
6576,11688,2024-06-29 00:00:00,A,1183
6577,11691,2024-05-08 00:00:00,B,807
6578,11694,2025-08-23 00:00:00,A,863
6579,11707,2025-02-07 00:00:00,A,622
6580,11708,2025-03-08 00:00:00,A,333
6581,11709,2026-07-13 00:00:00,C,1297
6582,11711,2025-10-08 00:00:00,C,47
6583,11712,2024-06-07 00:00:00,A,339
6584,11713,2023-08-31 00:00:00,C,1152
6585,11714,2025-07-11 00:00:00,A,801
6586,11715,2026-07-09 00:00:00,A,1139
6587,11716,2025-05-25 00:00:00,A,1072
6588,11719,2026-07-01 00:00:00,A,765
6589,11720,2023-12-21 00:00:00,A,277
6590,11724,2026-07-13 00:00:00,C,1089
6591,11726,2025-12-30 00:00:00,A,892
6592,11727,2023-10-11 00:00:00,C,1278
6593,11728,2024-03-15 00:00:00,A,827
6594,11729,2024-05-07 00:00:00,A,980
6595,11730,2024-06-05 00:00:00,A,90
6596,11731,2023-10-17 00:00:00,A,230
6597,11732,2023-12-07 00:00:00,A,638
6598,11733,2025-02-02 00:00:00,A,228
6599,11734,2024-05-02 00:00:00,A,553
6600,11735,2026-06-08 00:00:00,B,177
6601,11736,2026-07-13 00:00:00,A,295
6602,11737,2023-09-17 00:00:00,A,415
6603,11739,2025-10-03 00:00:00,A,621
6604,11740,2023-05-06 00:00:00,B,1043
6605,11743,2026-02-27 00:00:00,C,104
6606,11744,2024-10-21 00:00:00,B,1029
6607,11745,2025-09-17 00:00:00,A,1083
6608,11747,2024-10-13 00:00:00,A,805
6609,11748,2024-09-28 00:00:00,A,672
6610,11749,2024-10-30 00:00:00,B,876
6611,11750,2023-06-06 00:00:00,A,1138
6612,11752,2026-07-13 00:00:00,C,1018
6613,11754,2024-01-16 00:00:00,C,1073
6614,11755,2026-07-13 00:00:00,A,490
6615,11757,2025-05-01 00:00:00,A,295
6616,11758,2026-04-30 00:00:00,C,1111
6617,11759,2026-07-13 00:00:00,A,1208
6618,11760,2026-07-13 00:00:00,C,1053
6619,11761,2025-10-28 00:00:00,A,1205
6620,11763,2024-01-26 00:00:00,A,403
6621,11764,2025-07-31 00:00:00,A,1282
6622,11767,2024-01-29 00:00:00,C,171
6623,11768,2024-05-25 00:00:00,A,1003
6624,11769,2026-06-11 00:00:00,B,1161
6625,11772,2026-01-11 00:00:00,A,1137
6626,11774,2024-03-25 00:00:00,A,654
6627,11776,2024-08-26 00:00:00,A,726
6628,11777,2025-12-02 00:00:00,A,1314
6629,11780,2023-06-07 00:00:00,B,1019
6630,11781,2024-05-02 00:00:00,A,1132
6631,11783,2026-04-01 00:00:00,A,702
6632,11785,2026-01-08 00:00:00,C,57
6633,11786,2024-09-24 00:00:00,C,1316
6634,11788,2025-05-29 00:00:00,A,468
6635,11791,2024-09-03 00:00:00,A,293
6636,11792,2024-01-30 00:00:00,A,1308
6637,11793,2025-01-26 00:00:00,C,1027
6638,11794,2024-10-21 00:00:00,C,465
6639,11797,2026-03-21 00:00:00,B,981
6640,11800,2026-01-12 00:00:00,C,945
6641,11801,2025-12-13 00:00:00,A,1213
6642,11803,2025-07-30 00:00:00,B,112
6643,11804,2024-09-16 00:00:00,A,933
6644,11805,2023-08-12 00:00:00,C,400
6645,11809,2024-10-09 00:00:00,A,674
6646,11813,2023-12-24 00:00:00,A,763
6647,11814,2025-03-11 00:00:00,C,337
6648,11815,2023-02-17 00:00:00,A,195
6649,11819,2025-05-21 00:00:00,A,128
6650,11820,2026-06-15 00:00:00,A,1064
6651,11822,2025-07-12 00:00:00,B,251
6652,11825,2024-10-01 00:00:00,A,268
6653,11826,2024-12-22 00:00:00,A,1225
6654,11827,2023-12-22 00:00:00,A,1261
6655,11829,2025-04-12 00:00:00,A,198
6656,11830,2024-03-30 00:00:00,C,1016
6657,11832,2026-07-13 00:00:00,C,827
6658,11833,2026-07-13 00:00:00,A,997
6659,11834,2026-07-13 00:00:00,C,896
6660,11836,2026-04-04 00:00:00,A,374
6661,11837,2026-07-13 00:00:00,A,318
6662,11838,2026-02-05 00:00:00,A,1014
6663,11839,2026-07-01 00:00:00,A,967
6664,11843,2025-10-13 00:00:00,A,550
6665,11844,2026-07-13 00:00:00,A,935
6666,11847,2024-06-16 00:00:00,A,1075
6667,11851,2023-11-09 00:00:00,A,1054
6668,11852,2025-12-13 00:00:00,A,1053
6669,11853,2024-05-19 00:00:00,C,612
6670,11854,2023-12-21 00:00:00,A,1288
6671,11857,2024-03-27 00:00:00,A,741
6672,11858,2025-10-03 00:00:00,A,1017
6673,11859,2023-11-28 00:00:00,B,175
6674,11860,2026-06-08 00:00:00,A,730
6675,11862,2023-06-25 00:00:00,A,216
6676,11863,2025-03-18 00:00:00,C,693
6677,11864,2025-03-26 00:00:00,A,1175
6678,11865,2024-01-31 00:00:00,A,609
6679,11866,2024-10-13 00:00:00,A,504
6680,11868,2025-02-01 00:00:00,C,1294
6681,11872,2025-12-17 00:00:00,A,1020
6682,11873,2025-03-11 00:00:00,A,894
6683,11876,2025-12-12 00:00:00,A,746
6684,11877,2024-04-11 00:00:00,A,1320
6685,11879,2024-11-28 00:00:00,A,4
6686,11883,2023-11-02 00:00:00,A,804
6687,11885,2026-01-08 00:00:00,A,1277
6688,11886,2026-02-15 00:00:00,A,1056
6689,11887,2026-03-26 00:00:00,A,64
6690,11888,2024-04-15 00:00:00,A,1213
6691,11889,2023-10-12 00:00:00,A,415
6692,11893,2025-06-04 00:00:00,B,934
6693,11894,2024-08-31 00:00:00,A,1010
6694,11895,2023-07-11 00:00:00,A,1192
6695,11896,2023-07-07 00:00:00,A,1050
6696,11897,2025-10-14 00:00:00,A,1234
6697,11898,2025-05-18 00:00:00,A,966
6698,11900,2024-04-22 00:00:00,C,881
6699,11905,2025-02-06 00:00:00,C,505
6700,11908,2024-10-02 00:00:00,B,163
6701,11909,2026-07-13 00:00:00,C,1191
6702,11910,2023-09-05 00:00:00,A,727
6703,11911,2025-02-27 00:00:00,C,1112
6704,11912,2024-12-05 00:00:00,A,225
6705,11913,2026-07-13 00:00:00,A,236
6706,11914,2026-03-28 00:00:00,C,850
6707,11915,2026-01-02 00:00:00,A,266
6708,11916,2026-02-18 00:00:00,B,698
6709,11918,2023-12-20 00:00:00,A,335
6710,11920,2025-04-10 00:00:00,A,798
6711,11921,2025-10-13 00:00:00,C,915
6712,11922,2024-03-06 00:00:00,A,373
6713,11923,2024-06-27 00:00:00,C,761
6714,11924,2026-07-13 00:00:00,B,570
6715,11925,2024-01-02 00:00:00,C,1114
6716,11928,2026-07-13 00:00:00,A,1126
6717,11930,2024-04-18 00:00:00,A,181
6718,11931,2026-07-13 00:00:00,B,1088
6719,11932,2024-03-19 00:00:00,A,710
6720,11934,2026-07-13 00:00:00,A,483
6721,11939,2024-05-16 00:00:00,A,1054
6722,11943,2025-03-06 00:00:00,A,256
6723,11945,2025-05-28 00:00:00,A,249
6724,11946,2024-01-28 00:00:00,A,91
6725,11951,2024-03-20 00:00:00,A,199
6726,11952,2024-11-24 00:00:00,A,1020
6727,11954,2026-03-17 00:00:00,C,1041
6728,11958,2024-03-13 00:00:00,C,1253
6729,11959,2023-09-02 00:00:00,B,1252
6730,11962,2025-08-17 00:00:00,A,1056
6731,11963,2024-03-21 00:00:00,C,296
6732,11964,2023-06-18 00:00:00,A,811
6733,11965,2025-04-29 00:00:00,A,335
6734,11967,2023-08-01 00:00:00,C,686
6735,11968,2024-05-19 00:00:00,A,1295
6736,11969,2023-11-24 00:00:00,A,548
6737,11971,2025-01-27 00:00:00,A,449
6738,11972,2025-01-22 00:00:00,A,1090
6739,11974,2023-11-27 00:00:00,A,634
6740,11976,2026-07-13 00:00:00,A,816
6741,11977,2025-09-08 00:00:00,C,279
6742,11978,2024-10-13 00:00:00,A,255
6743,11980,2024-04-01 00:00:00,C,915
6744,11981,2024-07-08 00:00:00,A,952
6745,11983,2025-05-18 00:00:00,C,420
6746,11984,2026-05-25 00:00:00,A,829
6747,11985,2023-09-09 00:00:00,A,1247
6748,11988,2025-02-11 00:00:00,A,691
6749,11989,2024-06-17 00:00:00,A,99
6750,11999,2025-03-05 00:00:00,A,1232
6751,12001,2026-04-14 00:00:00,A,23
6752,12002,2024-02-23 00:00:00,A,1001
6753,12005,2025-05-11 00:00:00,C,1059
6754,12006,2024-02-06 00:00:00,B,800
6755,12008,2025-07-27 00:00:00,A,325
6756,12010,2026-03-01 00:00:00,A,961
6757,12011,2023-05-24 00:00:00,B,621
6758,12016,2023-11-02 00:00:00,C,87
6759,12020,2025-09-24 00:00:00,A,660
6760,12021,2023-12-05 00:00:00,A,125
6761,12022,2024-03-07 00:00:00,C,450
6762,12023,2025-06-24 00:00:00,A,422
6763,12025,2025-05-11 00:00:00,A,1090
6764,12030,2025-01-21 00:00:00,C,728
6765,12032,2026-06-29 00:00:00,A,881
6766,12034,2025-08-12 00:00:00,A,504
6767,12035,2023-09-29 00:00:00,A,933
6768,12036,2026-03-06 00:00:00,A,1296
6769,12037,2025-12-22 00:00:00,A,255
6770,12038,2025-02-03 00:00:00,A,650
6771,12039,2026-05-01 00:00:00,C,243
6772,12041,2023-10-09 00:00:00,A,194
6773,12042,2024-04-04 00:00:00,A,1151
6774,12043,2024-02-11 00:00:00,A,455
6775,12047,2025-08-12 00:00:00,A,1024
6776,12048,2023-11-27 00:00:00,A,955
6777,12049,2025-12-09 00:00:00,C,468
6778,12050,2023-10-23 00:00:00,A,429
6779,12051,2024-07-26 00:00:00,A,165
6780,12052,2023-09-14 00:00:00,A,506
6781,12053,2023-11-17 00:00:00,B,953
6782,12056,2024-01-01 00:00:00,A,1113
6783,12058,2024-04-23 00:00:00,A,584
6784,12062,2024-02-01 00:00:00,A,777
6785,12063,2026-06-15 00:00:00,A,880
6786,12064,2024-07-30 00:00:00,A,88
6787,12065,2024-09-09 00:00:00,A,1164
6788,12066,2026-07-13 00:00:00,A,924
6789,12069,2025-03-15 00:00:00,A,1289
6790,12071,2025-01-14 00:00:00,A,369
6791,12072,2024-07-09 00:00:00,A,913
6792,12079,2023-10-05 00:00:00,A,802
6793,12082,2026-03-02 00:00:00,C,218
6794,12083,2026-04-21 00:00:00,A,663
6795,12084,2026-06-17 00:00:00,A,68
6796,12086,2025-10-22 00:00:00,A,361
6797,12087,2024-03-07 00:00:00,B,860
6798,12088,2026-05-16 00:00:00,A,124
6799,12090,2025-03-26 00:00:00,A,585
6800,12092,2026-01-25 00:00:00,A,1093
6801,12093,2025-11-06 00:00:00,A,989
6802,12095,2026-05-15 00:00:00,A,1085
6803,12096,2025-10-17 00:00:00,A,298
6804,12099,2026-07-13 00:00:00,A,99
6805,12100,2023-07-11 00:00:00,A,300
6806,12101,2025-09-09 00:00:00,A,363
6807,12102,2026-05-10 00:00:00,A,433
6808,12106,2026-07-10 00:00:00,A,1078
6809,12107,2026-04-19 00:00:00,A,91
6810,12108,2025-09-14 00:00:00,A,178
6811,12110,2024-03-21 00:00:00,A,885
6812,12113,2025-04-09 00:00:00,A,1043
6813,12114,2024-09-21 00:00:00,C,16
6814,12115,2023-11-23 00:00:00,A,129
6815,12116,2025-01-13 00:00:00,A,108
6816,12117,2026-05-29 00:00:00,A,176
6817,12119,2024-05-13 00:00:00,A,761
6818,12121,2024-02-02 00:00:00,B,40
6819,12124,2024-11-06 00:00:00,A,88
6820,12125,2023-10-11 00:00:00,B,299
6821,12129,2023-09-16 00:00:00,C,662
6822,12130,2026-07-13 00:00:00,A,994
6823,12132,2025-04-12 00:00:00,A,291
6824,12133,2024-12-13 00:00:00,A,53
6825,12134,2026-02-14 00:00:00,C,278
6826,12137,2026-03-29 00:00:00,A,677
6827,12138,2023-03-13 00:00:00,B,33
6828,12139,2025-08-02 00:00:00,A,542
6829,12140,2025-08-27 00:00:00,A,720
6830,12141,2024-01-20 00:00:00,B,454
6831,12144,2026-04-30 00:00:00,C,793
6832,12145,2024-08-13 00:00:00,C,1297
6833,12146,2025-04-15 00:00:00,A,1007
6834,12147,2024-09-05 00:00:00,A,905
6835,12149,2025-06-14 00:00:00,A,563
6836,12152,2025-06-24 00:00:00,C,982
6837,12154,2023-05-28 00:00:00,A,486
6838,12156,2024-09-02 00:00:00,A,820
6839,12159,2026-07-13 00:00:00,C,1292
6840,12160,2026-02-14 00:00:00,A,246
6841,12162,2024-03-22 00:00:00,A,1093
6842,12163,2026-06-04 00:00:00,A,428
6843,12164,2026-07-13 00:00:00,A,424
6844,12166,2026-02-18 00:00:00,A,143
6845,12167,2023-12-02 00:00:00,A,12
6846,12168,2024-12-14 00:00:00,B,373
6847,12170,2023-12-22 00:00:00,C,310
6848,12171,2025-03-15 00:00:00,A,1102
6849,12174,2024-04-08 00:00:00,A,901
6850,12180,2024-05-09 00:00:00,C,779
6851,12181,2026-07-13 00:00:00,A,71
6852,12184,2025-11-27 00:00:00,A,893
6853,12185,2024-07-24 00:00:00,A,1151
6854,12186,2025-10-27 00:00:00,A,586
6855,12187,2025-12-21 00:00:00,A,458
6856,12188,2024-06-20 00:00:00,A,1029
6857,12189,2026-04-14 00:00:00,A,145
6858,12190,2023-05-23 00:00:00,B,612
6859,12191,2024-06-13 00:00:00,C,380
6860,12192,2025-08-03 00:00:00,A,228
6861,12193,2025-12-19 00:00:00,A,1080
6862,12194,2024-06-06 00:00:00,A,247
6863,12195,2025-04-28 00:00:00,B,9
6864,12196,2023-06-16 00:00:00,A,187
6865,12198,2024-09-15 00:00:00,C,287
6866,12199,2024-04-30 00:00:00,A,444
6867,12201,2024-08-05 00:00:00,A,895
6868,12203,2025-08-06 00:00:00,A,953
6869,12205,2025-03-05 00:00:00,A,897
6870,12207,2025-04-03 00:00:00,A,1203
6871,12208,2023-05-29 00:00:00,A,654
6872,12209,2023-08-23 00:00:00,A,1232
6873,12210,2024-12-07 00:00:00,A,660
6874,12211,2026-07-13 00:00:00,A,588
6875,12213,2024-11-17 00:00:00,A,360
6876,12215,2026-07-13 00:00:00,A,1117
6877,12216,2023-06-20 00:00:00,A,259
6878,12217,2024-10-31 00:00:00,A,1016
6879,12218,2025-07-19 00:00:00,A,1213
6880,12222,2026-01-19 00:00:00,A,585
6881,12225,2024-12-13 00:00:00,A,478
6882,12227,2025-04-04 00:00:00,A,765
6883,12228,2024-08-18 00:00:00,A,58
6884,12233,2025-02-28 00:00:00,C,86
6885,12234,2024-04-13 00:00:00,B,572
6886,12235,2024-04-29 00:00:00,A,240
6887,12237,2023-10-27 00:00:00,A,924
6888,12238,2024-10-15 00:00:00,B,1142
6889,12239,2025-10-02 00:00:00,A,501
6890,12244,2024-03-07 00:00:00,C,1171
6891,12245,2024-01-15 00:00:00,A,609
6892,12246,2024-12-22 00:00:00,A,680
6893,12249,2023-03-27 00:00:00,A,950
6894,12250,2025-06-28 00:00:00,A,688
6895,12251,2026-04-16 00:00:00,A,890
6896,12253,2026-07-13 00:00:00,A,539
6897,12254,2026-07-13 00:00:00,A,912
6898,12258,2024-07-23 00:00:00,A,257
6899,12259,2024-05-14 00:00:00,A,908
6900,12262,2025-10-05 00:00:00,C,1116
6901,12263,2024-05-08 00:00:00,A,444
6902,12264,2024-05-18 00:00:00,A,922
6903,12265,2023-09-18 00:00:00,A,1234
6904,12266,2024-10-02 00:00:00,B,533
6905,12268,2024-05-20 00:00:00,A,1056
6906,12269,2026-07-13 00:00:00,C,843
6907,12272,2024-10-16 00:00:00,A,967
6908,12273,2023-11-08 00:00:00,A,942
6909,12274,2023-05-06 00:00:00,A,540
6910,12277,2023-12-27 00:00:00,A,166
6911,12279,2023-05-23 00:00:00,A,57
6912,12280,2025-03-12 00:00:00,C,602
6913,12281,2024-11-13 00:00:00,A,238
6914,12282,2023-10-23 00:00:00,B,58
6915,12283,2026-07-13 00:00:00,C,496
6916,12284,2023-11-17 00:00:00,A,113
6917,12285,2024-06-06 00:00:00,A,57
6918,12287,2025-11-12 00:00:00,A,167
6919,12289,2026-02-09 00:00:00,A,260
6920,12290,2026-05-08 00:00:00,C,354
6921,12291,2024-05-24 00:00:00,A,1165
6922,12292,2024-11-25 00:00:00,A,1135
6923,12293,2026-07-13 00:00:00,A,28
6924,12294,2026-05-07 00:00:00,A,714
6925,12296,2024-03-31 00:00:00,A,1173
6926,12299,2026-07-13 00:00:00,C,257
6927,12300,2025-11-08 00:00:00,A,1053
6928,12303,2024-05-21 00:00:00,A,452
6929,12306,2025-07-19 00:00:00,C,1004
6930,12307,2024-02-18 00:00:00,A,405
6931,12308,2024-03-20 00:00:00,A,261
6932,12309,2026-07-13 00:00:00,A,1055
6933,12312,2024-05-15 00:00:00,A,117
6934,12316,2024-11-26 00:00:00,C,339
6935,12318,2025-03-14 00:00:00,A,711
6936,12320,2023-03-10 00:00:00,A,433
6937,12321,2024-05-15 00:00:00,A,481
6938,12322,2024-09-08 00:00:00,A,650
6939,12323,2025-05-30 00:00:00,A,73
6940,12325,2025-05-02 00:00:00,B,328
6941,12326,2024-07-03 00:00:00,A,339
6942,12327,2025-02-21 00:00:00,C,114
6943,12329,2023-06-08 00:00:00,A,173
6944,12330,2025-08-16 00:00:00,A,896
6945,12331,2024-12-11 00:00:00,A,459
6946,12335,2023-10-01 00:00:00,A,897
6947,12336,2025-09-30 00:00:00,B,915
6948,12338,2025-09-25 00:00:00,C,1030
6949,12339,2025-07-21 00:00:00,B,975
6950,12340,2024-05-23 00:00:00,A,805
6951,12341,2024-09-13 00:00:00,A,63
6952,12343,2023-11-21 00:00:00,C,611
6953,12344,2024-08-23 00:00:00,A,258
6954,12345,2023-09-17 00:00:00,A,355
6955,12347,2026-07-13 00:00:00,A,792
6956,12349,2024-10-03 00:00:00,A,847
6957,12350,2025-09-12 00:00:00,A,1198
6958,12353,2026-03-11 00:00:00,A,1221
6959,12354,2026-07-13 00:00:00,C,560
6960,12355,2024-12-24 00:00:00,A,534
6961,12357,2026-07-13 00:00:00,A,922
6962,12360,2024-09-23 00:00:00,C,989
6963,12361,2024-09-23 00:00:00,A,1170
6964,12364,2024-12-04 00:00:00,A,1188
6965,12366,2025-12-06 00:00:00,A,1223
6966,12367,2025-06-03 00:00:00,A,597
6967,12370,2024-10-22 00:00:00,C,944
6968,12371,2025-05-14 00:00:00,A,1205
6969,12374,2026-07-10 00:00:00,A,1187
6970,12377,2026-07-03 00:00:00,A,599
6971,12379,2024-08-26 00:00:00,A,976
6972,12382,2025-04-16 00:00:00,C,473
6973,12384,2026-01-16 00:00:00,A,1226
6974,12386,2023-06-06 00:00:00,A,1034
6975,12388,2024-04-15 00:00:00,C,618
6976,12389,2026-07-13 00:00:00,A,736
6977,12391,2025-05-04 00:00:00,A,742
6978,12396,2024-05-20 00:00:00,A,1063
6979,12398,2026-07-13 00:00:00,C,1209
6980,12402,2023-05-15 00:00:00,A,740
6981,12403,2026-02-05 00:00:00,A,201
6982,12406,2025-11-17 00:00:00,C,1281
6983,12407,2025-01-27 00:00:00,A,58
6984,12408,2026-07-13 00:00:00,A,681
6985,12412,2026-07-13 00:00:00,A,338
6986,12413,2024-03-24 00:00:00,C,211
6987,12414,2023-07-30 00:00:00,A,251
6988,12415,2024-08-17 00:00:00,A,1047
6989,12418,2024-11-04 00:00:00,A,728
6990,12420,2025-01-16 00:00:00,A,551
6991,12424,2026-02-21 00:00:00,A,652
6992,12428,2023-12-22 00:00:00,A,203
6993,12429,2025-12-12 00:00:00,A,372
6994,12430,2026-04-15 00:00:00,A,317
6995,12431,2023-09-15 00:00:00,B,102
6996,12434,2026-01-27 00:00:00,C,997
6997,12438,2024-11-23 00:00:00,C,812
6998,12440,2024-12-09 00:00:00,C,1298
6999,12441,2026-06-06 00:00:00,A,15
7000,12442,2026-07-13 00:00:00,B,251
7001,12443,2023-09-26 00:00:00,C,298
7002,12444,2024-07-09 00:00:00,A,1260
7003,12445,2023-09-21 00:00:00,A,233
7004,12446,2024-09-28 00:00:00,B,301
7005,12449,2025-12-06 00:00:00,C,1332
7006,12451,2023-07-20 00:00:00,A,783
7007,12452,2026-07-13 00:00:00,A,245
7008,12454,2024-11-29 00:00:00,A,1296
7009,12455,2026-07-13 00:00:00,A,1200
7010,12456,2024-09-03 00:00:00,A,93
7011,12458,2026-04-20 00:00:00,A,343
7012,12459,2024-07-05 00:00:00,A,589
7013,12462,2026-02-13 00:00:00,A,687
7014,12463,2024-08-20 00:00:00,B,269
7015,12466,2024-04-14 00:00:00,A,845
7016,12467,2026-07-13 00:00:00,A,381
7017,12469,2023-08-26 00:00:00,A,1047
7018,12470,2024-07-06 00:00:00,B,1054
7019,12471,2024-01-24 00:00:00,C,1006
7020,12474,2023-06-06 00:00:00,C,1308
7021,12478,2024-04-10 00:00:00,A,275
7022,12479,2024-11-23 00:00:00,A,79
7023,12482,2025-09-03 00:00:00,B,769
7024,12483,2024-05-18 00:00:00,A,405
7025,12487,2026-04-07 00:00:00,A,561
7026,12489,2026-07-13 00:00:00,A,419
7027,12490,2026-07-13 00:00:00,B,288
7028,12492,2026-02-23 00:00:00,C,551
7029,12493,2025-07-27 00:00:00,A,446
7030,12494,2026-07-13 00:00:00,A,495
7031,12496,2026-04-22 00:00:00,C,133
7032,12497,2025-01-09 00:00:00,A,1321
7033,12499,2024-07-20 00:00:00,A,286
7034,12501,2024-11-09 00:00:00,B,763
7035,12502,2026-07-13 00:00:00,C,1089
7036,12503,2023-11-28 00:00:00,A,655
7037,12504,2025-11-17 00:00:00,C,348
7038,12505,2024-10-20 00:00:00,A,695
7039,12506,2024-06-15 00:00:00,A,337
7040,12507,2023-08-19 00:00:00,A,753
7041,12508,2023-05-09 00:00:00,A,1240
7042,12510,2023-06-14 00:00:00,A,872
7043,12512,2026-06-03 00:00:00,A,446
7044,12513,2024-11-18 00:00:00,A,1287
7045,12516,2026-07-13 00:00:00,A,126
7046,12521,2024-03-04 00:00:00,C,778
7047,12522,2023-06-12 00:00:00,A,52
7048,12523,2025-11-11 00:00:00,A,1027
7049,12524,2024-11-10 00:00:00,A,200
7050,12525,2023-10-26 00:00:00,A,826
7051,12526,2025-09-05 00:00:00,C,839
7052,12527,2025-03-02 00:00:00,A,280
7053,12528,2026-07-13 00:00:00,A,472
7054,12529,2025-11-25 00:00:00,C,910
7055,12530,2025-08-20 00:00:00,A,183
7056,12533,2025-12-12 00:00:00,A,1140
7057,12535,2025-03-16 00:00:00,A,304
7058,12536,2026-06-10 00:00:00,C,814
7059,12537,2023-12-20 00:00:00,A,423
7060,12538,2024-10-15 00:00:00,A,746
7061,12539,2026-07-04 00:00:00,A,754
7062,12540,2026-07-13 00:00:00,C,65
7063,12543,2023-10-31 00:00:00,A,608
7064,12544,2023-08-09 00:00:00,A,493
7065,12548,2023-12-23 00:00:00,A,1224
7066,12550,2026-04-27 00:00:00,A,1187
7067,12551,2024-12-27 00:00:00,A,1008
7068,12553,2025-05-01 00:00:00,A,1229
7069,12554,2024-09-06 00:00:00,A,410
7070,12555,2024-03-21 00:00:00,A,1109
7071,12557,2023-10-28 00:00:00,C,396
7072,12558,2024-12-12 00:00:00,A,245
7073,12561,2025-06-08 00:00:00,A,319
7074,12562,2025-06-24 00:00:00,C,1076
7075,12565,2023-04-20 00:00:00,B,796
7076,12567,2025-03-14 00:00:00,A,979
7077,12568,2025-03-31 00:00:00,A,137
7078,12569,2026-05-02 00:00:00,A,849
7079,12570,2025-11-17 00:00:00,B,683
7080,12575,2023-11-06 00:00:00,A,424
7081,12576,2024-12-10 00:00:00,A,828
7082,12577,2025-09-15 00:00:00,A,940
7083,12581,2024-08-28 00:00:00,A,417
7084,12582,2024-06-04 00:00:00,A,530
7085,12584,2025-03-02 00:00:00,B,532
7086,12589,2024-01-19 00:00:00,A,975
7087,12591,2024-02-12 00:00:00,A,1014
7088,12592,2026-07-13 00:00:00,A,1116
7089,12594,2026-07-13 00:00:00,A,1103
7090,12595,2024-03-26 00:00:00,A,1206
7091,12596,2025-07-02 00:00:00,C,261
7092,12597,2026-03-23 00:00:00,C,640
7093,12598,2025-09-24 00:00:00,A,103
7094,12603,2026-06-23 00:00:00,C,1059
7095,12604,2023-09-09 00:00:00,A,1240
7096,12605,2026-01-29 00:00:00,B,56
7097,12607,2023-06-27 00:00:00,B,794
7098,12608,2025-05-08 00:00:00,C,950
7099,12610,2024-05-28 00:00:00,A,20
7100,12611,2024-08-16 00:00:00,A,23
7101,12613,2023-12-05 00:00:00,A,685
7102,12615,2023-10-20 00:00:00,C,875
7103,12616,2025-04-15 00:00:00,C,97
7104,12617,2025-06-23 00:00:00,A,39
7105,12618,2026-01-05 00:00:00,A,922
7106,12620,2024-10-15 00:00:00,A,899
7107,12621,2024-10-04 00:00:00,A,1197
7108,12622,2026-02-23 00:00:00,A,1052
7109,12624,2024-08-26 00:00:00,A,1143
7110,12625,2026-07-13 00:00:00,C,1158
7111,12627,2023-11-13 00:00:00,A,221
7112,12629,2025-06-14 00:00:00,A,1268
7113,12630,2025-12-21 00:00:00,A,165
7114,12631,2026-03-15 00:00:00,A,334
7115,12632,2023-12-06 00:00:00,A,717
7116,12633,2025-05-31 00:00:00,A,1177
7117,12636,2026-07-13 00:00:00,A,59
7118,12638,2026-02-26 00:00:00,A,693
7119,12643,2025-07-19 00:00:00,A,687
7120,12644,2026-03-05 00:00:00,A,1034
7121,12646,2026-05-16 00:00:00,A,348
7122,12647,2026-02-25 00:00:00,A,278
7123,12648,2026-03-25 00:00:00,A,1049
7124,12649,2026-05-30 00:00:00,C,1117
7125,12650,2025-03-11 00:00:00,A,948
7126,12651,2024-03-19 00:00:00,A,582
7127,12652,2026-03-05 00:00:00,A,108
7128,12653,2024-03-27 00:00:00,A,244
7129,12654,2025-12-06 00:00:00,B,1174
7130,12655,2023-10-11 00:00:00,A,1011
7131,12658,2026-07-13 00:00:00,A,727
7132,12659,2026-06-03 00:00:00,C,729
7133,12660,2025-02-14 00:00:00,A,1086
7134,12661,2026-02-03 00:00:00,A,879
7135,12665,2025-12-09 00:00:00,A,71
7136,12668,2024-11-12 00:00:00,A,258
7137,12669,2024-11-08 00:00:00,C,604
7138,12671,2025-06-26 00:00:00,A,1107
7139,12672,2024-01-06 00:00:00,A,734
7140,12673,2023-12-29 00:00:00,A,378
7141,12674,2024-07-18 00:00:00,A,61
7142,12677,2024-08-29 00:00:00,A,84
7143,12679,2026-03-12 00:00:00,A,524
7144,12680,2024-11-12 00:00:00,A,1050
7145,12681,2024-07-16 00:00:00,A,1014
7146,12682,2026-07-13 00:00:00,A,358
7147,12683,2025-08-20 00:00:00,C,535
7148,12684,2025-12-11 00:00:00,A,251
7149,12686,2024-09-18 00:00:00,A,192
7150,12687,2024-02-09 00:00:00,C,73
7151,12692,2026-07-13 00:00:00,C,1007
7152,12693,2024-04-25 00:00:00,A,491
7153,12694,2025-12-22 00:00:00,A,1106
7154,12695,2025-02-18 00:00:00,A,1072
7155,12699,2026-07-06 00:00:00,A,329
7156,12700,2023-10-03 00:00:00,A,611
7157,12701,2023-09-26 00:00:00,A,13
7158,12702,2025-11-21 00:00:00,C,1277
7159,12703,2024-02-25 00:00:00,A,133
7160,12704,2023-04-19 00:00:00,A,670
7161,12705,2023-11-30 00:00:00,C,1221
7162,12706,2026-04-01 00:00:00,A,689
7163,12707,2023-11-09 00:00:00,C,410
7164,12708,2026-07-13 00:00:00,C,11
7165,12710,2025-10-21 00:00:00,A,840
7166,12713,2024-10-27 00:00:00,C,416
7167,12714,2023-05-20 00:00:00,A,444
7168,12715,2026-05-31 00:00:00,A,1210
7169,12716,2025-07-27 00:00:00,A,1129
7170,12718,2024-01-01 00:00:00,A,153
7171,12722,2025-03-08 00:00:00,A,946
7172,12725,2024-05-03 00:00:00,C,162
7173,12726,2024-09-01 00:00:00,A,68
7174,12730,2024-05-13 00:00:00,C,137
7175,12732,2024-02-14 00:00:00,B,353
7176,12734,2025-05-03 00:00:00,C,810
7177,12735,2025-07-19 00:00:00,A,709
7178,12737,2023-10-22 00:00:00,A,586
7179,12739,2024-03-18 00:00:00,A,167
7180,12740,2026-07-13 00:00:00,C,926
7181,12745,2023-12-07 00:00:00,A,734
7182,12748,2025-04-06 00:00:00,B,438
7183,12749,2024-09-13 00:00:00,C,201
7184,12752,2024-09-05 00:00:00,A,923
7185,12753,2024-11-10 00:00:00,C,468
7186,12760,2026-07-13 00:00:00,C,405
7187,12762,2025-12-01 00:00:00,C,428
7188,12763,2023-04-30 00:00:00,A,1197
7189,12764,2026-01-26 00:00:00,B,153
7190,12765,2026-01-08 00:00:00,A,616
7191,12766,2026-07-13 00:00:00,A,797
7192,12767,2023-12-18 00:00:00,A,609
7193,12768,2026-07-13 00:00:00,C,987
7194,12769,2024-03-01 00:00:00,A,1249
7195,12771,2024-06-27 00:00:00,A,537
7196,12772,2024-07-21 00:00:00,A,387
7197,12773,2026-03-14 00:00:00,A,111
7198,12774,2024-12-21 00:00:00,C,1249
7199,12775,2026-07-13 00:00:00,A,915
7200,12776,2024-02-01 00:00:00,C,305
7201,12777,2025-06-03 00:00:00,C,274
7202,12778,2025-08-03 00:00:00,A,736
7203,12779,2025-08-13 00:00:00,A,1100
7204,12780,2025-03-24 00:00:00,A,355
7205,12784,2025-08-01 00:00:00,A,947
7206,12787,2025-08-07 00:00:00,C,67
7207,12788,2025-06-21 00:00:00,A,794
7208,12789,2026-02-05 00:00:00,C,699
7209,12791,2023-07-23 00:00:00,A,78
7210,12793,2026-07-13 00:00:00,A,549
7211,12794,2024-02-29 00:00:00,A,497
7212,12795,2025-10-03 00:00:00,B,693
7213,12798,2023-12-07 00:00:00,A,114
7214,12802,2024-05-22 00:00:00,A,1319
7215,12804,2026-07-13 00:00:00,A,1120
7216,12805,2023-10-21 00:00:00,A,517
7217,12806,2024-04-08 00:00:00,C,1321
7218,12809,2024-10-07 00:00:00,C,648
7219,12810,2024-02-09 00:00:00,A,329
7220,12811,2023-05-31 00:00:00,A,772
7221,12812,2024-01-06 00:00:00,B,956
7222,12813,2024-08-06 00:00:00,A,799
7223,12814,2024-08-09 00:00:00,A,1302
7224,12815,2023-11-05 00:00:00,A,77
7225,12817,2025-04-19 00:00:00,A,1103
7226,12820,2025-12-02 00:00:00,B,19
7227,12823,2023-09-05 00:00:00,A,489
7228,12824,2025-06-13 00:00:00,A,1063
7229,12825,2024-01-08 00:00:00,A,1221
7230,12826,2025-09-15 00:00:00,B,1079
7231,12829,2024-07-02 00:00:00,C,126
7232,12830,2025-03-19 00:00:00,A,222
7233,12834,2024-05-13 00:00:00,C,338
7234,12835,2026-07-13 00:00:00,A,1250
7235,12837,2025-08-08 00:00:00,A,929
7236,12838,2024-03-08 00:00:00,A,931
7237,12839,2025-01-08 00:00:00,A,641
7238,12840,2025-01-21 00:00:00,C,1098
7239,12841,2025-06-03 00:00:00,A,855
7240,12843,2025-09-16 00:00:00,A,822
7241,12845,2025-02-22 00:00:00,A,226
7242,12846,2023-06-26 00:00:00,A,604
7243,12848,2024-08-10 00:00:00,C,521
7244,12850,2025-05-15 00:00:00,A,688
7245,12852,2024-11-11 00:00:00,A,1304
7246,12853,2026-07-13 00:00:00,A,1266
7247,12854,2023-08-06 00:00:00,C,1046
7248,12855,2023-11-19 00:00:00,A,907
7249,12857,2023-08-31 00:00:00,A,196
7250,12859,2023-08-04 00:00:00,B,729
7251,12860,2024-05-02 00:00:00,A,110
7252,12861,2023-04-20 00:00:00,A,483
7253,12862,2023-07-07 00:00:00,B,1231
7254,12863,2025-09-10 00:00:00,A,656
7255,12864,2026-07-13 00:00:00,A,17
7256,12865,2025-01-29 00:00:00,A,1101
7257,12867,2026-02-18 00:00:00,A,669
7258,12868,2025-11-19 00:00:00,A,582
7259,12869,2025-06-18 00:00:00,B,225
7260,12872,2026-07-13 00:00:00,A,1196
7261,12873,2023-09-26 00:00:00,C,700
7262,12875,2025-08-27 00:00:00,B,253
7263,12877,2024-07-12 00:00:00,A,123
7264,12878,2025-11-11 00:00:00,A,17
7265,12879,2025-08-09 00:00:00,C,848
7266,12880,2024-08-13 00:00:00,A,292
7267,12881,2025-09-09 00:00:00,A,362
7268,12882,2023-05-10 00:00:00,A,707
7269,12883,2023-08-22 00:00:00,A,579
7270,12886,2025-12-05 00:00:00,B,841
7271,12888,2026-05-08 00:00:00,A,1019
7272,12890,2025-12-01 00:00:00,A,81
7273,12891,2026-03-10 00:00:00,A,47
7274,12892,2023-11-30 00:00:00,A,493
7275,12893,2025-02-21 00:00:00,A,1127
7276,12894,2026-04-02 00:00:00,A,1042
7277,12896,2025-03-10 00:00:00,A,124
7278,12898,2026-06-16 00:00:00,C,296
7279,12900,2024-11-27 00:00:00,A,445
7280,12901,2024-08-30 00:00:00,A,351
7281,12902,2025-05-05 00:00:00,A,56
7282,12903,2026-02-15 00:00:00,A,269
7283,12909,2026-06-03 00:00:00,A,258
7284,12911,2025-11-18 00:00:00,A,275
7285,12912,2024-05-16 00:00:00,B,533
7286,12914,2023-08-31 00:00:00,A,727
7287,12915,2023-05-12 00:00:00,A,559
7288,12917,2024-03-03 00:00:00,A,634
7289,12920,2025-06-03 00:00:00,A,201
7290,12921,2025-07-21 00:00:00,A,954
7291,12926,2024-05-25 00:00:00,A,1082
7292,12928,2024-10-20 00:00:00,C,81
7293,12929,2024-08-14 00:00:00,A,1307
7294,12931,2024-05-30 00:00:00,C,1116
7295,12932,2025-04-09 00:00:00,B,647
7296,12933,2025-12-27 00:00:00,A,736
7297,12934,2026-03-21 00:00:00,C,905
7298,12936,2026-06-10 00:00:00,A,1173
7299,12940,2025-03-06 00:00:00,A,336
7300,12941,2025-10-15 00:00:00,A,1180
7301,12942,2025-08-12 00:00:00,B,776
7302,12944,2024-07-03 00:00:00,B,1103
7303,12946,2023-05-07 00:00:00,C,453
7304,12949,2025-07-21 00:00:00,A,357
7305,12950,2024-04-07 00:00:00,A,1131
7306,12951,2024-03-15 00:00:00,A,217
7307,12952,2025-10-28 00:00:00,C,190
7308,12953,2026-06-06 00:00:00,A,858
7309,12955,2025-06-26 00:00:00,A,303
7310,12956,2023-11-09 00:00:00,A,582
7311,12961,2024-11-05 00:00:00,A,793
7312,12963,2024-10-20 00:00:00,A,1244
7313,12965,2024-08-28 00:00:00,A,451
7314,12967,2025-08-21 00:00:00,B,60
7315,12968,2025-08-22 00:00:00,B,246
7316,12969,2026-07-13 00:00:00,A,685
7317,12970,2025-04-14 00:00:00,C,1151
7318,12971,2023-10-07 00:00:00,A,1055
7319,12972,2026-07-13 00:00:00,A,1262
7320,12973,2023-08-26 00:00:00,A,970
7321,12974,2026-01-28 00:00:00,A,1234
7322,12975,2025-03-09 00:00:00,A,350
7323,12977,2025-04-08 00:00:00,A,1204
7324,12980,2024-05-27 00:00:00,A,913
7325,12982,2025-06-27 00:00:00,A,848
7326,12983,2025-05-11 00:00:00,A,176
7327,12984,2025-06-26 00:00:00,A,487
7328,12989,2025-06-06 00:00:00,A,857
7329,12992,2023-06-12 00:00:00,B,544
7330,12993,2026-07-13 00:00:00,C,128
7331,12994,2025-10-05 00:00:00,A,668
7332,12997,2024-03-17 00:00:00,A,1210
7333,12998,2026-07-13 00:00:00,B,216
7334,12999,2023-10-07 00:00:00,A,429
7335,13001,2025-02-26 00:00:00,A,1
7336,13003,2026-02-01 00:00:00,A,1020
7337,13004,2025-04-11 00:00:00,B,374
7338,13005,2023-12-17 00:00:00,C,186
7339,13007,2026-01-02 00:00:00,C,1005
7340,13012,2026-03-15 00:00:00,A,907
7341,13014,2023-08-30 00:00:00,A,663
7342,13015,2024-01-19 00:00:00,A,856
7343,13016,2026-05-04 00:00:00,A,1179
7344,13017,2025-06-01 00:00:00,A,201
7345,13020,2025-09-16 00:00:00,C,821
7346,13022,2025-04-16 00:00:00,A,923
7347,13023,2024-05-16 00:00:00,A,893
7348,13024,2024-04-03 00:00:00,B,887
7349,13025,2023-12-29 00:00:00,C,1197
7350,13026,2025-03-04 00:00:00,A,795
7351,13028,2025-12-11 00:00:00,C,649
7352,13032,2026-06-18 00:00:00,A,729
7353,13034,2026-07-13 00:00:00,A,1217
7354,13037,2025-12-20 00:00:00,A,140
7355,13038,2025-03-18 00:00:00,A,1088
7356,13041,2023-10-05 00:00:00,C,597
7357,13042,2025-12-28 00:00:00,A,87
7358,13044,2024-07-27 00:00:00,A,1066
7359,13048,2026-07-13 00:00:00,A,1104
7360,13049,2026-07-13 00:00:00,B,99
7361,13050,2025-09-07 00:00:00,B,731
7362,13051,2025-03-14 00:00:00,A,463
7363,13052,2025-11-26 00:00:00,A,1143
7364,13053,2025-09-07 00:00:00,A,189
7365,13054,2023-10-27 00:00:00,B,1163
7366,13056,2025-11-26 00:00:00,A,1050
7367,13057,2026-01-29 00:00:00,B,385
7368,13058,2026-06-18 00:00:00,C,837
7369,13059,2026-03-05 00:00:00,A,24
7370,13061,2025-04-15 00:00:00,A,793
7371,13062,2026-07-13 00:00:00,A,1156
7372,13063,2025-06-26 00:00:00,C,205
7373,13064,2023-09-02 00:00:00,C,1227
7374,13065,2026-07-13 00:00:00,A,187
7375,13066,2024-09-11 00:00:00,C,86
7376,13067,2026-01-11 00:00:00,A,64
7377,13069,2024-01-07 00:00:00,A,335
7378,13072,2026-03-08 00:00:00,A,1068
7379,13073,2023-11-29 00:00:00,A,322
7380,13075,2023-04-29 00:00:00,A,211
7381,13076,2024-09-11 00:00:00,A,999
7382,13080,2026-01-01 00:00:00,A,193
7383,13081,2024-02-26 00:00:00,A,690
7384,13082,2024-10-05 00:00:00,A,263
7385,13085,2025-03-01 00:00:00,A,230
7386,13086,2026-07-13 00:00:00,A,471
7387,13087,2024-10-22 00:00:00,A,627
7388,13090,2024-12-15 00:00:00,A,267
7389,13091,2025-01-24 00:00:00,C,486
7390,13093,2023-10-31 00:00:00,A,1259
7391,13095,2025-03-15 00:00:00,A,1178
7392,13096,2024-03-21 00:00:00,A,1128
7393,13099,2025-02-08 00:00:00,A,549
7394,13100,2024-12-23 00:00:00,A,920
7395,13101,2026-07-13 00:00:00,C,803
7396,13104,2023-07-28 00:00:00,B,1080
7397,13105,2025-11-29 00:00:00,A,865
7398,13106,2024-11-25 00:00:00,A,203
7399,13107,2024-11-03 00:00:00,A,560
7400,13108,2025-08-03 00:00:00,A,72
7401,13109,2023-05-18 00:00:00,A,100
7402,13113,2025-10-17 00:00:00,A,920
7403,13115,2024-04-07 00:00:00,A,196
7404,13116,2023-11-24 00:00:00,A,1078
7405,13119,2023-06-19 00:00:00,A,660
7406,13120,2026-06-26 00:00:00,C,798
7407,13122,2025-02-05 00:00:00,A,152
7408,13123,2025-09-13 00:00:00,C,954
7409,13125,2026-07-13 00:00:00,A,990
7410,13128,2024-08-28 00:00:00,C,1181
7411,13130,2026-04-14 00:00:00,C,816
7412,13131,2024-03-07 00:00:00,C,501
7413,13133,2023-02-27 00:00:00,A,392
7414,13134,2024-09-09 00:00:00,A,871
7415,13138,2025-07-10 00:00:00,C,733
7416,13141,2026-01-01 00:00:00,A,72
7417,13145,2026-06-30 00:00:00,A,451
7418,13150,2026-07-13 00:00:00,B,664
7419,13152,2023-07-19 00:00:00,A,399
7420,13155,2026-07-13 00:00:00,A,100
7421,13158,2023-08-12 00:00:00,A,880
7422,13160,2024-05-12 00:00:00,A,222
7423,13161,2024-09-14 00:00:00,C,37
7424,13163,2026-07-13 00:00:00,B,666
7425,13169,2025-04-21 00:00:00,B,205
7426,13171,2024-11-18 00:00:00,A,337
7427,13173,2024-08-06 00:00:00,C,5
7428,13175,2024-04-19 00:00:00,C,1089
7429,13179,2024-05-23 00:00:00,A,603
7430,13182,2023-09-18 00:00:00,A,1164
7431,13184,2024-02-17 00:00:00,B,847
7432,13187,2025-05-12 00:00:00,B,353
7433,13190,2023-08-25 00:00:00,A,607
7434,13191,2023-06-26 00:00:00,A,211
7435,13194,2025-03-07 00:00:00,A,1176
7436,13195,2026-03-07 00:00:00,A,92
7437,13196,2023-10-21 00:00:00,C,275
7438,13201,2026-04-14 00:00:00,C,745
7439,13203,2026-05-04 00:00:00,A,172
7440,13205,2024-08-29 00:00:00,B,142
7441,13207,2026-07-13 00:00:00,A,715
7442,13208,2023-08-26 00:00:00,A,658
7443,13209,2026-03-07 00:00:00,B,1135
7444,13210,2026-02-21 00:00:00,C,177
7445,13211,2025-07-31 00:00:00,C,220
7446,13213,2026-07-13 00:00:00,C,718
7447,13214,2024-06-07 00:00:00,B,42
7448,13215,2026-03-16 00:00:00,B,1077
7449,13216,2023-10-05 00:00:00,B,433
7450,13218,2026-04-01 00:00:00,A,443
7451,13219,2024-08-13 00:00:00,A,1190
7452,13220,2023-05-18 00:00:00,A,24
7453,13222,2026-07-13 00:00:00,A,952
7454,13223,2024-08-28 00:00:00,A,978
7455,13224,2025-06-05 00:00:00,C,301
7456,13226,2026-07-13 00:00:00,A,495
7457,13227,2023-08-25 00:00:00,A,628
7458,13229,2025-11-30 00:00:00,C,715
7459,13231,2025-01-10 00:00:00,B,156
7460,13235,2025-02-12 00:00:00,A,707
7461,13236,2024-01-01 00:00:00,A,1203
7462,13237,2023-07-15 00:00:00,B,618
7463,13238,2024-12-19 00:00:00,A,1227
7464,13240,2025-12-15 00:00:00,A,254
7465,13243,2026-01-01 00:00:00,A,157
7466,13245,2026-06-20 00:00:00,A,1247
7467,13246,2024-12-29 00:00:00,C,1213
7468,13250,2024-12-12 00:00:00,A,800
7469,13252,2025-02-01 00:00:00,C,1195
7470,13253,2023-09-20 00:00:00,A,131
7471,13254,2024-11-16 00:00:00,A,347
7472,13255,2024-03-26 00:00:00,A,1285
7473,13256,2024-09-14 00:00:00,A,1166
7474,13259,2026-03-22 00:00:00,A,492
7475,13261,2026-07-13 00:00:00,A,236
7476,13263,2024-03-05 00:00:00,A,235
7477,13264,2024-02-27 00:00:00,C,500
7478,13266,2024-07-31 00:00:00,B,789
7479,13267,2024-04-30 00:00:00,B,138
7480,13268,2025-12-09 00:00:00,B,328
7481,13269,2023-11-22 00:00:00,A,1020
7482,13271,2025-04-18 00:00:00,A,983
7483,13272,2024-04-13 00:00:00,A,734
7484,13273,2024-04-14 00:00:00,A,1050
7485,13276,2023-11-02 00:00:00,A,259
7486,13277,2026-03-22 00:00:00,A,249
7487,13279,2025-02-25 00:00:00,B,203
7488,13281,2024-09-11 00:00:00,C,355
7489,13282,2026-05-17 00:00:00,A,375
7490,13283,2026-07-13 00:00:00,A,266
7491,13284,2023-07-13 00:00:00,A,810
7492,13286,2023-10-06 00:00:00,A,147
7493,13287,2026-02-16 00:00:00,B,1222
7494,13288,2026-07-13 00:00:00,A,211
7495,13289,2024-08-04 00:00:00,B,683
7496,13291,2024-07-18 00:00:00,B,316
7497,13293,2026-07-13 00:00:00,A,1062
7498,13296,2025-07-15 00:00:00,C,710
7499,13298,2026-01-10 00:00:00,A,284
7500,13299,2024-07-02 00:00:00,A,323
7501,13300,2026-07-13 00:00:00,C,353
7502,13301,2024-02-23 00:00:00,A,1185
7503,13304,2023-07-16 00:00:00,B,1261
7504,13305,2024-04-01 00:00:00,A,1320
7505,13306,2025-09-16 00:00:00,A,1205
7506,13308,2025-09-04 00:00:00,A,334
7507,13310,2024-12-22 00:00:00,C,603
7508,13311,2024-02-20 00:00:00,A,242
7509,13312,2025-11-08 00:00:00,B,1063
7510,13314,2025-12-26 00:00:00,B,165
7511,13316,2023-11-16 00:00:00,C,858
7512,13318,2025-07-28 00:00:00,C,834
7513,13319,2026-05-05 00:00:00,A,59
7514,13324,2026-02-20 00:00:00,C,971
7515,13325,2026-07-13 00:00:00,A,310
7516,13329,2024-06-18 00:00:00,A,868
7517,13330,2023-08-29 00:00:00,A,745
7518,13333,2024-03-08 00:00:00,A,996
7519,13334,2024-12-24 00:00:00,A,628
7520,13335,2024-10-10 00:00:00,A,460
7521,13336,2026-07-13 00:00:00,A,696
7522,13339,2024-07-18 00:00:00,C,875
7523,13340,2026-07-13 00:00:00,A,68
7524,13341,2025-07-23 00:00:00,C,992
7525,13344,2024-12-07 00:00:00,A,1111
7526,13345,2025-04-11 00:00:00,A,662
7527,13346,2026-04-07 00:00:00,B,7
7528,13349,2023-11-08 00:00:00,A,580
7529,13350,2024-08-30 00:00:00,A,896
7530,13352,2025-10-18 00:00:00,B,719
7531,13354,2025-10-09 00:00:00,C,105
7532,13356,2023-07-29 00:00:00,A,791
7533,13358,2024-09-18 00:00:00,A,434
7534,13359,2025-02-08 00:00:00,A,1205
7535,13360,2023-10-05 00:00:00,C,192
7536,13363,2023-10-13 00:00:00,C,840
7537,13364,2023-09-29 00:00:00,A,1144
7538,13365,2024-08-12 00:00:00,C,341
7539,13366,2026-07-05 00:00:00,A,440
7540,13367,2023-07-27 00:00:00,A,548
7541,13369,2025-12-03 00:00:00,A,332
7542,13370,2025-05-27 00:00:00,A,482
7543,13371,2026-07-13 00:00:00,A,168
7544,13372,2025-12-19 00:00:00,A,535
7545,13376,2025-08-27 00:00:00,A,696
7546,13378,2026-05-01 00:00:00,A,998
7547,13380,2025-07-25 00:00:00,C,1221
7548,13382,2025-11-19 00:00:00,A,538
7549,13384,2025-07-16 00:00:00,B,1273
7550,13385,2023-07-22 00:00:00,C,383
7551,13386,2025-04-11 00:00:00,A,203
7552,13389,2023-06-13 00:00:00,A,1294
7553,13396,2026-02-28 00:00:00,A,1214
7554,13397,2025-06-14 00:00:00,B,833
7555,13398,2024-09-25 00:00:00,A,909
7556,13399,2026-05-12 00:00:00,A,822
7557,13400,2025-08-18 00:00:00,A,19
7558,13402,2026-07-01 00:00:00,C,657
7559,13404,2026-01-08 00:00:00,A,706
7560,13407,2025-11-18 00:00:00,A,555
7561,13408,2024-08-10 00:00:00,A,647
7562,13409,2025-09-27 00:00:00,A,1095
7563,13411,2025-12-29 00:00:00,B,463
7564,13413,2025-09-13 00:00:00,A,839
7565,13414,2023-08-17 00:00:00,A,205
7566,13415,2024-11-12 00:00:00,A,385
7567,13416,2024-01-04 00:00:00,C,240
7568,13418,2025-09-06 00:00:00,A,356
7569,13419,2025-06-26 00:00:00,A,1074
7570,13420,2026-05-20 00:00:00,A,894
7571,13421,2025-02-06 00:00:00,A,183
7572,13422,2026-07-02 00:00:00,B,101
7573,13424,2023-09-30 00:00:00,A,1086
7574,13426,2025-04-22 00:00:00,C,152
7575,13429,2025-12-21 00:00:00,A,524
7576,13430,2023-12-10 00:00:00,A,549
7577,13432,2025-12-17 00:00:00,C,1080
7578,13434,2026-02-11 00:00:00,A,194
7579,13435,2024-05-25 00:00:00,A,68
7580,13436,2026-06-30 00:00:00,A,497
7581,13438,2024-04-27 00:00:00,A,338
7582,13441,2026-03-13 00:00:00,A,1316
7583,13447,2024-11-24 00:00:00,C,98
7584,13451,2026-06-26 00:00:00,A,791
7585,13453,2025-03-28 00:00:00,A,360
7586,13457,2024-10-05 00:00:00,B,1200
7587,13458,2025-02-23 00:00:00,B,153
7588,13459,2025-03-13 00:00:00,A,854
7589,13461,2026-05-20 00:00:00,A,244
7590,13464,2023-12-15 00:00:00,A,338
7591,13467,2026-04-02 00:00:00,A,861
7592,13468,2026-01-31 00:00:00,A,1209
7593,13469,2025-03-04 00:00:00,A,1168
7594,13470,2026-07-13 00:00:00,A,73
7595,13474,2025-05-22 00:00:00,C,79
7596,13475,2026-01-14 00:00:00,A,788
7597,13477,2026-07-13 00:00:00,A,127
7598,13478,2024-10-01 00:00:00,B,626
7599,13479,2023-06-12 00:00:00,A,1330
7600,13481,2024-03-28 00:00:00,A,457
7601,13482,2024-03-24 00:00:00,A,448
7602,13488,2026-04-22 00:00:00,C,471
7603,13489,2023-05-18 00:00:00,A,85
7604,13490,2023-05-09 00:00:00,A,152
7605,13491,2025-05-14 00:00:00,A,541
7606,13492,2026-07-13 00:00:00,A,872
7607,13493,2025-06-03 00:00:00,A,661
7608,13494,2025-04-12 00:00:00,A,653
7609,13498,2024-10-01 00:00:00,A,840
7610,13499,2026-03-27 00:00:00,A,99
7611,13502,2024-12-05 00:00:00,A,588
7612,13504,2026-07-13 00:00:00,C,116
7613,13507,2026-07-13 00:00:00,A,175
7614,13508,2024-11-25 00:00:00,A,1165
7615,13509,2023-12-11 00:00:00,A,1187
7616,13510,2023-08-25 00:00:00,A,45
7617,13512,2024-11-02 00:00:00,B,922
7618,13515,2026-03-09 00:00:00,C,1293
7619,13519,2026-07-13 00:00:00,C,851
7620,13521,2024-04-19 00:00:00,A,1181
7621,13522,2023-09-26 00:00:00,A,1157
7622,13525,2025-06-06 00:00:00,A,605
7623,13528,2024-08-14 00:00:00,A,788
7624,13529,2024-12-16 00:00:00,A,1007
7625,13531,2023-09-07 00:00:00,A,905
7626,13533,2024-05-31 00:00:00,A,55
7627,13534,2026-07-13 00:00:00,A,581
7628,13535,2025-05-16 00:00:00,A,1067
7629,13536,2026-04-11 00:00:00,B,881
7630,13537,2024-02-25 00:00:00,B,915
7631,13540,2024-12-09 00:00:00,A,1245
7632,13542,2026-05-22 00:00:00,A,1076
7633,13544,2025-11-08 00:00:00,A,1153
7634,13546,2025-04-25 00:00:00,C,1175
7635,13548,2025-08-08 00:00:00,A,558
7636,13549,2026-07-13 00:00:00,C,547
7637,13550,2026-07-13 00:00:00,C,987
7638,13551,2026-06-19 00:00:00,C,1126
7639,13553,2026-07-13 00:00:00,A,212
7640,13556,2023-07-28 00:00:00,B,30
7641,13557,2024-04-13 00:00:00,A,1141
7642,13558,2026-01-06 00:00:00,A,449
7643,13560,2024-12-02 00:00:00,A,464
7644,13561,2025-01-24 00:00:00,C,656
7645,13563,2023-11-13 00:00:00,A,110
7646,13564,2026-07-13 00:00:00,C,541
7647,13566,2025-03-17 00:00:00,A,899
7648,13568,2025-01-20 00:00:00,A,456
7649,13569,2024-03-23 00:00:00,B,703
7650,13570,2024-03-03 00:00:00,A,87
7651,13571,2025-08-21 00:00:00,C,580
7652,13572,2026-07-01 00:00:00,A,704
7653,13574,2026-07-13 00:00:00,A,956
7654,13575,2024-10-15 00:00:00,A,749
7655,13576,2026-02-14 00:00:00,A,669
7656,13578,2025-03-27 00:00:00,A,82
7657,13579,2024-03-22 00:00:00,A,1133
7658,13581,2025-04-25 00:00:00,A,38
7659,13582,2025-03-16 00:00:00,A,1177
7660,13585,2024-05-12 00:00:00,A,1109
7661,13586,2026-06-18 00:00:00,A,591
7662,13587,2025-05-13 00:00:00,C,1243
7663,13589,2025-06-10 00:00:00,A,678
7664,13591,2024-05-22 00:00:00,C,1241
7665,13592,2026-06-18 00:00:00,C,3
7666,13595,2023-08-02 00:00:00,A,736
7667,13596,2026-07-13 00:00:00,C,1200
7668,13597,2024-06-17 00:00:00,A,1170
7669,13601,2025-06-24 00:00:00,C,706
7670,13602,2025-11-05 00:00:00,A,76
7671,13603,2024-05-15 00:00:00,A,643
7672,13605,2024-07-11 00:00:00,C,600
7673,13607,2026-04-29 00:00:00,A,347
7674,13609,2023-09-04 00:00:00,B,375
7675,13611,2025-01-21 00:00:00,A,791
7676,13612,2026-04-28 00:00:00,A,238
7677,13615,2024-03-14 00:00:00,A,418
7678,13616,2026-04-30 00:00:00,A,542
7679,13617,2025-06-06 00:00:00,A,367
7680,13618,2026-04-01 00:00:00,A,1221
7681,13619,2024-04-06 00:00:00,A,1275
7682,13620,2024-09-21 00:00:00,A,932
7683,13621,2025-06-19 00:00:00,A,1093
7684,13622,2025-12-02 00:00:00,A,1063
7685,13623,2026-05-19 00:00:00,A,318
7686,13625,2026-07-13 00:00:00,A,1108
7687,13627,2026-07-13 00:00:00,A,249
7688,13629,2025-12-09 00:00:00,A,609
7689,13630,2026-03-22 00:00:00,A,495
7690,13634,2025-07-08 00:00:00,A,221
7691,13635,2025-01-13 00:00:00,A,596
7692,13636,2026-05-19 00:00:00,A,435
7693,13637,2024-04-03 00:00:00,A,122
7694,13639,2026-03-07 00:00:00,A,953
7695,13642,2023-08-31 00:00:00,C,663
7696,13646,2024-07-27 00:00:00,A,692
7697,13649,2024-11-27 00:00:00,A,938
7698,13652,2025-02-14 00:00:00,C,294
7699,13654,2023-07-27 00:00:00,A,540
7700,13655,2025-01-31 00:00:00,A,959
7701,13656,2025-08-10 00:00:00,A,1268
7702,13659,2024-01-04 00:00:00,A,789
7703,13660,2025-08-27 00:00:00,A,403
7704,13661,2023-10-10 00:00:00,A,500
7705,13664,2023-10-26 00:00:00,C,1042
7706,13667,2025-06-27 00:00:00,B,1108
7707,13670,2024-08-20 00:00:00,B,566
7708,13674,2024-10-05 00:00:00,C,827
7709,13676,2023-10-01 00:00:00,A,158
7710,13678,2026-07-08 00:00:00,A,676
7711,13680,2025-06-13 00:00:00,A,1042
7712,13681,2026-04-08 00:00:00,B,625
7713,13683,2024-01-23 00:00:00,A,1123
7714,13684,2025-07-22 00:00:00,A,54
7715,13685,2024-02-12 00:00:00,A,796
7716,13687,2025-09-19 00:00:00,A,818
7717,13690,2024-01-30 00:00:00,A,1314
7718,13691,2023-06-03 00:00:00,A,1050
7719,13693,2023-07-25 00:00:00,A,289
7720,13694,2023-09-01 00:00:00,C,1063
7721,13697,2026-03-03 00:00:00,A,338
7722,13698,2026-07-13 00:00:00,A,564
7723,13699,2025-08-25 00:00:00,C,26
7724,13700,2023-11-08 00:00:00,C,503
7725,13702,2026-03-31 00:00:00,A,1033
7726,13705,2026-03-18 00:00:00,A,1094
7727,13707,2023-04-12 00:00:00,A,895
7728,13708,2025-03-24 00:00:00,C,719
7729,13710,2026-07-13 00:00:00,A,49
7730,13713,2024-06-28 00:00:00,A,551
7731,13719,2024-08-01 00:00:00,A,1222
7732,13724,2024-05-02 00:00:00,A,358
7733,13726,2024-11-19 00:00:00,B,855
7734,13729,2026-07-13 00:00:00,B,140
7735,13731,2025-12-24 00:00:00,A,295
7736,13734,2025-10-05 00:00:00,A,724
7737,13736,2026-05-14 00:00:00,A,1314
7738,13738,2024-10-23 00:00:00,A,1325
7739,13740,2023-04-07 00:00:00,A,350
7740,13741,2025-04-06 00:00:00,A,211
7741,13742,2026-02-20 00:00:00,A,71
7742,13743,2026-07-13 00:00:00,A,139
7743,13744,2025-02-13 00:00:00,B,1024
7744,13745,2024-12-10 00:00:00,A,1018
7745,13746,2024-03-22 00:00:00,A,306
7746,13747,2026-07-13 00:00:00,A,455
7747,13750,2026-07-13 00:00:00,A,894
7748,13752,2024-08-07 00:00:00,B,802
7749,13753,2026-07-13 00:00:00,C,138
7750,13754,2024-04-13 00:00:00,A,666
7751,13755,2024-11-03 00:00:00,A,1042
7752,13757,2024-01-02 00:00:00,C,1022
7753,13758,2024-01-04 00:00:00,A,296
7754,13759,2023-09-17 00:00:00,A,456
7755,13762,2026-04-10 00:00:00,A,849
7756,13763,2024-08-02 00:00:00,A,827
7757,13765,2025-08-04 00:00:00,A,32
7758,13767,2024-01-21 00:00:00,A,36
7759,13769,2025-11-19 00:00:00,A,1188
7760,13771,2024-04-10 00:00:00,A,630
7761,13774,2025-01-14 00:00:00,A,353
7762,13776,2026-02-13 00:00:00,B,206
7763,13777,2025-06-21 00:00:00,B,1131
7764,13778,2025-02-01 00:00:00,C,727
7765,13779,2024-06-12 00:00:00,A,299
7766,13782,2023-06-18 00:00:00,A,727
7767,13783,2026-07-13 00:00:00,B,1058
7768,13784,2024-02-17 00:00:00,C,1335
7769,13787,2024-02-12 00:00:00,C,1044
7770,13788,2025-06-01 00:00:00,A,1226
7771,13792,2025-07-08 00:00:00,A,544
7772,13796,2023-07-10 00:00:00,A,1261
7773,13800,2023-03-08 00:00:00,A,33
7774,13802,2025-01-19 00:00:00,C,195
7775,13803,2024-05-20 00:00:00,A,384
7776,13804,2025-02-10 00:00:00,A,57
7777,13805,2025-06-02 00:00:00,A,1004
7778,13806,2026-07-13 00:00:00,A,285
7779,13808,2023-11-19 00:00:00,A,726
7780,13809,2024-04-22 00:00:00,A,1191
7781,13811,2025-09-07 00:00:00,A,916
7782,13812,2023-08-29 00:00:00,A,1035
7783,13814,2024-02-07 00:00:00,A,688
7784,13815,2025-12-16 00:00:00,A,484
7785,13818,2023-08-14 00:00:00,A,1093
7786,13820,2026-05-22 00:00:00,A,1173
7787,13823,2026-07-04 00:00:00,A,42
7788,13831,2024-10-11 00:00:00,A,910
7789,13832,2024-11-08 00:00:00,C,1152
7790,13833,2025-06-26 00:00:00,C,1232
7791,13835,2024-05-21 00:00:00,A,1192
7792,13837,2025-05-02 00:00:00,A,475
7793,13838,2024-10-04 00:00:00,A,140
7794,13839,2024-10-05 00:00:00,C,1116
7795,13840,2024-07-05 00:00:00,C,1206
7796,13841,2024-06-10 00:00:00,A,16
7797,13842,2025-12-10 00:00:00,B,639
7798,13845,2024-10-27 00:00:00,A,70
7799,13846,2025-08-22 00:00:00,A,8
7800,13850,2026-07-13 00:00:00,A,1044
7801,13852,2026-05-06 00:00:00,A,368
7802,13854,2025-04-06 00:00:00,A,1146
7803,13858,2026-01-13 00:00:00,A,27
7804,13861,2024-01-03 00:00:00,C,1221
7805,13863,2024-09-08 00:00:00,A,762
7806,13865,2026-05-12 00:00:00,A,1101
7807,13866,2026-02-03 00:00:00,B,1042
7808,13870,2025-08-05 00:00:00,A,3
7809,13873,2024-04-24 00:00:00,A,1202
7810,13876,2026-04-22 00:00:00,A,1276
7811,13879,2024-03-17 00:00:00,A,905
7812,13881,2026-07-13 00:00:00,C,1290
7813,13883,2024-06-18 00:00:00,A,780
7814,13885,2024-03-04 00:00:00,A,497
7815,13887,2023-09-13 00:00:00,A,1215
7816,13889,2026-03-10 00:00:00,C,186
7817,13890,2025-12-28 00:00:00,C,952
7818,13891,2025-03-27 00:00:00,A,41
7819,13892,2026-03-15 00:00:00,A,761
7820,13894,2024-06-24 00:00:00,C,188
7821,13895,2024-01-05 00:00:00,C,464
7822,13897,2023-04-30 00:00:00,B,511
7823,13904,2024-11-26 00:00:00,C,524
7824,13905,2023-10-24 00:00:00,C,543
7825,13908,2026-01-05 00:00:00,A,1136
7826,13910,2024-04-07 00:00:00,A,16
7827,13911,2025-09-26 00:00:00,C,989
7828,13912,2026-07-13 00:00:00,A,232
7829,13913,2025-05-18 00:00:00,A,187
7830,13914,2024-01-04 00:00:00,A,735
7831,13917,2023-12-04 00:00:00,A,1021
7832,13918,2024-02-29 00:00:00,A,163
7833,13921,2025-12-26 00:00:00,A,1224
7834,13922,2023-12-31 00:00:00,B,54
7835,13925,2025-02-22 00:00:00,C,712
7836,13928,2023-11-16 00:00:00,A,406
7837,13930,2025-06-30 00:00:00,C,176
7838,13933,2026-07-13 00:00:00,A,558
7839,13935,2026-01-18 00:00:00,A,1329
7840,13936,2025-06-19 00:00:00,A,272
7841,13939,2026-04-27 00:00:00,A,1214
7842,13943,2026-04-09 00:00:00,B,423
7843,13945,2024-04-25 00:00:00,A,367
7844,13946,2024-09-22 00:00:00,C,1174
7845,13947,2025-05-21 00:00:00,A,537
7846,13948,2024-07-30 00:00:00,B,1044
7847,13949,2025-12-11 00:00:00,A,453
7848,13951,2026-07-13 00:00:00,A,1139
7849,13953,2026-04-02 00:00:00,C,80
7850,13956,2026-07-13 00:00:00,C,819
7851,13957,2024-06-28 00:00:00,A,457
7852,13958,2026-05-07 00:00:00,A,669
7853,13959,2024-06-25 00:00:00,A,741
7854,13961,2025-05-24 00:00:00,A,287
7855,13962,2026-05-11 00:00:00,C,454
7856,13963,2023-11-18 00:00:00,A,222
7857,13964,2023-05-06 00:00:00,A,628
7858,13965,2024-05-06 00:00:00,A,249
7859,13966,2025-10-10 00:00:00,A,525
7860,13967,2023-10-20 00:00:00,C,964
7861,13968,2024-08-12 00:00:00,C,137
7862,13969,2024-10-02 00:00:00,A,888
7863,13970,2026-07-13 00:00:00,A,458
7864,13971,2026-07-13 00:00:00,A,695
7865,13975,2025-05-28 00:00:00,A,211
7866,13976,2026-07-13 00:00:00,A,18
7867,13978,2025-07-29 00:00:00,C,345
7868,13979,2024-06-08 00:00:00,C,738
7869,13980,2025-09-26 00:00:00,A,274
7870,13982,2024-04-20 00:00:00,A,716
7871,13992,2023-12-19 00:00:00,C,297
7872,13993,2023-11-08 00:00:00,A,577
7873,13996,2025-07-29 00:00:00,A,704
7874,13998,2026-07-13 00:00:00,B,1237
7875,14000,2026-01-17 00:00:00,A,873
7876,14001,2023-11-26 00:00:00,A,315
7877,14002,2026-02-17 00:00:00,C,433
7878,14003,2024-01-08 00:00:00,A,310
7879,14005,2025-05-26 00:00:00,A,1111
7880,14007,2026-07-13 00:00:00,A,551
7881,14008,2025-04-01 00:00:00,A,452
7882,14009,2025-07-12 00:00:00,A,1050
7883,14011,2024-11-09 00:00:00,C,1149
7884,14013,2025-05-22 00:00:00,C,14
7885,14014,2025-03-21 00:00:00,A,683
7886,14015,2025-12-16 00:00:00,C,1263
7887,14021,2025-01-13 00:00:00,A,1236
7888,14023,2025-02-13 00:00:00,C,1309
7889,14025,2024-05-17 00:00:00,A,96
7890,14027,2023-09-30 00:00:00,A,201
7891,14028,2026-06-09 00:00:00,A,538
7892,14032,2023-10-22 00:00:00,A,99
7893,14035,2024-03-19 00:00:00,A,778
7894,14038,2023-03-22 00:00:00,A,1078
7895,14039,2024-12-21 00:00:00,A,805
7896,14040,2023-03-20 00:00:00,A,1221
7897,14041,2025-12-15 00:00:00,B,1303
7898,14042,2024-05-06 00:00:00,B,57
7899,14044,2023-10-23 00:00:00,A,732
7900,14048,2025-01-28 00:00:00,A,515
7901,14049,2025-09-01 00:00:00,A,84
7902,14050,2025-01-04 00:00:00,A,138
7903,14051,2024-01-24 00:00:00,A,389
7904,14052,2025-01-14 00:00:00,A,475
7905,14054,2023-04-30 00:00:00,A,245
7906,14056,2024-07-09 00:00:00,A,437
7907,14057,2023-08-25 00:00:00,A,723
7908,14058,2024-04-09 00:00:00,B,174
7909,14060,2026-05-01 00:00:00,A,1282
7910,14061,2024-07-09 00:00:00,A,1269
7911,14062,2023-10-25 00:00:00,A,122
7912,14063,2025-05-13 00:00:00,A,541
7913,14064,2025-06-17 00:00:00,A,261
7914,14065,2024-02-17 00:00:00,A,386
7915,14066,2025-09-01 00:00:00,A,538
7916,14067,2025-07-05 00:00:00,A,387
7917,14069,2025-08-18 00:00:00,B,1280
7918,14071,2024-09-28 00:00:00,A,999
7919,14073,2024-12-24 00:00:00,A,31
7920,14074,2025-11-18 00:00:00,A,790
7921,14075,2025-04-16 00:00:00,A,27
7922,14077,2024-01-09 00:00:00,A,887
7923,14078,2024-06-05 00:00:00,A,1200
7924,14080,2024-03-10 00:00:00,A,164
7925,14082,2023-11-07 00:00:00,A,527
7926,14083,2024-05-16 00:00:00,A,821
7927,14085,2023-07-19 00:00:00,A,1027
7928,14087,2024-12-06 00:00:00,A,98
7929,14090,2026-07-13 00:00:00,C,1103
7930,14091,2025-09-29 00:00:00,A,333
7931,14092,2025-02-08 00:00:00,A,567
7932,14093,2023-10-20 00:00:00,A,680
7933,14094,2024-06-21 00:00:00,A,292
7934,14096,2024-12-05 00:00:00,A,965
7935,14101,2025-07-05 00:00:00,A,1067
7936,14103,2024-04-10 00:00:00,A,59
7937,14104,2023-08-13 00:00:00,A,834
7938,14108,2024-11-22 00:00:00,B,819
7939,14109,2026-04-17 00:00:00,A,767
7940,14111,2023-08-18 00:00:00,A,1067
7941,14113,2026-01-27 00:00:00,A,195
7942,14114,2025-12-06 00:00:00,C,586
7943,14115,2026-07-13 00:00:00,A,690
7944,14117,2025-12-14 00:00:00,A,144
7945,14119,2025-11-05 00:00:00,A,240
7946,14121,2023-11-28 00:00:00,C,1191
7947,14122,2025-07-03 00:00:00,A,604
7948,14125,2025-10-19 00:00:00,A,85
7949,14129,2026-06-30 00:00:00,A,24
7950,14130,2026-01-24 00:00:00,A,852
7951,14131,2025-07-11 00:00:00,A,866
7952,14133,2023-07-03 00:00:00,A,1267
7953,14135,2024-01-07 00:00:00,A,1146
7954,14136,2026-04-05 00:00:00,A,112
7955,14137,2023-07-30 00:00:00,A,477
7956,14138,2024-03-28 00:00:00,C,34
7957,14140,2025-12-05 00:00:00,B,1032
7958,14143,2024-05-20 00:00:00,C,493
7959,14145,2025-01-24 00:00:00,C,911
7960,14146,2026-01-24 00:00:00,B,364
7961,14147,2024-02-26 00:00:00,A,995
7962,14148,2026-04-26 00:00:00,B,96
7963,14149,2025-07-07 00:00:00,A,884
7964,14150,2025-07-28 00:00:00,A,363
7965,14151,2024-01-08 00:00:00,A,1117
7966,14153,2024-12-08 00:00:00,A,930
7967,14154,2025-03-03 00:00:00,A,839
7968,14156,2023-07-15 00:00:00,B,52
7969,14159,2026-05-29 00:00:00,A,1
7970,14160,2025-05-09 00:00:00,A,144
7971,14163,2025-01-22 00:00:00,A,1173
7972,14164,2023-10-05 00:00:00,A,256
7973,14165,2024-06-28 00:00:00,A,172
7974,14166,2026-07-13 00:00:00,A,16
7975,14167,2026-07-13 00:00:00,A,545
7976,14170,2025-10-25 00:00:00,A,80
7977,14175,2024-03-20 00:00:00,B,475
7978,14178,2024-05-01 00:00:00,A,163
7979,14179,2024-08-13 00:00:00,C,1188
7980,14180,2024-05-30 00:00:00,C,553
7981,14181,2025-07-14 00:00:00,C,1182
7982,14182,2024-04-06 00:00:00,C,1098
7983,14183,2024-09-27 00:00:00,A,904
7984,14186,2025-03-25 00:00:00,A,718
7985,14188,2025-11-04 00:00:00,A,1178
7986,14192,2025-09-29 00:00:00,A,1130
7987,14193,2024-02-11 00:00:00,C,511
7988,14197,2025-06-23 00:00:00,A,14
7989,14200,2026-06-16 00:00:00,C,760
7990,14201,2024-01-06 00:00:00,B,38
7991,14202,2024-04-24 00:00:00,A,1260
7992,14205,2024-07-02 00:00:00,A,666
7993,14206,2023-10-02 00:00:00,A,587
7994,14209,2023-04-16 00:00:00,A,1306
7995,14213,2025-10-02 00:00:00,C,77
7996,14214,2025-01-11 00:00:00,C,916
7997,14215,2026-07-13 00:00:00,A,1234
7998,14216,2026-07-13 00:00:00,A,720
7999,14217,2024-07-24 00:00:00,A,1122
8000,14218,2026-06-05 00:00:00,A,1122
8001,14219,2025-07-14 00:00:00,A,1130
8002,14222,2026-07-13 00:00:00,B,587
8003,14223,2023-05-28 00:00:00,A,890
8004,14224,2024-06-19 00:00:00,C,997
8005,14225,2025-11-07 00:00:00,A,342
8006,14227,2024-02-01 00:00:00,C,827
8007,14233,2025-11-27 00:00:00,B,510
8008,14235,2026-07-13 00:00:00,A,157
8009,14236,2024-04-25 00:00:00,A,590
8010,14237,2023-07-26 00:00:00,A,1228
8011,14239,2026-07-13 00:00:00,A,990
8012,14240,2026-05-20 00:00:00,A,212
8013,14241,2026-07-12 00:00:00,A,755
8014,14242,2024-07-18 00:00:00,A,542
8015,14246,2026-02-09 00:00:00,A,537
8016,14247,2024-03-01 00:00:00,A,1095
8017,14250,2025-08-08 00:00:00,C,189
8018,14252,2024-09-29 00:00:00,A,263
8019,14254,2024-11-12 00:00:00,A,481
8020,14255,2024-12-06 00:00:00,A,127
8021,14257,2024-11-12 00:00:00,C,10
8022,14259,2026-07-10 00:00:00,A,432
8023,14260,2026-07-13 00:00:00,C,1153
8024,14262,2025-05-01 00:00:00,A,919
8025,14264,2026-07-13 00:00:00,A,544
8026,14265,2024-09-15 00:00:00,A,166
8027,14266,2024-05-16 00:00:00,A,511
8028,14267,2026-07-13 00:00:00,A,267
8029,14269,2025-09-23 00:00:00,A,881
8030,14270,2024-05-17 00:00:00,C,679
8031,14271,2025-11-04 00:00:00,B,491
8032,14272,2025-01-01 00:00:00,A,947
8033,14273,2025-02-01 00:00:00,A,905
8034,14274,2024-06-05 00:00:00,C,699
8035,14275,2025-10-29 00:00:00,A,161
8036,14277,2023-10-01 00:00:00,A,362
8037,14278,2026-07-13 00:00:00,A,1144
8038,14279,2025-05-28 00:00:00,A,912
8039,14280,2024-01-03 00:00:00,A,467
8040,14283,2025-03-29 00:00:00,A,1077
8041,14285,2026-05-07 00:00:00,A,525
8042,14291,2025-05-10 00:00:00,C,1200
8043,14292,2024-10-15 00:00:00,A,973
8044,14293,2024-09-21 00:00:00,A,1066
8045,14294,2024-02-13 00:00:00,A,691
8046,14296,2025-09-12 00:00:00,A,827
8047,14297,2024-02-06 00:00:00,A,796
8048,14298,2025-11-24 00:00:00,A,1027
8049,14299,2026-01-13 00:00:00,A,88
8050,14301,2024-06-12 00:00:00,A,1289
8051,14302,2026-05-08 00:00:00,A,1035
8052,14305,2025-02-27 00:00:00,A,262
8053,14309,2025-06-07 00:00:00,C,164
8054,14310,2026-07-13 00:00:00,A,1259
8055,14311,2025-12-14 00:00:00,A,201
8056,14317,2024-02-08 00:00:00,C,1288
8057,14319,2024-02-26 00:00:00,B,176
8058,14320,2024-06-05 00:00:00,A,189
8059,14323,2024-06-25 00:00:00,A,585
8060,14326,2024-06-07 00:00:00,A,789
8061,14329,2024-12-08 00:00:00,B,383
8062,14334,2023-11-17 00:00:00,A,1111
8063,14335,2025-01-25 00:00:00,A,611
8064,14336,2025-12-30 00:00:00,A,341
8065,14337,2026-02-17 00:00:00,A,1051
8066,14339,2025-11-02 00:00:00,B,997
8067,14342,2024-08-18 00:00:00,A,1270
8068,14343,2024-10-06 00:00:00,B,245
8069,14344,2024-07-29 00:00:00,A,277
8070,14347,2026-07-13 00:00:00,A,1018
8071,14348,2023-07-12 00:00:00,A,954
8072,14350,2024-10-28 00:00:00,A,314
8073,14352,2023-09-03 00:00:00,B,968
8074,14353,2024-03-14 00:00:00,A,785
8075,14355,2024-09-12 00:00:00,B,962
8076,14356,2023-07-31 00:00:00,A,944
8077,14357,2023-09-08 00:00:00,A,528
8078,14359,2025-08-04 00:00:00,C,29
8079,14364,2025-05-16 00:00:00,A,1186
8080,14366,2024-04-21 00:00:00,B,806
8081,14367,2023-07-20 00:00:00,C,674
8082,14368,2024-12-16 00:00:00,A,348
8083,14371,2025-05-02 00:00:00,A,424
8084,14372,2024-02-09 00:00:00,A,493
8085,14373,2026-02-16 00:00:00,A,460
8086,14374,2023-12-22 00:00:00,B,193
8087,14376,2023-07-14 00:00:00,A,1105
8088,14377,2025-03-27 00:00:00,A,211
8089,14378,2023-08-30 00:00:00,A,497
8090,14379,2024-12-24 00:00:00,A,1004
8091,14381,2026-06-08 00:00:00,A,1264
8092,14382,2025-05-25 00:00:00,A,1300
8093,14385,2024-04-13 00:00:00,A,388
8094,14386,2025-07-04 00:00:00,B,1008
8095,14388,2026-07-13 00:00:00,A,844
8096,14392,2025-04-07 00:00:00,B,699
8097,14393,2025-08-05 00:00:00,A,817
8098,14394,2024-02-23 00:00:00,A,1114
8099,14396,2026-04-03 00:00:00,A,69
8100,14398,2024-07-31 00:00:00,A,1075
8101,14403,2025-12-05 00:00:00,A,572
8102,14405,2024-03-03 00:00:00,A,1089
8103,14408,2026-05-26 00:00:00,A,1303
8104,14410,2026-07-13 00:00:00,A,251
8105,14412,2025-04-10 00:00:00,C,1144
8106,14413,2026-01-12 00:00:00,C,176
8107,14415,2023-06-01 00:00:00,A,168
8108,14416,2023-05-16 00:00:00,A,361
8109,14420,2026-07-13 00:00:00,C,7
8110,14423,2025-05-14 00:00:00,A,1121
8111,14424,2025-02-20 00:00:00,A,910
8112,14425,2023-09-29 00:00:00,A,411
8113,14427,2025-06-26 00:00:00,A,684
8114,14428,2025-11-02 00:00:00,A,16
8115,14429,2025-07-15 00:00:00,A,570
8116,14430,2025-11-20 00:00:00,C,1018
8117,14431,2026-02-15 00:00:00,A,714
8118,14434,2025-02-05 00:00:00,A,337
8119,14435,2025-04-11 00:00:00,B,1163
8120,14436,2025-11-17 00:00:00,A,341
8121,14437,2025-07-27 00:00:00,B,798
8122,14439,2024-06-29 00:00:00,C,35
8123,14442,2024-03-25 00:00:00,A,886
8124,14446,2025-03-24 00:00:00,A,881
8125,14447,2026-03-04 00:00:00,A,835
8126,14449,2025-06-21 00:00:00,A,1112
8127,14451,2025-03-09 00:00:00,A,560
8128,14452,2025-03-11 00:00:00,A,1300
8129,14453,2025-02-17 00:00:00,A,711
8130,14455,2024-01-18 00:00:00,A,422
8131,14456,2025-12-05 00:00:00,A,282
8132,14458,2026-01-01 00:00:00,C,1147
8133,14460,2025-07-15 00:00:00,A,1297
8134,14462,2024-02-11 00:00:00,C,595
8135,14463,2023-10-25 00:00:00,C,949
8136,14464,2024-04-12 00:00:00,A,110
8137,14465,2026-04-29 00:00:00,A,1111
8138,14468,2025-05-27 00:00:00,C,293
8139,14469,2023-10-11 00:00:00,A,1307
8140,14470,2024-05-16 00:00:00,A,142
8141,14474,2025-05-21 00:00:00,A,651
8142,14476,2024-09-25 00:00:00,A,853
8143,14477,2024-03-26 00:00:00,A,1152
8144,14478,2025-04-05 00:00:00,A,404
8145,14481,2024-04-28 00:00:00,C,780
8146,14482,2026-07-13 00:00:00,A,488
8147,14486,2025-12-29 00:00:00,C,931
8148,14488,2026-07-13 00:00:00,A,1048
8149,14489,2024-11-27 00:00:00,C,476
8150,14490,2023-12-19 00:00:00,A,1077
8151,14492,2026-07-13 00:00:00,C,1108
8152,14493,2024-11-19 00:00:00,A,592
8153,14494,2025-06-06 00:00:00,A,200
8154,14496,2026-07-13 00:00:00,A,1292
8155,14498,2026-07-13 00:00:00,C,393
8156,14500,2026-02-28 00:00:00,A,124
8157,14502,2025-11-30 00:00:00,A,522
8158,14504,2023-09-20 00:00:00,A,756
8159,14505,2024-10-19 00:00:00,A,737
8160,14508,2023-09-07 00:00:00,A,797
8161,14510,2026-07-13 00:00:00,B,1075
8162,14511,2024-07-18 00:00:00,C,1087
8163,14512,2024-01-22 00:00:00,A,1001
8164,14515,2024-07-08 00:00:00,A,805
8165,14516,2025-12-03 00:00:00,A,431
8166,14517,2024-01-06 00:00:00,C,770
8167,14518,2026-06-23 00:00:00,A,1298
8168,14519,2025-06-05 00:00:00,C,788
8169,14522,2026-07-05 00:00:00,A,1293
8170,14523,2026-04-03 00:00:00,A,907
8171,14527,2024-02-06 00:00:00,A,391
8172,14530,2023-09-13 00:00:00,C,260
8173,14531,2024-01-08 00:00:00,A,1078
8174,14532,2026-07-13 00:00:00,C,1168
8175,14535,2023-05-29 00:00:00,A,367
8176,14536,2025-03-13 00:00:00,A,879
8177,14541,2024-01-17 00:00:00,B,682
8178,14544,2023-11-13 00:00:00,A,968
8179,14545,2024-11-24 00:00:00,A,1221
8180,14548,2024-01-30 00:00:00,A,695
8181,14553,2025-05-23 00:00:00,A,335
8182,14554,2023-09-23 00:00:00,B,822
8183,14555,2026-07-13 00:00:00,A,337
8184,14556,2026-07-13 00:00:00,B,780
8185,14558,2024-02-22 00:00:00,A,445
8186,14559,2025-04-07 00:00:00,A,166
8187,14560,2024-01-05 00:00:00,C,1031
8188,14561,2025-10-16 00:00:00,A,64
8189,14562,2023-12-23 00:00:00,A,91
8190,14563,2023-09-18 00:00:00,A,1039
8191,14565,2026-05-17 00:00:00,A,165
8192,14568,2026-03-09 00:00:00,C,680
8193,14569,2024-04-11 00:00:00,A,826
8194,14570,2024-08-26 00:00:00,A,263
8195,14572,2026-03-12 00:00:00,A,41
8196,14575,2024-11-20 00:00:00,C,306
8197,14576,2025-01-11 00:00:00,A,555
8198,14577,2025-05-26 00:00:00,C,946
8199,14578,2025-02-03 00:00:00,B,53
8200,14579,2026-07-13 00:00:00,C,556
8201,14580,2024-06-06 00:00:00,A,394
8202,14584,2024-09-14 00:00:00,A,55
8203,14586,2025-07-09 00:00:00,B,1144
8204,14587,2026-03-22 00:00:00,A,295
8205,14588,2023-08-31 00:00:00,A,86
8206,14589,2023-11-03 00:00:00,A,419
8207,14591,2026-06-14 00:00:00,A,741
8208,14594,2023-04-28 00:00:00,A,1019
8209,14595,2024-01-30 00:00:00,B,805
8210,14598,2024-11-23 00:00:00,A,285
8211,14600,2026-05-25 00:00:00,A,1298
8212,14601,2025-01-18 00:00:00,C,259
8213,14602,2023-12-19 00:00:00,A,956
8214,14603,2024-01-02 00:00:00,A,1173
8215,14604,2025-03-05 00:00:00,B,997
8216,14605,2025-05-04 00:00:00,A,217
8217,14606,2026-03-04 00:00:00,C,605
8218,14607,2023-12-05 00:00:00,A,1165
8219,14613,2025-10-31 00:00:00,A,1210
8220,14614,2024-02-29 00:00:00,C,996
8221,14615,2026-07-13 00:00:00,A,519
8222,14616,2025-02-12 00:00:00,A,261
8223,14620,2024-01-01 00:00:00,A,885
8224,14623,2024-05-26 00:00:00,A,336
8225,14626,2024-11-30 00:00:00,A,409
8226,14628,2026-07-13 00:00:00,A,1291
8227,14629,2025-12-11 00:00:00,C,889
8228,14631,2025-08-11 00:00:00,C,173
8229,14633,2025-05-10 00:00:00,A,509
8230,14634,2026-01-25 00:00:00,A,649
8231,14637,2026-07-13 00:00:00,C,328
8232,14638,2025-08-11 00:00:00,A,1214
8233,14639,2025-11-15 00:00:00,C,357
8234,14640,2026-06-22 00:00:00,A,663
8235,14643,2024-12-19 00:00:00,C,36
8236,14645,2025-05-29 00:00:00,A,183
8237,14646,2023-12-01 00:00:00,C,726
8238,14648,2026-03-23 00:00:00,A,631
8239,14649,2024-09-02 00:00:00,C,533
8240,14650,2026-07-13 00:00:00,A,1181
8241,14651,2025-10-11 00:00:00,C,1046
8242,14652,2025-05-26 00:00:00,A,53
8243,14656,2025-01-12 00:00:00,A,1211
8244,14661,2025-06-11 00:00:00,C,1226
8245,14662,2024-11-20 00:00:00,A,163
8246,14663,2025-11-18 00:00:00,A,505
8247,14664,2025-04-15 00:00:00,A,600
8248,14666,2024-09-09 00:00:00,A,757
8249,14668,2023-03-04 00:00:00,A,143
8250,14672,2024-10-02 00:00:00,B,1231
8251,14674,2025-11-06 00:00:00,A,651
8252,14675,2023-10-11 00:00:00,A,1007
8253,14676,2023-11-04 00:00:00,A,795
8254,14679,2024-11-21 00:00:00,A,1208
8255,14680,2024-12-31 00:00:00,A,1188
8256,14683,2024-12-21 00:00:00,C,813
8257,14684,2026-07-13 00:00:00,C,339
8258,14685,2026-07-13 00:00:00,C,1291
8259,14687,2024-11-06 00:00:00,A,762
8260,14689,2026-07-13 00:00:00,A,640
8261,14690,2026-07-13 00:00:00,A,54
8262,14691,2026-03-13 00:00:00,A,337
8263,14692,2024-02-14 00:00:00,A,600
8264,14694,2026-04-01 00:00:00,A,1057
8265,14695,2025-08-03 00:00:00,B,1069
8266,14699,2024-09-28 00:00:00,B,939
8267,14701,2026-05-05 00:00:00,A,188
8268,14706,2026-02-07 00:00:00,A,662
8269,14708,2025-06-02 00:00:00,A,489
8270,14709,2024-01-28 00:00:00,C,57
8271,14710,2024-05-28 00:00:00,A,1219
8272,14711,2024-08-21 00:00:00,A,661
8273,14713,2024-03-24 00:00:00,A,797
8274,14715,2024-10-11 00:00:00,A,297
8275,14716,2025-05-30 00:00:00,A,1222
8276,14717,2024-04-29 00:00:00,A,1198
8277,14718,2025-03-18 00:00:00,A,609
8278,14719,2026-04-10 00:00:00,A,139
8279,14720,2025-01-11 00:00:00,C,675
8280,14721,2026-07-13 00:00:00,C,439
8281,14722,2024-02-17 00:00:00,A,812
8282,14723,2023-09-05 00:00:00,A,305
8283,14724,2026-07-13 00:00:00,A,936
8284,14725,2023-06-29 00:00:00,A,832
8285,14727,2025-11-23 00:00:00,B,58
8286,14729,2024-10-31 00:00:00,A,1180
8287,14730,2026-04-29 00:00:00,A,672
8288,14731,2025-03-14 00:00:00,A,279
8289,14733,2024-02-12 00:00:00,A,177
8290,14736,2026-07-13 00:00:00,A,283
8291,14737,2025-07-01 00:00:00,A,1160
8292,14740,2024-10-24 00:00:00,A,1230
8293,14742,2025-06-09 00:00:00,A,607
8294,14743,2024-10-08 00:00:00,C,399
8295,14744,2025-10-09 00:00:00,A,953
8296,14745,2026-02-19 00:00:00,A,919
8297,14747,2024-03-11 00:00:00,C,49
8298,14748,2024-05-07 00:00:00,C,1279
8299,14749,2026-02-03 00:00:00,A,260
8300,14751,2026-07-13 00:00:00,B,245
8301,14752,2023-08-22 00:00:00,A,1238
8302,14754,2024-03-30 00:00:00,A,1312
8303,14757,2024-09-26 00:00:00,A,1104
8304,14758,2024-08-05 00:00:00,C,1164
8305,14759,2023-11-26 00:00:00,A,476
8306,14760,2024-11-23 00:00:00,C,1150
8307,14763,2024-04-21 00:00:00,A,406
8308,14764,2023-07-28 00:00:00,A,687
8309,14766,2024-02-26 00:00:00,C,15
8310,14769,2025-02-04 00:00:00,A,911
8311,14770,2023-08-25 00:00:00,B,1046
8312,14771,2024-11-08 00:00:00,A,1197
8313,14772,2025-03-11 00:00:00,C,427
8314,14773,2026-07-13 00:00:00,C,103
8315,14775,2026-07-13 00:00:00,A,734
8316,14776,2024-09-23 00:00:00,A,458
8317,14780,2026-07-12 00:00:00,A,1307
8318,14783,2023-11-12 00:00:00,B,1277
8319,14786,2025-04-24 00:00:00,A,1011
8320,14787,2026-07-13 00:00:00,A,394
8321,14788,2026-07-13 00:00:00,B,1335
8322,14790,2025-06-21 00:00:00,C,1302
8323,14791,2023-06-30 00:00:00,B,1300
8324,14792,2026-07-13 00:00:00,A,910
8325,14793,2026-04-12 00:00:00,C,27
8326,14794,2024-09-16 00:00:00,A,733
8327,14796,2024-12-27 00:00:00,A,55
8328,14798,2025-10-22 00:00:00,A,1195
8329,14799,2026-07-13 00:00:00,A,905
8330,14800,2025-09-12 00:00:00,A,1051
8331,14801,2025-09-21 00:00:00,A,1256
8332,14802,2025-05-30 00:00:00,B,2
8333,14803,2025-05-09 00:00:00,A,549
8334,14805,2025-07-03 00:00:00,A,139
8335,14806,2026-06-16 00:00:00,A,409
8336,14807,2026-07-13 00:00:00,A,664
8337,14808,2025-12-25 00:00:00,C,718
8338,14810,2026-04-15 00:00:00,C,144
8339,14811,2024-06-20 00:00:00,A,1330
8340,14814,2024-06-09 00:00:00,A,1171
8341,14817,2024-10-23 00:00:00,B,1317
8342,14819,2025-12-24 00:00:00,A,875
8343,14820,2026-03-30 00:00:00,A,859
8344,14821,2024-03-13 00:00:00,C,95
8345,14822,2026-04-02 00:00:00,A,1156
8346,14826,2023-09-22 00:00:00,C,1144
8347,14827,2026-01-12 00:00:00,C,372
8348,14828,2024-06-05 00:00:00,C,1212
8349,14831,2024-02-24 00:00:00,A,1023
8350,14832,2025-02-16 00:00:00,A,835
8351,14833,2024-01-11 00:00:00,C,409
8352,14834,2024-12-29 00:00:00,A,1276
8353,14835,2026-05-15 00:00:00,B,1122
8354,14836,2025-05-01 00:00:00,A,66
8355,14837,2024-12-30 00:00:00,B,506
8356,14842,2025-05-18 00:00:00,B,72
8357,14843,2026-07-13 00:00:00,C,1103
8358,14844,2025-07-21 00:00:00,C,382
8359,14846,2026-06-21 00:00:00,A,179
8360,14848,2023-08-11 00:00:00,C,438
8361,14851,2025-04-18 00:00:00,A,945
8362,14852,2026-01-08 00:00:00,C,1089
8363,14853,2025-02-25 00:00:00,A,419
8364,14855,2026-04-18 00:00:00,A,929
8365,14856,2025-12-26 00:00:00,A,1138
8366,14858,2026-07-13 00:00:00,A,1202
8367,14859,2023-12-06 00:00:00,A,373
8368,14860,2023-09-08 00:00:00,A,720
8369,14861,2025-04-21 00:00:00,A,485
8370,14862,2026-07-13 00:00:00,C,442
8371,14867,2025-08-03 00:00:00,C,1181
8372,14869,2024-01-26 00:00:00,A,1181
8373,14871,2026-03-01 00:00:00,A,739
8374,14872,2023-04-23 00:00:00,A,854
8375,14874,2025-12-30 00:00:00,A,615
8376,14876,2025-11-26 00:00:00,A,589
8377,14877,2024-04-20 00:00:00,A,1282
8378,14878,2025-03-09 00:00:00,A,366
8379,14880,2024-08-06 00:00:00,A,385
8380,14883,2025-11-08 00:00:00,C,293
8381,14885,2025-11-29 00:00:00,A,1043
8382,14886,2025-10-24 00:00:00,A,1081
8383,14887,2025-05-08 00:00:00,A,105
8384,14888,2023-08-09 00:00:00,A,470
8385,14890,2024-09-28 00:00:00,A,674
8386,14893,2024-01-13 00:00:00,A,325
8387,14895,2024-01-22 00:00:00,C,7
8388,14897,2024-08-07 00:00:00,A,601
8389,14898,2024-06-27 00:00:00,A,662
8390,14899,2026-07-03 00:00:00,A,877
8391,14901,2024-06-23 00:00:00,B,390
8392,14902,2025-10-15 00:00:00,C,675
8393,14903,2025-06-21 00:00:00,A,69
8394,14905,2025-06-11 00:00:00,A,294
8395,14906,2026-03-11 00:00:00,C,423
8396,14907,2025-10-26 00:00:00,B,1068
8397,14909,2024-11-16 00:00:00,C,837
8398,14910,2023-04-13 00:00:00,A,877
8399,14913,2025-06-07 00:00:00,A,1321
8400,14914,2025-01-16 00:00:00,A,295
8401,14915,2025-08-05 00:00:00,A,513
8402,14922,2026-03-07 00:00:00,A,906
8403,14924,2024-05-24 00:00:00,A,811
8404,14925,2025-01-05 00:00:00,A,1331
8405,14928,2024-11-29 00:00:00,A,157
8406,14929,2025-08-03 00:00:00,A,1094
8407,14930,2024-03-23 00:00:00,A,1055
8408,14932,2025-03-27 00:00:00,A,180
8409,14933,2024-10-20 00:00:00,A,1161
8410,14935,2025-05-07 00:00:00,A,1313
8411,14936,2024-03-17 00:00:00,B,583
8412,14938,2026-03-29 00:00:00,A,1176
8413,14940,2025-04-22 00:00:00,C,491
8414,14946,2023-08-25 00:00:00,A,353
8415,14949,2024-06-12 00:00:00,A,401
8416,14952,2025-12-24 00:00:00,A,1186
8417,14953,2026-07-13 00:00:00,C,96
8418,14955,2025-09-17 00:00:00,C,1131
8419,14957,2024-01-21 00:00:00,A,341
8420,14958,2023-08-26 00:00:00,A,1051
8421,14959,2025-12-29 00:00:00,C,1178
8422,14960,2025-08-04 00:00:00,A,953
8423,14964,2023-03-14 00:00:00,B,200
8424,14965,2025-02-17 00:00:00,A,788
8425,14969,2024-02-03 00:00:00,C,1204
8426,14971,2024-01-30 00:00:00,A,1324
8427,14975,2024-01-10 00:00:00,A,119
8428,14976,2025-03-01 00:00:00,C,1066
8429,14978,2025-12-07 00:00:00,A,1284
8430,14980,2025-02-12 00:00:00,C,331
8431,14981,2025-04-01 00:00:00,A,1078
8432,14984,2024-10-29 00:00:00,A,732
8433,14985,2024-10-10 00:00:00,B,567
8434,14986,2023-08-25 00:00:00,C,756
8435,14988,2026-07-13 00:00:00,A,110
8436,14989,2024-08-07 00:00:00,C,192
8437,14993,2026-02-02 00:00:00,A,774
8438,14996,2026-03-06 00:00:00,C,619
8439,14998,2024-01-08 00:00:00,A,97
8440,15005,2025-04-03 00:00:00,C,1318
8441,15007,2025-05-26 00:00:00,C,1283
8442,15009,2025-07-28 00:00:00,A,1061
8443,15010,2025-11-30 00:00:00,A,2
8444,15011,2024-03-30 00:00:00,C,1049
8445,15012,2024-08-15 00:00:00,A,291
8446,15013,2024-10-02 00:00:00,A,796
8447,15015,2023-08-19 00:00:00,C,1197
8448,15018,2026-02-24 00:00:00,C,1170
8449,15021,2023-11-26 00:00:00,A,826
8450,15022,2025-05-28 00:00:00,C,752
8451,15025,2024-11-08 00:00:00,A,1194
8452,15026,2023-10-30 00:00:00,C,1162
8453,15027,2025-02-14 00:00:00,A,117
8454,15029,2023-06-04 00:00:00,A,1283
8455,15030,2026-03-14 00:00:00,A,395
8456,15031,2026-03-14 00:00:00,A,315
8457,15032,2023-11-13 00:00:00,C,344
8458,15034,2023-12-01 00:00:00,A,1235
8459,15036,2025-01-17 00:00:00,A,257
8460,15040,2026-07-13 00:00:00,C,1172
8461,15042,2025-12-14 00:00:00,A,656
8462,15043,2025-01-29 00:00:00,A,987
8463,15044,2026-07-13 00:00:00,C,25
8464,15045,2024-03-14 00:00:00,A,475
8465,15046,2026-07-13 00:00:00,A,683
8466,15047,2023-07-19 00:00:00,A,1131
8467,15050,2025-11-10 00:00:00,A,844
8468,15051,2026-02-04 00:00:00,A,537
8469,15053,2025-03-30 00:00:00,A,58
8470,15054,2026-07-13 00:00:00,C,962
8471,15055,2024-12-23 00:00:00,C,384
8472,15057,2024-10-24 00:00:00,A,51
8473,15059,2025-11-29 00:00:00,A,907
8474,15060,2026-06-04 00:00:00,A,1022
8475,15061,2023-02-27 00:00:00,A,1207
8476,15062,2025-11-25 00:00:00,A,1042
8477,15063,2024-03-21 00:00:00,A,1188
8478,15065,2024-10-14 00:00:00,A,882
8479,15066,2026-07-13 00:00:00,A,845
8480,15068,2023-08-29 00:00:00,A,491
8481,15069,2026-02-24 00:00:00,A,1230
8482,15071,2025-02-19 00:00:00,C,1035
8483,15072,2024-03-21 00:00:00,A,640
8484,15074,2026-07-13 00:00:00,A,3
8485,15077,2024-03-25 00:00:00,A,123
8486,15078,2025-11-15 00:00:00,A,1263
8487,15082,2025-10-31 00:00:00,A,599
8488,15083,2026-06-01 00:00:00,A,48
8489,15084,2025-04-25 00:00:00,A,209
8490,15085,2024-04-11 00:00:00,B,413
8491,15087,2025-08-28 00:00:00,A,577
8492,15088,2023-11-25 00:00:00,B,657
8493,15089,2024-08-05 00:00:00,C,1336
8494,15090,2024-05-26 00:00:00,A,555
8495,15091,2026-04-23 00:00:00,A,245
8496,15094,2024-12-26 00:00:00,A,692
8497,15097,2026-01-11 00:00:00,C,751
8498,15100,2025-07-15 00:00:00,A,1327
8499,15104,2024-05-02 00:00:00,A,165
8500,15105,2025-12-22 00:00:00,B,1041
8501,15107,2026-01-30 00:00:00,A,1095
8502,15109,2026-07-02 00:00:00,A,50
8503,15110,2025-08-17 00:00:00,A,1003
8504,15112,2023-07-15 00:00:00,A,1195
8505,15115,2025-05-05 00:00:00,A,397
8506,15116,2023-12-24 00:00:00,A,651
8507,15117,2025-09-23 00:00:00,A,921
8508,15118,2024-08-10 00:00:00,A,863
8509,15119,2026-07-13 00:00:00,A,1108
8510,15122,2025-01-18 00:00:00,A,326
8511,15125,2025-05-02 00:00:00,A,1042
8512,15126,2026-02-26 00:00:00,A,1272
8513,15129,2023-10-06 00:00:00,A,313
8514,15130,2023-07-20 00:00:00,A,681
8515,15131,2026-01-03 00:00:00,B,1018
8516,15132,2024-07-07 00:00:00,C,486
8517,15133,2023-12-27 00:00:00,A,1149
8518,15137,2025-03-23 00:00:00,A,616
8519,15138,2023-07-14 00:00:00,A,332
8520,15140,2026-01-31 00:00:00,C,1105
8521,15141,2026-03-19 00:00:00,A,796
8522,15142,2025-09-11 00:00:00,C,414
8523,15144,2025-01-17 00:00:00,A,947
8524,15145,2026-01-04 00:00:00,C,1239
8525,15146,2023-06-04 00:00:00,A,310
8526,15147,2023-12-07 00:00:00,A,1103
8527,15148,2024-04-15 00:00:00,C,1253
8528,15150,2023-06-22 00:00:00,A,1179
8529,15152,2026-07-13 00:00:00,C,877
8530,15153,2026-01-29 00:00:00,B,1079
8531,15159,2023-10-23 00:00:00,A,595
8532,15160,2025-03-29 00:00:00,C,1119
8533,15161,2024-04-03 00:00:00,A,601
8534,15165,2025-08-01 00:00:00,A,1305
8535,15166,2026-01-28 00:00:00,A,420
8536,15168,2024-12-20 00:00:00,A,847
8537,15169,2024-04-18 00:00:00,A,1142
8538,15173,2024-05-26 00:00:00,A,688
8539,15175,2025-03-03 00:00:00,A,695
8540,15176,2024-09-19 00:00:00,B,932
8541,15179,2026-07-13 00:00:00,C,720
8542,15181,2023-08-28 00:00:00,C,424
8543,15183,2026-05-09 00:00:00,A,523
8544,15184,2026-07-13 00:00:00,A,679
8545,15185,2026-07-13 00:00:00,C,12
8546,15187,2024-04-25 00:00:00,C,883
8547,15190,2025-10-22 00:00:00,C,841
8548,15191,2024-04-05 00:00:00,A,1176
8549,15193,2023-11-23 00:00:00,A,1318
8550,15194,2025-08-06 00:00:00,A,883
8551,15196,2025-06-11 00:00:00,C,284
8552,15197,2026-07-13 00:00:00,A,656
8553,15199,2024-02-21 00:00:00,A,700
8554,15201,2023-11-26 00:00:00,B,446
8555,15202,2023-10-19 00:00:00,A,687
8556,15203,2024-08-05 00:00:00,A,1223
8557,15204,2026-02-25 00:00:00,A,1133
8558,15207,2026-07-13 00:00:00,C,396
8559,15208,2025-11-16 00:00:00,A,1068
8560,15211,2025-06-27 00:00:00,B,759
8561,15217,2026-06-20 00:00:00,C,528
8562,15220,2026-02-09 00:00:00,A,664
8563,15221,2026-07-13 00:00:00,A,715
8564,15222,2026-06-20 00:00:00,A,122
8565,15223,2024-07-29 00:00:00,A,3
8566,15224,2024-06-13 00:00:00,A,1275
8567,15225,2026-03-22 00:00:00,C,1023
8568,15226,2024-03-03 00:00:00,C,471
8569,15227,2025-11-23 00:00:00,C,877
8570,15228,2025-02-20 00:00:00,B,417
8571,15229,2026-03-25 00:00:00,C,1308
8572,15230,2024-06-26 00:00:00,A,859
8573,15231,2023-11-03 00:00:00,A,1186
8574,15234,2026-07-13 00:00:00,C,892
8575,15236,2023-10-26 00:00:00,A,1302
8576,15237,2023-09-05 00:00:00,B,240
8577,15238,2025-04-24 00:00:00,C,963
8578,15239,2024-06-10 00:00:00,C,1143
8579,15240,2023-10-16 00:00:00,A,1334
8580,15245,2025-03-07 00:00:00,A,228
8581,15247,2023-05-30 00:00:00,A,87
8582,15248,2025-11-29 00:00:00,A,1074
8583,15249,2023-11-13 00:00:00,A,47
8584,15253,2026-02-09 00:00:00,A,976
8585,15254,2026-05-22 00:00:00,A,638
8586,15257,2025-05-14 00:00:00,A,288
8587,15258,2024-03-21 00:00:00,A,137
8588,15264,2024-02-02 00:00:00,A,1053
8589,15265,2026-07-13 00:00:00,C,74
8590,15266,2026-03-03 00:00:00,A,1161
8591,15268,2026-03-25 00:00:00,A,269
8592,15269,2024-11-02 00:00:00,A,1215
8593,15273,2024-06-15 00:00:00,A,132
8594,15274,2026-06-28 00:00:00,A,43
8595,15275,2024-05-10 00:00:00,C,268
8596,15277,2025-11-30 00:00:00,A,103
8597,15278,2026-05-18 00:00:00,C,357
8598,15279,2026-07-13 00:00:00,A,1261
8599,15281,2026-01-20 00:00:00,A,1259
8600,15282,2024-01-30 00:00:00,A,1293
8601,15283,2023-08-24 00:00:00,A,381
8602,15286,2024-10-15 00:00:00,A,232
8603,15287,2023-08-24 00:00:00,A,386
8604,15289,2024-02-13 00:00:00,A,300
8605,15290,2026-07-13 00:00:00,A,533
8606,15291,2025-06-24 00:00:00,C,516
8607,15292,2024-08-15 00:00:00,B,1307
8608,15294,2026-07-13 00:00:00,C,1166
8609,15295,2023-12-17 00:00:00,C,49
8610,15297,2024-03-23 00:00:00,A,169
8611,15298,2024-05-17 00:00:00,A,986
8612,15299,2025-10-10 00:00:00,A,498
8613,15300,2023-08-30 00:00:00,A,1181
8614,15301,2026-07-13 00:00:00,A,132
8615,15302,2024-09-13 00:00:00,A,903
8616,15307,2023-11-07 00:00:00,A,1187
8617,15308,2025-03-01 00:00:00,A,520
8618,15312,2024-10-13 00:00:00,A,993
8619,15313,2025-03-19 00:00:00,C,900
8620,15315,2025-05-20 00:00:00,A,827
8621,15316,2026-04-30 00:00:00,A,971
8622,15318,2023-09-21 00:00:00,A,423
8623,15322,2025-08-24 00:00:00,A,871
8624,15325,2024-03-06 00:00:00,A,313
8625,15326,2024-06-07 00:00:00,A,1265
8626,15327,2023-12-04 00:00:00,A,609
8627,15329,2024-06-12 00:00:00,A,1273
8628,15330,2026-07-13 00:00:00,C,1290
8629,15331,2023-11-19 00:00:00,A,1094
8630,15332,2024-01-13 00:00:00,C,1089
8631,15334,2023-08-09 00:00:00,A,662
8632,15335,2025-12-17 00:00:00,A,210
8633,15337,2023-10-16 00:00:00,A,577
8634,15342,2026-03-04 00:00:00,C,1313
8635,15343,2023-06-14 00:00:00,A,1172
8636,15345,2024-05-27 00:00:00,C,684
8637,15347,2023-09-01 00:00:00,A,391
8638,15349,2026-01-14 00:00:00,A,16
8639,15350,2024-03-29 00:00:00,A,1123
8640,15357,2026-06-06 00:00:00,B,788
8641,15359,2025-11-11 00:00:00,A,738
8642,15360,2023-12-27 00:00:00,A,634
8643,15364,2024-05-21 00:00:00,A,800
8644,15365,2026-01-18 00:00:00,A,512
8645,15367,2024-10-06 00:00:00,A,330
8646,15370,2026-02-16 00:00:00,A,650
8647,15371,2025-08-14 00:00:00,C,712
8648,15372,2025-08-19 00:00:00,A,1187
8649,15374,2026-07-01 00:00:00,A,670
8650,15376,2025-10-31 00:00:00,B,777
8651,15378,2024-06-16 00:00:00,A,1208
8652,15379,2025-08-17 00:00:00,A,274
8653,15384,2023-09-01 00:00:00,A,52
8654,15385,2025-02-26 00:00:00,A,1005
8655,15386,2023-12-29 00:00:00,A,664
8656,15387,2025-12-09 00:00:00,A,1316
8657,15389,2025-01-17 00:00:00,B,1135
8658,15390,2025-08-11 00:00:00,C,775
8659,15394,2026-07-13 00:00:00,C,714
8660,15395,2026-02-07 00:00:00,C,699
8661,15396,2025-09-22 00:00:00,C,579
8662,15397,2024-01-24 00:00:00,A,18
8663,15402,2026-01-12 00:00:00,C,361
8664,15407,2025-03-24 00:00:00,A,1225
8665,15408,2026-03-09 00:00:00,A,1173
8666,15409,2024-11-05 00:00:00,A,121
8667,15412,2025-11-15 00:00:00,C,1151
8668,15414,2024-01-08 00:00:00,A,256
8669,15416,2025-02-02 00:00:00,A,914
8670,15418,2026-03-07 00:00:00,A,756
8671,15419,2026-07-13 00:00:00,A,1322
8672,15420,2023-11-27 00:00:00,A,222
8673,15421,2026-02-26 00:00:00,A,704
8674,15422,2024-06-13 00:00:00,A,218
8675,15423,2026-06-22 00:00:00,A,535
8676,15424,2025-05-24 00:00:00,A,446
8677,15426,2024-10-27 00:00:00,A,54
8678,15427,2026-05-30 00:00:00,A,1100
8679,15428,2026-04-09 00:00:00,A,89
8680,15429,2024-01-22 00:00:00,C,1336
8681,15431,2026-07-13 00:00:00,A,922
8682,15432,2024-11-01 00:00:00,A,462
8683,15433,2026-07-13 00:00:00,A,43
8684,15435,2025-09-09 00:00:00,A,1090
8685,15436,2026-07-13 00:00:00,A,931
8686,15438,2025-09-11 00:00:00,A,1150
8687,15439,2026-07-13 00:00:00,C,270
8688,15441,2026-07-13 00:00:00,A,556
8689,15442,2026-07-13 00:00:00,A,883
8690,15443,2024-03-19 00:00:00,A,377
8691,15447,2023-11-17 00:00:00,A,602
8692,15448,2026-01-14 00:00:00,A,15
8693,15449,2024-10-07 00:00:00,A,538
8694,15453,2025-05-20 00:00:00,B,540
8695,15454,2025-02-20 00:00:00,A,608
8696,15455,2026-03-06 00:00:00,C,158
8697,15456,2024-06-02 00:00:00,A,282
8698,15458,2023-05-28 00:00:00,A,1111
8699,15461,2023-12-28 00:00:00,A,97
8700,15462,2024-01-07 00:00:00,A,133
8701,15465,2025-06-26 00:00:00,A,826
8702,15467,2025-01-06 00:00:00,A,903
8703,15470,2025-12-20 00:00:00,A,825
8704,15471,2026-07-13 00:00:00,A,898
8705,15473,2025-01-30 00:00:00,A,75
8706,15478,2023-10-22 00:00:00,A,171
8707,15480,2024-01-04 00:00:00,A,1226
8708,15482,2025-07-05 00:00:00,A,864
8709,15483,2026-03-11 00:00:00,C,328
8710,15488,2024-04-01 00:00:00,A,803
8711,15492,2024-04-28 00:00:00,A,24
8712,15493,2026-06-15 00:00:00,C,1175
8713,15495,2023-06-08 00:00:00,A,109
8714,15496,2023-10-10 00:00:00,B,49
8715,15499,2023-11-08 00:00:00,B,526
8716,15503,2026-07-13 00:00:00,A,893
8717,15505,2025-02-08 00:00:00,A,454
8718,15506,2024-04-08 00:00:00,A,377
8719,15509,2025-07-29 00:00:00,C,671
8720,15510,2025-10-28 00:00:00,A,768
8721,15514,2026-01-14 00:00:00,B,19
8722,15515,2026-05-15 00:00:00,B,1162
8723,15516,2026-03-18 00:00:00,C,444
8724,15517,2025-07-08 00:00:00,B,1060
8725,15520,2026-02-19 00:00:00,A,402
8726,15522,2024-11-20 00:00:00,C,321
8727,15523,2023-08-25 00:00:00,A,1302
8728,15524,2026-07-13 00:00:00,B,1253
8729,15526,2025-06-29 00:00:00,A,880
8730,15536,2024-08-20 00:00:00,A,1199
8731,15542,2023-07-01 00:00:00,A,503
8732,15543,2024-06-14 00:00:00,A,917
8733,15544,2024-06-27 00:00:00,A,795
8734,15546,2024-01-24 00:00:00,C,920
8735,15549,2023-08-01 00:00:00,B,197
8736,15552,2025-01-19 00:00:00,A,524
8737,15554,2024-07-01 00:00:00,A,870
8738,15555,2025-05-20 00:00:00,A,1198
8739,15558,2024-02-19 00:00:00,C,768
8740,15559,2025-07-26 00:00:00,A,480
8741,15560,2025-03-24 00:00:00,A,101
8742,15562,2025-05-11 00:00:00,B,613
8743,15563,2026-05-27 00:00:00,A,625
8744,15564,2024-07-01 00:00:00,C,1242
8745,15566,2026-05-06 00:00:00,C,637
8746,15567,2024-09-30 00:00:00,A,789
8747,15569,2023-08-26 00:00:00,A,971
8748,15573,2025-09-14 00:00:00,A,1144
8749,15574,2023-11-03 00:00:00,B,127
8750,15575,2024-06-01 00:00:00,A,576
8751,15576,2025-08-14 00:00:00,A,54
8752,15580,2026-07-13 00:00:00,A,712
8753,15582,2023-03-17 00:00:00,A,1291
8754,15583,2025-04-21 00:00:00,A,292
8755,15585,2024-06-04 00:00:00,B,25
8756,15586,2025-12-30 00:00:00,A,393
8757,15587,2025-11-02 00:00:00,A,457
8758,15588,2026-01-02 00:00:00,A,1163
8759,15590,2025-07-31 00:00:00,A,68
8760,15591,2024-08-22 00:00:00,C,290
8761,15592,2025-07-16 00:00:00,A,588
8762,15593,2024-04-18 00:00:00,B,164
8763,15594,2026-05-22 00:00:00,A,754
8764,15596,2025-02-07 00:00:00,A,1019
8765,15597,2024-01-19 00:00:00,A,939
8766,15599,2024-11-04 00:00:00,A,1248
8767,15602,2025-02-02 00:00:00,A,1283
8768,15605,2026-06-15 00:00:00,A,1031
8769,15606,2023-12-02 00:00:00,A,431
8770,15607,2024-02-19 00:00:00,A,845
8771,15609,2024-01-18 00:00:00,A,871
8772,15610,2025-09-17 00:00:00,A,18
8773,15612,2023-08-27 00:00:00,A,950
8774,15615,2026-07-13 00:00:00,A,1067
8775,15616,2023-12-25 00:00:00,A,106
8776,15617,2026-07-12 00:00:00,C,267
8777,15618,2024-01-01 00:00:00,A,290
8778,15619,2024-08-31 00:00:00,A,36
8779,15620,2024-04-17 00:00:00,A,929
8780,15622,2024-05-13 00:00:00,A,1142
8781,15623,2026-07-13 00:00:00,C,40
8782,15625,2026-02-12 00:00:00,A,127
8783,15626,2026-07-13 00:00:00,B,401
8784,15627,2023-04-25 00:00:00,B,212
8785,15628,2026-07-13 00:00:00,B,471
8786,15632,2023-07-16 00:00:00,B,117
8787,15635,2026-07-13 00:00:00,B,370
8788,15636,2026-07-13 00:00:00,B,1003
8789,15637,2023-08-08 00:00:00,A,24
8790,15639,2025-06-09 00:00:00,A,1319
8791,15640,2025-10-09 00:00:00,A,717
8792,15642,2025-06-17 00:00:00,C,827
8793,15643,2023-08-29 00:00:00,A,1104
8794,15645,2023-09-17 00:00:00,C,202
8795,15646,2026-07-13 00:00:00,B,782
8796,15648,2025-04-06 00:00:00,C,1301
8797,15649,2023-05-25 00:00:00,A,534
8798,15650,2024-01-07 00:00:00,A,555
8799,15654,2026-03-15 00:00:00,A,28
8800,15656,2026-03-13 00:00:00,A,792
8801,15658,2026-04-27 00:00:00,A,317
8802,15659,2023-09-05 00:00:00,B,84
8803,15661,2024-07-15 00:00:00,C,899
8804,15663,2024-03-03 00:00:00,B,1102
8805,15664,2025-01-14 00:00:00,A,794
8806,15666,2025-02-25 00:00:00,A,462
8807,15669,2026-01-20 00:00:00,C,231
8808,15672,2025-11-15 00:00:00,A,607
8809,15673,2026-05-16 00:00:00,A,533
8810,15675,2023-10-01 00:00:00,A,1061
8811,15676,2024-10-17 00:00:00,A,510
8812,15677,2024-02-06 00:00:00,A,895
8813,15679,2025-10-25 00:00:00,A,353
8814,15680,2024-02-03 00:00:00,A,836
8815,15683,2026-01-14 00:00:00,A,1007
8816,15685,2023-10-01 00:00:00,A,1090
8817,15687,2024-02-07 00:00:00,A,92
8818,15688,2024-07-23 00:00:00,C,392
8819,15689,2024-09-19 00:00:00,A,669
8820,15693,2023-11-20 00:00:00,A,1019
8821,15694,2025-03-26 00:00:00,A,1306
8822,15695,2024-07-08 00:00:00,C,887
8823,15699,2026-05-07 00:00:00,C,1082
8824,15701,2024-10-24 00:00:00,A,487
8825,15703,2025-09-18 00:00:00,C,427
8826,15704,2023-11-11 00:00:00,A,867
8827,15705,2024-04-18 00:00:00,A,435
8828,15706,2023-04-20 00:00:00,A,273
8829,15707,2023-03-15 00:00:00,A,294
8830,15709,2024-06-28 00:00:00,A,89
8831,15712,2023-11-04 00:00:00,C,283
8832,15716,2025-04-18 00:00:00,B,905
8833,15718,2026-07-13 00:00:00,A,1065
8834,15723,2026-07-13 00:00:00,B,924
8835,15724,2026-04-10 00:00:00,A,517
8836,15725,2024-09-13 00:00:00,C,79
8837,15726,2026-05-23 00:00:00,A,980
8838,15727,2026-02-06 00:00:00,A,249
8839,15730,2023-06-29 00:00:00,A,886
8840,15732,2026-05-31 00:00:00,A,1087
8841,15733,2024-10-15 00:00:00,C,1128
8842,15736,2024-08-22 00:00:00,A,783
8843,15737,2025-07-18 00:00:00,C,1302
8844,15738,2023-05-15 00:00:00,A,353
8845,15743,2023-11-28 00:00:00,A,337
8846,15744,2024-12-21 00:00:00,A,481
8847,15746,2024-10-02 00:00:00,A,806
8848,15747,2025-05-08 00:00:00,A,1196
8849,15751,2023-07-30 00:00:00,A,744
8850,15754,2026-06-18 00:00:00,A,1122
8851,15755,2023-06-17 00:00:00,A,542
8852,15756,2024-02-12 00:00:00,A,463
8853,15757,2026-02-15 00:00:00,B,323
8854,15758,2026-07-13 00:00:00,A,990
8855,15759,2023-07-18 00:00:00,B,855
8856,15761,2026-07-13 00:00:00,C,1151
8857,15762,2026-07-13 00:00:00,A,70
8858,15764,2026-05-15 00:00:00,B,1034
8859,15768,2026-02-03 00:00:00,A,1157
8860,15769,2025-07-11 00:00:00,B,1301
8861,15770,2026-05-11 00:00:00,A,826
8862,15771,2026-07-13 00:00:00,C,240
8863,15772,2026-04-07 00:00:00,A,589
8864,15773,2024-04-18 00:00:00,C,1153
8865,15774,2025-03-17 00:00:00,C,1282
8866,15775,2024-07-11 00:00:00,A,1102
8867,15776,2025-08-15 00:00:00,A,1118
8868,15778,2023-06-01 00:00:00,A,30
8869,15782,2024-02-18 00:00:00,A,1232
8870,15783,2026-07-13 00:00:00,C,446
8871,15784,2026-07-13 00:00:00,A,872
8872,15785,2025-06-01 00:00:00,A,939
8873,15786,2024-05-23 00:00:00,C,508
8874,15788,2025-02-11 00:00:00,A,67
8875,15790,2024-11-15 00:00:00,A,311
8876,15791,2025-01-21 00:00:00,C,544
8877,15792,2024-09-22 00:00:00,A,1205
8878,15795,2024-06-09 00:00:00,A,721
8879,15800,2026-04-04 00:00:00,C,337
8880,15801,2023-10-19 00:00:00,A,448
8881,15804,2026-07-13 00:00:00,A,868
8882,15805,2025-03-18 00:00:00,C,1093
8883,15807,2024-07-05 00:00:00,C,358
8884,15808,2025-05-13 00:00:00,A,1024
8885,15809,2024-10-24 00:00:00,A,1138
8886,15810,2025-03-29 00:00:00,B,888
8887,15812,2023-11-03 00:00:00,A,1185
8888,15813,2024-06-10 00:00:00,A,594
8889,15814,2026-04-06 00:00:00,C,363
8890,15815,2024-06-08 00:00:00,A,1291
8891,15816,2025-01-29 00:00:00,A,1264
8892,15818,2023-11-07 00:00:00,A,154
8893,15819,2024-06-06 00:00:00,A,1247
8894,15821,2024-05-31 00:00:00,B,1211
8895,15823,2025-02-18 00:00:00,A,263
8896,15824,2024-03-13 00:00:00,A,1077
8897,15826,2023-10-31 00:00:00,A,287
8898,15827,2026-02-09 00:00:00,C,180
8899,15829,2025-01-10 00:00:00,A,1028
8900,15830,2025-04-24 00:00:00,A,545
8901,15832,2026-04-05 00:00:00,A,917
8902,15834,2025-06-29 00:00:00,A,341
8903,15835,2025-05-10 00:00:00,C,950
8904,15836,2023-11-27 00:00:00,A,521
8905,15837,2023-12-31 00:00:00,A,1189
8906,15839,2024-01-24 00:00:00,A,279
8907,15841,2026-02-20 00:00:00,A,233
8908,15842,2025-11-22 00:00:00,A,1196
8909,15844,2024-04-13 00:00:00,B,457
8910,15847,2025-08-14 00:00:00,A,982
8911,15848,2026-01-10 00:00:00,C,603
8912,15849,2026-07-13 00:00:00,C,1180
8913,15850,2023-12-08 00:00:00,C,1103
8914,15851,2025-05-12 00:00:00,A,15
8915,15852,2024-02-13 00:00:00,A,542
8916,15854,2025-02-01 00:00:00,A,1293
8917,15859,2024-07-14 00:00:00,A,1297
8918,15860,2025-01-04 00:00:00,A,699
8919,15862,2024-06-01 00:00:00,A,769
8920,15864,2025-06-27 00:00:00,C,277
8921,15865,2025-07-28 00:00:00,A,1174
8922,15869,2026-02-02 00:00:00,A,83
8923,15870,2023-07-22 00:00:00,A,107
8924,15871,2026-07-13 00:00:00,A,691
8925,15874,2024-10-04 00:00:00,A,962
8926,15875,2025-06-01 00:00:00,A,302
8927,15879,2026-07-13 00:00:00,A,599
8928,15880,2026-07-13 00:00:00,C,821
8929,15882,2024-03-21 00:00:00,A,923
8930,15884,2025-09-10 00:00:00,A,14
8931,15886,2023-11-23 00:00:00,A,289
8932,15888,2024-02-25 00:00:00,A,674
8933,15892,2025-06-27 00:00:00,C,749
8934,15893,2024-03-03 00:00:00,A,1118
8935,15894,2026-03-31 00:00:00,C,1062
8936,15896,2024-12-17 00:00:00,A,1330
8937,15898,2026-07-13 00:00:00,A,398
8938,15899,2024-08-28 00:00:00,A,548
8939,15902,2024-06-29 00:00:00,A,828
8940,15903,2026-01-18 00:00:00,A,361
8941,15904,2026-05-01 00:00:00,A,63
8942,15905,2024-08-10 00:00:00,C,1325
8943,15909,2025-06-03 00:00:00,C,1045
8944,15912,2025-02-26 00:00:00,C,1307
8945,15913,2026-04-07 00:00:00,A,955
8946,15916,2025-07-31 00:00:00,A,243
8947,15917,2023-08-16 00:00:00,A,369
8948,15919,2023-08-07 00:00:00,A,610
8949,15922,2025-03-19 00:00:00,C,647
8950,15923,2024-06-01 00:00:00,B,1153
8951,15924,2024-01-20 00:00:00,A,607
8952,15925,2026-07-13 00:00:00,B,49
8953,15926,2023-04-11 00:00:00,A,54
8954,15927,2025-02-15 00:00:00,B,220
8955,15928,2025-09-28 00:00:00,C,398
8956,15930,2023-02-26 00:00:00,A,605
8957,15931,2024-10-25 00:00:00,A,1212
8958,15933,2023-11-27 00:00:00,C,805
8959,15936,2024-11-12 00:00:00,A,1011
8960,15937,2025-10-28 00:00:00,C,1043
8961,15939,2026-04-26 00:00:00,A,251
8962,15940,2025-12-27 00:00:00,A,469
8963,15943,2025-10-23 00:00:00,A,563
8964,15946,2025-12-19 00:00:00,A,122
8965,15948,2026-07-13 00:00:00,A,250
8966,15952,2024-04-22 00:00:00,A,820
8967,15953,2023-05-29 00:00:00,A,1278
8968,15954,2024-08-05 00:00:00,A,1205
8969,15956,2023-03-11 00:00:00,A,1195
8970,15959,2026-06-17 00:00:00,A,1286
8971,15961,2024-07-25 00:00:00,A,879
8972,15965,2025-11-05 00:00:00,A,961
8973,15966,2025-01-03 00:00:00,A,17
8974,15967,2026-07-13 00:00:00,A,528
8975,15973,2025-05-07 00:00:00,A,672
8976,15974,2023-03-17 00:00:00,A,1275
8977,15975,2026-06-12 00:00:00,C,795
8978,15977,2024-04-18 00:00:00,A,1130
8979,15978,2025-06-13 00:00:00,B,237
8980,15981,2025-10-13 00:00:00,B,1187
8981,15982,2025-09-17 00:00:00,A,589
8982,15983,2024-05-20 00:00:00,A,267
8983,15984,2025-08-24 00:00:00,A,532
8984,15990,2025-08-10 00:00:00,A,1035
8985,15991,2023-07-17 00:00:00,A,407
8986,15994,2023-11-26 00:00:00,A,665
8987,15995,2024-03-19 00:00:00,A,1208
8988,15997,2024-08-18 00:00:00,A,151
8989,16000,2026-03-31 00:00:00,C,248
8990,16001,2023-07-29 00:00:00,A,60
8991,16003,2026-06-12 00:00:00,C,1203
8992,16004,2024-01-16 00:00:00,A,971
8993,16006,2023-07-31 00:00:00,A,1207
8994,16007,2025-03-15 00:00:00,A,412
8995,16011,2023-06-19 00:00:00,C,607
8996,16012,2025-05-02 00:00:00,A,845
8997,16014,2023-08-01 00:00:00,A,925
8998,16015,2026-04-09 00:00:00,A,373
8999,16016,2024-01-09 00:00:00,A,1130
9000,16018,2023-03-29 00:00:00,A,722
9001,16025,2024-12-10 00:00:00,A,938
9002,16028,2025-09-03 00:00:00,A,126
9003,16029,2026-04-05 00:00:00,C,457
9004,16039,2024-03-12 00:00:00,B,356
9005,16040,2024-11-02 00:00:00,A,261
9006,16041,2024-04-04 00:00:00,A,8
9007,16042,2025-03-27 00:00:00,A,673
9008,16043,2024-02-11 00:00:00,A,405
9009,16044,2026-02-18 00:00:00,A,399
9010,16045,2023-12-21 00:00:00,C,1151
9011,16046,2023-10-29 00:00:00,A,967
9012,16049,2025-06-30 00:00:00,C,213
9013,16052,2024-12-09 00:00:00,A,954
9014,16057,2024-07-06 00:00:00,A,428
9015,16058,2025-05-23 00:00:00,A,1091
9016,16060,2026-04-29 00:00:00,A,1077
9017,16062,2023-05-25 00:00:00,A,331
9018,16064,2024-11-12 00:00:00,A,856
9019,16065,2026-04-08 00:00:00,A,970
9020,16069,2025-06-09 00:00:00,A,841
9021,16070,2025-07-29 00:00:00,A,996
9022,16072,2025-07-10 00:00:00,C,65
9023,16073,2025-09-25 00:00:00,A,103
9024,16075,2024-01-17 00:00:00,A,672
9025,16080,2024-03-11 00:00:00,A,676
9026,16081,2025-06-22 00:00:00,A,443
9027,16083,2024-02-19 00:00:00,C,1216
9028,16084,2025-02-01 00:00:00,C,1297
9029,16086,2026-01-07 00:00:00,C,322
9030,16089,2026-03-15 00:00:00,B,159
9031,16091,2025-09-14 00:00:00,A,1150
9032,16093,2025-03-16 00:00:00,A,833
9033,16094,2024-05-16 00:00:00,A,293
9034,16095,2024-09-20 00:00:00,A,951
9035,16096,2025-03-20 00:00:00,A,1161
9036,16097,2025-05-17 00:00:00,C,1041
9037,16098,2023-05-29 00:00:00,A,1034
9038,16099,2023-06-09 00:00:00,C,37
9039,16100,2025-10-09 00:00:00,C,720
9040,16102,2026-07-13 00:00:00,A,983
9041,16103,2026-07-13 00:00:00,C,1209
9042,16105,2026-01-25 00:00:00,A,32
9043,16110,2023-09-21 00:00:00,A,1021
9044,16112,2024-05-04 00:00:00,A,985
9045,16114,2023-08-22 00:00:00,C,48
9046,16117,2023-06-21 00:00:00,A,1328
9047,16118,2024-03-24 00:00:00,C,296
9048,16119,2026-03-20 00:00:00,A,901
9049,16120,2023-09-02 00:00:00,A,319
9050,16123,2025-05-19 00:00:00,C,197
9051,16125,2024-01-23 00:00:00,A,1315
9052,16126,2026-07-13 00:00:00,C,445
9053,16127,2025-06-24 00:00:00,B,12
9054,16131,2026-01-01 00:00:00,A,949
9055,16132,2024-04-10 00:00:00,B,48
9056,16134,2025-04-16 00:00:00,C,729
9057,16137,2024-04-30 00:00:00,C,375
9058,16138,2026-03-12 00:00:00,C,289
9059,16140,2025-09-13 00:00:00,A,1080
9060,16143,2025-12-01 00:00:00,A,352
9061,16144,2026-06-11 00:00:00,C,791
9062,16145,2023-08-25 00:00:00,A,107
9063,16147,2026-02-04 00:00:00,A,1316
9064,16151,2024-05-22 00:00:00,C,355
9065,16154,2026-06-19 00:00:00,A,492
9066,16156,2024-11-26 00:00:00,A,262
9067,16157,2025-07-07 00:00:00,A,1149
9068,16159,2024-03-18 00:00:00,C,44
9069,16161,2025-03-02 00:00:00,A,259
9070,16163,2024-07-08 00:00:00,A,762
9071,16168,2025-06-13 00:00:00,A,721
9072,16169,2024-11-03 00:00:00,A,1050
9073,16170,2025-09-09 00:00:00,A,1309
9074,16171,2024-10-21 00:00:00,A,156
9075,16172,2023-08-12 00:00:00,A,430
9076,16174,2023-06-19 00:00:00,A,765
9077,16175,2025-02-13 00:00:00,A,690
9078,16179,2023-09-15 00:00:00,A,970
9079,16181,2024-07-28 00:00:00,C,774
9080,16182,2024-01-26 00:00:00,A,9
9081,16183,2026-05-25 00:00:00,A,605
9082,16184,2025-08-28 00:00:00,A,1061
9083,16185,2025-12-11 00:00:00,A,621
9084,16187,2026-07-13 00:00:00,B,258
9085,16188,2025-09-09 00:00:00,A,602
9086,16189,2024-11-04 00:00:00,C,1297
9087,16193,2025-07-10 00:00:00,A,150
9088,16196,2026-03-06 00:00:00,C,150
9089,16197,2024-01-17 00:00:00,A,1109
9090,16198,2025-08-23 00:00:00,A,1308
9091,16201,2024-02-23 00:00:00,A,805
9092,16202,2025-12-15 00:00:00,A,242
9093,16204,2025-12-29 00:00:00,C,1007
9094,16206,2023-11-23 00:00:00,A,475
9095,16207,2025-08-13 00:00:00,A,1103
9096,16210,2024-07-23 00:00:00,A,594
9097,16213,2023-07-28 00:00:00,A,746
9098,16214,2025-06-24 00:00:00,A,715
9099,16216,2025-11-14 00:00:00,C,1053
9100,16217,2024-08-29 00:00:00,B,1202
9101,16218,2026-05-26 00:00:00,A,128
9102,16220,2023-09-25 00:00:00,A,467
9103,16223,2025-08-19 00:00:00,C,912
9104,16224,2026-03-22 00:00:00,A,91
9105,16226,2024-01-15 00:00:00,C,582
9106,16229,2024-02-13 00:00:00,C,1308
9107,16230,2025-07-08 00:00:00,A,896
9108,16232,2023-12-06 00:00:00,A,104
9109,16233,2025-03-23 00:00:00,A,143
9110,16234,2026-07-13 00:00:00,A,750
9111,16236,2025-02-28 00:00:00,A,441
9112,16238,2024-12-02 00:00:00,A,538
9113,16239,2023-12-07 00:00:00,A,879
9114,16240,2025-08-11 00:00:00,C,507
9115,16244,2026-06-04 00:00:00,A,292
9116,16245,2026-03-19 00:00:00,B,377
9117,16249,2023-09-09 00:00:00,A,802
9118,16251,2024-05-24 00:00:00,A,166
9119,16252,2023-06-03 00:00:00,A,519
9120,16253,2026-06-19 00:00:00,A,939
9121,16254,2025-11-29 00:00:00,B,1028
9122,16255,2026-05-29 00:00:00,B,215
9123,16256,2026-07-13 00:00:00,A,617
9124,16258,2025-11-18 00:00:00,A,1197
9125,16260,2026-05-28 00:00:00,A,691
9126,16261,2026-02-27 00:00:00,A,670
9127,16262,2026-04-30 00:00:00,B,1179
9128,16263,2024-09-05 00:00:00,A,616
9129,16266,2026-06-30 00:00:00,A,1072
9130,16267,2025-11-03 00:00:00,A,169
9131,16268,2025-02-22 00:00:00,A,22
9132,16270,2023-04-23 00:00:00,B,159
9133,16272,2024-10-03 00:00:00,B,1227
9134,16273,2026-04-20 00:00:00,A,1182
9135,16274,2026-07-13 00:00:00,A,668
9136,16275,2025-07-02 00:00:00,A,1321
9137,16277,2026-01-14 00:00:00,C,735
9138,16278,2025-03-06 00:00:00,A,919
9139,16280,2025-09-16 00:00:00,A,839
9140,16281,2025-07-13 00:00:00,A,878
9141,16282,2024-08-10 00:00:00,B,670
9142,16285,2025-04-17 00:00:00,A,645
9143,16286,2025-10-19 00:00:00,A,1278
9144,16290,2025-06-14 00:00:00,B,286
9145,16292,2024-06-09 00:00:00,A,1111
9146,16293,2023-12-08 00:00:00,B,317
9147,16295,2025-12-09 00:00:00,A,559
9148,16300,2025-04-03 00:00:00,A,924
9149,16302,2024-03-29 00:00:00,A,807
9150,16303,2025-11-18 00:00:00,A,81
9151,16304,2024-05-27 00:00:00,A,939
9152,16306,2026-02-19 00:00:00,C,1054
9153,16307,2023-07-09 00:00:00,B,927
9154,16310,2024-07-04 00:00:00,A,405
9155,16311,2025-03-05 00:00:00,A,82
9156,16313,2024-05-31 00:00:00,A,700
9157,16315,2025-12-10 00:00:00,A,988
9158,16317,2024-11-03 00:00:00,A,1129
9159,16318,2023-11-19 00:00:00,A,1090
9160,16319,2025-07-30 00:00:00,C,966
9161,16322,2026-06-30 00:00:00,A,400
9162,16323,2023-06-18 00:00:00,B,950
9163,16324,2026-07-13 00:00:00,A,1023
9164,16325,2024-09-05 00:00:00,A,1177
9165,16327,2023-06-11 00:00:00,A,476
9166,16328,2025-10-07 00:00:00,C,198
9167,16329,2024-10-19 00:00:00,A,1143
9168,16330,2025-04-07 00:00:00,A,863
9169,16331,2024-04-11 00:00:00,A,109
9170,16332,2025-05-20 00:00:00,A,1091
9171,16334,2026-07-11 00:00:00,C,152
9172,16335,2024-04-05 00:00:00,A,1261
9173,16337,2024-04-22 00:00:00,A,1002
9174,16338,2023-12-09 00:00:00,A,852
9175,16339,2024-04-10 00:00:00,A,222
9176,16340,2026-07-13 00:00:00,C,558
9177,16341,2026-05-18 00:00:00,A,783
9178,16344,2023-11-30 00:00:00,C,523
9179,16346,2026-01-21 00:00:00,A,627
9180,16347,2025-05-12 00:00:00,A,1068
9181,16348,2025-02-04 00:00:00,A,605
9182,16349,2024-12-07 00:00:00,A,186
9183,16354,2026-07-13 00:00:00,A,381
9184,16356,2024-04-26 00:00:00,A,1263
9185,16357,2024-11-30 00:00:00,A,650
9186,16358,2026-07-13 00:00:00,C,513
9187,16359,2025-06-04 00:00:00,A,10
9188,16360,2023-07-02 00:00:00,A,1042
9189,16362,2023-11-30 00:00:00,B,959
9190,16364,2025-09-22 00:00:00,A,230
9191,16367,2026-07-06 00:00:00,A,598
9192,16368,2023-12-26 00:00:00,A,331
9193,16375,2026-02-21 00:00:00,B,753
9194,16379,2025-10-06 00:00:00,C,1050
9195,16380,2025-01-10 00:00:00,C,340
9196,16381,2024-08-19 00:00:00,B,510
9197,16382,2024-05-09 00:00:00,C,290
9198,16383,2024-02-19 00:00:00,A,475
9199,16384,2025-12-29 00:00:00,A,600
9200,16385,2024-07-09 00:00:00,A,450
9201,16386,2025-12-24 00:00:00,A,705
9202,16387,2024-07-19 00:00:00,B,58
9203,16390,2026-07-13 00:00:00,A,723
9204,16391,2024-12-08 00:00:00,A,59
9205,16393,2024-02-16 00:00:00,B,251
9206,16394,2025-02-20 00:00:00,A,1334
9207,16395,2024-05-21 00:00:00,C,638
9208,16397,2025-10-19 00:00:00,A,449
9209,16399,2024-03-25 00:00:00,A,507
9210,16400,2026-03-12 00:00:00,C,1110
9211,16403,2025-12-25 00:00:00,A,53
9212,16404,2025-06-15 00:00:00,A,1281
9213,16405,2024-01-19 00:00:00,A,758
9214,16406,2023-07-18 00:00:00,A,923
9215,16407,2024-11-11 00:00:00,A,358
9216,16409,2025-11-18 00:00:00,C,353
9217,16410,2023-07-31 00:00:00,A,419
9218,16411,2024-03-15 00:00:00,A,397
9219,16412,2024-11-29 00:00:00,A,1211
9220,16415,2025-06-12 00:00:00,A,1115
9221,16417,2025-04-23 00:00:00,B,884
9222,16419,2023-04-03 00:00:00,A,1287
9223,16421,2025-05-02 00:00:00,B,68
9224,16422,2025-09-03 00:00:00,C,985
9225,16426,2025-08-24 00:00:00,B,489
9226,16427,2023-08-07 00:00:00,A,984
9227,16428,2025-08-24 00:00:00,A,110
9228,16429,2025-02-23 00:00:00,A,775
9229,16430,2025-07-08 00:00:00,A,710
9230,16433,2024-09-25 00:00:00,A,94
9231,16435,2024-05-26 00:00:00,A,768
9232,16436,2025-04-14 00:00:00,A,233
9233,16437,2024-01-28 00:00:00,A,520
9234,16439,2026-07-13 00:00:00,A,337
9235,16440,2024-05-11 00:00:00,A,1270
9236,16441,2024-02-26 00:00:00,A,1300
9237,16442,2026-04-19 00:00:00,A,163
9238,16445,2024-01-02 00:00:00,C,1151
9239,16449,2026-04-16 00:00:00,A,765
9240,16450,2025-07-08 00:00:00,A,600
9241,16451,2024-04-14 00:00:00,A,283
9242,16452,2024-04-11 00:00:00,A,356
9243,16453,2026-07-13 00:00:00,A,1026
9244,16454,2024-09-17 00:00:00,B,27
9245,16455,2025-01-20 00:00:00,A,523
9246,16457,2023-11-19 00:00:00,A,728
9247,16459,2026-01-20 00:00:00,A,102
9248,16461,2026-07-13 00:00:00,A,541
9249,16462,2024-06-26 00:00:00,C,566
9250,16463,2025-03-21 00:00:00,A,314
9251,16466,2024-08-26 00:00:00,A,549
9252,16468,2025-10-04 00:00:00,A,941
9253,16470,2026-03-16 00:00:00,A,548
9254,16472,2026-04-30 00:00:00,A,1006
9255,16473,2025-04-14 00:00:00,A,1312
9256,16476,2025-04-13 00:00:00,C,274
9257,16477,2026-03-01 00:00:00,C,219
9258,16479,2025-06-06 00:00:00,C,21
9259,16480,2024-02-09 00:00:00,A,500
9260,16483,2025-04-20 00:00:00,C,539
9261,16484,2023-08-18 00:00:00,A,37
9262,16486,2024-12-09 00:00:00,C,604
9263,16488,2024-01-01 00:00:00,A,656
9264,16489,2023-07-27 00:00:00,A,1018
9265,16491,2023-06-25 00:00:00,A,278
9266,16492,2024-12-24 00:00:00,A,993
9267,16494,2025-02-07 00:00:00,A,1273
9268,16495,2026-07-13 00:00:00,A,1202
9269,16497,2023-08-16 00:00:00,A,1130
9270,16498,2025-07-04 00:00:00,A,506
9271,16499,2024-06-26 00:00:00,A,259
9272,16500,2026-07-13 00:00:00,A,233
9273,16502,2026-01-10 00:00:00,A,831
9274,16503,2023-06-23 00:00:00,A,1141
9275,16506,2024-08-26 00:00:00,A,84
9276,16507,2024-01-18 00:00:00,A,135
9277,16508,2024-01-07 00:00:00,A,1037
9278,16510,2023-05-19 00:00:00,A,855
9279,16512,2024-09-08 00:00:00,A,61
9280,16513,2023-05-07 00:00:00,B,1017
9281,16515,2025-12-15 00:00:00,A,863
9282,16517,2024-01-30 00:00:00,A,91
9283,16518,2024-09-18 00:00:00,A,339
9284,16519,2025-04-28 00:00:00,A,1058
9285,16520,2026-02-19 00:00:00,A,227
9286,16521,2024-08-15 00:00:00,A,655
9287,16525,2026-07-13 00:00:00,A,1237
9288,16527,2023-07-07 00:00:00,A,237
9289,16528,2024-06-17 00:00:00,A,924
9290,16530,2025-01-25 00:00:00,A,928
9291,16533,2023-06-20 00:00:00,A,82
9292,16534,2024-04-03 00:00:00,A,570
9293,16535,2024-11-30 00:00:00,A,840
9294,16538,2023-10-18 00:00:00,A,297
9295,16542,2026-07-13 00:00:00,A,1145
9296,16543,2025-01-09 00:00:00,A,651
9297,16548,2023-12-16 00:00:00,A,667
9298,16549,2026-01-09 00:00:00,A,37
9299,16553,2025-01-08 00:00:00,A,126
9300,16554,2025-03-27 00:00:00,B,1286
9301,16555,2025-05-29 00:00:00,A,1228
9302,16558,2023-05-22 00:00:00,A,533
9303,16561,2023-08-30 00:00:00,A,692
9304,16564,2026-02-27 00:00:00,C,780
9305,16565,2024-01-11 00:00:00,A,95
9306,16567,2026-04-16 00:00:00,A,630
9307,16570,2026-05-02 00:00:00,A,571
9308,16573,2025-10-07 00:00:00,A,1098
9309,16575,2026-06-21 00:00:00,C,417
9310,16576,2023-12-15 00:00:00,A,1149
9311,16577,2026-06-24 00:00:00,A,846
9312,16578,2025-01-25 00:00:00,A,625
9313,16579,2024-09-02 00:00:00,A,653
9314,16580,2023-10-09 00:00:00,C,506
9315,16582,2026-07-13 00:00:00,A,1022
9316,16583,2023-09-27 00:00:00,A,230
9317,16584,2025-03-11 00:00:00,A,1265
9318,16586,2026-07-13 00:00:00,A,119
9319,16587,2025-11-19 00:00:00,B,304
9320,16588,2024-10-02 00:00:00,A,1112
9321,16589,2023-12-17 00:00:00,A,679
9322,16590,2026-03-25 00:00:00,A,787
9323,16591,2025-05-19 00:00:00,A,320
9324,16593,2023-10-06 00:00:00,B,856
9325,16594,2026-07-13 00:00:00,A,139
9326,16595,2026-07-13 00:00:00,A,477
9327,16596,2023-08-14 00:00:00,A,899
9328,16601,2026-07-13 00:00:00,A,75
9329,16603,2023-12-04 00:00:00,A,703
9330,16605,2026-02-14 00:00:00,A,1078
9331,16606,2023-11-25 00:00:00,A,818
9332,16608,2025-07-19 00:00:00,B,1058
9333,16609,2024-04-05 00:00:00,A,1076
9334,16610,2025-04-17 00:00:00,A,182
9335,16611,2023-07-28 00:00:00,A,548
9336,16617,2026-03-08 00:00:00,C,905
9337,16618,2024-11-09 00:00:00,A,802
9338,16619,2024-07-27 00:00:00,A,639
9339,16620,2026-07-13 00:00:00,A,694
9340,16621,2025-07-24 00:00:00,C,1165
9341,16622,2026-02-15 00:00:00,C,1302
9342,16623,2023-06-22 00:00:00,A,1296
9343,16625,2025-05-22 00:00:00,C,775
9344,16626,2025-06-13 00:00:00,A,489
9345,16628,2026-03-26 00:00:00,A,24
9346,16631,2024-02-03 00:00:00,C,334
9347,16632,2026-07-13 00:00:00,C,415
9348,16633,2024-09-15 00:00:00,C,545
9349,16636,2024-09-05 00:00:00,A,1019
9350,16638,2023-08-09 00:00:00,C,1077
9351,16639,2025-05-08 00:00:00,A,1042
9352,16643,2024-04-14 00:00:00,A,838
9353,16644,2025-10-13 00:00:00,A,514
9354,16645,2025-04-18 00:00:00,A,775
9355,16648,2023-08-30 00:00:00,C,324
9356,16650,2023-12-06 00:00:00,B,1103
9357,16654,2025-10-28 00:00:00,A,1307
9358,16655,2026-07-13 00:00:00,A,758
9359,16657,2026-07-13 00:00:00,A,1206
9360,16658,2024-08-25 00:00:00,A,861
9361,16659,2026-01-11 00:00:00,B,341
9362,16660,2023-05-08 00:00:00,A,671
9363,16662,2026-05-21 00:00:00,A,540
9364,16663,2026-07-13 00:00:00,A,1040
9365,16664,2025-07-31 00:00:00,A,856
9366,16666,2025-08-25 00:00:00,A,1329
9367,16672,2024-11-16 00:00:00,A,620
9368,16673,2025-06-04 00:00:00,A,290
9369,16676,2025-07-18 00:00:00,A,705
9370,16677,2026-07-13 00:00:00,C,1259
9371,16679,2024-11-04 00:00:00,A,393
9372,16680,2023-11-30 00:00:00,A,856
9373,16681,2024-11-20 00:00:00,A,729
9374,16682,2023-09-10 00:00:00,B,1223
9375,16683,2024-09-26 00:00:00,A,994
9376,16686,2024-10-19 00:00:00,A,942
9377,16687,2026-07-13 00:00:00,A,317
9378,16688,2026-05-19 00:00:00,B,511
9379,16690,2026-07-13 00:00:00,A,1294
9380,16691,2025-04-08 00:00:00,A,699
9381,16694,2025-01-05 00:00:00,A,406
9382,16697,2025-02-10 00:00:00,A,138
9383,16698,2025-11-10 00:00:00,A,156
9384,16699,2023-04-17 00:00:00,A,134
9385,16701,2025-01-05 00:00:00,A,1168
9386,16702,2026-03-28 00:00:00,A,553
9387,16704,2024-07-24 00:00:00,C,1209
9388,16708,2026-07-09 00:00:00,C,282
9389,16709,2026-07-13 00:00:00,A,904
9390,16710,2026-07-12 00:00:00,A,491
9391,16711,2026-05-08 00:00:00,A,86
9392,16715,2025-03-21 00:00:00,A,747
9393,16716,2026-07-13 00:00:00,C,1225
9394,16719,2026-07-13 00:00:00,A,446
9395,16723,2025-03-21 00:00:00,C,134
9396,16724,2024-06-05 00:00:00,A,545
9397,16730,2025-09-08 00:00:00,A,1101
9398,16732,2024-07-24 00:00:00,A,485
9399,16734,2023-04-17 00:00:00,C,224
9400,16735,2025-06-16 00:00:00,C,548
9401,16736,2025-09-18 00:00:00,A,813
9402,16737,2025-06-04 00:00:00,A,11
9403,16739,2025-09-26 00:00:00,C,784
9404,16740,2024-01-27 00:00:00,A,819
9405,16741,2023-10-10 00:00:00,A,771
9406,16743,2026-03-18 00:00:00,A,1038
9407,16746,2024-07-24 00:00:00,A,366
9408,16748,2024-06-19 00:00:00,A,222
9409,16750,2026-02-07 00:00:00,A,644
9410,16751,2023-07-09 00:00:00,A,645
9411,16755,2023-11-07 00:00:00,A,543
9412,16756,2026-05-14 00:00:00,C,92
9413,16759,2026-07-13 00:00:00,C,704
9414,16760,2026-07-13 00:00:00,A,800
9415,16763,2026-05-19 00:00:00,A,1279
9416,16767,2023-04-15 00:00:00,A,746
9417,16768,2024-04-06 00:00:00,A,676
9418,16770,2024-02-14 00:00:00,A,59
9419,16771,2024-12-02 00:00:00,A,447
9420,16773,2024-08-28 00:00:00,A,170
9421,16775,2024-04-21 00:00:00,C,863
9422,16778,2025-09-14 00:00:00,A,595
9423,16781,2026-07-13 00:00:00,A,549
9424,16782,2024-04-01 00:00:00,A,272
9425,16784,2024-10-30 00:00:00,A,832
9426,16785,2025-11-12 00:00:00,B,1313
9427,16787,2024-01-18 00:00:00,A,1169
9428,16790,2025-01-24 00:00:00,A,1224
9429,16791,2026-04-20 00:00:00,C,876
9430,16792,2024-05-30 00:00:00,A,454
9431,16793,2025-10-11 00:00:00,A,185
9432,16794,2024-12-02 00:00:00,A,828
9433,16796,2025-04-21 00:00:00,A,487
9434,16803,2024-10-11 00:00:00,A,97
9435,16804,2026-05-06 00:00:00,A,620
9436,16805,2026-07-13 00:00:00,C,493
9437,16807,2025-05-31 00:00:00,B,340
9438,16808,2025-11-23 00:00:00,A,919
9439,16811,2024-01-30 00:00:00,A,686
9440,16812,2025-08-03 00:00:00,A,801
9441,16813,2024-10-09 00:00:00,A,89
9442,16814,2024-01-04 00:00:00,A,329
9443,16817,2026-03-05 00:00:00,C,334
9444,16818,2025-12-17 00:00:00,A,241
9445,16821,2026-03-12 00:00:00,B,964
9446,16822,2025-05-08 00:00:00,A,1223
9447,16823,2025-04-15 00:00:00,A,1172
9448,16826,2026-05-30 00:00:00,A,425
9449,16827,2026-01-23 00:00:00,C,1205
9450,16829,2026-04-04 00:00:00,A,757
9451,16832,2023-09-10 00:00:00,A,409
9452,16835,2024-07-07 00:00:00,A,324
9453,16843,2026-04-27 00:00:00,C,670
9454,16846,2026-06-09 00:00:00,A,546
9455,16847,2025-05-03 00:00:00,C,709
9456,16849,2023-07-29 00:00:00,A,1269
9457,16850,2026-07-13 00:00:00,A,333
9458,16851,2026-07-13 00:00:00,A,1001
9459,16852,2025-01-09 00:00:00,C,18
9460,16854,2026-03-10 00:00:00,A,1201
9461,16857,2023-07-09 00:00:00,A,137
9462,16858,2024-01-17 00:00:00,A,204
9463,16859,2026-02-27 00:00:00,A,1096
9464,16861,2026-06-12 00:00:00,A,946
9465,16862,2024-09-28 00:00:00,A,253
9466,16864,2025-03-08 00:00:00,C,82
9467,16865,2024-01-24 00:00:00,A,394
9468,16866,2026-07-13 00:00:00,A,52
9469,16867,2025-08-16 00:00:00,A,769
9470,16868,2026-03-31 00:00:00,A,625
9471,16871,2025-03-29 00:00:00,A,1180
9472,16873,2025-09-16 00:00:00,B,81
9473,16874,2023-09-26 00:00:00,A,1029
9474,16875,2025-06-08 00:00:00,A,1088
9475,16878,2024-03-06 00:00:00,A,895
9476,16879,2025-03-29 00:00:00,A,820
9477,16882,2023-03-21 00:00:00,A,384
9478,16884,2026-02-05 00:00:00,A,989
9479,16885,2026-07-13 00:00:00,C,1005
9480,16887,2024-02-18 00:00:00,A,166
9481,16891,2026-05-04 00:00:00,A,98
9482,16893,2023-08-24 00:00:00,A,1043
9483,16894,2026-07-13 00:00:00,A,906
9484,16895,2023-07-18 00:00:00,A,510
9485,16896,2025-09-21 00:00:00,C,581
9486,16897,2025-08-13 00:00:00,C,316
9487,16899,2024-02-22 00:00:00,A,269
9488,16902,2023-10-31 00:00:00,C,17
9489,16904,2024-07-24 00:00:00,A,1140
9490,16905,2024-10-10 00:00:00,A,575
9491,16907,2025-03-23 00:00:00,A,1094
9492,16909,2026-07-13 00:00:00,A,244
9493,16910,2025-12-26 00:00:00,A,945
9494,16915,2024-04-29 00:00:00,A,7
9495,16917,2023-12-03 00:00:00,A,930
9496,16919,2025-08-17 00:00:00,C,970
9497,16920,2024-03-06 00:00:00,A,1005
9498,16921,2023-11-29 00:00:00,A,447
9499,16925,2024-11-05 00:00:00,A,309
9500,16926,2024-10-22 00:00:00,A,825
9501,16927,2026-07-13 00:00:00,A,1152
9502,16929,2025-01-15 00:00:00,A,608
9503,16930,2026-07-13 00:00:00,A,547
9504,16932,2026-02-23 00:00:00,A,1281
9505,16934,2023-12-22 00:00:00,A,208
9506,16935,2025-01-12 00:00:00,B,209
9507,16939,2026-01-02 00:00:00,A,1149
9508,16940,2025-02-28 00:00:00,B,1013
9509,16944,2025-09-22 00:00:00,A,779
9510,16946,2025-09-02 00:00:00,A,114
9511,16948,2026-07-13 00:00:00,C,1162
9512,16949,2025-10-26 00:00:00,A,1203
9513,16951,2026-06-30 00:00:00,A,415
9514,16952,2023-05-15 00:00:00,A,529
9515,16954,2026-07-13 00:00:00,C,424
9516,16955,2024-07-26 00:00:00,C,1081
9517,16957,2026-03-23 00:00:00,C,350
9518,16958,2024-06-06 00:00:00,A,918
9519,16961,2023-07-05 00:00:00,A,1127
9520,16962,2026-07-02 00:00:00,A,625
9521,16964,2024-11-26 00:00:00,C,91
9522,16965,2026-04-28 00:00:00,A,1288
9523,16969,2026-04-25 00:00:00,A,832
9524,16971,2023-08-20 00:00:00,A,195
9525,16972,2025-04-16 00:00:00,B,290
9526,16974,2025-10-02 00:00:00,B,641
9527,16975,2023-12-13 00:00:00,A,1152
9528,16977,2025-04-12 00:00:00,A,619
9529,16978,2025-12-07 00:00:00,A,1303
9530,16979,2023-08-31 00:00:00,A,797
9531,16980,2024-03-22 00:00:00,A,522
9532,16981,2025-11-30 00:00:00,A,453
9533,16982,2024-09-18 00:00:00,A,904
9534,16983,2025-06-08 00:00:00,A,677
9535,16984,2025-12-19 00:00:00,B,1064
9536,16985,2024-02-20 00:00:00,A,1203
9537,16986,2025-03-25 00:00:00,B,491
9538,16988,2025-11-09 00:00:00,A,1009
9539,16990,2024-04-05 00:00:00,A,993
9540,16992,2025-12-30 00:00:00,A,1054
9541,16993,2024-07-06 00:00:00,A,314
9542,16994,2026-07-10 00:00:00,C,1031
9543,16997,2024-01-12 00:00:00,C,675
9544,16999,2024-11-20 00:00:00,C,1204
9545,17002,2024-02-06 00:00:00,C,244
9546,17003,2026-03-11 00:00:00,A,511
9547,17005,2026-04-17 00:00:00,A,550
9548,17006,2024-04-02 00:00:00,A,740
9549,17007,2025-11-09 00:00:00,A,304
9550,17009,2025-03-22 00:00:00,A,914
9551,17010,2026-07-13 00:00:00,A,648
9552,17011,2026-06-14 00:00:00,A,11
9553,17012,2024-04-26 00:00:00,A,84
9554,17016,2025-04-19 00:00:00,C,145
9555,17017,2026-07-13 00:00:00,C,1152
9556,17018,2024-11-15 00:00:00,B,1193
9557,17019,2024-07-17 00:00:00,A,877
9558,17021,2026-04-16 00:00:00,C,972
9559,17023,2026-01-08 00:00:00,A,1089
9560,17025,2026-07-13 00:00:00,A,396
9561,17028,2024-01-27 00:00:00,A,1059
9562,17029,2023-12-30 00:00:00,A,778
9563,17031,2024-11-14 00:00:00,A,1122
9564,17034,2024-11-10 00:00:00,B,1181
9565,17035,2024-04-16 00:00:00,A,674
9566,17036,2024-10-06 00:00:00,B,1304
9567,17038,2024-07-05 00:00:00,A,319
9568,17041,2025-09-07 00:00:00,A,1053
9569,17043,2026-02-12 00:00:00,C,725
9570,17044,2025-07-28 00:00:00,A,675
9571,17049,2023-10-23 00:00:00,A,1191
9572,17050,2024-03-29 00:00:00,A,1211
9573,17051,2024-01-21 00:00:00,A,240
9574,17052,2025-10-08 00:00:00,A,792
9575,17053,2026-01-18 00:00:00,A,653
9576,17055,2024-07-27 00:00:00,C,1126
9577,17056,2025-03-23 00:00:00,A,896
9578,17059,2026-05-06 00:00:00,A,840
9579,17060,2024-02-24 00:00:00,A,595
9580,17062,2023-05-21 00:00:00,A,509
9581,17069,2025-05-09 00:00:00,A,986
9582,17070,2026-06-02 00:00:00,A,543
9583,17071,2025-09-11 00:00:00,A,13
9584,17077,2024-08-11 00:00:00,A,953
9585,17078,2024-09-23 00:00:00,C,1187
9586,17079,2026-07-13 00:00:00,C,1130
9587,17082,2023-07-26 00:00:00,A,1212
9588,17083,2023-07-10 00:00:00,A,139
9589,17087,2023-09-27 00:00:00,C,1196
9590,17090,2025-07-31 00:00:00,A,1181
9591,17092,2023-10-18 00:00:00,C,1193
9592,17101,2025-08-10 00:00:00,A,31
9593,17102,2024-03-21 00:00:00,A,728
9594,17104,2024-12-28 00:00:00,C,897
9595,17105,2024-09-05 00:00:00,A,772
9596,17106,2026-07-13 00:00:00,A,963
9597,17107,2024-04-23 00:00:00,C,1261
9598,17111,2026-03-09 00:00:00,A,514
9599,17112,2024-09-30 00:00:00,A,118
9600,17116,2025-04-30 00:00:00,A,476
9601,17117,2025-08-21 00:00:00,B,100
9602,17119,2026-01-09 00:00:00,A,255
9603,17121,2026-05-16 00:00:00,A,125
9604,17123,2026-02-04 00:00:00,A,910
9605,17125,2026-07-13 00:00:00,B,688
9606,17126,2023-06-16 00:00:00,A,758
9607,17127,2024-09-08 00:00:00,B,213
9608,17130,2023-08-18 00:00:00,A,961
9609,17134,2025-12-02 00:00:00,A,1125
9610,17135,2023-09-27 00:00:00,A,1158
9611,17136,2026-01-07 00:00:00,A,937
9612,17139,2023-11-12 00:00:00,C,35
9613,17141,2024-12-19 00:00:00,C,726
9614,17142,2023-12-18 00:00:00,C,1041
9615,17143,2023-11-13 00:00:00,B,54
9616,17147,2025-11-21 00:00:00,C,839
9617,17149,2024-03-29 00:00:00,A,286
9618,17150,2024-11-10 00:00:00,C,896
9619,17152,2024-06-10 00:00:00,A,1042
9620,17153,2023-11-17 00:00:00,A,1055
9621,17155,2024-09-27 00:00:00,A,346
9622,17161,2026-07-13 00:00:00,C,16
9623,17162,2026-07-13 00:00:00,A,502
9624,17164,2024-09-18 00:00:00,A,487
9625,17176,2026-07-13 00:00:00,A,124
9626,17177,2023-09-19 00:00:00,A,282
9627,17179,2023-11-23 00:00:00,A,1230
9628,17183,2023-07-30 00:00:00,C,1302
9629,17186,2025-05-21 00:00:00,A,164
9630,17188,2026-03-10 00:00:00,C,1217
9631,17197,2024-06-23 00:00:00,C,1009
9632,17198,2026-07-13 00:00:00,A,807
9633,17200,2026-02-14 00:00:00,B,537
9634,17201,2026-03-06 00:00:00,A,1120
9635,17206,2024-02-22 00:00:00,A,310
9636,17209,2025-07-04 00:00:00,A,514
9637,17210,2024-06-03 00:00:00,A,122
9638,17211,2023-09-05 00:00:00,A,1045
9639,17212,2025-05-29 00:00:00,A,237
9640,17213,2026-07-13 00:00:00,A,684
9641,17214,2025-11-30 00:00:00,A,207
9642,17216,2024-04-20 00:00:00,B,429
9643,17217,2024-12-08 00:00:00,A,984
9644,17218,2026-04-17 00:00:00,C,785
9645,17221,2024-01-02 00:00:00,A,864
9646,17222,2025-11-26 00:00:00,A,1213
9647,17223,2026-07-13 00:00:00,A,491
9648,17224,2023-06-05 00:00:00,A,1019
9649,17225,2026-03-20 00:00:00,A,42
9650,17229,2026-03-30 00:00:00,A,323
9651,17231,2024-10-11 00:00:00,A,944
9652,17233,2025-03-13 00:00:00,A,267
9653,17235,2025-08-08 00:00:00,C,1229
9654,17238,2026-02-28 00:00:00,A,305
9655,17240,2023-10-20 00:00:00,A,295
9656,17241,2025-08-02 00:00:00,A,442
9657,17242,2024-12-25 00:00:00,A,55
9658,17244,2023-09-20 00:00:00,A,763
9659,17245,2025-01-31 00:00:00,A,1313
9660,17246,2024-02-11 00:00:00,A,805
9661,17249,2026-07-13 00:00:00,A,46
9662,17252,2025-11-13 00:00:00,A,571
9663,17254,2023-10-26 00:00:00,B,958
9664,17255,2024-04-12 00:00:00,A,58
9665,17260,2023-10-07 00:00:00,A,806
9666,17261,2025-05-05 00:00:00,A,464
9667,17262,2025-07-22 00:00:00,A,756
9668,17265,2025-03-21 00:00:00,A,503
9669,17267,2023-10-14 00:00:00,A,606
9670,17268,2026-03-14 00:00:00,A,518
9671,17271,2025-02-14 00:00:00,A,1065
9672,17272,2026-06-17 00:00:00,B,774
9673,17276,2023-10-11 00:00:00,C,10
9674,17277,2025-03-18 00:00:00,A,1304
9675,17278,2025-10-15 00:00:00,A,868
9676,17279,2024-06-01 00:00:00,A,914
9677,17280,2026-03-16 00:00:00,C,55
9678,17281,2025-10-31 00:00:00,A,1197
9679,17283,2024-05-23 00:00:00,A,1043
9680,17284,2025-07-02 00:00:00,A,110
9681,17285,2024-03-14 00:00:00,A,1303
9682,17286,2026-03-17 00:00:00,A,770
9683,17290,2024-06-22 00:00:00,C,1299
9684,17295,2024-10-20 00:00:00,A,309
9685,17297,2025-02-19 00:00:00,C,749
9686,17298,2026-07-13 00:00:00,A,27
9687,17299,2025-07-02 00:00:00,A,547
9688,17301,2026-01-04 00:00:00,C,1235
9689,17302,2025-04-13 00:00:00,A,98
9690,17303,2025-05-26 00:00:00,C,678
9691,17304,2025-12-26 00:00:00,A,918
9692,17305,2024-05-21 00:00:00,A,587
9693,17306,2025-11-17 00:00:00,A,970
9694,17307,2024-11-21 00:00:00,A,879
9695,17309,2026-05-22 00:00:00,A,381
9696,17312,2026-07-13 00:00:00,C,820
9697,17313,2024-04-16 00:00:00,A,890
9698,17319,2025-05-31 00:00:00,A,124
9699,17320,2025-07-13 00:00:00,A,1323
9700,17322,2025-02-26 00:00:00,A,590
9701,17323,2023-10-29 00:00:00,A,268
9702,17325,2023-09-04 00:00:00,A,560
9703,17328,2024-04-04 00:00:00,A,1334
9704,17331,2026-05-28 00:00:00,A,1014
9705,17332,2026-02-01 00:00:00,A,441
9706,17333,2024-08-07 00:00:00,C,731
9707,17334,2023-05-25 00:00:00,A,1288
9708,17335,2024-09-13 00:00:00,A,623
9709,17336,2024-06-30 00:00:00,A,952
9710,17337,2025-08-12 00:00:00,C,728
9711,17339,2026-01-30 00:00:00,A,908
9712,17341,2023-04-11 00:00:00,B,873
9713,17342,2026-07-13 00:00:00,C,243
9714,17345,2026-07-13 00:00:00,A,1171
9715,17346,2024-07-28 00:00:00,C,1213
9716,17348,2025-05-29 00:00:00,A,634
9717,17350,2025-01-13 00:00:00,C,793
9718,17352,2023-11-25 00:00:00,A,1110
9719,17353,2025-09-11 00:00:00,A,465
9720,17354,2023-10-21 00:00:00,A,182
9721,17356,2025-06-02 00:00:00,A,311
9722,17357,2026-07-13 00:00:00,A,190
9723,17358,2026-04-24 00:00:00,A,971
9724,17361,2024-11-30 00:00:00,A,153
9725,17363,2024-02-02 00:00:00,A,724
9726,17367,2024-06-29 00:00:00,A,954
9727,17368,2026-02-12 00:00:00,A,85
9728,17369,2024-06-25 00:00:00,C,1198
9729,17370,2023-07-05 00:00:00,A,230
9730,17372,2025-12-14 00:00:00,A,1265
9731,17373,2023-11-04 00:00:00,B,824
9732,17374,2024-03-08 00:00:00,A,391
9733,17375,2025-09-29 00:00:00,B,528
9734,17378,2025-02-05 00:00:00,B,102
9735,17381,2026-07-13 00:00:00,C,1091
9736,17384,2025-08-14 00:00:00,C,792
9737,17385,2024-03-30 00:00:00,A,682
9738,17387,2024-06-28 00:00:00,B,1306
9739,17390,2026-05-17 00:00:00,A,1095
9740,17392,2026-02-19 00:00:00,C,653
9741,17394,2023-12-08 00:00:00,A,593
9742,17395,2026-06-03 00:00:00,A,780
9743,17396,2024-10-04 00:00:00,A,738
9744,17397,2024-05-05 00:00:00,A,841
9745,17400,2025-10-08 00:00:00,C,506
9746,17401,2024-12-13 00:00:00,C,406
9747,17402,2023-10-21 00:00:00,C,900
9748,17403,2024-10-29 00:00:00,A,120
9749,17404,2023-09-16 00:00:00,B,1314
9750,17405,2024-11-24 00:00:00,C,707
9751,17406,2023-10-17 00:00:00,A,1016
9752,17407,2025-08-23 00:00:00,A,100
9753,17409,2024-01-17 00:00:00,A,1049
9754,17411,2023-10-17 00:00:00,A,1247
9755,17417,2025-09-23 00:00:00,A,969
9756,17418,2023-06-21 00:00:00,A,179
9757,17424,2025-10-17 00:00:00,C,642
9758,17425,2026-07-13 00:00:00,A,1051
9759,17427,2024-03-26 00:00:00,A,741
9760,17428,2026-07-13 00:00:00,C,187
9761,17429,2025-05-29 00:00:00,B,1179
9762,17430,2024-01-05 00:00:00,A,772
9763,17434,2023-10-18 00:00:00,A,548
9764,17435,2025-09-08 00:00:00,A,202
9765,17436,2024-04-17 00:00:00,A,1205
9766,17437,2024-11-02 00:00:00,A,802
9767,17438,2026-02-20 00:00:00,A,536
9768,17441,2026-06-07 00:00:00,A,355
9769,17445,2025-07-29 00:00:00,C,621
9770,17446,2025-10-20 00:00:00,A,1212
9771,17448,2024-06-03 00:00:00,A,461
9772,17449,2024-02-06 00:00:00,A,540
9773,17450,2026-07-13 00:00:00,A,306
9774,17451,2024-02-14 00:00:00,A,620
9775,17453,2024-07-09 00:00:00,A,665
9776,17454,2024-08-02 00:00:00,A,70
9777,17456,2025-12-29 00:00:00,A,165
9778,17457,2026-07-05 00:00:00,A,1131
9779,17458,2023-08-10 00:00:00,C,515
9780,17460,2025-07-17 00:00:00,A,574
9781,17463,2024-04-06 00:00:00,A,290
9782,17464,2025-12-04 00:00:00,A,1325
9783,17466,2026-06-27 00:00:00,A,732
9784,17467,2026-04-04 00:00:00,C,6
9785,17468,2024-11-21 00:00:00,A,899
9786,17469,2026-07-03 00:00:00,C,740
9787,17470,2026-07-13 00:00:00,A,434
9788,17471,2024-12-24 00:00:00,A,764
9789,17473,2024-11-22 00:00:00,A,1278
9790,17474,2025-10-30 00:00:00,C,476
9791,17475,2025-02-01 00:00:00,A,915
9792,17479,2024-06-04 00:00:00,C,718
9793,17481,2024-01-28 00:00:00,A,683
9794,17482,2025-04-17 00:00:00,A,832
9795,17483,2025-12-21 00:00:00,A,786
9796,17484,2024-03-14 00:00:00,A,668
9797,17487,2024-10-04 00:00:00,A,1107
9798,17488,2023-12-29 00:00:00,A,198
9799,17490,2023-12-04 00:00:00,A,563
9800,17491,2024-02-08 00:00:00,A,655
9801,17492,2023-12-18 00:00:00,A,111
9802,17493,2023-12-29 00:00:00,A,382
9803,17494,2024-04-12 00:00:00,A,536
9804,17497,2024-06-03 00:00:00,A,651
9805,17500,2026-04-19 00:00:00,A,548
9806,17501,2026-07-13 00:00:00,A,1091
9807,17504,2025-08-06 00:00:00,A,447
9808,17506,2025-12-27 00:00:00,A,141
9809,17507,2025-10-22 00:00:00,B,479
9810,17509,2025-11-24 00:00:00,C,93
9811,17513,2025-08-24 00:00:00,C,1304
9812,17514,2023-06-16 00:00:00,A,698
9813,17515,2025-05-07 00:00:00,A,210
9814,17517,2025-06-09 00:00:00,A,217
9815,17519,2023-09-07 00:00:00,B,620
9816,17520,2023-07-30 00:00:00,A,598
9817,17521,2023-10-30 00:00:00,A,1181
9818,17522,2025-12-27 00:00:00,A,1178
9819,17523,2026-07-13 00:00:00,A,648
9820,17524,2024-05-05 00:00:00,A,712
9821,17525,2025-03-28 00:00:00,C,231
9822,17526,2025-12-25 00:00:00,A,739
9823,17527,2025-11-19 00:00:00,C,699
9824,17528,2026-01-05 00:00:00,A,279
9825,17529,2023-08-31 00:00:00,A,301
9826,17531,2024-03-23 00:00:00,A,552
9827,17533,2025-06-07 00:00:00,A,576
9828,17534,2026-02-25 00:00:00,A,16
9829,17536,2023-08-20 00:00:00,A,1113
9830,17538,2024-02-24 00:00:00,C,1301
9831,17541,2024-05-02 00:00:00,A,392
9832,17542,2025-11-13 00:00:00,A,340
9833,17543,2025-03-17 00:00:00,C,543
9834,17544,2024-06-05 00:00:00,A,1024
9835,17545,2024-03-16 00:00:00,A,670
9836,17547,2026-06-02 00:00:00,C,1175
9837,17548,2024-06-27 00:00:00,B,1129
9838,17550,2026-06-23 00:00:00,A,83
9839,17559,2024-03-20 00:00:00,C,1142
9840,17560,2024-01-19 00:00:00,A,31
9841,17561,2023-07-07 00:00:00,A,708
9842,17563,2026-07-13 00:00:00,C,964
9843,17568,2026-05-27 00:00:00,A,68
9844,17571,2024-07-05 00:00:00,A,885
9845,17572,2025-08-10 00:00:00,A,573
9846,17573,2023-05-27 00:00:00,A,547
9847,17574,2025-06-19 00:00:00,A,1264
9848,17575,2026-06-11 00:00:00,A,16
9849,17577,2026-06-13 00:00:00,A,1033
9850,17578,2025-02-10 00:00:00,B,318
9851,17581,2024-03-15 00:00:00,A,262
9852,17583,2023-05-16 00:00:00,A,1138
9853,17585,2024-04-25 00:00:00,A,728
9854,17587,2026-07-13 00:00:00,A,1144
9855,17589,2026-03-17 00:00:00,A,436
9856,17590,2024-08-13 00:00:00,A,487
9857,17592,2026-07-13 00:00:00,A,481
9858,17593,2026-03-17 00:00:00,C,7
9859,17595,2025-02-08 00:00:00,A,311
9860,17597,2026-03-25 00:00:00,A,531
9861,17598,2026-02-04 00:00:00,A,1179
9862,17600,2026-07-13 00:00:00,A,930
9863,17601,2026-05-11 00:00:00,B,1066
9864,17603,2025-05-24 00:00:00,A,1263
9865,17604,2024-07-31 00:00:00,A,1177
9866,17605,2026-06-15 00:00:00,B,1175
9867,17610,2023-05-11 00:00:00,A,753
9868,17611,2024-11-18 00:00:00,C,467
9869,17612,2026-05-01 00:00:00,A,466
9870,17616,2023-10-18 00:00:00,A,1188
9871,17617,2024-03-11 00:00:00,C,974
9872,17619,2026-04-02 00:00:00,C,736
9873,17622,2026-03-28 00:00:00,A,130
9874,17625,2026-02-18 00:00:00,A,533
9875,17626,2024-06-22 00:00:00,A,725
9876,17628,2026-04-17 00:00:00,A,1113
9877,17629,2026-01-19 00:00:00,A,826
9878,17632,2025-12-31 00:00:00,C,1001
9879,17633,2024-08-05 00:00:00,A,451
9880,17635,2024-10-25 00:00:00,A,1288
9881,17636,2026-05-10 00:00:00,C,321
9882,17637,2023-09-08 00:00:00,A,268
9883,17639,2025-03-12 00:00:00,C,248
9884,17643,2024-06-05 00:00:00,B,414
9885,17644,2024-02-25 00:00:00,A,1068
9886,17645,2023-08-20 00:00:00,A,1294
9887,17647,2024-12-17 00:00:00,A,166
9888,17649,2023-08-04 00:00:00,A,1146
9889,17651,2026-04-21 00:00:00,A,1167
9890,17652,2023-10-06 00:00:00,A,201
9891,17653,2026-07-13 00:00:00,A,868
9892,17654,2026-05-22 00:00:00,A,248
9893,17655,2024-06-24 00:00:00,A,232
9894,17656,2023-09-04 00:00:00,A,1325
9895,17657,2026-03-07 00:00:00,A,1229
9896,17658,2024-10-19 00:00:00,C,169
9897,17659,2026-04-30 00:00:00,A,795
9898,17663,2025-01-26 00:00:00,A,1219
9899,17665,2025-04-03 00:00:00,C,315
9900,17666,2024-07-24 00:00:00,A,880
9901,17670,2024-01-30 00:00:00,C,636
9902,17673,2026-01-14 00:00:00,C,1184
9903,17674,2024-03-05 00:00:00,A,322
9904,17675,2025-11-05 00:00:00,A,236
9905,17676,2026-01-14 00:00:00,B,1300
9906,17679,2025-11-19 00:00:00,A,1100
9907,17681,2026-06-03 00:00:00,A,781
9908,17685,2025-02-23 00:00:00,A,540
9909,17686,2026-04-02 00:00:00,C,300
9910,17687,2023-11-09 00:00:00,C,1041
9911,17688,2023-10-07 00:00:00,A,359
9912,17689,2026-07-13 00:00:00,C,1069
9913,17691,2024-05-12 00:00:00,A,141
9914,17693,2025-10-09 00:00:00,A,1281
9915,17694,2024-08-04 00:00:00,A,548
9916,17695,2023-05-25 00:00:00,A,715
9917,17698,2023-07-09 00:00:00,A,1279
9918,17699,2026-07-13 00:00:00,A,1256
9919,17701,2026-04-06 00:00:00,B,612
9920,17703,2024-01-19 00:00:00,A,145
9921,17704,2023-08-14 00:00:00,A,290
9922,17706,2024-02-28 00:00:00,A,719
9923,17708,2026-06-26 00:00:00,A,608
9924,17709,2025-07-26 00:00:00,A,694
9925,17710,2025-07-12 00:00:00,A,804
9926,17715,2026-01-14 00:00:00,A,955
9927,17717,2023-09-13 00:00:00,A,496
9928,17719,2026-06-22 00:00:00,A,392
9929,17720,2025-03-03 00:00:00,A,376
9930,17721,2024-12-14 00:00:00,B,1045
9931,17723,2025-01-31 00:00:00,B,1029
9932,17725,2025-07-06 00:00:00,C,318
9933,17727,2024-05-05 00:00:00,C,1308
9934,17728,2024-11-18 00:00:00,B,281
9935,17729,2025-03-30 00:00:00,A,1119
9936,17733,2025-10-09 00:00:00,A,230
9937,17734,2025-09-29 00:00:00,A,876
9938,17735,2026-07-13 00:00:00,A,688
9939,17736,2023-06-03 00:00:00,A,42
9940,17737,2025-01-11 00:00:00,A,490
9941,17739,2024-08-25 00:00:00,C,122
9942,17740,2025-12-01 00:00:00,A,533
9943,17741,2024-07-17 00:00:00,B,666
9944,17742,2024-06-01 00:00:00,A,484
9945,17743,2025-08-26 00:00:00,A,263
9946,17744,2026-06-26 00:00:00,A,363
9947,17746,2025-04-18 00:00:00,A,29
9948,17747,2025-08-27 00:00:00,A,869
9949,17748,2023-06-30 00:00:00,A,1102
9950,17749,2024-01-14 00:00:00,C,34
9951,17750,2024-08-02 00:00:00,A,643
9952,17752,2023-07-09 00:00:00,B,1163
9953,17753,2024-05-11 00:00:00,C,1078
9954,17754,2024-02-07 00:00:00,B,1202
9955,17759,2025-12-12 00:00:00,A,1153
9956,17760,2025-05-15 00:00:00,A,865
9957,17761,2023-11-01 00:00:00,A,426
9958,17763,2026-07-13 00:00:00,A,115
9959,17765,2026-01-31 00:00:00,C,94
9960,17766,2023-08-06 00:00:00,A,1170
9961,17767,2026-07-13 00:00:00,A,48
9962,17769,2023-10-02 00:00:00,A,426
9963,17771,2023-12-18 00:00:00,C,1003
9964,17773,2024-03-03 00:00:00,C,977
9965,17775,2025-09-02 00:00:00,C,454
9966,17779,2025-06-16 00:00:00,C,536
9967,17784,2024-01-22 00:00:00,A,734
9968,17785,2023-09-28 00:00:00,A,188
9969,17786,2025-01-21 00:00:00,A,362
9970,17788,2023-11-21 00:00:00,C,356
9971,17789,2024-07-25 00:00:00,C,432
9972,17791,2024-12-20 00:00:00,B,669
9973,17796,2026-07-13 00:00:00,A,301
9974,17797,2025-11-03 00:00:00,A,932
9975,17798,2026-05-02 00:00:00,C,77
9976,17800,2025-02-11 00:00:00,C,1230
9977,17803,2024-03-17 00:00:00,A,397
9978,17804,2025-07-04 00:00:00,C,796
9979,17805,2025-02-22 00:00:00,A,588
9980,17807,2024-12-24 00:00:00,A,929
9981,17810,2023-12-12 00:00:00,A,182
9982,17812,2025-03-08 00:00:00,A,935
9983,17813,2026-07-13 00:00:00,A,903
9984,17814,2026-07-13 00:00:00,C,590
9985,17816,2025-01-23 00:00:00,A,846
9986,17817,2024-06-05 00:00:00,A,1016
9987,17818,2026-02-05 00:00:00,A,1314
9988,17819,2024-02-04 00:00:00,A,471
9989,17822,2023-06-17 00:00:00,C,933
9990,17823,2023-08-18 00:00:00,A,780
9991,17824,2023-11-17 00:00:00,B,659
9992,17825,2024-04-19 00:00:00,A,1285
9993,17828,2025-09-11 00:00:00,A,373
9994,17831,2025-01-13 00:00:00,A,1287
9995,17832,2024-12-29 00:00:00,A,787
9996,17837,2026-05-26 00:00:00,C,1060
9997,17838,2026-07-13 00:00:00,A,197
9998,17839,2026-05-16 00:00:00,A,250
9999,17841,2026-06-16 00:00:00,A,795
10000,17844,2024-01-11 00:00:00,A,1134
10001,17848,2024-05-31 00:00:00,B,424
10002,17849,2026-07-13 00:00:00,B,85
10003,17851,2025-11-21 00:00:00,A,2
10004,17852,2026-01-06 00:00:00,A,1321
10005,17855,2025-02-02 00:00:00,B,825
10006,17856,2025-02-25 00:00:00,A,752
10007,17859,2023-09-24 00:00:00,A,1207
10008,17861,2025-10-09 00:00:00,B,1059
10009,17862,2023-10-25 00:00:00,A,37
10010,17863,2024-10-01 00:00:00,A,298
10011,17864,2023-09-15 00:00:00,A,1131
10012,17865,2023-10-23 00:00:00,A,22
10013,17867,2024-07-01 00:00:00,A,733
10014,17868,2026-01-06 00:00:00,A,84
10015,17869,2024-06-16 00:00:00,A,1055
10016,17870,2024-12-27 00:00:00,A,162
10017,17871,2023-10-14 00:00:00,A,1032
10018,17872,2025-08-05 00:00:00,A,1273
10019,17874,2024-03-11 00:00:00,A,431
10020,17876,2026-07-13 00:00:00,A,1207
10021,17878,2025-02-13 00:00:00,A,1172
10022,17879,2024-11-19 00:00:00,A,787
10023,17880,2024-04-02 00:00:00,A,644
10024,17881,2025-03-10 00:00:00,A,1224
10025,17883,2026-06-04 00:00:00,B,937
10026,17884,2026-02-10 00:00:00,A,141
10027,17885,2026-04-11 00:00:00,A,587
10028,17888,2025-05-30 00:00:00,B,597
10029,17889,2024-08-17 00:00:00,B,1235
10030,17891,2025-09-04 00:00:00,A,376
10031,17893,2026-05-19 00:00:00,A,617
10032,17895,2025-03-03 00:00:00,C,959
10033,17901,2025-05-09 00:00:00,A,1277
10034,17904,2024-04-27 00:00:00,C,493
10035,17905,2024-02-09 00:00:00,A,838
10036,17907,2025-07-30 00:00:00,A,261
10037,17909,2026-07-13 00:00:00,C,754
10038,17910,2025-05-20 00:00:00,C,1314
10039,17911,2024-04-22 00:00:00,A,683
10040,17916,2024-10-02 00:00:00,C,1277
10041,17917,2025-07-25 00:00:00,C,794
10042,17920,2025-05-29 00:00:00,A,430
10043,17921,2026-07-13 00:00:00,A,709
10044,17925,2023-03-25 00:00:00,A,1241
10045,17926,2024-05-10 00:00:00,B,1221
10046,17929,2026-05-21 00:00:00,A,812
10047,17932,2026-03-30 00:00:00,C,903
10048,17934,2026-03-04 00:00:00,A,668
10049,17936,2025-05-19 00:00:00,A,300
10050,17937,2024-09-25 00:00:00,A,804
10051,17938,2024-09-28 00:00:00,A,1266
10052,17941,2025-09-21 00:00:00,A,721
10053,17944,2026-07-13 00:00:00,A,1189
10054,17945,2025-02-10 00:00:00,B,136
10055,17946,2024-03-12 00:00:00,A,769
10056,17948,2024-12-31 00:00:00,C,1035
10057,17949,2026-03-26 00:00:00,A,1021
10058,17951,2023-09-01 00:00:00,A,382
10059,17952,2026-07-13 00:00:00,A,994
10060,17953,2024-02-22 00:00:00,C,450
10061,17954,2026-04-03 00:00:00,A,1069
10062,17955,2026-02-17 00:00:00,A,818
10063,17956,2025-05-25 00:00:00,B,100
10064,17957,2025-01-26 00:00:00,A,48
10065,17958,2024-11-27 00:00:00,A,1021
10066,17960,2026-02-15 00:00:00,A,381
10067,17961,2024-12-07 00:00:00,A,1040
10068,17962,2024-05-05 00:00:00,A,1208
10069,17968,2024-11-14 00:00:00,A,129
10070,17969,2025-06-28 00:00:00,C,352
10071,17972,2023-09-29 00:00:00,A,97
10072,17973,2025-10-04 00:00:00,C,138
10073,17975,2026-07-13 00:00:00,A,133
10074,17976,2023-10-23 00:00:00,A,202
10075,17977,2025-11-04 00:00:00,A,680
10076,17978,2025-12-03 00:00:00,A,536
10077,17979,2023-10-20 00:00:00,B,290
10078,17982,2025-02-22 00:00:00,A,793
10079,17984,2026-07-13 00:00:00,B,418
10080,17986,2025-02-19 00:00:00,A,825
10081,17988,2024-05-01 00:00:00,A,298
10082,17990,2024-06-27 00:00:00,A,338
10083,17992,2023-06-28 00:00:00,A,841
10084,17995,2026-07-13 00:00:00,C,561
10085,17996,2023-05-15 00:00:00,A,295
10086,17999,2026-05-31 00:00:00,A,74
10087,18002,2025-01-13 00:00:00,B,507
10088,18004,2024-01-10 00:00:00,A,318
10089,18008,2024-10-17 00:00:00,A,1148
10090,18011,2025-09-06 00:00:00,A,340
10091,18016,2024-06-26 00:00:00,B,534
10092,18018,2024-06-10 00:00:00,B,815
10093,18022,2024-01-13 00:00:00,A,948
10094,18023,2023-02-23 00:00:00,A,114
10095,18025,2023-12-12 00:00:00,A,529
10096,18026,2024-08-19 00:00:00,C,740
10097,18028,2025-11-08 00:00:00,A,613
10098,18029,2025-02-14 00:00:00,A,1125
10099,18031,2026-03-22 00:00:00,C,791
10100,18032,2023-08-30 00:00:00,A,1131
10101,18033,2024-09-20 00:00:00,A,1089
10102,18034,2026-07-13 00:00:00,C,1259
10103,18035,2025-12-20 00:00:00,A,889
10104,18036,2024-09-22 00:00:00,C,593
10105,18037,2023-11-07 00:00:00,A,1290
10106,18038,2023-02-05 00:00:00,A,498
10107,18039,2025-02-20 00:00:00,A,836
10108,18044,2024-03-26 00:00:00,C,494
10109,18045,2026-04-20 00:00:00,A,835
10110,18047,2025-03-18 00:00:00,B,1214
10111,18048,2024-03-21 00:00:00,A,86
10112,18049,2024-07-25 00:00:00,C,619
10113,18056,2025-09-21 00:00:00,A,1282
10114,18058,2024-05-11 00:00:00,C,1083
10115,18059,2026-04-06 00:00:00,A,406
10116,18060,2025-11-22 00:00:00,B,717
10117,18062,2026-07-13 00:00:00,A,1258
10118,18064,2025-09-12 00:00:00,A,1323
10119,18066,2026-02-01 00:00:00,A,490
10120,18067,2025-04-25 00:00:00,A,859
10121,18068,2026-01-22 00:00:00,C,1127
10122,18070,2023-12-08 00:00:00,B,789
10123,18071,2025-05-16 00:00:00,B,1311
10124,18072,2025-09-29 00:00:00,A,919
10125,18075,2023-08-27 00:00:00,B,531
10126,18076,2024-03-17 00:00:00,C,301
10127,18078,2024-11-24 00:00:00,A,397
10128,18079,2026-04-13 00:00:00,A,840
10129,18080,2025-05-05 00:00:00,A,608
10130,18083,2023-06-09 00:00:00,A,721
10131,18084,2025-09-16 00:00:00,A,1213
10132,18085,2023-12-10 00:00:00,A,1240
10133,18086,2026-07-13 00:00:00,C,202
10134,18087,2025-01-13 00:00:00,A,297
10135,18091,2023-07-03 00:00:00,C,432
10136,18092,2025-09-10 00:00:00,B,985
10137,18093,2024-08-12 00:00:00,B,782
10138,18098,2024-06-15 00:00:00,A,1054
10139,18100,2024-12-24 00:00:00,A,148
10140,18101,2023-06-24 00:00:00,A,586
10141,18102,2026-07-13 00:00:00,B,927
10142,18103,2024-10-04 00:00:00,B,817
10143,18104,2026-07-13 00:00:00,A,841
10144,18105,2026-04-07 00:00:00,A,66
10145,18107,2023-04-02 00:00:00,A,651
10146,18108,2025-02-24 00:00:00,A,1102
10147,18109,2025-01-21 00:00:00,A,1020
10148,18113,2025-01-13 00:00:00,A,796
10149,18115,2026-05-29 00:00:00,A,190
10150,18116,2023-04-06 00:00:00,A,893
10151,18118,2024-04-28 00:00:00,C,554
10152,18120,2024-04-08 00:00:00,C,535
10153,18122,2026-04-30 00:00:00,A,936
10154,18126,2024-05-28 00:00:00,B,918
10155,18131,2026-07-13 00:00:00,C,90
10156,18133,2024-03-23 00:00:00,A,1179
10157,18135,2024-11-13 00:00:00,B,333
10158,18136,2026-07-05 00:00:00,A,330
10159,18138,2026-07-13 00:00:00,C,947
10160,18143,2026-07-13 00:00:00,A,707
10161,18144,2025-11-09 00:00:00,A,648
10162,18145,2024-03-09 00:00:00,A,429
10163,18148,2025-03-17 00:00:00,A,980
10164,18150,2025-05-12 00:00:00,A,461
10165,18151,2024-12-12 00:00:00,A,378
10166,18153,2024-08-22 00:00:00,B,604
10167,18154,2025-04-07 00:00:00,A,160
10168,18157,2025-02-12 00:00:00,A,117
10169,18158,2025-10-06 00:00:00,A,1049
10170,18159,2023-09-03 00:00:00,A,24
10171,18160,2025-11-18 00:00:00,A,766
10172,18162,2025-11-29 00:00:00,A,1195
10173,18163,2024-06-06 00:00:00,A,803
10174,18164,2026-07-13 00:00:00,C,487
10175,18165,2025-08-29 00:00:00,A,387
10176,18166,2024-07-13 00:00:00,C,109
10177,18168,2024-03-12 00:00:00,A,1149
10178,18169,2025-03-12 00:00:00,A,300
10179,18174,2024-02-21 00:00:00,A,15
10180,18178,2023-11-06 00:00:00,A,1299
10181,18179,2026-01-17 00:00:00,C,504
10182,18181,2025-02-18 00:00:00,C,72
10183,18182,2024-03-13 00:00:00,A,562
10184,18183,2026-07-13 00:00:00,A,956
10185,18184,2025-03-19 00:00:00,A,1095
10186,18185,2024-03-22 00:00:00,A,122
10187,18186,2025-01-08 00:00:00,A,1152
10188,18187,2024-12-20 00:00:00,A,1181
10189,18188,2023-11-29 00:00:00,A,785
10190,18191,2023-04-13 00:00:00,B,1120
10191,18194,2024-07-25 00:00:00,C,733
10192,18195,2025-07-02 00:00:00,A,193
10193,18196,2024-09-28 00:00:00,A,699
10194,18197,2024-12-02 00:00:00,B,599
10195,18199,2024-04-28 00:00:00,A,376
10196,18201,2025-02-07 00:00:00,A,18
10197,18202,2024-06-10 00:00:00,A,210
10198,18204,2025-07-16 00:00:00,B,1238
10199,18207,2024-05-26 00:00:00,A,511
10200,18208,2025-11-04 00:00:00,A,1077
10201,18209,2023-06-21 00:00:00,A,900
10202,18210,2023-12-21 00:00:00,A,803
10203,18212,2024-02-04 00:00:00,A,519
10204,18213,2024-08-12 00:00:00,A,605
10205,18219,2023-06-06 00:00:00,B,134
10206,18221,2024-08-22 00:00:00,A,724
10207,18223,2026-05-05 00:00:00,C,303
10208,18224,2023-09-15 00:00:00,A,1009
10209,18225,2025-12-24 00:00:00,A,12
10210,18226,2024-12-14 00:00:00,C,133
10211,18230,2024-05-29 00:00:00,A,338
10212,18232,2025-05-18 00:00:00,B,194
10213,18234,2023-08-12 00:00:00,A,1143
10214,18235,2023-07-11 00:00:00,A,133
10215,18236,2023-11-20 00:00:00,A,1212
10216,18238,2024-09-16 00:00:00,A,128
10217,18242,2024-05-18 00:00:00,B,293
10218,18244,2025-09-23 00:00:00,B,1142
10219,18247,2025-09-18 00:00:00,A,970
10220,18250,2025-02-06 00:00:00,A,1204
10221,18253,2023-09-25 00:00:00,A,250
10222,18254,2025-06-11 00:00:00,B,1198
10223,18256,2024-05-03 00:00:00,A,605
10224,18259,2026-02-18 00:00:00,A,22
10225,18261,2024-12-02 00:00:00,A,1188
10226,18262,2024-06-26 00:00:00,C,420
10227,18263,2026-04-13 00:00:00,A,199
10228,18264,2024-12-07 00:00:00,C,138
10229,18265,2023-08-20 00:00:00,A,1060
10230,18268,2025-11-29 00:00:00,A,265
10231,18272,2024-01-29 00:00:00,A,1132
10232,18274,2026-07-13 00:00:00,C,439
10233,18277,2024-06-22 00:00:00,A,736
10234,18282,2023-10-12 00:00:00,A,1180
10235,18283,2024-01-23 00:00:00,C,257
10236,18284,2025-10-31 00:00:00,A,971
10237,18285,2024-06-09 00:00:00,A,170
10238,18286,2024-01-09 00:00:00,A,85
10239,18289,2025-04-28 00:00:00,A,954
10240,18290,2025-05-28 00:00:00,A,637
10241,18292,2025-07-16 00:00:00,C,173
10242,18294,2024-10-29 00:00:00,B,1291
10243,18295,2026-07-13 00:00:00,B,1329
10244,18296,2023-05-17 00:00:00,B,1229
10245,18297,2026-02-06 00:00:00,A,1324
10246,18299,2026-07-13 00:00:00,A,492
10247,18300,2024-11-27 00:00:00,A,1226
10248,18301,2024-10-01 00:00:00,A,912
10249,18302,2026-01-15 00:00:00,A,826
10250,18306,2023-06-10 00:00:00,A,700
10251,18308,2024-07-20 00:00:00,C,666
10252,18310,2026-07-12 00:00:00,C,221
10253,18313,2023-06-28 00:00:00,A,1094
10254,18314,2025-06-30 00:00:00,B,415
10255,18315,2024-03-11 00:00:00,A,51
10256,18316,2024-06-08 00:00:00,C,1307
10257,18317,2023-12-07 00:00:00,A,263
10258,18318,2025-12-30 00:00:00,B,706
10259,18322,2023-12-12 00:00:00,A,840
10260,18323,2023-08-24 00:00:00,A,433
10261,18324,2025-03-10 00:00:00,B,634
10262,18326,2024-09-18 00:00:00,A,460
10263,18327,2024-02-24 00:00:00,A,179
10264,18329,2024-08-28 00:00:00,B,113
10265,18330,2024-06-18 00:00:00,B,365
10266,18331,2026-04-05 00:00:00,A,353
10267,18333,2024-12-06 00:00:00,A,124
10268,18334,2023-06-08 00:00:00,A,459
10269,18335,2024-07-04 00:00:00,A,1283
10270,18336,2025-08-13 00:00:00,A,1128
10271,18337,2025-03-21 00:00:00,A,165
10272,18339,2025-07-27 00:00:00,C,1234
10273,18340,2024-12-01 00:00:00,C,785
10274,18344,2023-03-04 00:00:00,A,797
10275,18349,2023-10-28 00:00:00,A,184
10276,18352,2023-03-15 00:00:00,B,1120
10277,18354,2026-07-13 00:00:00,A,107
10278,18356,2024-11-10 00:00:00,A,892
10279,18359,2026-06-03 00:00:00,A,1081
10280,18360,2024-05-04 00:00:00,A,1227
10281,18363,2024-08-28 00:00:00,A,10
10282,18366,2026-01-02 00:00:00,A,52
10283,18368,2026-07-13 00:00:00,A,893
10284,18372,2023-12-27 00:00:00,B,1212
10285,18373,2025-07-27 00:00:00,A,686
10286,18375,2025-09-26 00:00:00,A,1242
10287,18376,2023-08-11 00:00:00,A,922
10288,18377,2025-01-05 00:00:00,B,475
10289,18378,2023-06-07 00:00:00,A,762
10290,18380,2025-01-03 00:00:00,A,933
10291,18381,2025-08-15 00:00:00,A,1116
10292,18382,2023-04-12 00:00:00,A,75
10293,18385,2025-02-16 00:00:00,B,1042
10294,18387,2026-03-19 00:00:00,B,789
10295,18389,2023-05-31 00:00:00,A,1298
10296,18390,2026-02-03 00:00:00,A,922
10297,18391,2025-06-19 00:00:00,A,753
10298,18393,2025-11-05 00:00:00,B,577
10299,18394,2024-12-15 00:00:00,A,1226
10300,18398,2025-11-03 00:00:00,C,654
10301,18399,2023-07-31 00:00:00,B,530
10302,18400,2026-01-06 00:00:00,A,172
10303,18401,2025-08-10 00:00:00,A,795
10304,18402,2025-06-16 00:00:00,A,1009
10305,18403,2025-07-28 00:00:00,A,163
10306,18404,2025-09-10 00:00:00,A,1256
10307,18406,2026-07-13 00:00:00,C,562
10308,18411,2023-12-13 00:00:00,A,1295
10309,18415,2025-05-01 00:00:00,A,232
10310,18416,2026-07-13 00:00:00,A,337
10311,18417,2026-02-02 00:00:00,A,567
10312,18418,2025-03-10 00:00:00,A,1117
10313,18419,2023-08-30 00:00:00,C,1335
10314,18424,2024-04-27 00:00:00,A,151
10315,18430,2024-06-11 00:00:00,A,933
10316,18431,2025-11-25 00:00:00,A,1236
10317,18432,2024-10-18 00:00:00,A,1183
10318,18434,2024-09-24 00:00:00,A,1209
10319,18441,2023-10-16 00:00:00,A,311
10320,18443,2026-03-15 00:00:00,C,916
10321,18444,2024-09-07 00:00:00,C,543
10322,18445,2025-07-26 00:00:00,A,366
10323,18446,2025-03-13 00:00:00,A,177
10324,18450,2025-06-06 00:00:00,A,388
10325,18454,2025-08-07 00:00:00,B,592
10326,18456,2024-08-02 00:00:00,A,221
10327,18458,2023-11-09 00:00:00,A,919
10328,18460,2023-03-30 00:00:00,B,1229
10329,18461,2026-07-09 00:00:00,A,814
10330,18462,2025-02-11 00:00:00,C,1277
10331,18463,2024-01-21 00:00:00,A,749
10332,18466,2026-07-13 00:00:00,A,696
10333,18473,2026-07-13 00:00:00,A,1085
10334,18476,2024-06-16 00:00:00,A,1252
10335,18479,2023-11-26 00:00:00,C,449
10336,18481,2024-06-26 00:00:00,C,462
10337,18482,2026-01-31 00:00:00,A,1199
10338,18486,2026-04-09 00:00:00,C,649
10339,18487,2025-04-06 00:00:00,A,1182
10340,18488,2024-04-16 00:00:00,B,762
10341,18489,2025-09-11 00:00:00,A,668
10342,18490,2025-03-03 00:00:00,A,102
10343,18491,2023-10-18 00:00:00,A,773
10344,18492,2023-10-03 00:00:00,C,570
10345,18496,2024-05-24 00:00:00,C,404
10346,18497,2024-11-06 00:00:00,A,944
10347,18500,2024-12-02 00:00:00,A,336
10348,18501,2025-10-14 00:00:00,A,295
10349,18502,2024-11-26 00:00:00,A,1243
10350,18504,2023-07-25 00:00:00,A,311
10351,18506,2026-07-13 00:00:00,A,573
10352,18507,2024-01-26 00:00:00,A,892
10353,18508,2026-07-13 00:00:00,A,1226
10354,18509,2023-05-21 00:00:00,A,408
10355,18510,2024-08-27 00:00:00,A,311
10356,18511,2023-09-20 00:00:00,A,423
10357,18513,2024-10-20 00:00:00,A,91
10358,18516,2024-10-19 00:00:00,A,453
10359,18520,2025-04-25 00:00:00,B,346
10360,18521,2024-04-24 00:00:00,A,54
10361,18522,2023-06-04 00:00:00,C,264
10362,18524,2024-10-22 00:00:00,A,662
10363,18525,2024-08-21 00:00:00,A,542
10364,18526,2026-05-03 00:00:00,C,262
10365,18527,2026-06-06 00:00:00,A,648
10366,18529,2025-12-03 00:00:00,C,1011
10367,18532,2025-08-18 00:00:00,C,218
10368,18534,2024-10-19 00:00:00,A,26
10369,18535,2025-03-26 00:00:00,C,332
10370,18537,2023-10-12 00:00:00,A,932
10371,18538,2024-10-22 00:00:00,A,137
10372,18539,2026-05-15 00:00:00,A,1195
10373,18540,2025-11-16 00:00:00,A,640
10374,18541,2024-09-27 00:00:00,A,296
10375,18542,2023-06-21 00:00:00,C,1260
10376,18546,2026-03-26 00:00:00,A,672
10377,18547,2026-07-13 00:00:00,A,332
10378,18548,2024-10-22 00:00:00,C,333
10379,18549,2024-04-21 00:00:00,A,419
10380,18553,2023-07-25 00:00:00,A,673
10381,18554,2025-08-20 00:00:00,C,547
10382,18557,2025-09-15 00:00:00,A,849
10383,18558,2024-06-21 00:00:00,B,1171
10384,18559,2026-02-14 00:00:00,A,242
10385,18560,2026-07-06 00:00:00,B,337
10386,18561,2024-09-24 00:00:00,A,1037
10387,18562,2024-11-05 00:00:00,A,1095
10388,18564,2026-02-10 00:00:00,A,1283
10389,18565,2023-06-25 00:00:00,A,33
10390,18567,2026-07-13 00:00:00,A,228
10391,18568,2024-06-21 00:00:00,A,1250
10392,18570,2024-10-13 00:00:00,A,1279
10393,18571,2024-01-16 00:00:00,C,789
10394,18572,2024-01-22 00:00:00,A,947
10395,18573,2026-03-21 00:00:00,A,314
10396,18574,2025-10-29 00:00:00,A,144
10397,18575,2024-12-26 00:00:00,A,772
10398,18577,2023-12-18 00:00:00,A,1270
10399,18580,2026-02-06 00:00:00,A,632
10400,18582,2025-08-24 00:00:00,C,666
10401,18583,2024-09-15 00:00:00,C,859
10402,18584,2025-08-05 00:00:00,A,607
10403,18586,2026-03-10 00:00:00,A,1018
10404,18588,2023-10-15 00:00:00,A,932
10405,18589,2025-07-29 00:00:00,A,612
10406,18591,2025-06-03 00:00:00,A,406
10407,18592,2026-05-15 00:00:00,A,934
10408,18593,2023-04-09 00:00:00,A,1112
10409,18595,2025-12-27 00:00:00,C,919
10410,18596,2024-09-24 00:00:00,B,570
10411,18597,2025-02-01 00:00:00,C,207
10412,18599,2024-04-14 00:00:00,C,993
10413,18600,2024-11-16 00:00:00,A,1307
10414,18601,2023-06-24 00:00:00,A,661
10415,18602,2024-12-15 00:00:00,C,1290
10416,18606,2024-11-08 00:00:00,A,1229
10417,18607,2025-09-06 00:00:00,A,786
10418,18608,2024-02-28 00:00:00,A,1189
10419,18613,2023-10-26 00:00:00,B,663
10420,18616,2026-02-23 00:00:00,C,1133
10421,18617,2023-09-29 00:00:00,C,255
10422,18618,2025-05-23 00:00:00,C,623
10423,18619,2024-01-27 00:00:00,A,641
10424,18624,2024-04-19 00:00:00,C,406
10425,18625,2024-05-11 00:00:00,A,480
10426,18627,2025-03-03 00:00:00,A,1177
10427,18629,2023-07-02 00:00:00,A,1274
10428,18630,2025-03-25 00:00:00,A,1189
10429,18631,2026-07-13 00:00:00,A,87
10430,18633,2025-07-04 00:00:00,A,1123
10431,18634,2024-02-12 00:00:00,A,471
10432,18635,2024-03-15 00:00:00,A,947
10433,18644,2023-07-14 00:00:00,B,1134
10434,18645,2026-07-13 00:00:00,A,1231
10435,18646,2026-04-29 00:00:00,A,518
10436,18647,2023-06-27 00:00:00,B,1311
10437,18649,2025-05-12 00:00:00,C,209
10438,18653,2026-05-16 00:00:00,A,255
10439,18654,2026-04-02 00:00:00,A,751
10440,18655,2026-05-19 00:00:00,C,458
10441,18657,2025-11-23 00:00:00,A,792
10442,18658,2025-12-26 00:00:00,A,464
10443,18659,2023-10-15 00:00:00,C,363
10444,18660,2025-12-26 00:00:00,C,331
10445,18662,2025-06-07 00:00:00,A,29
10446,18663,2025-05-02 00:00:00,A,418
10447,18665,2026-07-13 00:00:00,A,849
10448,18667,2025-08-05 00:00:00,B,1260
10449,18668,2024-07-15 00:00:00,A,380
10450,18670,2023-08-01 00:00:00,A,1098
10451,18673,2026-05-12 00:00:00,C,1306
10452,18674,2025-06-21 00:00:00,B,261
10453,18675,2026-07-13 00:00:00,A,337
10454,18676,2024-12-17 00:00:00,C,507
10455,18679,2025-04-04 00:00:00,A,60
10456,18680,2025-06-10 00:00:00,A,1170
10457,18681,2023-12-16 00:00:00,C,1026
10458,18683,2025-04-10 00:00:00,A,292
10459,18685,2024-01-19 00:00:00,A,477
10460,18689,2024-09-16 00:00:00,A,1006
10461,18691,2024-11-12 00:00:00,A,66
10462,18693,2023-10-19 00:00:00,A,1070
10463,18694,2026-04-16 00:00:00,A,493
10464,18695,2026-01-10 00:00:00,B,546
10465,18697,2026-05-17 00:00:00,C,813
10466,18700,2024-11-09 00:00:00,A,407
10467,18701,2026-04-03 00:00:00,B,521
10468,18702,2026-01-29 00:00:00,A,268
10469,18703,2023-03-21 00:00:00,A,430
10470,18706,2025-09-02 00:00:00,A,1301
10471,18709,2024-11-25 00:00:00,A,506
10472,18710,2025-07-09 00:00:00,A,473
10473,18712,2026-07-04 00:00:00,C,734
10474,18713,2025-11-14 00:00:00,A,443
10475,18714,2026-05-29 00:00:00,C,1255
10476,18715,2024-02-25 00:00:00,A,1001
10477,18716,2024-06-16 00:00:00,A,1159
10478,18720,2024-06-13 00:00:00,C,468
10479,18721,2026-06-21 00:00:00,A,858
10480,18722,2024-12-23 00:00:00,A,263
10481,18723,2024-02-19 00:00:00,A,402
10482,18725,2025-08-07 00:00:00,C,526
10483,18727,2026-01-07 00:00:00,A,972
10484,18728,2024-09-14 00:00:00,B,44
10485,18729,2024-04-29 00:00:00,A,1143
10486,18730,2026-04-30 00:00:00,A,339
10487,18732,2025-01-25 00:00:00,A,627
10488,18733,2026-02-27 00:00:00,A,108
10489,18734,2024-09-27 00:00:00,B,831
10490,18735,2024-03-09 00:00:00,A,156
10491,18740,2023-11-06 00:00:00,B,994
10492,18743,2025-01-24 00:00:00,A,1269
10493,18744,2024-10-18 00:00:00,A,1030
10494,18745,2024-01-11 00:00:00,A,1071
10495,18748,2024-07-19 00:00:00,A,935
10496,18749,2026-01-03 00:00:00,A,1235
10497,18750,2025-11-28 00:00:00,A,616
10498,18751,2026-03-20 00:00:00,A,270
10499,18752,2025-01-01 00:00:00,A,846
10500,18754,2026-05-14 00:00:00,A,900
10501,18759,2023-11-04 00:00:00,A,899
10502,18760,2024-09-25 00:00:00,A,942
10503,18761,2024-12-31 00:00:00,A,686
10504,18762,2026-07-13 00:00:00,C,941
10505,18763,2026-06-28 00:00:00,A,403
10506,18764,2025-11-11 00:00:00,A,157
10507,18766,2025-01-19 00:00:00,A,399
10508,18770,2025-02-21 00:00:00,A,979
10509,18771,2025-11-10 00:00:00,A,479
10510,18774,2025-02-10 00:00:00,A,969
10511,18779,2025-09-20 00:00:00,A,1142
10512,18783,2025-06-08 00:00:00,A,200
10513,18786,2024-05-17 00:00:00,A,626
10514,18788,2024-02-23 00:00:00,A,1163
10515,18790,2023-07-25 00:00:00,A,1189
10516,18791,2025-03-05 00:00:00,A,69
10517,18792,2023-06-24 00:00:00,A,737
10518,18793,2026-07-13 00:00:00,C,761
10519,18796,2025-11-01 00:00:00,A,86
10520,18798,2023-06-04 00:00:00,A,286
10521,18801,2024-10-24 00:00:00,B,592
10522,18802,2025-08-25 00:00:00,C,1175
10523,18806,2025-09-17 00:00:00,A,226
10524,18810,2026-07-04 00:00:00,A,1243
10525,18812,2024-06-28 00:00:00,A,946
10526,18813,2025-01-23 00:00:00,A,896
10527,18815,2026-07-13 00:00:00,A,1266
10528,18816,2025-02-09 00:00:00,A,670
10529,18818,2025-12-11 00:00:00,A,781
10530,18819,2023-04-30 00:00:00,A,1282
10531,18820,2023-09-28 00:00:00,A,751
10532,18823,2026-07-13 00:00:00,A,1142
10533,18824,2023-09-15 00:00:00,A,1089
10534,18825,2023-07-19 00:00:00,A,532
10535,18826,2025-06-13 00:00:00,B,1150
10536,18827,2024-02-26 00:00:00,A,791
10537,18828,2024-08-13 00:00:00,A,1041
10538,18829,2025-06-19 00:00:00,B,613
10539,18830,2025-05-23 00:00:00,C,618
10540,18834,2026-07-13 00:00:00,C,481
10541,18835,2025-03-12 00:00:00,C,859
10542,18836,2026-07-13 00:00:00,A,1090
10543,18838,2024-04-15 00:00:00,A,55
10544,18839,2025-06-02 00:00:00,C,287
10545,18840,2025-06-09 00:00:00,C,1188
10546,18841,2024-05-29 00:00:00,A,265
10547,18844,2024-05-31 00:00:00,A,309
10548,18848,2025-11-23 00:00:00,A,470
10549,18850,2025-02-06 00:00:00,A,745
10550,18851,2026-06-08 00:00:00,A,1222
10551,18853,2025-08-30 00:00:00,A,354
10552,18854,2026-01-10 00:00:00,C,366
10553,18855,2023-11-28 00:00:00,A,95
10554,18856,2025-03-24 00:00:00,C,123
10555,18857,2025-08-31 00:00:00,A,98
10556,18861,2024-01-31 00:00:00,A,263
10557,18864,2025-04-13 00:00:00,A,92
10558,18865,2024-12-19 00:00:00,A,607
10559,18866,2026-04-15 00:00:00,A,137
10560,18868,2026-02-26 00:00:00,A,997
10561,18869,2025-03-09 00:00:00,A,773
10562,18871,2025-11-23 00:00:00,A,1070
10563,18872,2023-08-05 00:00:00,C,578
10564,18873,2023-12-11 00:00:00,A,412
10565,18874,2026-02-08 00:00:00,A,13
10566,18875,2023-07-30 00:00:00,A,377
10567,18878,2023-08-20 00:00:00,B,875
10568,18882,2024-01-16 00:00:00,B,136
10569,18884,2025-05-10 00:00:00,A,504
10570,18888,2023-08-24 00:00:00,B,597
10571,18889,2026-04-14 00:00:00,A,419
10572,18890,2026-07-13 00:00:00,A,396
10573,18894,2026-02-25 00:00:00,A,856
10574,18896,2026-04-19 00:00:00,A,1216
10575,18900,2024-05-05 00:00:00,A,1275
10576,18902,2025-08-09 00:00:00,A,9
10577,18903,2025-06-29 00:00:00,C,1059
10578,18906,2024-08-03 00:00:00,A,1179
10579,18907,2025-12-11 00:00:00,A,858
10580,18910,2025-07-22 00:00:00,A,17
10581,18914,2026-07-07 00:00:00,A,252
10582,18915,2026-05-06 00:00:00,A,111
10583,18916,2025-10-03 00:00:00,C,922
10584,18917,2025-02-28 00:00:00,A,1229
10585,18919,2025-10-03 00:00:00,A,946
10586,18920,2025-08-06 00:00:00,A,20
10587,18921,2026-05-11 00:00:00,A,267
10588,18922,2023-09-15 00:00:00,A,126
10589,18924,2025-10-25 00:00:00,A,657
10590,18926,2026-07-13 00:00:00,A,585
10591,18927,2023-04-20 00:00:00,C,754
10592,18928,2023-12-31 00:00:00,B,113
10593,18929,2023-10-06 00:00:00,A,410
10594,18930,2025-04-02 00:00:00,C,105
10595,18931,2025-08-04 00:00:00,A,303
10596,18935,2026-02-25 00:00:00,A,670
10597,18936,2025-11-30 00:00:00,A,470
10598,18938,2024-02-20 00:00:00,A,622
10599,18941,2025-01-25 00:00:00,A,195
10600,18942,2025-02-13 00:00:00,A,800
10601,18946,2023-12-10 00:00:00,A,523
10602,18947,2025-10-16 00:00:00,A,996
10603,18950,2025-09-20 00:00:00,C,951
10604,18955,2026-02-20 00:00:00,A,796
10605,18956,2025-12-11 00:00:00,A,1082
10606,18957,2025-10-01 00:00:00,A,270
10607,18958,2024-10-21 00:00:00,A,139
10608,18960,2026-04-08 00:00:00,A,879
10609,18962,2024-12-07 00:00:00,A,496
10610,18963,2024-10-27 00:00:00,A,1195
10611,18968,2026-02-20 00:00:00,A,141
10612,18970,2024-04-16 00:00:00,C,1240
10613,18972,2025-12-07 00:00:00,A,712
10614,18973,2025-11-26 00:00:00,A,64
10615,18974,2026-02-26 00:00:00,A,339
10616,18975,2023-12-30 00:00:00,C,1214
10617,18976,2026-03-07 00:00:00,A,301
10618,18977,2023-05-22 00:00:00,A,85
10619,18979,2024-10-20 00:00:00,A,1070
10620,18980,2025-11-01 00:00:00,B,302
10621,18981,2023-07-17 00:00:00,A,187
10622,18985,2024-12-08 00:00:00,C,637
10623,18986,2024-10-09 00:00:00,A,480
10624,18988,2026-07-13 00:00:00,A,332
10625,18991,2026-04-20 00:00:00,B,382
10626,18992,2024-04-01 00:00:00,A,248
10627,18993,2026-07-13 00:00:00,A,857
10628,18994,2024-11-18 00:00:00,A,581
10629,18997,2024-07-21 00:00:00,C,955
10630,18998,2026-07-13 00:00:00,A,971
10631,19001,2024-05-24 00:00:00,A,1286
10632,19003,2025-05-07 00:00:00,B,1049
10633,19005,2023-07-25 00:00:00,B,58
10634,19009,2024-03-14 00:00:00,A,1050
10635,19010,2024-11-07 00:00:00,A,650
10636,19011,2024-03-19 00:00:00,C,324
10637,19012,2024-01-12 00:00:00,A,1320
10638,19013,2026-05-08 00:00:00,C,1259
10639,19014,2026-06-03 00:00:00,A,137
10640,19015,2026-07-13 00:00:00,A,987
10641,19017,2026-06-21 00:00:00,A,1245
10642,19020,2024-03-17 00:00:00,A,1091
10643,19022,2023-11-15 00:00:00,C,217
10644,19023,2026-07-13 00:00:00,A,261
10645,19024,2024-03-20 00:00:00,A,1323
10646,19026,2025-10-07 00:00:00,A,297
10647,19028,2023-08-15 00:00:00,A,1221
10648,19029,2026-07-13 00:00:00,A,1116
10649,19031,2025-08-25 00:00:00,A,761
10650,19034,2025-10-09 00:00:00,A,669
10651,19035,2026-06-30 00:00:00,A,860
10652,19040,2023-11-03 00:00:00,C,1162
10653,19045,2025-07-05 00:00:00,A,184
10654,19046,2023-05-27 00:00:00,A,502
10655,19047,2024-06-11 00:00:00,B,1207
10656,19050,2026-07-13 00:00:00,C,1
10657,19053,2024-01-21 00:00:00,A,154
10658,19054,2024-08-05 00:00:00,C,637
10659,19057,2025-09-04 00:00:00,A,302
10660,19059,2025-03-04 00:00:00,A,3
10661,19061,2024-02-20 00:00:00,A,415
10662,19063,2024-03-25 00:00:00,A,492
10663,19064,2024-12-05 00:00:00,A,17
10664,19065,2026-04-09 00:00:00,A,846
10665,19066,2024-09-24 00:00:00,A,359
10666,19070,2023-10-25 00:00:00,C,942
10667,19071,2024-03-21 00:00:00,A,16
10668,19073,2025-06-01 00:00:00,A,1099
10669,19075,2025-03-06 00:00:00,A,715
10670,19079,2026-05-12 00:00:00,B,739
10671,19080,2026-07-13 00:00:00,A,443
10672,19081,2025-09-05 00:00:00,A,257
10673,19083,2024-08-26 00:00:00,A,108
10674,19084,2026-04-05 00:00:00,A,240
10675,19085,2024-07-24 00:00:00,C,259
10676,19087,2024-06-22 00:00:00,C,92
10677,19088,2024-07-12 00:00:00,C,704
10678,19091,2026-05-20 00:00:00,A,2
10679,19092,2024-06-25 00:00:00,A,1059
10680,19094,2024-07-11 00:00:00,A,964
10681,19097,2025-01-31 00:00:00,A,390
10682,19098,2024-03-21 00:00:00,A,426
10683,19100,2026-06-22 00:00:00,A,816
10684,19102,2026-03-07 00:00:00,A,998
10685,19105,2026-03-08 00:00:00,A,128
10686,19106,2026-01-26 00:00:00,A,1106
10687,19107,2024-03-02 00:00:00,A,423
10688,19113,2023-10-03 00:00:00,A,460
10689,19114,2024-02-25 00:00:00,A,15
10690,19116,2026-01-10 00:00:00,A,1208
10691,19117,2026-07-09 00:00:00,C,874
10692,19118,2025-09-10 00:00:00,A,956
10693,19119,2026-04-05 00:00:00,A,664
10694,19120,2025-04-24 00:00:00,A,141
10695,19122,2025-10-26 00:00:00,A,326
10696,19124,2026-07-13 00:00:00,A,237
10697,19126,2023-05-16 00:00:00,A,1137
10698,19128,2025-04-21 00:00:00,A,513
10699,19129,2024-05-16 00:00:00,A,5
10700,19134,2025-08-14 00:00:00,A,140
10701,19135,2024-06-27 00:00:00,A,865
10702,19139,2026-06-15 00:00:00,A,1103
10703,19140,2023-11-19 00:00:00,B,203
10704,19141,2026-06-06 00:00:00,A,567
10705,19142,2025-07-24 00:00:00,A,902
10706,19143,2024-07-22 00:00:00,A,70
10707,19146,2023-02-19 00:00:00,A,1218
10708,19147,2025-01-26 00:00:00,A,819
10709,19148,2024-07-04 00:00:00,A,997
10710,19149,2025-09-27 00:00:00,C,941
10711,19150,2024-08-10 00:00:00,A,589
10712,19152,2023-09-22 00:00:00,A,647
10713,19153,2024-08-10 00:00:00,A,88
10714,19155,2023-06-20 00:00:00,B,812
10715,19158,2024-10-24 00:00:00,C,277
10716,19159,2026-05-27 00:00:00,A,545
10717,19160,2024-08-01 00:00:00,A,318
10718,19161,2026-03-21 00:00:00,C,1077
10719,19162,2026-07-13 00:00:00,A,1002
10720,19163,2024-01-08 00:00:00,A,599
10721,19164,2026-07-13 00:00:00,C,966
10722,19165,2024-09-08 00:00:00,A,798
10723,19166,2023-09-08 00:00:00,C,139
10724,19168,2023-10-09 00:00:00,A,493
10725,19174,2025-08-14 00:00:00,C,733
10726,19175,2025-06-23 00:00:00,B,670
10727,19177,2025-12-11 00:00:00,C,1013
10728,19178,2026-01-20 00:00:00,C,214
10729,19179,2026-07-13 00:00:00,C,404
10730,19180,2025-11-08 00:00:00,C,723
10731,19181,2026-06-24 00:00:00,C,975
10732,19182,2026-07-13 00:00:00,C,370
10733,19183,2024-08-14 00:00:00,A,414
10734,19184,2026-01-16 00:00:00,A,881
10735,19186,2025-10-10 00:00:00,A,1118
10736,19188,2024-05-07 00:00:00,A,86
10737,19190,2026-07-13 00:00:00,A,131
10738,19191,2025-01-21 00:00:00,A,614
10739,19194,2024-04-30 00:00:00,A,785
10740,19195,2023-07-14 00:00:00,A,753
10741,19196,2025-07-17 00:00:00,A,906
10742,19199,2024-09-04 00:00:00,A,650
10743,19200,2026-07-08 00:00:00,A,493
10744,19202,2024-09-01 00:00:00,A,1161
10745,19203,2024-10-28 00:00:00,B,17
10746,19205,2023-12-18 00:00:00,A,1046
10747,19207,2026-06-23 00:00:00,A,1090
10748,19208,2024-01-09 00:00:00,A,477
10749,19211,2026-07-01 00:00:00,A,1048
10750,19212,2024-06-30 00:00:00,C,553
10751,19213,2024-05-09 00:00:00,A,1113
10752,19214,2023-01-31 00:00:00,A,1329
10753,19215,2026-07-13 00:00:00,B,1270
10754,19216,2025-07-05 00:00:00,A,144
10755,19218,2023-11-10 00:00:00,A,27
10756,19219,2025-02-16 00:00:00,C,358
10757,19226,2023-12-25 00:00:00,A,395
10758,19228,2026-05-04 00:00:00,C,231
10759,19232,2026-07-13 00:00:00,C,148
10760,19233,2024-10-28 00:00:00,B,919
10761,19234,2026-07-13 00:00:00,A,521
10762,19235,2023-07-22 00:00:00,A,714
10763,19236,2023-09-28 00:00:00,B,18
10764,19238,2025-07-07 00:00:00,C,1275
10765,19241,2024-01-26 00:00:00,A,1075
10766,19244,2024-05-10 00:00:00,A,238
10767,19246,2025-03-06 00:00:00,A,204
10768,19247,2025-07-31 00:00:00,C,993
10769,19248,2023-03-30 00:00:00,A,638
10770,19249,2026-03-14 00:00:00,B,675
10771,19251,2024-04-13 00:00:00,A,955
10772,19253,2025-10-16 00:00:00,A,368
10773,19254,2024-10-25 00:00:00,A,550
10774,19256,2026-02-16 00:00:00,A,623
10775,19257,2024-02-23 00:00:00,A,565
10776,19259,2026-06-11 00:00:00,A,705
10777,19260,2023-12-01 00:00:00,A,2
10778,19261,2025-06-15 00:00:00,A,646
10779,19262,2023-11-08 00:00:00,A,213
10780,19263,2023-08-18 00:00:00,A,481
10781,19267,2023-11-01 00:00:00,C,63
10782,19268,2023-09-19 00:00:00,A,296
10783,19270,2024-03-15 00:00:00,A,597
10784,19271,2023-12-30 00:00:00,A,357
10785,19272,2025-08-17 00:00:00,A,421
10786,19274,2025-02-02 00:00:00,A,447
10787,19276,2024-03-13 00:00:00,A,17
10788,19279,2026-04-26 00:00:00,A,1207
10789,19281,2026-07-13 00:00:00,A,579
10790,19282,2023-09-10 00:00:00,A,1048
10791,19284,2025-01-03 00:00:00,A,327
10792,19285,2024-03-30 00:00:00,A,1325
10793,19288,2023-09-12 00:00:00,A,939
10794,19289,2025-09-11 00:00:00,A,981
10795,19291,2026-07-13 00:00:00,C,408
10796,19293,2025-01-31 00:00:00,A,781
10797,19294,2025-12-19 00:00:00,A,605
10798,19295,2024-10-28 00:00:00,A,687
10799,19296,2023-02-09 00:00:00,B,897
10800,19299,2026-03-24 00:00:00,A,850
10801,19303,2024-02-27 00:00:00,A,1027
10802,19304,2026-04-03 00:00:00,A,164
10803,19308,2025-10-27 00:00:00,A,94
10804,19310,2024-04-11 00:00:00,A,1075
10805,19311,2025-12-28 00:00:00,A,924
10806,19312,2024-02-17 00:00:00,A,1302
10807,19314,2023-07-29 00:00:00,C,1076
10808,19315,2023-09-30 00:00:00,A,427
10809,19318,2023-06-25 00:00:00,B,1086
10810,19319,2023-12-10 00:00:00,A,1056
10811,19320,2025-06-20 00:00:00,A,620
10812,19322,2025-01-03 00:00:00,A,52
10813,19327,2024-12-22 00:00:00,A,681
10814,19328,2024-05-15 00:00:00,A,11
10815,19329,2026-02-07 00:00:00,A,962
10816,19330,2026-02-27 00:00:00,A,812
10817,19331,2025-02-27 00:00:00,A,589
10818,19332,2023-07-27 00:00:00,C,99
10819,19341,2026-06-18 00:00:00,A,980
10820,19343,2023-10-19 00:00:00,C,5
10821,19344,2026-01-07 00:00:00,A,730
10822,19348,2025-03-31 00:00:00,A,857
10823,19349,2024-07-24 00:00:00,B,1072
10824,19350,2025-02-08 00:00:00,A,591
10825,19357,2026-07-13 00:00:00,C,711
10826,19359,2026-02-22 00:00:00,A,999
10827,19360,2026-07-13 00:00:00,C,822
10828,19361,2025-11-19 00:00:00,A,1119
10829,19362,2024-02-29 00:00:00,A,1019
10830,19363,2026-03-16 00:00:00,C,38
10831,19364,2024-12-22 00:00:00,B,702
10832,19366,2026-04-17 00:00:00,B,481
10833,19367,2025-12-26 00:00:00,A,9
10834,19369,2026-05-30 00:00:00,A,1120
10835,19370,2025-11-02 00:00:00,A,853
10836,19372,2025-11-04 00:00:00,A,1239
10837,19373,2024-04-16 00:00:00,A,875
10838,19374,2023-08-19 00:00:00,A,531
10839,19377,2026-01-19 00:00:00,C,135
10840,19380,2024-06-29 00:00:00,A,1247
10841,19385,2025-08-29 00:00:00,A,603
10842,19387,2025-10-09 00:00:00,A,547
10843,19388,2025-02-23 00:00:00,A,615
10844,19389,2025-06-19 00:00:00,A,802
10845,19390,2025-11-25 00:00:00,A,90
10846,19391,2024-09-23 00:00:00,A,1058
10847,19395,2024-11-28 00:00:00,A,994
10848,19397,2025-12-20 00:00:00,A,164
10849,19399,2024-07-19 00:00:00,A,1166
10850,19400,2025-02-10 00:00:00,A,712
10851,19401,2026-06-28 00:00:00,A,1285
10852,19403,2026-03-18 00:00:00,A,16
10853,19404,2026-05-22 00:00:00,A,545
10854,19405,2025-03-01 00:00:00,B,1326
10855,19406,2025-11-10 00:00:00,C,1189
10856,19407,2026-07-13 00:00:00,A,894
10857,19408,2024-03-20 00:00:00,C,1196
10858,19410,2023-09-27 00:00:00,A,861
10859,19411,2025-05-16 00:00:00,A,1016
10860,19412,2026-06-16 00:00:00,A,456
10861,19419,2024-06-27 00:00:00,A,256
10862,19420,2024-01-04 00:00:00,A,1089
10863,19421,2024-01-06 00:00:00,A,985
10864,19423,2026-07-02 00:00:00,A,758
10865,19426,2025-05-09 00:00:00,A,879
10866,19427,2026-07-02 00:00:00,B,803
10867,19429,2023-12-18 00:00:00,A,962
10868,19430,2024-09-11 00:00:00,A,254
10869,19433,2023-12-05 00:00:00,A,821
10870,19434,2026-03-24 00:00:00,A,996
10871,19435,2026-07-13 00:00:00,A,383
10872,19436,2023-07-22 00:00:00,A,936
10873,19438,2024-03-09 00:00:00,A,1132
10874,19439,2025-07-13 00:00:00,B,1058
10875,19440,2025-09-07 00:00:00,A,1006
10876,19443,2026-06-12 00:00:00,A,986
10877,19446,2023-06-26 00:00:00,A,460
10878,19448,2026-07-13 00:00:00,A,452
10879,19449,2026-02-07 00:00:00,A,836
10880,19452,2026-06-09 00:00:00,A,80
10881,19453,2025-04-01 00:00:00,A,298
10882,19454,2025-02-13 00:00:00,A,380
10883,19455,2025-07-05 00:00:00,A,963
10884,19460,2023-12-08 00:00:00,C,1313
10885,19461,2023-07-10 00:00:00,A,1228
10886,19462,2024-03-31 00:00:00,C,6
10887,19463,2026-07-13 00:00:00,C,1307
10888,19464,2025-05-14 00:00:00,A,875
10889,19467,2026-07-13 00:00:00,A,512
10890,19470,2025-07-09 00:00:00,A,474
10891,19471,2025-07-02 00:00:00,A,1163
10892,19472,2026-06-30 00:00:00,C,625
10893,19473,2026-07-13 00:00:00,A,1051
10894,19474,2024-08-22 00:00:00,A,691
10895,19476,2024-03-04 00:00:00,A,294
10896,19477,2024-06-04 00:00:00,B,1006
10897,19478,2023-07-03 00:00:00,B,1239
10898,19483,2025-09-09 00:00:00,C,553
10899,19485,2025-05-26 00:00:00,C,257
10900,19486,2023-06-24 00:00:00,C,283
10901,19488,2024-02-12 00:00:00,A,406
10902,19489,2024-03-07 00:00:00,A,174
10903,19491,2025-01-31 00:00:00,C,905
10904,19492,2025-08-20 00:00:00,C,882
10905,19495,2023-07-22 00:00:00,A,403
10906,19497,2026-01-12 00:00:00,C,166
10907,19498,2024-10-10 00:00:00,C,552
10908,19500,2024-07-16 00:00:00,C,1176
10909,19505,2025-12-22 00:00:00,A,889
10910,19507,2023-08-13 00:00:00,A,1250
10911,19511,2025-05-22 00:00:00,A,911
10912,19514,2024-05-21 00:00:00,A,951
10913,19515,2024-08-25 00:00:00,A,720
10914,19516,2024-09-23 00:00:00,A,157
10915,19517,2024-10-12 00:00:00,A,944
10916,19521,2026-07-13 00:00:00,A,59
10917,19523,2025-06-11 00:00:00,A,414
10918,19525,2023-04-04 00:00:00,B,1078
10919,19527,2025-01-10 00:00:00,A,1265
10920,19528,2024-03-04 00:00:00,A,304
10921,19531,2023-08-07 00:00:00,A,561
10922,19532,2023-06-29 00:00:00,C,1060
10923,19533,2025-10-22 00:00:00,A,956
10924,19534,2023-11-28 00:00:00,A,1317
10925,19536,2025-07-03 00:00:00,A,495
10926,19538,2026-06-21 00:00:00,A,416
10927,19539,2024-11-21 00:00:00,A,58
10928,19540,2023-09-29 00:00:00,A,191
10929,19542,2024-03-26 00:00:00,A,429
10930,19544,2026-04-12 00:00:00,A,63
10931,19545,2025-02-25 00:00:00,A,804
10932,19547,2024-06-20 00:00:00,A,760
10933,19551,2026-07-13 00:00:00,C,1173
10934,19552,2024-06-15 00:00:00,A,541
10935,19553,2026-07-13 00:00:00,A,1136
10936,19558,2026-02-09 00:00:00,A,665
10937,19560,2023-08-16 00:00:00,A,780
10938,19561,2026-05-09 00:00:00,A,255
10939,19563,2023-09-09 00:00:00,A,1045
10940,19565,2025-07-12 00:00:00,A,1107
10941,19566,2025-05-15 00:00:00,A,588
10942,19568,2024-01-11 00:00:00,A,1155
10943,19572,2025-03-10 00:00:00,A,1067
10944,19573,2026-07-13 00:00:00,A,306
10945,19574,2023-11-28 00:00:00,A,657
10946,19577,2024-03-17 00:00:00,A,744
10947,19583,2025-06-04 00:00:00,A,1283
10948,19585,2024-03-13 00:00:00,B,115
10949,19587,2024-05-26 00:00:00,A,942
10950,19588,2024-02-05 00:00:00,B,595
10951,19589,2024-08-05 00:00:00,A,1172
10952,19590,2025-11-13 00:00:00,A,54
10953,19591,2026-02-13 00:00:00,A,802
10954,19592,2025-01-02 00:00:00,A,804
10955,19594,2026-05-24 00:00:00,A,1082
10956,19595,2025-04-03 00:00:00,A,1198
10957,19596,2025-05-03 00:00:00,A,914
10958,19597,2026-05-29 00:00:00,A,939
10959,19599,2023-10-22 00:00:00,A,1212
10960,19600,2026-07-13 00:00:00,A,1138
10961,19601,2024-09-16 00:00:00,B,4
10962,19602,2023-08-02 00:00:00,A,1222
10963,19603,2024-09-04 00:00:00,C,189
10964,19604,2026-01-01 00:00:00,A,748
10965,19608,2023-10-01 00:00:00,A,249
10966,19611,2026-04-16 00:00:00,C,264
10967,19613,2026-05-06 00:00:00,A,1063
10968,19616,2025-08-26 00:00:00,A,70
10969,19617,2026-02-16 00:00:00,A,1041
10970,19618,2026-06-16 00:00:00,C,1157
10971,19619,2026-07-13 00:00:00,C,992
10972,19620,2025-02-02 00:00:00,A,391
10973,19622,2024-05-07 00:00:00,A,1219
10974,19625,2023-11-19 00:00:00,A,3
10975,19626,2024-10-15 00:00:00,A,672
10976,19627,2025-12-11 00:00:00,C,1022
10977,19628,2024-11-22 00:00:00,C,695
10978,19630,2025-06-30 00:00:00,C,1130
10979,19633,2025-01-12 00:00:00,A,294
10980,19635,2024-08-16 00:00:00,A,895
10981,19637,2026-07-13 00:00:00,C,834
10982,19639,2024-11-03 00:00:00,A,806
10983,19641,2025-09-25 00:00:00,A,1037
10984,19643,2026-04-21 00:00:00,B,1019
10985,19646,2026-06-03 00:00:00,A,125
10986,19647,2026-07-13 00:00:00,C,933
10987,19648,2026-07-13 00:00:00,A,1067
10988,19651,2026-07-13 00:00:00,C,406
10989,19652,2024-06-09 00:00:00,A,983
10990,19653,2025-10-24 00:00:00,A,321
10991,19654,2023-09-14 00:00:00,A,165
10992,19655,2024-08-22 00:00:00,A,811
10993,19656,2025-07-26 00:00:00,C,948
10994,19657,2026-04-17 00:00:00,C,301
10995,19658,2025-10-03 00:00:00,B,1051
10996,19659,2025-10-02 00:00:00,B,360
10997,19660,2025-05-14 00:00:00,A,490
10998,19662,2023-11-18 00:00:00,A,781
10999,19666,2026-01-25 00:00:00,A,942
11000,19668,2026-03-24 00:00:00,A,43
11001,19669,2024-10-25 00:00:00,B,1039
11002,19675,2024-06-25 00:00:00,B,512
11003,19676,2025-07-12 00:00:00,C,25
11004,19677,2026-06-03 00:00:00,A,1316
11005,19678,2024-06-20 00:00:00,A,375
11006,19680,2023-11-30 00:00:00,A,846
11007,19681,2025-12-08 00:00:00,A,1020
11008,19682,2024-10-16 00:00:00,C,944
11009,19683,2023-08-03 00:00:00,A,1071
11010,19684,2024-12-21 00:00:00,A,407
11011,19685,2025-07-17 00:00:00,C,48
11012,19687,2026-07-13 00:00:00,B,940
11013,19689,2026-07-13 00:00:00,A,1228
11014,19690,2024-09-27 00:00:00,A,794
11015,19691,2026-07-13 00:00:00,A,670
11016,19695,2025-02-14 00:00:00,A,1191
11017,19697,2025-10-05 00:00:00,A,86
11018,19698,2024-05-07 00:00:00,A,46
11019,19699,2026-07-13 00:00:00,C,249
11020,19702,2024-01-07 00:00:00,C,1293
11021,19703,2025-03-24 00:00:00,C,1307
11022,19706,2026-07-13 00:00:00,C,615
11023,19709,2025-03-05 00:00:00,A,1175
11024,19711,2026-07-13 00:00:00,A,472
11025,19713,2026-07-13 00:00:00,A,1030
11026,19714,2025-07-22 00:00:00,C,969
11027,19715,2023-11-06 00:00:00,A,69
11028,19716,2024-07-03 00:00:00,C,281
11029,19717,2025-03-31 00:00:00,A,326
11030,19723,2026-01-19 00:00:00,B,247
11031,19725,2026-07-13 00:00:00,A,294
11032,19730,2026-05-18 00:00:00,C,823
11033,19731,2024-05-12 00:00:00,A,1333
11034,19732,2026-05-02 00:00:00,A,950
11035,19733,2025-04-11 00:00:00,A,555
11036,19734,2023-08-06 00:00:00,B,712
11037,19735,2025-10-23 00:00:00,A,466
11038,19736,2024-02-24 00:00:00,A,125
11039,19739,2026-03-14 00:00:00,A,1212
11040,19746,2024-07-04 00:00:00,C,71
11041,19751,2024-03-27 00:00:00,A,323
11042,19754,2025-07-10 00:00:00,A,737
11043,19755,2026-04-27 00:00:00,A,732
11044,19756,2023-12-19 00:00:00,A,1238
11045,19757,2024-08-10 00:00:00,C,1305
11046,19759,2026-01-17 00:00:00,A,932
11047,19762,2025-03-08 00:00:00,A,1148
11048,19764,2026-07-13 00:00:00,C,332
11049,19765,2025-12-16 00:00:00,C,1114
11050,19769,2026-07-13 00:00:00,A,1227
11051,19770,2024-10-25 00:00:00,A,833
11052,19771,2026-02-25 00:00:00,B,714
11053,19772,2024-05-24 00:00:00,A,546
11054,19773,2024-09-08 00:00:00,A,175
11055,19776,2024-04-15 00:00:00,C,425
11056,19777,2026-07-13 00:00:00,A,832
11057,19779,2026-07-13 00:00:00,C,62
11058,19781,2026-01-11 00:00:00,A,799
11059,19782,2026-07-13 00:00:00,A,1277
11060,19784,2023-10-20 00:00:00,A,93
11061,19785,2025-06-05 00:00:00,C,16
11062,19789,2023-12-27 00:00:00,C,607
11063,19790,2023-10-05 00:00:00,B,1188
11064,19792,2025-07-30 00:00:00,C,1113
11065,19794,2025-10-07 00:00:00,A,933
11066,19795,2023-11-15 00:00:00,A,205
11067,19797,2026-07-13 00:00:00,A,774
11068,19799,2025-09-10 00:00:00,A,1038
11069,19803,2025-02-17 00:00:00,A,1070
11070,19807,2025-11-08 00:00:00,A,93
11071,19810,2026-06-02 00:00:00,A,1184
11072,19812,2025-03-29 00:00:00,A,1245
11073,19815,2025-05-13 00:00:00,A,969
11074,19817,2024-09-04 00:00:00,A,956
11075,19818,2026-06-09 00:00:00,A,974
11076,19820,2023-10-21 00:00:00,A,761
11077,19821,2025-10-15 00:00:00,C,629
11078,19826,2025-04-22 00:00:00,A,1316
11079,19828,2025-06-02 00:00:00,A,988
11080,19829,2023-10-30 00:00:00,A,794
11081,19830,2023-11-16 00:00:00,A,304
11082,19832,2025-08-18 00:00:00,C,389
11083,19835,2024-03-13 00:00:00,A,958
11084,19836,2024-06-12 00:00:00,A,1196
11085,19838,2026-07-13 00:00:00,A,342
11086,19841,2025-07-31 00:00:00,A,1125
11087,19842,2023-08-25 00:00:00,A,502
11088,19844,2024-01-16 00:00:00,A,30
11089,19845,2024-10-29 00:00:00,A,1330
11090,19847,2026-06-15 00:00:00,B,713
11091,19853,2023-11-21 00:00:00,A,959
11092,19854,2025-07-15 00:00:00,A,22
11093,19855,2026-05-02 00:00:00,A,972
11094,19857,2024-06-29 00:00:00,A,1097
11095,19859,2023-10-27 00:00:00,A,498
11096,19860,2025-04-05 00:00:00,A,632
11097,19863,2023-12-23 00:00:00,C,804
11098,19865,2025-10-12 00:00:00,A,706
11099,19866,2023-06-24 00:00:00,A,841
11100,19868,2026-04-15 00:00:00,C,784
11101,19870,2026-02-10 00:00:00,A,70
11102,19874,2025-02-16 00:00:00,A,258
11103,19875,2024-08-16 00:00:00,A,1052
11104,19877,2026-06-01 00:00:00,C,1004
11105,19878,2024-09-26 00:00:00,A,138
11106,19881,2025-10-08 00:00:00,A,1019
11107,19882,2026-04-14 00:00:00,A,1031
11108,19883,2024-11-11 00:00:00,A,434
11109,19885,2023-12-02 00:00:00,A,334
11110,19886,2024-01-16 00:00:00,A,1216
11111,19888,2026-02-28 00:00:00,C,904
11112,19889,2024-04-30 00:00:00,A,969
11113,19891,2025-06-14 00:00:00,A,584
11114,19892,2023-08-07 00:00:00,A,825
11115,19895,2026-07-08 00:00:00,A,468
11116,19896,2023-10-28 00:00:00,A,44
11117,19898,2026-05-19 00:00:00,B,25
11118,19899,2025-03-29 00:00:00,C,165
11119,19900,2025-07-22 00:00:00,A,894
11120,19901,2025-04-24 00:00:00,A,355
11121,19903,2025-09-21 00:00:00,A,146
11122,19904,2024-09-15 00:00:00,A,834
11123,19907,2026-07-13 00:00:00,A,468
11124,19908,2024-01-27 00:00:00,C,198
11125,19914,2024-10-16 00:00:00,A,968
11126,19919,2026-03-13 00:00:00,A,295
11127,19921,2025-06-20 00:00:00,C,871
11128,19922,2024-09-15 00:00:00,C,300
11129,19923,2023-10-06 00:00:00,A,1192
11130,19924,2026-02-07 00:00:00,C,1075
11131,19926,2026-02-03 00:00:00,A,1053
11132,19927,2024-01-16 00:00:00,A,119
11133,19928,2025-08-05 00:00:00,A,33
11134,19929,2023-11-29 00:00:00,A,1197
11135,19930,2025-10-17 00:00:00,A,388
11136,19931,2024-04-04 00:00:00,A,674
11137,19938,2026-03-22 00:00:00,A,1081
11138,19939,2025-04-26 00:00:00,A,416
11139,19940,2023-12-05 00:00:00,C,758
11140,19942,2026-03-08 00:00:00,A,923
11141,19943,2025-09-10 00:00:00,C,748
11142,19944,2024-04-22 00:00:00,A,792
11143,19945,2026-06-15 00:00:00,C,70
11144,19946,2024-06-11 00:00:00,A,837
11145,19947,2024-11-30 00:00:00,A,1110
11146,19950,2026-03-08 00:00:00,A,179
11147,19952,2025-01-07 00:00:00,A,64
11148,19953,2025-02-24 00:00:00,C,304
11149,19954,2026-03-17 00:00:00,C,832
11150,19959,2026-04-08 00:00:00,A,1000
11151,19962,2024-09-02 00:00:00,A,1247
11152,19964,2024-01-04 00:00:00,C,929
11153,19965,2023-10-25 00:00:00,A,1074
11154,19966,2026-04-12 00:00:00,A,1174
11155,19967,2026-03-06 00:00:00,B,1102
11156,19968,2024-05-13 00:00:00,A,354
11157,19973,2026-01-13 00:00:00,B,1295
11158,19975,2023-08-14 00:00:00,A,787
11159,19977,2025-09-16 00:00:00,A,690
11160,19978,2024-03-28 00:00:00,A,325
11161,19979,2024-05-08 00:00:00,A,426
11162,19980,2025-04-25 00:00:00,A,459
11163,19981,2025-12-20 00:00:00,A,1120
11164,19982,2026-07-04 00:00:00,C,851
11165,19984,2025-02-28 00:00:00,B,1336
11166,19985,2025-03-24 00:00:00,A,440
11167,19988,2025-08-24 00:00:00,A,1055
11168,19989,2024-07-08 00:00:00,A,852
11169,19990,2025-03-03 00:00:00,A,430
11170,19992,2024-04-09 00:00:00,A,1095
11171,19994,2024-12-22 00:00:00,A,716
11172,19996,2023-04-12 00:00:00,A,373
11173,19998,2024-11-24 00:00:00,A,631
11174,19999,2024-04-03 00:00:00,A,8
11175,20002,2026-06-02 00:00:00,A,900
11176,20004,2026-07-13 00:00:00,A,1306
11177,20005,2023-05-24 00:00:00,A,161
11178,20009,2024-07-06 00:00:00,A,1229
11179,20015,2024-03-01 00:00:00,A,623
11180,20016,2025-06-02 00:00:00,A,141
11181,20017,2024-01-25 00:00:00,A,532
11182,20018,2023-05-12 00:00:00,C,69
11183,20019,2024-06-26 00:00:00,A,306
11184,20021,2025-01-14 00:00:00,A,14
11185,20022,2024-04-11 00:00:00,A,337
11186,20023,2026-04-02 00:00:00,A,315
11187,20024,2024-10-11 00:00:00,A,1302
11188,20025,2024-11-25 00:00:00,A,1204
11189,20026,2024-01-31 00:00:00,A,1329
11190,20028,2025-09-23 00:00:00,A,935
11191,20031,2023-04-27 00:00:00,A,440
11192,20034,2024-10-11 00:00:00,A,666
11193,20035,2024-06-04 00:00:00,C,578
11194,20039,2024-10-01 00:00:00,A,1023
11195,20041,2024-08-30 00:00:00,A,1308
11196,20042,2023-06-25 00:00:00,A,227
11197,20044,2024-12-12 00:00:00,B,1247
11198,20045,2024-02-07 00:00:00,A,1226
11199,20046,2025-05-23 00:00:00,A,5
11200,20047,2024-04-15 00:00:00,A,1097
11201,20049,2026-07-13 00:00:00,C,990
11202,20051,2024-11-04 00:00:00,C,1246
11203,20052,2023-04-21 00:00:00,C,1193
11204,20054,2023-08-08 00:00:00,A,630
11205,20055,2024-06-19 00:00:00,A,174
11206,20060,2023-05-20 00:00:00,A,716
11207,20062,2025-10-17 00:00:00,A,1227
11208,20063,2025-02-26 00:00:00,A,1106
11209,20064,2025-03-25 00:00:00,A,334
11210,20065,2025-07-24 00:00:00,A,891
11211,20066,2024-01-12 00:00:00,A,836
11212,20067,2024-12-01 00:00:00,A,906
11213,20072,2026-05-19 00:00:00,B,1002
11214,20077,2024-10-07 00:00:00,A,734
11215,20078,2026-03-16 00:00:00,A,1315
11216,20083,2024-05-24 00:00:00,A,106
11217,20085,2026-07-13 00:00:00,C,513
11218,20086,2025-11-28 00:00:00,B,273
11219,20088,2025-10-23 00:00:00,C,887
11220,20089,2024-08-17 00:00:00,A,1246
11221,20090,2025-03-04 00:00:00,B,502
11222,20091,2023-11-19 00:00:00,C,473
11223,20092,2026-05-01 00:00:00,B,122
11224,20093,2025-02-16 00:00:00,A,16
11225,20095,2026-07-13 00:00:00,A,901
11226,20096,2025-05-30 00:00:00,C,126
11227,20097,2025-03-20 00:00:00,A,771
11228,20098,2024-06-27 00:00:00,A,847
11229,20102,2024-03-06 00:00:00,A,592
11230,20103,2024-09-16 00:00:00,A,1142
11231,20105,2023-10-08 00:00:00,B,1114
11232,20107,2023-11-29 00:00:00,C,281
11233,20108,2023-12-01 00:00:00,A,504
11234,20109,2023-11-23 00:00:00,A,24
11235,20110,2026-01-16 00:00:00,A,1136
11236,20112,2024-05-11 00:00:00,A,232
11237,20114,2026-05-29 00:00:00,A,785
11238,20117,2024-10-08 00:00:00,C,486
11239,20118,2023-12-17 00:00:00,A,368
11240,20120,2025-07-22 00:00:00,A,421
11241,20121,2023-12-07 00:00:00,A,757
11242,20122,2024-09-08 00:00:00,A,900
11243,20123,2023-10-26 00:00:00,A,673
11244,20124,2025-02-16 00:00:00,B,74
11245,20125,2023-11-17 00:00:00,A,371
11246,20126,2025-12-15 00:00:00,A,439
11247,20128,2023-12-15 00:00:00,A,45
11248,20130,2023-12-27 00:00:00,A,996
11249,20131,2025-04-21 00:00:00,A,7
11250,20133,2026-01-02 00:00:00,A,545
11251,20134,2025-05-12 00:00:00,A,872
11252,20136,2025-03-15 00:00:00,C,431
11253,20137,2024-07-29 00:00:00,A,894
11254,20139,2025-09-28 00:00:00,A,1206
11255,20141,2023-12-20 00:00:00,A,354
11256,20142,2025-01-03 00:00:00,A,940
11257,20144,2024-06-24 00:00:00,A,602
11258,20145,2025-04-28 00:00:00,A,310
11259,20148,2025-06-04 00:00:00,A,1245
11260,20150,2026-03-13 00:00:00,A,737
11261,20153,2024-03-25 00:00:00,A,731
11262,20155,2024-11-06 00:00:00,A,220
11263,20156,2026-02-05 00:00:00,A,1235
11264,20157,2024-12-23 00:00:00,A,791
11265,20158,2024-04-04 00:00:00,A,961
11266,20161,2025-02-18 00:00:00,B,450
11267,20163,2025-09-29 00:00:00,A,164
11268,20164,2024-04-07 00:00:00,A,456
11269,20165,2023-06-01 00:00:00,C,580
11270,20166,2026-07-13 00:00:00,A,1237
11271,20170,2024-10-09 00:00:00,A,10
11272,20172,2024-05-23 00:00:00,A,597
11273,20173,2025-02-02 00:00:00,B,1291
11274,20174,2024-09-06 00:00:00,C,811
11275,20175,2024-09-08 00:00:00,A,919
11276,20177,2026-07-13 00:00:00,B,27
11277,20179,2026-03-27 00:00:00,A,332
11278,20182,2026-07-13 00:00:00,A,890
11279,20183,2026-07-13 00:00:00,A,413
11280,20184,2026-05-07 00:00:00,A,230
11281,20185,2024-12-16 00:00:00,A,338
11282,20187,2026-07-13 00:00:00,A,387
11283,20188,2023-07-07 00:00:00,A,571
11284,20195,2024-06-06 00:00:00,A,1206
11285,20198,2025-09-16 00:00:00,B,1155
11286,20199,2025-09-06 00:00:00,A,456
11287,20201,2024-01-30 00:00:00,A,798
11288,20203,2025-01-30 00:00:00,B,164
11289,20204,2024-02-09 00:00:00,C,866
11290,20206,2023-12-07 00:00:00,A,253
11291,20207,2026-04-27 00:00:00,B,1227
11292,20209,2024-04-07 00:00:00,C,1153
11293,20212,2024-04-28 00:00:00,B,935
11294,20214,2024-11-07 00:00:00,A,289
11295,20215,2024-08-25 00:00:00,B,311
11296,20219,2024-03-17 00:00:00,A,877
11297,20220,2025-08-18 00:00:00,C,274
11298,20222,2024-09-20 00:00:00,A,174
11299,20223,2024-06-12 00:00:00,A,1042
11300,20224,2024-03-30 00:00:00,C,197
11301,20225,2024-06-11 00:00:00,A,472
11302,20228,2024-07-30 00:00:00,B,850
11303,20229,2025-04-09 00:00:00,A,1111
11304,20231,2023-07-15 00:00:00,C,1052
11305,20232,2024-06-22 00:00:00,C,804
11306,20233,2026-02-19 00:00:00,A,113
11307,20234,2023-08-10 00:00:00,A,859
11308,20235,2025-06-11 00:00:00,B,1167
11309,20243,2025-06-23 00:00:00,A,699
11310,20244,2024-03-14 00:00:00,C,923
11311,20246,2023-08-31 00:00:00,A,1229
11312,20248,2025-04-28 00:00:00,A,1190
11313,20250,2023-03-31 00:00:00,A,390
11314,20251,2026-05-05 00:00:00,A,1207
11315,20253,2024-07-21 00:00:00,A,1112
11316,20254,2023-05-10 00:00:00,A,881
11317,20256,2024-09-17 00:00:00,C,722
11318,20257,2026-02-12 00:00:00,A,1023
11319,20259,2023-11-28 00:00:00,A,1205
11320,20260,2024-05-29 00:00:00,B,31
11321,20262,2025-07-18 00:00:00,C,948
11322,20264,2023-08-03 00:00:00,A,362
11323,20266,2025-05-02 00:00:00,A,858
11324,20267,2024-12-26 00:00:00,B,630
11325,20271,2026-07-13 00:00:00,A,570
11326,20274,2025-04-22 00:00:00,A,21
11327,20276,2024-10-12 00:00:00,A,565
11328,20278,2026-07-13 00:00:00,A,642
11329,20279,2026-07-13 00:00:00,A,597
11330,20280,2026-07-11 00:00:00,A,405
11331,20286,2024-03-11 00:00:00,A,1188
11332,20289,2023-05-03 00:00:00,A,1319
11333,20290,2025-08-11 00:00:00,C,391
11334,20291,2026-02-26 00:00:00,A,476
11335,20292,2024-11-21 00:00:00,C,943
11336,20296,2026-07-13 00:00:00,A,1174
11337,20297,2026-07-13 00:00:00,A,851
11338,20298,2025-10-14 00:00:00,A,1079
11339,20299,2025-06-12 00:00:00,C,1284
11340,20300,2025-12-23 00:00:00,A,427
11341,20303,2023-08-06 00:00:00,A,667
11342,20305,2026-07-13 00:00:00,C,167
11343,20308,2023-12-17 00:00:00,A,1111
11344,20310,2024-09-13 00:00:00,A,538
11345,20311,2026-02-28 00:00:00,A,653
11346,20314,2024-07-13 00:00:00,A,714
11347,20315,2026-07-13 00:00:00,A,1284
11348,20316,2025-08-30 00:00:00,A,34
11349,20319,2024-01-18 00:00:00,A,631
11350,20320,2023-08-14 00:00:00,A,1035
11351,20324,2024-06-15 00:00:00,A,338
11352,20328,2025-11-25 00:00:00,A,1083
11353,20329,2024-01-25 00:00:00,B,1161
11354,20334,2026-07-13 00:00:00,A,474
11355,20337,2024-05-31 00:00:00,C,995
11356,20338,2023-07-21 00:00:00,A,473
11357,20341,2023-07-15 00:00:00,A,678
11358,20342,2023-11-27 00:00:00,B,1212
11359,20343,2025-04-30 00:00:00,A,883
11360,20345,2025-01-31 00:00:00,C,476
11361,20347,2024-03-27 00:00:00,A,136
11362,20348,2023-12-05 00:00:00,A,1323
11363,20351,2026-05-26 00:00:00,A,714
11364,20353,2025-06-05 00:00:00,C,855
11365,20354,2025-10-25 00:00:00,A,643
11366,20355,2025-04-26 00:00:00,A,2
11367,20357,2023-06-21 00:00:00,B,538
11368,20359,2025-12-11 00:00:00,A,1274
11369,20361,2025-01-02 00:00:00,A,1148
11370,20365,2025-08-27 00:00:00,A,291
11371,20367,2024-03-21 00:00:00,A,69
11372,20369,2023-07-31 00:00:00,A,451
11373,20370,2025-09-30 00:00:00,A,167
11374,20372,2025-05-30 00:00:00,A,447
11375,20374,2024-01-21 00:00:00,C,1098
11376,20375,2023-12-11 00:00:00,A,841
11377,20377,2026-07-13 00:00:00,C,339
11378,20379,2025-03-09 00:00:00,C,1186
11379,20381,2024-07-26 00:00:00,C,1019
11380,20382,2026-07-13 00:00:00,A,206
11381,20386,2024-11-13 00:00:00,A,54
11382,20387,2026-06-10 00:00:00,A,2
11383,20388,2026-03-25 00:00:00,B,67
11384,20389,2024-07-22 00:00:00,B,240
11385,20390,2025-09-15 00:00:00,A,1045
11386,20392,2023-12-23 00:00:00,A,259
11387,20394,2024-06-12 00:00:00,A,963
11388,20397,2024-09-09 00:00:00,A,1018
11389,20398,2024-08-20 00:00:00,C,1198
11390,20400,2026-01-19 00:00:00,C,176
11391,20401,2026-02-14 00:00:00,C,833
11392,20402,2025-03-15 00:00:00,C,620
11393,20403,2025-09-04 00:00:00,B,686
11394,20405,2024-03-14 00:00:00,A,1191
11395,20407,2024-04-09 00:00:00,A,776
11396,20409,2023-09-24 00:00:00,A,933
11397,20411,2023-09-20 00:00:00,A,198
11398,20413,2026-07-13 00:00:00,A,2
11399,20414,2023-12-01 00:00:00,A,287
11400,20415,2024-11-30 00:00:00,A,656
11401,20417,2026-07-13 00:00:00,A,1266
11402,20420,2025-12-28 00:00:00,A,1134
11403,20422,2025-11-20 00:00:00,A,671
11404,20423,2026-07-13 00:00:00,A,603
11405,20425,2025-12-08 00:00:00,A,295
11406,20427,2024-07-25 00:00:00,A,466
11407,20428,2026-03-01 00:00:00,B,1111
11408,20429,2026-07-13 00:00:00,A,51
11409,20430,2025-12-27 00:00:00,A,624
11410,20431,2025-02-09 00:00:00,C,1176
11411,20432,2026-03-10 00:00:00,A,1267
11412,20436,2026-07-13 00:00:00,C,1161
11413,20437,2026-03-06 00:00:00,A,204
11414,20438,2024-06-15 00:00:00,A,675
11415,20439,2024-06-26 00:00:00,A,353
11416,20440,2026-04-30 00:00:00,A,749
11417,20442,2025-09-29 00:00:00,A,455
11418,20443,2026-07-13 00:00:00,A,486
11419,20444,2025-03-07 00:00:00,A,531
11420,20446,2025-03-13 00:00:00,A,297
11421,20447,2025-05-24 00:00:00,A,933
11422,20449,2023-07-17 00:00:00,B,896
11423,20451,2024-10-01 00:00:00,A,810
11424,20452,2025-11-14 00:00:00,B,389
11425,20457,2026-07-13 00:00:00,A,352
11426,20458,2025-11-29 00:00:00,A,532
11427,20462,2026-06-22 00:00:00,A,66
11428,20464,2024-02-09 00:00:00,A,856
11429,20465,2024-02-11 00:00:00,A,671
11430,20466,2024-09-08 00:00:00,C,946
11431,20467,2025-05-08 00:00:00,A,807
11432,20470,2026-07-13 00:00:00,C,950
11433,20471,2024-10-28 00:00:00,A,806
11434,20472,2025-11-25 00:00:00,A,1113
11435,20474,2026-03-24 00:00:00,C,444
11436,20477,2024-08-11 00:00:00,A,1036
11437,20478,2025-04-28 00:00:00,B,123
11438,20479,2026-03-11 00:00:00,C,440
11439,20480,2026-03-08 00:00:00,A,457
11440,20482,2025-05-05 00:00:00,C,851
11441,20483,2024-06-29 00:00:00,A,309
11442,20484,2025-03-05 00:00:00,A,1096
11443,20485,2024-03-13 00:00:00,C,332
11444,20487,2024-07-04 00:00:00,C,189
11445,20488,2023-11-08 00:00:00,A,1008
11446,20491,2026-07-13 00:00:00,A,144
11447,20493,2026-04-22 00:00:00,A,729
11448,20496,2025-10-11 00:00:00,A,418
11449,20497,2024-08-07 00:00:00,C,1025
11450,20499,2026-07-13 00:00:00,A,826
11451,20500,2025-03-25 00:00:00,A,7
11452,20501,2026-05-19 00:00:00,A,707
11453,20503,2026-07-13 00:00:00,A,326
11454,20504,2024-05-18 00:00:00,A,13
11455,20505,2024-09-16 00:00:00,A,891
11456,20507,2026-07-13 00:00:00,A,636
11457,20508,2024-06-09 00:00:00,A,1088
11458,20511,2024-07-24 00:00:00,C,1078
11459,20512,2026-05-03 00:00:00,B,558
11460,20513,2025-01-17 00:00:00,C,970
11461,20514,2023-05-31 00:00:00,A,532
11462,20516,2026-06-18 00:00:00,C,803
11463,20517,2024-01-18 00:00:00,C,623
11464,20518,2024-03-22 00:00:00,A,958
11465,20521,2024-03-11 00:00:00,C,1154
11466,20525,2025-11-14 00:00:00,A,797
11467,20527,2026-02-17 00:00:00,C,842
11468,20530,2024-09-11 00:00:00,A,981
11469,20531,2025-08-02 00:00:00,B,699
11470,20534,2026-07-11 00:00:00,A,647
11471,20535,2026-06-02 00:00:00,A,872
11472,20536,2024-11-02 00:00:00,A,432
11473,20539,2024-03-27 00:00:00,A,12
11474,20540,2026-07-13 00:00:00,C,1201
11475,20542,2023-12-28 00:00:00,A,610
11476,20543,2025-05-25 00:00:00,A,1022
11477,20544,2025-03-19 00:00:00,A,541
11478,20545,2025-11-02 00:00:00,A,701
11479,20546,2024-10-15 00:00:00,A,1249
11480,20548,2025-09-20 00:00:00,A,139
11481,20553,2023-05-01 00:00:00,A,434
11482,20557,2023-08-06 00:00:00,A,220
11483,20558,2023-09-27 00:00:00,C,240
11484,20559,2023-04-09 00:00:00,A,423
11485,20562,2024-12-24 00:00:00,C,893
11486,20563,2025-03-07 00:00:00,A,1119
11487,20564,2026-07-13 00:00:00,A,1257
11488,20567,2024-11-06 00:00:00,A,713
11489,20569,2026-07-13 00:00:00,A,673
11490,20570,2024-11-14 00:00:00,A,86
11491,20572,2024-02-02 00:00:00,C,751
11492,20575,2024-02-14 00:00:00,A,309
11493,20576,2026-07-13 00:00:00,C,1078
11494,20577,2025-10-25 00:00:00,A,184
11495,20579,2024-09-01 00:00:00,A,222
11496,20580,2024-07-20 00:00:00,A,581
11497,20583,2023-12-12 00:00:00,A,353
11498,20586,2023-09-09 00:00:00,A,448
11499,20587,2026-01-25 00:00:00,A,481
11500,20588,2024-05-11 00:00:00,A,1310
11501,20589,2025-08-10 00:00:00,A,1148
11502,20590,2026-01-11 00:00:00,A,876
11503,20591,2026-06-08 00:00:00,C,545
11504,20592,2023-09-02 00:00:00,A,1174
11505,20595,2024-05-14 00:00:00,A,70
11506,20596,2024-10-17 00:00:00,C,120
11507,20598,2025-09-07 00:00:00,C,538
11508,20602,2025-01-09 00:00:00,A,311
11509,20603,2024-09-28 00:00:00,A,614
11510,20604,2026-07-13 00:00:00,A,817
11511,20605,2025-03-26 00:00:00,C,1121
11512,20606,2023-08-11 00:00:00,A,396
11513,20607,2026-02-02 00:00:00,A,789
11514,20609,2025-11-12 00:00:00,A,1006
11515,20613,2026-05-16 00:00:00,A,805
11516,20614,2025-10-14 00:00:00,A,1000
11517,20620,2025-12-01 00:00:00,A,1088
11518,20622,2025-04-05 00:00:00,A,584
11519,20623,2024-08-11 00:00:00,A,715
11520,20625,2026-07-13 00:00:00,C,999
11521,20626,2024-12-23 00:00:00,A,902
11522,20628,2024-11-06 00:00:00,A,487
11523,20630,2025-07-25 00:00:00,A,1267
11524,20633,2024-09-04 00:00:00,A,230
11525,20635,2025-05-26 00:00:00,A,970
11526,20636,2025-03-21 00:00:00,A,748
11527,20637,2025-03-10 00:00:00,A,427
11528,20638,2025-01-23 00:00:00,A,1020
11529,20640,2024-06-17 00:00:00,A,773
11530,20645,2025-02-21 00:00:00,B,657
11531,20646,2024-08-04 00:00:00,C,631
11532,20649,2025-06-27 00:00:00,A,361
11533,20653,2026-04-25 00:00:00,C,698
11534,20655,2023-07-14 00:00:00,A,878
11535,20658,2025-05-08 00:00:00,C,70
11536,20661,2024-01-16 00:00:00,A,385
11537,20662,2024-09-01 00:00:00,A,1120
11538,20663,2026-05-14 00:00:00,A,1071
11539,20666,2023-05-23 00:00:00,A,1182
11540,20667,2026-05-08 00:00:00,A,1259
11541,20668,2024-10-08 00:00:00,A,678
11542,20669,2025-05-28 00:00:00,A,1270
11543,20673,2025-12-17 00:00:00,A,262
11544,20675,2026-07-13 00:00:00,A,145
11545,20677,2025-01-25 00:00:00,A,708
11546,20682,2023-12-02 00:00:00,B,93
11547,20684,2026-02-24 00:00:00,A,1032
11548,20685,2024-08-17 00:00:00,A,123
11549,20689,2026-07-13 00:00:00,A,470
11550,20690,2026-07-13 00:00:00,A,126
11551,20692,2026-07-13 00:00:00,A,641
11552,20694,2026-06-14 00:00:00,A,512
11553,20698,2023-08-02 00:00:00,A,356
11554,20700,2026-06-11 00:00:00,A,1287
11555,20702,2026-06-16 00:00:00,A,908
11556,20703,2026-07-13 00:00:00,A,657
11557,20706,2024-07-04 00:00:00,A,539
11558,20708,2024-11-26 00:00:00,A,1307
11559,20710,2023-06-20 00:00:00,B,394
11560,20711,2024-06-25 00:00:00,C,1246
11561,20714,2025-05-28 00:00:00,A,1263
11562,20715,2025-09-18 00:00:00,A,754
11563,20718,2023-04-26 00:00:00,B,148
11564,20720,2025-08-15 00:00:00,A,1084
11565,20721,2024-10-14 00:00:00,A,481
11566,20722,2025-05-21 00:00:00,B,1239
11567,20723,2026-07-13 00:00:00,A,1236
11568,20724,2024-10-27 00:00:00,A,361
11569,20726,2025-01-30 00:00:00,C,779
11570,20727,2026-07-09 00:00:00,A,328
11571,20728,2026-07-13 00:00:00,C,414
11572,20730,2023-12-16 00:00:00,A,124
11573,20731,2025-10-04 00:00:00,C,178
11574,20732,2026-07-13 00:00:00,C,1333
11575,20733,2026-05-05 00:00:00,C,1090
11576,20734,2025-05-05 00:00:00,A,1278
11577,20735,2024-07-16 00:00:00,A,1147
11578,20736,2026-02-24 00:00:00,A,100
11579,20739,2025-08-17 00:00:00,A,724
11580,20741,2024-03-04 00:00:00,C,923
11581,20742,2024-08-11 00:00:00,A,604
11582,20743,2024-04-02 00:00:00,A,499
11583,20745,2024-04-22 00:00:00,A,1041
11584,20749,2025-07-20 00:00:00,B,1332
11585,20752,2025-01-13 00:00:00,A,247
11586,20756,2023-09-05 00:00:00,A,689
11587,20757,2024-03-28 00:00:00,B,973
11588,20758,2023-08-15 00:00:00,A,1326
11589,20760,2024-05-07 00:00:00,A,795
11590,20762,2025-08-18 00:00:00,A,1064
11591,20766,2025-04-19 00:00:00,A,409
11592,20768,2023-07-07 00:00:00,A,960
11593,20769,2026-05-08 00:00:00,A,489
11594,20772,2025-12-21 00:00:00,C,384
11595,20776,2026-02-20 00:00:00,C,543
11596,20778,2026-07-12 00:00:00,A,128
11597,20779,2024-10-17 00:00:00,A,581
11598,20781,2026-07-13 00:00:00,C,617
11599,20782,2025-07-16 00:00:00,A,116
11600,20786,2023-05-01 00:00:00,C,809
11601,20787,2025-09-24 00:00:00,C,856
11602,20790,2026-06-24 00:00:00,A,938
11603,20792,2023-12-12 00:00:00,A,631
11604,20795,2025-12-25 00:00:00,B,248
11605,20796,2024-04-26 00:00:00,A,415
11606,20797,2024-05-08 00:00:00,A,372
11607,20798,2025-11-30 00:00:00,A,355
11608,20799,2026-07-13 00:00:00,C,978
11609,20801,2025-11-04 00:00:00,C,1323
11610,20803,2024-07-04 00:00:00,A,162
11611,20804,2025-12-22 00:00:00,A,722
11612,20806,2024-02-15 00:00:00,B,842
11613,20807,2025-07-19 00:00:00,A,527
11614,20808,2023-08-25 00:00:00,A,1316
11615,20809,2026-06-25 00:00:00,A,919
11616,20810,2024-10-04 00:00:00,C,787
11617,20812,2026-04-04 00:00:00,C,121
11618,20815,2025-07-09 00:00:00,C,408
11619,20817,2025-07-05 00:00:00,B,93
11620,20818,2024-11-18 00:00:00,A,310
11621,20822,2023-10-08 00:00:00,A,1101
11622,20823,2026-07-08 00:00:00,A,722
11623,20825,2024-03-07 00:00:00,A,609
11624,20827,2024-09-26 00:00:00,A,550
11625,20828,2026-06-10 00:00:00,A,82
11626,20829,2025-04-11 00:00:00,A,415
11627,20831,2026-07-13 00:00:00,C,283
11628,20841,2025-04-20 00:00:00,A,651
11629,20842,2023-05-27 00:00:00,C,684
11630,20844,2026-05-31 00:00:00,C,1189
11631,20845,2024-10-20 00:00:00,B,1058
11632,20846,2025-06-27 00:00:00,C,28
11633,20849,2023-09-15 00:00:00,A,514
11634,20851,2024-08-11 00:00:00,C,1278
11635,20852,2024-01-11 00:00:00,A,906
11636,20854,2023-05-10 00:00:00,B,1174
11637,20855,2023-12-18 00:00:00,A,284
11638,20856,2026-07-07 00:00:00,C,697
11639,20857,2024-03-04 00:00:00,A,126
11640,20858,2024-04-20 00:00:00,A,677
11641,20860,2026-07-13 00:00:00,A,306
11642,20861,2024-11-06 00:00:00,A,483
11643,20862,2025-09-09 00:00:00,A,977
11644,20863,2025-01-07 00:00:00,A,1121
11645,20864,2026-07-13 00:00:00,A,428
11646,20865,2025-01-12 00:00:00,A,609
11647,20866,2023-12-15 00:00:00,A,990
11648,20867,2024-01-20 00:00:00,C,1204
11649,20868,2025-05-25 00:00:00,A,1324
11650,20870,2025-12-29 00:00:00,A,650
11651,20872,2024-06-13 00:00:00,A,53
11652,20873,2025-05-04 00:00:00,C,66
11653,20874,2026-07-13 00:00:00,A,722
11654,20875,2024-10-25 00:00:00,C,650
11655,20876,2026-01-18 00:00:00,C,897
11656,20881,2025-04-04 00:00:00,A,649
11657,20882,2024-10-29 00:00:00,B,1175
11658,20883,2024-11-13 00:00:00,A,768
11659,20884,2023-12-11 00:00:00,A,228
11660,20888,2026-07-13 00:00:00,C,524
11661,20891,2025-08-19 00:00:00,A,166
11662,20893,2025-03-15 00:00:00,A,1210
11663,20894,2024-01-25 00:00:00,A,1027
11664,20895,2025-02-21 00:00:00,B,1146
11665,20897,2025-01-20 00:00:00,A,1322
11666,20899,2026-07-07 00:00:00,A,204
11667,20900,2025-09-25 00:00:00,A,168
11668,20901,2026-07-13 00:00:00,A,143
11669,20903,2023-06-22 00:00:00,C,804
11670,20904,2024-08-20 00:00:00,B,566
11671,20906,2026-07-13 00:00:00,A,1129
11672,20907,2025-10-30 00:00:00,B,867
11673,20908,2023-09-02 00:00:00,B,266
11674,20911,2026-01-04 00:00:00,B,249
11675,20912,2026-06-13 00:00:00,C,965
11676,20913,2023-06-04 00:00:00,A,208
11677,20914,2026-06-21 00:00:00,A,769
11678,20915,2025-10-31 00:00:00,A,513
11679,20918,2025-04-14 00:00:00,C,861
11680,20919,2025-01-19 00:00:00,A,84
11681,20921,2026-03-03 00:00:00,A,905
11682,20923,2023-08-14 00:00:00,A,1306
11683,20924,2026-07-13 00:00:00,A,1205
11684,20925,2023-03-26 00:00:00,A,1181
11685,20926,2024-05-11 00:00:00,B,1065
11686,20928,2023-07-24 00:00:00,A,44
11687,20929,2024-04-08 00:00:00,A,78
11688,20930,2024-02-02 00:00:00,A,694
11689,20933,2025-11-12 00:00:00,A,764
11690,20937,2024-07-05 00:00:00,C,472
11691,20939,2026-07-13 00:00:00,C,1105
11692,20944,2024-09-14 00:00:00,C,795
11693,20945,2025-12-28 00:00:00,A,505
11694,20946,2025-10-23 00:00:00,A,909
11695,20948,2023-08-05 00:00:00,B,111
11696,20949,2026-07-13 00:00:00,A,1180
11697,20950,2023-05-08 00:00:00,A,59
11698,20951,2024-01-17 00:00:00,A,687
11699,20954,2025-12-19 00:00:00,A,469
11700,20955,2026-03-18 00:00:00,C,675
11701,20956,2025-05-27 00:00:00,A,224
11702,20957,2024-04-30 00:00:00,A,853
11703,20958,2025-08-28 00:00:00,A,23
11704,20962,2026-03-22 00:00:00,A,201
11705,20963,2026-03-13 00:00:00,A,710
11706,20964,2025-12-15 00:00:00,A,73
11707,20966,2023-08-27 00:00:00,C,743
11708,20968,2024-05-04 00:00:00,A,257
11709,20971,2023-07-11 00:00:00,A,1120
11710,20977,2026-01-06 00:00:00,B,970
11711,20978,2025-12-27 00:00:00,A,544
11712,20980,2025-11-29 00:00:00,C,489
11713,20981,2025-01-19 00:00:00,A,1095
11714,20985,2025-02-22 00:00:00,C,1235
11715,20986,2025-12-14 00:00:00,A,217
11716,20987,2025-01-16 00:00:00,C,1206
11717,20988,2024-06-04 00:00:00,A,358
11718,20990,2024-11-08 00:00:00,C,1157
11719,20991,2025-09-22 00:00:00,A,253
11720,20992,2026-05-09 00:00:00,A,1315
11721,20993,2024-05-06 00:00:00,A,898
11722,20995,2025-04-02 00:00:00,A,333
11723,20998,2026-07-04 00:00:00,A,166
11724,21000,2025-07-17 00:00:00,A,70
11725,21003,2024-10-21 00:00:00,A,1152
11726,21005,2023-02-05 00:00:00,A,248
11727,21006,2025-02-15 00:00:00,A,1249
11728,21007,2024-01-27 00:00:00,A,76
11729,21008,2025-05-29 00:00:00,A,875
11730,21010,2023-10-05 00:00:00,A,307
11731,21012,2026-06-25 00:00:00,A,1139
11732,21013,2024-11-25 00:00:00,A,1025
11733,21015,2025-02-25 00:00:00,A,886
11734,21019,2025-11-09 00:00:00,A,407
11735,21020,2025-03-16 00:00:00,A,765
11736,21024,2025-01-26 00:00:00,C,1303
11737,21025,2025-09-08 00:00:00,B,413
11738,21027,2023-10-04 00:00:00,A,1209
11739,21028,2025-07-12 00:00:00,A,639
11740,21029,2025-03-26 00:00:00,A,27
11741,21030,2025-02-23 00:00:00,A,131
11742,21033,2026-07-13 00:00:00,C,370
11743,21035,2026-01-02 00:00:00,A,1306
11744,21036,2023-04-29 00:00:00,A,686
11745,21037,2025-12-04 00:00:00,B,348
11746,21038,2024-04-17 00:00:00,C,265
11747,21039,2026-07-11 00:00:00,A,191
11748,21040,2023-12-10 00:00:00,A,1211
11749,21041,2026-02-28 00:00:00,C,941
11750,21043,2024-01-22 00:00:00,A,42
11751,21044,2024-05-22 00:00:00,A,69
11752,21045,2025-03-01 00:00:00,A,1174
11753,21048,2024-11-28 00:00:00,C,166
11754,21049,2024-01-08 00:00:00,A,1039
11755,21050,2026-06-28 00:00:00,C,1274
11756,21051,2023-08-02 00:00:00,A,1263
11757,21055,2024-07-06 00:00:00,A,674
11758,21057,2025-04-02 00:00:00,B,143
11759,21059,2025-11-03 00:00:00,C,1187
11760,21060,2025-01-28 00:00:00,A,361
11761,21061,2024-10-10 00:00:00,C,423
11762,21062,2026-07-13 00:00:00,A,739
11763,21064,2024-09-03 00:00:00,C,1306
11764,21066,2023-12-04 00:00:00,A,22
11765,21067,2024-03-23 00:00:00,A,541
11766,21069,2023-10-14 00:00:00,A,816
11767,21070,2024-04-11 00:00:00,A,774
11768,21073,2025-01-25 00:00:00,A,119
11769,21075,2026-07-13 00:00:00,C,109
11770,21076,2025-11-26 00:00:00,A,309
11771,21077,2026-01-08 00:00:00,A,711
11772,21078,2026-07-13 00:00:00,A,516
11773,21082,2026-07-13 00:00:00,A,795
11774,21083,2024-09-02 00:00:00,A,531
11775,21085,2025-06-14 00:00:00,A,65
11776,21086,2024-02-10 00:00:00,C,181
11777,21089,2025-10-29 00:00:00,C,877
11778,21090,2024-04-17 00:00:00,A,173
11779,21091,2025-03-12 00:00:00,C,860
11780,21094,2024-06-06 00:00:00,C,1221
11781,21095,2024-11-27 00:00:00,A,420
11782,21098,2026-04-10 00:00:00,A,1139
11783,21101,2024-08-14 00:00:00,A,204
11784,21102,2023-04-10 00:00:00,A,1162
11785,21103,2025-06-07 00:00:00,A,628
11786,21107,2024-05-17 00:00:00,C,45
11787,21109,2026-07-13 00:00:00,C,1183
11788,21112,2025-04-29 00:00:00,A,135
11789,21115,2023-07-18 00:00:00,A,159
11790,21117,2023-10-10 00:00:00,A,418
11791,21118,2026-07-13 00:00:00,A,411
11792,21120,2023-11-08 00:00:00,A,1159
11793,21122,2025-11-14 00:00:00,A,1213
11794,21124,2024-12-25 00:00:00,A,823
11795,21127,2025-09-30 00:00:00,A,297
11796,21128,2023-09-16 00:00:00,A,158
11797,21129,2025-01-10 00:00:00,A,1326
11798,21130,2026-05-31 00:00:00,C,794
11799,21132,2025-12-31 00:00:00,A,45
11800,21133,2023-03-09 00:00:00,A,2
11801,21134,2026-06-26 00:00:00,A,311
11802,21135,2024-12-09 00:00:00,A,726
11803,21136,2024-12-14 00:00:00,A,626
11804,21139,2026-07-13 00:00:00,A,13
11805,21144,2025-05-31 00:00:00,A,827
11806,21146,2025-09-29 00:00:00,A,236
11807,21147,2023-08-05 00:00:00,A,1223
11808,21150,2025-01-12 00:00:00,A,522
11809,21151,2024-09-20 00:00:00,B,1075
11810,21153,2025-07-21 00:00:00,C,622
11811,21155,2023-11-03 00:00:00,A,590
11812,21158,2024-05-16 00:00:00,C,50
11813,21160,2025-05-24 00:00:00,C,166
11814,21162,2024-05-01 00:00:00,A,721
11815,21166,2025-02-16 00:00:00,A,83
11816,21167,2025-06-11 00:00:00,A,417
11817,21170,2024-02-05 00:00:00,A,919
11818,21171,2026-06-20 00:00:00,A,1331
11819,21173,2025-03-21 00:00:00,C,994
11820,21176,2024-02-28 00:00:00,A,1230
11821,21179,2025-12-31 00:00:00,B,770
11822,21180,2024-09-22 00:00:00,A,1166
11823,21181,2026-07-13 00:00:00,A,1318
11824,21184,2026-01-30 00:00:00,A,1029
11825,21186,2025-10-17 00:00:00,C,396
11826,21187,2024-09-19 00:00:00,A,1153
11827,21188,2026-01-24 00:00:00,A,185
11828,21190,2025-01-28 00:00:00,A,289
11829,21193,2025-04-12 00:00:00,A,16
11830,21194,2023-06-24 00:00:00,C,1005
11831,21196,2025-09-03 00:00:00,A,729
11832,21197,2023-07-07 00:00:00,A,189
11833,21198,2024-04-07 00:00:00,A,916
11834,21203,2025-09-04 00:00:00,A,428
11835,21205,2026-07-13 00:00:00,A,26
11836,21206,2023-09-27 00:00:00,A,941
11837,21207,2024-07-30 00:00:00,A,866
11838,21209,2024-09-21 00:00:00,B,823
11839,21211,2026-07-13 00:00:00,A,987
11840,21213,2025-04-10 00:00:00,A,631
11841,21215,2025-03-15 00:00:00,A,1038
11842,21216,2023-11-24 00:00:00,A,5
11843,21217,2025-07-24 00:00:00,A,1070
11844,21219,2025-08-08 00:00:00,A,671
11845,21220,2026-04-01 00:00:00,A,739
11846,21223,2026-02-10 00:00:00,A,1327
11847,21224,2025-01-27 00:00:00,B,505
11848,21227,2026-07-13 00:00:00,A,126
11849,21228,2024-01-07 00:00:00,A,159
11850,21230,2025-12-28 00:00:00,A,159
11851,21233,2025-01-01 00:00:00,B,41
11852,21235,2024-04-18 00:00:00,A,1219
11853,21239,2024-05-30 00:00:00,B,1049
11854,21241,2023-07-19 00:00:00,A,30
11855,21243,2024-01-16 00:00:00,A,765
11856,21245,2026-06-04 00:00:00,A,43
11857,21246,2025-10-09 00:00:00,A,513
11858,21247,2025-08-02 00:00:00,C,907
11859,21248,2025-02-02 00:00:00,C,979
11860,21250,2023-06-17 00:00:00,A,877
11861,21251,2026-04-08 00:00:00,C,401
11862,21252,2026-04-15 00:00:00,A,1135
11863,21253,2025-01-25 00:00:00,C,818
11864,21257,2023-11-25 00:00:00,A,870
11865,21258,2026-04-04 00:00:00,B,1304
11866,21260,2025-01-05 00:00:00,A,37
11867,21262,2025-09-02 00:00:00,A,354
11868,21263,2024-01-03 00:00:00,A,76
11869,21264,2023-06-10 00:00:00,A,413
11870,21269,2025-07-02 00:00:00,A,1141
11871,21271,2026-06-23 00:00:00,A,1219
11872,21272,2023-10-19 00:00:00,A,358
11873,21273,2025-08-17 00:00:00,A,1301
11874,21275,2026-02-12 00:00:00,A,1160
11875,21277,2026-06-12 00:00:00,A,847
11876,21278,2025-10-22 00:00:00,A,1113
11877,21280,2024-12-17 00:00:00,A,873
11878,21283,2026-07-13 00:00:00,C,673
11879,21284,2025-07-28 00:00:00,A,198
11880,21287,2026-07-13 00:00:00,A,637
11881,21290,2024-07-12 00:00:00,B,925
11882,21291,2025-08-05 00:00:00,B,91
11883,21294,2023-03-12 00:00:00,A,844
11884,21298,2026-05-29 00:00:00,A,1018
11885,21299,2025-04-18 00:00:00,A,66
11886,21301,2024-10-28 00:00:00,A,560
11887,21303,2024-11-20 00:00:00,A,422
11888,21304,2024-01-03 00:00:00,C,242
11889,21306,2023-06-20 00:00:00,A,403
11890,21307,2023-04-13 00:00:00,A,716
11891,21308,2026-07-13 00:00:00,C,1094
11892,21309,2026-03-05 00:00:00,B,1174
11893,21310,2025-08-27 00:00:00,C,950
11894,21311,2026-03-03 00:00:00,C,4
11895,21315,2024-07-01 00:00:00,A,769
11896,21316,2026-01-30 00:00:00,A,1034
11897,21317,2023-10-12 00:00:00,A,1107
11898,21318,2024-04-27 00:00:00,C,1048
11899,21320,2024-11-01 00:00:00,A,66
11900,21321,2024-08-30 00:00:00,B,404
11901,21323,2025-10-24 00:00:00,C,1152
11902,21325,2024-03-10 00:00:00,A,894
11903,21327,2024-10-22 00:00:00,A,980
11904,21328,2023-12-12 00:00:00,C,912
11905,21333,2026-07-13 00:00:00,A,299
11906,21334,2024-07-03 00:00:00,C,101
11907,21336,2024-11-27 00:00:00,A,507
11908,21337,2024-10-04 00:00:00,B,455
11909,21340,2023-10-13 00:00:00,A,82
11910,21342,2026-07-13 00:00:00,A,909
11911,21344,2026-06-26 00:00:00,A,1097
11912,21345,2024-07-14 00:00:00,A,311
11913,21347,2025-04-02 00:00:00,B,263
11914,21349,2025-01-30 00:00:00,A,1310
11915,21350,2024-08-06 00:00:00,A,313
11916,21354,2023-09-23 00:00:00,C,817
11917,21355,2024-12-17 00:00:00,C,133
11918,21357,2026-06-18 00:00:00,C,258
11919,21358,2025-11-06 00:00:00,C,547
11920,21360,2025-01-27 00:00:00,C,908
11921,21361,2026-03-03 00:00:00,A,146
11922,21362,2023-05-16 00:00:00,A,901
11923,21363,2026-05-07 00:00:00,A,1184
11924,21366,2023-07-02 00:00:00,A,34
11925,21369,2024-01-17 00:00:00,A,116
11926,21370,2026-02-22 00:00:00,C,1247
11927,21371,2025-01-07 00:00:00,B,921
11928,21372,2023-07-11 00:00:00,A,148
11929,21375,2026-07-08 00:00:00,A,1020
11930,21376,2025-07-04 00:00:00,A,863
11931,21377,2023-10-19 00:00:00,A,1096
11932,21380,2023-10-09 00:00:00,A,314
11933,21381,2026-07-13 00:00:00,A,723
11934,21382,2024-10-21 00:00:00,B,475
11935,21387,2026-07-13 00:00:00,B,594
11936,21388,2023-07-24 00:00:00,A,183
11937,21390,2023-11-27 00:00:00,C,767
11938,21392,2025-02-26 00:00:00,A,1120
11939,21394,2026-07-13 00:00:00,C,906
11940,21397,2026-05-06 00:00:00,A,189
11941,21398,2026-07-13 00:00:00,C,578
11942,21400,2024-08-12 00:00:00,A,261
11943,21402,2025-05-23 00:00:00,A,793
11944,21406,2025-11-30 00:00:00,A,111
11945,21410,2024-03-18 00:00:00,A,1133
11946,21411,2023-08-28 00:00:00,A,869
11947,21413,2026-07-13 00:00:00,A,1001
11948,21414,2024-04-03 00:00:00,C,946
11949,21420,2025-11-12 00:00:00,A,179
11950,21421,2023-12-06 00:00:00,A,348
11951,21423,2025-07-25 00:00:00,C,405
11952,21428,2025-08-21 00:00:00,A,627
11953,21430,2024-02-02 00:00:00,A,701
11954,21431,2025-01-09 00:00:00,A,463
11955,21434,2025-04-17 00:00:00,A,252
11956,21435,2025-10-31 00:00:00,A,1198
11957,21436,2026-07-13 00:00:00,A,1160
11958,21437,2026-07-13 00:00:00,A,794
11959,21438,2024-11-24 00:00:00,A,926
11960,21440,2026-06-02 00:00:00,A,715
11961,21442,2024-07-29 00:00:00,B,859
11962,21443,2024-08-09 00:00:00,C,70
11963,21444,2023-08-14 00:00:00,A,1310
11964,21445,2024-03-27 00:00:00,A,166
11965,21446,2023-09-10 00:00:00,A,61
11966,21451,2025-06-08 00:00:00,A,623
11967,21453,2025-10-11 00:00:00,A,800
11968,21456,2025-05-24 00:00:00,C,106
11969,21457,2024-03-29 00:00:00,A,1299
11970,21458,2026-05-12 00:00:00,B,1236
11971,21459,2024-08-05 00:00:00,A,508
11972,21461,2025-05-31 00:00:00,A,1057
11973,21464,2025-06-29 00:00:00,C,695
11974,21466,2024-01-17 00:00:00,A,451
11975,21467,2023-08-16 00:00:00,A,401
11976,21469,2023-12-31 00:00:00,C,698
11977,21470,2024-10-26 00:00:00,C,182
11978,21472,2025-08-28 00:00:00,A,161
11979,21475,2025-06-21 00:00:00,A,847
11980,21476,2025-07-15 00:00:00,A,103
11981,21477,2024-11-02 00:00:00,A,1012
11982,21481,2026-06-06 00:00:00,A,14
11983,21482,2026-07-13 00:00:00,A,353
11984,21486,2026-07-13 00:00:00,A,903
11985,21487,2023-11-04 00:00:00,B,443
11986,21488,2026-03-01 00:00:00,A,452
11987,21490,2023-06-20 00:00:00,A,375
11988,21493,2024-07-08 00:00:00,A,1178
11989,21494,2024-03-12 00:00:00,A,533
11990,21495,2026-01-02 00:00:00,B,433
11991,21497,2023-08-09 00:00:00,A,1230
11992,21500,2026-07-13 00:00:00,A,1189
11993,21501,2026-03-01 00:00:00,A,438
11994,21502,2025-09-21 00:00:00,A,28
11995,21503,2025-05-12 00:00:00,A,1008
11996,21504,2024-01-12 00:00:00,C,641
11997,21505,2024-02-11 00:00:00,A,594
11998,21507,2023-10-28 00:00:00,A,281
11999,21511,2024-12-25 00:00:00,C,436
12000,21512,2025-06-24 00:00:00,C,1205
12001,21515,2023-10-18 00:00:00,A,901
12002,21516,2023-11-17 00:00:00,A,835
12003,21517,2026-04-07 00:00:00,A,459
12004,21518,2026-07-13 00:00:00,C,1095
12005,21520,2024-10-18 00:00:00,A,1254
12006,21522,2026-07-13 00:00:00,A,1058
12007,21523,2026-07-13 00:00:00,A,480
12008,21525,2024-11-01 00:00:00,B,360
12009,21526,2023-09-18 00:00:00,A,260
12010,21530,2025-12-01 00:00:00,A,726
12011,21531,2024-10-14 00:00:00,A,605
12012,21532,2025-01-27 00:00:00,A,205
12013,21533,2024-12-17 00:00:00,C,729
12014,21535,2026-01-17 00:00:00,A,1109
12015,21536,2025-03-05 00:00:00,A,655
12016,21537,2023-05-15 00:00:00,A,12
12017,21538,2026-05-27 00:00:00,C,1212
12018,21539,2026-05-01 00:00:00,A,1077
12019,21542,2026-03-07 00:00:00,C,1178
12020,21544,2023-12-08 00:00:00,A,108
12021,21546,2023-12-01 00:00:00,A,773
12022,21549,2025-08-01 00:00:00,A,683
12023,21551,2023-08-01 00:00:00,C,862
12024,21552,2024-08-18 00:00:00,A,507
12025,21553,2025-08-10 00:00:00,A,200
12026,21554,2024-04-30 00:00:00,C,1183
12027,21556,2023-12-28 00:00:00,A,166
12028,21557,2024-02-20 00:00:00,A,1067
12029,21558,2024-03-13 00:00:00,A,1313
12030,21561,2024-05-29 00:00:00,A,969
12031,21564,2025-02-17 00:00:00,A,1260
12032,21565,2024-06-24 00:00:00,C,1127
12033,21566,2025-12-28 00:00:00,A,1089
12034,21567,2024-07-12 00:00:00,A,1188
12035,21568,2024-11-04 00:00:00,C,1048
12036,21571,2025-04-12 00:00:00,A,147
12037,21572,2023-10-28 00:00:00,A,185
12038,21578,2025-09-04 00:00:00,A,983
12039,21580,2025-06-16 00:00:00,A,547
12040,21582,2026-02-15 00:00:00,B,1163
12041,21583,2025-01-01 00:00:00,A,1325
12042,21585,2024-11-16 00:00:00,A,262
12043,21586,2026-03-07 00:00:00,B,774
12044,21589,2026-07-13 00:00:00,C,49
12045,21590,2026-02-04 00:00:00,A,740
12046,21591,2025-07-13 00:00:00,B,532
12047,21592,2024-11-01 00:00:00,A,1165
12048,21593,2026-07-13 00:00:00,A,53
12049,21595,2025-10-02 00:00:00,C,1311
12050,21597,2024-02-23 00:00:00,A,586
12051,21598,2025-08-19 00:00:00,C,741
12052,21599,2023-04-14 00:00:00,B,390
12053,21600,2025-06-08 00:00:00,A,731
12054,21603,2025-01-13 00:00:00,C,470
12055,21604,2025-07-27 00:00:00,C,1153
12056,21606,2026-07-13 00:00:00,C,1122
12057,21607,2025-03-13 00:00:00,C,362
12058,21608,2023-06-13 00:00:00,A,508
12059,21609,2024-03-02 00:00:00,C,709
12060,21610,2024-03-15 00:00:00,A,1119
12061,21614,2024-09-11 00:00:00,A,1214
12062,21615,2024-07-15 00:00:00,A,152
12063,21616,2024-04-25 00:00:00,A,795
12064,21617,2025-10-11 00:00:00,A,948
12065,21620,2025-10-18 00:00:00,A,1329
12066,21621,2024-08-06 00:00:00,A,887
12067,21623,2023-08-06 00:00:00,C,1045
12068,21625,2026-01-15 00:00:00,A,819
12069,21629,2024-09-16 00:00:00,A,956
12070,21630,2025-11-28 00:00:00,A,705
12071,21632,2026-05-30 00:00:00,A,314
12072,21634,2026-02-27 00:00:00,A,815
12073,21635,2024-10-31 00:00:00,A,1252
12074,21636,2026-06-29 00:00:00,A,864
12075,21637,2024-05-09 00:00:00,A,345
12076,21638,2023-03-19 00:00:00,B,900
12077,21639,2024-12-02 00:00:00,A,1121
12078,21642,2024-07-27 00:00:00,A,299
12079,21645,2026-07-13 00:00:00,A,1287
12080,21646,2025-11-23 00:00:00,A,648
12081,21647,2024-08-01 00:00:00,A,561
12082,21650,2026-01-07 00:00:00,A,1119
12083,21651,2023-10-04 00:00:00,A,863
12084,21653,2023-05-16 00:00:00,A,207
12085,21656,2024-04-10 00:00:00,A,1121
12086,21659,2024-11-20 00:00:00,A,46
12087,21661,2025-06-16 00:00:00,A,297
12088,21662,2025-07-12 00:00:00,A,168
12089,21663,2024-04-15 00:00:00,A,1045
12090,21665,2026-07-13 00:00:00,C,932
12091,21671,2025-11-10 00:00:00,A,698
12092,21672,2023-10-23 00:00:00,B,1038
12093,21674,2024-01-19 00:00:00,C,515
12094,21676,2025-12-29 00:00:00,A,1262
12095,21678,2024-03-08 00:00:00,A,454
12096,21679,2025-05-14 00:00:00,C,999
12097,21682,2024-04-24 00:00:00,C,273
12098,21684,2024-10-02 00:00:00,A,980
12099,21685,2025-04-10 00:00:00,A,672
12100,21686,2024-08-17 00:00:00,B,210
12101,21687,2023-12-21 00:00:00,A,221
12102,21689,2023-12-25 00:00:00,C,385
12103,21691,2024-03-22 00:00:00,B,998
12104,21692,2024-01-21 00:00:00,A,12
12105,21693,2026-07-13 00:00:00,A,348
12106,21696,2024-05-25 00:00:00,A,749
12107,21697,2024-02-07 00:00:00,C,739
12108,21698,2025-08-09 00:00:00,A,719
12109,21699,2023-03-05 00:00:00,A,699
12110,21701,2024-07-19 00:00:00,A,115
12111,21702,2026-03-04 00:00:00,A,241
12112,21703,2025-10-06 00:00:00,A,164
12113,21704,2025-06-08 00:00:00,A,153
12114,21705,2025-04-13 00:00:00,A,1119
12115,21706,2026-07-13 00:00:00,C,424
12116,21707,2024-03-13 00:00:00,A,637
12117,21710,2023-11-09 00:00:00,A,1039
12118,21711,2025-01-08 00:00:00,C,417
12119,21713,2024-10-19 00:00:00,C,1059
12120,21714,2026-07-13 00:00:00,A,258
12121,21715,2024-02-26 00:00:00,A,629
12122,21716,2023-11-24 00:00:00,C,907
12123,21717,2024-12-21 00:00:00,A,1000
12124,21718,2025-05-10 00:00:00,A,1152
12125,21719,2025-06-02 00:00:00,A,700
12126,21720,2023-06-03 00:00:00,A,929
12127,21723,2025-08-21 00:00:00,C,382
12128,21726,2023-05-17 00:00:00,A,1276
12129,21729,2025-09-28 00:00:00,B,1099
12130,21730,2023-09-01 00:00:00,A,443
12131,21731,2026-07-13 00:00:00,A,272
12132,21733,2024-02-06 00:00:00,A,899
12133,21734,2025-07-11 00:00:00,A,395
12134,21735,2026-02-27 00:00:00,C,1055
12135,21738,2024-04-10 00:00:00,A,678
12136,21744,2025-03-09 00:00:00,A,750
12137,21745,2026-04-24 00:00:00,C,602
12138,21748,2026-03-26 00:00:00,A,300
12139,21750,2024-05-31 00:00:00,B,442
12140,21751,2024-04-23 00:00:00,A,1191
12141,21752,2025-12-02 00:00:00,A,150
12142,21755,2026-06-28 00:00:00,C,113
12143,21756,2025-05-29 00:00:00,A,734
12144,21759,2025-02-21 00:00:00,C,1274
12145,21761,2024-12-25 00:00:00,A,765
12146,21762,2024-11-19 00:00:00,A,1130
12147,21763,2023-08-18 00:00:00,A,1083
12148,21766,2026-07-13 00:00:00,C,197
12149,21767,2023-12-14 00:00:00,A,973
12150,21771,2023-08-16 00:00:00,A,564
12151,21775,2026-06-17 00:00:00,A,26
12152,21776,2026-07-13 00:00:00,A,877
12153,21778,2024-10-13 00:00:00,C,1323
12154,21779,2025-04-28 00:00:00,A,221
12155,21782,2024-09-09 00:00:00,C,21
12156,21784,2025-07-07 00:00:00,A,995
12157,21785,2024-03-15 00:00:00,A,851
12158,21786,2024-11-29 00:00:00,A,1098
12159,21787,2024-12-31 00:00:00,A,442
12160,21791,2023-10-22 00:00:00,A,928
12161,21792,2024-08-21 00:00:00,A,463
12162,21794,2024-04-30 00:00:00,A,716
12163,21798,2025-10-18 00:00:00,B,219
12164,21799,2023-04-08 00:00:00,A,18
12165,21800,2024-10-17 00:00:00,C,934
12166,21802,2025-04-09 00:00:00,B,1282
12167,21803,2024-09-29 00:00:00,A,248
12168,21804,2023-10-17 00:00:00,A,32
12169,21805,2023-10-29 00:00:00,A,242
12170,21806,2026-03-24 00:00:00,A,1168
12171,21808,2026-07-13 00:00:00,A,403
12172,21809,2025-07-11 00:00:00,A,162
12173,21810,2026-04-12 00:00:00,A,1019
12174,21813,2024-04-05 00:00:00,A,435
12175,21814,2026-06-02 00:00:00,A,393
12176,21815,2025-05-13 00:00:00,A,85
12177,21816,2023-05-07 00:00:00,A,913
12178,21818,2025-09-19 00:00:00,A,872
12179,21821,2026-07-13 00:00:00,C,1049
12180,21825,2026-07-13 00:00:00,A,683
12181,21826,2025-05-30 00:00:00,B,1000
12182,21827,2023-09-28 00:00:00,B,1277
12183,21829,2026-06-17 00:00:00,A,28
12184,21830,2025-01-19 00:00:00,A,261
12185,21831,2026-07-13 00:00:00,C,655
12186,21832,2024-12-20 00:00:00,C,1119
12187,21833,2025-09-29 00:00:00,C,882
12188,21835,2026-03-16 00:00:00,A,825
12189,21836,2024-07-03 00:00:00,A,169
12190,21837,2025-05-22 00:00:00,A,1286
12191,21838,2025-05-02 00:00:00,A,1042
12192,21840,2023-08-15 00:00:00,A,547
12193,21841,2025-10-03 00:00:00,B,639
12194,21844,2024-08-09 00:00:00,B,1128
12195,21846,2023-12-07 00:00:00,B,882
12196,21849,2024-06-01 00:00:00,A,1197
12197,21850,2024-12-02 00:00:00,C,159
12198,21853,2025-07-27 00:00:00,C,698
12199,21856,2024-11-10 00:00:00,C,908
12200,21857,2025-03-13 00:00:00,A,67
12201,21859,2026-03-15 00:00:00,C,970
12202,21862,2025-11-01 00:00:00,A,155
12203,21864,2025-03-16 00:00:00,A,525
12204,21867,2024-10-13 00:00:00,A,760
12205,21868,2025-02-14 00:00:00,A,837
12206,21870,2025-03-23 00:00:00,A,165
12207,21875,2025-09-08 00:00:00,A,1000
12208,21877,2026-05-14 00:00:00,B,55
12209,21878,2025-04-04 00:00:00,A,92
12210,21879,2025-06-04 00:00:00,A,862
12211,21880,2023-07-20 00:00:00,A,105
12212,21881,2023-07-04 00:00:00,B,629
12213,21882,2025-02-23 00:00:00,A,435
12214,21883,2023-12-18 00:00:00,A,648
12215,21884,2025-05-29 00:00:00,A,61
12216,21885,2025-07-20 00:00:00,A,893
12217,21886,2025-05-24 00:00:00,A,926
12218,21887,2024-02-15 00:00:00,A,1239
12219,21888,2024-06-19 00:00:00,A,873
12220,21889,2023-09-01 00:00:00,C,1093
12221,21896,2025-07-31 00:00:00,A,776
12222,21897,2025-04-15 00:00:00,A,802
12223,21900,2025-06-25 00:00:00,A,123
12224,21901,2023-11-24 00:00:00,C,951
12225,21902,2025-10-02 00:00:00,A,722
12226,21903,2023-09-05 00:00:00,A,716
12227,21904,2025-12-25 00:00:00,A,1146
12228,21905,2024-10-07 00:00:00,A,879
12229,21906,2024-09-05 00:00:00,A,420
12230,21907,2024-02-14 00:00:00,A,410
12231,21908,2024-01-14 00:00:00,A,847
12232,21910,2026-07-13 00:00:00,A,119
12233,21919,2024-03-02 00:00:00,A,715
12234,21920,2026-02-26 00:00:00,A,1283
12235,21924,2026-07-13 00:00:00,A,802
12236,21926,2024-04-21 00:00:00,A,509
12237,21927,2026-01-28 00:00:00,A,797
12238,21933,2025-05-06 00:00:00,A,187
12239,21936,2025-03-30 00:00:00,C,606
12240,21937,2026-03-28 00:00:00,A,146
12241,21939,2026-06-23 00:00:00,B,823
12242,21942,2026-07-13 00:00:00,A,825
12243,21943,2024-05-07 00:00:00,A,1267
12244,21945,2026-03-18 00:00:00,A,262
12245,21948,2025-09-26 00:00:00,C,6
12246,21949,2024-05-05 00:00:00,C,1248
12247,21956,2026-04-13 00:00:00,C,952
12248,21959,2026-07-13 00:00:00,C,1293
12249,21961,2024-03-11 00:00:00,A,1269
12250,21962,2024-05-17 00:00:00,C,131
12251,21963,2023-06-07 00:00:00,A,1166
12252,21964,2026-04-13 00:00:00,A,738
12253,21965,2025-08-06 00:00:00,A,54
12254,21967,2023-12-29 00:00:00,B,902
12255,21971,2024-04-01 00:00:00,A,1020
12256,21972,2026-07-13 00:00:00,A,117
12257,21973,2025-05-22 00:00:00,A,93
12258,21974,2026-02-12 00:00:00,B,77
12259,21976,2026-04-29 00:00:00,B,1163
12260,21977,2024-09-10 00:00:00,A,850
12261,21980,2023-09-22 00:00:00,C,265
12262,21981,2026-02-21 00:00:00,A,801
12263,21982,2024-07-21 00:00:00,A,547
12264,21985,2025-06-01 00:00:00,A,505
12265,21986,2026-02-23 00:00:00,A,700
12266,21988,2024-01-17 00:00:00,B,84
12267,21994,2023-08-15 00:00:00,A,827
12268,21997,2026-02-03 00:00:00,A,948
12269,21999,2026-05-06 00:00:00,A,490
12270,22000,2025-07-20 00:00:00,A,617
12271,22001,2025-08-28 00:00:00,A,1106
12272,22002,2024-02-19 00:00:00,A,1131
12273,22003,2024-02-03 00:00:00,A,1143
12274,22004,2025-10-18 00:00:00,A,203
12275,22007,2026-04-27 00:00:00,A,168
12276,22009,2026-07-13 00:00:00,A,567
12277,22010,2026-07-13 00:00:00,A,859
12278,22011,2023-08-15 00:00:00,A,1261
12279,22015,2026-02-09 00:00:00,A,35
12280,22018,2026-07-13 00:00:00,B,581
12281,22019,2024-08-15 00:00:00,A,1272
12282,22023,2025-12-26 00:00:00,A,992
12283,22024,2025-07-13 00:00:00,A,609
12284,22026,2025-12-23 00:00:00,A,213
12285,22028,2025-05-27 00:00:00,A,341
12286,22029,2026-07-13 00:00:00,A,672
12287,22031,2023-10-05 00:00:00,C,437
12288,22032,2026-03-10 00:00:00,C,1178
12289,22033,2026-04-06 00:00:00,C,1075
12290,22034,2026-03-07 00:00:00,C,1221
12291,22035,2025-07-15 00:00:00,A,50
12292,22039,2025-12-19 00:00:00,A,496
12293,22040,2026-04-05 00:00:00,A,188
12294,22041,2023-06-24 00:00:00,A,1125
12295,22043,2026-01-05 00:00:00,A,788
12296,22044,2026-02-15 00:00:00,A,1078
12297,22045,2024-04-24 00:00:00,A,1313
12298,22046,2025-09-30 00:00:00,A,1081
12299,22049,2026-01-30 00:00:00,B,1089
12300,22050,2024-01-15 00:00:00,A,362
12301,22051,2025-01-22 00:00:00,C,1167
12302,22052,2025-11-20 00:00:00,A,773
12303,22054,2024-03-04 00:00:00,A,96
12304,22058,2026-02-14 00:00:00,A,786
12305,22059,2023-09-02 00:00:00,A,662
12306,22061,2024-09-04 00:00:00,A,852
12307,22062,2024-10-17 00:00:00,A,875
12308,22063,2024-10-06 00:00:00,C,1165
12309,22065,2024-08-13 00:00:00,C,419
12310,22066,2024-11-26 00:00:00,A,1142
12311,22067,2024-12-24 00:00:00,A,998
12312,22071,2026-07-13 00:00:00,A,404
12313,22073,2024-01-30 00:00:00,A,523
12314,22075,2025-04-18 00:00:00,A,93
12315,22077,2023-12-11 00:00:00,A,305
12316,22078,2025-07-01 00:00:00,C,1005
12317,22080,2024-01-05 00:00:00,A,1199
12318,22082,2023-11-10 00:00:00,C,720
12319,22085,2024-07-06 00:00:00,A,1250
12320,22091,2024-02-04 00:00:00,A,141
12321,22092,2026-02-07 00:00:00,C,1145
12322,22093,2026-05-28 00:00:00,A,468
12323,22095,2026-06-21 00:00:00,A,150
12324,22096,2025-09-14 00:00:00,A,443
12325,22097,2023-12-24 00:00:00,A,72
12326,22100,2026-06-29 00:00:00,C,253
12327,22103,2026-01-21 00:00:00,C,374
12328,22107,2024-10-28 00:00:00,A,1159
12329,22109,2024-04-19 00:00:00,A,23
12330,22110,2025-10-02 00:00:00,A,1171
12331,22111,2025-11-09 00:00:00,A,606
12332,22112,2024-11-18 00:00:00,A,540
12333,22113,2026-05-08 00:00:00,A,1040
12334,22122,2023-11-15 00:00:00,A,787
12335,22126,2024-02-26 00:00:00,A,868
12336,22130,2026-07-13 00:00:00,C,487
12337,22131,2024-02-13 00:00:00,A,46
12338,22133,2023-12-28 00:00:00,A,1319
12339,22134,2023-08-29 00:00:00,A,1089
12340,22137,2024-04-24 00:00:00,A,68
12341,22138,2026-05-02 00:00:00,C,677
12342,22139,2024-11-06 00:00:00,C,1172
12343,22146,2025-04-25 00:00:00,A,674
12344,22148,2025-01-06 00:00:00,A,868
12345,22150,2026-03-12 00:00:00,B,15
12346,22151,2026-07-13 00:00:00,C,959
12347,22152,2024-07-17 00:00:00,A,703
12348,22153,2026-07-13 00:00:00,A,1251
12349,22154,2024-12-06 00:00:00,A,1329
12350,22155,2025-12-25 00:00:00,B,791
12351,22156,2023-05-10 00:00:00,A,900
12352,22157,2023-12-18 00:00:00,C,632
12353,22159,2024-06-27 00:00:00,A,206
12354,22161,2025-03-29 00:00:00,A,544
12355,22162,2024-09-26 00:00:00,A,1148
12356,22166,2024-03-15 00:00:00,C,165
12357,22170,2024-12-07 00:00:00,A,253
12358,22171,2025-05-05 00:00:00,A,141
12359,22172,2025-05-01 00:00:00,B,304
12360,22174,2024-11-19 00:00:00,C,1142
12361,22175,2026-07-13 00:00:00,A,164
12362,22176,2023-09-18 00:00:00,A,340
12363,22178,2024-11-08 00:00:00,C,603
12364,22179,2025-08-05 00:00:00,C,980
12365,22182,2025-06-02 00:00:00,C,474
12366,22184,2024-01-17 00:00:00,C,157
12367,22186,2025-12-30 00:00:00,A,720
12368,22188,2024-10-26 00:00:00,A,460
12369,22189,2025-05-18 00:00:00,A,1303
12370,22191,2025-04-13 00:00:00,A,399
12371,22192,2024-02-22 00:00:00,A,828
12372,22193,2024-08-11 00:00:00,A,645
12373,22194,2026-04-28 00:00:00,B,577
12374,22197,2026-05-28 00:00:00,C,1215
12375,22200,2025-09-16 00:00:00,A,3
12376,22202,2024-06-04 00:00:00,A,1037
12377,22203,2024-08-31 00:00:00,A,570
12378,22204,2025-07-10 00:00:00,C,1019
12379,22206,2026-02-19 00:00:00,A,337
12380,22209,2023-09-29 00:00:00,C,406
12381,22210,2025-09-23 00:00:00,A,215
12382,22211,2024-06-24 00:00:00,C,1259
12383,22213,2024-11-27 00:00:00,B,792
12384,22215,2024-09-08 00:00:00,A,780
12385,22216,2025-01-18 00:00:00,A,226
12386,22218,2024-02-20 00:00:00,A,1102
12387,22220,2025-11-15 00:00:00,C,1329
12388,22221,2024-04-25 00:00:00,A,1195
12389,22222,2025-12-18 00:00:00,C,1183
12390,22223,2026-07-13 00:00:00,A,796
12391,22224,2024-04-23 00:00:00,A,495
12392,22225,2023-10-09 00:00:00,A,214
12393,22230,2024-03-01 00:00:00,A,1232
12394,22231,2025-05-30 00:00:00,A,977
12395,22232,2025-11-06 00:00:00,A,210
12396,22233,2026-02-27 00:00:00,A,232
12397,22234,2024-07-12 00:00:00,A,1173
12398,22235,2024-07-28 00:00:00,A,403
12399,22236,2023-07-28 00:00:00,A,893
12400,22239,2025-04-07 00:00:00,A,414
12401,22241,2024-11-27 00:00:00,A,59
12402,22242,2023-02-08 00:00:00,A,187
12403,22243,2024-08-31 00:00:00,B,731
12404,22244,2025-10-02 00:00:00,A,1262
12405,22249,2024-07-09 00:00:00,A,640
12406,22250,2024-01-23 00:00:00,A,1055
12407,22251,2026-03-09 00:00:00,A,431
12408,22252,2026-07-13 00:00:00,A,1269
12409,22253,2024-01-28 00:00:00,A,638
12410,22254,2026-03-08 00:00:00,A,1198
12411,22255,2026-07-13 00:00:00,C,1229
12412,22256,2026-05-30 00:00:00,C,1182
12413,22257,2025-08-07 00:00:00,A,530
12414,22259,2025-12-13 00:00:00,C,649
12415,22262,2026-07-13 00:00:00,C,551
12416,22264,2026-05-11 00:00:00,C,1030
12417,22265,2026-04-26 00:00:00,A,768
12418,22267,2025-01-30 00:00:00,A,368
12419,22268,2024-01-03 00:00:00,A,592
12420,22271,2023-10-09 00:00:00,A,689
12421,22272,2025-07-02 00:00:00,A,742
12422,22273,2025-03-31 00:00:00,C,752
12423,22274,2023-12-08 00:00:00,C,256
12424,22279,2026-05-13 00:00:00,B,1317
12425,22281,2025-09-09 00:00:00,A,1196
12426,22286,2023-10-09 00:00:00,A,68
12427,22288,2023-04-20 00:00:00,A,357
12428,22289,2026-07-13 00:00:00,C,1164
12429,22290,2024-03-21 00:00:00,A,93
12430,22291,2025-07-18 00:00:00,B,960
12431,22295,2024-05-03 00:00:00,B,1084
12432,22297,2023-10-15 00:00:00,B,1115
12433,22298,2026-07-13 00:00:00,C,667
12434,22299,2025-02-01 00:00:00,A,1111
12435,22300,2026-06-08 00:00:00,A,304
12436,22302,2025-12-17 00:00:00,C,1277
12437,22303,2026-02-17 00:00:00,A,1042
12438,22304,2024-08-05 00:00:00,A,1068
12439,22305,2023-09-05 00:00:00,A,940
12440,22306,2025-02-08 00:00:00,A,1293
12441,22309,2025-03-09 00:00:00,A,893
12442,22310,2026-04-25 00:00:00,A,1135
12443,22312,2025-06-19 00:00:00,A,1094
12444,22314,2026-02-26 00:00:00,A,414
12445,22315,2025-12-20 00:00:00,A,1258
12446,22316,2024-11-23 00:00:00,A,391
12447,22317,2026-07-13 00:00:00,A,127
12448,22318,2026-06-21 00:00:00,A,266
12449,22319,2025-04-07 00:00:00,A,162
12450,22321,2026-04-29 00:00:00,A,1053
12451,22324,2023-06-03 00:00:00,A,514
12452,22326,2023-11-24 00:00:00,A,536
12453,22327,2024-09-25 00:00:00,A,758
12454,22328,2025-09-23 00:00:00,B,1006
12455,22329,2024-07-28 00:00:00,A,439
12456,22331,2026-05-29 00:00:00,A,650
12457,22332,2025-11-04 00:00:00,A,812
12458,22333,2024-02-06 00:00:00,A,795
12459,22334,2026-01-02 00:00:00,A,1006
12460,22335,2024-10-08 00:00:00,A,995
12461,22337,2024-03-26 00:00:00,A,121
12462,22339,2026-07-13 00:00:00,C,989
12463,22340,2024-02-29 00:00:00,A,161
12464,22344,2025-11-27 00:00:00,A,695
12465,22346,2025-04-01 00:00:00,A,1317
12466,22348,2024-04-29 00:00:00,A,80
12467,22349,2026-07-13 00:00:00,A,297
12468,22350,2026-02-18 00:00:00,A,341
12469,22352,2025-01-07 00:00:00,A,1234
12470,22353,2023-07-24 00:00:00,B,725
12471,22357,2023-07-22 00:00:00,A,745
12472,22360,2026-06-30 00:00:00,C,151
12473,22361,2024-01-14 00:00:00,A,951
12474,22362,2023-07-20 00:00:00,C,1198
12475,22365,2026-07-13 00:00:00,A,492
12476,22366,2024-11-27 00:00:00,A,839
12477,22367,2026-04-20 00:00:00,B,630
12478,22370,2024-03-31 00:00:00,A,1318
12479,22371,2024-09-25 00:00:00,A,545
12480,22372,2024-07-09 00:00:00,C,555
12481,22373,2024-10-28 00:00:00,A,395
12482,22374,2024-09-27 00:00:00,A,1171
12483,22375,2026-02-12 00:00:00,A,1256
12484,22379,2026-06-01 00:00:00,A,1029
12485,22383,2026-05-04 00:00:00,C,971
12486,22386,2024-01-02 00:00:00,A,691
12487,22389,2025-10-19 00:00:00,A,330
12488,22391,2024-04-03 00:00:00,A,58
12489,22395,2026-06-04 00:00:00,A,729
12490,22397,2025-10-20 00:00:00,A,898
12491,22398,2026-07-13 00:00:00,C,141
12492,22399,2025-12-29 00:00:00,A,1002
12493,22401,2025-04-23 00:00:00,A,177
12494,22402,2024-02-17 00:00:00,A,230
12495,22404,2024-08-08 00:00:00,A,3
12496,22407,2023-02-20 00:00:00,A,358
12497,22408,2025-11-22 00:00:00,A,1301
12498,22409,2025-02-07 00:00:00,A,825
12499,22412,2023-11-03 00:00:00,A,1119
12500,22413,2024-12-04 00:00:00,A,399
12501,22415,2026-07-13 00:00:00,A,1120
12502,22417,2025-09-12 00:00:00,C,559
12503,22418,2025-06-03 00:00:00,A,695
12504,22422,2026-04-10 00:00:00,A,826
12505,22423,2024-08-27 00:00:00,A,1216
12506,22424,2024-05-03 00:00:00,C,585
12507,22426,2023-11-23 00:00:00,C,1030
12508,22429,2026-03-20 00:00:00,C,1299
12509,22430,2026-04-30 00:00:00,A,684
12510,22431,2023-11-24 00:00:00,A,537
12511,22435,2025-09-08 00:00:00,C,110
12512,22444,2025-12-19 00:00:00,A,951
12513,22448,2024-12-23 00:00:00,A,435
12514,22450,2026-07-13 00:00:00,A,838
12515,22452,2024-11-21 00:00:00,A,1022
12516,22455,2025-12-04 00:00:00,A,301
12517,22457,2025-02-03 00:00:00,A,925
12518,22466,2026-07-08 00:00:00,C,792
12519,22467,2026-07-13 00:00:00,B,556
12520,22469,2024-06-23 00:00:00,A,676
12521,22471,2025-10-04 00:00:00,A,957
12522,22473,2026-03-23 00:00:00,A,412
12523,22474,2026-06-06 00:00:00,A,541
12524,22475,2024-04-27 00:00:00,C,647
12525,22476,2026-07-13 00:00:00,B,1205
12526,22478,2025-10-22 00:00:00,A,270
12527,22480,2024-02-18 00:00:00,A,1055
12528,22481,2024-06-30 00:00:00,A,1012
12529,22482,2024-09-24 00:00:00,A,1311
12530,22483,2025-07-17 00:00:00,A,961
12531,22485,2025-04-24 00:00:00,A,1279
12532,22491,2025-04-23 00:00:00,B,869
12533,22493,2023-07-10 00:00:00,A,707
12534,22494,2025-08-10 00:00:00,A,798
12535,22495,2024-08-07 00:00:00,A,227
12536,22498,2025-12-19 00:00:00,C,623
12537,22499,2023-05-12 00:00:00,A,523
12538,22501,2024-11-04 00:00:00,A,1075
12539,22502,2024-05-02 00:00:00,A,183
12540,22507,2024-01-29 00:00:00,A,1330
12541,22508,2023-12-30 00:00:00,A,497
12542,22509,2025-08-12 00:00:00,B,517
12543,22510,2025-11-09 00:00:00,C,927
12544,22512,2024-04-01 00:00:00,A,208
12545,22513,2025-11-29 00:00:00,A,500
12546,22515,2026-04-13 00:00:00,A,899
12547,22516,2025-11-18 00:00:00,B,366
12548,22517,2024-09-23 00:00:00,A,782
12549,22519,2026-03-17 00:00:00,A,305
12550,22520,2024-08-05 00:00:00,A,273
12551,22521,2024-01-08 00:00:00,C,524
12552,22523,2026-07-13 00:00:00,A,81
12553,22524,2023-10-21 00:00:00,A,1045
12554,22525,2024-07-26 00:00:00,B,412
12555,22530,2024-02-27 00:00:00,C,712
12556,22531,2025-05-22 00:00:00,A,396
12557,22532,2026-07-13 00:00:00,A,941
12558,22533,2026-07-13 00:00:00,A,1313
12559,22536,2025-04-03 00:00:00,A,198
12560,22538,2026-05-26 00:00:00,A,138
12561,22540,2026-07-13 00:00:00,C,647
12562,22541,2024-08-20 00:00:00,B,70
12563,22545,2025-09-13 00:00:00,A,263
12564,22548,2024-10-21 00:00:00,A,1196
12565,22549,2024-07-29 00:00:00,A,852
12566,22552,2024-01-28 00:00:00,A,679
12567,22553,2024-01-05 00:00:00,A,629
12568,22554,2024-02-05 00:00:00,A,577
12569,22557,2024-04-03 00:00:00,A,787
12570,22560,2026-07-13 00:00:00,A,404
12571,22561,2024-10-17 00:00:00,A,1120
12572,22562,2024-01-07 00:00:00,A,301
12573,22563,2026-01-18 00:00:00,B,763
12574,22568,2024-09-12 00:00:00,B,1300
12575,22571,2024-01-05 00:00:00,C,394
12576,22572,2024-08-07 00:00:00,A,886
12577,22573,2025-07-03 00:00:00,C,2
12578,22574,2025-08-30 00:00:00,B,957
12579,22575,2025-07-04 00:00:00,A,418
12580,22581,2026-07-13 00:00:00,A,701
12581,22583,2025-03-19 00:00:00,A,990
12582,22585,2026-02-11 00:00:00,A,1276
12583,22587,2024-01-26 00:00:00,A,887
12584,22588,2024-06-15 00:00:00,A,298
12585,22589,2024-07-05 00:00:00,B,635
12586,22592,2025-02-09 00:00:00,A,1276
12587,22593,2023-11-05 00:00:00,A,678
12588,22598,2024-03-31 00:00:00,A,569
12589,22599,2024-05-10 00:00:00,A,801
12590,22603,2023-09-24 00:00:00,B,284
12591,22605,2024-08-30 00:00:00,A,303
12592,22606,2026-04-30 00:00:00,C,248
12593,22607,2023-11-28 00:00:00,A,1173
12594,22611,2026-07-13 00:00:00,A,987
12595,22615,2026-07-13 00:00:00,A,667
12596,22616,2023-11-18 00:00:00,A,395
12597,22619,2025-04-13 00:00:00,A,1222
12598,22620,2024-09-17 00:00:00,A,742
12599,22622,2023-10-27 00:00:00,A,1214
12600,22625,2024-01-15 00:00:00,C,581
12601,22626,2026-05-11 00:00:00,A,150
12602,22627,2024-12-15 00:00:00,C,479
12603,22629,2024-02-03 00:00:00,A,999
12604,22632,2024-01-02 00:00:00,A,138
12605,22635,2026-07-13 00:00:00,A,51
12606,22641,2025-07-29 00:00:00,A,984
12607,22643,2023-12-11 00:00:00,A,814
12608,22644,2025-09-18 00:00:00,A,22
12609,22646,2024-12-10 00:00:00,A,1005
12610,22649,2024-02-25 00:00:00,A,922
12611,22650,2025-10-26 00:00:00,A,319
12612,22652,2026-07-13 00:00:00,C,619
12613,22653,2025-06-02 00:00:00,A,1262
12614,22655,2026-07-13 00:00:00,C,871
12615,22656,2025-05-21 00:00:00,A,475
12616,22657,2023-11-08 00:00:00,A,881
12617,22660,2025-01-22 00:00:00,A,1161
12618,22662,2026-01-04 00:00:00,A,963
12619,22663,2025-06-13 00:00:00,A,1062
12620,22665,2026-07-13 00:00:00,A,1224
12621,22668,2023-03-19 00:00:00,A,359
12622,22669,2025-05-05 00:00:00,A,1182
12623,22674,2026-07-13 00:00:00,A,501
12624,22675,2024-03-30 00:00:00,A,588
12625,22676,2023-10-10 00:00:00,A,645
12626,22680,2023-07-22 00:00:00,A,208
12627,22681,2026-01-23 00:00:00,A,76
12628,22682,2024-04-29 00:00:00,A,702
12629,22684,2025-12-02 00:00:00,C,153
12630,22685,2026-07-13 00:00:00,A,1254
12631,22686,2024-12-03 00:00:00,B,239
12632,22687,2024-12-28 00:00:00,A,1063
12633,22688,2026-07-13 00:00:00,C,1306
12634,22689,2025-02-22 00:00:00,A,618
12635,22690,2025-12-24 00:00:00,A,565
12636,22691,2026-03-14 00:00:00,A,898
12637,22692,2026-07-13 00:00:00,A,1270
12638,22695,2026-07-13 00:00:00,A,620
12639,22698,2024-10-28 00:00:00,A,353
12640,22699,2024-02-13 00:00:00,A,4
12641,22702,2026-05-31 00:00:00,C,696
12642,22703,2024-10-15 00:00:00,C,904
12643,22707,2024-03-05 00:00:00,A,988
12644,22708,2025-11-29 00:00:00,A,895
12645,22711,2024-03-14 00:00:00,A,610
12646,22714,2025-07-29 00:00:00,A,1303
12647,22716,2025-06-20 00:00:00,A,1152
12648,22717,2024-07-13 00:00:00,A,333
12649,22718,2025-12-05 00:00:00,A,468
12650,22719,2024-12-27 00:00:00,A,185
12651,22720,2024-04-02 00:00:00,A,322
12652,22723,2024-10-29 00:00:00,A,903
12653,22725,2024-11-27 00:00:00,C,500
12654,22727,2024-03-02 00:00:00,A,881
12655,22729,2024-09-06 00:00:00,A,690
12656,22731,2023-07-23 00:00:00,C,441
12657,22732,2025-11-24 00:00:00,A,1228
12658,22733,2026-07-13 00:00:00,A,1118
12659,22736,2025-10-12 00:00:00,C,92
12660,22737,2025-04-03 00:00:00,C,195
12661,22740,2026-04-15 00:00:00,A,246
12662,22741,2025-05-10 00:00:00,A,898
12663,22742,2023-12-27 00:00:00,A,917
12664,22744,2025-09-29 00:00:00,B,97
12665,22745,2026-07-13 00:00:00,C,1320
12666,22748,2026-07-13 00:00:00,A,110
12667,22752,2025-01-06 00:00:00,B,1240
12668,22754,2026-07-13 00:00:00,A,1284
12669,22755,2025-04-26 00:00:00,A,1130
12670,22756,2023-09-18 00:00:00,C,478
12671,22759,2025-12-22 00:00:00,A,50
12672,22760,2026-04-02 00:00:00,A,1098
12673,22762,2025-12-29 00:00:00,C,638
12674,22763,2024-01-02 00:00:00,A,1214
12675,22765,2026-07-13 00:00:00,A,941
12676,22766,2024-06-03 00:00:00,A,741
12677,22767,2023-08-12 00:00:00,A,175
12678,22768,2026-07-13 00:00:00,C,958
12679,22770,2026-07-13 00:00:00,A,922
12680,22771,2026-03-25 00:00:00,A,769
12681,22772,2025-06-26 00:00:00,B,1197
12682,22773,2023-12-07 00:00:00,A,952
12683,22775,2026-05-09 00:00:00,A,946
12684,22776,2023-09-13 00:00:00,A,455
12685,22779,2026-04-02 00:00:00,A,572
12686,22780,2023-07-10 00:00:00,A,963
12687,22783,2023-09-22 00:00:00,A,548
12688,22786,2025-12-26 00:00:00,A,824
12689,22788,2026-07-13 00:00:00,A,909
12690,22789,2024-11-27 00:00:00,C,815
12691,22790,2026-06-06 00:00:00,C,230
12692,22791,2026-04-10 00:00:00,A,1048
12693,22792,2026-06-13 00:00:00,C,612
12694,22793,2023-12-13 00:00:00,A,183
12695,22794,2025-04-20 00:00:00,A,532
12696,22795,2026-01-21 00:00:00,A,164
12697,22796,2024-12-03 00:00:00,A,407
12698,22798,2026-06-02 00:00:00,A,217
12699,22799,2026-07-13 00:00:00,A,1303
12700,22800,2024-11-11 00:00:00,A,13
12701,22806,2025-01-28 00:00:00,C,1223
12702,22809,2024-08-28 00:00:00,A,275
12703,22810,2026-03-12 00:00:00,A,345
12704,22812,2025-09-19 00:00:00,B,1044
12705,22815,2026-07-13 00:00:00,C,329
12706,22817,2024-09-22 00:00:00,A,1220
12707,22818,2024-04-29 00:00:00,C,774
12708,22821,2024-02-29 00:00:00,C,185
12709,22827,2024-04-03 00:00:00,A,402
12710,22829,2023-09-23 00:00:00,B,1078
12711,22832,2023-10-30 00:00:00,A,667
12712,22833,2024-03-19 00:00:00,C,187
12713,22834,2024-12-21 00:00:00,A,1299
12714,22835,2025-04-03 00:00:00,A,455
12715,22837,2026-06-25 00:00:00,C,655
12716,22838,2024-05-08 00:00:00,A,460
12717,22839,2026-06-04 00:00:00,B,464
12718,22845,2023-08-02 00:00:00,C,152
12719,22846,2026-07-13 00:00:00,A,642
12720,22849,2023-12-24 00:00:00,A,1201
12721,22851,2024-06-24 00:00:00,A,395
12722,22856,2024-11-03 00:00:00,A,676
12723,22858,2024-12-18 00:00:00,B,604
12724,22859,2026-03-25 00:00:00,B,167
12725,22861,2026-07-13 00:00:00,A,812
12726,22862,2025-08-11 00:00:00,A,401
12727,22864,2024-08-01 00:00:00,A,1095
12728,22870,2026-03-31 00:00:00,C,554
12729,22873,2025-05-15 00:00:00,C,215
12730,22874,2026-02-11 00:00:00,C,957
12731,22875,2023-03-27 00:00:00,A,881
12732,22877,2026-01-14 00:00:00,A,1053
12733,22881,2024-09-10 00:00:00,C,996
12734,22882,2025-12-22 00:00:00,A,965
12735,22883,2025-08-01 00:00:00,C,136
12736,22884,2024-11-13 00:00:00,A,339
12737,22887,2024-09-29 00:00:00,A,251
12738,22888,2023-09-27 00:00:00,C,215
12739,22891,2023-08-05 00:00:00,A,1018
12740,22892,2025-08-11 00:00:00,A,365
12741,22893,2026-04-14 00:00:00,A,418
12742,22894,2023-03-26 00:00:00,A,463
12743,22896,2023-12-21 00:00:00,B,1211
12744,22897,2025-02-17 00:00:00,A,487
12745,22902,2026-05-05 00:00:00,A,863
12746,22904,2023-09-05 00:00:00,A,399
12747,22907,2023-10-15 00:00:00,A,142
12748,22909,2024-08-19 00:00:00,A,252
12749,22912,2024-03-05 00:00:00,A,852
12750,22913,2026-02-03 00:00:00,B,873
12751,22914,2025-03-15 00:00:00,A,789
12752,22917,2025-09-02 00:00:00,C,425
12753,22918,2024-01-26 00:00:00,A,590
12754,22920,2025-03-04 00:00:00,B,1097
12755,22923,2024-01-24 00:00:00,A,570
12756,22924,2025-12-04 00:00:00,A,315
12757,22925,2026-01-16 00:00:00,B,536
12758,22926,2025-10-17 00:00:00,A,1277
12759,22929,2024-03-30 00:00:00,A,1175
12760,22930,2023-10-16 00:00:00,A,1281
12761,22933,2025-12-05 00:00:00,A,44
12762,22935,2026-07-13 00:00:00,A,661
12763,22936,2023-08-01 00:00:00,A,378
12764,22938,2025-04-27 00:00:00,A,959
12765,22939,2023-04-27 00:00:00,A,482
12766,22941,2026-02-10 00:00:00,C,550
12767,22942,2025-01-24 00:00:00,A,749
12768,22943,2023-12-25 00:00:00,A,1055
12769,22944,2024-01-17 00:00:00,A,338
12770,22946,2025-08-21 00:00:00,A,476
12771,22948,2024-07-25 00:00:00,C,830
12772,22949,2024-08-09 00:00:00,A,1064
12773,22950,2025-03-09 00:00:00,A,793
12774,22953,2024-12-22 00:00:00,A,119
12775,22955,2024-08-23 00:00:00,A,742
12776,22956,2025-09-05 00:00:00,C,1222
12777,22957,2025-09-03 00:00:00,A,610
12778,22958,2025-08-27 00:00:00,A,323
12779,22959,2024-10-02 00:00:00,A,1176
12780,22960,2026-03-10 00:00:00,B,809
12781,22961,2024-12-02 00:00:00,B,613
12782,22966,2023-09-05 00:00:00,A,420
12783,22967,2026-04-01 00:00:00,A,478
12784,22968,2025-03-23 00:00:00,C,262
12785,22969,2023-07-17 00:00:00,B,167
12786,22970,2024-01-30 00:00:00,A,1141
12787,22971,2023-06-13 00:00:00,A,1021
12788,22975,2025-02-10 00:00:00,A,922
12789,22978,2026-07-13 00:00:00,C,343
12790,22980,2026-02-16 00:00:00,A,739
12791,22981,2026-07-13 00:00:00,B,1095
12792,22982,2023-10-16 00:00:00,C,960
12793,22985,2024-04-20 00:00:00,A,1274
12794,22986,2026-02-13 00:00:00,A,505
12795,22987,2025-08-17 00:00:00,A,1218
12796,22989,2025-08-27 00:00:00,A,1041
12797,22990,2024-04-22 00:00:00,A,838
12798,22992,2023-06-05 00:00:00,B,950
12799,22993,2026-07-13 00:00:00,C,714
12800,22994,2024-08-17 00:00:00,C,1298
12801,22998,2026-06-04 00:00:00,A,69
12802,23000,2025-05-18 00:00:00,A,316
12803,23001,2025-05-08 00:00:00,A,899
12804,23002,2026-07-13 00:00:00,C,791
12805,23003,2026-01-22 00:00:00,A,1052
12806,23005,2025-01-17 00:00:00,A,670
12807,23008,2026-01-31 00:00:00,B,1144
12808,23010,2024-08-31 00:00:00,A,959
12809,23011,2025-11-19 00:00:00,A,729
12810,23012,2024-07-10 00:00:00,A,207
12811,23015,2024-08-08 00:00:00,B,138
12812,23016,2023-07-19 00:00:00,A,813
12813,23017,2025-08-25 00:00:00,A,312
12814,23020,2024-12-13 00:00:00,A,1030
12815,23021,2026-01-04 00:00:00,A,962
12816,23022,2023-09-18 00:00:00,C,360
12817,23023,2024-01-22 00:00:00,B,1102
12818,23024,2025-05-05 00:00:00,A,654
12819,23025,2025-10-01 00:00:00,A,1249
12820,23026,2024-06-07 00:00:00,A,1233
12821,23029,2025-10-22 00:00:00,A,463
12822,23030,2024-03-28 00:00:00,A,760
12823,23031,2026-05-26 00:00:00,C,1325
12824,23033,2025-11-16 00:00:00,C,1178
12825,23034,2026-01-13 00:00:00,A,26
12826,23036,2026-07-13 00:00:00,A,529
12827,23038,2024-08-17 00:00:00,A,1120
12828,23040,2026-05-05 00:00:00,A,1081
12829,23041,2024-10-08 00:00:00,A,393
12830,23042,2026-02-09 00:00:00,A,676
12831,23044,2024-04-24 00:00:00,B,253
12832,23045,2025-11-30 00:00:00,A,6
12833,23046,2025-09-09 00:00:00,A,74
12834,23047,2023-06-29 00:00:00,A,493
12835,23048,2025-08-28 00:00:00,A,784
12836,23050,2026-01-14 00:00:00,C,1008
12837,23052,2024-10-14 00:00:00,A,827
12838,23053,2023-10-17 00:00:00,B,477
12839,23054,2026-07-13 00:00:00,C,805
12840,23055,2026-04-29 00:00:00,A,290
12841,23056,2024-07-07 00:00:00,A,1198
12842,23062,2026-06-05 00:00:00,A,650
12843,23068,2024-12-04 00:00:00,A,365
12844,23069,2025-11-19 00:00:00,A,1181
12845,23071,2024-01-31 00:00:00,A,299
12846,23072,2024-05-26 00:00:00,C,1181
12847,23073,2025-09-21 00:00:00,A,1057
12848,23074,2025-03-12 00:00:00,C,787
12849,23075,2025-05-31 00:00:00,C,1066
12850,23078,2026-03-01 00:00:00,C,665
12851,23079,2026-07-13 00:00:00,C,835
12852,23081,2026-07-13 00:00:00,A,296
12853,23082,2025-07-14 00:00:00,C,466
12854,23084,2023-02-23 00:00:00,A,451
12855,23086,2025-05-16 00:00:00,A,1215
12856,23087,2025-07-27 00:00:00,C,924
12857,23088,2025-09-07 00:00:00,B,453
12858,23089,2023-12-29 00:00:00,B,177
12859,23090,2025-01-13 00:00:00,C,327
12860,23093,2023-12-11 00:00:00,A,126
12861,23095,2026-07-13 00:00:00,A,1250
12862,23097,2024-08-09 00:00:00,B,968
12863,23099,2023-07-02 00:00:00,A,1258
12864,23100,2024-06-17 00:00:00,A,784
12865,23101,2023-09-03 00:00:00,B,1161
12866,23102,2026-07-13 00:00:00,B,264
12867,23104,2024-02-18 00:00:00,C,842
12868,23105,2025-04-04 00:00:00,A,381
12869,23106,2024-04-21 00:00:00,B,847
12870,23107,2024-06-21 00:00:00,B,476
12871,23108,2024-01-19 00:00:00,A,40
12872,23109,2026-03-02 00:00:00,A,114
12873,23111,2024-04-17 00:00:00,A,1118
12874,23114,2025-06-23 00:00:00,A,775
12875,23115,2024-10-18 00:00:00,C,1189
12876,23116,2025-08-15 00:00:00,C,302
12877,23119,2024-09-13 00:00:00,A,692
12878,23121,2026-07-13 00:00:00,A,961
12879,23122,2023-07-09 00:00:00,A,877
12880,23124,2024-05-22 00:00:00,B,1183
12881,23125,2026-07-13 00:00:00,C,985
12882,23127,2026-07-13 00:00:00,C,969
12883,23128,2026-07-13 00:00:00,A,650
12884,23129,2024-12-02 00:00:00,C,1174
12885,23130,2026-05-27 00:00:00,B,2
12886,23132,2025-12-06 00:00:00,A,448
12887,23133,2025-01-22 00:00:00,A,1335
12888,23134,2024-03-08 00:00:00,A,1056
12889,23135,2023-12-21 00:00:00,B,839
12890,23136,2024-03-18 00:00:00,A,287
12891,23137,2025-02-18 00:00:00,A,1170
12892,23138,2023-11-30 00:00:00,C,788
12893,23140,2024-03-29 00:00:00,A,828
12894,23141,2025-09-04 00:00:00,A,954
12895,23142,2025-11-26 00:00:00,A,39
12896,23144,2024-06-23 00:00:00,B,520
12897,23146,2026-07-13 00:00:00,A,1038
12898,23148,2026-01-22 00:00:00,A,101
12899,23149,2025-03-07 00:00:00,A,51
12900,23150,2026-07-13 00:00:00,C,898
12901,23151,2024-03-30 00:00:00,C,884
12902,23154,2024-05-22 00:00:00,A,54
12903,23159,2025-11-13 00:00:00,A,562
12904,23160,2024-11-11 00:00:00,A,1210
12905,23162,2025-03-09 00:00:00,A,572
12906,23167,2026-07-13 00:00:00,B,629
12907,23171,2023-09-30 00:00:00,B,1025
12908,23172,2023-09-14 00:00:00,A,294
12909,23174,2024-03-16 00:00:00,A,335
12910,23175,2025-05-20 00:00:00,C,124
12911,23176,2026-07-13 00:00:00,C,769
12912,23177,2024-03-10 00:00:00,A,950
12913,23178,2026-04-02 00:00:00,A,852
12914,23179,2024-01-21 00:00:00,A,345
12915,23180,2023-12-24 00:00:00,A,355
12916,23184,2025-10-08 00:00:00,A,915
12917,23187,2023-12-01 00:00:00,A,852
12918,23190,2024-08-26 00:00:00,C,233
12919,23192,2023-09-27 00:00:00,A,223
12920,23193,2023-07-02 00:00:00,A,606
12921,23194,2026-07-12 00:00:00,A,1178
12922,23195,2025-07-27 00:00:00,A,1109
12923,23199,2024-02-03 00:00:00,A,292
12924,23200,2025-01-21 00:00:00,A,91
12925,23202,2023-08-30 00:00:00,B,748
12926,23206,2023-06-23 00:00:00,A,103
12927,23207,2026-03-13 00:00:00,C,1104
12928,23209,2025-07-14 00:00:00,A,1330
12929,23210,2023-11-02 00:00:00,C,255
12930,23211,2023-05-06 00:00:00,B,258
12931,23213,2025-03-28 00:00:00,C,1292
12932,23214,2025-09-01 00:00:00,A,1264
12933,23217,2024-06-28 00:00:00,A,1141
12934,23218,2026-07-13 00:00:00,C,1208
12935,23219,2024-02-18 00:00:00,A,439
12936,23222,2025-10-31 00:00:00,A,641
12937,23223,2024-10-11 00:00:00,A,657
12938,23225,2025-05-15 00:00:00,A,666
12939,23226,2023-08-05 00:00:00,A,342
12940,23227,2024-06-22 00:00:00,C,804
12941,23228,2025-05-01 00:00:00,C,737
12942,23230,2026-04-15 00:00:00,A,450
12943,23231,2025-04-23 00:00:00,C,1293
12944,23232,2026-07-13 00:00:00,A,429
12945,23234,2024-02-26 00:00:00,C,661
12946,23236,2025-03-24 00:00:00,A,329
12947,23237,2024-08-11 00:00:00,A,569
12948,23238,2024-08-16 00:00:00,A,252
12949,23239,2026-04-24 00:00:00,A,336
12950,23240,2026-03-26 00:00:00,C,121
12951,23241,2026-07-13 00:00:00,A,1221
12952,23242,2024-03-25 00:00:00,A,470
12953,23244,2024-07-28 00:00:00,A,1245
12954,23245,2026-07-13 00:00:00,C,140
12955,23246,2024-01-03 00:00:00,A,47
12956,23247,2025-12-02 00:00:00,A,334
12957,23248,2026-05-12 00:00:00,A,1175
12958,23249,2026-07-13 00:00:00,A,1152
12959,23250,2026-06-14 00:00:00,A,213
12960,23251,2026-07-13 00:00:00,A,201
12961,23252,2023-05-06 00:00:00,B,541
12962,23253,2025-04-06 00:00:00,A,1212
12963,23254,2026-01-22 00:00:00,C,350
12964,23255,2024-01-12 00:00:00,A,1115
12965,23258,2026-03-20 00:00:00,A,95
12966,23264,2024-01-11 00:00:00,A,933
12967,23265,2024-08-15 00:00:00,A,69
12968,23267,2023-08-25 00:00:00,A,391
12969,23269,2024-05-19 00:00:00,A,940
12970,23270,2026-01-11 00:00:00,C,635
12971,23271,2024-01-25 00:00:00,A,81
12972,23274,2023-12-09 00:00:00,A,386
12973,23276,2023-09-09 00:00:00,A,415
12974,23277,2024-12-27 00:00:00,A,713
12975,23278,2025-02-09 00:00:00,A,272
12976,23279,2025-09-19 00:00:00,A,1120
12977,23280,2025-04-12 00:00:00,A,824
12978,23281,2026-07-13 00:00:00,C,1022
12979,23283,2025-06-24 00:00:00,A,131
12980,23287,2026-07-05 00:00:00,C,1096
12981,23289,2024-07-04 00:00:00,A,1111
12982,23291,2025-04-19 00:00:00,B,396
12983,23293,2025-01-02 00:00:00,B,91
12984,23295,2024-09-25 00:00:00,B,293
12985,23298,2025-07-05 00:00:00,A,1078
12986,23299,2025-02-04 00:00:00,A,387
12987,23301,2024-02-25 00:00:00,A,923
12988,23304,2026-02-04 00:00:00,C,688
12989,23306,2025-09-02 00:00:00,C,802
12990,23310,2026-07-13 00:00:00,A,482
12991,23315,2024-10-09 00:00:00,A,1223
12992,23316,2025-07-28 00:00:00,A,728
12993,23317,2025-03-12 00:00:00,A,1045
12994,23319,2023-12-10 00:00:00,A,485
12995,23321,2026-07-13 00:00:00,C,612
12996,23322,2026-07-13 00:00:00,C,786
12997,23323,2023-10-04 00:00:00,B,544
12998,23325,2026-07-13 00:00:00,A,826
12999,23327,2026-03-03 00:00:00,C,64
13000,23328,2026-06-21 00:00:00,A,305
13001,23330,2023-11-03 00:00:00,C,818
13002,23333,2024-05-09 00:00:00,C,159
13003,23334,2023-06-05 00:00:00,A,1327
13004,23335,2024-04-14 00:00:00,B,767
13005,23337,2024-04-23 00:00:00,A,959
13006,23340,2024-06-07 00:00:00,A,390
13007,23341,2023-03-06 00:00:00,A,1107
13008,23344,2025-01-17 00:00:00,A,628
13009,23346,2024-12-11 00:00:00,A,954
13010,23348,2026-02-22 00:00:00,A,656
13011,23350,2024-02-18 00:00:00,A,1211
13012,23351,2023-11-08 00:00:00,A,1225
13013,23356,2025-10-30 00:00:00,C,83
13014,23359,2026-07-13 00:00:00,A,1078
13015,23361,2024-04-18 00:00:00,A,387
13016,23363,2026-01-07 00:00:00,A,339
13017,23366,2026-07-13 00:00:00,A,1038
13018,23367,2025-05-10 00:00:00,A,57
13019,23369,2024-08-26 00:00:00,A,29
13020,23370,2026-01-31 00:00:00,A,1160
13021,23371,2023-10-23 00:00:00,A,82
13022,23372,2023-06-11 00:00:00,A,25
13023,23373,2024-10-29 00:00:00,A,722
13024,23378,2025-08-06 00:00:00,B,586
13025,23381,2024-04-30 00:00:00,C,27
13026,23382,2025-08-04 00:00:00,B,131
13027,23383,2024-05-13 00:00:00,A,1221
13028,23384,2025-02-23 00:00:00,A,4
13029,23385,2026-04-15 00:00:00,C,441
13030,23386,2026-06-16 00:00:00,C,207
13031,23387,2026-07-13 00:00:00,A,283
13032,23389,2025-06-20 00:00:00,C,337
13033,23397,2025-09-25 00:00:00,A,254
13034,23399,2025-08-26 00:00:00,A,859
13035,23401,2025-12-12 00:00:00,A,577
13036,23403,2024-09-09 00:00:00,A,116
13037,23404,2026-02-08 00:00:00,A,1019
13038,23405,2023-04-22 00:00:00,A,708
13039,23406,2024-09-02 00:00:00,C,1176
13040,23408,2023-06-18 00:00:00,A,619
13041,23409,2024-01-08 00:00:00,A,652
13042,23411,2026-07-13 00:00:00,A,877
13043,23414,2026-01-05 00:00:00,A,1151
13044,23416,2026-03-11 00:00:00,A,254
13045,23417,2026-07-13 00:00:00,A,541
13046,23420,2025-02-26 00:00:00,A,818
13047,23424,2025-01-13 00:00:00,C,36
13048,23425,2025-05-04 00:00:00,A,1304
13049,23426,2024-08-14 00:00:00,A,780
13050,23428,2026-07-13 00:00:00,C,920
13051,23429,2023-03-09 00:00:00,A,826
13052,23430,2024-07-14 00:00:00,C,1239
13053,23431,2025-01-11 00:00:00,A,373
13054,23432,2026-05-11 00:00:00,A,1021
13055,23433,2024-08-05 00:00:00,C,16
13056,23434,2023-12-06 00:00:00,B,183
13057,23435,2025-09-21 00:00:00,C,533
13058,23437,2024-05-25 00:00:00,A,338
13059,23438,2026-06-01 00:00:00,C,289
13060,23439,2023-03-08 00:00:00,A,8
13061,23440,2025-05-18 00:00:00,A,836
13062,23442,2023-10-06 00:00:00,B,363
13063,23443,2026-07-13 00:00:00,A,902
13064,23444,2024-07-01 00:00:00,A,586
13065,23445,2024-04-24 00:00:00,B,1315
13066,23446,2023-05-13 00:00:00,A,124
13067,23448,2025-10-10 00:00:00,A,84
13068,23451,2023-12-25 00:00:00,A,920
13069,23452,2024-10-27 00:00:00,C,586
13070,23453,2025-03-26 00:00:00,A,1029
13071,23455,2026-07-13 00:00:00,A,976
13072,23458,2024-06-18 00:00:00,A,369
13073,23459,2025-05-22 00:00:00,A,1331
13074,23467,2024-10-05 00:00:00,A,375
13075,23468,2024-06-20 00:00:00,A,131
13076,23469,2025-10-01 00:00:00,A,167
13077,23470,2026-05-05 00:00:00,A,648
13078,23472,2025-12-08 00:00:00,A,1102
13079,23478,2025-02-25 00:00:00,B,799
13080,23481,2026-07-13 00:00:00,A,98
13081,23482,2023-06-09 00:00:00,A,1216
13082,23484,2023-05-09 00:00:00,A,778
13083,23486,2024-05-29 00:00:00,A,297
13084,23487,2025-07-05 00:00:00,A,432
13085,23488,2026-05-15 00:00:00,A,966
13086,23489,2025-03-24 00:00:00,B,1293
13087,23490,2025-08-27 00:00:00,A,1279
13088,23494,2025-03-02 00:00:00,A,70
13089,23495,2024-05-06 00:00:00,C,895
13090,23498,2026-07-13 00:00:00,C,653
13091,23501,2026-07-13 00:00:00,C,397
13092,23502,2026-06-17 00:00:00,A,1306
13093,23503,2026-07-13 00:00:00,A,255
13094,23504,2024-06-04 00:00:00,A,1177
13095,23505,2026-02-03 00:00:00,C,1120
13096,23506,2023-12-01 00:00:00,C,240
13097,23507,2024-10-30 00:00:00,A,825
13098,23509,2025-02-10 00:00:00,A,557
13099,23511,2024-07-06 00:00:00,C,172
13100,23513,2026-03-21 00:00:00,A,187
13101,23514,2024-05-11 00:00:00,C,876
13102,23515,2024-11-06 00:00:00,A,1129
13103,23516,2024-05-19 00:00:00,A,39
13104,23517,2024-08-05 00:00:00,A,657
13105,23518,2025-11-11 00:00:00,C,399
13106,23519,2026-06-04 00:00:00,A,989
13107,23522,2024-02-04 00:00:00,A,743
13108,23523,2025-11-13 00:00:00,A,3
13109,23524,2025-03-02 00:00:00,C,198
13110,23525,2025-03-22 00:00:00,A,856
13111,23526,2024-06-12 00:00:00,B,642
13112,23527,2026-07-13 00:00:00,A,268
13113,23528,2026-02-18 00:00:00,A,656
13114,23530,2024-01-18 00:00:00,A,1211
13115,23531,2024-03-31 00:00:00,A,710
13116,23533,2024-06-02 00:00:00,C,1172
13117,23534,2024-04-19 00:00:00,B,791
13118,23539,2024-05-06 00:00:00,B,719
13119,23540,2026-01-10 00:00:00,A,1238
13120,23541,2024-12-19 00:00:00,A,52
13121,23542,2024-05-11 00:00:00,C,1084
13122,23544,2024-03-04 00:00:00,B,990
13123,23545,2025-04-16 00:00:00,A,764
13124,23546,2024-12-13 00:00:00,A,263
13125,23549,2025-02-17 00:00:00,B,762
13126,23553,2025-06-30 00:00:00,A,786
13127,23555,2025-01-20 00:00:00,A,1231
13128,23560,2025-10-17 00:00:00,A,17
13129,23561,2025-04-12 00:00:00,C,988
13130,23562,2025-01-11 00:00:00,A,21
13131,23564,2023-10-25 00:00:00,A,586
13132,23565,2025-02-13 00:00:00,A,728
13133,23567,2024-11-01 00:00:00,C,310
13134,23570,2023-12-22 00:00:00,A,1092
13135,23571,2023-12-20 00:00:00,A,1178
13136,23573,2026-01-26 00:00:00,C,776
13137,23574,2024-11-23 00:00:00,A,492
13138,23575,2025-10-09 00:00:00,C,588
13139,23578,2025-07-23 00:00:00,A,634
13140,23579,2023-07-26 00:00:00,A,890
13141,23581,2026-02-03 00:00:00,A,721
13142,23583,2026-03-15 00:00:00,C,776
13143,23584,2025-04-07 00:00:00,C,372
13144,23585,2025-06-09 00:00:00,A,177
13145,23586,2025-06-02 00:00:00,A,495
13146,23590,2024-05-01 00:00:00,A,178
13147,23591,2023-08-19 00:00:00,A,802
13148,23593,2025-06-27 00:00:00,A,195
13149,23597,2025-06-24 00:00:00,C,492
13150,23598,2026-07-13 00:00:00,A,923
13151,23599,2026-01-26 00:00:00,C,923
13152,23601,2026-01-16 00:00:00,A,116
13153,23602,2026-07-13 00:00:00,A,21
13154,23603,2026-03-29 00:00:00,B,1161
13155,23604,2025-04-26 00:00:00,A,890
13156,23607,2026-07-13 00:00:00,A,1081
13157,23609,2025-10-08 00:00:00,A,523
13158,23611,2024-07-29 00:00:00,A,1262
13159,23613,2023-10-28 00:00:00,A,968
13160,23617,2024-01-22 00:00:00,A,1126
13161,23618,2026-03-03 00:00:00,C,648
13162,23621,2025-07-22 00:00:00,A,1040
13163,23622,2025-05-25 00:00:00,A,131
13164,23623,2025-08-28 00:00:00,A,140
13165,23626,2026-07-13 00:00:00,A,1075
13166,23627,2025-05-19 00:00:00,A,1229
13167,23629,2025-05-15 00:00:00,A,1143
13168,23630,2024-02-14 00:00:00,A,507
13169,23631,2025-07-24 00:00:00,C,778
13170,23637,2026-05-09 00:00:00,C,794
13171,23639,2025-12-06 00:00:00,A,895
13172,23640,2026-07-13 00:00:00,A,975
13173,23641,2024-01-17 00:00:00,A,179
13174,23642,2023-08-02 00:00:00,A,578
13175,23643,2023-10-08 00:00:00,A,659
13176,23644,2025-02-15 00:00:00,A,1054
13177,23646,2023-05-27 00:00:00,A,547
13178,23647,2026-07-13 00:00:00,C,1193
13179,23648,2024-11-21 00:00:00,A,123
13180,23650,2026-02-02 00:00:00,B,414
13181,23651,2024-05-31 00:00:00,A,206
13182,23655,2023-08-25 00:00:00,A,112
13183,23657,2024-08-15 00:00:00,A,1050
13184,23658,2023-12-27 00:00:00,C,855
13185,23659,2026-03-12 00:00:00,C,64
13186,23660,2024-01-21 00:00:00,A,1316
13187,23661,2026-07-13 00:00:00,A,697
13188,23663,2023-11-10 00:00:00,A,982
13189,23665,2023-06-14 00:00:00,A,875
13190,23667,2025-01-12 00:00:00,A,7
13191,23668,2024-02-28 00:00:00,A,1188
13192,23670,2026-05-11 00:00:00,A,573
13193,23672,2026-07-13 00:00:00,A,93
13194,23673,2023-11-21 00:00:00,C,312
13195,23674,2025-06-27 00:00:00,A,150
13196,23676,2025-01-06 00:00:00,A,1057
13197,23677,2025-06-10 00:00:00,A,1233
13198,23679,2025-10-06 00:00:00,A,1312
13199,23680,2024-05-10 00:00:00,C,1145
13200,23681,2025-07-28 00:00:00,A,1262
13201,23683,2026-07-13 00:00:00,A,1223
13202,23685,2025-05-18 00:00:00,A,441
13203,23686,2025-02-19 00:00:00,A,27
13204,23688,2024-02-01 00:00:00,A,415
13205,23690,2024-06-11 00:00:00,A,1122
13206,23691,2024-06-13 00:00:00,C,1102
13207,23693,2025-06-14 00:00:00,C,821
13208,23695,2023-09-17 00:00:00,A,746
13209,23698,2023-07-09 00:00:00,C,749
13210,23699,2024-09-17 00:00:00,A,997
13211,23700,2025-02-20 00:00:00,A,1014
13212,23702,2024-11-06 00:00:00,A,714
13213,23708,2023-03-15 00:00:00,A,1198
13214,23709,2025-10-23 00:00:00,C,118
13215,23710,2024-09-23 00:00:00,A,262
13216,23713,2024-09-21 00:00:00,C,320
13217,23715,2024-06-18 00:00:00,A,504
13218,23718,2026-07-13 00:00:00,A,1216
13219,23720,2024-06-25 00:00:00,A,924
13220,23721,2025-02-20 00:00:00,A,16
13221,23722,2024-01-12 00:00:00,A,1226
13222,23724,2025-10-22 00:00:00,A,352
13223,23726,2025-05-16 00:00:00,A,58
13224,23727,2024-08-24 00:00:00,A,473
13225,23728,2024-08-22 00:00:00,A,420
13226,23729,2023-11-22 00:00:00,A,528
13227,23731,2025-03-31 00:00:00,A,8
13228,23732,2024-08-11 00:00:00,B,540
13229,23733,2026-06-25 00:00:00,A,296
13230,23734,2025-12-19 00:00:00,C,630
13231,23737,2024-09-08 00:00:00,C,446
13232,23738,2024-12-04 00:00:00,A,184
13233,23739,2025-09-23 00:00:00,A,232
13234,23740,2024-11-03 00:00:00,C,998
13235,23742,2026-07-13 00:00:00,B,606
13236,23743,2026-03-15 00:00:00,A,570
13237,23746,2026-07-13 00:00:00,C,186
13238,23747,2023-10-16 00:00:00,A,88
13239,23748,2025-12-08 00:00:00,A,677
13240,23750,2025-09-17 00:00:00,A,870
13241,23752,2024-06-23 00:00:00,A,131
13242,23753,2024-09-16 00:00:00,B,1325
13243,23755,2026-05-12 00:00:00,C,1095
13244,23757,2026-07-05 00:00:00,A,652
13245,23763,2023-05-06 00:00:00,A,1300
13246,23765,2025-02-09 00:00:00,A,538
13247,23770,2026-01-27 00:00:00,A,1025
13248,23772,2025-10-16 00:00:00,A,613
13249,23774,2025-10-09 00:00:00,C,954
13250,23775,2026-07-13 00:00:00,A,42
13251,23776,2026-01-09 00:00:00,A,828
13252,23777,2023-09-22 00:00:00,A,419
13253,23778,2025-11-29 00:00:00,A,543
13254,23779,2026-02-27 00:00:00,A,405
13255,23780,2026-01-14 00:00:00,A,787
13256,23781,2025-03-16 00:00:00,B,709
13257,23783,2026-07-13 00:00:00,A,280
13258,23787,2024-08-23 00:00:00,C,150
13259,23789,2025-10-29 00:00:00,C,726
13260,23790,2025-02-08 00:00:00,A,973
13261,23792,2026-07-13 00:00:00,A,632
13262,23794,2023-10-18 00:00:00,A,289
13263,23796,2023-11-15 00:00:00,C,844
13264,23803,2025-11-03 00:00:00,A,1233
13265,23804,2025-11-12 00:00:00,A,5
13266,23805,2026-07-13 00:00:00,C,330
13267,23806,2025-11-09 00:00:00,B,1070
13268,23807,2024-04-23 00:00:00,C,1026
13269,23808,2024-11-17 00:00:00,A,913
13270,23809,2024-04-20 00:00:00,A,40
13271,23810,2025-01-19 00:00:00,A,1188
13272,23811,2025-09-18 00:00:00,A,1304
13273,23813,2025-07-25 00:00:00,A,362
13274,23816,2026-07-13 00:00:00,C,898
13275,23818,2026-07-13 00:00:00,A,620
13276,23820,2025-03-10 00:00:00,B,799
13277,23823,2024-11-18 00:00:00,A,985
13278,23824,2025-11-18 00:00:00,A,677
13279,23825,2024-04-26 00:00:00,B,233
13280,23827,2023-03-04 00:00:00,B,38
13281,23829,2026-07-13 00:00:00,C,112
13282,23831,2025-09-30 00:00:00,A,807
13283,23832,2025-06-19 00:00:00,A,90
13284,23833,2025-05-16 00:00:00,A,1228
13285,23834,2026-03-12 00:00:00,A,83
13286,23835,2025-03-12 00:00:00,A,379
13287,23836,2026-06-13 00:00:00,C,827
13288,23841,2024-03-05 00:00:00,A,1048
13289,23847,2026-01-27 00:00:00,A,1303
13290,23848,2023-06-26 00:00:00,B,214
13291,23849,2025-06-23 00:00:00,A,416
13292,23854,2024-01-08 00:00:00,A,1211
13293,23857,2023-11-11 00:00:00,B,124
13294,23859,2025-10-22 00:00:00,C,605
13295,23861,2026-07-13 00:00:00,B,574
13296,23862,2026-05-08 00:00:00,A,1027
13297,23864,2025-05-11 00:00:00,A,855
13298,23867,2024-04-20 00:00:00,A,1201
13299,23868,2024-01-28 00:00:00,A,201
13300,23870,2026-06-18 00:00:00,A,165
13301,23872,2023-11-15 00:00:00,C,1276
13302,23874,2024-09-05 00:00:00,A,1165
13303,23875,2026-07-13 00:00:00,C,334
13304,23876,2026-06-20 00:00:00,A,478
13305,23877,2024-09-12 00:00:00,C,977
13306,23882,2026-05-14 00:00:00,C,1189
13307,23883,2024-01-04 00:00:00,A,1213
13308,23888,2025-10-05 00:00:00,A,386
13309,23890,2025-02-09 00:00:00,A,1181
13310,23894,2026-05-06 00:00:00,A,878
13311,23898,2023-03-09 00:00:00,A,1024
13312,23900,2023-04-07 00:00:00,A,131
13313,23903,2025-03-04 00:00:00,A,1187
13314,23905,2023-07-16 00:00:00,A,768
13315,23906,2026-01-18 00:00:00,A,680
13316,23907,2025-02-19 00:00:00,A,948
13317,23908,2026-04-26 00:00:00,A,277
13318,23911,2025-03-13 00:00:00,A,1176
13319,23912,2026-07-13 00:00:00,A,345
13320,23913,2025-05-23 00:00:00,A,1100
13321,23914,2024-01-30 00:00:00,A,943
13322,23915,2024-07-06 00:00:00,A,476
13323,23917,2023-09-21 00:00:00,A,901
13324,23919,2025-03-09 00:00:00,C,1219
13325,23920,2023-10-26 00:00:00,B,602
13326,23922,2024-06-20 00:00:00,A,923
13327,23924,2025-09-28 00:00:00,A,183
13328,23926,2023-08-03 00:00:00,A,704
13329,23927,2026-07-13 00:00:00,A,592
13330,23928,2024-12-24 00:00:00,B,110
13331,23929,2025-08-29 00:00:00,A,199
13332,23930,2026-03-20 00:00:00,A,1001
13333,23931,2025-03-18 00:00:00,A,1098
13334,23933,2023-06-29 00:00:00,C,181
13335,23936,2026-07-13 00:00:00,C,1327
13336,23938,2024-01-05 00:00:00,A,198
13337,23940,2025-10-19 00:00:00,C,796
13338,23941,2026-07-13 00:00:00,A,376
13339,23943,2025-03-22 00:00:00,A,949
13340,23947,2024-03-26 00:00:00,A,466
13341,23948,2024-02-08 00:00:00,C,370
13342,23950,2026-07-13 00:00:00,A,1209
13343,23951,2025-12-05 00:00:00,A,269
13344,23952,2026-07-13 00:00:00,C,529
13345,23953,2025-06-10 00:00:00,C,472
13346,23954,2025-02-27 00:00:00,B,471
13347,23956,2024-04-03 00:00:00,C,494
13348,23957,2025-01-29 00:00:00,A,739
13349,23958,2023-08-26 00:00:00,B,978
13350,23963,2026-07-01 00:00:00,A,1050
13351,23965,2026-02-06 00:00:00,A,1181
13352,23966,2023-10-06 00:00:00,A,1245
13353,23968,2024-08-13 00:00:00,A,695
13354,23972,2023-12-04 00:00:00,A,341
13355,23977,2024-12-07 00:00:00,C,919
13356,23981,2024-02-21 00:00:00,A,259
13357,23982,2026-07-13 00:00:00,A,755
13358,23983,2023-10-02 00:00:00,A,214
13359,23985,2026-07-13 00:00:00,C,1163
13360,23987,2024-08-31 00:00:00,A,1214
13361,23988,2025-11-15 00:00:00,A,1325
13362,23989,2024-05-04 00:00:00,A,398
13363,23990,2025-03-02 00:00:00,A,309
13364,23991,2023-10-24 00:00:00,A,761
13365,23994,2026-05-25 00:00:00,B,1179
13366,23995,2025-09-01 00:00:00,C,543
13367,23997,2025-11-13 00:00:00,A,803
13368,23998,2024-12-09 00:00:00,B,1242
13369,23999,2023-09-05 00:00:00,A,33
13370,24001,2024-03-10 00:00:00,A,1204
13371,24002,2025-06-15 00:00:00,A,985
13372,24003,2025-06-17 00:00:00,A,606
13373,24004,2026-06-07 00:00:00,A,1014
13374,24005,2025-12-31 00:00:00,A,1282
13375,24006,2025-04-11 00:00:00,A,720
13376,24007,2026-07-13 00:00:00,A,1200
13377,24008,2025-09-04 00:00:00,A,1044
13378,24009,2026-07-13 00:00:00,A,1170
13379,24011,2026-05-21 00:00:00,A,477
13380,24014,2026-04-25 00:00:00,A,510
13381,24015,2023-08-15 00:00:00,C,78
13382,24019,2024-10-29 00:00:00,A,294
13383,24022,2026-03-26 00:00:00,C,587
13384,24026,2026-07-13 00:00:00,C,484
13385,24027,2023-10-05 00:00:00,A,874
13386,24032,2025-08-20 00:00:00,A,682
13387,24033,2023-10-17 00:00:00,C,450
13388,24034,2026-02-05 00:00:00,A,249
13389,24035,2024-02-10 00:00:00,A,175
13390,24036,2025-10-09 00:00:00,A,484
13391,24038,2026-03-15 00:00:00,A,894
13392,24042,2026-05-10 00:00:00,A,445
13393,24043,2025-01-21 00:00:00,A,611
13394,24044,2025-11-30 00:00:00,C,528
13395,24047,2026-07-13 00:00:00,A,739
13396,24048,2024-08-12 00:00:00,A,869
13397,24049,2023-09-27 00:00:00,B,1269
13398,24050,2024-07-23 00:00:00,A,959
13399,24052,2025-11-02 00:00:00,A,671
13400,24054,2026-04-24 00:00:00,A,975
13401,24055,2025-07-03 00:00:00,A,48
13402,24059,2025-02-17 00:00:00,A,1074
13403,24060,2026-07-05 00:00:00,C,100
13404,24061,2023-09-28 00:00:00,C,863
13405,24062,2025-10-16 00:00:00,A,408
13406,24064,2026-07-13 00:00:00,A,1142
13407,24065,2025-12-19 00:00:00,A,727
13408,24067,2026-04-12 00:00:00,C,586
13409,24069,2025-10-03 00:00:00,A,244
13410,24070,2026-01-17 00:00:00,A,1076
13411,24071,2023-12-21 00:00:00,A,956
13412,24073,2026-03-16 00:00:00,A,419
13413,24074,2026-03-11 00:00:00,A,1121
13414,24075,2024-03-15 00:00:00,C,868
13415,24076,2026-07-13 00:00:00,A,1196
13416,24077,2024-12-31 00:00:00,B,1064
13417,24080,2026-04-18 00:00:00,A,197
13418,24081,2026-07-13 00:00:00,B,718
13419,24086,2026-03-16 00:00:00,A,1263
13420,24090,2026-04-28 00:00:00,A,797
13421,24097,2025-05-07 00:00:00,A,203
13422,24098,2024-11-29 00:00:00,C,156
13423,24100,2024-07-17 00:00:00,A,960
13424,24101,2024-01-27 00:00:00,B,919
13425,24103,2023-07-29 00:00:00,A,311
13426,24104,2024-12-25 00:00:00,A,1317
13427,24105,2024-07-12 00:00:00,A,1240
13428,24106,2025-11-14 00:00:00,A,159
13429,24108,2024-02-22 00:00:00,C,19
13430,24112,2024-03-20 00:00:00,A,413
13431,24113,2025-02-12 00:00:00,A,965
13432,24114,2026-07-13 00:00:00,C,540
13433,24115,2025-10-29 00:00:00,A,78
13434,24118,2024-09-01 00:00:00,A,960
13435,24119,2026-06-22 00:00:00,A,100
13436,24121,2024-09-12 00:00:00,C,32
13437,24125,2024-02-13 00:00:00,A,172
13438,24126,2026-07-13 00:00:00,C,22
13439,24127,2025-10-30 00:00:00,A,709
13440,24128,2025-08-09 00:00:00,A,822
13441,24129,2024-07-19 00:00:00,B,144
13442,24130,2024-07-28 00:00:00,B,1303
13443,24131,2026-04-14 00:00:00,A,231
13444,24134,2023-11-30 00:00:00,A,1315
13445,24135,2026-06-14 00:00:00,A,586
13446,24138,2023-11-22 00:00:00,A,1005
13447,24139,2024-03-14 00:00:00,A,188
13448,24140,2026-04-20 00:00:00,A,482
13449,24142,2026-06-11 00:00:00,A,187
13450,24144,2026-02-27 00:00:00,A,388
13451,24145,2025-11-24 00:00:00,A,108
13452,24147,2023-10-14 00:00:00,A,1108
13453,24149,2023-03-30 00:00:00,A,227
13454,24150,2023-10-09 00:00:00,C,192
13455,24157,2025-09-24 00:00:00,C,799
13456,24158,2026-07-13 00:00:00,C,1154
13457,24161,2025-12-04 00:00:00,A,73
13458,24163,2025-01-16 00:00:00,A,1067
13459,24164,2026-01-11 00:00:00,A,1230
13460,24169,2025-04-19 00:00:00,C,527
13461,24172,2025-06-01 00:00:00,A,850
13462,24173,2025-07-22 00:00:00,A,7
13463,24175,2023-11-17 00:00:00,A,647
13464,24176,2026-07-13 00:00:00,A,981
13465,24178,2026-05-21 00:00:00,A,877
13466,24179,2024-12-03 00:00:00,A,1036
13467,24180,2025-11-25 00:00:00,A,1140
13468,24181,2026-01-03 00:00:00,A,894
13469,24183,2025-04-21 00:00:00,A,642
13470,24185,2026-07-13 00:00:00,A,37
13471,24186,2026-07-13 00:00:00,B,1103
13472,24187,2024-10-15 00:00:00,A,417
13473,24188,2026-07-05 00:00:00,A,367
13474,24191,2024-09-20 00:00:00,A,1040
13475,24192,2026-07-13 00:00:00,A,960
13476,24194,2023-12-03 00:00:00,A,134
13477,24195,2026-07-13 00:00:00,A,97
13478,24196,2024-04-19 00:00:00,C,1284
13479,24197,2026-07-13 00:00:00,A,415
13480,24200,2025-01-12 00:00:00,A,55
13481,24201,2026-03-30 00:00:00,A,716
13482,24203,2025-02-04 00:00:00,B,947
13483,24209,2026-05-08 00:00:00,A,1160
13484,24210,2023-07-06 00:00:00,A,565
13485,24211,2026-03-22 00:00:00,A,1263
13486,24212,2025-05-12 00:00:00,A,187
13487,24216,2025-01-06 00:00:00,A,680
13488,24218,2026-04-02 00:00:00,A,739
13489,24219,2025-04-29 00:00:00,C,791
13490,24220,2024-11-29 00:00:00,A,88
13491,24223,2024-10-28 00:00:00,A,531
13492,24225,2024-09-14 00:00:00,C,358
13493,24228,2025-01-19 00:00:00,A,1
13494,24229,2024-07-09 00:00:00,A,253
13495,24233,2025-06-09 00:00:00,C,923
13496,24235,2024-06-08 00:00:00,B,544
13497,24236,2025-10-25 00:00:00,C,33
13498,24237,2023-03-21 00:00:00,A,1071
13499,24238,2023-12-21 00:00:00,A,923
13500,24239,2023-10-31 00:00:00,B,579
13501,24241,2024-11-09 00:00:00,A,1179
13502,24242,2024-04-08 00:00:00,C,132
13503,24243,2026-07-13 00:00:00,C,760
13504,24244,2024-10-31 00:00:00,A,419
13505,24245,2024-12-02 00:00:00,C,695
13506,24250,2023-05-28 00:00:00,A,479
13507,24251,2023-09-04 00:00:00,A,868
13508,24252,2024-03-09 00:00:00,A,659
13509,24253,2026-07-13 00:00:00,A,281
13510,24254,2024-09-28 00:00:00,C,265
13511,24255,2025-01-07 00:00:00,A,190
13512,24257,2024-08-12 00:00:00,C,1237
13513,24258,2026-07-13 00:00:00,C,382
13514,24260,2023-10-15 00:00:00,A,1026
13515,24261,2024-07-04 00:00:00,A,960
13516,24262,2026-07-13 00:00:00,A,1255
13517,24266,2024-07-02 00:00:00,A,687
13518,24268,2026-06-02 00:00:00,A,1112
13519,24269,2025-08-22 00:00:00,C,870
13520,24270,2024-01-26 00:00:00,A,1293
13521,24271,2026-07-13 00:00:00,C,1262
13522,24273,2026-02-03 00:00:00,C,178
13523,24274,2025-11-12 00:00:00,A,201
13524,24275,2024-05-20 00:00:00,A,533
13525,24281,2024-04-25 00:00:00,A,821
13526,24283,2025-06-21 00:00:00,A,826
13527,24285,2026-04-10 00:00:00,A,232
13528,24288,2024-05-16 00:00:00,A,442
13529,24290,2026-06-10 00:00:00,A,184
13530,24291,2026-02-27 00:00:00,A,576
13531,24292,2026-02-15 00:00:00,C,1224
13532,24293,2026-02-26 00:00:00,A,731
13533,24297,2025-12-21 00:00:00,A,53
13534,24298,2024-04-30 00:00:00,A,718
13535,24299,2026-07-13 00:00:00,A,612
13536,24300,2025-10-13 00:00:00,A,104
13537,24301,2026-02-25 00:00:00,A,612
13538,24304,2024-03-01 00:00:00,C,802
13539,24305,2025-12-25 00:00:00,A,1066
13540,24306,2025-05-23 00:00:00,A,1067
13541,24309,2023-08-13 00:00:00,A,674
13542,24312,2026-05-14 00:00:00,A,304
13543,24313,2023-07-24 00:00:00,A,1291
13544,24314,2025-11-20 00:00:00,A,1005
13545,24316,2023-09-15 00:00:00,A,752
13546,24318,2024-11-07 00:00:00,C,823
13547,24319,2025-02-08 00:00:00,A,820
13548,24320,2026-07-13 00:00:00,A,1223
13549,24322,2025-01-06 00:00:00,A,49
13550,24324,2023-10-30 00:00:00,A,777
13551,24327,2026-06-18 00:00:00,C,375
13552,24328,2026-06-07 00:00:00,A,320
13553,24329,2025-10-16 00:00:00,A,725
13554,24334,2026-03-05 00:00:00,A,1064
13555,24336,2026-03-24 00:00:00,A,271
13556,24337,2025-08-10 00:00:00,A,788
13557,24338,2024-05-06 00:00:00,A,119
13558,24339,2024-08-16 00:00:00,A,829
13559,24341,2026-04-19 00:00:00,B,636
13560,24347,2023-08-17 00:00:00,A,1111
13561,24353,2024-03-19 00:00:00,B,730
13562,24354,2023-06-05 00:00:00,A,233
13563,24355,2024-11-30 00:00:00,A,827
13564,24356,2024-09-29 00:00:00,A,301
13565,24359,2026-07-13 00:00:00,C,958
13566,24360,2024-10-26 00:00:00,A,741
13567,24366,2025-05-04 00:00:00,A,507
13568,24367,2026-07-13 00:00:00,A,856
13569,24368,2025-10-22 00:00:00,C,644
13570,24369,2023-09-18 00:00:00,A,398
13571,24372,2024-04-16 00:00:00,A,68
13572,24373,2024-05-15 00:00:00,A,255
13573,24377,2023-12-02 00:00:00,A,297
13574,24379,2026-03-17 00:00:00,C,902
13575,24380,2026-07-13 00:00:00,C,792
13576,24382,2024-01-20 00:00:00,C,712
13577,24383,2023-11-20 00:00:00,C,670
13578,24387,2025-03-12 00:00:00,A,967
13579,24388,2026-07-13 00:00:00,C,1102
13580,24391,2024-04-26 00:00:00,A,588
13581,24392,2024-09-02 00:00:00,C,717
13582,24396,2025-04-29 00:00:00,A,250
13583,24397,2023-11-09 00:00:00,A,26
13584,24398,2026-05-20 00:00:00,C,1090
13585,24401,2026-04-04 00:00:00,A,1181
13586,24403,2026-02-25 00:00:00,A,805
13587,24404,2023-09-07 00:00:00,B,80
13588,24405,2025-02-21 00:00:00,A,781
13589,24406,2024-08-22 00:00:00,A,704
13590,24407,2026-03-27 00:00:00,C,76
13591,24409,2024-11-18 00:00:00,C,390
13592,24410,2025-08-18 00:00:00,A,926
13593,24412,2024-04-06 00:00:00,A,1114
13594,24415,2023-11-13 00:00:00,C,408
13595,24416,2025-11-22 00:00:00,A,631
13596,24418,2025-11-18 00:00:00,A,285
13597,24420,2026-07-13 00:00:00,A,234
13598,24421,2025-05-29 00:00:00,A,105
13599,24422,2023-06-07 00:00:00,A,371
13600,24423,2025-01-03 00:00:00,A,354
13601,24425,2024-12-05 00:00:00,A,1244
13602,24430,2025-12-22 00:00:00,A,726
13603,24434,2026-06-07 00:00:00,A,572
13604,24435,2023-09-07 00:00:00,C,258
13605,24436,2026-07-13 00:00:00,A,289
13606,24440,2025-10-02 00:00:00,C,685
13607,24441,2024-12-21 00:00:00,A,653
13608,24443,2024-06-22 00:00:00,A,672
13609,24445,2025-12-14 00:00:00,B,1322
13610,24446,2025-01-04 00:00:00,B,1043
13611,24450,2023-12-16 00:00:00,A,338
13612,24452,2026-02-07 00:00:00,C,965
13613,24453,2024-10-10 00:00:00,A,1303
13614,24456,2024-01-12 00:00:00,C,1240
13615,24458,2024-09-13 00:00:00,C,41
13616,24461,2025-03-06 00:00:00,A,174
13617,24463,2025-08-06 00:00:00,A,93
13618,24464,2024-09-15 00:00:00,A,382
13619,24467,2024-01-05 00:00:00,A,1010
13620,24472,2025-09-08 00:00:00,C,42
13621,24474,2024-08-09 00:00:00,A,1278
13622,24475,2023-03-07 00:00:00,A,733
13623,24476,2025-04-22 00:00:00,A,871
13624,24479,2025-12-01 00:00:00,A,92
13625,24481,2025-07-21 00:00:00,A,1184
13626,24489,2026-02-27 00:00:00,A,152
13627,24490,2026-07-13 00:00:00,A,1017
13628,24491,2025-05-04 00:00:00,A,435
13629,24493,2023-09-29 00:00:00,B,714
13630,24494,2024-07-22 00:00:00,A,20
13631,24495,2023-06-27 00:00:00,A,418
13632,24496,2023-12-19 00:00:00,A,1018
13633,24497,2024-08-09 00:00:00,B,457
13634,24498,2024-09-10 00:00:00,A,775
13635,24499,2023-10-04 00:00:00,A,1108
13636,24503,2023-10-17 00:00:00,C,1272
13637,24504,2026-04-07 00:00:00,A,22
13638,24507,2025-09-04 00:00:00,C,716
13639,24508,2026-07-13 00:00:00,C,1094
13640,24509,2024-05-26 00:00:00,B,1269
13641,24510,2026-02-17 00:00:00,A,525
13642,24514,2026-07-13 00:00:00,C,111
13643,24515,2026-06-25 00:00:00,A,301
13644,24517,2025-10-08 00:00:00,A,348
13645,24518,2026-07-13 00:00:00,C,1062
13646,24519,2023-05-22 00:00:00,A,866
13647,24520,2024-08-05 00:00:00,A,1303
13648,24521,2025-10-20 00:00:00,A,709
13649,24522,2025-11-11 00:00:00,C,473
13650,24523,2024-01-17 00:00:00,A,615
13651,24525,2025-05-01 00:00:00,A,140
13652,24526,2025-03-15 00:00:00,B,790
13653,24528,2023-08-08 00:00:00,A,65
13654,24529,2026-05-29 00:00:00,B,852
13655,24530,2023-05-10 00:00:00,A,619
13656,24532,2025-04-22 00:00:00,C,938
13657,24534,2026-07-13 00:00:00,C,1
13658,24536,2025-04-07 00:00:00,A,1055
13659,24538,2023-09-11 00:00:00,C,123
13660,24540,2025-12-23 00:00:00,B,1107
13661,24541,2025-10-05 00:00:00,A,261
13662,24542,2025-01-16 00:00:00,A,961
13663,24545,2025-04-04 00:00:00,A,685
13664,24548,2026-05-09 00:00:00,A,159
13665,24549,2026-07-13 00:00:00,A,212
13666,24550,2026-07-13 00:00:00,A,304
13667,24553,2025-09-17 00:00:00,A,356
13668,24554,2026-07-13 00:00:00,C,731
13669,24557,2025-01-25 00:00:00,A,898
13670,24559,2026-07-13 00:00:00,B,759
13671,24562,2024-12-05 00:00:00,A,1295
13672,24566,2025-04-05 00:00:00,A,1060
13673,24567,2025-04-26 00:00:00,B,133
13674,24570,2025-12-07 00:00:00,A,44
13675,24571,2024-11-27 00:00:00,A,1027
13676,24572,2023-09-19 00:00:00,C,499
13677,24577,2024-01-01 00:00:00,A,540
13678,24578,2025-05-28 00:00:00,A,570
13679,24582,2026-07-13 00:00:00,A,657
13680,24584,2025-08-22 00:00:00,B,20
13681,24585,2024-11-29 00:00:00,A,568
13682,24586,2023-12-03 00:00:00,A,1252
13683,24589,2023-04-30 00:00:00,A,1283
13684,24591,2025-04-22 00:00:00,C,876
13685,24595,2026-01-11 00:00:00,C,302
13686,24596,2024-01-14 00:00:00,C,209
13687,24597,2026-04-10 00:00:00,A,1274
13688,24601,2025-06-06 00:00:00,C,923
13689,24602,2023-05-27 00:00:00,A,877
13690,24606,2023-08-27 00:00:00,A,167
13691,24608,2023-09-18 00:00:00,A,140
13692,24609,2025-10-28 00:00:00,C,924
13693,24612,2025-05-03 00:00:00,A,1182
13694,24613,2023-12-04 00:00:00,B,1297
13695,24616,2025-07-04 00:00:00,A,1320
13696,24621,2024-02-26 00:00:00,A,867
13697,24622,2025-09-17 00:00:00,A,188
13698,24626,2023-08-03 00:00:00,A,1034
13699,24628,2024-07-23 00:00:00,C,486
13700,24630,2024-04-27 00:00:00,A,961
13701,24631,2024-03-10 00:00:00,C,323
13702,24632,2025-04-08 00:00:00,A,140
13703,24634,2024-02-26 00:00:00,A,1267
13704,24635,2024-10-17 00:00:00,C,250
13705,24636,2025-04-14 00:00:00,A,808
13706,24641,2024-05-30 00:00:00,B,161
13707,24642,2024-04-06 00:00:00,A,1063
13708,24643,2025-05-01 00:00:00,B,354
13709,24645,2026-01-09 00:00:00,A,873
13710,24648,2023-09-27 00:00:00,C,270
13711,24649,2023-11-29 00:00:00,A,336
13712,24652,2026-07-13 00:00:00,C,961
13713,24658,2024-10-26 00:00:00,B,1019
13714,24659,2025-12-06 00:00:00,A,285
13715,24660,2024-05-04 00:00:00,A,1023
13716,24661,2026-03-10 00:00:00,A,901
13717,24664,2026-03-02 00:00:00,A,274
13718,24669,2024-05-03 00:00:00,B,586
13719,24671,2025-05-21 00:00:00,C,449
13720,24673,2025-03-03 00:00:00,C,1243
13721,24674,2025-05-28 00:00:00,C,393
13722,24675,2023-02-26 00:00:00,A,535
13723,24677,2026-06-04 00:00:00,A,962
13724,24678,2024-04-22 00:00:00,C,714
13725,24680,2024-02-04 00:00:00,A,1015
13726,24681,2025-03-10 00:00:00,A,1246
13727,24682,2026-05-08 00:00:00,C,325
13728,24687,2026-07-13 00:00:00,C,258
13729,24689,2026-07-13 00:00:00,A,432
13730,24690,2026-07-13 00:00:00,A,514
13731,24691,2024-10-24 00:00:00,C,740
13732,24695,2024-08-17 00:00:00,A,69
13733,24696,2024-06-12 00:00:00,C,804
13734,24698,2026-04-20 00:00:00,A,1134
13735,24699,2025-08-17 00:00:00,B,1096
13736,24700,2026-01-19 00:00:00,A,1230
13737,24701,2026-07-13 00:00:00,A,84
13738,24702,2025-08-06 00:00:00,A,411
13739,24703,2024-10-19 00:00:00,A,715
13740,24705,2025-09-14 00:00:00,A,884
13741,24706,2024-02-02 00:00:00,A,164
13742,24707,2025-01-17 00:00:00,A,149
13743,24710,2023-10-12 00:00:00,A,363
13744,24712,2024-10-15 00:00:00,A,229
13745,24713,2026-07-13 00:00:00,C,805
13746,24714,2024-07-18 00:00:00,A,722
13747,24715,2026-07-13 00:00:00,C,1283
13748,24717,2025-09-22 00:00:00,C,844
13749,24718,2026-07-13 00:00:00,A,297
13750,24720,2023-06-21 00:00:00,C,1029
13751,24722,2025-04-22 00:00:00,A,933
13752,24723,2024-08-10 00:00:00,B,846
13753,24729,2026-01-27 00:00:00,A,418
13754,24730,2026-07-13 00:00:00,C,1221
13755,24731,2023-09-08 00:00:00,A,652
13756,24732,2026-01-24 00:00:00,A,1060
13757,24734,2026-03-20 00:00:00,A,56
13758,24735,2024-04-12 00:00:00,A,1324
13759,24736,2025-01-07 00:00:00,C,182
13760,24737,2025-11-13 00:00:00,B,437
13761,24742,2025-11-08 00:00:00,A,601
13762,24743,2024-12-08 00:00:00,B,479
13763,24744,2025-08-25 00:00:00,B,1121
13764,24746,2024-03-11 00:00:00,A,349
13765,24747,2025-12-08 00:00:00,A,1051
13766,24749,2024-01-20 00:00:00,A,458
13767,24750,2024-12-24 00:00:00,A,966
13768,24753,2024-05-23 00:00:00,B,1044
13769,24755,2026-07-13 00:00:00,A,10
13770,24757,2026-07-13 00:00:00,A,953
13771,24758,2026-04-23 00:00:00,A,211
13772,24760,2024-01-02 00:00:00,A,663
13773,24761,2024-04-05 00:00:00,A,356
13774,24762,2023-11-02 00:00:00,A,52
13775,24763,2025-10-19 00:00:00,B,741
13776,24764,2025-10-22 00:00:00,A,1247
13777,24769,2024-03-15 00:00:00,A,400
13778,24772,2026-07-13 00:00:00,A,387
13779,24773,2025-09-07 00:00:00,A,1225
13780,24776,2025-02-20 00:00:00,B,650
13781,24777,2024-03-18 00:00:00,A,566
13782,24779,2024-04-10 00:00:00,C,110
13783,24780,2026-02-13 00:00:00,C,1043
13784,24781,2025-12-13 00:00:00,A,1280
13785,24783,2026-03-29 00:00:00,A,511
13786,24784,2025-08-20 00:00:00,C,108
13787,24785,2023-11-12 00:00:00,A,298
13788,24788,2026-02-16 00:00:00,C,901
13789,24790,2023-11-18 00:00:00,A,555
13790,24792,2025-06-16 00:00:00,A,707
13791,24793,2023-10-25 00:00:00,B,402
13792,24794,2024-02-03 00:00:00,A,1322
13793,24795,2024-03-06 00:00:00,B,244
13794,24801,2025-10-22 00:00:00,B,52
13795,24802,2026-05-30 00:00:00,C,1227
13796,24803,2026-04-17 00:00:00,A,807
13797,24806,2026-07-13 00:00:00,A,1235
13798,24810,2024-07-12 00:00:00,A,1147
13799,24811,2025-12-22 00:00:00,A,590
13800,24812,2024-12-31 00:00:00,C,30
13801,24813,2023-11-19 00:00:00,A,698
13802,24814,2026-07-13 00:00:00,C,1119
13803,24816,2024-06-14 00:00:00,C,941
13804,24818,2026-05-01 00:00:00,B,384
13805,24821,2026-07-13 00:00:00,A,429
13806,24822,2026-07-13 00:00:00,C,920
13807,24823,2025-11-07 00:00:00,A,613
13808,24824,2025-04-07 00:00:00,A,603
13809,24827,2024-07-26 00:00:00,A,1178
13810,24829,2024-03-31 00:00:00,A,1178
13811,24830,2026-05-01 00:00:00,A,994
13812,24832,2025-12-29 00:00:00,A,744
13813,24835,2025-10-19 00:00:00,A,802
13814,24837,2026-07-13 00:00:00,C,687
13815,24838,2024-09-05 00:00:00,A,196
13816,24840,2026-03-09 00:00:00,C,211
13817,24841,2024-02-29 00:00:00,A,112
13818,24842,2026-07-13 00:00:00,A,1303
13819,24843,2025-03-18 00:00:00,A,823
13820,24844,2025-09-18 00:00:00,A,298
13821,24845,2023-06-12 00:00:00,A,453
13822,24846,2026-06-11 00:00:00,A,1114
13823,24847,2026-07-13 00:00:00,C,682
13824,24849,2025-07-25 00:00:00,A,295
13825,24850,2024-03-05 00:00:00,A,10
13826,24851,2024-07-18 00:00:00,A,529
13827,24852,2026-02-09 00:00:00,A,1167
13828,24854,2023-10-13 00:00:00,C,757
13829,24855,2023-05-08 00:00:00,A,1120
13830,24858,2024-01-12 00:00:00,A,501
13831,24859,2025-02-13 00:00:00,B,877
13832,24860,2024-02-26 00:00:00,C,463
13833,24861,2025-10-25 00:00:00,C,719
13834,24862,2023-12-06 00:00:00,A,1015
13835,24863,2025-06-09 00:00:00,C,338
13836,24865,2026-04-16 00:00:00,A,976
13837,24867,2026-03-02 00:00:00,A,28
13838,24869,2024-01-04 00:00:00,C,1205
13839,24870,2024-04-16 00:00:00,B,1204
13840,24871,2026-02-24 00:00:00,C,489
13841,24875,2023-07-02 00:00:00,A,55
13842,24876,2025-10-28 00:00:00,A,632
13843,24877,2024-07-28 00:00:00,A,584
13844,24878,2023-10-19 00:00:00,A,500
13845,24880,2024-05-30 00:00:00,A,1026
13846,24881,2023-07-03 00:00:00,C,975
13847,24883,2025-12-20 00:00:00,A,700
13848,24884,2026-05-28 00:00:00,A,1186
13849,24885,2025-09-01 00:00:00,A,958
13850,24886,2025-03-12 00:00:00,A,1243
13851,24889,2025-02-21 00:00:00,B,936
13852,24893,2025-05-14 00:00:00,B,55
13853,24894,2024-09-06 00:00:00,B,792
13854,24895,2026-07-07 00:00:00,A,944
13855,24896,2025-04-18 00:00:00,A,552
13856,24898,2026-05-19 00:00:00,C,898
13857,24902,2026-05-18 00:00:00,A,1177
13858,24903,2024-04-29 00:00:00,A,131
13859,24905,2024-09-29 00:00:00,A,269
13860,24906,2026-04-04 00:00:00,A,1008
13861,24909,2025-08-04 00:00:00,A,901
13862,24910,2025-08-12 00:00:00,A,1325
13863,24911,2026-01-06 00:00:00,A,828
13864,24914,2023-09-29 00:00:00,C,603
13865,24916,2024-08-14 00:00:00,A,898
13866,24918,2024-12-06 00:00:00,A,1215
13867,24920,2024-01-06 00:00:00,A,881
13868,24922,2026-07-13 00:00:00,A,924
13869,24923,2025-12-21 00:00:00,B,104
13870,24924,2025-02-25 00:00:00,C,1301
13871,24927,2023-06-28 00:00:00,A,1283
13872,24929,2026-03-25 00:00:00,A,475
13873,24931,2024-01-15 00:00:00,A,1228
13874,24932,2024-05-18 00:00:00,C,247
13875,24935,2023-02-18 00:00:00,A,578
13876,24937,2023-09-05 00:00:00,A,1279
13877,24938,2024-12-24 00:00:00,A,1306
13878,24942,2025-11-26 00:00:00,C,848
13879,24944,2026-07-13 00:00:00,A,113
13880,24946,2026-03-12 00:00:00,A,1188
13881,24947,2025-10-04 00:00:00,A,1141
13882,24948,2025-05-06 00:00:00,B,73
13883,24951,2025-07-27 00:00:00,A,1325
13884,24952,2025-04-19 00:00:00,C,1181
13885,24953,2025-11-22 00:00:00,A,346
13886,24957,2024-04-11 00:00:00,C,1282
13887,24958,2025-02-03 00:00:00,C,422
13888,24960,2024-06-14 00:00:00,A,948
13889,24961,2024-10-18 00:00:00,A,652
13890,24962,2025-08-23 00:00:00,C,888
13891,24967,2026-02-27 00:00:00,A,655
13892,24968,2026-06-03 00:00:00,A,442
13893,24969,2025-05-02 00:00:00,A,261
13894,24973,2024-12-08 00:00:00,A,1044
13895,24975,2024-01-02 00:00:00,A,354
13896,24977,2023-06-17 00:00:00,A,1115
13897,24979,2025-04-29 00:00:00,A,853
13898,24982,2026-05-31 00:00:00,C,1281
13899,24984,2026-07-13 00:00:00,A,1319
13900,24985,2023-08-30 00:00:00,A,464
13901,24988,2023-09-20 00:00:00,B,1327
13902,24992,2023-10-06 00:00:00,A,939
13903,24994,2024-01-07 00:00:00,A,1057
13904,24995,2025-09-27 00:00:00,A,539
13905,24996,2025-08-20 00:00:00,A,721
13906,24997,2024-08-06 00:00:00,A,1304
13907,24999,2026-04-28 00:00:00,C,1004
13908,25000,2026-07-13 00:00:00,A,7
13909,25002,2024-12-29 00:00:00,C,1301
13910,25004,2024-08-03 00:00:00,A,743
13911,25006,2025-12-14 00:00:00,B,80
13912,25008,2025-03-30 00:00:00,C,859
13913,25009,2025-01-16 00:00:00,A,267
13914,25010,2024-10-25 00:00:00,A,903
13915,25012,2024-07-28 00:00:00,A,1251
13916,25013,2024-02-27 00:00:00,A,163
13917,25016,2023-07-11 00:00:00,A,1305
13918,25017,2026-04-28 00:00:00,B,888
13919,25018,2023-07-12 00:00:00,A,297
13920,25021,2024-05-02 00:00:00,A,1256
13921,25023,2024-05-27 00:00:00,A,119
13922,25028,2024-10-18 00:00:00,A,974
13923,25029,2025-01-17 00:00:00,B,582
13924,25033,2024-07-26 00:00:00,B,317
13925,25034,2025-08-19 00:00:00,A,998
13926,25037,2024-02-28 00:00:00,A,261
13927,25040,2024-12-02 00:00:00,A,66
13928,25042,2026-06-24 00:00:00,A,685
13929,25043,2024-02-14 00:00:00,B,969
13930,25044,2023-09-15 00:00:00,A,52
13931,25045,2026-06-14 00:00:00,A,146
13932,25048,2026-01-27 00:00:00,A,1088
13933,25049,2025-06-12 00:00:00,A,74
13934,25050,2026-05-15 00:00:00,B,67
13935,25051,2026-07-13 00:00:00,A,633
13936,25052,2024-10-29 00:00:00,A,1168
13937,25056,2024-09-05 00:00:00,A,19
13938,25059,2025-07-20 00:00:00,A,532
13939,25060,2024-02-13 00:00:00,A,1043
13940,25061,2023-05-02 00:00:00,A,1251
13941,25062,2024-07-26 00:00:00,A,186
13942,25064,2025-08-15 00:00:00,A,827
13943,25067,2023-11-30 00:00:00,A,970
13944,25068,2025-07-31 00:00:00,A,529
13945,25069,2025-09-16 00:00:00,A,715
13946,25072,2026-07-02 00:00:00,C,826
13947,25075,2025-11-05 00:00:00,A,441
13948,25076,2026-02-06 00:00:00,A,333
13949,25080,2025-04-27 00:00:00,A,1061
13950,25081,2025-07-19 00:00:00,A,676
13951,25082,2024-04-18 00:00:00,A,298
13952,25087,2026-01-01 00:00:00,A,1224
13953,25089,2026-03-25 00:00:00,A,1120
13954,25090,2024-02-11 00:00:00,A,1204
13955,25091,2024-12-22 00:00:00,A,875
13956,25092,2024-08-26 00:00:00,A,476
13957,25094,2024-02-12 00:00:00,A,736
13958,25095,2026-07-13 00:00:00,A,1213
13959,25097,2023-09-01 00:00:00,A,917
13960,25098,2023-11-11 00:00:00,A,434
13961,25099,2025-11-11 00:00:00,C,139
13962,25100,2025-04-28 00:00:00,A,130
13963,25101,2024-02-04 00:00:00,A,629
13964,25104,2025-02-15 00:00:00,A,1088
13965,25105,2023-05-16 00:00:00,C,1280
13966,25106,2025-04-29 00:00:00,C,1090
13967,25108,2023-10-27 00:00:00,A,82
13968,25109,2026-07-13 00:00:00,C,825
13969,25110,2026-01-26 00:00:00,C,1304
13970,25112,2023-08-06 00:00:00,B,388
13971,25113,2024-07-13 00:00:00,A,906
13972,25115,2026-07-13 00:00:00,A,795
13973,25116,2026-05-28 00:00:00,B,366
13974,25117,2025-01-17 00:00:00,A,250
13975,25118,2024-03-01 00:00:00,A,522
13976,25120,2025-04-25 00:00:00,A,423
13977,25121,2025-08-01 00:00:00,A,452
13978,25122,2024-05-03 00:00:00,A,69
13979,25123,2026-05-14 00:00:00,A,1138
13980,25124,2023-08-08 00:00:00,A,1173
13981,25125,2025-01-27 00:00:00,A,586
13982,25128,2025-07-01 00:00:00,C,303
13983,25130,2025-02-21 00:00:00,C,684
13984,25131,2024-07-06 00:00:00,A,1096
13985,25132,2025-06-29 00:00:00,A,337
13986,25133,2025-07-27 00:00:00,A,1248
13987,25137,2026-06-14 00:00:00,A,71
13988,25138,2024-04-01 00:00:00,A,450
13989,25142,2024-02-02 00:00:00,A,1190
13990,25143,2024-04-03 00:00:00,A,851
13991,25144,2025-04-09 00:00:00,A,1156
13992,25145,2025-05-05 00:00:00,A,1300
13993,25147,2026-04-23 00:00:00,A,2
13994,25148,2025-09-11 00:00:00,A,3
13995,25150,2026-02-28 00:00:00,A,1027
13996,25151,2026-07-13 00:00:00,C,716
13997,25152,2026-05-02 00:00:00,A,921
13998,25153,2024-07-18 00:00:00,A,968
13999,25154,2024-07-08 00:00:00,C,384
14000,25156,2025-08-28 00:00:00,A,656
14001,25158,2026-02-18 00:00:00,A,707
14002,25160,2024-03-01 00:00:00,A,72
14003,25162,2026-07-13 00:00:00,A,388
14004,25164,2025-09-25 00:00:00,A,1183
14005,25165,2025-03-20 00:00:00,A,716
14006,25167,2025-03-09 00:00:00,A,258
14007,25168,2026-02-23 00:00:00,A,1222
14008,25169,2025-08-11 00:00:00,A,1305
14009,25171,2023-10-07 00:00:00,C,634
14010,25172,2024-01-30 00:00:00,C,109
14011,25173,2024-10-24 00:00:00,A,517
14012,25175,2024-05-17 00:00:00,A,1295
14013,25177,2023-12-11 00:00:00,A,582
14014,25178,2026-07-13 00:00:00,A,838
14015,25179,2025-11-02 00:00:00,A,189
14016,25182,2025-12-09 00:00:00,A,326
14017,25183,2024-04-03 00:00:00,C,454
14018,25184,2023-05-26 00:00:00,C,1171
14019,25187,2024-10-08 00:00:00,A,887
14020,25188,2025-01-27 00:00:00,C,1288
14021,25190,2024-03-19 00:00:00,C,770
14022,25191,2024-04-13 00:00:00,A,296
14023,25192,2025-07-20 00:00:00,A,424
14024,25194,2023-12-08 00:00:00,A,1332
14025,25196,2025-05-02 00:00:00,C,935
14026,25197,2023-10-14 00:00:00,A,718
14027,25203,2025-01-25 00:00:00,A,636
14028,25204,2023-10-06 00:00:00,B,1043
14029,25205,2025-11-30 00:00:00,A,263
14030,25206,2026-07-13 00:00:00,B,969
14031,25208,2025-10-19 00:00:00,C,354
14032,25211,2026-01-03 00:00:00,A,1283
14033,25212,2026-07-13 00:00:00,A,849
14034,25214,2025-09-14 00:00:00,A,280
14035,25215,2026-07-13 00:00:00,C,211
14036,25216,2024-05-19 00:00:00,C,476
14037,25218,2024-03-01 00:00:00,A,611
14038,25220,2025-01-17 00:00:00,A,1291
14039,25226,2024-06-24 00:00:00,A,933
14040,25228,2025-09-29 00:00:00,C,45
14041,25230,2024-08-17 00:00:00,C,235
14042,25234,2025-02-13 00:00:00,A,727
14043,25235,2026-07-13 00:00:00,C,275
14044,25236,2025-03-27 00:00:00,A,493
14045,25238,2025-04-07 00:00:00,A,1017
14046,25239,2025-05-08 00:00:00,C,1058
14047,25244,2024-09-30 00:00:00,C,1097
14048,25246,2025-03-21 00:00:00,A,1097
14049,25247,2023-09-09 00:00:00,C,1205
14050,25248,2025-09-14 00:00:00,A,78
14051,25249,2023-06-28 00:00:00,A,1233
14052,25250,2026-07-13 00:00:00,A,474
14053,25251,2024-01-23 00:00:00,A,1169
14054,25253,2024-12-17 00:00:00,A,655
14055,25254,2025-10-11 00:00:00,B,497
14056,25256,2024-07-08 00:00:00,A,122
14057,25258,2025-08-02 00:00:00,C,1023
14058,25260,2025-05-31 00:00:00,A,1180
14059,25262,2023-10-28 00:00:00,C,1223
14060,25263,2024-02-18 00:00:00,A,771
14061,25264,2023-11-03 00:00:00,A,653
14062,25265,2023-12-27 00:00:00,C,203
14063,25266,2026-05-12 00:00:00,C,1187
14064,25267,2024-05-03 00:00:00,A,800
14065,25268,2025-11-12 00:00:00,A,175
14066,25269,2026-04-24 00:00:00,A,621
14067,25270,2024-05-31 00:00:00,C,891
14068,25272,2026-07-13 00:00:00,A,658
14069,25275,2024-12-25 00:00:00,A,1078
14070,25276,2024-04-16 00:00:00,A,278
14071,25277,2026-04-08 00:00:00,A,673
14072,25278,2024-02-09 00:00:00,A,10
14073,25279,2026-05-01 00:00:00,A,1078
14074,25280,2025-06-17 00:00:00,B,262
14075,25281,2026-01-03 00:00:00,C,281
14076,25282,2026-07-07 00:00:00,A,1041
14077,25284,2026-02-19 00:00:00,A,821
14078,25285,2023-04-09 00:00:00,A,1047
14079,25286,2024-06-13 00:00:00,C,591
14080,25288,2025-05-09 00:00:00,A,546
14081,25290,2024-04-06 00:00:00,C,1313
14082,25291,2023-09-20 00:00:00,A,613
14083,25294,2023-07-26 00:00:00,A,956
14084,25296,2026-07-13 00:00:00,A,142
14085,25297,2025-08-28 00:00:00,B,540
14086,25298,2026-03-01 00:00:00,B,683
14087,25299,2023-11-15 00:00:00,A,1293
14088,25300,2023-11-28 00:00:00,A,297
14089,25303,2023-04-19 00:00:00,A,608
14090,25305,2023-11-08 00:00:00,A,1281
14091,25306,2025-09-28 00:00:00,A,1308
14092,25307,2024-04-29 00:00:00,A,144
14093,25308,2026-07-13 00:00:00,B,657
14094,25309,2026-07-13 00:00:00,B,1255
14095,25311,2023-11-04 00:00:00,A,1316
14096,25312,2023-11-26 00:00:00,A,144
14097,25313,2023-09-21 00:00:00,C,666
14098,25314,2023-08-11 00:00:00,A,1294
14099,25316,2023-07-23 00:00:00,A,185
14100,25319,2025-02-06 00:00:00,C,875
14101,25321,2025-03-29 00:00:00,A,1336
14102,25322,2026-06-10 00:00:00,A,899
14103,25324,2025-11-16 00:00:00,A,317
14104,25326,2026-07-13 00:00:00,A,106
14105,25330,2025-03-09 00:00:00,A,1301
14106,25331,2025-01-23 00:00:00,A,392
14107,25332,2024-10-07 00:00:00,C,444
14108,25335,2023-07-11 00:00:00,B,941
14109,25338,2025-10-07 00:00:00,A,1031
14110,25341,2024-10-13 00:00:00,A,267
14111,25343,2023-12-12 00:00:00,C,528
14112,25345,2023-04-12 00:00:00,A,197
14113,25349,2024-03-12 00:00:00,A,232
14114,25350,2026-03-02 00:00:00,A,731
14115,25352,2024-12-21 00:00:00,A,619
14116,25354,2023-12-31 00:00:00,A,1037
14117,25355,2026-01-01 00:00:00,C,424
14118,25357,2024-05-31 00:00:00,B,795
14119,25359,2026-01-12 00:00:00,A,764
14120,25361,2026-07-13 00:00:00,A,197
14121,25362,2026-05-11 00:00:00,A,290
14122,25363,2024-05-31 00:00:00,A,285
14123,25364,2026-01-16 00:00:00,A,813
14124,25367,2026-02-13 00:00:00,A,406
14125,25368,2026-01-13 00:00:00,A,1324
14126,25370,2024-08-06 00:00:00,A,1019
14127,25371,2023-11-28 00:00:00,A,195
14128,25372,2024-07-04 00:00:00,A,371
14129,25373,2025-12-14 00:00:00,A,535
14130,25375,2024-03-25 00:00:00,C,726
14131,25376,2024-02-13 00:00:00,A,1011
14132,25377,2024-03-16 00:00:00,A,1130
14133,25378,2024-04-05 00:00:00,A,414
14134,25380,2025-03-17 00:00:00,A,84
14135,25381,2026-07-13 00:00:00,A,1120
14136,25382,2024-06-10 00:00:00,A,1034
14137,25383,2025-08-09 00:00:00,C,1074
14138,25384,2025-08-09 00:00:00,C,502
14139,25387,2023-11-22 00:00:00,A,856
14140,25388,2024-08-24 00:00:00,B,696
14141,25389,2023-11-10 00:00:00,A,262
14142,25390,2025-12-08 00:00:00,A,72
14143,25393,2025-01-18 00:00:00,A,26
14144,25394,2026-07-13 00:00:00,A,1294
14145,25396,2023-09-12 00:00:00,A,1208
14146,25397,2024-02-22 00:00:00,A,68
14147,25399,2023-11-25 00:00:00,A,1131
14148,25402,2023-05-04 00:00:00,A,485
14149,25403,2024-06-25 00:00:00,A,1177
14150,25404,2025-06-12 00:00:00,A,538
14151,25409,2026-07-13 00:00:00,A,1132
14152,25411,2023-07-27 00:00:00,A,1300
14153,25412,2026-07-13 00:00:00,A,451
14154,25413,2024-06-23 00:00:00,A,183
14155,25415,2025-04-28 00:00:00,C,997
14156,25422,2023-09-27 00:00:00,C,35
14157,25423,2026-03-25 00:00:00,C,641
14158,25425,2023-10-09 00:00:00,B,1072
14159,25426,2023-12-09 00:00:00,A,1187
14160,25428,2025-11-14 00:00:00,A,636
14161,25430,2024-11-20 00:00:00,A,521
14162,25433,2024-01-30 00:00:00,A,831
14163,25435,2026-06-24 00:00:00,C,1036
14164,25437,2025-01-30 00:00:00,A,30
14165,25438,2024-11-19 00:00:00,A,908
14166,25439,2023-06-18 00:00:00,A,687
14167,25440,2026-07-03 00:00:00,C,349
14168,25442,2025-05-24 00:00:00,A,1270
14169,25446,2025-12-06 00:00:00,A,1313
14170,25450,2023-06-27 00:00:00,A,477
14171,25451,2025-03-02 00:00:00,A,534
14172,25452,2025-11-22 00:00:00,A,179
14173,25453,2023-10-25 00:00:00,A,939
14174,25459,2024-02-23 00:00:00,A,1233
14175,25460,2023-06-16 00:00:00,A,321
14176,25461,2023-09-03 00:00:00,A,477
14177,25462,2023-10-05 00:00:00,A,817
14178,25465,2024-03-30 00:00:00,A,659
14179,25466,2026-07-03 00:00:00,A,56
14180,25467,2024-01-05 00:00:00,A,730
14181,25468,2024-09-02 00:00:00,A,620
14182,25470,2023-07-19 00:00:00,C,466
14183,25472,2023-11-19 00:00:00,A,264
14184,25473,2025-10-04 00:00:00,A,264
14185,25474,2023-08-10 00:00:00,A,252
14186,25475,2026-03-27 00:00:00,A,522
14187,25476,2026-07-13 00:00:00,C,727
14188,25477,2026-07-13 00:00:00,C,1
14189,25478,2025-10-28 00:00:00,A,889
14190,25479,2025-06-26 00:00:00,A,334
14191,25481,2025-02-01 00:00:00,A,462
14192,25482,2026-04-03 00:00:00,A,301
14193,25487,2026-05-26 00:00:00,C,762
14194,25490,2023-10-15 00:00:00,A,1324
14195,25491,2025-09-01 00:00:00,C,960
14196,25496,2024-04-20 00:00:00,B,65
14197,25500,2023-05-02 00:00:00,B,1290
14198,25503,2024-01-01 00:00:00,A,1309
14199,25504,2026-04-01 00:00:00,A,671
14200,25505,2026-02-05 00:00:00,C,1042
14201,25507,2023-04-27 00:00:00,A,437
14202,25508,2024-06-21 00:00:00,A,1135
14203,25510,2026-07-13 00:00:00,A,567
14204,25516,2026-05-19 00:00:00,A,1007
14205,25517,2024-02-29 00:00:00,A,1059
14206,25518,2024-10-28 00:00:00,A,839
14207,25521,2025-08-17 00:00:00,C,593
14208,25524,2024-06-14 00:00:00,C,1330
14209,25525,2023-09-03 00:00:00,A,256
14210,25530,2024-06-07 00:00:00,A,1174
14211,25533,2024-08-04 00:00:00,C,1237
14212,25535,2025-05-17 00:00:00,A,657
14213,25540,2026-04-03 00:00:00,A,950
14214,25545,2025-03-12 00:00:00,C,443
14215,25546,2025-12-08 00:00:00,C,1203
14216,25549,2023-11-29 00:00:00,C,875
14217,25550,2026-07-13 00:00:00,A,743
14218,25551,2026-07-13 00:00:00,A,385
14219,25552,2026-07-13 00:00:00,A,1303
14220,25553,2024-08-23 00:00:00,B,109
14221,25557,2025-03-25 00:00:00,B,225
14222,25559,2026-04-20 00:00:00,C,353
14223,25563,2025-07-08 00:00:00,C,704
14224,25564,2024-07-18 00:00:00,A,247
14225,25565,2024-09-10 00:00:00,C,189
14226,25566,2024-07-08 00:00:00,A,364
14227,25567,2026-03-22 00:00:00,C,842
14228,25568,2024-05-22 00:00:00,A,691
14229,25569,2025-03-21 00:00:00,A,397
14230,25570,2026-07-13 00:00:00,C,1213
14231,25571,2025-03-16 00:00:00,A,203
14232,25573,2026-07-13 00:00:00,A,709
14233,25574,2024-09-06 00:00:00,A,5
14234,25576,2026-07-13 00:00:00,C,1003
14235,25579,2025-02-26 00:00:00,A,1113
14236,25581,2025-01-27 00:00:00,A,357
14237,25582,2025-05-03 00:00:00,A,856
14238,25586,2025-03-24 00:00:00,C,635
14239,25588,2026-06-30 00:00:00,B,1177
14240,25594,2024-03-13 00:00:00,A,1003
14241,25595,2025-03-26 00:00:00,B,164
14242,25596,2026-07-13 00:00:00,C,735
14243,25597,2026-07-13 00:00:00,A,91
14244,25598,2024-09-12 00:00:00,C,654
14245,25599,2023-07-19 00:00:00,A,889
14246,25601,2024-01-21 00:00:00,C,576
14247,25602,2025-07-05 00:00:00,A,1294
14248,25603,2025-08-13 00:00:00,A,892
14249,25605,2024-08-18 00:00:00,A,1126
14250,25606,2026-07-13 00:00:00,C,714
14251,25608,2023-01-29 00:00:00,A,676
14252,25610,2024-01-09 00:00:00,A,210
14253,25612,2024-07-08 00:00:00,A,404
14254,25613,2025-07-23 00:00:00,A,1200
14255,25616,2026-06-18 00:00:00,A,574
14256,25617,2026-03-01 00:00:00,C,1057
14257,25618,2025-05-05 00:00:00,C,943
14258,25619,2024-12-22 00:00:00,A,1267
14259,25620,2025-06-25 00:00:00,A,350
14260,25621,2024-01-06 00:00:00,A,285
14261,25622,2024-12-19 00:00:00,A,1061
14262,25623,2023-07-02 00:00:00,A,59
14263,25628,2026-07-13 00:00:00,C,641
14264,25631,2024-03-05 00:00:00,A,1217
14265,25632,2026-07-13 00:00:00,A,41
14266,25635,2026-07-13 00:00:00,A,1006
14267,25637,2025-10-02 00:00:00,A,114
14268,25638,2025-07-06 00:00:00,A,1212
14269,25640,2025-10-09 00:00:00,A,1291
14270,25642,2026-04-20 00:00:00,B,630
14271,25650,2023-03-20 00:00:00,A,1123
14272,25651,2025-12-20 00:00:00,C,223
14273,25652,2024-11-14 00:00:00,A,1040
14274,25653,2023-09-09 00:00:00,A,370
14275,25656,2023-06-30 00:00:00,A,541
14276,25658,2025-09-22 00:00:00,A,548
14277,25661,2024-01-31 00:00:00,A,1113
14278,25663,2025-03-10 00:00:00,A,499
14279,25664,2024-02-05 00:00:00,A,759
14280,25665,2025-08-28 00:00:00,A,112
14281,25667,2024-04-29 00:00:00,C,576
14282,25670,2025-04-19 00:00:00,C,391
14283,25675,2026-01-20 00:00:00,B,1026
14284,25676,2025-12-23 00:00:00,A,849
14285,25678,2023-10-30 00:00:00,A,875
14286,25680,2024-08-25 00:00:00,A,381
14287,25683,2023-10-17 00:00:00,A,741
14288,25685,2026-04-17 00:00:00,A,947
14289,25686,2026-03-13 00:00:00,A,646
14290,25688,2023-11-07 00:00:00,C,85
14291,25689,2023-08-08 00:00:00,A,1195
14292,25691,2025-02-12 00:00:00,A,816
14293,25692,2026-03-27 00:00:00,A,224
14294,25693,2024-08-24 00:00:00,A,819
14295,25694,2026-01-31 00:00:00,B,1173
14296,25695,2024-09-03 00:00:00,B,585
14297,25696,2026-01-20 00:00:00,A,866
14298,25699,2025-12-05 00:00:00,A,41
14299,25702,2024-08-22 00:00:00,A,849
14300,25704,2025-01-10 00:00:00,C,1024
14301,25705,2025-12-13 00:00:00,A,1209
14302,25706,2026-06-19 00:00:00,C,896
14303,25707,2026-05-06 00:00:00,A,171
14304,25709,2026-05-16 00:00:00,B,608
14305,25710,2026-01-05 00:00:00,C,113
14306,25711,2026-04-04 00:00:00,A,654
14307,25712,2024-01-22 00:00:00,A,621
14308,25713,2025-08-26 00:00:00,A,505
14309,25714,2025-03-08 00:00:00,A,69
14310,25716,2026-07-13 00:00:00,A,207
14311,25717,2023-05-07 00:00:00,A,1315
14312,25720,2023-07-03 00:00:00,A,198
14313,25724,2025-11-22 00:00:00,B,579
14314,25727,2023-09-23 00:00:00,A,935
14315,25728,2025-02-01 00:00:00,C,1101
14316,25730,2024-10-18 00:00:00,A,1263
14317,25733,2026-07-13 00:00:00,A,535
14318,25734,2025-07-27 00:00:00,C,632
14319,25738,2026-05-30 00:00:00,A,180
14320,25739,2025-10-15 00:00:00,A,1027
14321,25740,2025-08-09 00:00:00,A,477
14322,25741,2026-07-13 00:00:00,C,857
14323,25742,2026-05-14 00:00:00,A,1299
14324,25743,2025-04-20 00:00:00,A,626
14325,25745,2026-01-10 00:00:00,A,337
14326,25746,2026-03-11 00:00:00,A,739
14327,25748,2024-07-18 00:00:00,A,1057
14328,25749,2023-06-02 00:00:00,A,304
14329,25751,2026-07-13 00:00:00,B,459
14330,25755,2025-11-17 00:00:00,B,471
14331,25756,2023-08-31 00:00:00,A,555
14332,25757,2024-05-23 00:00:00,B,1161
14333,25758,2024-01-30 00:00:00,A,39
14334,25759,2023-08-04 00:00:00,C,71
14335,25760,2025-06-18 00:00:00,A,791
14336,25762,2025-05-08 00:00:00,B,1258
14337,25763,2024-05-02 00:00:00,A,396
14338,25764,2024-07-10 00:00:00,C,378
14339,25770,2024-07-30 00:00:00,A,182
14340,25771,2025-08-11 00:00:00,C,1309
14341,25772,2025-06-05 00:00:00,B,1312
14342,25773,2025-02-27 00:00:00,A,1143
14343,25776,2026-07-13 00:00:00,A,538
14344,25780,2026-06-15 00:00:00,A,203
14345,25784,2026-07-13 00:00:00,A,670
14346,25785,2025-05-20 00:00:00,A,850
14347,25786,2026-07-13 00:00:00,B,173
14348,25787,2025-06-21 00:00:00,A,1288
14349,25788,2024-09-18 00:00:00,A,94
14350,25789,2025-11-22 00:00:00,A,363
14351,25790,2023-10-07 00:00:00,A,1
14352,25791,2026-06-12 00:00:00,A,208
14353,25793,2024-08-28 00:00:00,A,581
14354,25795,2024-09-13 00:00:00,A,550
14355,25796,2024-11-26 00:00:00,A,1287
14356,25797,2024-01-18 00:00:00,A,1231
14357,25798,2026-02-13 00:00:00,A,677
14358,25800,2024-01-10 00:00:00,A,210
14359,25801,2024-02-19 00:00:00,A,16
14360,25802,2026-05-24 00:00:00,A,193
14361,25804,2026-07-13 00:00:00,A,886
14362,25805,2025-02-07 00:00:00,A,40
14363,25807,2025-02-22 00:00:00,A,627
14364,25811,2025-06-16 00:00:00,A,240
14365,25815,2024-09-09 00:00:00,A,728
14366,25818,2025-03-20 00:00:00,A,1035
14367,25819,2025-03-22 00:00:00,C,916
14368,25820,2023-12-21 00:00:00,A,611
14369,25821,2023-12-23 00:00:00,A,460
14370,25823,2024-01-25 00:00:00,A,999
14371,25824,2026-06-20 00:00:00,A,543
14372,25825,2024-11-30 00:00:00,B,1316
14373,25826,2025-01-10 00:00:00,C,145
14374,25828,2023-12-24 00:00:00,A,192
14375,25829,2023-07-23 00:00:00,A,1009
14376,25832,2026-07-13 00:00:00,A,275
14377,25833,2026-05-09 00:00:00,A,409
14378,25835,2025-10-29 00:00:00,A,390
14379,25836,2026-07-13 00:00:00,C,1130
14380,25838,2023-06-19 00:00:00,A,496
14381,25840,2025-01-19 00:00:00,A,1070
14382,25841,2024-02-23 00:00:00,C,720
14383,25842,2026-07-13 00:00:00,A,1251
14384,25843,2025-02-28 00:00:00,C,383
14385,25844,2023-12-31 00:00:00,A,68
14386,25845,2023-06-27 00:00:00,C,24
14387,25847,2024-09-07 00:00:00,A,633
14388,25849,2024-10-06 00:00:00,C,1214
14389,25851,2023-04-08 00:00:00,A,207
14390,25853,2024-12-27 00:00:00,A,1000
14391,25854,2026-07-13 00:00:00,A,837
14392,25855,2026-05-31 00:00:00,B,88
14393,25858,2023-12-18 00:00:00,A,927
14394,25859,2025-10-09 00:00:00,B,693
14395,25860,2025-12-11 00:00:00,C,1203
14396,25861,2023-12-07 00:00:00,C,893
14397,25862,2024-12-14 00:00:00,A,1185
14398,25863,2024-06-13 00:00:00,A,1041
14399,25864,2025-05-15 00:00:00,A,782
14400,25865,2024-10-10 00:00:00,C,221
14401,25866,2024-08-19 00:00:00,A,227
14402,25868,2025-07-18 00:00:00,B,860
14403,25871,2025-02-16 00:00:00,C,258
14404,25872,2025-03-27 00:00:00,A,530
14405,25879,2026-05-10 00:00:00,C,959
14406,25880,2024-09-12 00:00:00,A,516
14407,25881,2025-08-23 00:00:00,A,354
14408,25882,2023-09-27 00:00:00,A,306
14409,25883,2026-07-13 00:00:00,C,1325
14410,25884,2026-07-13 00:00:00,C,206
14411,25888,2026-07-13 00:00:00,A,174
14412,25889,2026-07-13 00:00:00,A,1017
14413,25890,2024-01-15 00:00:00,C,242
14414,25892,2025-06-11 00:00:00,A,371
14415,25896,2025-03-04 00:00:00,C,122
14416,25897,2023-11-29 00:00:00,C,33
14417,25899,2023-12-16 00:00:00,A,679
14418,25901,2023-12-04 00:00:00,A,740
14419,25902,2025-03-03 00:00:00,A,54
14420,25903,2023-03-22 00:00:00,A,719
14421,25904,2026-03-04 00:00:00,C,199
14422,25906,2025-06-02 00:00:00,C,966
14423,25907,2026-04-14 00:00:00,A,1307
14424,25908,2025-04-13 00:00:00,A,37
14425,25909,2025-07-12 00:00:00,C,214
14426,25911,2024-09-25 00:00:00,B,946
14427,25912,2025-09-29 00:00:00,B,292
14428,25913,2026-03-24 00:00:00,A,127
14429,25914,2026-07-13 00:00:00,A,429
14430,25922,2024-05-28 00:00:00,A,667
14431,25925,2025-12-16 00:00:00,A,1128
14432,25927,2025-06-23 00:00:00,A,398
14433,25929,2023-07-23 00:00:00,C,298
14434,25930,2023-10-04 00:00:00,A,637
14435,25932,2023-04-30 00:00:00,A,308
14436,25933,2023-06-18 00:00:00,A,1124
14437,25934,2024-11-08 00:00:00,A,169
14438,25935,2025-01-23 00:00:00,C,386
14439,25936,2024-04-09 00:00:00,A,870
14440,25937,2024-01-09 00:00:00,B,829
14441,25938,2024-04-06 00:00:00,A,931
14442,25939,2025-03-17 00:00:00,A,141
14443,25943,2024-06-16 00:00:00,A,720
14444,25947,2024-05-20 00:00:00,A,1247
14445,25948,2023-12-24 00:00:00,A,325
14446,25949,2024-04-15 00:00:00,A,184
14447,25950,2024-01-03 00:00:00,C,942
14448,25951,2025-09-17 00:00:00,C,661
14449,25952,2026-05-16 00:00:00,A,482
14450,25954,2023-11-07 00:00:00,A,672
14451,25957,2024-10-10 00:00:00,A,554
14452,25961,2024-12-01 00:00:00,B,644
14453,25962,2025-12-06 00:00:00,A,394
14454,25963,2024-04-05 00:00:00,A,1103
14455,25964,2023-08-18 00:00:00,A,1271
14456,25965,2023-06-10 00:00:00,B,1137
14457,25968,2023-11-13 00:00:00,B,1334
14458,25969,2024-03-12 00:00:00,A,16
14459,25970,2023-12-24 00:00:00,B,510
14460,25972,2024-04-14 00:00:00,A,1221
14461,25975,2025-12-20 00:00:00,B,487
14462,25976,2025-03-27 00:00:00,A,790
14463,25977,2023-11-09 00:00:00,A,1024
14464,25978,2023-03-25 00:00:00,A,694
14465,25979,2025-11-13 00:00:00,A,89
14466,25981,2025-12-23 00:00:00,A,1163
14467,25982,2026-07-02 00:00:00,A,416
14468,25986,2025-11-16 00:00:00,A,909
14469,25988,2026-01-27 00:00:00,A,1127
14470,25989,2025-10-31 00:00:00,B,741
14471,25991,2026-07-13 00:00:00,A,1154
14472,25993,2023-12-13 00:00:00,A,1168
14473,25994,2024-02-16 00:00:00,A,147
14474,25995,2024-08-15 00:00:00,B,476
14475,25998,2026-01-18 00:00:00,A,422
14476,26000,2025-07-02 00:00:00,A,1149
14477,26001,2025-08-18 00:00:00,C,658
14478,26004,2024-03-03 00:00:00,A,1184
14479,26005,2025-10-17 00:00:00,A,93
14480,26008,2025-09-02 00:00:00,A,1143
14481,26009,2025-09-24 00:00:00,A,829
14482,26010,2023-11-15 00:00:00,A,864
14483,26011,2025-05-11 00:00:00,A,232
14484,26015,2024-05-12 00:00:00,B,513
14485,26017,2023-08-05 00:00:00,A,745
14486,26019,2026-03-23 00:00:00,A,1222
14487,26020,2024-06-14 00:00:00,C,389
14488,26021,2023-11-13 00:00:00,A,192
14489,26022,2025-12-31 00:00:00,A,983
14490,26024,2025-02-01 00:00:00,A,1000
14491,26025,2024-07-30 00:00:00,A,165
14492,26026,2024-10-01 00:00:00,B,702
14493,26027,2025-07-15 00:00:00,A,436
14494,26029,2024-12-17 00:00:00,A,353
14495,26031,2024-11-25 00:00:00,A,724
14496,26035,2024-03-14 00:00:00,A,1051
14497,26040,2024-04-10 00:00:00,B,540
14498,26043,2024-11-11 00:00:00,A,175
14499,26045,2024-08-18 00:00:00,A,1080
14500,26046,2025-02-24 00:00:00,A,939
14501,26049,2023-09-09 00:00:00,A,142
14502,26050,2024-09-26 00:00:00,A,1109
14503,26053,2026-07-10 00:00:00,A,466
14504,26054,2024-02-01 00:00:00,A,457
14505,26055,2025-04-13 00:00:00,A,542
14506,26056,2026-07-13 00:00:00,C,1039
14507,26058,2024-09-19 00:00:00,C,608
14508,26059,2025-09-03 00:00:00,C,1301
14509,26060,2025-10-20 00:00:00,A,1041
14510,26061,2025-04-16 00:00:00,A,1226
14511,26062,2025-02-13 00:00:00,A,738
14512,26063,2024-05-04 00:00:00,A,351
14513,26064,2023-08-06 00:00:00,B,395
14514,26068,2023-07-12 00:00:00,A,68
14515,26069,2025-01-25 00:00:00,A,686
14516,26070,2024-11-14 00:00:00,A,188
14517,26073,2026-06-17 00:00:00,C,1084
14518,26075,2023-06-10 00:00:00,A,405
14519,26077,2025-06-16 00:00:00,A,160
14520,26078,2026-04-23 00:00:00,C,238
14521,26079,2025-01-13 00:00:00,A,826
14522,26080,2026-04-25 00:00:00,A,137
14523,26081,2025-09-14 00:00:00,A,1104
14524,26085,2025-12-13 00:00:00,A,619
14525,26086,2023-06-02 00:00:00,A,17
14526,26087,2023-02-14 00:00:00,A,1105
14527,26088,2024-04-19 00:00:00,A,133
14528,26090,2025-10-06 00:00:00,A,541
14529,26092,2026-07-13 00:00:00,A,480
14530,26095,2025-10-25 00:00:00,A,289
14531,26096,2024-03-21 00:00:00,B,1223
14532,26097,2025-11-03 00:00:00,A,1247
14533,26098,2025-01-18 00:00:00,C,340
14534,26099,2024-04-16 00:00:00,A,1270
14535,26101,2023-08-27 00:00:00,A,834
14536,26102,2023-05-08 00:00:00,A,19
14537,26110,2024-07-07 00:00:00,A,1105
14538,26111,2026-07-13 00:00:00,B,1309
14539,26112,2026-07-13 00:00:00,A,916
14540,26114,2024-03-12 00:00:00,C,1160
14541,26115,2026-01-25 00:00:00,A,1174
14542,26121,2025-02-24 00:00:00,A,76
14543,26122,2024-11-14 00:00:00,A,642
14544,26124,2026-07-13 00:00:00,C,717
14545,26125,2024-01-04 00:00:00,A,440
14546,26127,2025-02-22 00:00:00,A,1068
14547,26129,2023-03-18 00:00:00,A,764
14548,26130,2025-12-28 00:00:00,A,346
14549,26131,2025-08-08 00:00:00,A,1235
14550,26132,2023-11-23 00:00:00,A,848
14551,26134,2025-10-08 00:00:00,A,137
14552,26136,2025-12-02 00:00:00,A,406
14553,26139,2025-06-07 00:00:00,A,1022
14554,26144,2023-12-30 00:00:00,B,715
14555,26146,2024-02-29 00:00:00,A,285
14556,26147,2025-10-12 00:00:00,C,1074
14557,26151,2023-11-17 00:00:00,A,1186
14558,26153,2024-02-21 00:00:00,A,1136
14559,26154,2026-06-03 00:00:00,A,640
14560,26158,2023-10-29 00:00:00,C,1286
14561,26160,2023-06-03 00:00:00,A,1301
14562,26166,2025-06-16 00:00:00,A,32
14563,26167,2025-08-18 00:00:00,C,1191
14564,26168,2026-07-13 00:00:00,C,310
14565,26169,2023-09-02 00:00:00,A,44
14566,26171,2025-05-04 00:00:00,A,516
14567,26173,2025-03-08 00:00:00,A,1179
14568,26176,2026-07-13 00:00:00,C,900
14569,26177,2026-07-12 00:00:00,A,1117
14570,26180,2024-02-11 00:00:00,A,931
14571,26185,2024-12-18 00:00:00,B,132
14572,26186,2024-02-01 00:00:00,C,224
14573,26188,2026-03-13 00:00:00,A,1143
14574,26190,2025-12-22 00:00:00,A,287
14575,26191,2023-07-16 00:00:00,B,540
14576,26192,2025-10-21 00:00:00,A,808
14577,26198,2026-07-13 00:00:00,A,63
14578,26200,2025-12-18 00:00:00,A,1129
14579,26201,2024-02-10 00:00:00,C,263
14580,26202,2023-09-23 00:00:00,C,375
14581,26203,2025-08-22 00:00:00,A,1005
14582,26204,2023-06-16 00:00:00,A,1047
14583,26205,2025-02-19 00:00:00,A,26
14584,26206,2026-07-13 00:00:00,C,163
14585,26209,2026-01-08 00:00:00,A,106
14586,26210,2024-03-14 00:00:00,A,1108
14587,26211,2026-03-08 00:00:00,B,50
14588,26212,2025-11-04 00:00:00,A,550
14589,26213,2023-08-12 00:00:00,A,294
14590,26217,2024-10-15 00:00:00,A,1113
14591,26221,2025-11-12 00:00:00,A,1073
14592,26222,2024-04-03 00:00:00,C,1328
14593,26223,2024-08-30 00:00:00,A,1066
14594,26224,2026-02-20 00:00:00,A,3
14595,26225,2026-07-13 00:00:00,C,854
14596,26228,2023-08-09 00:00:00,B,181
14597,26229,2025-05-28 00:00:00,A,784
14598,26230,2025-10-28 00:00:00,A,457
14599,26232,2024-07-29 00:00:00,A,181
14600,26233,2026-07-13 00:00:00,A,171
14601,26235,2025-07-25 00:00:00,A,185
14602,26238,2025-01-13 00:00:00,A,830
14603,26239,2024-11-17 00:00:00,A,44
14604,26240,2025-12-30 00:00:00,C,12
14605,26243,2023-08-19 00:00:00,C,265
14606,26245,2026-03-17 00:00:00,A,712
14607,26246,2025-01-31 00:00:00,A,751
14608,26247,2026-07-13 00:00:00,C,111
14609,26248,2023-12-18 00:00:00,B,1285
14610,26250,2025-07-14 00:00:00,C,305
14611,26254,2026-07-13 00:00:00,A,1207
14612,26255,2026-02-15 00:00:00,A,1133
14613,26257,2024-01-10 00:00:00,A,169
14614,26259,2023-10-19 00:00:00,C,1104
14615,26261,2023-07-31 00:00:00,A,712
14616,26265,2024-08-30 00:00:00,A,338
14617,26267,2024-12-24 00:00:00,A,45
14618,26268,2026-07-13 00:00:00,A,541
14619,26269,2025-09-22 00:00:00,A,463
14620,26270,2025-01-23 00:00:00,A,1304
14621,26271,2024-09-06 00:00:00,C,688
14622,26274,2026-07-13 00:00:00,C,864
14623,26276,2025-02-01 00:00:00,A,588
14624,26277,2024-04-15 00:00:00,A,88
14625,26280,2026-05-23 00:00:00,A,415
14626,26281,2024-03-05 00:00:00,A,892
14627,26283,2024-05-23 00:00:00,A,545
14628,26288,2026-01-14 00:00:00,A,187
14629,26289,2024-12-01 00:00:00,C,411
14630,26290,2025-07-01 00:00:00,A,394
14631,26292,2023-08-08 00:00:00,A,808
14632,26293,2024-09-27 00:00:00,B,932
14633,26294,2025-12-25 00:00:00,B,167
14634,26298,2025-03-05 00:00:00,A,519
14635,26299,2023-07-01 00:00:00,A,731
14636,26301,2024-08-01 00:00:00,A,544
14637,26303,2024-02-04 00:00:00,A,436
14638,26305,2024-07-07 00:00:00,A,143
14639,26306,2026-06-01 00:00:00,A,1191
14640,26308,2024-01-25 00:00:00,A,683
14641,26310,2026-03-13 00:00:00,A,571
14642,26312,2024-08-22 00:00:00,A,717
14643,26314,2024-11-16 00:00:00,A,766
14644,26318,2026-07-13 00:00:00,C,1312
14645,26320,2025-02-26 00:00:00,A,806
14646,26321,2024-05-21 00:00:00,A,800
14647,26324,2025-02-24 00:00:00,A,923
14648,26325,2025-12-10 00:00:00,A,665
14649,26326,2024-04-03 00:00:00,A,693
14650,26327,2023-11-14 00:00:00,A,98
14651,26328,2026-01-06 00:00:00,A,768
14652,26329,2023-06-03 00:00:00,A,282
14653,26330,2026-07-13 00:00:00,A,1180
14654,26333,2023-07-26 00:00:00,C,795
14655,26335,2023-10-15 00:00:00,C,23
14656,26336,2026-02-07 00:00:00,A,568
14657,26337,2026-07-13 00:00:00,A,216
14658,26339,2025-09-13 00:00:00,A,901
14659,26341,2025-07-08 00:00:00,A,831
14660,26342,2026-07-13 00:00:00,C,1103
14661,26344,2025-05-31 00:00:00,B,1294
14662,26345,2026-06-01 00:00:00,A,1175
14663,26346,2026-07-02 00:00:00,C,903
14664,26348,2026-04-11 00:00:00,A,795
14665,26349,2024-07-22 00:00:00,B,323
14666,26350,2023-10-25 00:00:00,A,1160
14667,26352,2024-12-25 00:00:00,A,194
14668,26353,2024-05-19 00:00:00,A,1081
14669,26354,2024-08-02 00:00:00,A,856
14670,26357,2024-09-28 00:00:00,A,729
14671,26358,2025-11-24 00:00:00,C,200
14672,26359,2024-04-26 00:00:00,A,1113
14673,26360,2026-06-28 00:00:00,A,689
14674,26361,2024-05-07 00:00:00,C,299
14675,26362,2024-09-26 00:00:00,A,1145
14676,26364,2025-02-03 00:00:00,B,273
14677,26367,2026-07-12 00:00:00,A,7
14678,26368,2024-09-09 00:00:00,A,543
14679,26370,2023-08-22 00:00:00,A,522
14680,26371,2024-03-18 00:00:00,A,454
14681,26372,2024-03-22 00:00:00,A,104
14682,26374,2025-03-14 00:00:00,A,860
14683,26375,2026-07-13 00:00:00,A,118
14684,26376,2024-07-14 00:00:00,A,1121
14685,26377,2025-03-04 00:00:00,A,788
14686,26379,2023-10-21 00:00:00,C,334
14687,26380,2026-06-15 00:00:00,A,1060
14688,26381,2025-12-21 00:00:00,A,1214
14689,26382,2023-06-08 00:00:00,B,510
14690,26383,2025-05-03 00:00:00,C,112
14691,26385,2025-02-19 00:00:00,A,883
14692,26386,2023-04-27 00:00:00,A,816
14693,26387,2026-05-18 00:00:00,A,1100
14694,26388,2025-10-01 00:00:00,A,1152
14695,26389,2024-09-02 00:00:00,A,1189
14696,26390,2024-09-07 00:00:00,A,1261
14697,26391,2025-04-14 00:00:00,A,564
14698,26392,2026-05-02 00:00:00,C,821
14699,26393,2026-07-13 00:00:00,A,552
14700,26395,2023-08-22 00:00:00,B,242
14701,26396,2025-12-12 00:00:00,A,67
14702,26399,2025-08-10 00:00:00,A,366
14703,26400,2023-05-17 00:00:00,A,1275
14704,26402,2024-12-28 00:00:00,C,1139
14705,26403,2026-07-13 00:00:00,C,761
14706,26404,2024-11-20 00:00:00,A,531
14707,26407,2026-01-19 00:00:00,A,124
14708,26408,2024-01-04 00:00:00,A,654
14709,26409,2023-03-17 00:00:00,A,341
14710,26410,2026-03-25 00:00:00,A,648
14711,26411,2024-02-21 00:00:00,B,244
14712,26414,2025-05-28 00:00:00,A,414
14713,26416,2025-01-11 00:00:00,B,1188
14714,26417,2025-04-12 00:00:00,A,1114
14715,26418,2023-04-29 00:00:00,A,1114
14716,26421,2024-04-24 00:00:00,A,761
14717,26423,2023-07-25 00:00:00,A,125
14718,26424,2025-07-28 00:00:00,A,775
14719,26426,2023-03-08 00:00:00,A,302
14720,26427,2024-10-19 00:00:00,C,894
14721,26430,2023-09-15 00:00:00,A,463
14722,26431,2025-07-01 00:00:00,A,225
14723,26433,2026-04-11 00:00:00,A,155
14724,26437,2023-11-13 00:00:00,C,414
14725,26438,2025-10-20 00:00:00,A,883
14726,26442,2025-04-03 00:00:00,C,906
14727,26444,2024-10-27 00:00:00,A,341
14728,26445,2024-04-18 00:00:00,A,1232
14729,26446,2026-02-07 00:00:00,C,773
14730,26450,2025-01-06 00:00:00,A,1238
14731,26451,2025-07-11 00:00:00,A,948
14732,26453,2025-05-10 00:00:00,A,1162
14733,26456,2025-10-12 00:00:00,A,1288
14734,26457,2024-03-14 00:00:00,A,989
14735,26459,2024-02-08 00:00:00,A,18
14736,26460,2023-09-07 00:00:00,A,900
14737,26462,2025-02-25 00:00:00,A,1047
14738,26463,2025-10-09 00:00:00,A,1134
14739,26464,2024-05-23 00:00:00,A,815
14740,26466,2024-10-26 00:00:00,A,344
14741,26469,2024-09-30 00:00:00,A,1152
14742,26470,2024-10-21 00:00:00,A,340
14743,26471,2025-09-13 00:00:00,A,41
14744,26472,2026-07-13 00:00:00,C,1019
14745,26476,2024-09-10 00:00:00,A,1062
14746,26479,2024-01-12 00:00:00,A,1054
14747,26480,2025-06-06 00:00:00,A,669
14748,26481,2023-04-03 00:00:00,A,3
14749,26483,2026-07-13 00:00:00,A,477
14750,26484,2026-07-13 00:00:00,A,574
14751,26486,2026-03-13 00:00:00,A,945
14752,26487,2025-11-20 00:00:00,A,509
14753,26489,2026-07-13 00:00:00,C,1129
14754,26493,2025-03-14 00:00:00,C,650
14755,26494,2024-02-02 00:00:00,A,1023
14756,26495,2025-04-28 00:00:00,A,544
14757,26498,2024-02-22 00:00:00,A,831
14758,26499,2026-04-30 00:00:00,A,324
14759,26501,2026-07-06 00:00:00,B,885
14760,26503,2026-05-11 00:00:00,A,1197
14761,26504,2025-05-28 00:00:00,A,145
14762,26507,2025-07-10 00:00:00,A,891
14763,26510,2026-06-24 00:00:00,C,630
14764,26511,2025-06-01 00:00:00,A,398
14765,26513,2024-01-20 00:00:00,A,427
14766,26515,2024-08-06 00:00:00,A,974
14767,26516,2026-04-29 00:00:00,A,1157
14768,26519,2023-03-14 00:00:00,A,535
14769,26521,2026-07-13 00:00:00,A,862
14770,26522,2026-05-26 00:00:00,A,741
14771,26523,2026-02-21 00:00:00,A,1088
14772,26524,2023-12-06 00:00:00,A,233
14773,26525,2025-07-31 00:00:00,A,1103
14774,26528,2023-10-20 00:00:00,A,943
14775,26530,2025-05-31 00:00:00,C,1130
14776,26531,2026-07-13 00:00:00,C,9
14777,26532,2025-06-24 00:00:00,A,555
14778,26533,2024-08-25 00:00:00,B,534
14779,26535,2024-05-10 00:00:00,A,1157
14780,26536,2026-03-28 00:00:00,A,526
14781,26537,2025-10-27 00:00:00,B,675
14782,26540,2024-10-12 00:00:00,A,143
14783,26541,2024-11-16 00:00:00,A,765
14784,26542,2023-11-30 00:00:00,A,248
14785,26546,2025-09-27 00:00:00,A,271
14786,26547,2024-10-31 00:00:00,C,801
14787,26548,2025-07-30 00:00:00,C,483
14788,26549,2024-11-15 00:00:00,A,373
14789,26550,2024-04-25 00:00:00,A,874
14790,26551,2026-06-20 00:00:00,C,368
14791,26552,2026-02-08 00:00:00,A,1176
14792,26554,2026-07-13 00:00:00,A,498
14793,26557,2026-01-13 00:00:00,A,1201
14794,26558,2024-06-02 00:00:00,A,2
14795,26560,2024-11-24 00:00:00,C,1130
14796,26561,2025-04-21 00:00:00,A,86
14797,26564,2026-07-13 00:00:00,A,1130
14798,26565,2026-07-13 00:00:00,A,1323
14799,26567,2026-05-19 00:00:00,A,168
14800,26569,2024-09-17 00:00:00,A,1042
14801,26570,2026-05-02 00:00:00,A,444
14802,26573,2023-02-26 00:00:00,A,311
14803,26575,2026-04-14 00:00:00,A,743
14804,26576,2023-12-09 00:00:00,A,1197
14805,26577,2025-04-11 00:00:00,B,854
14806,26578,2023-11-09 00:00:00,A,712
14807,26581,2025-05-14 00:00:00,A,563
14808,26583,2025-04-17 00:00:00,B,40
14809,26585,2024-10-18 00:00:00,A,901
14810,26587,2026-06-03 00:00:00,A,107
14811,26588,2026-07-13 00:00:00,A,195
14812,26589,2024-04-22 00:00:00,A,960
14813,26590,2026-01-22 00:00:00,A,594
14814,26591,2026-07-13 00:00:00,A,1021
14815,26592,2023-12-02 00:00:00,C,201
14816,26593,2025-05-22 00:00:00,A,148
14817,26594,2023-07-11 00:00:00,A,1241
14818,26596,2026-05-29 00:00:00,A,961
14819,26600,2025-04-23 00:00:00,A,427
14820,26601,2026-07-13 00:00:00,C,1128
14821,26606,2024-09-29 00:00:00,A,1021
14822,26612,2025-12-22 00:00:00,A,968
14823,26613,2025-05-08 00:00:00,C,3
14824,26614,2024-03-28 00:00:00,C,154
14825,26615,2024-05-16 00:00:00,C,971
14826,26618,2024-04-02 00:00:00,C,37
14827,26619,2023-02-22 00:00:00,A,863
14828,26620,2026-04-11 00:00:00,A,1312
14829,26621,2025-04-11 00:00:00,A,413
14830,26624,2025-10-09 00:00:00,A,91
14831,26625,2025-10-26 00:00:00,A,492
14832,26626,2024-06-14 00:00:00,A,699
14833,26629,2026-01-01 00:00:00,A,1076
14834,26630,2025-08-01 00:00:00,A,634
14835,26633,2024-06-07 00:00:00,A,587
14836,26634,2025-02-10 00:00:00,A,301
14837,26635,2025-07-31 00:00:00,A,22
14838,26637,2025-12-26 00:00:00,A,1072
14839,26639,2025-11-24 00:00:00,A,718
14840,26640,2026-02-26 00:00:00,C,129
14841,26644,2024-07-06 00:00:00,A,214
14842,26645,2024-05-17 00:00:00,C,1208
14843,26646,2024-04-28 00:00:00,B,576
14844,26648,2023-05-08 00:00:00,A,587
14845,26649,2025-12-31 00:00:00,A,922
14846,26651,2024-01-28 00:00:00,C,268
14847,26652,2024-11-20 00:00:00,C,1275
14848,26653,2024-12-24 00:00:00,A,341
14849,26654,2023-12-03 00:00:00,A,1143
14850,26655,2026-01-17 00:00:00,C,188
14851,26656,2026-03-29 00:00:00,C,790
14852,26657,2026-07-02 00:00:00,A,989
14853,26659,2026-07-13 00:00:00,A,263
14854,26660,2026-05-14 00:00:00,A,378
14855,26661,2025-12-17 00:00:00,A,654
14856,26666,2025-10-18 00:00:00,B,1322
14857,26668,2024-11-05 00:00:00,A,532
14858,26669,2025-04-05 00:00:00,A,182
14859,26670,2024-11-02 00:00:00,B,348
14860,26673,2025-05-17 00:00:00,A,364
14861,26674,2024-12-19 00:00:00,A,2
14862,26675,2025-11-24 00:00:00,A,137
14863,26676,2025-09-14 00:00:00,A,1034
14864,26677,2025-04-23 00:00:00,A,970
14865,26678,2023-09-28 00:00:00,A,908
14866,26680,2023-06-07 00:00:00,A,102
14867,26681,2023-12-14 00:00:00,C,162
14868,26683,2026-07-13 00:00:00,C,854
14869,26684,2025-02-09 00:00:00,A,357
14870,26685,2023-09-22 00:00:00,A,700
14871,26687,2024-12-23 00:00:00,A,285
14872,26688,2023-08-13 00:00:00,A,715
14873,26689,2025-03-05 00:00:00,A,519
14874,26690,2025-01-15 00:00:00,A,1009
14875,26691,2026-05-13 00:00:00,C,93
14876,26692,2025-07-07 00:00:00,C,866
14877,26695,2025-05-24 00:00:00,A,1088
14878,26696,2026-07-13 00:00:00,A,611
14879,26698,2025-06-06 00:00:00,C,1144
14880,26699,2026-02-03 00:00:00,A,387
14881,26700,2024-08-18 00:00:00,A,1216
14882,26704,2025-05-15 00:00:00,C,1310
14883,26706,2025-05-04 00:00:00,A,890
14884,26707,2024-07-28 00:00:00,A,642
14885,26708,2024-04-03 00:00:00,A,1242
14886,26710,2024-07-26 00:00:00,A,103
14887,26712,2026-07-13 00:00:00,C,911
14888,26713,2025-12-13 00:00:00,A,84
14889,26715,2024-06-20 00:00:00,A,268
14890,26716,2024-11-26 00:00:00,A,1221
14891,26717,2024-09-04 00:00:00,A,718
14892,26720,2026-07-13 00:00:00,A,472
14893,26723,2025-01-13 00:00:00,C,698
14894,26724,2024-02-14 00:00:00,A,898
14895,26726,2026-07-13 00:00:00,A,91
14896,26728,2024-08-25 00:00:00,A,899
14897,26731,2025-09-14 00:00:00,C,1132
14898,26733,2024-02-23 00:00:00,A,854
14899,26734,2024-07-12 00:00:00,C,452
14900,26735,2026-04-07 00:00:00,A,345
14901,26738,2024-06-14 00:00:00,A,478
14902,26743,2025-08-05 00:00:00,A,178
14903,26744,2024-01-01 00:00:00,C,257
14904,26745,2024-06-29 00:00:00,B,565
14905,26746,2025-03-23 00:00:00,A,1059
14906,26747,2024-03-06 00:00:00,A,1156
14907,26749,2024-01-23 00:00:00,C,536
14908,26750,2023-09-26 00:00:00,C,713
14909,26753,2023-11-18 00:00:00,C,632
14910,26756,2025-11-27 00:00:00,A,257
14911,26757,2024-12-17 00:00:00,A,58
14912,26759,2025-08-01 00:00:00,A,832
14913,26761,2025-05-18 00:00:00,A,508
14914,26763,2024-10-03 00:00:00,A,1190
14915,26769,2026-02-23 00:00:00,B,991
14916,26771,2023-09-05 00:00:00,A,538
14917,26772,2025-02-14 00:00:00,C,316
14918,26774,2024-07-30 00:00:00,A,605
14919,26776,2026-05-22 00:00:00,A,1056
14920,26777,2023-09-13 00:00:00,A,1044
14921,26781,2025-06-16 00:00:00,A,468
14922,26782,2025-12-12 00:00:00,A,650
14923,26784,2023-10-04 00:00:00,C,1208
14924,26785,2026-03-16 00:00:00,A,674
14925,26788,2025-02-04 00:00:00,A,526
14926,26789,2025-08-09 00:00:00,A,565
14927,26790,2025-04-13 00:00:00,C,619
14928,26791,2025-05-27 00:00:00,A,333
14929,26792,2024-07-03 00:00:00,A,1006
14930,26793,2025-02-11 00:00:00,C,871
14931,26795,2025-11-21 00:00:00,A,836
14932,26796,2026-06-07 00:00:00,A,114
14933,26798,2024-04-14 00:00:00,A,923
14934,26799,2023-09-10 00:00:00,A,808
14935,26800,2024-03-30 00:00:00,C,207
14936,26802,2023-10-08 00:00:00,A,541
14937,26803,2026-07-13 00:00:00,C,1209
14938,26805,2024-08-30 00:00:00,A,402
14939,26806,2023-07-20 00:00:00,C,124
14940,26807,2024-07-31 00:00:00,B,150
14941,26808,2026-01-27 00:00:00,A,262
14942,26809,2025-12-19 00:00:00,A,1082
14943,26811,2025-07-19 00:00:00,C,1258
14944,26812,2023-07-19 00:00:00,C,1089
14945,26813,2024-07-28 00:00:00,A,1226
14946,26816,2025-12-07 00:00:00,B,410
14947,26817,2024-02-29 00:00:00,A,978
14948,26820,2026-07-13 00:00:00,C,1157
14949,26821,2023-05-27 00:00:00,C,724
14950,26826,2024-06-17 00:00:00,A,13
14951,26828,2025-11-29 00:00:00,A,297
14952,26832,2024-02-27 00:00:00,A,242
14953,26833,2023-06-03 00:00:00,A,661
14954,26838,2024-03-08 00:00:00,A,1122
14955,26840,2024-07-13 00:00:00,A,260
14956,26844,2026-07-09 00:00:00,A,739
14957,26845,2024-04-12 00:00:00,A,415
14958,26846,2024-05-29 00:00:00,A,787
14959,26847,2023-06-21 00:00:00,A,1326
14960,26849,2023-10-22 00:00:00,A,1126
14961,26852,2026-07-02 00:00:00,A,917
14962,26853,2025-01-10 00:00:00,A,241
14963,26855,2025-04-23 00:00:00,A,969
14964,26857,2023-10-31 00:00:00,A,821
14965,26858,2025-06-29 00:00:00,A,423
14966,26861,2024-12-29 00:00:00,A,1147
14967,26862,2024-09-17 00:00:00,A,513
14968,26864,2023-08-18 00:00:00,A,96
14969,26865,2024-01-09 00:00:00,B,159
14970,26866,2026-05-16 00:00:00,A,91
14971,26868,2023-08-29 00:00:00,C,524
14972,26875,2026-02-16 00:00:00,A,675
14973,26879,2023-07-04 00:00:00,C,444
14974,26882,2025-08-05 00:00:00,A,1191
14975,26883,2026-07-03 00:00:00,A,929
14976,26884,2025-06-05 00:00:00,A,646
14977,26886,2026-06-18 00:00:00,A,333
14978,26887,2025-01-31 00:00:00,A,1094
14979,26888,2023-09-10 00:00:00,A,110
14980,26892,2024-06-18 00:00:00,A,1324
14981,26893,2023-07-03 00:00:00,A,1218
14982,26894,2026-04-01 00:00:00,A,353
14983,26903,2025-03-13 00:00:00,A,1327
14984,26904,2024-12-12 00:00:00,A,1079
14985,26907,2026-06-25 00:00:00,A,1064
14986,26909,2024-04-15 00:00:00,C,442
14987,26912,2023-07-04 00:00:00,A,348
14988,26915,2024-07-26 00:00:00,A,353
14989,26917,2024-05-25 00:00:00,A,1258
14990,26918,2025-04-10 00:00:00,C,150
14991,26919,2025-05-03 00:00:00,A,168
14992,26920,2025-09-20 00:00:00,A,1019
14993,26921,2024-12-24 00:00:00,C,76
14994,26922,2026-01-19 00:00:00,A,609
14995,26923,2025-12-16 00:00:00,B,966
14996,26925,2024-09-26 00:00:00,B,674
14997,26926,2026-05-19 00:00:00,C,1070
14998,26927,2024-09-13 00:00:00,C,720
14999,26928,2026-04-26 00:00:00,A,282
15000,26929,2024-06-27 00:00:00,A,649
15001,26930,2024-03-05 00:00:00,C,1251
15002,26931,2024-11-06 00:00:00,A,1025
15003,26932,2024-03-08 00:00:00,A,1051
15004,26934,2023-08-11 00:00:00,A,924
15005,26938,2023-12-19 00:00:00,A,228
15006,26939,2024-08-23 00:00:00,A,835
15007,26940,2024-09-04 00:00:00,A,965
15008,26943,2025-04-07 00:00:00,B,1299
15009,26944,2024-04-12 00:00:00,A,309
15010,26945,2025-02-26 00:00:00,C,448
15011,26947,2023-04-24 00:00:00,A,877
15012,26948,2026-05-30 00:00:00,A,1078
15013,26949,2026-07-13 00:00:00,C,439
15014,26950,2024-12-23 00:00:00,C,434
15015,26951,2025-04-24 00:00:00,A,19
15016,26953,2026-07-13 00:00:00,C,499
15017,26957,2024-08-23 00:00:00,A,509
15018,26958,2025-02-26 00:00:00,A,1329
15019,26959,2023-12-14 00:00:00,A,1205
15020,26960,2023-09-17 00:00:00,A,872
15021,26962,2024-01-11 00:00:00,B,786
15022,26963,2024-03-12 00:00:00,A,186
15023,26965,2024-10-15 00:00:00,A,895
15024,26966,2026-01-03 00:00:00,A,812
15025,26967,2023-10-18 00:00:00,C,530
15026,26968,2025-03-28 00:00:00,B,14
15027,26969,2023-05-21 00:00:00,A,963
15028,26970,2024-03-13 00:00:00,A,885
15029,26971,2024-05-15 00:00:00,A,727
15030,26974,2023-11-20 00:00:00,A,305
15031,26975,2025-03-21 00:00:00,A,165
15032,26979,2024-05-28 00:00:00,A,406
15033,26985,2024-04-30 00:00:00,A,451
15034,26987,2023-08-10 00:00:00,A,937
15035,26990,2025-01-26 00:00:00,A,31
15036,26991,2025-07-29 00:00:00,A,884
15037,26992,2024-01-17 00:00:00,A,50
15038,26993,2023-08-28 00:00:00,B,228
15039,26994,2024-04-17 00:00:00,B,19
15040,26996,2026-02-11 00:00:00,C,901
15041,26997,2025-03-27 00:00:00,A,1025
15042,26999,2025-04-06 00:00:00,A,1040
15043,27000,2024-11-23 00:00:00,C,362
15044,27001,2025-04-19 00:00:00,A,879
15045,27004,2026-03-17 00:00:00,B,767
15046,27005,2023-08-01 00:00:00,A,1136
15047,27006,2025-05-27 00:00:00,A,254
15048,27007,2024-12-14 00:00:00,A,223
15049,27010,2023-11-28 00:00:00,A,1029
15050,27011,2025-10-05 00:00:00,A,20
15051,27013,2023-09-08 00:00:00,C,1146
15052,27015,2024-06-29 00:00:00,A,505
15053,27017,2023-08-06 00:00:00,A,477
15054,27021,2025-08-15 00:00:00,B,838
15055,27023,2024-03-24 00:00:00,A,223
15056,27024,2023-08-25 00:00:00,A,1028
15057,27025,2025-01-27 00:00:00,A,1206
15058,27026,2025-10-25 00:00:00,B,130
15059,27027,2026-01-22 00:00:00,A,1054
15060,27030,2025-08-30 00:00:00,A,220
15061,27032,2026-07-13 00:00:00,A,1200
15062,27034,2024-01-31 00:00:00,A,631
15063,27038,2024-01-16 00:00:00,A,896
15064,27039,2023-10-09 00:00:00,C,1164
15065,27041,2023-07-25 00:00:00,A,248
15066,27042,2026-04-22 00:00:00,C,393
15067,27043,2024-10-28 00:00:00,C,525
15068,27044,2025-07-04 00:00:00,A,1181
15069,27046,2023-09-10 00:00:00,A,887
15070,27049,2025-07-05 00:00:00,A,637
15071,27050,2025-11-24 00:00:00,A,898
15072,27053,2024-07-28 00:00:00,A,388
15073,27054,2024-10-08 00:00:00,A,1040
15074,27055,2023-12-30 00:00:00,A,99
15075,27056,2024-08-21 00:00:00,A,1237
15076,27059,2024-02-09 00:00:00,A,1027
15077,27060,2025-02-12 00:00:00,A,902
15078,27061,2024-12-29 00:00:00,B,832
15079,27063,2025-04-24 00:00:00,A,27
15080,27065,2026-07-13 00:00:00,A,734
15081,27066,2025-07-12 00:00:00,A,823
15082,27067,2026-07-13 00:00:00,A,1304
15083,27069,2024-03-24 00:00:00,A,448
15084,27072,2026-06-13 00:00:00,A,17
15085,27073,2024-12-04 00:00:00,C,40
15086,27076,2024-05-19 00:00:00,A,1224
15087,27079,2024-12-18 00:00:00,A,354
15088,27080,2024-05-29 00:00:00,B,340
15089,27082,2025-11-12 00:00:00,A,754
15090,27084,2023-09-27 00:00:00,B,1285
15091,27089,2025-02-01 00:00:00,A,38
15092,27090,2025-01-19 00:00:00,A,508
15093,27095,2026-05-11 00:00:00,A,1185
15094,27096,2025-07-23 00:00:00,A,1308
15095,27098,2025-03-16 00:00:00,A,554
15096,27100,2023-09-25 00:00:00,B,731
15097,27104,2026-07-13 00:00:00,A,341
15098,27107,2023-05-31 00:00:00,A,362
15099,27109,2025-08-10 00:00:00,C,376
15100,27110,2025-10-22 00:00:00,A,975
15101,27111,2024-06-30 00:00:00,C,562
15102,27112,2025-06-05 00:00:00,C,628
15103,27116,2025-09-22 00:00:00,C,1300
15104,27119,2024-06-02 00:00:00,A,646
15105,27120,2023-08-05 00:00:00,A,950
15106,27121,2024-12-28 00:00:00,C,494
15107,27123,2026-06-01 00:00:00,A,655
15108,27124,2024-02-28 00:00:00,A,1130
15109,27125,2023-11-30 00:00:00,A,26
15110,27126,2025-02-04 00:00:00,A,730
15111,27130,2024-01-28 00:00:00,C,150
15112,27132,2026-03-17 00:00:00,A,614
15113,27135,2025-07-19 00:00:00,A,77
15114,27136,2026-01-27 00:00:00,B,278
15115,27138,2026-07-13 00:00:00,A,481
15116,27142,2026-02-26 00:00:00,A,1238
15117,27143,2024-04-26 00:00:00,A,730
15118,27144,2023-06-19 00:00:00,B,105
15119,27148,2026-03-30 00:00:00,A,142
15120,27149,2025-10-18 00:00:00,A,1142
15121,27150,2024-05-06 00:00:00,A,875
15122,27153,2023-10-20 00:00:00,A,1007
15123,27158,2024-06-13 00:00:00,A,828
15124,27159,2023-06-27 00:00:00,C,172
15125,27160,2024-07-29 00:00:00,C,1189
15126,27162,2024-12-22 00:00:00,C,461
15127,27165,2026-03-23 00:00:00,A,122
15128,27166,2023-07-06 00:00:00,A,789
15129,27168,2026-03-13 00:00:00,A,39
15130,27169,2025-03-20 00:00:00,A,811
15131,27172,2025-05-20 00:00:00,A,730
15132,27173,2025-07-27 00:00:00,A,980
15133,27174,2024-02-06 00:00:00,C,153
15134,27179,2026-02-12 00:00:00,A,1095
15135,27183,2025-05-24 00:00:00,A,94
15136,27185,2024-07-09 00:00:00,C,510
15137,27186,2026-01-24 00:00:00,A,39
15138,27188,2024-05-01 00:00:00,A,980
15139,27189,2026-02-04 00:00:00,C,233
15140,27190,2025-11-30 00:00:00,C,251
15141,27191,2024-07-10 00:00:00,C,43
15142,27192,2023-09-12 00:00:00,A,643
15143,27195,2025-11-14 00:00:00,C,178
15144,27196,2023-04-16 00:00:00,B,1117
15145,27197,2024-11-28 00:00:00,C,167
15146,27198,2024-09-24 00:00:00,C,918
15147,27200,2023-05-07 00:00:00,A,999
15148,27202,2024-11-14 00:00:00,A,1174
15149,27204,2024-09-21 00:00:00,A,1056
15150,27205,2025-03-03 00:00:00,A,1108
15151,27206,2026-02-03 00:00:00,A,1307
15152,27207,2026-01-08 00:00:00,A,733
15153,27209,2026-01-17 00:00:00,A,987
15154,27214,2026-02-20 00:00:00,A,212
15155,27217,2025-03-31 00:00:00,A,233
15156,27218,2023-05-26 00:00:00,A,967
15157,27219,2025-11-27 00:00:00,A,286
15158,27220,2024-08-30 00:00:00,A,203
15159,27221,2024-06-10 00:00:00,A,771
15160,27222,2024-03-23 00:00:00,A,448
15161,27223,2023-04-15 00:00:00,C,141
15162,27224,2023-08-09 00:00:00,A,893
15163,27227,2025-04-07 00:00:00,B,905
15164,27230,2024-12-30 00:00:00,A,667
15165,27233,2024-02-01 00:00:00,A,316
15166,27234,2025-09-26 00:00:00,A,1197
15167,27239,2024-05-09 00:00:00,A,673
15168,27240,2026-07-13 00:00:00,C,1311
15169,27242,2025-04-13 00:00:00,A,698
15170,27244,2023-05-31 00:00:00,B,589
15171,27245,2024-05-09 00:00:00,A,1301
15172,27246,2023-12-16 00:00:00,A,344
15173,27247,2025-06-13 00:00:00,A,343
15174,27248,2024-07-05 00:00:00,C,133
15175,27249,2023-12-11 00:00:00,A,748
15176,27250,2023-03-22 00:00:00,B,1273
15177,27251,2024-02-21 00:00:00,A,1124
15178,27253,2024-03-15 00:00:00,B,978
15179,27257,2025-01-11 00:00:00,A,192
15180,27260,2023-10-04 00:00:00,A,1142
15181,27264,2023-09-02 00:00:00,A,939
15182,27266,2025-04-08 00:00:00,A,331
15183,27267,2025-05-09 00:00:00,A,419
15184,27268,2024-10-22 00:00:00,A,315
15185,27269,2025-12-14 00:00:00,A,1163
15186,27272,2024-04-20 00:00:00,C,1
15187,27274,2024-12-28 00:00:00,B,494
15188,27275,2024-04-11 00:00:00,A,229
15189,27277,2025-05-23 00:00:00,A,801
15190,27278,2025-09-20 00:00:00,B,160
15191,27283,2026-04-08 00:00:00,A,785
15192,27289,2025-12-22 00:00:00,A,397
15193,27290,2025-04-22 00:00:00,C,649
15194,27291,2023-12-21 00:00:00,A,382
15195,27293,2025-02-06 00:00:00,A,1265
15196,27295,2026-07-13 00:00:00,C,1104
15197,27296,2024-02-27 00:00:00,C,229
15198,27298,2024-03-08 00:00:00,C,529
15199,27304,2024-05-03 00:00:00,C,407
15200,27305,2025-08-31 00:00:00,A,335
15201,27306,2026-07-13 00:00:00,A,855
15202,27307,2024-10-05 00:00:00,B,1173
15203,27308,2023-12-17 00:00:00,A,124
15204,27309,2026-07-13 00:00:00,C,1089
15205,27313,2026-02-21 00:00:00,A,109
15206,27315,2025-11-08 00:00:00,A,611
15207,27316,2024-03-13 00:00:00,A,511
15208,27317,2024-02-19 00:00:00,A,32
15209,27318,2025-12-20 00:00:00,A,602
15210,27319,2025-12-21 00:00:00,A,632
15211,27322,2023-10-24 00:00:00,A,722
15212,27323,2024-10-02 00:00:00,A,622
15213,27327,2023-05-23 00:00:00,A,1296
15214,27328,2026-04-27 00:00:00,C,1295
15215,27329,2025-09-26 00:00:00,A,379
15216,27333,2023-12-04 00:00:00,A,742
15217,27336,2024-08-05 00:00:00,A,646
15218,27339,2026-07-13 00:00:00,C,621
15219,27340,2026-07-01 00:00:00,A,967
15220,27341,2023-06-17 00:00:00,C,867
15221,27343,2025-08-24 00:00:00,A,1317
15222,27344,2024-02-13 00:00:00,B,362
15223,27346,2024-01-06 00:00:00,B,53
15224,27347,2024-10-17 00:00:00,A,1140
15225,27351,2025-04-12 00:00:00,C,1025
15226,27352,2024-02-07 00:00:00,A,303
15227,27355,2024-06-16 00:00:00,A,1138
15228,27357,2025-03-08 00:00:00,A,840
15229,27358,2023-10-08 00:00:00,C,949
15230,27360,2026-05-01 00:00:00,B,640
15231,27361,2025-08-02 00:00:00,A,983
15232,27362,2024-04-12 00:00:00,A,285
15233,27366,2025-03-16 00:00:00,A,76
15234,27370,2025-11-03 00:00:00,B,436
15235,27371,2024-10-19 00:00:00,A,464
15236,27372,2026-07-13 00:00:00,B,1293
15237,27375,2024-11-19 00:00:00,C,388
15238,27376,2025-05-19 00:00:00,C,313
15239,27378,2024-03-22 00:00:00,A,330
15240,27379,2026-01-07 00:00:00,A,837
15241,27381,2025-05-14 00:00:00,A,514
15242,27382,2024-05-28 00:00:00,A,1185
15243,27384,2025-06-28 00:00:00,A,470
15244,27386,2024-01-11 00:00:00,A,191
15245,27388,2024-10-05 00:00:00,A,1162
15246,27390,2023-08-03 00:00:00,A,256
15247,27392,2024-04-03 00:00:00,A,797
15248,27393,2026-06-12 00:00:00,C,426
15249,27397,2025-11-24 00:00:00,C,1217
15250,27400,2026-07-13 00:00:00,A,876
15251,27402,2024-04-25 00:00:00,B,624
15252,27403,2025-12-13 00:00:00,B,267
15253,27404,2026-04-03 00:00:00,A,31
15254,27405,2026-07-13 00:00:00,A,3
15255,27406,2026-07-13 00:00:00,A,605
15256,27410,2024-12-11 00:00:00,A,1152
15257,27411,2024-03-01 00:00:00,A,128
15258,27413,2026-03-06 00:00:00,B,912
15259,27414,2024-02-29 00:00:00,A,520
15260,27417,2023-06-28 00:00:00,C,293
15261,27418,2023-11-14 00:00:00,A,125
15262,27419,2025-04-16 00:00:00,C,1233
15263,27421,2024-07-23 00:00:00,A,235
15264,27424,2024-09-18 00:00:00,A,1168
15265,27425,2026-01-29 00:00:00,C,361
15266,27426,2024-08-16 00:00:00,A,1291
15267,27427,2023-10-02 00:00:00,A,533
15268,27428,2024-07-26 00:00:00,C,849
15269,27429,2026-02-15 00:00:00,A,1018
15270,27430,2024-04-20 00:00:00,A,1150
15271,27432,2024-05-29 00:00:00,C,937
15272,27434,2026-02-28 00:00:00,C,310
15273,27439,2026-01-22 00:00:00,A,631
15274,27440,2025-12-17 00:00:00,A,239
15275,27441,2025-10-26 00:00:00,C,576
15276,27442,2024-04-03 00:00:00,A,1298
15277,27443,2025-04-13 00:00:00,C,423
15278,27444,2026-03-19 00:00:00,A,1144
15279,27446,2024-01-05 00:00:00,B,341
15280,27447,2026-07-13 00:00:00,C,465
15281,27450,2025-06-26 00:00:00,A,1001
15282,27451,2025-02-05 00:00:00,A,714
15283,27452,2025-06-25 00:00:00,C,300
15284,27453,2023-08-13 00:00:00,C,720
15285,27454,2026-06-13 00:00:00,C,1318
15286,27456,2025-03-27 00:00:00,C,45
15287,27457,2023-11-08 00:00:00,A,67
15288,27461,2024-01-01 00:00:00,A,1109
15289,27462,2025-09-19 00:00:00,C,1175
15290,27463,2023-11-08 00:00:00,A,208
15291,27464,2023-09-28 00:00:00,B,989
15292,27466,2025-10-19 00:00:00,B,1150
15293,27470,2023-03-25 00:00:00,A,1276
15294,27471,2024-11-01 00:00:00,A,1304
15295,27474,2025-06-09 00:00:00,C,808
15296,27476,2024-01-14 00:00:00,A,864
15297,27477,2024-08-03 00:00:00,A,708
15298,27482,2026-03-28 00:00:00,B,1181
15299,27483,2024-03-28 00:00:00,A,806
15300,27485,2023-05-14 00:00:00,A,777
15301,27486,2024-03-30 00:00:00,A,1233
15302,27490,2024-05-04 00:00:00,A,333
15303,27491,2024-04-11 00:00:00,A,1169
15304,27492,2025-11-03 00:00:00,B,190
15305,27493,2026-07-13 00:00:00,C,542
15306,27494,2024-04-13 00:00:00,A,805
15307,27495,2023-08-16 00:00:00,A,280
15308,27496,2026-07-13 00:00:00,A,559
15309,27501,2025-01-07 00:00:00,C,949
15310,27502,2025-05-11 00:00:00,C,310
15311,27503,2024-07-27 00:00:00,C,358
15312,27504,2025-07-18 00:00:00,A,1249
15313,27506,2025-10-02 00:00:00,A,805
15314,27510,2024-03-29 00:00:00,A,1326
15315,27512,2025-09-10 00:00:00,A,1018
15316,27514,2025-06-17 00:00:00,A,953
15317,27515,2024-04-23 00:00:00,A,1305
15318,27516,2025-03-05 00:00:00,A,1068
15319,27520,2026-06-27 00:00:00,A,33
15320,27524,2024-11-12 00:00:00,C,1144
15321,27526,2026-04-15 00:00:00,C,448
15322,27527,2024-03-08 00:00:00,C,467
15323,27532,2025-08-11 00:00:00,A,514
15324,27533,2024-12-07 00:00:00,C,722
15325,27535,2026-07-13 00:00:00,A,652
15326,27537,2026-02-19 00:00:00,A,513
15327,27540,2023-11-02 00:00:00,B,834
15328,27541,2023-12-02 00:00:00,A,752
15329,27542,2023-05-24 00:00:00,A,1049
15330,27543,2025-12-18 00:00:00,A,722
15331,27544,2025-08-20 00:00:00,A,195
15332,27545,2024-07-23 00:00:00,C,65
15333,27546,2025-10-14 00:00:00,A,821
15334,27548,2025-08-28 00:00:00,A,141
15335,27550,2025-08-25 00:00:00,A,334
15336,27551,2025-07-09 00:00:00,A,958
15337,27552,2025-08-16 00:00:00,C,1205
15338,27553,2024-07-23 00:00:00,A,417
15339,27554,2026-05-06 00:00:00,A,819
15340,27555,2024-01-24 00:00:00,A,699
15341,27557,2023-12-28 00:00:00,A,1023
15342,27558,2024-06-29 00:00:00,A,843
15343,27559,2025-08-03 00:00:00,C,1000
15344,27561,2025-03-21 00:00:00,A,1300
15345,27562,2025-10-08 00:00:00,A,241
15346,27564,2023-12-03 00:00:00,A,630
15347,27565,2025-05-28 00:00:00,A,10
15348,27569,2026-04-09 00:00:00,A,1115
15349,27573,2025-02-06 00:00:00,A,1334
15350,27574,2025-11-22 00:00:00,C,430
15351,27575,2025-02-28 00:00:00,A,1234
15352,27577,2023-11-10 00:00:00,A,286
15353,27578,2025-12-18 00:00:00,A,723
15354,27581,2024-09-18 00:00:00,A,672
15355,27582,2026-05-30 00:00:00,A,859
15356,27583,2025-07-16 00:00:00,A,841
15357,27587,2025-11-23 00:00:00,A,332
15358,27588,2025-01-04 00:00:00,A,98
15359,27589,2023-10-04 00:00:00,A,84
15360,27590,2023-12-12 00:00:00,A,399
15361,27591,2025-07-08 00:00:00,C,910
15362,27592,2026-01-24 00:00:00,A,407
15363,27593,2023-06-09 00:00:00,A,160
15364,27596,2024-03-22 00:00:00,A,722
15365,27598,2023-10-11 00:00:00,B,922
15366,27599,2023-07-06 00:00:00,A,923
15367,27603,2025-07-29 00:00:00,A,890
15368,27604,2024-05-02 00:00:00,A,3
15369,27605,2023-05-28 00:00:00,A,828
15370,27609,2023-10-02 00:00:00,C,679
15371,27610,2024-09-02 00:00:00,B,1310
15372,27611,2025-07-08 00:00:00,B,829
15373,27614,2024-03-31 00:00:00,A,1164
15374,27615,2025-05-22 00:00:00,C,675
15375,27616,2023-10-03 00:00:00,A,1049
15376,27617,2024-08-05 00:00:00,A,224
15377,27618,2025-02-20 00:00:00,A,242
15378,27622,2025-01-01 00:00:00,A,1243
15379,27623,2025-07-28 00:00:00,A,525
15380,27624,2025-06-17 00:00:00,A,626
15381,27625,2023-08-16 00:00:00,B,862
15382,27626,2026-06-20 00:00:00,A,1259
15383,27627,2025-03-21 00:00:00,A,1229
15384,27628,2023-09-06 00:00:00,A,278
15385,27629,2025-12-21 00:00:00,A,1225
15386,27634,2023-06-12 00:00:00,A,292
15387,27635,2026-07-13 00:00:00,A,504
15388,27636,2025-11-13 00:00:00,C,699
15389,27638,2024-06-23 00:00:00,A,1237
15390,27641,2025-08-15 00:00:00,B,266
15391,27642,2026-04-20 00:00:00,A,991
15392,27643,2024-11-13 00:00:00,A,1254
15393,27644,2024-01-06 00:00:00,A,395
15394,27646,2026-02-26 00:00:00,A,1007
15395,27647,2025-01-12 00:00:00,A,400
15396,27651,2024-11-12 00:00:00,C,873
15397,27652,2025-10-19 00:00:00,A,118
15398,27655,2024-05-25 00:00:00,C,883
15399,27656,2025-02-18 00:00:00,A,415
15400,27658,2026-07-13 00:00:00,C,508
15401,27659,2025-12-08 00:00:00,A,1059
15402,27660,2026-07-13 00:00:00,C,1184
15403,27663,2024-10-10 00:00:00,A,225
15404,27665,2024-04-06 00:00:00,A,462
15405,27667,2023-05-15 00:00:00,C,802
15406,27668,2023-12-12 00:00:00,A,835
15407,27669,2024-03-19 00:00:00,C,292
15408,27670,2024-05-04 00:00:00,A,1225
15409,27672,2024-07-01 00:00:00,C,30
15410,27673,2026-07-13 00:00:00,C,1273
15411,27674,2024-10-03 00:00:00,A,719
15412,27675,2026-07-08 00:00:00,A,848
15413,27677,2023-12-17 00:00:00,A,940
15414,27678,2023-04-29 00:00:00,A,1293
15415,27679,2026-07-13 00:00:00,A,76
15416,27681,2024-12-18 00:00:00,C,917
15417,27682,2024-11-22 00:00:00,A,382
15418,27683,2023-07-19 00:00:00,A,261
15419,27684,2023-11-05 00:00:00,B,286
15420,27692,2025-09-30 00:00:00,A,896
15421,27693,2024-02-22 00:00:00,A,314
15422,27694,2026-07-13 00:00:00,A,553
15423,27696,2025-10-25 00:00:00,C,659
15424,27697,2026-07-13 00:00:00,C,988
15425,27700,2025-03-08 00:00:00,A,803
15426,27702,2025-08-29 00:00:00,C,1053
15427,27705,2026-07-13 00:00:00,C,789
15428,27709,2025-08-07 00:00:00,C,290
15429,27711,2025-06-17 00:00:00,C,422
15430,27713,2025-02-19 00:00:00,A,855
15431,27715,2025-04-28 00:00:00,A,896
15432,27718,2024-07-31 00:00:00,A,726
15433,27720,2024-04-10 00:00:00,A,164
15434,27722,2023-05-03 00:00:00,A,309
15435,27723,2025-04-21 00:00:00,A,862
15436,27724,2026-03-08 00:00:00,A,761
15437,27725,2026-01-07 00:00:00,A,1236
15438,27728,2024-04-09 00:00:00,A,102
15439,27733,2025-07-24 00:00:00,B,298
15440,27734,2025-12-28 00:00:00,B,1119
15441,27737,2025-01-09 00:00:00,A,1197
15442,27739,2026-07-13 00:00:00,A,864
15443,27740,2024-03-14 00:00:00,A,1119
15444,27744,2025-03-14 00:00:00,A,1294
15445,27746,2026-07-13 00:00:00,A,740
15446,27747,2024-02-02 00:00:00,A,963
15447,27748,2024-07-12 00:00:00,A,1076
15448,27750,2025-01-18 00:00:00,A,964
15449,27753,2024-04-13 00:00:00,A,515
15450,27754,2025-07-23 00:00:00,A,1334
15451,27755,2026-06-20 00:00:00,A,1302
15452,27757,2025-04-21 00:00:00,A,148
15453,27759,2024-01-30 00:00:00,A,14
15454,27760,2024-04-01 00:00:00,A,1183
15455,27763,2024-06-06 00:00:00,A,585
15456,27766,2023-04-29 00:00:00,A,236
15457,27767,2026-01-06 00:00:00,A,9
15458,27768,2024-07-12 00:00:00,A,1313
15459,27770,2024-04-24 00:00:00,A,659
15460,27771,2025-03-21 00:00:00,A,15
15461,27773,2023-07-27 00:00:00,A,256
15462,27774,2024-06-15 00:00:00,A,506
15463,27776,2025-05-10 00:00:00,C,805
15464,27780,2024-01-28 00:00:00,A,1199
15465,27782,2023-06-13 00:00:00,A,566
15466,27783,2024-04-18 00:00:00,A,661
15467,27784,2023-05-30 00:00:00,A,1112
15468,27785,2025-10-16 00:00:00,A,1198
15469,27787,2026-07-13 00:00:00,A,366
15470,27788,2023-09-06 00:00:00,A,670
15471,27790,2026-02-17 00:00:00,C,400
15472,27794,2023-11-19 00:00:00,A,192
15473,27796,2026-07-13 00:00:00,C,828
15474,27797,2023-05-18 00:00:00,A,1082
15475,27798,2024-12-08 00:00:00,B,788
15476,27799,2024-10-17 00:00:00,B,428
15477,27800,2026-07-13 00:00:00,C,438
15478,27802,2024-11-27 00:00:00,A,1185
15479,27803,2025-04-26 00:00:00,A,721
15480,27806,2025-11-22 00:00:00,A,620
15481,27807,2024-09-14 00:00:00,A,506
15482,27808,2024-02-26 00:00:00,C,1229
15483,27812,2026-03-10 00:00:00,A,535
15484,27818,2026-07-13 00:00:00,A,1182
15485,27820,2026-07-13 00:00:00,A,897
15486,27821,2024-06-08 00:00:00,C,1301
15487,27823,2025-02-22 00:00:00,B,540
15488,27824,2025-04-29 00:00:00,A,615
15489,27825,2023-07-16 00:00:00,A,41
15490,27831,2026-07-13 00:00:00,A,252
15491,27833,2025-04-28 00:00:00,A,1080
15492,27834,2026-03-17 00:00:00,A,806
15493,27835,2025-04-22 00:00:00,A,57
15494,27836,2023-05-26 00:00:00,B,586
15495,27837,2026-06-07 00:00:00,A,1305
15496,27840,2025-03-10 00:00:00,C,492
15497,27841,2024-05-13 00:00:00,C,1114
15498,27842,2025-07-01 00:00:00,A,1130
15499,27843,2026-05-12 00:00:00,C,1108
15500,27846,2025-06-17 00:00:00,A,494
15501,27848,2024-08-22 00:00:00,A,812
15502,27850,2026-05-10 00:00:00,B,201
15503,27852,2023-07-08 00:00:00,A,227
15504,27853,2024-08-13 00:00:00,C,122
15505,27854,2024-02-19 00:00:00,C,261
15506,27855,2024-08-18 00:00:00,A,895
15507,27857,2025-07-24 00:00:00,C,520
15508,27859,2026-07-11 00:00:00,C,385
15509,27861,2024-02-03 00:00:00,A,166
15510,27862,2025-10-18 00:00:00,A,1022
15511,27863,2025-04-21 00:00:00,A,377
15512,27864,2025-10-08 00:00:00,A,170
15513,27865,2024-12-12 00:00:00,A,930
15514,27868,2026-07-13 00:00:00,C,591
15515,27870,2025-08-15 00:00:00,A,312
15516,27873,2025-05-02 00:00:00,C,1133
15517,27874,2025-03-03 00:00:00,A,1152
15518,27876,2024-05-04 00:00:00,A,787
15519,27880,2025-09-09 00:00:00,C,1103
15520,27881,2024-10-16 00:00:00,A,166
15521,27882,2026-07-13 00:00:00,A,522
15522,27884,2025-02-24 00:00:00,C,221
15523,27889,2024-03-21 00:00:00,A,521
15524,27890,2024-10-29 00:00:00,A,43
15525,27892,2024-05-14 00:00:00,A,603
15526,27893,2026-07-13 00:00:00,B,1143
15527,27896,2023-10-21 00:00:00,C,141
15528,27897,2025-12-08 00:00:00,A,456
15529,27899,2023-07-03 00:00:00,B,388
15530,27900,2026-07-13 00:00:00,A,871
15531,27904,2026-03-02 00:00:00,C,896
15532,27907,2024-01-03 00:00:00,A,1177
15533,27909,2025-05-29 00:00:00,C,276
15534,27913,2024-06-29 00:00:00,A,60
15535,27914,2025-04-16 00:00:00,C,265
15536,27915,2023-06-12 00:00:00,A,615
15537,27918,2026-05-07 00:00:00,A,52
15538,27919,2025-01-05 00:00:00,C,1025
15539,27920,2025-12-19 00:00:00,A,566
15540,27921,2024-11-08 00:00:00,A,740
15541,27925,2025-07-22 00:00:00,A,738
15542,27927,2025-11-06 00:00:00,A,543
15543,27928,2025-01-21 00:00:00,A,835
15544,27930,2026-07-13 00:00:00,A,101
15545,27931,2026-03-01 00:00:00,A,148
15546,27932,2024-04-14 00:00:00,C,301
15547,27933,2025-10-17 00:00:00,A,27
15548,27934,2026-03-29 00:00:00,A,216
15549,27935,2024-03-22 00:00:00,B,75
15550,27936,2025-02-14 00:00:00,A,564
15551,27937,2024-03-01 00:00:00,C,288
15552,27939,2024-11-28 00:00:00,A,369
15553,27940,2023-12-02 00:00:00,A,340
15554,27944,2023-12-27 00:00:00,A,1143
15555,27948,2024-02-25 00:00:00,A,463
15556,27949,2023-12-13 00:00:00,A,742
15557,27950,2024-03-06 00:00:00,A,497
15558,27951,2026-07-13 00:00:00,C,948
15559,27955,2025-04-14 00:00:00,C,714
15560,27957,2025-04-14 00:00:00,C,981
15561,27959,2026-06-21 00:00:00,A,1018
15562,27960,2024-05-22 00:00:00,C,1258
15563,27963,2025-09-15 00:00:00,A,1211
15564,27964,2024-11-21 00:00:00,A,1302
15565,27966,2025-05-20 00:00:00,A,969
15566,27967,2024-01-01 00:00:00,A,1088
15567,27968,2025-08-11 00:00:00,A,40
15568,27969,2024-12-06 00:00:00,A,262
15569,27970,2025-04-08 00:00:00,A,597
15570,27973,2023-09-18 00:00:00,A,946
15571,27974,2026-05-13 00:00:00,C,200
15572,27975,2024-04-23 00:00:00,A,934
15573,27976,2025-01-02 00:00:00,C,859
15574,27977,2026-07-13 00:00:00,C,94
15575,27978,2025-07-22 00:00:00,A,1060
15576,27980,2023-11-27 00:00:00,B,1265
15577,27988,2025-10-01 00:00:00,A,166
15578,27989,2026-02-04 00:00:00,B,215
15579,27992,2024-11-12 00:00:00,A,626
15580,27993,2025-08-25 00:00:00,B,884
15581,27994,2024-07-04 00:00:00,C,1327
15582,27995,2025-04-04 00:00:00,A,1276
15583,27999,2023-12-30 00:00:00,A,786
15584,28000,2023-10-28 00:00:00,C,838
15585,28001,2023-09-05 00:00:00,A,157
15586,28002,2025-01-02 00:00:00,A,1329
15587,28010,2025-03-30 00:00:00,C,354
15588,28012,2024-04-21 00:00:00,A,264
15589,28014,2026-06-11 00:00:00,B,936
15590,28018,2024-12-30 00:00:00,A,910
15591,28020,2025-04-26 00:00:00,A,878
15592,28022,2025-08-06 00:00:00,A,137
15593,28024,2024-08-06 00:00:00,A,1002
15594,28026,2026-07-13 00:00:00,A,626
15595,28027,2025-11-30 00:00:00,A,191
15596,28029,2024-05-03 00:00:00,A,1185
15597,28031,2025-06-22 00:00:00,A,652
15598,28033,2026-04-10 00:00:00,A,764
15599,28034,2025-03-14 00:00:00,C,1136
15600,28035,2026-07-13 00:00:00,C,1011
15601,28036,2023-12-31 00:00:00,A,1144
15602,28039,2023-06-18 00:00:00,A,1142
15603,28041,2023-09-08 00:00:00,A,565
15604,28042,2025-10-03 00:00:00,A,666
15605,28045,2025-02-03 00:00:00,A,952
15606,28051,2024-10-05 00:00:00,A,107
15607,28052,2023-03-14 00:00:00,A,1041
15608,28054,2023-12-09 00:00:00,C,520
15609,28055,2026-02-19 00:00:00,A,504
15610,28056,2025-12-18 00:00:00,A,719
15611,28057,2024-05-29 00:00:00,A,1319
15612,28060,2024-01-28 00:00:00,A,139
15613,28061,2026-05-04 00:00:00,B,95
15614,28062,2023-06-10 00:00:00,A,138
15615,28063,2025-01-05 00:00:00,C,1151
15616,28064,2023-12-04 00:00:00,A,1173
15617,28065,2026-06-23 00:00:00,A,550
15618,28067,2024-05-12 00:00:00,A,1
15619,28070,2024-11-09 00:00:00,A,367
15620,28071,2024-10-04 00:00:00,A,207
15621,28072,2025-09-15 00:00:00,C,16
15622,28074,2025-11-08 00:00:00,C,429
15623,28075,2024-01-19 00:00:00,A,969
15624,28076,2023-12-06 00:00:00,A,531
15625,28078,2024-03-24 00:00:00,A,498
15626,28079,2024-05-19 00:00:00,A,314
15627,28080,2026-07-13 00:00:00,A,1227
15628,28081,2024-06-24 00:00:00,A,1292
15629,28083,2024-01-14 00:00:00,A,965
15630,28085,2024-06-29 00:00:00,A,1102
15631,28086,2026-06-06 00:00:00,B,451
15632,28087,2024-04-21 00:00:00,C,251
15633,28089,2026-07-13 00:00:00,C,4
15634,28091,2024-07-23 00:00:00,A,1174
15635,28096,2025-01-03 00:00:00,A,677
15636,28097,2025-12-28 00:00:00,A,308
15637,28099,2024-01-21 00:00:00,A,188
15638,28100,2026-07-13 00:00:00,A,455
15639,28103,2025-06-18 00:00:00,A,404
15640,28104,2023-10-03 00:00:00,A,450
15641,28105,2026-06-04 00:00:00,A,1187
15642,28106,2025-12-19 00:00:00,B,1165
15643,28107,2024-09-17 00:00:00,B,160
15644,28108,2024-02-25 00:00:00,A,168
15645,28109,2024-11-24 00:00:00,A,1178
15646,28111,2024-05-29 00:00:00,A,1188
15647,28112,2024-04-25 00:00:00,A,622
15648,28113,2023-11-08 00:00:00,C,1205
15649,28118,2026-02-13 00:00:00,A,825
15650,28119,2024-07-17 00:00:00,A,1187
15651,28120,2024-11-02 00:00:00,A,156
15652,28121,2024-06-03 00:00:00,A,510
15653,28122,2026-07-13 00:00:00,B,476
15654,28127,2025-07-05 00:00:00,B,133
15655,28129,2025-08-04 00:00:00,A,73
15656,28130,2024-05-25 00:00:00,B,145
15657,28132,2023-09-21 00:00:00,C,553
15658,28134,2025-02-26 00:00:00,C,460
15659,28137,2025-03-30 00:00:00,A,755
15660,28139,2026-07-13 00:00:00,C,253
15661,28142,2025-10-27 00:00:00,A,463
15662,28143,2023-09-22 00:00:00,A,1236
15663,28144,2025-09-27 00:00:00,A,495
15664,28147,2023-10-29 00:00:00,C,423
15665,28148,2025-08-23 00:00:00,A,107
15666,28149,2023-12-12 00:00:00,A,1105
15667,28150,2025-11-05 00:00:00,A,876
15668,28151,2024-02-08 00:00:00,A,369
15669,28152,2025-07-05 00:00:00,A,451
15670,28154,2023-10-18 00:00:00,A,501
15671,28155,2026-02-02 00:00:00,A,1045
15672,28158,2025-08-24 00:00:00,C,1019
15673,28159,2023-11-06 00:00:00,C,988
15674,28161,2025-12-02 00:00:00,A,946
15675,28162,2025-08-10 00:00:00,A,922
15676,28164,2024-12-03 00:00:00,A,207
15677,28166,2024-04-17 00:00:00,A,205
15678,28168,2023-12-22 00:00:00,A,604
15679,28169,2026-03-14 00:00:00,A,1129
15680,28170,2023-07-15 00:00:00,A,458
15681,28171,2026-07-13 00:00:00,B,1130
15682,28172,2025-09-19 00:00:00,A,506
15683,28173,2024-08-23 00:00:00,A,652
15684,28176,2024-08-24 00:00:00,A,966
15685,28178,2026-07-13 00:00:00,C,903
15686,28179,2023-09-16 00:00:00,C,1295
15687,28181,2025-11-14 00:00:00,C,1248
15688,28182,2023-04-25 00:00:00,A,1305
15689,28183,2025-03-20 00:00:00,A,932
15690,28190,2024-05-15 00:00:00,A,870
15691,28192,2025-10-01 00:00:00,A,899
15692,28193,2024-04-26 00:00:00,B,648
15693,28195,2026-03-31 00:00:00,A,241
15694,28196,2024-12-11 00:00:00,C,297
15695,28197,2024-07-02 00:00:00,A,840
15696,28199,2023-10-15 00:00:00,A,467
15697,28200,2024-06-06 00:00:00,A,916
15698,28203,2024-10-25 00:00:00,A,969
15699,28204,2024-02-06 00:00:00,A,1062
15700,28206,2025-07-27 00:00:00,A,932
15701,28207,2025-08-01 00:00:00,A,1323
15702,28208,2023-10-23 00:00:00,A,1176
15703,28210,2024-09-25 00:00:00,A,740
15704,28213,2025-01-17 00:00:00,A,438
15705,28214,2026-06-07 00:00:00,A,797
15706,28215,2023-09-03 00:00:00,A,236
15707,28216,2025-04-27 00:00:00,A,1147
15708,28217,2023-06-03 00:00:00,A,855
15709,28218,2025-11-15 00:00:00,C,116
15710,28220,2025-10-02 00:00:00,C,972
15711,28221,2024-10-10 00:00:00,B,386
15712,28222,2024-05-01 00:00:00,A,234
15713,28223,2024-09-23 00:00:00,A,1007
15714,28227,2026-05-01 00:00:00,A,1280
15715,28231,2023-10-17 00:00:00,A,1044
15716,28233,2023-12-28 00:00:00,A,242
15717,28234,2024-10-22 00:00:00,A,686
15718,28235,2026-07-13 00:00:00,C,993
15719,28236,2024-11-14 00:00:00,A,640
15720,28239,2026-04-07 00:00:00,A,1033
15721,28242,2025-09-24 00:00:00,A,184
15722,28243,2025-04-22 00:00:00,A,482
15723,28244,2025-12-23 00:00:00,A,1022
15724,28245,2026-07-13 00:00:00,A,1035
15725,28246,2024-10-30 00:00:00,A,1143
15726,28247,2023-07-10 00:00:00,A,1319
15727,28248,2026-07-13 00:00:00,A,623
15728,28249,2024-08-05 00:00:00,A,708
15729,28254,2025-02-13 00:00:00,A,704
15730,28255,2026-07-13 00:00:00,A,1047
15731,28257,2025-11-13 00:00:00,A,1281
15732,28258,2025-12-31 00:00:00,C,3
15733,28259,2025-12-28 00:00:00,A,993
15734,28261,2026-05-07 00:00:00,A,809
15735,28262,2023-05-25 00:00:00,A,1208
15736,28263,2026-05-03 00:00:00,A,850
15737,28264,2026-07-13 00:00:00,C,1262
15738,28265,2025-02-11 00:00:00,C,145
15739,28267,2026-07-13 00:00:00,B,1272
15740,28276,2026-01-03 00:00:00,A,420
15741,28278,2025-07-22 00:00:00,A,465
15742,28282,2024-06-09 00:00:00,A,648
15743,28283,2023-12-21 00:00:00,A,1048
15744,28284,2025-10-24 00:00:00,A,333
15745,28285,2023-03-27 00:00:00,A,254
15746,28286,2023-04-04 00:00:00,A,869
15747,28287,2024-07-12 00:00:00,A,397
15748,28288,2025-11-13 00:00:00,A,646
15749,28293,2023-10-14 00:00:00,A,1173
15750,28295,2024-03-21 00:00:00,A,330
15751,28298,2026-04-16 00:00:00,B,354
15752,28302,2024-02-09 00:00:00,A,371
15753,28303,2023-12-25 00:00:00,A,712
15754,28304,2023-09-04 00:00:00,A,1187
15755,28305,2024-07-28 00:00:00,C,194
15756,28307,2026-07-13 00:00:00,A,407
15757,28309,2024-11-12 00:00:00,A,720
15758,28311,2023-04-26 00:00:00,B,291
15759,28314,2024-01-05 00:00:00,A,1089
15760,28315,2025-12-21 00:00:00,A,615
15761,28316,2023-06-22 00:00:00,A,1201
15762,28318,2026-01-27 00:00:00,A,919
15763,28321,2026-07-13 00:00:00,A,271
15764,28322,2025-09-28 00:00:00,B,865
15765,28323,2024-12-27 00:00:00,A,1321
15766,28324,2024-07-23 00:00:00,A,371
15767,28325,2025-01-02 00:00:00,A,1074
15768,28327,2024-07-10 00:00:00,A,1155
15769,28328,2024-10-25 00:00:00,A,500
15770,28330,2025-05-07 00:00:00,A,652
15771,28331,2025-12-15 00:00:00,A,895
15772,28332,2026-07-13 00:00:00,A,810
15773,28333,2024-05-17 00:00:00,C,1010
15774,28334,2026-06-30 00:00:00,A,363
15775,28338,2024-02-17 00:00:00,A,1317
15776,28339,2026-07-13 00:00:00,A,1041
15777,28340,2023-05-11 00:00:00,B,199
15778,28341,2025-09-24 00:00:00,A,6
15779,28343,2026-07-13 00:00:00,A,1000
15780,28346,2024-11-06 00:00:00,A,837
15781,28349,2025-02-27 00:00:00,B,845
15782,28352,2024-12-09 00:00:00,A,969
15783,28353,2023-08-18 00:00:00,A,1159
15784,28354,2025-05-27 00:00:00,A,822
15785,28355,2026-01-31 00:00:00,A,37
15786,28356,2026-02-15 00:00:00,A,687
15787,28358,2024-03-09 00:00:00,A,1229
15788,28359,2025-12-04 00:00:00,A,835
15789,28363,2025-08-14 00:00:00,A,213
15790,28364,2023-12-07 00:00:00,A,1309
15791,28365,2026-07-13 00:00:00,C,368
15792,28369,2026-05-10 00:00:00,A,846
15793,28370,2024-03-22 00:00:00,A,37
15794,28372,2023-06-05 00:00:00,C,763
15795,28373,2026-07-13 00:00:00,B,898
15796,28374,2024-04-19 00:00:00,A,260
15797,28375,2026-02-08 00:00:00,A,976
15798,28377,2024-11-17 00:00:00,B,1177
15799,28378,2023-08-03 00:00:00,A,735
15800,28379,2023-05-01 00:00:00,A,1281
15801,28380,2024-02-21 00:00:00,A,718
15802,28381,2025-09-28 00:00:00,C,760
15803,28385,2026-07-13 00:00:00,A,1130
15804,28386,2026-01-05 00:00:00,B,770
15805,28387,2024-06-18 00:00:00,A,177
15806,28388,2026-05-01 00:00:00,C,1235
15807,28390,2026-07-13 00:00:00,C,478
15808,28394,2025-04-22 00:00:00,A,61
15809,28397,2023-10-10 00:00:00,A,83
15810,28399,2026-04-15 00:00:00,C,167
15811,28401,2024-07-29 00:00:00,A,472
15812,28402,2026-04-24 00:00:00,A,599
15813,28403,2026-04-15 00:00:00,A,615
15814,28405,2025-05-03 00:00:00,A,385
15815,28407,2026-03-28 00:00:00,A,929
15816,28408,2026-07-13 00:00:00,A,700
15817,28413,2024-07-13 00:00:00,A,466
15818,28414,2026-03-03 00:00:00,A,125
15819,28415,2025-10-26 00:00:00,C,630
15820,28416,2026-05-12 00:00:00,A,944
15821,28418,2024-06-16 00:00:00,C,37
15822,28419,2023-12-16 00:00:00,A,137
15823,28420,2025-02-11 00:00:00,C,1221
15824,28422,2025-07-28 00:00:00,C,1330
15825,28423,2026-07-01 00:00:00,C,310
15826,28424,2026-01-18 00:00:00,A,94
15827,28425,2025-10-16 00:00:00,A,71
15828,28427,2025-02-23 00:00:00,B,247
15829,28428,2025-09-14 00:00:00,A,510
15830,28430,2023-09-04 00:00:00,A,1301
15831,28431,2024-05-24 00:00:00,A,1027
15832,28432,2026-03-23 00:00:00,A,733
15833,28433,2026-03-13 00:00:00,A,637
15834,28434,2023-11-22 00:00:00,C,979
15835,28437,2024-09-26 00:00:00,A,520
15836,28438,2026-03-20 00:00:00,C,707
15837,28440,2023-08-03 00:00:00,A,1265
15838,28443,2024-07-28 00:00:00,A,372
15839,28446,2025-12-28 00:00:00,A,610
15840,28447,2024-06-12 00:00:00,A,1077
15841,28448,2026-02-03 00:00:00,C,1076
15842,28449,2026-05-12 00:00:00,A,310
15843,28451,2024-02-23 00:00:00,C,1134
15844,28453,2025-03-03 00:00:00,C,650
15845,28455,2024-04-23 00:00:00,A,610
15846,28458,2026-06-02 00:00:00,A,607
15847,28459,2023-11-14 00:00:00,A,931
15848,28460,2023-11-14 00:00:00,A,287
15849,28462,2025-06-27 00:00:00,C,232
15850,28471,2025-06-28 00:00:00,A,801
15851,28472,2025-03-19 00:00:00,A,1124
15852,28478,2026-03-31 00:00:00,B,1309
15853,28479,2023-05-27 00:00:00,C,69
15854,28481,2025-11-14 00:00:00,A,1144
15855,28482,2025-07-18 00:00:00,C,695
15856,28483,2025-05-04 00:00:00,A,1106
15857,28484,2025-01-25 00:00:00,A,940
15858,28489,2026-07-13 00:00:00,A,195
15859,28490,2023-09-05 00:00:00,A,901
15860,28491,2026-06-21 00:00:00,C,219
15861,28492,2026-04-17 00:00:00,A,25
15862,28493,2026-03-06 00:00:00,A,471
15863,28494,2024-01-14 00:00:00,A,959
15864,28495,2025-10-31 00:00:00,A,635
15865,28496,2026-03-05 00:00:00,A,558
15866,28497,2025-11-19 00:00:00,C,1264
15867,28498,2026-07-13 00:00:00,B,794
15868,28500,2026-03-17 00:00:00,C,279
15869,28501,2025-02-26 00:00:00,A,68
15870,28504,2025-06-11 00:00:00,A,1085
15871,28508,2026-06-16 00:00:00,A,1115
15872,28509,2024-10-31 00:00:00,A,551
15873,28510,2024-12-26 00:00:00,A,949
15874,28511,2023-05-12 00:00:00,A,114
15875,28514,2023-06-24 00:00:00,A,377
15876,28515,2023-11-25 00:00:00,C,1208
15877,28517,2024-02-22 00:00:00,C,683
15878,28518,2026-05-20 00:00:00,A,111
15879,28522,2025-12-15 00:00:00,A,249
15880,28523,2023-08-02 00:00:00,A,380
15881,28524,2026-04-13 00:00:00,C,1127
15882,28525,2023-09-30 00:00:00,A,1269
15883,28527,2024-06-19 00:00:00,C,717
15884,28531,2025-05-02 00:00:00,C,826
15885,28533,2025-12-18 00:00:00,A,679
15886,28534,2024-07-23 00:00:00,A,469
15887,28536,2025-09-06 00:00:00,A,860
15888,28537,2025-04-02 00:00:00,A,60
15889,28538,2025-09-15 00:00:00,A,465
15890,28539,2023-06-05 00:00:00,A,1332
15891,28540,2024-11-12 00:00:00,A,242
15892,28542,2024-07-04 00:00:00,A,1183
15893,28543,2023-11-06 00:00:00,C,649
15894,28544,2024-11-11 00:00:00,A,944
15895,28546,2026-07-13 00:00:00,A,858
15896,28547,2026-04-13 00:00:00,B,330
15897,28551,2025-10-22 00:00:00,A,743
15898,28553,2023-04-25 00:00:00,A,40
15899,28555,2024-10-08 00:00:00,A,4
15900,28557,2024-09-27 00:00:00,B,737
15901,28558,2024-12-13 00:00:00,A,58
15902,28559,2026-07-13 00:00:00,A,1182
15903,28560,2024-05-23 00:00:00,A,581
15904,28563,2025-09-03 00:00:00,A,1310
15905,28565,2023-06-23 00:00:00,A,363
15906,28566,2024-09-05 00:00:00,A,630
15907,28567,2025-06-24 00:00:00,C,852
15908,28568,2024-11-28 00:00:00,A,279
15909,28569,2025-11-15 00:00:00,B,310
15910,28575,2025-03-11 00:00:00,A,715
15911,28576,2024-08-12 00:00:00,A,808
15912,28577,2024-11-26 00:00:00,A,1088
15913,28579,2026-03-18 00:00:00,A,340
15914,28583,2025-05-30 00:00:00,C,724
15915,28585,2025-05-12 00:00:00,A,455
15916,28587,2025-07-07 00:00:00,A,42
15917,28588,2026-07-13 00:00:00,A,339
15918,28589,2024-06-13 00:00:00,A,1039
15919,28591,2024-05-28 00:00:00,B,960
15920,28592,2025-09-02 00:00:00,C,713
15921,28596,2026-07-13 00:00:00,A,896
15922,28598,2026-07-13 00:00:00,A,1090
15923,28600,2024-10-23 00:00:00,C,495
15924,28601,2024-02-14 00:00:00,A,131
15925,28604,2024-07-18 00:00:00,C,1000
15926,28605,2025-06-03 00:00:00,A,1230
15927,28606,2025-03-03 00:00:00,A,1201
15928,28607,2023-12-29 00:00:00,A,138
15929,28608,2026-07-13 00:00:00,A,811
15930,28609,2024-01-25 00:00:00,A,1171
15931,28611,2026-05-29 00:00:00,A,661
15932,28614,2026-07-13 00:00:00,B,1260
15933,28615,2024-01-09 00:00:00,A,241
15934,28619,2025-02-19 00:00:00,A,1140
15935,28620,2024-11-21 00:00:00,C,261
15936,28621,2025-05-02 00:00:00,B,480
15937,28622,2025-01-16 00:00:00,A,801
15938,28623,2024-06-28 00:00:00,A,187
15939,28624,2026-06-04 00:00:00,A,1198
15940,28625,2026-07-13 00:00:00,A,354
15941,28626,2024-03-26 00:00:00,A,709
15942,28628,2023-11-07 00:00:00,A,311
15943,28629,2023-08-21 00:00:00,A,397
15944,28632,2025-07-16 00:00:00,A,392
15945,28635,2024-07-31 00:00:00,C,529
15946,28636,2023-04-25 00:00:00,A,646
15947,28638,2024-10-31 00:00:00,A,312
15948,28639,2026-04-07 00:00:00,A,1088
15949,28641,2025-11-26 00:00:00,A,859
15950,28642,2025-02-09 00:00:00,B,1306
15951,28643,2025-10-28 00:00:00,A,386
15952,28644,2025-07-08 00:00:00,C,1094
15953,28645,2026-03-22 00:00:00,C,714
15954,28648,2023-09-15 00:00:00,B,607
15955,28649,2023-12-16 00:00:00,C,303
15956,28650,2023-08-11 00:00:00,C,295
15957,28653,2024-08-16 00:00:00,B,887
15958,28655,2024-09-16 00:00:00,A,498
15959,28658,2026-07-13 00:00:00,A,802
15960,28659,2026-07-13 00:00:00,A,368
15961,28660,2024-09-02 00:00:00,C,856
15962,28661,2024-05-02 00:00:00,A,808
15963,28662,2026-04-29 00:00:00,C,480
15964,28663,2026-07-13 00:00:00,A,813
15965,28664,2025-03-05 00:00:00,A,616
15966,28665,2023-08-16 00:00:00,A,285
15967,28666,2024-05-13 00:00:00,B,371
15968,28669,2026-05-11 00:00:00,A,924
15969,28671,2024-07-02 00:00:00,A,202
15970,28672,2025-10-01 00:00:00,A,511
15971,28673,2025-07-21 00:00:00,A,185
15972,28682,2024-07-03 00:00:00,A,307
15973,28683,2025-01-03 00:00:00,C,113
15974,28685,2026-03-13 00:00:00,A,1059
15975,28689,2026-06-22 00:00:00,A,721
15976,28690,2023-10-31 00:00:00,C,761
15977,28695,2023-05-13 00:00:00,A,369
15978,28696,2025-05-28 00:00:00,C,19
15979,28699,2024-01-01 00:00:00,A,897
15980,28701,2024-04-11 00:00:00,A,1311
15981,28704,2023-05-04 00:00:00,C,1144
15982,28707,2023-05-27 00:00:00,A,1138
15983,28708,2024-12-15 00:00:00,A,198
15984,28709,2025-10-17 00:00:00,A,1087
15985,28710,2024-04-05 00:00:00,B,442
15986,28711,2024-04-05 00:00:00,B,433
15987,28718,2026-07-13 00:00:00,C,876
15988,28719,2024-04-24 00:00:00,A,467
15989,28721,2024-09-16 00:00:00,A,1201
15990,28724,2024-07-03 00:00:00,A,786
15991,28725,2024-02-08 00:00:00,C,39
15992,28728,2026-02-21 00:00:00,A,868
15993,28729,2024-07-02 00:00:00,A,598
15994,28730,2026-07-13 00:00:00,A,985
15995,28731,2024-02-15 00:00:00,C,116
15996,28732,2024-07-15 00:00:00,A,884
15997,28733,2024-09-07 00:00:00,A,646
15998,28735,2026-06-24 00:00:00,A,76
15999,28736,2024-06-20 00:00:00,A,583
16000,28737,2025-09-11 00:00:00,C,133
16001,28739,2026-07-13 00:00:00,A,121
16002,28740,2024-10-28 00:00:00,A,627
16003,28743,2023-10-27 00:00:00,C,334
16004,28744,2025-03-03 00:00:00,C,285
16005,28745,2023-11-15 00:00:00,A,9
16006,28747,2024-06-07 00:00:00,A,271
16007,28753,2025-12-16 00:00:00,A,1287
16008,28754,2024-01-17 00:00:00,A,1046
16009,28755,2025-02-03 00:00:00,A,130
16010,28758,2025-02-03 00:00:00,A,1173
16011,28761,2023-10-22 00:00:00,A,57
16012,28765,2026-07-13 00:00:00,C,836
16013,28766,2024-11-03 00:00:00,C,1173
16014,28767,2025-08-04 00:00:00,C,797
16015,28769,2024-06-18 00:00:00,A,1076
16016,28770,2026-06-16 00:00:00,C,452
16017,28771,2023-11-23 00:00:00,C,923
16018,28772,2024-12-20 00:00:00,A,970
16019,28777,2023-11-11 00:00:00,A,796
16020,28778,2024-12-22 00:00:00,B,1225
16021,28779,2025-10-04 00:00:00,A,867
16022,28780,2026-07-13 00:00:00,B,1128
16023,28782,2026-07-13 00:00:00,C,1317
16024,28783,2024-12-26 00:00:00,A,1301
16025,28784,2024-03-30 00:00:00,B,555
16026,28786,2025-03-31 00:00:00,C,387
16027,28788,2024-07-28 00:00:00,A,445
16028,28789,2025-05-14 00:00:00,B,39
16029,28791,2024-11-06 00:00:00,A,1210
16030,28793,2026-05-29 00:00:00,A,56
16031,28794,2024-01-24 00:00:00,B,882
16032,28797,2026-01-24 00:00:00,C,511
16033,28798,2023-12-22 00:00:00,C,56
16034,28800,2025-08-30 00:00:00,A,327
16035,28803,2026-03-10 00:00:00,A,1234
16036,28804,2026-06-24 00:00:00,A,924
16037,28807,2026-07-13 00:00:00,A,397
16038,28808,2023-07-29 00:00:00,A,864
16039,28809,2024-09-22 00:00:00,C,1150
16040,28810,2024-11-07 00:00:00,A,172
16041,28811,2024-06-04 00:00:00,A,212
16042,28812,2025-05-15 00:00:00,A,1325
16043,28814,2024-01-02 00:00:00,A,715
16044,28817,2025-10-19 00:00:00,C,674
16045,28820,2024-10-03 00:00:00,C,124
16046,28821,2025-03-09 00:00:00,A,1296
16047,28823,2026-07-13 00:00:00,A,549
16048,28828,2023-10-18 00:00:00,A,750
16049,28834,2025-08-11 00:00:00,A,724
16050,28836,2025-05-04 00:00:00,C,877
16051,28837,2024-08-10 00:00:00,A,98
16052,28839,2024-03-13 00:00:00,C,45
16053,28841,2025-08-23 00:00:00,A,694
16054,28842,2026-04-04 00:00:00,B,204
16055,28844,2023-12-13 00:00:00,A,720
16056,28847,2025-01-29 00:00:00,A,1000
16057,28848,2026-07-13 00:00:00,A,42
16058,28849,2025-06-15 00:00:00,A,1133
16059,28850,2023-11-18 00:00:00,A,44
16060,28851,2025-10-27 00:00:00,A,801
16061,28852,2024-07-29 00:00:00,C,147
16062,28855,2026-07-13 00:00:00,A,740
16063,28856,2023-11-21 00:00:00,A,426
16064,28858,2026-07-13 00:00:00,C,324
16065,28860,2026-05-18 00:00:00,A,708
16066,28863,2025-03-21 00:00:00,A,921
16067,28864,2023-10-19 00:00:00,A,565
16068,28865,2025-09-12 00:00:00,C,993
16069,28866,2023-04-03 00:00:00,A,445
16070,28867,2024-08-31 00:00:00,C,1312
16071,28868,2024-01-23 00:00:00,B,622
16072,28871,2024-05-06 00:00:00,C,1104
16073,28872,2026-07-13 00:00:00,A,512
16074,28873,2026-03-19 00:00:00,A,1180
16075,28874,2025-04-04 00:00:00,C,417
16076,28876,2024-04-09 00:00:00,A,1231
16077,28877,2024-06-16 00:00:00,A,608
16078,28879,2024-12-22 00:00:00,A,593
16079,28880,2025-05-25 00:00:00,A,1081
16080,28882,2026-07-13 00:00:00,A,632
16081,28883,2025-11-24 00:00:00,A,1247
16082,28885,2024-12-02 00:00:00,A,531
16083,28889,2023-06-22 00:00:00,A,283
16084,28890,2024-04-05 00:00:00,C,1178
16085,28893,2026-01-11 00:00:00,C,188
16086,28895,2026-07-13 00:00:00,A,615
16087,28896,2025-02-07 00:00:00,A,1165
16088,28897,2025-10-26 00:00:00,A,446
16089,28905,2026-07-13 00:00:00,A,789
16090,28906,2026-07-13 00:00:00,A,175
16091,28909,2025-12-25 00:00:00,A,1131
16092,28914,2025-11-18 00:00:00,A,1112
16093,28915,2024-01-06 00:00:00,C,604
16094,28917,2026-02-23 00:00:00,A,823
16095,28921,2025-08-12 00:00:00,A,740
16096,28926,2023-11-21 00:00:00,A,11
16097,28927,2026-07-13 00:00:00,A,838
16098,28931,2025-09-26 00:00:00,B,1329
16099,28932,2024-01-21 00:00:00,C,291
16100,28933,2026-02-12 00:00:00,C,827
16101,28935,2023-11-11 00:00:00,A,257
16102,28936,2025-12-02 00:00:00,A,858
16103,28938,2024-01-26 00:00:00,A,969
16104,28939,2024-12-11 00:00:00,A,1138
16105,28940,2023-12-22 00:00:00,A,914
16106,28941,2026-03-07 00:00:00,B,21
16107,28944,2023-10-20 00:00:00,A,1257
16108,28945,2024-09-27 00:00:00,A,277
16109,28947,2023-07-09 00:00:00,A,1192
16110,28949,2026-03-20 00:00:00,A,1172
16111,28950,2026-05-29 00:00:00,A,511
16112,28951,2024-06-10 00:00:00,C,1178
16113,28955,2026-02-02 00:00:00,C,218
16114,28956,2024-03-28 00:00:00,A,115
16115,28957,2025-11-19 00:00:00,A,813
16116,28958,2024-04-22 00:00:00,A,600
16117,28959,2026-06-02 00:00:00,A,1142
16118,28960,2026-07-13 00:00:00,A,967
16119,28961,2025-03-24 00:00:00,A,1228
16120,28963,2024-06-20 00:00:00,C,1121
16121,28964,2026-03-09 00:00:00,A,84
16122,28965,2023-08-06 00:00:00,B,280
16123,28966,2025-09-27 00:00:00,A,768
16124,28967,2026-01-23 00:00:00,A,88
16125,28968,2025-10-19 00:00:00,B,1294
16126,28969,2026-07-13 00:00:00,A,724
16127,28970,2025-04-16 00:00:00,A,295
16128,28974,2024-02-28 00:00:00,B,490
16129,28975,2026-04-03 00:00:00,A,155
16130,28978,2026-07-04 00:00:00,A,610
16131,28979,2024-03-06 00:00:00,A,158
16132,28980,2025-05-02 00:00:00,A,1119
16133,28982,2025-03-01 00:00:00,A,1157
16134,28984,2023-12-22 00:00:00,A,651
16135,28985,2023-09-22 00:00:00,A,616
16136,28986,2024-09-13 00:00:00,A,71
16137,28987,2024-02-08 00:00:00,A,443
16138,28988,2025-04-22 00:00:00,C,455
16139,28989,2024-04-20 00:00:00,A,1105
16140,28991,2024-03-08 00:00:00,A,652
16141,28993,2026-03-19 00:00:00,A,1298
16142,28994,2025-08-22 00:00:00,C,1251
16143,28995,2025-06-24 00:00:00,C,1262
16144,28997,2025-08-06 00:00:00,A,1110
16145,28998,2024-12-09 00:00:00,A,585
16146,28999,2026-01-10 00:00:00,C,544
16147,29001,2024-07-17 00:00:00,A,211
16148,29005,2024-09-08 00:00:00,B,1316
16149,29006,2026-01-13 00:00:00,A,202
16150,29007,2023-07-09 00:00:00,A,531
16151,29008,2023-04-17 00:00:00,A,472
16152,29011,2025-11-22 00:00:00,B,188
16153,29012,2025-09-02 00:00:00,A,1092
16154,29013,2026-07-13 00:00:00,C,1050
16155,29016,2026-04-17 00:00:00,A,41
16156,29017,2023-11-15 00:00:00,A,990
16157,29021,2025-02-19 00:00:00,A,1208
16158,29023,2024-01-22 00:00:00,A,1247
16159,29024,2023-05-29 00:00:00,A,611
16160,29025,2024-10-25 00:00:00,C,133
16161,29026,2026-05-18 00:00:00,C,109
16162,29027,2026-07-13 00:00:00,A,1299
16163,29029,2023-10-20 00:00:00,C,236
16164,29030,2025-10-23 00:00:00,A,787
16165,29032,2024-05-30 00:00:00,C,114
16166,29035,2024-01-27 00:00:00,B,142
16167,29036,2025-02-13 00:00:00,C,504
16168,29037,2026-07-13 00:00:00,A,247
16169,29041,2024-08-22 00:00:00,A,414
16170,29044,2025-12-19 00:00:00,B,1219
16171,29046,2025-02-27 00:00:00,A,489
16172,29047,2024-02-17 00:00:00,A,1078
16173,29049,2026-06-09 00:00:00,C,181
16174,29050,2026-03-11 00:00:00,A,16
16175,29052,2026-07-09 00:00:00,A,1086
16176,29053,2024-02-07 00:00:00,A,864
16177,29054,2025-05-17 00:00:00,C,121
16178,29058,2026-07-13 00:00:00,C,62
16179,29061,2026-07-13 00:00:00,C,1191
16180,29063,2023-04-18 00:00:00,C,1268
16181,29066,2024-03-02 00:00:00,C,46
16182,29067,2026-06-27 00:00:00,A,632
16183,29068,2026-04-18 00:00:00,C,403
16184,29071,2024-12-31 00:00:00,A,1058
16185,29076,2025-01-31 00:00:00,A,984
16186,29077,2023-07-25 00:00:00,A,1045
16187,29079,2025-05-30 00:00:00,A,727
16188,29080,2025-10-29 00:00:00,A,521
16189,29084,2026-01-02 00:00:00,C,677
16190,29085,2025-08-06 00:00:00,C,605
16191,29086,2024-03-18 00:00:00,A,785
16192,29087,2024-06-02 00:00:00,A,84
16193,29089,2025-03-05 00:00:00,A,203
16194,29090,2026-01-08 00:00:00,A,22
16195,29094,2023-10-17 00:00:00,A,822
16196,29096,2023-09-22 00:00:00,A,608
16197,29097,2025-10-20 00:00:00,A,186
16198,29098,2025-08-17 00:00:00,B,142
16199,29099,2023-07-23 00:00:00,A,1293
16200,29101,2025-11-22 00:00:00,A,185
16201,29102,2026-07-13 00:00:00,A,168
16202,29103,2025-08-28 00:00:00,A,408
16203,29104,2026-03-26 00:00:00,C,1192
16204,29106,2026-06-17 00:00:00,A,347
16205,29107,2023-10-09 00:00:00,A,1213
16206,29108,2026-03-30 00:00:00,A,811
16207,29109,2024-08-08 00:00:00,A,816
16208,29110,2025-04-15 00:00:00,A,78
16209,29113,2024-11-18 00:00:00,C,695
16210,29114,2026-07-13 00:00:00,A,803
16211,29116,2024-01-28 00:00:00,A,963
16212,29117,2025-03-28 00:00:00,A,792
16213,29121,2023-04-24 00:00:00,A,923
16214,29123,2026-07-13 00:00:00,C,1297
16215,29124,2024-01-13 00:00:00,B,414
16216,29125,2026-07-13 00:00:00,A,996
16217,29126,2026-02-15 00:00:00,A,390
16218,29127,2025-07-26 00:00:00,A,899
16219,29128,2025-04-13 00:00:00,C,982
16220,29131,2023-10-27 00:00:00,A,611
16221,29133,2024-01-06 00:00:00,A,573
16222,29134,2024-09-11 00:00:00,A,381
16223,29135,2026-01-11 00:00:00,A,587
16224,29136,2024-08-19 00:00:00,A,550
16225,29138,2025-06-30 00:00:00,A,780
16226,29139,2024-01-25 00:00:00,B,25
16227,29140,2026-05-25 00:00:00,A,162
16228,29141,2025-09-16 00:00:00,A,1108
16229,29142,2023-10-25 00:00:00,A,1247
16230,29147,2024-02-05 00:00:00,C,256
16231,29148,2024-09-25 00:00:00,A,71
16232,29151,2025-10-11 00:00:00,C,968
16233,29152,2025-08-20 00:00:00,B,1125
16234,29153,2025-10-18 00:00:00,A,982
16235,29156,2026-02-18 00:00:00,A,1187
16236,29161,2024-09-16 00:00:00,A,1081
16237,29164,2026-04-22 00:00:00,A,897
16238,29172,2024-06-27 00:00:00,A,1131
16239,29173,2025-12-22 00:00:00,A,60
16240,29174,2025-05-16 00:00:00,A,1
16241,29175,2026-07-13 00:00:00,A,765
16242,29176,2024-09-07 00:00:00,C,83
16243,29177,2026-06-27 00:00:00,A,486
16244,29179,2024-10-28 00:00:00,A,392
16245,29181,2023-07-26 00:00:00,B,408
16246,29182,2023-10-29 00:00:00,A,341
16247,29183,2025-02-17 00:00:00,A,1020
16248,29185,2023-05-07 00:00:00,C,420
16249,29186,2026-07-13 00:00:00,A,1120
16250,29187,2024-10-15 00:00:00,A,373
16251,29189,2026-01-05 00:00:00,C,9
16252,29193,2023-11-02 00:00:00,A,661
16253,29194,2023-10-14 00:00:00,C,1289
16254,29195,2025-12-01 00:00:00,A,323
16255,29200,2025-02-03 00:00:00,B,247
16256,29201,2025-02-18 00:00:00,A,1294
16257,29203,2025-10-23 00:00:00,A,575
16258,29207,2026-07-13 00:00:00,C,68
16259,29208,2026-07-01 00:00:00,A,789
16260,29209,2024-05-07 00:00:00,A,417
16261,29211,2025-07-23 00:00:00,A,478
16262,29212,2025-11-17 00:00:00,A,367
16263,29213,2025-06-22 00:00:00,A,87
16264,29216,2023-10-17 00:00:00,A,542
16265,29219,2026-04-09 00:00:00,C,1201
16266,29221,2026-02-16 00:00:00,A,147
16267,29223,2025-05-12 00:00:00,B,237
16268,29224,2025-11-02 00:00:00,C,1139
16269,29226,2024-10-09 00:00:00,A,717
16270,29227,2024-10-16 00:00:00,A,1095
16271,29230,2023-11-26 00:00:00,C,714
16272,29231,2024-06-18 00:00:00,B,1159
16273,29232,2025-01-31 00:00:00,C,954
16274,29233,2026-07-13 00:00:00,C,335
16275,29234,2024-06-27 00:00:00,A,1212
16276,29235,2023-07-05 00:00:00,A,141
16277,29239,2026-07-13 00:00:00,A,257
16278,29242,2025-03-24 00:00:00,B,97
16279,29243,2026-07-13 00:00:00,A,1025
16280,29245,2026-07-13 00:00:00,A,199
16281,29247,2025-12-06 00:00:00,A,519
16282,29248,2026-05-05 00:00:00,A,525
16283,29249,2025-04-21 00:00:00,C,344
16284,29253,2024-02-02 00:00:00,A,1221
16285,29254,2023-12-12 00:00:00,A,889
16286,29255,2023-10-15 00:00:00,A,960
16287,29256,2026-07-13 00:00:00,A,1113
16288,29257,2025-12-21 00:00:00,A,785
16289,29258,2024-05-18 00:00:00,C,1189
16290,29260,2026-04-26 00:00:00,C,504
16291,29262,2025-09-20 00:00:00,C,790
16292,29263,2024-09-15 00:00:00,A,1076
16293,29264,2025-10-31 00:00:00,A,790
16294,29267,2025-06-09 00:00:00,A,869
16295,29269,2024-10-18 00:00:00,A,946
16296,29271,2025-10-19 00:00:00,A,677
16297,29273,2024-09-08 00:00:00,C,845
16298,29275,2023-08-06 00:00:00,A,305
16299,29278,2023-05-11 00:00:00,A,386
16300,29281,2024-08-23 00:00:00,C,1212
16301,29282,2025-12-11 00:00:00,A,402
16302,29284,2024-12-30 00:00:00,C,894
16303,29285,2026-07-13 00:00:00,C,495
16304,29287,2025-07-04 00:00:00,A,175
16305,29288,2026-04-04 00:00:00,C,464
16306,29289,2025-03-22 00:00:00,A,1207
16307,29290,2024-01-29 00:00:00,A,290
16308,29292,2023-10-04 00:00:00,A,1304
16309,29294,2023-07-27 00:00:00,A,924
16310,29296,2024-11-25 00:00:00,C,25
16311,29298,2024-02-27 00:00:00,C,360
16312,29301,2024-06-28 00:00:00,A,576
16313,29302,2024-09-22 00:00:00,A,55
16314,29303,2024-04-16 00:00:00,A,1064
16315,29304,2025-07-19 00:00:00,A,841
16316,29305,2023-09-30 00:00:00,A,685
16317,29307,2025-09-01 00:00:00,A,907
16318,29310,2024-05-23 00:00:00,A,1268
16319,29314,2025-12-03 00:00:00,B,560
16320,29315,2024-09-10 00:00:00,A,644
16321,29317,2026-04-16 00:00:00,A,733
16322,29318,2026-02-14 00:00:00,A,1299
16323,29319,2026-01-03 00:00:00,A,334
16324,29320,2024-04-05 00:00:00,A,704
16325,29321,2024-06-23 00:00:00,A,1110
16326,29324,2025-09-19 00:00:00,A,800
16327,29325,2025-12-29 00:00:00,B,617
16328,29330,2024-06-11 00:00:00,B,446
16329,29331,2025-04-26 00:00:00,A,128
16330,29333,2023-11-02 00:00:00,C,759
16331,29334,2024-06-28 00:00:00,A,833
16332,29336,2025-05-25 00:00:00,C,1238
16333,29337,2023-02-11 00:00:00,A,267
16334,29338,2025-12-28 00:00:00,A,1153
16335,29340,2023-04-19 00:00:00,A,531
16336,29341,2026-07-13 00:00:00,A,485
16337,29342,2024-04-03 00:00:00,A,616
16338,29343,2025-05-15 00:00:00,C,496
16339,29345,2025-02-22 00:00:00,B,797
16340,29346,2023-12-12 00:00:00,A,1007
16341,29347,2023-07-19 00:00:00,A,531
16342,29348,2023-10-03 00:00:00,A,290
16343,29349,2025-09-07 00:00:00,A,578
16344,29350,2024-09-06 00:00:00,A,746
16345,29351,2024-09-07 00:00:00,B,1063
16346,29356,2023-08-11 00:00:00,A,715
16347,29357,2024-11-12 00:00:00,A,1141
16348,29363,2026-07-13 00:00:00,A,201
16349,29367,2025-11-23 00:00:00,A,569
16350,29371,2025-02-27 00:00:00,A,670
16351,29372,2025-08-14 00:00:00,A,651
16352,29374,2026-07-13 00:00:00,A,1047
16353,29377,2024-11-23 00:00:00,A,1275
16354,29378,2026-07-13 00:00:00,A,722
16355,29382,2024-10-10 00:00:00,B,337
16356,29383,2024-12-14 00:00:00,A,1259
16357,29387,2026-02-25 00:00:00,A,542
16358,29388,2024-07-05 00:00:00,C,1296
16359,29389,2024-07-17 00:00:00,C,113
16360,29390,2024-07-26 00:00:00,C,1249
16361,29396,2025-02-17 00:00:00,A,1
16362,29397,2024-02-21 00:00:00,A,508
16363,29398,2026-07-13 00:00:00,A,823
16364,29399,2023-11-08 00:00:00,C,1000
16365,29406,2024-07-09 00:00:00,C,174
16366,29407,2024-05-21 00:00:00,C,654
16367,29413,2024-12-22 00:00:00,C,14
16368,29416,2024-03-10 00:00:00,A,664
16369,29419,2024-11-10 00:00:00,A,372
16370,29420,2024-10-06 00:00:00,C,254
16371,29426,2024-02-28 00:00:00,B,745
16372,29428,2025-05-19 00:00:00,C,801
16373,29434,2026-01-13 00:00:00,A,622
16374,29437,2025-09-16 00:00:00,B,1280
16375,29439,2025-04-22 00:00:00,A,1211
16376,29442,2026-07-13 00:00:00,A,1076
16377,29444,2024-01-20 00:00:00,A,828
16378,29445,2025-03-24 00:00:00,A,797
16379,29449,2024-08-31 00:00:00,A,934
16380,29451,2024-01-25 00:00:00,A,362
16381,29456,2025-10-05 00:00:00,C,714
16382,29457,2025-09-24 00:00:00,A,1054
16383,29460,2026-06-12 00:00:00,A,805
16384,29461,2026-01-17 00:00:00,A,1227
16385,29463,2024-07-13 00:00:00,C,958
16386,29467,2025-11-01 00:00:00,B,416
16387,29470,2024-08-04 00:00:00,A,1144
16388,29471,2026-07-13 00:00:00,A,538
16389,29472,2025-09-28 00:00:00,A,1196
16390,29473,2024-04-07 00:00:00,A,901
16391,29474,2024-07-04 00:00:00,C,680
16392,29475,2023-12-30 00:00:00,A,561
16393,29479,2026-05-29 00:00:00,C,386
16394,29481,2023-09-22 00:00:00,A,989
16395,29483,2025-11-05 00:00:00,A,361
16396,29484,2025-04-07 00:00:00,A,354
16397,29485,2025-01-04 00:00:00,C,887
16398,29486,2024-03-19 00:00:00,A,856
16399,29487,2024-02-14 00:00:00,A,999
16400,29488,2026-07-13 00:00:00,C,1238
16401,29489,2026-07-13 00:00:00,A,282
16402,29490,2026-04-07 00:00:00,A,979
16403,29493,2023-11-11 00:00:00,A,1189
16404,29496,2023-05-22 00:00:00,A,97
16405,29500,2024-07-18 00:00:00,C,138
16406,29502,2026-03-07 00:00:00,C,28
16407,29505,2026-07-01 00:00:00,A,102
16408,29506,2026-05-19 00:00:00,A,273
16409,29507,2024-09-29 00:00:00,C,807
16410,29508,2023-10-31 00:00:00,A,1174
16411,29509,2026-07-13 00:00:00,A,346
16412,29510,2024-05-10 00:00:00,A,107
16413,29511,2024-08-05 00:00:00,A,80
16414,29516,2026-05-17 00:00:00,A,1061
16415,29518,2024-09-22 00:00:00,C,984
16416,29520,2026-03-19 00:00:00,A,1305
16417,29523,2025-07-01 00:00:00,A,291
16418,29524,2024-05-15 00:00:00,C,1186
16419,29525,2026-01-06 00:00:00,A,709
16420,29527,2026-04-23 00:00:00,A,1278
16421,29528,2023-11-11 00:00:00,A,487
16422,29530,2025-04-26 00:00:00,A,924
16423,29538,2025-07-19 00:00:00,A,1233
16424,29540,2023-08-28 00:00:00,C,888
16425,29541,2025-08-09 00:00:00,C,828
16426,29542,2025-08-30 00:00:00,A,387
16427,29543,2025-02-16 00:00:00,A,632
16428,29545,2023-07-15 00:00:00,A,696
16429,29546,2023-03-25 00:00:00,A,628
16430,29547,2024-04-07 00:00:00,A,1016
16431,29549,2026-05-08 00:00:00,A,323
16432,29551,2023-07-24 00:00:00,A,971
16433,29552,2026-07-13 00:00:00,A,1020
16434,29553,2025-06-21 00:00:00,A,723
16435,29554,2025-11-15 00:00:00,A,1024
16436,29556,2025-02-19 00:00:00,A,54
16437,29558,2026-05-12 00:00:00,A,754
16438,29559,2026-05-31 00:00:00,A,93
16439,29560,2026-01-08 00:00:00,A,705
16440,29563,2026-03-04 00:00:00,A,248
16441,29565,2024-04-24 00:00:00,A,587
16442,29567,2023-12-31 00:00:00,A,1120
16443,29569,2025-01-26 00:00:00,A,883
16444,29570,2024-02-18 00:00:00,A,349
16445,29571,2026-05-18 00:00:00,A,137
16446,29572,2024-09-06 00:00:00,A,481
16447,29573,2023-11-26 00:00:00,A,945
16448,29574,2023-10-31 00:00:00,A,1055
16449,29575,2026-07-13 00:00:00,A,163
16450,29577,2024-01-16 00:00:00,A,31
16451,29578,2023-09-17 00:00:00,A,355
16452,29579,2025-10-02 00:00:00,C,735
16453,29580,2024-12-24 00:00:00,A,1149
16454,29581,2026-07-13 00:00:00,A,125
16455,29582,2024-04-30 00:00:00,A,820
16456,29583,2025-12-26 00:00:00,A,604
16457,29585,2024-01-01 00:00:00,A,1107
16458,29586,2025-05-15 00:00:00,A,1076
16459,29587,2024-04-21 00:00:00,A,620
16460,29591,2025-06-25 00:00:00,A,1222
16461,29593,2023-09-18 00:00:00,A,1197
16462,29595,2023-12-12 00:00:00,B,52
16463,29596,2025-01-25 00:00:00,C,361
16464,29598,2024-09-19 00:00:00,A,588
16465,29601,2024-03-17 00:00:00,A,3
16466,29602,2023-04-13 00:00:00,A,154
16467,29603,2023-09-21 00:00:00,A,877
16468,29604,2024-09-21 00:00:00,A,649
16469,29605,2023-10-14 00:00:00,A,114
16470,29608,2024-01-20 00:00:00,A,495
16471,29609,2025-09-04 00:00:00,A,360
16472,29612,2026-06-14 00:00:00,C,1224
16473,29614,2025-05-18 00:00:00,B,809
16474,29618,2026-06-08 00:00:00,C,109
16475,29619,2024-08-28 00:00:00,B,1314
16476,29621,2026-05-06 00:00:00,A,741
16477,29622,2025-07-08 00:00:00,A,834
16478,29625,2023-08-15 00:00:00,A,286
16479,29626,2023-10-10 00:00:00,A,28
16480,29631,2026-02-13 00:00:00,C,278
16481,29632,2025-12-25 00:00:00,A,1293
16482,29633,2026-02-12 00:00:00,A,1113
16483,29634,2025-04-03 00:00:00,A,1153
16484,29635,2025-08-01 00:00:00,A,167
16485,29636,2025-07-15 00:00:00,A,1122
16486,29637,2024-05-12 00:00:00,B,714
16487,29638,2024-10-15 00:00:00,A,1036
16488,29640,2023-08-31 00:00:00,A,612
16489,29643,2024-07-11 00:00:00,C,18
16490,29644,2025-01-24 00:00:00,A,388
16491,29645,2023-09-13 00:00:00,A,1205
16492,29647,2024-09-28 00:00:00,A,1153
16493,29651,2026-04-23 00:00:00,A,59
16494,29652,2026-04-14 00:00:00,A,1019
16495,29654,2026-07-13 00:00:00,C,899
16496,29656,2025-10-05 00:00:00,A,1251
16497,29657,2025-05-09 00:00:00,A,1179
16498,29659,2024-06-26 00:00:00,A,231
16499,29660,2026-01-20 00:00:00,C,899
16500,29661,2026-07-13 00:00:00,C,547
16501,29662,2023-05-24 00:00:00,B,618
16502,29663,2024-07-30 00:00:00,A,650
16503,29666,2026-01-18 00:00:00,A,716
16504,29667,2026-07-09 00:00:00,C,736
16505,29668,2024-06-24 00:00:00,A,398
16506,29670,2024-09-30 00:00:00,A,1102
16507,29671,2025-07-17 00:00:00,A,21
16508,29673,2025-06-03 00:00:00,A,608
16509,29674,2023-11-06 00:00:00,C,274
16510,29675,2024-03-05 00:00:00,A,465
16511,29676,2023-12-16 00:00:00,B,347
16512,29678,2023-06-21 00:00:00,A,381
16513,29679,2024-01-22 00:00:00,A,528
16514,29683,2026-01-09 00:00:00,B,884
16515,29684,2025-01-10 00:00:00,A,332
16516,29686,2024-01-14 00:00:00,A,1216
16517,29687,2026-04-30 00:00:00,A,1261
16518,29689,2024-06-08 00:00:00,A,896
16519,29691,2025-05-26 00:00:00,A,140
16520,29692,2026-07-13 00:00:00,A,638
16521,29694,2025-05-18 00:00:00,A,341
16522,29696,2024-08-11 00:00:00,A,936
16523,29698,2023-04-14 00:00:00,A,328
16524,29699,2024-01-29 00:00:00,A,1204
16525,29701,2025-10-09 00:00:00,A,133
16526,29703,2023-12-26 00:00:00,A,756
16527,29705,2024-07-09 00:00:00,C,1305
16528,29706,2025-10-13 00:00:00,A,355
16529,29709,2025-04-10 00:00:00,A,482
16530,29712,2023-12-15 00:00:00,A,168
16531,29713,2025-08-12 00:00:00,A,673
16532,29714,2023-11-16 00:00:00,A,1219
16533,29716,2024-05-26 00:00:00,B,336
16534,29721,2026-02-06 00:00:00,A,889
16535,29722,2026-03-14 00:00:00,C,209
16536,29724,2025-01-23 00:00:00,A,384
16537,29726,2023-09-27 00:00:00,C,1256
16538,29729,2023-12-24 00:00:00,A,885
16539,29731,2025-11-22 00:00:00,A,553
16540,29732,2024-07-18 00:00:00,A,404
16541,29734,2024-07-29 00:00:00,C,393
16542,29738,2024-02-11 00:00:00,A,278
16543,29743,2026-07-13 00:00:00,C,333
16544,29744,2023-11-25 00:00:00,C,218
16545,29746,2026-03-17 00:00:00,B,1178
16546,29747,2023-09-17 00:00:00,C,1325
16547,29748,2026-07-13 00:00:00,A,836
16548,29750,2023-12-28 00:00:00,B,1153
16549,29752,2025-06-08 00:00:00,C,1179
16550,29754,2025-04-03 00:00:00,B,419
16551,29755,2026-07-13 00:00:00,C,579
16552,29756,2026-03-02 00:00:00,A,1283
16553,29757,2023-09-28 00:00:00,A,946
16554,29761,2024-01-18 00:00:00,C,204
16555,29764,2026-01-09 00:00:00,A,283
16556,29765,2023-04-26 00:00:00,A,1159
16557,29766,2026-05-04 00:00:00,A,159
16558,29768,2026-07-13 00:00:00,A,1212
16559,29769,2025-10-22 00:00:00,A,852
16560,29772,2023-06-24 00:00:00,B,1190
16561,29773,2026-01-29 00:00:00,C,419
16562,29774,2024-01-23 00:00:00,B,600
16563,29775,2026-03-03 00:00:00,A,1054
16564,29777,2026-01-03 00:00:00,A,1003
16565,29779,2026-07-13 00:00:00,A,811
16566,29780,2024-07-11 00:00:00,A,430
16567,29783,2026-06-05 00:00:00,A,1042
16568,29785,2026-04-02 00:00:00,A,1183
16569,29786,2024-08-21 00:00:00,A,271
16570,29787,2023-10-23 00:00:00,A,365
16571,29789,2025-07-06 00:00:00,A,88
16572,29790,2024-05-31 00:00:00,A,871
16573,29791,2023-11-01 00:00:00,C,93
16574,29794,2026-01-25 00:00:00,A,249
16575,29796,2026-05-30 00:00:00,A,980
16576,29799,2026-05-19 00:00:00,C,1167
16577,29801,2026-07-13 00:00:00,A,568
16578,29802,2024-01-09 00:00:00,A,366
16579,29803,2025-02-22 00:00:00,A,389
16580,29804,2024-04-08 00:00:00,C,922
16581,29808,2024-10-27 00:00:00,A,950
16582,29811,2026-07-02 00:00:00,A,629
16583,29814,2026-04-09 00:00:00,A,1130
16584,29817,2024-03-07 00:00:00,C,1317
16585,29818,2025-03-26 00:00:00,A,1208
16586,29819,2025-05-15 00:00:00,C,720
16587,29820,2025-06-11 00:00:00,A,557
16588,29822,2025-04-04 00:00:00,A,649
16589,29823,2024-09-13 00:00:00,A,254
16590,29827,2023-09-17 00:00:00,A,795
16591,29829,2025-02-02 00:00:00,A,1307
16592,29831,2026-03-02 00:00:00,A,971
16593,29832,2024-06-22 00:00:00,A,331
16594,29835,2023-12-03 00:00:00,C,16
16595,29837,2024-11-28 00:00:00,B,1163
16596,29840,2023-09-10 00:00:00,B,587
16597,29842,2024-11-19 00:00:00,A,249
16598,29844,2023-09-16 00:00:00,A,1172
16599,29845,2024-05-20 00:00:00,A,792
16600,29846,2026-06-15 00:00:00,A,631
16601,29847,2025-05-02 00:00:00,A,90
16602,29851,2026-03-09 00:00:00,A,1073
16603,29852,2024-12-13 00:00:00,C,1304
16604,29853,2025-12-23 00:00:00,C,724
16605,29854,2026-07-08 00:00:00,C,927
16606,29855,2026-07-13 00:00:00,C,863
16607,29856,2024-06-30 00:00:00,A,725
16608,29857,2026-01-25 00:00:00,C,914
16609,29858,2025-03-29 00:00:00,A,1184
16610,29860,2026-02-18 00:00:00,A,1278
16611,29861,2025-08-22 00:00:00,A,25
16612,29865,2023-08-18 00:00:00,A,715
16613,29866,2024-01-29 00:00:00,A,424
16614,29867,2024-07-18 00:00:00,B,394
16615,29868,2026-07-13 00:00:00,C,406
16616,29869,2025-08-03 00:00:00,A,386
16617,29870,2025-01-10 00:00:00,A,433
16618,29871,2023-08-20 00:00:00,A,1041
16619,29872,2024-01-26 00:00:00,A,514
16620,29874,2026-07-13 00:00:00,A,48
16621,29875,2025-08-30 00:00:00,A,680
16622,29878,2025-02-20 00:00:00,A,867
16623,29882,2024-07-15 00:00:00,A,98
16624,29884,2025-08-17 00:00:00,B,370
16625,29885,2025-07-23 00:00:00,A,307
16626,29886,2026-07-13 00:00:00,A,1299
16627,29889,2023-06-15 00:00:00,A,655
16628,29890,2026-02-27 00:00:00,A,485
16629,29891,2023-12-12 00:00:00,C,71
16630,29892,2026-04-25 00:00:00,C,1241
16631,29894,2026-07-13 00:00:00,C,355
16632,29895,2026-07-13 00:00:00,A,96
16633,29896,2026-02-22 00:00:00,A,625
16634,29898,2024-05-27 00:00:00,A,1020
16635,29900,2024-02-09 00:00:00,A,1081
16636,29903,2023-12-30 00:00:00,A,934
16637,29907,2023-10-14 00:00:00,B,833
16638,29909,2025-10-31 00:00:00,A,1309
16639,29910,2024-02-21 00:00:00,C,1245
16640,29911,2026-07-13 00:00:00,A,164
16641,29912,2026-04-26 00:00:00,A,347
16642,29914,2025-08-29 00:00:00,C,1229
16643,29917,2025-12-04 00:00:00,A,514
16644,29918,2026-07-13 00:00:00,A,893
16645,29923,2025-05-28 00:00:00,C,406
16646,29924,2026-01-18 00:00:00,C,723
16647,29925,2025-10-21 00:00:00,A,108
16648,29927,2024-05-10 00:00:00,B,539
16649,29931,2025-07-31 00:00:00,B,208
16650,29933,2024-09-30 00:00:00,A,979
16651,29934,2023-12-20 00:00:00,A,1322
16652,29936,2026-07-13 00:00:00,A,404
16653,29937,2026-07-13 00:00:00,C,1129
16654,29941,2026-01-11 00:00:00,B,395
16655,29942,2024-04-05 00:00:00,A,413
16656,29943,2024-09-25 00:00:00,C,1086
16657,29944,2023-11-30 00:00:00,A,227
16658,29946,2024-11-29 00:00:00,B,1184
16659,29947,2026-07-13 00:00:00,C,542
16660,29948,2025-04-16 00:00:00,A,177
16661,29949,2024-01-17 00:00:00,A,395
16662,29950,2025-05-25 00:00:00,A,1093
16663,29951,2026-07-13 00:00:00,A,291
16664,29953,2024-10-25 00:00:00,A,881
16665,29955,2025-12-23 00:00:00,A,152
16666,29956,2025-04-02 00:00:00,A,741
16667,29957,2025-05-29 00:00:00,A,80
16668,29958,2025-05-14 00:00:00,A,355
16669,29959,2026-01-01 00:00:00,A,519
16670,29961,2024-11-25 00:00:00,A,1184
16671,29964,2026-07-13 00:00:00,A,147
16672,29965,2023-07-05 00:00:00,A,1069
16673,29967,2024-06-26 00:00:00,C,776
16674,29969,2026-07-13 00:00:00,A,161
16675,29971,2026-07-13 00:00:00,A,73
16676,29974,2024-06-24 00:00:00,A,684
16677,29975,2025-07-22 00:00:00,A,580
16678,29976,2026-07-13 00:00:00,B,637
16679,29977,2025-10-27 00:00:00,A,943
16680,29978,2024-12-29 00:00:00,A,1112
16681,29980,2024-12-25 00:00:00,A,1082
16682,29982,2023-09-06 00:00:00,B,923
16683,29984,2023-11-19 00:00:00,A,156
16684,29985,2026-07-13 00:00:00,A,830
16685,29987,2025-05-08 00:00:00,C,1086
16686,29988,2024-11-09 00:00:00,A,867
16687,29989,2024-08-19 00:00:00,B,758
16688,29990,2024-01-27 00:00:00,A,1196
16689,29991,2025-02-19 00:00:00,A,1000
16690,29992,2025-12-29 00:00:00,A,909
16691,29993,2026-03-15 00:00:00,C,222
16692,29994,2026-06-29 00:00:00,A,164
16693,29995,2026-07-13 00:00:00,A,481
16694,29997,2024-09-13 00:00:00,C,259
16695,29999,2025-08-30 00:00:00,C,810
16696,30000,2026-04-10 00:00:00,B,1149
16697,30004,2024-07-16 00:00:00,A,166
16698,30005,2024-12-31 00:00:00,A,761
16699,30008,2024-02-12 00:00:00,A,549
16700,30009,2023-11-01 00:00:00,A,1141
16701,30011,2023-10-04 00:00:00,A,389
16702,30012,2023-11-12 00:00:00,A,913
16703,30017,2026-07-13 00:00:00,A,1190
16704,30019,2025-09-30 00:00:00,A,1269
16705,30020,2023-12-21 00:00:00,B,1026
16706,30021,2024-07-03 00:00:00,C,189
16707,30022,2026-01-02 00:00:00,C,314
16708,30023,2024-03-17 00:00:00,A,1067
16709,30024,2024-07-09 00:00:00,A,331
16710,30025,2025-10-19 00:00:00,C,924
16711,30027,2026-07-13 00:00:00,C,1085
16712,30029,2026-07-13 00:00:00,A,311
16713,30030,2026-07-13 00:00:00,A,563
16714,30031,2024-04-21 00:00:00,C,754
16715,30032,2025-04-05 00:00:00,A,474
16716,30034,2025-06-03 00:00:00,A,319
16717,30036,2026-07-13 00:00:00,A,851
16718,30037,2025-03-10 00:00:00,A,652
16719,30039,2024-03-31 00:00:00,A,1032
16720,30041,2026-07-08 00:00:00,A,1316
16721,30043,2024-07-11 00:00:00,A,1319
16722,30046,2023-07-13 00:00:00,B,725
16723,30049,2025-07-09 00:00:00,A,1276
16724,30050,2025-10-16 00:00:00,A,34
16725,30051,2024-03-22 00:00:00,A,115
16726,30052,2026-05-09 00:00:00,A,274
16727,30053,2025-12-19 00:00:00,A,208
16728,30054,2025-04-06 00:00:00,C,524
16729,30055,2026-06-29 00:00:00,A,875
16730,30056,2026-02-19 00:00:00,C,521
16731,30058,2025-02-12 00:00:00,A,513
16732,30059,2026-07-13 00:00:00,B,621
16733,30062,2025-12-22 00:00:00,A,476
16734,30063,2026-03-29 00:00:00,C,958
16735,30064,2026-02-21 00:00:00,C,1316
16736,30065,2023-12-03 00:00:00,A,421
16737,30068,2024-03-25 00:00:00,C,698
16738,30071,2026-01-17 00:00:00,A,495
16739,30072,2025-05-10 00:00:00,A,199
16740,30073,2023-07-31 00:00:00,A,667
16741,30074,2024-03-05 00:00:00,A,1244
16742,30075,2024-08-02 00:00:00,A,462
16743,30076,2023-12-09 00:00:00,A,649
16744,30077,2024-12-20 00:00:00,A,1146
16745,30078,2026-06-29 00:00:00,A,758
16746,30080,2024-08-11 00:00:00,B,440
16747,30083,2024-12-25 00:00:00,C,861
16748,30084,2023-05-01 00:00:00,A,296
16749,30086,2025-02-19 00:00:00,A,1241
16750,30087,2024-08-25 00:00:00,A,562
16751,30090,2026-05-06 00:00:00,A,831
16752,30091,2025-05-21 00:00:00,A,99
16753,30093,2026-06-27 00:00:00,A,591
16754,30094,2024-03-09 00:00:00,C,1051
16755,30095,2023-12-30 00:00:00,A,907
16756,30096,2023-12-01 00:00:00,A,27
16757,30097,2023-08-27 00:00:00,A,168
16758,30098,2026-06-19 00:00:00,C,804
16759,30100,2023-10-29 00:00:00,C,1206
16760,30102,2025-01-13 00:00:00,A,1111
16761,30104,2025-10-19 00:00:00,A,1143
16762,30105,2026-06-16 00:00:00,A,875
16763,30106,2025-01-15 00:00:00,B,948
16764,30107,2025-12-12 00:00:00,A,1249
16765,30108,2025-03-19 00:00:00,A,1336
16766,30109,2026-04-08 00:00:00,A,965
16767,30111,2026-07-06 00:00:00,A,609
16768,30112,2025-02-19 00:00:00,A,505
16769,30113,2026-07-13 00:00:00,A,165
16770,30115,2024-06-03 00:00:00,A,301
16771,30119,2023-12-10 00:00:00,C,405
16772,30123,2026-05-02 00:00:00,A,604
16773,30124,2025-05-23 00:00:00,A,187
16774,30125,2025-12-26 00:00:00,A,1183
16775,30126,2026-07-13 00:00:00,A,808
16776,30127,2025-07-10 00:00:00,A,910
16777,30128,2024-09-04 00:00:00,A,999
16778,30129,2024-12-11 00:00:00,A,88
16779,30132,2026-06-21 00:00:00,A,876
16780,30133,2026-05-08 00:00:00,A,1214
16781,30136,2023-12-20 00:00:00,A,1041
16782,30141,2024-02-04 00:00:00,A,92
16783,30147,2023-04-12 00:00:00,A,883
16784,30148,2024-06-12 00:00:00,A,1287
16785,30149,2025-03-20 00:00:00,A,342
16786,30150,2024-09-12 00:00:00,A,588
16787,30153,2025-04-06 00:00:00,A,608
16788,30156,2025-03-02 00:00:00,A,1138
16789,30159,2023-06-10 00:00:00,A,1151
16790,30160,2023-10-25 00:00:00,A,209
16791,30163,2025-06-14 00:00:00,A,932
16792,30164,2026-05-10 00:00:00,A,10
16793,30168,2025-03-31 00:00:00,A,558
16794,30170,2024-09-21 00:00:00,B,1044
16795,30171,2026-01-01 00:00:00,B,674
16796,30173,2025-12-31 00:00:00,A,1278
16797,30175,2024-06-24 00:00:00,A,1080
16798,30177,2023-10-01 00:00:00,A,1250
16799,30179,2023-11-10 00:00:00,A,1304
16800,30180,2025-07-18 00:00:00,C,20
16801,30181,2023-09-11 00:00:00,C,138
16802,30183,2025-11-11 00:00:00,A,953
16803,30184,2026-07-13 00:00:00,A,1269
16804,30185,2025-05-29 00:00:00,A,350
16805,30192,2025-04-21 00:00:00,A,806
16806,30193,2025-05-05 00:00:00,C,581
16807,30195,2024-03-25 00:00:00,A,1102
16808,30196,2026-07-13 00:00:00,C,1122
16809,30197,2024-11-16 00:00:00,A,798
16810,30198,2025-04-02 00:00:00,A,798
16811,30199,2024-07-08 00:00:00,A,1317
16812,30203,2023-06-30 00:00:00,C,1132
16813,30204,2024-10-02 00:00:00,A,1129
16814,30206,2024-01-02 00:00:00,A,277
16815,30207,2025-02-05 00:00:00,C,623
16816,30208,2024-01-22 00:00:00,A,563
16817,30210,2025-09-09 00:00:00,A,1159
16818,30214,2024-06-17 00:00:00,B,1080
16819,30215,2025-08-14 00:00:00,A,1177
16820,30216,2024-07-16 00:00:00,A,455
16821,30218,2025-05-08 00:00:00,A,803
16822,30219,2025-01-12 00:00:00,A,1229
16823,30220,2025-10-11 00:00:00,A,353
16824,30221,2026-01-27 00:00:00,A,723
16825,30222,2024-12-31 00:00:00,A,572
16826,30224,2025-09-18 00:00:00,A,610
16827,30225,2024-12-20 00:00:00,C,626
16828,30226,2026-07-13 00:00:00,C,427
16829,30227,2026-07-13 00:00:00,A,6
16830,30229,2023-12-01 00:00:00,A,363
16831,30230,2023-06-10 00:00:00,B,328
16832,30231,2026-05-23 00:00:00,A,223
16833,30232,2026-07-13 00:00:00,B,695
16834,30233,2026-07-13 00:00:00,A,405
16835,30235,2026-06-06 00:00:00,C,242
16836,30236,2026-06-26 00:00:00,A,1319
16837,30237,2026-04-20 00:00:00,A,1290
16838,30238,2026-03-20 00:00:00,A,747
16839,30241,2023-12-04 00:00:00,A,135
16840,30242,2024-09-17 00:00:00,A,672
16841,30243,2024-08-11 00:00:00,A,888
16842,30244,2025-08-02 00:00:00,A,243
16843,30246,2023-11-25 00:00:00,A,876
16844,30248,2026-02-10 00:00:00,C,54
16845,30250,2025-12-08 00:00:00,A,32
16846,30252,2024-01-16 00:00:00,A,806
16847,30253,2025-06-18 00:00:00,A,1060
16848,30255,2025-03-19 00:00:00,A,796
16849,30257,2026-06-25 00:00:00,A,923
16850,30260,2023-05-22 00:00:00,C,1241
16851,30262,2025-03-29 00:00:00,A,868
16852,30263,2024-04-19 00:00:00,A,731
16853,30268,2024-01-31 00:00:00,C,287
16854,30269,2025-08-10 00:00:00,C,1020
16855,30270,2025-10-14 00:00:00,C,1054
16856,30271,2026-05-23 00:00:00,B,1113
16857,30273,2025-12-17 00:00:00,C,1157
16858,30275,2025-12-23 00:00:00,A,945
16859,30276,2024-08-02 00:00:00,A,760
16860,30277,2024-04-10 00:00:00,A,1223
16861,30278,2024-03-21 00:00:00,B,83
16862,30279,2024-07-26 00:00:00,A,835
16863,30281,2025-10-18 00:00:00,C,799
16864,30283,2024-02-07 00:00:00,A,406
16865,30287,2025-09-09 00:00:00,B,455
16866,30288,2024-02-01 00:00:00,A,1086
16867,30289,2025-12-29 00:00:00,C,489
16868,30290,2023-07-31 00:00:00,C,1219
16869,30292,2026-07-13 00:00:00,A,1137
16870,30296,2023-12-07 00:00:00,A,748
16871,30299,2025-01-25 00:00:00,A,132
16872,30300,2026-02-14 00:00:00,A,1033
16873,30301,2024-07-23 00:00:00,A,514
16874,30304,2023-11-25 00:00:00,A,950
16875,30308,2023-12-15 00:00:00,C,854
16876,30309,2024-09-13 00:00:00,C,953
16877,30310,2026-07-13 00:00:00,A,916
16878,30312,2026-07-13 00:00:00,A,1010
16879,30313,2025-10-02 00:00:00,A,1014
16880,30314,2023-04-19 00:00:00,C,637
16881,30315,2026-04-02 00:00:00,C,855
16882,30318,2025-10-13 00:00:00,A,921
16883,30320,2026-01-13 00:00:00,A,661
16884,30321,2023-04-13 00:00:00,A,869
16885,30322,2024-10-23 00:00:00,C,204
16886,30323,2024-03-30 00:00:00,A,492
16887,30324,2023-05-19 00:00:00,C,806
16888,30326,2026-05-07 00:00:00,A,1286
16889,30328,2026-07-13 00:00:00,C,347
16890,30329,2024-04-01 00:00:00,B,266
16891,30332,2025-09-14 00:00:00,C,1301
16892,30333,2025-06-04 00:00:00,A,472
16893,30337,2025-03-16 00:00:00,C,675
16894,30339,2026-01-11 00:00:00,C,1044
16895,30343,2026-07-01 00:00:00,A,43
16896,30344,2025-09-25 00:00:00,A,79
16897,30346,2024-02-28 00:00:00,A,394
16898,30347,2024-04-29 00:00:00,B,81
16899,30349,2025-08-19 00:00:00,A,1224
16900,30350,2023-12-01 00:00:00,A,667
16901,30355,2025-10-27 00:00:00,A,495
16902,30356,2024-09-01 00:00:00,A,405
16903,30357,2026-05-18 00:00:00,B,672
16904,30364,2023-04-27 00:00:00,A,899
16905,30368,2026-04-25 00:00:00,B,1051
16906,30370,2023-09-04 00:00:00,B,398
16907,30372,2026-06-17 00:00:00,A,982
16908,30373,2024-04-29 00:00:00,A,229
16909,30376,2025-05-16 00:00:00,C,641
16910,30381,2025-01-01 00:00:00,A,1329
16911,30382,2024-08-15 00:00:00,A,173
16912,30384,2026-01-28 00:00:00,A,706
16913,30386,2024-02-01 00:00:00,A,478
16914,30388,2023-08-06 00:00:00,A,368
16915,30390,2025-01-07 00:00:00,A,363
16916,30391,2023-09-23 00:00:00,A,302
16917,30393,2026-01-04 00:00:00,A,942
16918,30395,2024-10-03 00:00:00,A,335
16919,30397,2024-04-18 00:00:00,A,1284
16920,30398,2026-07-13 00:00:00,A,1209
16921,30401,2024-01-30 00:00:00,A,859
16922,30402,2026-07-13 00:00:00,B,1127
16923,30404,2024-03-14 00:00:00,C,1054
16924,30405,2025-03-01 00:00:00,C,797
16925,30406,2024-04-22 00:00:00,A,152
16926,30410,2024-10-23 00:00:00,A,161
16927,30411,2024-12-26 00:00:00,A,767
16928,30412,2023-07-09 00:00:00,B,1326
16929,30419,2024-11-27 00:00:00,A,1080
16930,30420,2025-08-11 00:00:00,A,307
16931,30422,2025-07-16 00:00:00,A,956
16932,30423,2024-07-10 00:00:00,C,790
16933,30424,2024-02-08 00:00:00,A,538
16934,30426,2026-04-15 00:00:00,C,1236
16935,30429,2024-04-15 00:00:00,A,1014
16936,30430,2024-04-29 00:00:00,B,278
16937,30432,2026-07-13 00:00:00,C,736
16938,30433,2025-12-28 00:00:00,A,1100
16939,30434,2026-07-13 00:00:00,A,977
16940,30436,2024-09-29 00:00:00,A,244
16941,30439,2025-06-07 00:00:00,A,345
16942,30441,2026-07-13 00:00:00,A,1094
16943,30442,2024-06-23 00:00:00,C,631
16944,30443,2026-07-10 00:00:00,A,109
16945,30444,2024-03-11 00:00:00,C,1224
16946,30446,2024-03-06 00:00:00,A,1213
16947,30450,2024-12-30 00:00:00,A,744
16948,30452,2025-10-14 00:00:00,A,1257
16949,30453,2025-03-01 00:00:00,B,1223
16950,30454,2026-03-24 00:00:00,A,355
16951,30456,2025-11-03 00:00:00,B,1003
16952,30459,2026-07-13 00:00:00,C,50
16953,30461,2026-07-13 00:00:00,A,715
16954,30462,2026-07-13 00:00:00,A,585
16955,30463,2025-10-28 00:00:00,B,178
16956,30464,2025-06-14 00:00:00,A,1011
16957,30467,2024-11-17 00:00:00,B,670
16958,30468,2026-07-13 00:00:00,A,3
16959,30469,2025-05-11 00:00:00,A,1174
16960,30472,2024-05-18 00:00:00,A,1188
16961,30474,2024-07-08 00:00:00,A,479
16962,30475,2025-05-28 00:00:00,A,241
16963,30476,2026-07-13 00:00:00,A,1157
16964,30481,2025-12-19 00:00:00,A,190
16965,30484,2024-05-04 00:00:00,A,366
16966,30485,2025-04-20 00:00:00,C,112
16967,30487,2026-07-13 00:00:00,A,187
16968,30488,2026-01-23 00:00:00,C,1312
16969,30489,2024-05-01 00:00:00,A,438
16970,30492,2024-01-31 00:00:00,A,29
16971,30493,2026-07-13 00:00:00,A,277
16972,30494,2024-05-14 00:00:00,A,867
16973,30495,2025-06-21 00:00:00,A,480
16974,30496,2023-07-30 00:00:00,C,879
16975,30497,2025-06-15 00:00:00,B,150
16976,30499,2023-10-01 00:00:00,C,769
16977,30500,2025-07-06 00:00:00,C,1281
16978,30505,2026-06-14 00:00:00,A,224
16979,30506,2024-08-15 00:00:00,A,387
16980,30508,2025-07-28 00:00:00,B,657
16981,30509,2025-10-19 00:00:00,A,177
16982,30510,2023-06-08 00:00:00,A,648
16983,30511,2024-11-15 00:00:00,C,584
16984,30516,2025-12-31 00:00:00,A,1024
16985,30519,2025-01-11 00:00:00,A,750
16986,30520,2026-02-13 00:00:00,B,348
16987,30521,2026-06-30 00:00:00,A,1224
16988,30523,2026-07-13 00:00:00,A,715
16989,30525,2023-11-14 00:00:00,A,1110
16990,30526,2025-05-03 00:00:00,A,1197
16991,30527,2025-06-14 00:00:00,A,113
16992,30528,2026-06-13 00:00:00,A,602
16993,30529,2024-04-03 00:00:00,B,423
16994,30530,2024-11-22 00:00:00,A,18
16995,30531,2025-07-09 00:00:00,B,1080
16996,30532,2025-09-06 00:00:00,A,286
16997,30533,2025-10-09 00:00:00,C,924
16998,30535,2024-01-16 00:00:00,A,408
16999,30536,2026-03-28 00:00:00,A,1181
17000,30539,2023-10-03 00:00:00,C,600
17001,30541,2025-12-16 00:00:00,A,1185
17002,30542,2025-03-02 00:00:00,A,1000
17003,30543,2025-03-11 00:00:00,A,445
17004,30544,2024-02-09 00:00:00,A,943
17005,30546,2026-07-13 00:00:00,A,673
17006,30548,2023-09-29 00:00:00,A,485
17007,30552,2023-11-07 00:00:00,A,1266
17008,30555,2024-03-31 00:00:00,A,1333
17009,30556,2026-07-13 00:00:00,C,1071
17010,30557,2025-04-11 00:00:00,A,1120
17011,30558,2023-07-20 00:00:00,A,924
17012,30560,2025-01-01 00:00:00,B,233
17013,30561,2024-12-30 00:00:00,A,164
17014,30562,2026-07-13 00:00:00,B,862
17015,30563,2023-07-03 00:00:00,A,187
17016,30564,2024-03-10 00:00:00,A,393
17017,30565,2025-12-25 00:00:00,A,1222
17018,30566,2024-10-03 00:00:00,A,1073
17019,30567,2023-12-30 00:00:00,A,247
17020,30569,2025-05-05 00:00:00,A,370
17021,30571,2025-04-10 00:00:00,C,1132
17022,30572,2024-01-29 00:00:00,A,325
17023,30575,2025-01-30 00:00:00,C,684
17024,30576,2025-10-17 00:00:00,A,482
17025,30577,2025-06-14 00:00:00,A,308
17026,30578,2026-06-25 00:00:00,C,770
17027,30579,2023-08-27 00:00:00,A,1076
17028,30580,2026-05-22 00:00:00,A,413
17029,30582,2023-09-17 00:00:00,A,1176
17030,30583,2024-12-31 00:00:00,A,83
17031,30584,2023-12-02 00:00:00,A,616
17032,30585,2025-08-13 00:00:00,A,1076
17033,30587,2025-09-03 00:00:00,A,326
17034,30589,2026-06-20 00:00:00,A,1204
17035,30590,2026-07-13 00:00:00,A,426
17036,30591,2024-06-15 00:00:00,A,583
17037,30593,2025-10-27 00:00:00,A,77
17038,30595,2025-07-06 00:00:00,A,634
17039,30596,2026-04-24 00:00:00,A,116
17040,30597,2026-07-13 00:00:00,A,1129
17041,30598,2025-03-30 00:00:00,A,828
17042,30599,2026-06-25 00:00:00,A,963
17043,30600,2026-02-07 00:00:00,A,250
17044,30604,2025-01-14 00:00:00,A,664
17045,30605,2026-05-09 00:00:00,A,262
17046,30606,2026-07-13 00:00:00,A,171
17047,30608,2026-07-13 00:00:00,A,896
17048,30611,2024-02-16 00:00:00,C,378
17049,30613,2026-05-30 00:00:00,A,190
17050,30616,2023-08-16 00:00:00,A,3
17051,30617,2026-05-16 00:00:00,C,385
17052,30618,2026-07-13 00:00:00,C,1057
17053,30619,2025-11-07 00:00:00,A,1174
17054,30620,2025-06-29 00:00:00,A,1077
17055,30621,2026-07-13 00:00:00,A,306
17056,30622,2026-07-13 00:00:00,A,389
17057,30623,2025-09-14 00:00:00,A,537
17058,30624,2025-08-29 00:00:00,B,70
17059,30627,2024-10-07 00:00:00,B,6
17060,30629,2024-01-06 00:00:00,C,1016
17061,30630,2023-07-07 00:00:00,A,567
17062,30635,2025-05-06 00:00:00,B,284
17063,30641,2025-02-25 00:00:00,A,980
17064,30643,2024-01-04 00:00:00,C,315
17065,30644,2024-08-15 00:00:00,A,960
17066,30645,2024-03-15 00:00:00,A,964
17067,30648,2023-10-20 00:00:00,A,1144
17068,30649,2024-11-18 00:00:00,A,1299
17069,30653,2025-11-21 00:00:00,C,434
17070,30654,2025-10-23 00:00:00,C,109
17071,30656,2024-05-17 00:00:00,A,614
17072,30658,2026-05-20 00:00:00,B,891
17073,30659,2024-05-01 00:00:00,A,35
17074,30660,2025-11-19 00:00:00,C,942
17075,30662,2026-04-13 00:00:00,A,1188
17076,30663,2025-02-05 00:00:00,A,924
17077,30664,2026-07-13 00:00:00,C,202
17078,30665,2026-07-13 00:00:00,A,794
17079,30666,2025-07-21 00:00:00,A,1262
17080,30670,2023-10-24 00:00:00,A,1259
17081,30674,2026-03-15 00:00:00,A,13
17082,30677,2026-07-13 00:00:00,A,19
17083,30678,2025-11-16 00:00:00,A,625
17084,30680,2024-02-08 00:00:00,C,963
17085,30681,2026-04-20 00:00:00,A,285
17086,30682,2026-07-13 00:00:00,A,656
17087,30684,2024-02-29 00:00:00,A,744
17088,30685,2024-09-01 00:00:00,A,1303
17089,30688,2025-05-21 00:00:00,B,513
17090,30690,2025-07-10 00:00:00,C,1287
17091,30691,2024-03-18 00:00:00,A,854
17092,30692,2025-04-16 00:00:00,A,1101
17093,30694,2026-07-13 00:00:00,A,1230
17094,30696,2026-01-26 00:00:00,A,572
17095,30697,2026-07-13 00:00:00,C,890
17096,30699,2026-07-13 00:00:00,A,266
17097,30701,2026-07-13 00:00:00,A,291
17098,30702,2025-02-02 00:00:00,A,375
17099,30706,2023-12-06 00:00:00,A,796
17100,30707,2025-01-22 00:00:00,C,202
17101,30710,2026-07-01 00:00:00,C,1308
17102,30713,2025-12-10 00:00:00,C,846
17103,30714,2026-07-13 00:00:00,B,919
17104,30716,2024-08-23 00:00:00,A,1057
17105,30719,2023-09-02 00:00:00,A,1000
17106,30722,2023-11-23 00:00:00,B,284
17107,30723,2026-07-13 00:00:00,A,704
17108,30724,2023-07-08 00:00:00,A,537
17109,30725,2023-09-19 00:00:00,C,1120
17110,30729,2025-03-14 00:00:00,C,576
17111,30730,2025-08-03 00:00:00,A,443
17112,30731,2026-03-08 00:00:00,A,230
17113,30732,2026-02-06 00:00:00,C,701
17114,30733,2025-08-06 00:00:00,C,982
17115,30741,2024-06-10 00:00:00,A,228
17116,30742,2023-11-15 00:00:00,A,905
17117,30745,2025-12-30 00:00:00,A,360
17118,30746,2023-12-25 00:00:00,C,743
17119,30747,2025-08-11 00:00:00,A,989
17120,30748,2024-12-11 00:00:00,A,939
17121,30749,2023-12-11 00:00:00,A,506
17122,30755,2024-02-25 00:00:00,A,971
17123,30756,2025-08-15 00:00:00,A,688
17124,30757,2025-03-15 00:00:00,A,603
17125,30759,2024-05-31 00:00:00,C,172
17126,30760,2025-12-18 00:00:00,B,513
17127,30762,2025-06-28 00:00:00,C,69
17128,30765,2024-09-09 00:00:00,A,1033
17129,30766,2026-05-08 00:00:00,C,969
17130,30769,2024-03-26 00:00:00,A,307
17131,30770,2024-09-23 00:00:00,A,1227
17132,30772,2023-11-25 00:00:00,A,893
17133,30773,2024-07-27 00:00:00,C,1234
17134,30777,2023-06-18 00:00:00,A,1009
17135,30778,2025-05-24 00:00:00,C,198
17136,30779,2025-04-26 00:00:00,A,1016
17137,30780,2026-07-13 00:00:00,A,1063
17138,30781,2025-08-25 00:00:00,A,1152
17139,30782,2026-05-18 00:00:00,C,487
17140,30785,2026-03-25 00:00:00,A,212
17141,30788,2023-05-07 00:00:00,A,638
17142,30792,2024-07-30 00:00:00,C,388
17143,30793,2023-05-02 00:00:00,A,965
17144,30798,2024-03-21 00:00:00,A,519
17145,30799,2026-02-25 00:00:00,A,219
17146,30800,2026-07-13 00:00:00,A,27
17147,30801,2024-03-03 00:00:00,A,901
17148,30802,2024-01-05 00:00:00,A,1
17149,30803,2023-11-14 00:00:00,A,1283
17150,30804,2024-08-17 00:00:00,A,1047
17151,30806,2026-07-13 00:00:00,C,610
17152,30807,2023-06-10 00:00:00,A,85
17153,30808,2024-02-18 00:00:00,A,728
17154,30810,2026-07-13 00:00:00,C,593
17155,30811,2025-05-19 00:00:00,C,467
17156,30812,2024-12-17 00:00:00,C,78
17157,30813,2024-10-26 00:00:00,A,663
17158,30814,2024-02-16 00:00:00,B,868
17159,30815,2026-01-03 00:00:00,A,949
17160,30816,2024-03-30 00:00:00,A,457
17161,30818,2023-03-24 00:00:00,A,564
17162,30819,2025-11-10 00:00:00,A,1026
17163,30820,2026-05-20 00:00:00,A,269
17164,30822,2025-12-23 00:00:00,A,717
17165,30823,2026-04-25 00:00:00,A,477
17166,30824,2025-09-20 00:00:00,C,651
17167,30827,2026-02-25 00:00:00,C,823
17168,30828,2024-08-19 00:00:00,B,364
17169,30829,2024-02-06 00:00:00,C,1229
17170,30830,2025-08-30 00:00:00,A,860
17171,30831,2024-03-02 00:00:00,A,486
17172,30832,2024-05-02 00:00:00,A,404
17173,30833,2023-05-23 00:00:00,A,95
17174,30834,2023-12-22 00:00:00,C,1044
17175,30835,2024-02-11 00:00:00,A,1104
17176,30837,2024-08-31 00:00:00,C,740
17177,30838,2024-10-04 00:00:00,A,1034
17178,30840,2026-05-17 00:00:00,A,1291
17179,30841,2023-04-08 00:00:00,A,1180
17180,30845,2025-01-04 00:00:00,A,1167
17181,30848,2025-03-10 00:00:00,A,865
17182,30849,2024-02-14 00:00:00,A,656
17183,30850,2023-10-08 00:00:00,A,605
17184,30854,2024-09-04 00:00:00,A,326
17185,30857,2025-04-03 00:00:00,A,1254
17186,30858,2025-11-12 00:00:00,B,923
17187,30861,2024-02-05 00:00:00,A,1282
17188,30862,2026-07-07 00:00:00,A,181
17189,30863,2026-07-04 00:00:00,A,544
17190,30865,2024-01-31 00:00:00,A,1311
17191,30866,2025-05-05 00:00:00,A,934
17192,30868,2023-11-19 00:00:00,A,877
17193,30869,2026-07-13 00:00:00,A,1077
17194,30872,2023-05-13 00:00:00,A,364
17195,30873,2026-07-13 00:00:00,A,1029
17196,30875,2023-12-27 00:00:00,A,1302
17197,30877,2025-06-05 00:00:00,B,505
17198,30878,2026-07-13 00:00:00,A,870
17199,30880,2026-07-13 00:00:00,A,1231
17200,30883,2024-04-10 00:00:00,A,288
17201,30884,2026-03-15 00:00:00,C,810
17202,30886,2025-06-09 00:00:00,A,46
17203,30887,2023-10-04 00:00:00,A,1275
17204,30889,2025-03-01 00:00:00,C,453
17205,30890,2025-02-19 00:00:00,A,97
17206,30892,2025-01-16 00:00:00,A,671
17207,30893,2026-02-27 00:00:00,A,646
17208,30895,2025-09-17 00:00:00,C,345
17209,30897,2026-05-02 00:00:00,C,961
17210,30899,2025-11-13 00:00:00,C,160
17211,30900,2026-05-29 00:00:00,A,1218
17212,30901,2024-10-24 00:00:00,A,1173
17213,30902,2025-12-27 00:00:00,B,464
17214,30903,2024-12-31 00:00:00,C,183
17215,30904,2026-07-13 00:00:00,A,1003
17216,30905,2023-07-12 00:00:00,B,1280
17217,30906,2024-03-15 00:00:00,B,1119
17218,30908,2025-09-22 00:00:00,A,961
17219,30911,2024-02-20 00:00:00,A,1283
17220,30912,2023-05-16 00:00:00,A,429
17221,30913,2024-02-05 00:00:00,A,555
17222,30916,2026-06-06 00:00:00,A,150
17223,30918,2025-08-28 00:00:00,A,1224
17224,30919,2025-09-04 00:00:00,C,735
17225,30927,2023-07-03 00:00:00,A,809
17226,30929,2024-12-22 00:00:00,A,939
17227,30930,2026-07-13 00:00:00,A,656
17228,30933,2023-05-10 00:00:00,B,105
17229,30935,2024-08-18 00:00:00,A,483
17230,30940,2025-02-14 00:00:00,B,911
17231,30941,2024-10-11 00:00:00,C,1147
17232,30948,2024-12-02 00:00:00,A,701
17233,30950,2025-01-27 00:00:00,A,904
17234,30952,2023-08-19 00:00:00,A,352
17235,30953,2024-05-29 00:00:00,A,341
17236,30955,2026-07-13 00:00:00,A,69
17237,30958,2026-04-25 00:00:00,A,354
17238,30961,2023-11-20 00:00:00,A,1037
17239,30964,2024-01-14 00:00:00,A,731
17240,30965,2024-03-10 00:00:00,C,1135
17241,30966,2025-12-22 00:00:00,A,473
17242,30969,2026-03-23 00:00:00,A,3
17243,30970,2025-05-04 00:00:00,C,169
17244,30971,2024-06-09 00:00:00,A,329
17245,30972,2024-06-25 00:00:00,A,458
17246,30973,2025-06-14 00:00:00,B,291
17247,30974,2026-07-13 00:00:00,A,251
17248,30977,2023-08-09 00:00:00,A,414
17249,30978,2026-06-21 00:00:00,A,448
17250,30980,2024-12-01 00:00:00,A,1258
17251,30981,2024-11-14 00:00:00,A,201
17252,30983,2024-08-07 00:00:00,C,49
17253,30988,2026-02-19 00:00:00,A,326
17254,30990,2025-11-01 00:00:00,A,1049
17255,30995,2024-11-17 00:00:00,A,233
17256,30996,2023-12-03 00:00:00,A,974
17257,30997,2025-10-20 00:00:00,A,410
17258,30998,2026-07-13 00:00:00,A,1194
17259,31001,2024-08-25 00:00:00,A,401
17260,31004,2023-09-01 00:00:00,A,1222
17261,31005,2024-03-30 00:00:00,A,76
17262,31006,2023-11-14 00:00:00,A,1277
17263,31007,2024-04-19 00:00:00,B,255
17264,31010,2024-07-29 00:00:00,A,89
17265,31011,2025-11-30 00:00:00,A,137
17266,31012,2023-05-24 00:00:00,A,1025
17267,31013,2024-10-09 00:00:00,A,297
17268,31014,2024-04-10 00:00:00,A,270
17269,31015,2025-01-15 00:00:00,A,841
17270,31017,2025-12-28 00:00:00,A,556
17271,31021,2024-10-05 00:00:00,A,1014
17272,31023,2025-10-11 00:00:00,C,251
17273,31024,2026-07-13 00:00:00,A,688
17274,31026,2024-03-29 00:00:00,A,1063
17275,31027,2023-12-05 00:00:00,B,985
17276,31028,2023-07-19 00:00:00,B,625
17277,31029,2023-11-12 00:00:00,A,537
17278,31030,2024-10-16 00:00:00,A,1267
17279,31032,2024-11-08 00:00:00,A,686
17280,31033,2024-02-16 00:00:00,C,774
17281,31036,2024-08-07 00:00:00,B,1033
17282,31043,2025-11-02 00:00:00,C,1060
17283,31044,2025-07-06 00:00:00,A,1181
17284,31045,2024-02-09 00:00:00,A,975
17285,31047,2024-08-08 00:00:00,A,159
17286,31048,2026-06-19 00:00:00,A,258
17287,31054,2026-01-02 00:00:00,A,1080
17288,31055,2024-06-26 00:00:00,A,144
17289,31056,2023-06-19 00:00:00,A,736
17290,31057,2024-03-01 00:00:00,A,1253
17291,31058,2024-10-16 00:00:00,A,596
17292,31059,2025-02-01 00:00:00,A,878
17293,31060,2025-01-24 00:00:00,A,312
17294,31061,2025-09-19 00:00:00,C,1216
17295,31062,2026-07-13 00:00:00,A,633
17296,31063,2025-05-11 00:00:00,A,137
17297,31065,2023-07-12 00:00:00,A,1082
17298,31066,2026-07-13 00:00:00,C,1297
17299,31067,2026-06-03 00:00:00,A,796
17300,31068,2024-11-21 00:00:00,B,768
17301,31069,2026-01-15 00:00:00,C,660
17302,31070,2024-06-11 00:00:00,C,831
17303,31076,2026-07-13 00:00:00,A,709
17304,31077,2025-06-24 00:00:00,A,623
17305,31081,2023-10-23 00:00:00,A,1023
17306,31083,2023-10-29 00:00:00,C,949
17307,31086,2025-07-14 00:00:00,A,220
17308,31087,2026-01-02 00:00:00,A,766
17309,31088,2025-06-21 00:00:00,C,83
17310,31089,2025-10-14 00:00:00,C,240
17311,31090,2026-07-13 00:00:00,A,736
17312,31091,2024-04-12 00:00:00,B,1141
17313,31092,2025-09-24 00:00:00,A,653
17314,31094,2025-07-22 00:00:00,C,542
17315,31095,2024-07-11 00:00:00,A,1020
17316,31096,2026-03-07 00:00:00,A,1120
17317,31097,2025-07-06 00:00:00,A,477
17318,31098,2026-06-11 00:00:00,A,183
17319,31099,2025-01-23 00:00:00,A,355
17320,31100,2024-06-02 00:00:00,A,184
17321,31101,2026-07-13 00:00:00,A,231
17322,31103,2026-04-08 00:00:00,A,249
17323,31104,2026-06-11 00:00:00,A,341
17324,31105,2025-09-17 00:00:00,A,332
17325,31106,2025-06-01 00:00:00,A,864
17326,31107,2024-04-23 00:00:00,A,1151
17327,31110,2023-08-26 00:00:00,A,795
17328,31112,2024-06-22 00:00:00,B,965
17329,31113,2023-07-27 00:00:00,A,1303
17330,31114,2025-05-30 00:00:00,C,215
17331,31115,2023-12-21 00:00:00,A,619
17332,31116,2026-07-13 00:00:00,A,36
17333,31117,2023-08-31 00:00:00,B,290
17334,31119,2025-03-21 00:00:00,C,1023
17335,31121,2026-03-19 00:00:00,A,1304
17336,31123,2025-06-19 00:00:00,A,721
17337,31125,2025-11-08 00:00:00,C,783
17338,31128,2024-06-18 00:00:00,C,545
17339,31129,2024-08-27 00:00:00,A,691
17340,31131,2023-11-02 00:00:00,C,970
17341,31132,2026-07-13 00:00:00,A,1185
17342,31135,2024-12-03 00:00:00,A,669
17343,31136,2026-02-12 00:00:00,A,57
17344,31139,2026-07-13 00:00:00,C,11
17345,31142,2024-05-30 00:00:00,A,1066
17346,31144,2026-05-31 00:00:00,A,32
17347,31147,2024-09-04 00:00:00,A,1170
17348,31148,2026-07-13 00:00:00,C,728
17349,31149,2024-04-06 00:00:00,A,144
17350,31152,2026-05-21 00:00:00,A,1040
17351,31153,2023-09-30 00:00:00,A,799
17352,31154,2023-03-06 00:00:00,A,1315
17353,31156,2026-05-31 00:00:00,A,872
17354,31157,2025-03-27 00:00:00,A,975
17355,31159,2026-01-04 00:00:00,A,485
17356,31160,2024-07-06 00:00:00,B,532
17357,31161,2023-09-20 00:00:00,A,309
17358,31164,2023-12-01 00:00:00,B,653
17359,31165,2026-06-11 00:00:00,C,1232
17360,31167,2025-10-26 00:00:00,A,1130
17361,31168,2023-07-02 00:00:00,B,763
17362,31169,2026-02-17 00:00:00,A,1163
17363,31170,2024-08-16 00:00:00,A,1280
17364,31173,2024-02-19 00:00:00,A,912
17365,31174,2024-11-26 00:00:00,B,357
17366,31175,2024-03-28 00:00:00,A,977
17367,31177,2026-07-05 00:00:00,A,1135
17368,31181,2026-07-08 00:00:00,A,423
17369,31183,2023-10-28 00:00:00,A,625
17370,31184,2024-07-06 00:00:00,B,922
17371,31186,2025-02-12 00:00:00,C,323
17372,31189,2026-07-10 00:00:00,B,146
17373,31190,2023-10-19 00:00:00,A,454
17374,31191,2026-01-08 00:00:00,A,474
17375,31192,2026-05-28 00:00:00,A,1274
17376,31194,2026-01-15 00:00:00,A,290
17377,31195,2025-04-01 00:00:00,A,587
17378,31197,2026-07-13 00:00:00,B,447
17379,31199,2026-07-13 00:00:00,A,587
17380,31204,2026-06-18 00:00:00,A,187
17381,31205,2025-09-14 00:00:00,B,671
17382,31206,2026-03-09 00:00:00,C,295
17383,31210,2024-02-19 00:00:00,B,1322
17384,31212,2023-08-13 00:00:00,A,736
17385,31223,2024-09-07 00:00:00,A,78
17386,31224,2024-08-21 00:00:00,B,701
17387,31226,2026-01-24 00:00:00,C,884
17388,31227,2025-02-02 00:00:00,A,537
17389,31229,2024-04-24 00:00:00,A,405
17390,31233,2023-08-24 00:00:00,A,1183
17391,31241,2025-07-30 00:00:00,A,1112
17392,31246,2024-10-24 00:00:00,A,1115
17393,31247,2026-01-27 00:00:00,B,1200
17394,31248,2025-01-13 00:00:00,B,1193
17395,31256,2025-07-17 00:00:00,C,106
17396,31259,2024-06-17 00:00:00,A,496
17397,31261,2026-01-05 00:00:00,A,1162
17398,31263,2023-08-28 00:00:00,A,1130
17399,31264,2025-02-18 00:00:00,A,1165
17400,31266,2025-11-23 00:00:00,A,655
17401,31267,2026-04-02 00:00:00,A,1223
17402,31269,2026-06-19 00:00:00,C,606
17403,31271,2024-10-22 00:00:00,A,322
17404,31272,2025-10-27 00:00:00,A,94
17405,31273,2024-11-25 00:00:00,A,1249
17406,31276,2024-12-10 00:00:00,B,1006
17407,31277,2024-03-25 00:00:00,A,352
17408,31279,2026-06-07 00:00:00,A,91
17409,31281,2024-04-02 00:00:00,C,749
17410,31284,2024-06-04 00:00:00,A,920
17411,31285,2024-10-13 00:00:00,A,504
17412,31287,2026-07-13 00:00:00,A,1076
17413,31294,2023-12-05 00:00:00,A,629
17414,31295,2026-07-13 00:00:00,C,420
17415,31297,2026-07-01 00:00:00,C,703
17416,31298,2023-05-29 00:00:00,A,795
17417,31299,2025-11-26 00:00:00,A,199
17418,31300,2023-07-20 00:00:00,B,1321
17419,31302,2024-08-11 00:00:00,A,1056
17420,31303,2023-06-30 00:00:00,A,123
17421,31306,2023-07-17 00:00:00,A,374
17422,31307,2025-12-10 00:00:00,A,348
17423,31308,2025-05-08 00:00:00,A,158
17424,31309,2025-03-12 00:00:00,A,37
17425,31310,2024-06-21 00:00:00,A,798
17426,31313,2025-03-13 00:00:00,B,681
17427,31315,2026-04-12 00:00:00,A,963
17428,31317,2025-05-10 00:00:00,A,923
17429,31320,2024-05-15 00:00:00,A,945
17430,31321,2026-07-13 00:00:00,A,333
17431,31323,2023-12-15 00:00:00,C,1157
17432,31324,2024-12-04 00:00:00,C,1219
17433,31326,2026-01-27 00:00:00,A,18
17434,31328,2025-01-06 00:00:00,C,120
17435,31330,2024-12-02 00:00:00,A,1100
17436,31332,2023-08-08 00:00:00,A,1112
17437,31334,2024-01-13 00:00:00,B,573
17438,31335,2026-07-13 00:00:00,B,185
17439,31336,2026-03-06 00:00:00,A,1178
17440,31337,2026-06-06 00:00:00,A,734
17441,31341,2023-04-23 00:00:00,C,1187
17442,31342,2023-05-03 00:00:00,C,785
17443,31344,2025-12-28 00:00:00,A,767
17444,31347,2024-03-30 00:00:00,A,935
17445,31350,2024-02-22 00:00:00,A,582
17446,31351,2025-04-13 00:00:00,B,953
17447,31352,2024-06-18 00:00:00,C,56
17448,31354,2023-07-11 00:00:00,B,668
17449,31355,2025-05-06 00:00:00,C,948
17450,31357,2025-03-31 00:00:00,A,823
17451,31358,2026-02-05 00:00:00,A,41
17452,31361,2026-01-01 00:00:00,A,785
17453,31364,2024-02-22 00:00:00,B,386
17454,31366,2023-06-17 00:00:00,A,393
17455,31368,2024-04-13 00:00:00,A,1298
17456,31369,2024-01-01 00:00:00,A,465
17457,31371,2026-04-23 00:00:00,A,671
17458,31373,2025-07-04 00:00:00,A,172
17459,31374,2023-11-30 00:00:00,B,1132
17460,31376,2026-03-19 00:00:00,A,732
17461,31377,2024-11-07 00:00:00,B,1323
17462,31379,2023-08-25 00:00:00,C,1242
17463,31380,2025-02-12 00:00:00,A,354
17464,31381,2023-12-13 00:00:00,A,833
17465,31382,2025-04-21 00:00:00,A,895
17466,31388,2024-03-27 00:00:00,A,1122
17467,31389,2025-01-13 00:00:00,B,1249
17468,31390,2023-09-09 00:00:00,A,516
17469,31391,2026-01-29 00:00:00,A,257
17470,31394,2026-07-13 00:00:00,A,667
17471,31396,2024-07-25 00:00:00,C,91
17472,31397,2024-05-13 00:00:00,A,237
17473,31398,2025-12-24 00:00:00,B,1082
17474,31401,2026-07-13 00:00:00,B,379
17475,31402,2024-07-12 00:00:00,A,471
17476,31404,2025-10-14 00:00:00,A,545
17477,31407,2026-07-13 00:00:00,C,1174
17478,31408,2024-09-05 00:00:00,A,200
17479,31409,2026-07-13 00:00:00,A,717
17480,31412,2024-08-14 00:00:00,A,109
17481,31414,2024-07-13 00:00:00,A,242
17482,31415,2026-07-13 00:00:00,A,509
17483,31419,2025-02-09 00:00:00,A,768
17484,31420,2026-07-13 00:00:00,A,635
17485,31422,2025-06-12 00:00:00,A,358
17486,31423,2025-05-29 00:00:00,A,768
17487,31428,2024-06-17 00:00:00,A,257
17488,31429,2026-06-16 00:00:00,A,99
17489,31433,2025-01-16 00:00:00,C,1307
17490,31436,2026-05-25 00:00:00,C,473
17491,31438,2025-03-12 00:00:00,A,1176
17492,31442,2024-03-08 00:00:00,C,158
17493,31445,2023-12-05 00:00:00,C,250
17494,31446,2026-04-21 00:00:00,A,339
17495,31447,2024-02-27 00:00:00,C,572
17496,31449,2026-07-02 00:00:00,A,1176
17497,31457,2024-07-06 00:00:00,C,869
17498,31458,2024-01-19 00:00:00,A,694
17499,31459,2023-12-27 00:00:00,C,431
17500,31461,2024-03-21 00:00:00,A,7
17501,31462,2024-04-14 00:00:00,A,283
17502,31463,2025-04-27 00:00:00,A,897
17503,31465,2024-08-25 00:00:00,A,826
17504,31467,2025-05-12 00:00:00,A,477
17505,31469,2025-12-05 00:00:00,A,475
17506,31470,2025-11-22 00:00:00,A,757
17507,31472,2025-11-18 00:00:00,A,497
17508,31475,2024-09-27 00:00:00,A,61
17509,31477,2023-09-16 00:00:00,A,443
17510,31478,2025-06-12 00:00:00,C,390
17511,31480,2024-10-31 00:00:00,A,1050
17512,31482,2024-05-21 00:00:00,A,489
17513,31483,2024-07-10 00:00:00,A,1024
17514,31484,2023-09-02 00:00:00,C,609
17515,31487,2025-01-25 00:00:00,A,475
17516,31492,2024-05-30 00:00:00,A,1000
17517,31493,2025-12-02 00:00:00,B,362
17518,31495,2025-06-08 00:00:00,A,453
17519,31497,2025-05-25 00:00:00,A,620
17520,31498,2025-03-19 00:00:00,A,78
17521,31500,2023-10-02 00:00:00,C,936
17522,31502,2024-08-07 00:00:00,A,1165
17523,31503,2026-07-13 00:00:00,A,437
17524,31506,2023-11-14 00:00:00,A,1269
17525,31507,2025-06-28 00:00:00,A,729
17526,31509,2025-03-28 00:00:00,C,558
17527,31510,2024-03-25 00:00:00,C,269
17528,31512,2025-04-29 00:00:00,A,795
17529,31513,2025-10-17 00:00:00,A,694
17530,31515,2025-04-26 00:00:00,C,690
17531,31517,2025-06-10 00:00:00,A,783
17532,31519,2023-06-27 00:00:00,A,6
17533,31522,2025-02-19 00:00:00,A,970
17534,31524,2024-12-03 00:00:00,A,904
17535,31525,2026-01-19 00:00:00,A,1210
17536,31529,2024-06-25 00:00:00,A,36
17537,31530,2025-02-02 00:00:00,A,1065
17538,31536,2024-01-01 00:00:00,A,398
17539,31541,2025-10-25 00:00:00,A,967
17540,31542,2026-07-13 00:00:00,A,828
17541,31544,2025-01-09 00:00:00,A,585
17542,31546,2025-07-27 00:00:00,A,441
17543,31547,2024-01-16 00:00:00,A,599
17544,31549,2025-05-08 00:00:00,C,617
17545,31550,2024-11-01 00:00:00,C,923
17546,31551,2023-11-15 00:00:00,C,644
17547,31552,2026-07-13 00:00:00,A,1018
17548,31553,2023-10-11 00:00:00,A,947
17549,31554,2025-09-14 00:00:00,A,150
17550,31555,2024-02-05 00:00:00,A,1010
17551,31558,2023-10-30 00:00:00,A,889
17552,31559,2026-07-13 00:00:00,A,1285
17553,31561,2025-03-31 00:00:00,C,898
17554,31562,2024-07-19 00:00:00,A,853
17555,31566,2025-03-04 00:00:00,B,1280
17556,31567,2024-01-06 00:00:00,B,169
17557,31568,2025-08-28 00:00:00,A,514
17558,31569,2025-05-12 00:00:00,A,276
17559,31570,2026-05-16 00:00:00,A,189
17560,31572,2025-03-26 00:00:00,C,804
17561,31573,2025-11-13 00:00:00,A,1098
17562,31574,2026-07-13 00:00:00,A,543
17563,31576,2025-08-01 00:00:00,A,849
17564,31577,2024-11-10 00:00:00,A,1291
17565,31578,2024-12-12 00:00:00,A,596
17566,31579,2025-10-22 00:00:00,A,962
17567,31580,2023-12-14 00:00:00,B,1173
17568,31581,2025-05-18 00:00:00,B,1034
17569,31582,2025-04-20 00:00:00,A,1179
17570,31586,2025-11-01 00:00:00,C,838
17571,31588,2024-03-13 00:00:00,A,900
17572,31591,2023-05-31 00:00:00,A,2
17573,31592,2025-05-14 00:00:00,B,994
17574,31595,2026-07-13 00:00:00,A,627
17575,31596,2024-07-18 00:00:00,A,1043
17576,31599,2025-03-30 00:00:00,A,1334
17577,31600,2026-05-16 00:00:00,A,908
17578,31601,2024-04-24 00:00:00,C,1232
17579,31602,2026-07-13 00:00:00,A,809
17580,31603,2024-09-04 00:00:00,C,1049
17581,31604,2024-04-28 00:00:00,C,904
17582,31605,2023-06-05 00:00:00,A,1143
17583,31606,2024-03-28 00:00:00,A,325
17584,31607,2024-08-16 00:00:00,A,103
17585,31608,2026-02-26 00:00:00,A,837
17586,31609,2026-07-13 00:00:00,C,304
17587,31611,2023-12-30 00:00:00,A,812
17588,31613,2023-11-10 00:00:00,A,672
17589,31619,2026-01-16 00:00:00,C,238
17590,31620,2026-06-13 00:00:00,A,601
17591,31622,2025-08-17 00:00:00,A,760
17592,31623,2026-07-13 00:00:00,C,1153
17593,31624,2023-12-03 00:00:00,A,348
17594,31625,2025-04-22 00:00:00,A,1327
17595,31626,2023-07-03 00:00:00,B,381
17596,31627,2024-10-15 00:00:00,A,660
17597,31629,2025-04-07 00:00:00,A,895
17598,31630,2023-07-03 00:00:00,A,1204
17599,31635,2024-03-18 00:00:00,A,656
17600,31636,2023-06-25 00:00:00,A,712
17601,31639,2023-11-06 00:00:00,A,1061
17602,31640,2025-10-23 00:00:00,A,1249
17603,31642,2023-08-18 00:00:00,A,179
17604,31643,2025-02-26 00:00:00,A,293
17605,31644,2025-05-24 00:00:00,C,469
17606,31645,2024-05-03 00:00:00,C,1021
17607,31648,2024-11-27 00:00:00,A,925
17608,31649,2025-09-09 00:00:00,A,708
17609,31651,2026-01-04 00:00:00,C,1103
17610,31652,2025-10-26 00:00:00,A,930
17611,31654,2024-11-30 00:00:00,A,303
17612,31656,2026-03-25 00:00:00,C,134
17613,31657,2025-12-02 00:00:00,C,945
17614,31659,2023-10-23 00:00:00,A,717
17615,31663,2023-05-25 00:00:00,A,346
17616,31664,2026-03-27 00:00:00,A,766
17617,31665,2026-02-16 00:00:00,C,235
17618,31669,2024-05-24 00:00:00,A,676
17619,31670,2026-05-20 00:00:00,A,1261
17620,31674,2026-04-22 00:00:00,B,331
17621,31675,2025-12-18 00:00:00,A,917
17622,31676,2026-07-13 00:00:00,C,515
17623,31677,2026-07-13 00:00:00,A,672
17624,31682,2023-10-18 00:00:00,A,704
17625,31683,2025-04-05 00:00:00,A,995
17626,31684,2025-05-21 00:00:00,A,832
17627,31686,2026-05-24 00:00:00,A,60
17628,31691,2023-06-30 00:00:00,A,605
17629,31693,2023-12-17 00:00:00,A,739
17630,31694,2023-10-06 00:00:00,A,1282
17631,31697,2024-05-20 00:00:00,A,213
17632,31699,2025-12-17 00:00:00,A,59
17633,31700,2026-07-13 00:00:00,A,1176
17634,31703,2026-07-13 00:00:00,A,480
17635,31704,2024-08-25 00:00:00,A,589
17636,31708,2025-01-19 00:00:00,C,445
17637,31710,2023-11-07 00:00:00,A,947
17638,31714,2025-01-31 00:00:00,A,1154
17639,31717,2024-09-07 00:00:00,C,28
17640,31718,2026-07-13 00:00:00,A,582
17641,31721,2026-06-05 00:00:00,A,651
17642,31722,2024-04-06 00:00:00,A,312
17643,31723,2023-06-13 00:00:00,C,7
17644,31726,2026-07-13 00:00:00,A,483
17645,31730,2025-02-24 00:00:00,A,1173
17646,31732,2024-04-29 00:00:00,A,1183
17647,31733,2024-10-04 00:00:00,A,1304
17648,31734,2025-01-23 00:00:00,A,263
17649,31736,2024-05-03 00:00:00,C,142
17650,31738,2025-11-18 00:00:00,C,1302
17651,31742,2025-08-02 00:00:00,C,1304
17652,31743,2026-05-25 00:00:00,A,1085
17653,31744,2023-12-03 00:00:00,A,200
17654,31746,2024-10-29 00:00:00,C,368
17655,31748,2025-01-11 00:00:00,C,431
17656,31750,2024-06-06 00:00:00,A,1176
17657,31751,2024-12-24 00:00:00,A,871
17658,31753,2024-03-24 00:00:00,C,768
17659,31755,2023-08-16 00:00:00,C,719
17660,31756,2024-02-09 00:00:00,B,273
17661,31758,2023-10-01 00:00:00,C,431
17662,31759,2026-06-04 00:00:00,A,531
17663,31761,2026-07-13 00:00:00,A,274
17664,31764,2023-09-22 00:00:00,B,852
17665,31765,2025-02-20 00:00:00,A,557
17666,31767,2023-08-24 00:00:00,C,1167
17667,31775,2023-10-29 00:00:00,A,263
17668,31776,2023-12-06 00:00:00,A,606
17669,31777,2025-09-06 00:00:00,C,734
17670,31778,2025-02-08 00:00:00,A,1075
17671,31780,2025-09-09 00:00:00,C,515
17672,31783,2024-06-08 00:00:00,A,460
17673,31784,2025-06-13 00:00:00,A,1067
17674,31785,2025-07-17 00:00:00,B,989
17675,31788,2024-10-02 00:00:00,A,893
17676,31790,2023-09-03 00:00:00,A,359
17677,31792,2024-02-05 00:00:00,A,410
17678,31793,2025-12-14 00:00:00,A,766
17679,31794,2026-07-13 00:00:00,A,1111
17680,31795,2023-04-07 00:00:00,B,270
17681,31798,2023-07-14 00:00:00,A,473
17682,31800,2023-12-22 00:00:00,A,477
17683,31805,2023-11-11 00:00:00,C,10
17684,31807,2024-01-31 00:00:00,C,586
17685,31808,2025-11-10 00:00:00,A,766
17686,31809,2023-07-08 00:00:00,B,930
17687,31810,2025-09-30 00:00:00,A,1285
17688,31811,2024-10-29 00:00:00,A,242
17689,31814,2023-12-06 00:00:00,A,614
17690,31815,2024-01-01 00:00:00,A,1064
17691,31816,2025-12-23 00:00:00,A,1179
17692,31818,2024-01-01 00:00:00,A,188
17693,31819,2023-11-24 00:00:00,C,349
17694,31820,2023-07-30 00:00:00,A,668
17695,31821,2024-09-26 00:00:00,A,261
17696,31822,2025-07-05 00:00:00,C,527
17697,31823,2025-08-25 00:00:00,A,481
17698,31828,2025-04-24 00:00:00,A,1145
17699,31829,2025-03-21 00:00:00,C,20
17700,31831,2025-08-31 00:00:00,A,836
17701,31833,2024-01-25 00:00:00,B,948
17702,31834,2026-07-06 00:00:00,A,780
17703,31840,2024-01-05 00:00:00,A,1166
17704,31841,2024-03-23 00:00:00,A,963
17705,31842,2024-05-31 00:00:00,B,242
17706,31843,2024-06-13 00:00:00,C,586
17707,31845,2025-01-07 00:00:00,A,1205
17708,31846,2023-10-17 00:00:00,A,747
17709,31849,2026-07-13 00:00:00,A,988
17710,31851,2026-07-13 00:00:00,A,1019
17711,31854,2025-11-22 00:00:00,A,98
17712,31855,2023-09-15 00:00:00,A,616
17713,31856,2024-11-25 00:00:00,A,339
17714,31859,2025-05-25 00:00:00,A,876
17715,31860,2026-01-20 00:00:00,C,520
17716,31861,2024-08-11 00:00:00,A,362
17717,31864,2026-03-11 00:00:00,A,814
17718,31865,2025-03-05 00:00:00,A,1163
17719,31866,2023-11-22 00:00:00,C,751
17720,31867,2025-07-04 00:00:00,A,591
17721,31868,2025-10-12 00:00:00,A,1057
17722,31869,2025-03-18 00:00:00,A,530
17723,31871,2025-09-06 00:00:00,A,334
17724,31872,2024-10-09 00:00:00,C,897
17725,31875,2026-07-06 00:00:00,A,1335
17726,31876,2025-08-28 00:00:00,C,714
17727,31877,2023-05-28 00:00:00,A,1094
17728,31879,2026-07-13 00:00:00,A,911
17729,31882,2023-05-17 00:00:00,A,1290
17730,31884,2026-04-17 00:00:00,A,514
17731,31885,2024-11-11 00:00:00,A,243
17732,31886,2025-10-05 00:00:00,A,740
17733,31887,2026-07-13 00:00:00,A,175
17734,31888,2025-10-19 00:00:00,A,601
17735,31889,2024-09-03 00:00:00,A,1179
17736,31890,2023-07-11 00:00:00,A,69
17737,31893,2026-05-03 00:00:00,A,781
17738,31895,2024-11-14 00:00:00,A,2
17739,31897,2024-09-04 00:00:00,A,695
17740,31899,2026-02-15 00:00:00,A,1173
17741,31902,2024-10-19 00:00:00,A,806
17742,31904,2023-04-14 00:00:00,A,340
17743,31906,2026-01-10 00:00:00,A,1144
17744,31907,2024-09-29 00:00:00,A,592
17745,31908,2025-04-05 00:00:00,C,1081
17746,31910,2023-05-10 00:00:00,A,721
17747,31913,2026-07-13 00:00:00,A,332
17748,31914,2025-05-09 00:00:00,C,107
17749,31916,2026-02-12 00:00:00,A,642
17750,31918,2025-09-03 00:00:00,C,901
17751,31919,2023-09-05 00:00:00,A,792
17752,31920,2024-10-15 00:00:00,A,381
17753,31922,2024-10-29 00:00:00,A,1161
17754,31924,2024-03-16 00:00:00,A,1248
17755,31925,2026-07-13 00:00:00,C,343
17756,31928,2025-06-10 00:00:00,C,583
17757,31930,2025-07-18 00:00:00,C,745
17758,31932,2024-03-26 00:00:00,A,95
17759,31935,2026-03-22 00:00:00,C,563
17760,31936,2026-03-13 00:00:00,A,1228
17761,31937,2025-06-11 00:00:00,A,1045
17762,31938,2024-02-22 00:00:00,A,170
17763,31939,2024-02-13 00:00:00,C,61
17764,31940,2023-05-04 00:00:00,A,1136
17765,31942,2024-12-17 00:00:00,C,410
17766,31943,2026-07-13 00:00:00,A,186
17767,31945,2024-03-04 00:00:00,A,427
17768,31946,2025-06-03 00:00:00,A,69
17769,31947,2024-10-24 00:00:00,A,1173
17770,31949,2025-04-08 00:00:00,A,100
17771,31953,2026-05-14 00:00:00,A,1049
17772,31954,2024-12-04 00:00:00,A,195
17773,31955,2026-04-16 00:00:00,A,656
17774,31956,2026-07-13 00:00:00,A,425
17775,31957,2025-06-03 00:00:00,A,995
17776,31960,2026-07-13 00:00:00,A,154
17777,31966,2024-09-30 00:00:00,A,1253
17778,31967,2025-09-15 00:00:00,A,1215
17779,31971,2025-09-27 00:00:00,A,1175
17780,31972,2026-03-20 00:00:00,A,1148
17781,31973,2026-05-20 00:00:00,A,484
17782,31978,2025-10-09 00:00:00,A,957
17783,31980,2025-06-28 00:00:00,A,491
17784,31981,2025-03-23 00:00:00,A,1151
17785,31982,2025-07-11 00:00:00,B,300
17786,31983,2026-01-21 00:00:00,A,1314
17787,31984,2024-08-26 00:00:00,A,1162
17788,31986,2024-03-21 00:00:00,B,1120
17789,31987,2025-09-26 00:00:00,B,57
17790,31988,2024-10-06 00:00:00,C,281
17791,31989,2024-11-19 00:00:00,A,206
17792,31991,2025-10-08 00:00:00,C,46
17793,31993,2025-12-03 00:00:00,A,215
17794,31995,2026-07-13 00:00:00,A,606
17795,31997,2023-07-30 00:00:00,A,1022
17796,31998,2025-01-24 00:00:00,A,1036
17797,31999,2023-05-14 00:00:00,A,595
17798,32000,2026-02-26 00:00:00,A,240
17799,32001,2025-07-26 00:00:00,A,784
17800,32002,2025-12-16 00:00:00,A,1123
17801,32005,2025-07-04 00:00:00,A,271
17802,32007,2025-10-16 00:00:00,A,191
17803,32009,2025-04-23 00:00:00,A,290
17804,32011,2025-03-20 00:00:00,A,87
17805,32012,2024-07-30 00:00:00,A,356
17806,32014,2026-07-13 00:00:00,A,17
17807,32016,2026-07-13 00:00:00,C,1159
17808,32019,2024-12-25 00:00:00,A,344
17809,32020,2024-08-27 00:00:00,A,751
17810,32021,2026-01-04 00:00:00,A,692
17811,32023,2026-01-22 00:00:00,C,1234
17812,32024,2026-04-14 00:00:00,A,1117
17813,32025,2023-07-19 00:00:00,B,1110
17814,32027,2023-10-06 00:00:00,A,651
17815,32032,2026-07-10 00:00:00,B,457
17816,32033,2023-11-12 00:00:00,A,1164
17817,32034,2024-12-02 00:00:00,A,1108
17818,32035,2026-03-28 00:00:00,B,68
17819,32037,2024-11-11 00:00:00,C,16
17820,32038,2023-06-19 00:00:00,B,493
17821,32039,2025-12-19 00:00:00,B,1043
17822,32043,2024-02-18 00:00:00,A,394
17823,32044,2023-06-20 00:00:00,A,325
17824,32045,2024-10-22 00:00:00,A,52
17825,32046,2025-05-14 00:00:00,A,792
17826,32050,2026-07-13 00:00:00,A,1059
17827,32051,2024-06-17 00:00:00,C,495
17828,32052,2023-10-07 00:00:00,A,53
17829,32053,2024-01-14 00:00:00,C,427
17830,32054,2024-08-29 00:00:00,A,141
17831,32059,2026-03-30 00:00:00,B,130
17832,32061,2024-04-20 00:00:00,A,405
17833,32062,2026-07-05 00:00:00,A,785
17834,32063,2026-07-13 00:00:00,C,1279
17835,32064,2024-06-08 00:00:00,A,1121
17836,32067,2026-07-13 00:00:00,A,708
17837,32068,2026-07-13 00:00:00,A,822
17838,32070,2025-12-10 00:00:00,C,1150
17839,32072,2023-08-01 00:00:00,A,858
17840,32074,2025-04-24 00:00:00,A,324
17841,32075,2025-05-09 00:00:00,A,206
17842,32076,2024-07-07 00:00:00,C,656
17843,32077,2026-07-13 00:00:00,C,314
17844,32079,2026-07-13 00:00:00,C,112
17845,32081,2023-03-16 00:00:00,A,262
17846,32082,2024-10-18 00:00:00,A,996
17847,32083,2024-12-20 00:00:00,A,586
17848,32085,2026-03-24 00:00:00,A,164
17849,32086,2025-12-19 00:00:00,C,1212
17850,32087,2025-12-12 00:00:00,C,825
17851,32088,2023-08-06 00:00:00,A,479
17852,32089,2026-07-13 00:00:00,A,253
17853,32090,2026-05-29 00:00:00,A,385
17854,32091,2024-03-01 00:00:00,A,750
17855,32093,2024-05-12 00:00:00,C,517
17856,32096,2024-05-18 00:00:00,C,150
17857,32098,2025-06-21 00:00:00,A,977
17858,32100,2024-09-20 00:00:00,A,94
17859,32101,2024-12-22 00:00:00,A,145
17860,32103,2025-06-17 00:00:00,A,1262
17861,32104,2025-08-28 00:00:00,C,966
17862,32105,2026-01-27 00:00:00,A,547
17863,32106,2024-07-31 00:00:00,A,470
17864,32107,2024-02-19 00:00:00,A,1300
17865,32109,2024-01-10 00:00:00,C,202
17866,32111,2025-12-28 00:00:00,A,932
17867,32114,2024-04-13 00:00:00,B,987
17868,32116,2023-08-07 00:00:00,A,138
17869,32117,2025-12-06 00:00:00,B,101
17870,32118,2025-01-21 00:00:00,B,164
17871,32120,2023-10-16 00:00:00,A,1135
17872,32124,2025-05-20 00:00:00,A,676
17873,32125,2026-07-13 00:00:00,A,608
17874,32127,2025-12-14 00:00:00,C,534
17875,32128,2026-07-13 00:00:00,A,165
17876,32130,2024-11-20 00:00:00,C,1073
17877,32132,2025-03-05 00:00:00,B,948
17878,32134,2024-12-09 00:00:00,C,326
17879,32140,2023-09-22 00:00:00,A,629
17880,32141,2024-08-23 00:00:00,C,1272
17881,32144,2025-09-22 00:00:00,A,37
17882,32145,2023-07-21 00:00:00,A,916
17883,32148,2026-07-13 00:00:00,C,956
17884,32149,2023-12-30 00:00:00,A,1039
17885,32152,2024-03-20 00:00:00,A,1205
17886,32153,2025-08-01 00:00:00,C,124
17887,32154,2026-04-04 00:00:00,A,835
17888,32159,2025-08-22 00:00:00,C,70
17889,32161,2024-03-26 00:00:00,A,864
17890,32163,2025-08-12 00:00:00,A,25
17891,32164,2024-12-11 00:00:00,A,744
17892,32165,2025-05-30 00:00:00,A,1183
17893,32166,2024-02-19 00:00:00,C,138
17894,32172,2026-03-17 00:00:00,A,1080
17895,32174,2024-04-01 00:00:00,A,262
17896,32175,2026-07-13 00:00:00,A,639
17897,32176,2025-02-18 00:00:00,C,1282
17898,32177,2026-05-03 00:00:00,A,1296
17899,32179,2023-08-12 00:00:00,A,377
17900,32182,2026-07-13 00:00:00,A,506
17901,32184,2026-07-13 00:00:00,A,589
17902,32185,2026-06-08 00:00:00,A,1102
17903,32186,2025-01-11 00:00:00,A,421
17904,32188,2023-12-19 00:00:00,A,365
17905,32190,2026-07-13 00:00:00,C,1303
17906,32191,2025-05-08 00:00:00,A,360
17907,32193,2026-05-17 00:00:00,A,725
17908,32194,2024-05-07 00:00:00,C,175
17909,32195,2023-10-12 00:00:00,C,650
17910,32196,2024-11-25 00:00:00,C,894
17911,32197,2026-07-13 00:00:00,A,182
17912,32198,2024-11-12 00:00:00,C,260
17913,32199,2026-07-13 00:00:00,A,1052
17914,32201,2024-10-14 00:00:00,A,1062
17915,32203,2026-06-03 00:00:00,C,173
17916,32204,2024-08-16 00:00:00,A,93
17917,32205,2025-06-25 00:00:00,A,1292
17918,32206,2025-04-17 00:00:00,A,1327
17919,32207,2023-05-17 00:00:00,A,1303
17920,32209,2024-09-27 00:00:00,C,395
17921,32211,2024-03-29 00:00:00,A,967
17922,32213,2026-03-04 00:00:00,A,123
17923,32214,2026-03-29 00:00:00,A,741
17924,32215,2026-07-13 00:00:00,A,73
17925,32219,2025-05-09 00:00:00,A,246
17926,32220,2025-06-12 00:00:00,A,391
17927,32222,2025-10-17 00:00:00,C,51
17928,32223,2026-01-13 00:00:00,A,1025
17929,32224,2023-12-21 00:00:00,C,262
17930,32226,2026-05-05 00:00:00,A,1026
17931,32227,2026-01-15 00:00:00,A,527
17932,32229,2023-09-11 00:00:00,A,771
17933,32230,2023-12-24 00:00:00,A,731
17934,32231,2025-08-19 00:00:00,A,130
17935,32232,2024-07-12 00:00:00,A,1122
17936,32233,2026-07-13 00:00:00,A,194
17937,32237,2026-03-02 00:00:00,A,1316
17938,32240,2025-01-16 00:00:00,A,133
17939,32241,2024-08-10 00:00:00,A,446
17940,32244,2024-10-04 00:00:00,A,341
17941,32246,2025-02-07 00:00:00,A,1098
17942,32249,2026-03-26 00:00:00,A,389
17943,32250,2023-11-19 00:00:00,C,1169
17944,32251,2025-11-21 00:00:00,C,1142
17945,32254,2025-03-24 00:00:00,A,67
17946,32256,2025-01-20 00:00:00,A,76
17947,32258,2025-06-03 00:00:00,A,1128
17948,32259,2025-03-09 00:00:00,A,115
17949,32261,2024-03-23 00:00:00,A,900
17950,32265,2025-07-25 00:00:00,C,90
17951,32266,2025-12-30 00:00:00,C,436
17952,32267,2024-06-01 00:00:00,C,174
17953,32271,2024-03-14 00:00:00,C,768
17954,32272,2024-05-26 00:00:00,A,355
17955,32273,2025-08-08 00:00:00,A,162
17956,32274,2025-10-25 00:00:00,C,737
17957,32275,2025-11-25 00:00:00,A,992
17958,32276,2026-07-13 00:00:00,C,1110
17959,32282,2025-08-07 00:00:00,C,62
17960,32284,2024-06-10 00:00:00,A,950
17961,32285,2026-05-04 00:00:00,A,783
17962,32287,2026-03-24 00:00:00,C,652
17963,32289,2026-07-13 00:00:00,A,1181
17964,32290,2026-07-13 00:00:00,C,1077
17965,32291,2025-06-10 00:00:00,A,1145
17966,32292,2025-10-15 00:00:00,A,206
17967,32293,2025-10-25 00:00:00,A,644
17968,32301,2023-07-19 00:00:00,C,734
17969,32303,2024-03-13 00:00:00,A,923
17970,32305,2024-05-03 00:00:00,A,1002
17971,32306,2024-06-04 00:00:00,A,829
17972,32309,2025-06-24 00:00:00,A,263
17973,32310,2024-01-21 00:00:00,A,798
17974,32312,2024-04-11 00:00:00,C,1315
17975,32316,2026-06-15 00:00:00,A,1088
17976,32317,2025-05-12 00:00:00,A,283
17977,32318,2025-07-21 00:00:00,B,154
17978,32320,2025-02-08 00:00:00,A,556
17979,32322,2024-08-15 00:00:00,A,388
17980,32323,2025-12-19 00:00:00,A,476
17981,32325,2023-11-10 00:00:00,A,712
17982,32326,2026-07-01 00:00:00,A,230
17983,32327,2025-07-01 00:00:00,A,1136
17984,32329,2026-01-10 00:00:00,A,179
17985,32330,2025-05-27 00:00:00,A,547
17986,32331,2024-08-26 00:00:00,C,255
17987,32333,2024-11-27 00:00:00,A,1232
17988,32335,2026-01-18 00:00:00,A,1245
17989,32337,2026-07-13 00:00:00,A,909
17990,32338,2024-04-18 00:00:00,A,1109
17991,32343,2025-02-21 00:00:00,A,1250
17992,32344,2026-02-13 00:00:00,A,723
17993,32346,2026-06-28 00:00:00,A,414
17994,32347,2026-04-23 00:00:00,B,215
17995,32349,2023-10-12 00:00:00,C,292
17996,32350,2026-07-13 00:00:00,C,188
17997,32352,2025-06-05 00:00:00,C,541
17998,32355,2023-11-20 00:00:00,A,1278
17999,32357,2024-12-23 00:00:00,A,450
18000,32358,2023-10-13 00:00:00,A,195
18001,32359,2023-10-30 00:00:00,A,309
18002,32361,2023-07-07 00:00:00,A,442
18003,32362,2025-04-07 00:00:00,A,727
18004,32365,2024-08-27 00:00:00,A,138
18005,32366,2023-08-05 00:00:00,A,334
18006,32368,2023-05-02 00:00:00,A,284
18007,32369,2024-03-21 00:00:00,A,770
18008,32370,2023-10-28 00:00:00,A,658
18009,32373,2023-06-16 00:00:00,A,1111
18010,32375,2023-06-02 00:00:00,A,165
18011,32376,2024-11-18 00:00:00,A,969
18012,32378,2024-11-25 00:00:00,A,921
18013,32381,2026-02-22 00:00:00,A,559
18014,32382,2024-08-31 00:00:00,C,688
18015,32384,2024-08-24 00:00:00,B,1304
18016,32386,2025-08-01 00:00:00,A,630
18017,32387,2024-11-30 00:00:00,A,1180
18018,32388,2026-01-25 00:00:00,A,208
18019,32393,2024-09-07 00:00:00,A,833
18020,32397,2024-05-22 00:00:00,A,54
18021,32398,2024-04-15 00:00:00,A,895
18022,32399,2026-07-13 00:00:00,A,707
18023,32401,2026-03-05 00:00:00,A,267
18024,32402,2023-11-26 00:00:00,A,116
18025,32404,2025-02-15 00:00:00,A,447
18026,32405,2025-06-14 00:00:00,A,12
18027,32407,2026-07-13 00:00:00,C,914
18028,32408,2023-05-04 00:00:00,B,1220
18029,32409,2026-03-12 00:00:00,C,110
18030,32410,2023-08-12 00:00:00,A,91
18031,32411,2026-06-24 00:00:00,A,536
18032,32412,2025-11-17 00:00:00,C,391
18033,32414,2026-06-14 00:00:00,B,1217
18034,32415,2025-03-03 00:00:00,A,225
18035,32417,2024-12-12 00:00:00,A,272
18036,32419,2025-11-10 00:00:00,A,1092
18037,32420,2025-06-10 00:00:00,C,264
18038,32421,2025-01-17 00:00:00,A,908
18039,32424,2026-05-10 00:00:00,A,914
18040,32427,2024-07-21 00:00:00,C,14
18041,32428,2025-05-19 00:00:00,A,421
18042,32429,2025-08-25 00:00:00,A,769
18043,32430,2024-06-01 00:00:00,A,1000
18044,32431,2024-04-14 00:00:00,C,431
18045,32433,2024-04-16 00:00:00,A,282
18046,32435,2026-07-13 00:00:00,A,829
18047,32441,2024-06-03 00:00:00,B,395
18048,32443,2024-09-13 00:00:00,A,78
18049,32444,2025-08-04 00:00:00,A,388
18050,32445,2026-03-06 00:00:00,C,63
18051,32451,2026-05-25 00:00:00,B,579
18052,32452,2025-04-10 00:00:00,A,802
18053,32453,2025-11-02 00:00:00,A,582
18054,32454,2026-05-23 00:00:00,C,108
18055,32459,2026-07-13 00:00:00,A,397
18056,32461,2024-08-12 00:00:00,A,67
18057,32462,2024-09-05 00:00:00,A,650
18058,32464,2026-07-13 00:00:00,A,268
18059,32465,2025-02-08 00:00:00,B,141
18060,32466,2023-11-28 00:00:00,A,415
18061,32467,2024-04-28 00:00:00,A,1210
18062,32468,2024-02-19 00:00:00,A,825
18063,32469,2023-06-29 00:00:00,A,26
18064,32471,2024-02-29 00:00:00,A,243
18065,32473,2024-11-18 00:00:00,A,628
18066,32474,2025-10-31 00:00:00,A,119
18067,32476,2025-09-17 00:00:00,B,863
18068,32477,2024-06-24 00:00:00,A,483
18069,32478,2024-07-08 00:00:00,A,1196
18070,32479,2023-11-15 00:00:00,A,922
18071,32480,2024-06-09 00:00:00,A,1247
18072,32481,2023-08-09 00:00:00,A,1003
18073,32482,2026-05-07 00:00:00,A,585
18074,32485,2025-03-14 00:00:00,B,1311
18075,32487,2025-11-25 00:00:00,A,131
18076,32489,2025-09-10 00:00:00,A,1047
18077,32490,2024-02-18 00:00:00,A,1119
18078,32494,2023-06-09 00:00:00,A,1177
18079,32495,2026-05-29 00:00:00,A,512
18080,32496,2025-04-11 00:00:00,C,1018
18081,32498,2024-02-21 00:00:00,B,710
18082,32500,2026-06-18 00:00:00,C,312
18083,32502,2025-05-28 00:00:00,B,405
18084,32504,2024-01-25 00:00:00,A,626
18085,32506,2024-03-03 00:00:00,A,1301
18086,32508,2024-11-01 00:00:00,A,12
18087,32509,2025-10-10 00:00:00,A,1080
18088,32510,2024-12-01 00:00:00,A,808
18089,32512,2026-03-18 00:00:00,C,187
18090,32514,2026-07-13 00:00:00,A,855
18091,32516,2024-05-25 00:00:00,A,942
18092,32519,2025-05-22 00:00:00,A,281
18093,32520,2026-06-03 00:00:00,C,731
18094,32521,2023-08-20 00:00:00,A,655
18095,32522,2025-01-27 00:00:00,A,633
18096,32524,2024-05-17 00:00:00,A,728
18097,32526,2025-10-28 00:00:00,A,531
18098,32531,2026-07-13 00:00:00,A,757
18099,32532,2024-02-17 00:00:00,A,500
18100,32533,2026-03-10 00:00:00,A,545
18101,32534,2026-03-20 00:00:00,A,1327
18102,32535,2023-07-09 00:00:00,C,356
18103,32539,2026-07-13 00:00:00,A,310
18104,32541,2024-03-15 00:00:00,A,335
18105,32542,2024-01-11 00:00:00,A,216
18106,32545,2025-10-10 00:00:00,C,926
18107,32547,2024-05-11 00:00:00,B,1114
18108,32548,2026-01-12 00:00:00,A,732
18109,32551,2026-07-13 00:00:00,C,937
18110,32554,2025-02-07 00:00:00,A,1105
18111,32555,2025-04-16 00:00:00,A,70
18112,32556,2026-07-13 00:00:00,C,984
18113,32557,2026-05-22 00:00:00,A,473
18114,32561,2026-03-25 00:00:00,C,522
18115,32562,2026-05-14 00:00:00,C,74
18116,32563,2026-07-13 00:00:00,C,156
18117,32564,2024-08-27 00:00:00,A,636
18118,32566,2024-09-10 00:00:00,A,633
18119,32567,2023-06-19 00:00:00,A,15
18120,32568,2024-03-01 00:00:00,A,349
18121,32570,2024-10-23 00:00:00,A,919
18122,32571,2024-07-27 00:00:00,A,134
18123,32573,2025-04-08 00:00:00,A,138
18124,32576,2024-01-15 00:00:00,C,1149
18125,32577,2024-12-09 00:00:00,A,1210
18126,32578,2024-05-13 00:00:00,A,1230
18127,32580,2025-10-03 00:00:00,A,573
18128,32581,2026-07-13 00:00:00,A,1031
18129,32582,2025-01-11 00:00:00,A,389
18130,32583,2026-01-09 00:00:00,C,940
18131,32586,2025-09-04 00:00:00,A,95
18132,32587,2024-05-01 00:00:00,B,610
18133,32588,2026-01-15 00:00:00,A,159
18134,32594,2025-05-14 00:00:00,A,652
18135,32595,2024-01-27 00:00:00,A,726
18136,32596,2026-07-10 00:00:00,A,94
18137,32597,2025-09-11 00:00:00,A,388
18138,32601,2024-10-24 00:00:00,C,601
18139,32603,2024-01-12 00:00:00,A,77
18140,32605,2024-02-28 00:00:00,A,913
18141,32606,2023-08-16 00:00:00,A,128
18142,32609,2025-06-30 00:00:00,A,1092
18143,32610,2024-02-04 00:00:00,A,766
18144,32613,2024-10-29 00:00:00,A,3
18145,32614,2026-07-13 00:00:00,B,210
18146,32620,2026-05-16 00:00:00,A,547
18147,32621,2023-11-30 00:00:00,A,341
18148,32622,2024-10-16 00:00:00,C,499
18149,32623,2024-05-30 00:00:00,A,619
18150,32625,2025-08-21 00:00:00,A,209
18151,32626,2024-07-07 00:00:00,A,569
18152,32627,2023-09-08 00:00:00,A,1288
18153,32628,2024-07-09 00:00:00,A,1152
18154,32630,2024-02-23 00:00:00,B,343
18155,32631,2024-07-11 00:00:00,A,757
18156,32632,2023-09-27 00:00:00,B,1075
18157,32634,2023-09-15 00:00:00,B,987
18158,32636,2025-09-06 00:00:00,B,69
18159,32637,2026-02-13 00:00:00,A,822
18160,32639,2026-04-04 00:00:00,A,604
18161,32640,2025-07-09 00:00:00,B,651
18162,32641,2026-07-13 00:00:00,A,1224
18163,32643,2026-03-30 00:00:00,A,995
18164,32646,2024-07-17 00:00:00,B,294
18165,32647,2025-11-22 00:00:00,A,225
18166,32648,2024-03-07 00:00:00,A,1156
18167,32649,2023-12-31 00:00:00,A,772
18168,32650,2025-03-01 00:00:00,A,242
18169,32651,2023-05-13 00:00:00,A,359
18170,32654,2026-03-19 00:00:00,C,388
18171,32655,2023-12-30 00:00:00,A,720
18172,32659,2024-08-26 00:00:00,A,384
18173,32660,2024-08-05 00:00:00,A,1077
18174,32661,2024-08-01 00:00:00,A,385
18175,32662,2025-03-21 00:00:00,A,1118
18176,32663,2025-10-03 00:00:00,A,681
18177,32664,2023-12-22 00:00:00,A,251
18178,32666,2025-10-20 00:00:00,A,125
18179,32668,2025-06-25 00:00:00,A,632
18180,32670,2024-01-22 00:00:00,C,392
18181,32672,2024-06-30 00:00:00,A,880
18182,32674,2024-11-04 00:00:00,B,1021
18183,32677,2025-02-22 00:00:00,A,362
18184,32682,2023-07-12 00:00:00,C,680
18185,32684,2025-04-23 00:00:00,C,169
18186,32685,2024-12-26 00:00:00,A,485
18187,32687,2026-07-13 00:00:00,A,230
18188,32690,2026-07-13 00:00:00,C,928
18189,32692,2026-07-13 00:00:00,C,1248
18190,32694,2024-06-30 00:00:00,B,728
18191,32695,2026-07-13 00:00:00,A,673
18192,32697,2023-06-30 00:00:00,A,550
18193,32699,2025-01-15 00:00:00,A,1203
18194,32701,2023-10-09 00:00:00,A,20
18195,32702,2026-04-26 00:00:00,A,1076
18196,32703,2024-10-28 00:00:00,C,125
18197,32704,2024-04-24 00:00:00,A,369
18198,32705,2025-01-09 00:00:00,A,1103
18199,32707,2026-07-13 00:00:00,A,857
18200,32711,2024-09-05 00:00:00,A,508
18201,32712,2023-12-21 00:00:00,A,1058
18202,32713,2024-07-18 00:00:00,C,55
18203,32714,2024-06-04 00:00:00,A,562
18204,32715,2025-04-02 00:00:00,A,977
18205,32716,2025-06-02 00:00:00,A,310
18206,32720,2026-07-13 00:00:00,C,292
18207,32721,2025-10-03 00:00:00,A,113
18208,32722,2026-06-29 00:00:00,C,1167
18209,32723,2023-02-16 00:00:00,A,486
18210,32725,2023-05-06 00:00:00,A,1132
18211,32726,2023-07-12 00:00:00,A,325
18212,32728,2026-07-13 00:00:00,A,6
18213,32730,2026-05-07 00:00:00,A,918
18214,32731,2024-11-22 00:00:00,B,138
18215,32732,2023-07-03 00:00:00,C,1226
18216,32733,2026-07-13 00:00:00,C,751
18217,32734,2023-03-18 00:00:00,A,458
18218,32735,2025-07-03 00:00:00,A,967
18219,32738,2025-11-13 00:00:00,A,692
18220,32739,2025-10-29 00:00:00,A,929
18221,32740,2025-01-15 00:00:00,A,340
18222,32743,2024-01-13 00:00:00,C,7
18223,32744,2024-03-20 00:00:00,A,1326
18224,32747,2024-10-11 00:00:00,A,608
18225,32750,2025-08-26 00:00:00,A,1231
18226,32752,2025-03-08 00:00:00,A,717
18227,32753,2026-07-13 00:00:00,C,995
18228,32754,2025-02-11 00:00:00,C,721
18229,32756,2025-03-12 00:00:00,A,449
18230,32757,2023-05-26 00:00:00,A,908
18231,32758,2025-04-04 00:00:00,C,864
18232,32759,2023-05-14 00:00:00,A,565
18233,32761,2026-07-12 00:00:00,A,1054
18234,32762,2024-10-19 00:00:00,A,363
18235,32764,2026-01-31 00:00:00,A,161
18236,32765,2025-10-04 00:00:00,A,629
18237,32766,2024-10-01 00:00:00,A,255
18238,32767,2023-10-09 00:00:00,A,1166
18239,32768,2024-02-25 00:00:00,A,960
18240,32769,2026-03-04 00:00:00,A,84
18241,32771,2026-01-11 00:00:00,C,800
18242,32775,2026-03-27 00:00:00,A,1112
18243,32776,2024-09-20 00:00:00,C,1008
18244,32778,2024-10-10 00:00:00,A,586
18245,32780,2025-02-04 00:00:00,A,138
18246,32784,2025-02-08 00:00:00,B,75
18247,32786,2025-10-06 00:00:00,C,263
18248,32790,2024-03-29 00:00:00,A,816
18249,32794,2024-06-28 00:00:00,A,1105
18250,32795,2026-07-13 00:00:00,A,208
18251,32796,2026-07-13 00:00:00,B,585
18252,32797,2024-08-09 00:00:00,C,33
18253,32800,2024-12-05 00:00:00,C,1082
18254,32802,2025-10-31 00:00:00,C,823
18255,32804,2024-12-11 00:00:00,B,603
18256,32805,2025-08-14 00:00:00,A,528
18257,32806,2024-05-05 00:00:00,A,760
18258,32809,2025-02-04 00:00:00,A,978
18259,32811,2026-05-17 00:00:00,C,1007
18260,32812,2024-09-11 00:00:00,A,1020
18261,32814,2026-07-13 00:00:00,C,96
18262,32815,2026-04-30 00:00:00,A,1040
18263,32816,2025-03-11 00:00:00,B,314
18264,32817,2024-04-18 00:00:00,A,836
18265,32818,2025-04-30 00:00:00,A,1181
18266,32819,2026-07-11 00:00:00,A,951
18267,32820,2026-05-13 00:00:00,A,1168
18268,32822,2023-07-16 00:00:00,A,1009
18269,32823,2026-06-19 00:00:00,C,1272
18270,32825,2025-05-08 00:00:00,A,685
18271,32829,2024-07-15 00:00:00,B,58
18272,32830,2026-04-16 00:00:00,A,599
18273,32831,2025-02-19 00:00:00,A,860
18274,32835,2025-02-09 00:00:00,A,309
18275,32836,2025-08-16 00:00:00,A,1321
18276,32837,2024-02-21 00:00:00,A,1059
18277,32839,2024-08-03 00:00:00,A,294
18278,32840,2024-09-30 00:00:00,A,334
18279,32841,2025-08-27 00:00:00,A,187
18280,32842,2025-07-13 00:00:00,C,1320
18281,32843,2024-11-18 00:00:00,A,583
18282,32846,2024-11-03 00:00:00,A,250
18283,32847,2024-12-31 00:00:00,C,248
18284,32849,2024-07-27 00:00:00,C,49
18285,32850,2025-09-25 00:00:00,A,618
18286,32851,2024-07-21 00:00:00,A,184
18287,32852,2024-05-06 00:00:00,C,57
18288,32853,2024-02-04 00:00:00,A,740
18289,32854,2026-03-14 00:00:00,A,1037
18290,32855,2026-01-08 00:00:00,A,1260
18291,32856,2024-07-27 00:00:00,A,125
18292,32857,2024-02-14 00:00:00,A,260
18293,32859,2025-06-23 00:00:00,A,452
18294,32860,2025-08-24 00:00:00,C,273
18295,32861,2026-07-13 00:00:00,A,16
18296,32863,2023-06-30 00:00:00,A,1276
18297,32864,2024-07-09 00:00:00,A,1308
18298,32866,2023-08-31 00:00:00,A,1122
18299,32871,2024-01-19 00:00:00,A,1270
18300,32872,2024-09-25 00:00:00,B,898
18301,32874,2023-02-16 00:00:00,A,137
18302,32875,2024-07-08 00:00:00,A,240
18303,32876,2025-05-24 00:00:00,C,982
18304,32878,2026-04-18 00:00:00,A,29
18305,32880,2026-07-13 00:00:00,C,458
18306,32881,2024-10-05 00:00:00,C,1304
18307,32882,2024-03-01 00:00:00,A,998
18308,32885,2024-06-13 00:00:00,A,5
18309,32889,2024-11-09 00:00:00,A,787
18310,32890,2023-10-27 00:00:00,A,1149
18311,32894,2025-12-01 00:00:00,A,293
18312,32898,2023-12-28 00:00:00,A,173
18313,32900,2026-07-13 00:00:00,C,868
18314,32901,2026-07-13 00:00:00,A,1327
18315,32904,2024-06-18 00:00:00,A,334
18316,32906,2026-07-13 00:00:00,B,493
18317,32908,2026-04-08 00:00:00,A,337
18318,32909,2023-10-30 00:00:00,A,870
18319,32910,2024-11-01 00:00:00,A,258
18320,32911,2025-12-09 00:00:00,A,1325
18321,32915,2026-01-12 00:00:00,C,671
18322,32916,2024-01-27 00:00:00,C,1120
18323,32917,2025-07-03 00:00:00,A,1324
18324,32920,2024-08-20 00:00:00,A,111
18325,32921,2024-12-15 00:00:00,A,969
18326,32922,2023-08-31 00:00:00,B,34
18327,32923,2026-07-13 00:00:00,B,262
18328,32924,2024-04-17 00:00:00,A,514
18329,32926,2025-04-05 00:00:00,B,217
18330,32927,2025-01-18 00:00:00,C,421
18331,32928,2026-04-20 00:00:00,A,1130
18332,32930,2024-02-16 00:00:00,A,548
18333,32932,2026-03-06 00:00:00,C,1313
18334,32933,2024-10-19 00:00:00,C,483
18335,32934,2024-04-17 00:00:00,A,338
18336,32935,2024-07-09 00:00:00,A,1105
18337,32938,2026-04-26 00:00:00,A,1118
18338,32942,2024-11-14 00:00:00,A,941
18339,32946,2025-06-22 00:00:00,A,156
18340,32947,2026-07-13 00:00:00,C,1140
18341,32948,2026-07-13 00:00:00,C,54
18342,32950,2024-02-17 00:00:00,A,1057
18343,32951,2026-06-15 00:00:00,A,773
18344,32954,2024-07-22 00:00:00,A,714
18345,32955,2024-11-04 00:00:00,A,747
18346,32956,2024-04-02 00:00:00,A,766
18347,32958,2023-12-20 00:00:00,C,47
18348,32959,2026-01-10 00:00:00,A,887
18349,32960,2023-06-27 00:00:00,A,13
18350,32961,2023-05-22 00:00:00,A,714
18351,32965,2024-12-19 00:00:00,A,889
18352,32967,2024-03-09 00:00:00,A,1060
18353,32969,2026-05-25 00:00:00,A,14
18354,32970,2024-09-30 00:00:00,C,480
18355,32971,2023-07-30 00:00:00,A,234
18356,32972,2023-05-06 00:00:00,A,537
18357,32974,2024-08-10 00:00:00,A,657
18358,32975,2025-06-24 00:00:00,C,1301
18359,32976,2025-01-25 00:00:00,C,1008
18360,32977,2025-11-05 00:00:00,A,717
18361,32978,2024-12-18 00:00:00,A,750
18362,32979,2025-01-06 00:00:00,A,212
18363,32980,2023-06-30 00:00:00,A,263
18364,32983,2024-12-04 00:00:00,A,1104
18365,32985,2026-01-29 00:00:00,B,585
18366,32986,2024-07-01 00:00:00,A,1
18367,32987,2025-04-27 00:00:00,A,904
18368,32992,2026-06-24 00:00:00,B,235
18369,32993,2023-11-13 00:00:00,A,545
18370,32995,2023-12-22 00:00:00,C,855
18371,32997,2024-06-06 00:00:00,A,464
18372,32999,2024-05-04 00:00:00,A,73
18373,33000,2023-06-06 00:00:00,A,899
18374,33005,2026-07-13 00:00:00,A,1251
18375,33011,2026-07-13 00:00:00,C,880
18376,33013,2026-07-13 00:00:00,A,290
18377,33014,2025-08-23 00:00:00,A,823
18378,33017,2024-01-05 00:00:00,A,445
18379,33018,2025-11-22 00:00:00,A,130
18380,33020,2024-12-31 00:00:00,C,738
18381,33025,2025-05-31 00:00:00,C,598
18382,33026,2023-12-12 00:00:00,A,14
18383,33029,2026-07-13 00:00:00,C,1145
18384,33030,2026-02-26 00:00:00,A,101
18385,33032,2024-10-17 00:00:00,A,821
18386,33037,2026-07-13 00:00:00,A,1001
18387,33038,2025-05-03 00:00:00,C,1329
18388,33039,2024-01-25 00:00:00,A,632
18389,33041,2024-01-03 00:00:00,C,186
18390,33042,2026-03-18 00:00:00,A,550
18391,33046,2025-12-18 00:00:00,C,581
18392,33048,2026-06-25 00:00:00,C,53
18393,33051,2024-11-22 00:00:00,A,112
18394,33052,2024-06-01 00:00:00,C,283
18395,33054,2025-08-19 00:00:00,A,964
18396,33055,2024-12-31 00:00:00,A,37
18397,33057,2024-07-10 00:00:00,A,95
18398,33058,2024-09-02 00:00:00,A,840
18399,33059,2024-03-24 00:00:00,A,502
18400,33062,2025-03-28 00:00:00,A,906
18401,33063,2024-06-26 00:00:00,C,511
18402,33064,2025-07-04 00:00:00,A,528
18403,33065,2024-04-17 00:00:00,A,1237
18404,33067,2023-08-17 00:00:00,A,602
18405,33068,2026-01-07 00:00:00,A,1005
18406,33071,2023-12-28 00:00:00,A,826
18407,33072,2024-05-08 00:00:00,A,1227
18408,33074,2023-06-23 00:00:00,A,338
18409,33076,2023-08-01 00:00:00,A,53
18410,33078,2025-02-02 00:00:00,C,1058
18411,33079,2024-12-02 00:00:00,A,1030
18412,33080,2026-07-01 00:00:00,A,217
18413,33081,2024-10-23 00:00:00,A,44
18414,33082,2026-07-13 00:00:00,C,261
18415,33083,2025-10-31 00:00:00,C,565
18416,33084,2024-11-27 00:00:00,A,478
18417,33085,2023-08-21 00:00:00,A,139
18418,33086,2025-02-08 00:00:00,A,350
18419,33087,2026-05-29 00:00:00,A,797
18420,33088,2025-02-08 00:00:00,A,56
18421,33090,2025-01-26 00:00:00,A,1275
18422,33092,2023-12-22 00:00:00,A,905
18423,33093,2023-10-31 00:00:00,A,900
18424,33094,2026-07-13 00:00:00,A,584
18425,33095,2026-06-27 00:00:00,A,1178
18426,33098,2026-06-20 00:00:00,A,495
18427,33099,2024-01-20 00:00:00,A,224
18428,33100,2023-05-15 00:00:00,A,1278
18429,33102,2024-03-23 00:00:00,B,931
18430,33103,2023-12-04 00:00:00,A,866
18431,33104,2025-10-22 00:00:00,A,1029
18432,33108,2024-12-16 00:00:00,A,403
18433,33109,2026-02-23 00:00:00,A,25
18434,33110,2023-11-10 00:00:00,A,186
18435,33111,2025-01-21 00:00:00,A,285
18436,33113,2023-07-29 00:00:00,C,293
18437,33114,2025-12-22 00:00:00,B,150
18438,33115,2025-04-02 00:00:00,A,134
18439,33116,2023-11-19 00:00:00,A,977
18440,33118,2024-11-28 00:00:00,C,498
18441,33119,2024-11-10 00:00:00,A,542
18442,33120,2024-04-29 00:00:00,C,1150
18443,33121,2026-07-13 00:00:00,C,766
18444,33122,2026-05-30 00:00:00,A,364
18445,33123,2025-02-22 00:00:00,A,336
18446,33127,2023-09-21 00:00:00,C,873
18447,33133,2026-07-13 00:00:00,C,731
18448,33136,2026-07-13 00:00:00,C,999
18449,33137,2025-10-24 00:00:00,B,857
18450,33138,2024-11-11 00:00:00,A,1133
18451,33139,2024-09-25 00:00:00,C,999
18452,33141,2024-09-12 00:00:00,B,1178
18453,33142,2025-06-25 00:00:00,C,931
18454,33143,2023-07-01 00:00:00,A,165
18455,33146,2024-05-03 00:00:00,A,1113
18456,33149,2026-03-27 00:00:00,A,154
18457,33150,2024-12-14 00:00:00,A,871
18458,33151,2025-05-19 00:00:00,A,204
18459,33152,2024-05-05 00:00:00,A,1201
18460,33154,2025-02-02 00:00:00,A,32
18461,33156,2025-11-26 00:00:00,A,709
18462,33158,2024-05-11 00:00:00,C,906
18463,33159,2025-08-12 00:00:00,A,116
18464,33160,2025-06-02 00:00:00,A,175
18465,33161,2026-07-13 00:00:00,A,1271
18466,33162,2025-10-01 00:00:00,A,55
18467,33163,2023-06-23 00:00:00,A,588
18468,33164,2025-12-17 00:00:00,A,253
18469,33165,2026-07-13 00:00:00,A,792
18470,33167,2024-11-15 00:00:00,C,358
18471,33170,2025-05-25 00:00:00,A,1118
18472,33171,2024-06-02 00:00:00,A,328
18473,33172,2024-08-06 00:00:00,A,1165
18474,33174,2023-12-23 00:00:00,A,406
18475,33175,2024-10-08 00:00:00,A,144
18476,33177,2026-07-13 00:00:00,C,1324
18477,33179,2026-04-14 00:00:00,A,339
18478,33180,2024-06-29 00:00:00,C,787
18479,33181,2025-10-25 00:00:00,A,718
18480,33184,2026-01-16 00:00:00,A,896
18481,33185,2025-03-22 00:00:00,A,124
18482,33186,2023-08-01 00:00:00,A,414
18483,33187,2025-03-22 00:00:00,C,142
18484,33190,2023-06-12 00:00:00,A,200
18485,33191,2024-07-01 00:00:00,A,1300
18486,33193,2024-04-27 00:00:00,A,1293
18487,33196,2026-07-13 00:00:00,A,928
18488,33197,2024-01-31 00:00:00,A,541
18489,33199,2025-02-28 00:00:00,A,563
18490,33200,2025-12-11 00:00:00,A,801
18491,33201,2023-03-30 00:00:00,A,1036
18492,33203,2025-08-29 00:00:00,A,872
18493,33204,2026-03-22 00:00:00,A,1018
18494,33205,2024-08-05 00:00:00,A,1177
18495,33209,2024-04-20 00:00:00,C,1056
18496,33212,2025-08-05 00:00:00,A,363
18497,33213,2025-12-28 00:00:00,B,533
18498,33214,2025-09-24 00:00:00,A,695
18499,33215,2025-03-28 00:00:00,A,432
18500,33216,2024-07-05 00:00:00,C,876
18501,33217,2026-07-13 00:00:00,A,1077
18502,33220,2026-07-11 00:00:00,C,368
18503,33222,2024-08-09 00:00:00,A,1119
18504,33223,2025-05-23 00:00:00,A,126
18505,33224,2023-06-27 00:00:00,A,1013
18506,33226,2024-05-20 00:00:00,A,415
18507,33227,2025-07-16 00:00:00,A,951
18508,33229,2023-06-05 00:00:00,A,17
18509,33232,2023-12-18 00:00:00,A,427
18510,33235,2024-10-29 00:00:00,A,858
18511,33236,2026-07-13 00:00:00,A,430
18512,33237,2026-07-13 00:00:00,A,1282
18513,33239,2024-12-27 00:00:00,A,1145
18514,33243,2025-10-27 00:00:00,A,586
18515,33244,2023-07-27 00:00:00,A,417
18516,33245,2023-10-22 00:00:00,A,297
18517,33247,2026-03-09 00:00:00,A,965
18518,33249,2024-02-13 00:00:00,B,299
18519,33250,2024-03-12 00:00:00,B,870
18520,33251,2026-05-16 00:00:00,A,301
18521,33252,2025-06-08 00:00:00,C,522
18522,33254,2024-05-25 00:00:00,A,30
18523,33257,2024-11-26 00:00:00,A,159
18524,33258,2024-07-02 00:00:00,B,880
18525,33259,2026-07-13 00:00:00,C,933
18526,33263,2024-08-22 00:00:00,A,174
18527,33265,2025-01-11 00:00:00,B,1021
18528,33266,2026-04-09 00:00:00,A,850
18529,33268,2026-07-13 00:00:00,A,238
18530,33271,2025-09-08 00:00:00,C,65
18531,33272,2023-11-26 00:00:00,A,894
18532,33273,2023-08-13 00:00:00,C,121
18533,33279,2024-07-21 00:00:00,B,999
18534,33280,2026-07-13 00:00:00,B,1000
18535,33282,2024-04-27 00:00:00,A,36
18536,33283,2025-05-03 00:00:00,A,643
18537,33285,2026-05-05 00:00:00,A,706
18538,33286,2026-07-13 00:00:00,C,703
18539,33287,2024-11-06 00:00:00,A,78
18540,33288,2023-12-03 00:00:00,A,203
18541,33290,2024-08-19 00:00:00,C,760
18542,33293,2024-11-30 00:00:00,A,705
18543,33294,2026-07-13 00:00:00,A,1117
18544,33295,2024-07-05 00:00:00,A,1282
18545,33296,2025-08-07 00:00:00,A,308
18546,33298,2024-01-23 00:00:00,A,487
18547,33299,2024-01-15 00:00:00,A,335
18548,33301,2026-07-13 00:00:00,C,234
18549,33302,2025-06-05 00:00:00,C,465
18550,33304,2025-11-27 00:00:00,A,1163
18551,33305,2024-10-03 00:00:00,C,1090
18552,33307,2025-07-26 00:00:00,A,1185
18553,33308,2024-07-05 00:00:00,C,660
18554,33309,2024-02-25 00:00:00,A,418
18555,33311,2024-08-02 00:00:00,A,390
18556,33313,2025-03-01 00:00:00,B,950
18557,33314,2024-05-07 00:00:00,A,1277
18558,33315,2026-01-12 00:00:00,A,657
18559,33319,2023-11-04 00:00:00,B,554
18560,33321,2025-01-07 00:00:00,A,1176
18561,33322,2023-02-16 00:00:00,A,1233
18562,33324,2024-04-28 00:00:00,A,288
18563,33325,2024-10-22 00:00:00,A,260
18564,33327,2025-08-26 00:00:00,A,733
18565,33328,2023-06-10 00:00:00,A,255
18566,33329,2024-03-29 00:00:00,C,911
18567,33330,2024-07-20 00:00:00,C,996
18568,33331,2023-10-02 00:00:00,A,926
18569,33332,2023-09-07 00:00:00,A,946
18570,33334,2024-12-01 00:00:00,A,679
18571,33336,2025-06-18 00:00:00,A,900
18572,33338,2025-03-31 00:00:00,A,619
18573,33339,2024-01-03 00:00:00,A,895
18574,33340,2026-01-20 00:00:00,A,1281
18575,33342,2025-09-29 00:00:00,C,926
18576,33344,2025-12-04 00:00:00,A,152
18577,33345,2025-11-03 00:00:00,A,251
18578,33348,2025-01-01 00:00:00,A,544
18579,33350,2023-08-03 00:00:00,A,1206
18580,33352,2026-07-13 00:00:00,A,457
18581,33353,2024-01-18 00:00:00,A,333
18582,33356,2026-06-04 00:00:00,B,625
18583,33360,2024-02-22 00:00:00,A,1225
18584,33361,2026-05-13 00:00:00,A,1329
18585,33363,2026-07-13 00:00:00,A,1105
18586,33364,2023-04-27 00:00:00,A,84
18587,33365,2023-11-18 00:00:00,A,906
18588,33366,2025-03-24 00:00:00,C,1104
18589,33369,2024-11-19 00:00:00,A,524
18590,33370,2026-07-13 00:00:00,C,548
18591,33372,2023-07-22 00:00:00,A,316
18592,33375,2024-09-04 00:00:00,B,253
18593,33376,2026-07-13 00:00:00,A,1197
18594,33377,2025-12-12 00:00:00,A,1094
18595,33379,2023-11-22 00:00:00,B,1134
18596,33385,2023-08-27 00:00:00,A,389
18597,33386,2025-12-26 00:00:00,C,944
18598,33387,2026-06-13 00:00:00,A,168
18599,33388,2025-10-14 00:00:00,A,246
18600,33390,2023-08-02 00:00:00,B,354
18601,33392,2024-10-03 00:00:00,A,254
18602,33395,2023-09-26 00:00:00,A,692
18603,33396,2025-01-05 00:00:00,C,208
18604,33398,2025-10-08 00:00:00,A,90
18605,33400,2024-07-28 00:00:00,A,338
18606,33401,2025-11-02 00:00:00,A,464
18607,33402,2024-04-08 00:00:00,C,873
18608,33403,2024-11-13 00:00:00,B,120
18609,33404,2025-05-03 00:00:00,A,311
18610,33406,2026-01-02 00:00:00,A,72
18611,33407,2025-12-31 00:00:00,A,613
18612,33409,2024-06-11 00:00:00,A,1165
18613,33410,2025-04-10 00:00:00,A,1251
18614,33412,2025-12-31 00:00:00,A,927
18615,33415,2024-04-05 00:00:00,A,266
18616,33416,2025-10-26 00:00:00,A,355
18617,33417,2025-10-19 00:00:00,C,981
18618,33419,2024-06-10 00:00:00,A,697
18619,33423,2023-12-05 00:00:00,A,416
18620,33425,2025-08-17 00:00:00,A,213
18621,33426,2025-11-17 00:00:00,A,865
18622,33431,2025-09-23 00:00:00,A,1206
18623,33432,2025-05-11 00:00:00,C,1216
18624,33434,2024-10-24 00:00:00,C,551
18625,33435,2023-06-18 00:00:00,B,1281
18626,33436,2023-06-11 00:00:00,A,109
18627,33438,2025-05-06 00:00:00,C,1300
18628,33439,2025-12-23 00:00:00,A,459
18629,33441,2026-02-04 00:00:00,A,671
18630,33443,2025-11-07 00:00:00,A,1268
18631,33444,2024-08-14 00:00:00,B,565
18632,33446,2024-02-04 00:00:00,A,446
18633,33448,2024-03-21 00:00:00,A,951
18634,33449,2024-07-31 00:00:00,A,1171
18635,33450,2025-12-08 00:00:00,A,476
18636,33453,2024-05-05 00:00:00,A,218
18637,33457,2026-05-26 00:00:00,C,816
18638,33458,2026-07-13 00:00:00,C,486
18639,33460,2024-02-08 00:00:00,A,545
18640,33462,2025-02-01 00:00:00,A,653
18641,33463,2025-05-01 00:00:00,A,229
18642,33465,2024-08-29 00:00:00,A,1028
18643,33467,2025-01-21 00:00:00,C,1142
18644,33468,2024-12-17 00:00:00,A,444
18645,33469,2026-07-13 00:00:00,C,196
18646,33472,2025-12-05 00:00:00,A,103
18647,33474,2024-05-27 00:00:00,A,129
18648,33476,2024-09-20 00:00:00,C,68
18649,33479,2026-03-12 00:00:00,B,1287
18650,33481,2025-11-05 00:00:00,B,896
18651,33482,2026-02-08 00:00:00,A,1001
18652,33483,2026-03-06 00:00:00,A,369
18653,33486,2025-08-12 00:00:00,A,721
18654,33488,2026-04-28 00:00:00,A,1287
18655,33489,2026-07-13 00:00:00,A,665
18656,33490,2025-04-12 00:00:00,A,1
18657,33491,2025-01-31 00:00:00,B,599
18658,33492,2026-07-13 00:00:00,C,231
18659,33493,2025-05-01 00:00:00,A,315
18660,33494,2026-03-31 00:00:00,B,1325
18661,33497,2024-12-12 00:00:00,A,1329
18662,33498,2025-08-10 00:00:00,A,68
18663,33499,2024-05-08 00:00:00,A,69
18664,33500,2026-05-07 00:00:00,A,194
18665,33503,2024-11-08 00:00:00,B,654
18666,33504,2024-05-20 00:00:00,A,525
18667,33505,2024-11-05 00:00:00,A,719
18668,33506,2023-07-03 00:00:00,A,633
18669,33507,2023-09-02 00:00:00,B,250
18670,33509,2025-05-19 00:00:00,C,147
18671,33510,2024-06-03 00:00:00,A,635
18672,33511,2025-04-15 00:00:00,A,741
18673,33512,2024-11-09 00:00:00,A,909
18674,33513,2024-06-13 00:00:00,A,957
18675,33514,2023-05-25 00:00:00,A,1053
18676,33516,2025-02-09 00:00:00,C,348
18677,33517,2024-05-13 00:00:00,A,856
18678,33519,2024-06-22 00:00:00,C,897
18679,33523,2026-06-03 00:00:00,C,605
18680,33524,2023-12-29 00:00:00,C,211
18681,33526,2026-07-13 00:00:00,C,1129
18682,33527,2024-07-01 00:00:00,A,741
18683,33528,2025-06-18 00:00:00,A,372
18684,33529,2024-08-05 00:00:00,A,174
18685,33530,2023-06-17 00:00:00,A,1303
18686,33531,2025-04-16 00:00:00,C,354
18687,33532,2025-02-06 00:00:00,A,562
18688,33533,2024-06-16 00:00:00,A,452
18689,33535,2025-12-10 00:00:00,A,786
18690,33536,2025-03-28 00:00:00,A,227
18691,33537,2026-03-22 00:00:00,C,114
18692,33538,2024-12-22 00:00:00,C,858
18693,33539,2026-01-15 00:00:00,B,1311
18694,33542,2023-05-12 00:00:00,A,1121
18695,33543,2026-05-02 00:00:00,B,706
18696,33544,2025-12-26 00:00:00,C,869
18697,33546,2026-07-13 00:00:00,B,740
18698,33547,2023-11-10 00:00:00,A,633
18699,33548,2025-08-01 00:00:00,A,215
18700,33549,2026-01-31 00:00:00,A,302
18701,33552,2024-09-30 00:00:00,B,1281
18702,33555,2023-11-16 00:00:00,B,710
18703,33556,2024-07-04 00:00:00,A,1022
18704,33557,2026-07-13 00:00:00,C,1063
18705,33558,2025-01-05 00:00:00,A,558
18706,33560,2023-09-18 00:00:00,A,1195
18707,33562,2024-03-31 00:00:00,A,531
18708,33564,2023-05-10 00:00:00,A,187
18709,33565,2025-12-06 00:00:00,A,359
18710,33566,2024-11-03 00:00:00,A,696
18711,33567,2024-12-02 00:00:00,C,147
18712,33569,2025-11-27 00:00:00,A,716
18713,33571,2024-01-17 00:00:00,A,677
18714,33572,2024-02-24 00:00:00,A,176
18715,33575,2024-04-12 00:00:00,A,945
18716,33577,2024-08-19 00:00:00,A,1301
18717,33578,2025-06-21 00:00:00,A,713
18718,33579,2026-03-31 00:00:00,A,526
18719,33581,2026-03-30 00:00:00,C,686
18720,33582,2025-09-14 00:00:00,A,942
18721,33584,2025-06-19 00:00:00,A,347
18722,33586,2023-12-15 00:00:00,A,1175
18723,33587,2023-07-04 00:00:00,A,281
18724,33588,2025-08-31 00:00:00,B,706
18725,33589,2026-07-13 00:00:00,A,864
18726,33591,2026-05-28 00:00:00,B,475
18727,33592,2024-11-13 00:00:00,A,404
18728,33593,2026-04-20 00:00:00,A,17
18729,33594,2026-07-01 00:00:00,B,1291
18730,33595,2025-05-14 00:00:00,B,474
18731,33599,2026-03-04 00:00:00,A,590
18732,33600,2023-04-21 00:00:00,A,1253
18733,33601,2023-12-14 00:00:00,A,1179
18734,33604,2025-12-25 00:00:00,C,91
18735,33606,2024-03-26 00:00:00,A,472
18736,33611,2024-01-06 00:00:00,A,691
18737,33612,2025-09-08 00:00:00,C,225
18738,33613,2023-11-17 00:00:00,A,1289
18739,33614,2026-07-13 00:00:00,A,517
18740,33615,2025-02-28 00:00:00,A,49
18741,33617,2025-09-05 00:00:00,C,767
18742,33618,2024-03-14 00:00:00,C,515
18743,33620,2026-07-13 00:00:00,A,1173
18744,33622,2024-12-18 00:00:00,A,613
18745,33623,2024-05-07 00:00:00,B,1046
18746,33625,2024-03-15 00:00:00,A,844
18747,33626,2025-03-03 00:00:00,A,164
18748,33628,2024-10-07 00:00:00,A,87
18749,33631,2026-06-03 00:00:00,A,357
18750,33632,2025-09-15 00:00:00,A,1297
18751,33633,2023-06-21 00:00:00,A,1161
18752,33636,2026-07-13 00:00:00,A,1038
18753,33644,2025-10-31 00:00:00,A,27
18754,33645,2024-06-16 00:00:00,A,786
18755,33649,2025-03-10 00:00:00,B,850
18756,33650,2025-12-03 00:00:00,C,902
18757,33651,2024-12-26 00:00:00,A,410
18758,33655,2023-12-13 00:00:00,A,234
18759,33656,2026-01-26 00:00:00,A,187
18760,33657,2024-03-17 00:00:00,A,83
18761,33660,2024-06-15 00:00:00,B,295
18762,33662,2023-10-05 00:00:00,A,594
18763,33663,2023-04-26 00:00:00,C,498
18764,33664,2024-09-18 00:00:00,A,465
18765,33667,2025-04-18 00:00:00,A,638
18766,33668,2026-04-08 00:00:00,C,244
18767,33669,2026-04-13 00:00:00,A,96
18768,33671,2023-12-02 00:00:00,A,866
18769,33672,2024-04-29 00:00:00,A,1336
18770,33673,2024-04-11 00:00:00,C,251
18771,33675,2023-07-07 00:00:00,A,1192
18772,33676,2024-09-07 00:00:00,A,1044
18773,33677,2025-02-27 00:00:00,A,647
18774,33678,2024-04-18 00:00:00,A,827
18775,33679,2026-02-01 00:00:00,C,1022
18776,33681,2026-07-13 00:00:00,A,223
18777,33682,2025-02-23 00:00:00,C,776
18778,33683,2025-03-13 00:00:00,B,519
18779,33685,2024-12-10 00:00:00,A,323
18780,33686,2024-03-24 00:00:00,A,1327
18781,33687,2023-10-17 00:00:00,A,676
18782,33690,2024-12-01 00:00:00,A,811
18783,33693,2023-07-05 00:00:00,A,1303
18784,33695,2026-07-13 00:00:00,A,2
18785,33696,2025-06-01 00:00:00,A,931
18786,33699,2023-05-17 00:00:00,A,1019
18787,33700,2023-10-07 00:00:00,A,724
18788,33702,2025-01-17 00:00:00,A,593
18789,33704,2026-07-13 00:00:00,A,867
18790,33705,2026-07-13 00:00:00,C,744
18791,33707,2024-01-04 00:00:00,A,733
18792,33713,2023-08-10 00:00:00,A,519
18793,33714,2026-05-17 00:00:00,C,996
18794,33715,2024-03-08 00:00:00,A,1223
18795,33717,2025-04-14 00:00:00,A,1285
18796,33720,2024-07-25 00:00:00,A,943
18797,33728,2023-08-12 00:00:00,B,261
18798,33729,2024-08-05 00:00:00,C,93
18799,33730,2025-09-19 00:00:00,A,124
18800,33732,2025-01-15 00:00:00,A,109
18801,33735,2025-06-12 00:00:00,A,1117
18802,33737,2026-05-25 00:00:00,A,124
18803,33738,2025-05-25 00:00:00,A,520
18804,33741,2024-12-05 00:00:00,A,1102
18805,33745,2023-10-02 00:00:00,B,392
18806,33747,2026-07-13 00:00:00,A,615
18807,33753,2024-05-04 00:00:00,B,630
18808,33756,2024-03-29 00:00:00,A,242
18809,33759,2026-07-13 00:00:00,C,505
18810,33761,2026-07-13 00:00:00,B,1331
18811,33764,2026-06-16 00:00:00,A,324
18812,33765,2025-04-10 00:00:00,A,518
18813,33767,2024-06-28 00:00:00,A,1040
18814,33775,2024-03-24 00:00:00,A,299
18815,33776,2026-04-06 00:00:00,A,1332
18816,33777,2025-06-11 00:00:00,A,377
18817,33779,2026-01-02 00:00:00,C,395
18818,33780,2023-10-15 00:00:00,B,278
18819,33782,2025-07-09 00:00:00,A,619
18820,33783,2024-01-17 00:00:00,C,742
18821,33784,2026-02-14 00:00:00,A,515
18822,33785,2024-06-08 00:00:00,A,397
18823,33787,2023-12-15 00:00:00,A,617
18824,33790,2025-11-09 00:00:00,A,542
18825,33793,2025-06-01 00:00:00,C,1278
18826,33794,2024-03-23 00:00:00,C,517
18827,33796,2025-04-22 00:00:00,A,1306
18828,33799,2024-05-31 00:00:00,A,398
18829,33800,2026-07-13 00:00:00,A,437
18830,33803,2026-01-22 00:00:00,C,796
18831,33811,2026-07-13 00:00:00,A,679
18832,33812,2024-01-31 00:00:00,A,514
18833,33813,2023-10-07 00:00:00,A,462
18834,33814,2025-02-19 00:00:00,B,16
18835,33815,2025-07-23 00:00:00,A,148
18836,33818,2024-04-13 00:00:00,A,524
18837,33820,2026-05-31 00:00:00,B,770
18838,33822,2024-07-31 00:00:00,C,1088
18839,33824,2026-07-13 00:00:00,C,379
18840,33827,2023-06-05 00:00:00,A,451
18841,33828,2023-04-13 00:00:00,A,296
18842,33832,2024-03-20 00:00:00,B,298
18843,33834,2026-07-13 00:00:00,C,931
18844,33836,2023-08-21 00:00:00,A,1081
18845,33838,2023-05-17 00:00:00,A,938
18846,33840,2023-07-19 00:00:00,A,791
18847,33841,2023-10-14 00:00:00,A,281
18848,33842,2026-06-14 00:00:00,A,676
18849,33846,2025-12-22 00:00:00,A,956
18850,33848,2024-12-31 00:00:00,A,247
18851,33849,2026-06-29 00:00:00,A,971
18852,33850,2025-08-25 00:00:00,B,352
18853,33851,2024-06-04 00:00:00,A,345
18854,33855,2024-09-29 00:00:00,A,1014
18855,33856,2025-07-17 00:00:00,A,177
18856,33858,2023-11-28 00:00:00,A,1309
18857,33859,2023-12-11 00:00:00,B,388
18858,33861,2024-03-24 00:00:00,B,1277
18859,33862,2026-05-13 00:00:00,A,849
18860,33869,2023-12-29 00:00:00,A,1208
18861,33870,2026-07-13 00:00:00,C,367
18862,33871,2025-02-11 00:00:00,C,677
18863,33872,2025-06-23 00:00:00,A,1186
18864,33873,2024-01-07 00:00:00,A,233
18865,33875,2026-06-20 00:00:00,A,1208
18866,33879,2023-06-07 00:00:00,A,598
18867,33880,2025-11-06 00:00:00,C,601
18868,33883,2024-02-09 00:00:00,A,1021
18869,33885,2025-04-28 00:00:00,A,433
18870,33887,2025-08-13 00:00:00,C,244
18871,33888,2024-04-25 00:00:00,A,293
18872,33891,2026-07-10 00:00:00,C,702
18873,33892,2025-07-01 00:00:00,A,997
18874,33893,2026-01-06 00:00:00,A,797
18875,33897,2026-02-07 00:00:00,A,89
18876,33899,2024-06-20 00:00:00,A,921
18877,33900,2025-10-07 00:00:00,C,1171
18878,33902,2023-08-26 00:00:00,A,49
18879,33903,2024-06-09 00:00:00,C,875
18880,33905,2023-08-23 00:00:00,A,260
18881,33907,2024-12-04 00:00:00,A,1135
18882,33908,2025-02-18 00:00:00,B,134
18883,33909,2023-07-16 00:00:00,A,1152
18884,33911,2024-12-24 00:00:00,A,519
18885,33913,2023-12-13 00:00:00,A,376
18886,33914,2025-11-24 00:00:00,C,819
18887,33915,2024-01-05 00:00:00,A,1010
18888,33916,2025-03-02 00:00:00,C,1156
18889,33917,2025-08-16 00:00:00,A,1173
18890,33921,2025-12-24 00:00:00,A,1123
18891,33922,2024-12-23 00:00:00,A,294
18892,33923,2024-07-08 00:00:00,A,94
18893,33924,2024-11-08 00:00:00,A,249
18894,33925,2024-12-30 00:00:00,A,1209
18895,33928,2026-02-03 00:00:00,A,861
18896,33930,2026-06-23 00:00:00,C,804
18897,33931,2024-10-28 00:00:00,A,872
18898,33933,2026-04-16 00:00:00,A,1053
18899,33934,2025-04-26 00:00:00,A,1177
18900,33935,2024-04-24 00:00:00,A,771
18901,33936,2025-03-03 00:00:00,A,10
18902,33939,2026-02-24 00:00:00,A,567
18903,33941,2023-10-15 00:00:00,A,658
18904,33942,2025-05-25 00:00:00,A,563
18905,33943,2024-04-26 00:00:00,C,869
18906,33944,2024-06-21 00:00:00,C,44
18907,33946,2024-04-21 00:00:00,C,911
18908,33948,2024-09-01 00:00:00,A,107
18909,33949,2024-01-26 00:00:00,C,440
18910,33953,2026-05-14 00:00:00,A,1201
18911,33961,2025-06-22 00:00:00,A,1189
18912,33963,2024-11-09 00:00:00,A,1255
18913,33964,2025-06-08 00:00:00,B,493
18914,33965,2025-10-20 00:00:00,C,19
18915,33967,2026-02-07 00:00:00,A,397
18916,33970,2024-06-03 00:00:00,A,51
18917,33971,2024-01-26 00:00:00,A,1145
18918,33972,2024-03-29 00:00:00,B,1288
18919,33973,2025-02-01 00:00:00,A,293
18920,33975,2025-12-16 00:00:00,B,1136
18921,33979,2023-08-06 00:00:00,C,288
18922,33980,2026-02-17 00:00:00,C,92
18923,33981,2024-02-19 00:00:00,A,826
18924,33983,2026-01-02 00:00:00,C,519
18925,33985,2026-04-22 00:00:00,A,1207
18926,33988,2025-07-03 00:00:00,A,706
18927,33990,2026-02-03 00:00:00,C,250
18928,33991,2025-08-28 00:00:00,A,261
18929,33993,2026-07-13 00:00:00,A,541
18930,33994,2025-05-08 00:00:00,A,969
18931,33995,2025-07-17 00:00:00,A,796
18932,33996,2025-01-12 00:00:00,A,1299
18933,34000,2025-07-19 00:00:00,A,1018
18934,34001,2026-07-13 00:00:00,C,542
18935,34004,2024-01-28 00:00:00,C,354
18936,34006,2024-12-06 00:00:00,B,38
18937,34009,2026-04-26 00:00:00,C,476
18938,34010,2024-12-12 00:00:00,A,942
18939,34012,2026-04-04 00:00:00,A,1255
18940,34014,2023-06-13 00:00:00,A,263
18941,34015,2026-01-23 00:00:00,C,49
18942,34016,2024-09-17 00:00:00,C,1157
18943,34019,2025-09-25 00:00:00,A,1308
18944,34021,2026-07-13 00:00:00,C,1198
18945,34025,2024-03-16 00:00:00,B,739
18946,34026,2023-11-17 00:00:00,C,443
18947,34027,2023-07-26 00:00:00,A,302
18948,34029,2025-01-07 00:00:00,C,894
18949,34031,2026-05-10 00:00:00,B,1188
18950,34032,2026-06-17 00:00:00,A,129
18951,34034,2025-06-22 00:00:00,A,1330
18952,34035,2026-07-13 00:00:00,A,988
18953,34036,2024-07-18 00:00:00,A,1050
18954,34038,2023-10-09 00:00:00,C,1261
18955,34039,2024-05-18 00:00:00,C,216
18956,34040,2025-03-05 00:00:00,A,1315
18957,34042,2026-02-02 00:00:00,A,174
18958,34043,2023-08-02 00:00:00,A,1305
18959,34046,2025-11-01 00:00:00,A,1180
18960,34049,2026-07-13 00:00:00,C,354
18961,34051,2026-07-13 00:00:00,A,49
18962,34052,2024-08-28 00:00:00,A,565
18963,34054,2025-04-18 00:00:00,C,769
18964,34055,2025-07-02 00:00:00,A,1108
18965,34056,2025-08-02 00:00:00,A,287
18966,34059,2024-04-22 00:00:00,C,1285
18967,34061,2025-10-30 00:00:00,A,1295
18968,34063,2023-06-22 00:00:00,A,277
18969,34064,2026-07-13 00:00:00,A,445
18970,34065,2023-07-09 00:00:00,A,1293
18971,34066,2023-07-18 00:00:00,A,1123
18972,34067,2025-06-09 00:00:00,B,472
18973,34068,2023-05-21 00:00:00,C,522
18974,34070,2024-10-09 00:00:00,C,517
18975,34072,2023-09-30 00:00:00,A,1160
18976,34074,2025-05-21 00:00:00,C,578
18977,34075,2024-06-20 00:00:00,A,674
18978,34076,2026-05-10 00:00:00,A,56
18979,34077,2026-07-07 00:00:00,C,366
18980,34083,2023-06-30 00:00:00,C,541
18981,34087,2024-01-13 00:00:00,A,719
18982,34088,2024-08-26 00:00:00,C,521
18983,34089,2025-07-23 00:00:00,A,989
18984,34090,2024-11-05 00:00:00,A,329
18985,34091,2026-06-25 00:00:00,C,1080
18986,34094,2026-07-13 00:00:00,C,386
18987,34095,2025-12-24 00:00:00,A,1137
18988,34098,2024-06-20 00:00:00,A,1143
18989,34100,2025-12-20 00:00:00,A,159
18990,34103,2025-11-11 00:00:00,A,377
18991,34107,2024-06-03 00:00:00,A,400
18992,34110,2025-11-22 00:00:00,A,352
18993,34111,2025-11-12 00:00:00,A,1015
18994,34112,2025-01-16 00:00:00,A,707
18995,34116,2023-10-16 00:00:00,A,183
18996,34117,2024-07-19 00:00:00,A,656
18997,34119,2026-01-10 00:00:00,A,1063
18998,34120,2023-07-13 00:00:00,C,812
18999,34121,2024-12-02 00:00:00,A,862
19000,34124,2025-10-20 00:00:00,A,1283
19001,34127,2023-03-17 00:00:00,A,247
19002,34131,2023-11-29 00:00:00,A,894
19003,34132,2023-05-07 00:00:00,A,1230
19004,34134,2024-10-07 00:00:00,A,400
19005,34136,2026-05-03 00:00:00,A,197
19006,34138,2024-01-12 00:00:00,C,909
19007,34139,2025-12-25 00:00:00,A,571
19008,34141,2024-05-16 00:00:00,C,1062
19009,34142,2024-06-23 00:00:00,A,1170
19010,34144,2026-07-13 00:00:00,A,62
19011,34146,2026-07-13 00:00:00,A,1182
19012,34149,2026-04-30 00:00:00,C,312
19013,34150,2025-06-09 00:00:00,A,1326
19014,34151,2025-07-06 00:00:00,A,733
19015,34152,2024-01-12 00:00:00,A,1252
19016,34161,2025-07-30 00:00:00,A,137
19017,34162,2024-10-31 00:00:00,A,241
19018,34163,2024-06-17 00:00:00,A,1163
19019,34165,2024-06-21 00:00:00,B,12
19020,34166,2023-07-12 00:00:00,A,225
19021,34167,2023-04-06 00:00:00,A,645
19022,34168,2023-12-03 00:00:00,A,97
19023,34169,2026-07-13 00:00:00,C,1189
19024,34170,2023-07-29 00:00:00,A,771
19025,34174,2024-03-15 00:00:00,C,1067
19026,34177,2023-08-18 00:00:00,A,1011
19027,34178,2025-08-18 00:00:00,C,514
19028,34182,2026-03-08 00:00:00,A,677
19029,34183,2025-07-11 00:00:00,A,109
19030,34184,2023-06-30 00:00:00,A,586
19031,34186,2023-11-20 00:00:00,C,313
19032,34187,2024-03-28 00:00:00,B,354
19033,34188,2024-06-15 00:00:00,B,946
19034,34189,2024-01-03 00:00:00,C,818
19035,34191,2024-03-06 00:00:00,A,1219
19036,34192,2024-02-06 00:00:00,C,1328
19037,34194,2025-05-24 00:00:00,A,619
19038,34195,2025-11-04 00:00:00,A,1018
19039,34197,2026-07-13 00:00:00,A,586
19040,34198,2025-07-17 00:00:00,A,1011
19041,34199,2025-03-15 00:00:00,C,1297
19042,34201,2026-07-01 00:00:00,A,858
19043,34202,2023-06-21 00:00:00,A,962
19044,34203,2024-12-13 00:00:00,A,472
19045,34205,2025-12-01 00:00:00,A,407
19046,34206,2026-02-14 00:00:00,A,969
19047,34209,2026-02-09 00:00:00,A,893
19048,34210,2025-06-16 00:00:00,C,380
19049,34212,2025-06-21 00:00:00,A,847
19050,34216,2024-09-19 00:00:00,A,336
19051,34217,2025-12-14 00:00:00,A,234
19052,34219,2026-01-10 00:00:00,C,739
19053,34220,2024-01-29 00:00:00,C,1296
19054,34222,2023-10-09 00:00:00,C,853
19055,34223,2024-10-14 00:00:00,A,1175
19056,34225,2024-11-30 00:00:00,A,384
19057,34226,2024-02-09 00:00:00,A,1095
19058,34227,2024-11-15 00:00:00,A,167
19059,34228,2026-06-07 00:00:00,A,806
19060,34229,2024-06-24 00:00:00,A,392
19061,34230,2025-02-04 00:00:00,A,923
19062,34231,2026-07-06 00:00:00,A,1030
19063,34235,2023-08-05 00:00:00,A,1057
19064,34236,2025-08-29 00:00:00,A,414
19065,34237,2024-10-08 00:00:00,A,46
19066,34238,2025-06-14 00:00:00,C,32
19067,34240,2026-06-08 00:00:00,C,493
19068,34241,2023-12-24 00:00:00,C,125
19069,34242,2024-03-27 00:00:00,A,36
19070,34244,2025-12-07 00:00:00,C,721
19071,34245,2025-02-19 00:00:00,C,314
19072,34246,2024-12-10 00:00:00,A,1177
19073,34248,2024-03-29 00:00:00,A,488
19074,34249,2024-03-14 00:00:00,A,735
19075,34250,2024-06-15 00:00:00,A,1199
19076,34253,2025-02-18 00:00:00,C,438
19077,34255,2024-02-10 00:00:00,A,597
19078,34256,2025-08-13 00:00:00,A,613
19079,34259,2024-08-08 00:00:00,A,432
19080,34260,2025-11-25 00:00:00,A,544
19081,34262,2023-03-14 00:00:00,A,763
19082,34263,2025-03-30 00:00:00,A,1115
19083,34265,2025-04-09 00:00:00,A,1225
19084,34266,2026-07-13 00:00:00,A,808
19085,34268,2026-04-01 00:00:00,A,700
19086,34269,2024-10-11 00:00:00,A,1259
19087,34270,2026-03-07 00:00:00,A,911
19088,34273,2024-09-30 00:00:00,A,951
19089,34274,2025-04-27 00:00:00,A,991
19090,34276,2026-04-15 00:00:00,A,954
19091,34277,2024-04-22 00:00:00,A,1313
19092,34278,2025-04-05 00:00:00,A,585
19093,34279,2024-01-13 00:00:00,C,640
19094,34281,2024-10-01 00:00:00,C,927
19095,34282,2026-07-13 00:00:00,A,1171
19096,34284,2026-07-13 00:00:00,C,1285
19097,34287,2023-05-30 00:00:00,A,1074
19098,34289,2025-08-05 00:00:00,C,1050
19099,34291,2024-12-07 00:00:00,B,811
19100,34292,2023-11-13 00:00:00,A,799
19101,34293,2026-07-13 00:00:00,A,630
19102,34295,2026-07-13 00:00:00,A,187
19103,34296,2026-05-03 00:00:00,A,200
19104,34300,2026-07-13 00:00:00,C,1276
19105,34301,2023-08-20 00:00:00,A,1070
19106,34302,2024-03-31 00:00:00,A,793
19107,34304,2024-07-04 00:00:00,A,520
19108,34305,2024-11-03 00:00:00,A,998
19109,34307,2026-03-15 00:00:00,C,1024
19110,34310,2026-02-11 00:00:00,A,1017
19111,34313,2023-11-22 00:00:00,A,19
19112,34317,2023-06-19 00:00:00,A,276
19113,34320,2024-01-03 00:00:00,A,56
19114,34323,2024-06-30 00:00:00,A,1265
19115,34325,2025-09-17 00:00:00,A,1308
19116,34330,2024-10-02 00:00:00,C,107
19117,34331,2024-10-21 00:00:00,A,215
19118,34332,2026-06-30 00:00:00,A,1306
19119,34333,2024-02-07 00:00:00,A,824
19120,34336,2024-05-09 00:00:00,A,294
19121,34337,2024-10-16 00:00:00,C,538
19122,34338,2026-07-13 00:00:00,C,857
19123,34339,2025-11-19 00:00:00,A,1105
19124,34340,2026-07-13 00:00:00,A,1282
19125,34345,2025-06-06 00:00:00,C,407
19126,34347,2026-07-13 00:00:00,A,1267
19127,34348,2025-09-25 00:00:00,A,330
19128,34350,2025-08-12 00:00:00,A,385
19129,34351,2026-04-18 00:00:00,C,162
19130,34352,2023-11-23 00:00:00,C,545
19131,34353,2024-05-15 00:00:00,A,56
19132,34355,2023-04-14 00:00:00,A,1306
19133,34357,2024-12-12 00:00:00,A,452
19134,34359,2024-09-21 00:00:00,A,888
19135,34361,2026-05-19 00:00:00,C,1303
19136,34362,2024-01-13 00:00:00,A,248
19137,34365,2024-05-05 00:00:00,A,485
19138,34368,2026-07-13 00:00:00,A,648
19139,34369,2026-07-13 00:00:00,A,334
19140,34370,2024-06-10 00:00:00,A,798
19141,34371,2026-03-16 00:00:00,A,581
19142,34372,2023-06-13 00:00:00,A,71
19143,34376,2026-07-06 00:00:00,A,204
19144,34377,2025-08-21 00:00:00,A,713
19145,34380,2025-07-04 00:00:00,C,1224
19146,34383,2026-07-13 00:00:00,B,237
19147,34385,2023-08-14 00:00:00,A,607
19148,34389,2025-05-16 00:00:00,A,363
19149,34392,2025-04-28 00:00:00,C,169
19150,34393,2026-07-13 00:00:00,C,913
19151,34396,2024-05-23 00:00:00,C,1126
19152,34397,2025-06-30 00:00:00,C,130
19153,34398,2025-03-03 00:00:00,A,947
19154,34399,2024-04-11 00:00:00,A,133
19155,34402,2024-02-07 00:00:00,A,576
19156,34404,2024-08-29 00:00:00,C,840
19157,34406,2025-12-06 00:00:00,A,532
19158,34407,2025-11-03 00:00:00,A,637
19159,34409,2025-10-27 00:00:00,C,1058
19160,34410,2024-11-19 00:00:00,A,403
19161,34413,2026-06-19 00:00:00,A,1006
19162,34414,2024-10-23 00:00:00,A,1268
19163,34415,2023-06-21 00:00:00,A,624
19164,34417,2025-11-08 00:00:00,A,1308
19165,34419,2024-12-15 00:00:00,C,825
19166,34420,2025-12-04 00:00:00,A,778
19167,34421,2024-09-08 00:00:00,A,1276
19168,34423,2026-07-13 00:00:00,A,541
19169,34424,2025-01-24 00:00:00,C,50
19170,34426,2025-09-27 00:00:00,A,638
19171,34428,2025-09-19 00:00:00,C,295
19172,34429,2024-04-28 00:00:00,A,946
19173,34430,2024-01-01 00:00:00,A,1331
19174,34431,2025-10-07 00:00:00,A,1283
19175,34433,2026-04-16 00:00:00,A,742
19176,34438,2024-05-21 00:00:00,A,52
19177,34441,2024-07-01 00:00:00,A,747
19178,34442,2024-04-14 00:00:00,B,449
19179,34444,2025-10-21 00:00:00,A,68
19180,34445,2024-11-14 00:00:00,A,919
19181,34448,2025-10-17 00:00:00,C,1312
19182,34451,2023-03-04 00:00:00,A,786
19183,34454,2026-07-13 00:00:00,A,885
19184,34455,2023-07-10 00:00:00,B,1281
19185,34456,2025-10-30 00:00:00,A,357
19186,34457,2024-10-16 00:00:00,A,1091
19187,34459,2025-04-12 00:00:00,A,491
19188,34460,2023-05-11 00:00:00,A,534
19189,34462,2024-05-17 00:00:00,A,1218
19190,34463,2025-07-30 00:00:00,A,112
19191,34464,2024-05-09 00:00:00,A,592
19192,34465,2025-08-14 00:00:00,A,415
19193,34468,2024-01-15 00:00:00,A,766
19194,34469,2026-03-31 00:00:00,B,1198
19195,34470,2023-12-05 00:00:00,B,778
19196,34472,2024-06-05 00:00:00,B,1179
19197,34473,2025-06-07 00:00:00,B,26
19198,34474,2025-09-12 00:00:00,B,1070
19199,34475,2024-06-10 00:00:00,C,115
19200,34478,2026-03-17 00:00:00,A,320
19201,34481,2025-10-05 00:00:00,A,407
19202,34482,2023-06-10 00:00:00,A,687
19203,34484,2025-11-25 00:00:00,A,792
19204,34485,2024-04-01 00:00:00,A,250
19205,34486,2025-12-09 00:00:00,A,161
19206,34487,2024-06-24 00:00:00,A,975
19207,34489,2026-05-19 00:00:00,A,928
19208,34490,2026-07-13 00:00:00,C,372
19209,34491,2025-05-25 00:00:00,B,332
19210,34493,2024-04-01 00:00:00,A,1249
19211,34494,2023-12-23 00:00:00,A,675
19212,34498,2026-05-12 00:00:00,C,1081
19213,34499,2025-12-18 00:00:00,A,142
19214,34501,2025-08-09 00:00:00,A,1139
19215,34502,2025-10-01 00:00:00,A,9
19216,34503,2023-08-09 00:00:00,A,993
19217,34505,2025-11-02 00:00:00,A,262
19218,34506,2025-02-07 00:00:00,A,496
19219,34507,2026-05-21 00:00:00,C,244
19220,34510,2024-07-04 00:00:00,A,175
19221,34514,2024-08-12 00:00:00,A,187
19222,34515,2026-03-02 00:00:00,A,1206
19223,34516,2026-07-13 00:00:00,A,304
19224,34520,2026-07-13 00:00:00,C,1241
19225,34521,2025-02-27 00:00:00,A,1169
19226,34522,2026-01-20 00:00:00,A,988
19227,34525,2026-03-01 00:00:00,A,716
19228,34526,2025-06-14 00:00:00,A,286
19229,34528,2025-07-15 00:00:00,A,1118
19230,34529,2024-03-10 00:00:00,A,463
19231,34530,2023-10-30 00:00:00,A,768
19232,34531,2026-04-17 00:00:00,A,324
19233,34532,2026-06-05 00:00:00,A,846
19234,34533,2023-06-25 00:00:00,B,1283
19235,34535,2026-04-20 00:00:00,A,1098
19236,34537,2025-07-22 00:00:00,C,394
19237,34538,2026-03-08 00:00:00,A,1202
19238,34540,2026-03-27 00:00:00,A,1277
19239,34541,2025-11-24 00:00:00,A,1124
19240,34542,2025-07-02 00:00:00,C,150
19241,34545,2024-05-05 00:00:00,C,712
19242,34548,2026-07-13 00:00:00,A,562
19243,34550,2025-06-29 00:00:00,A,40
19244,34551,2023-05-07 00:00:00,A,118
19245,34556,2026-07-13 00:00:00,A,854
19246,34560,2024-03-30 00:00:00,A,1032
19247,34564,2025-07-25 00:00:00,B,185
19248,34565,2024-01-02 00:00:00,B,242
19249,34566,2024-11-29 00:00:00,C,861
19250,34567,2023-10-10 00:00:00,B,843
19251,34568,2026-07-13 00:00:00,A,136
19252,34569,2024-10-19 00:00:00,C,1002
19253,34570,2026-07-13 00:00:00,A,1322
19254,34571,2024-02-03 00:00:00,A,125
19255,34572,2026-05-15 00:00:00,A,546
19256,34577,2024-08-28 00:00:00,C,3
19257,34578,2024-06-20 00:00:00,B,1200
19258,34579,2024-01-04 00:00:00,A,596
19259,34581,2026-07-02 00:00:00,A,74
19260,34582,2024-05-08 00:00:00,A,1301
19261,34587,2025-06-20 00:00:00,A,786
19262,34588,2026-04-24 00:00:00,A,66
19263,34590,2026-07-13 00:00:00,A,296
19264,34591,2024-12-02 00:00:00,A,316
19265,34592,2024-10-03 00:00:00,A,595
19266,34595,2026-07-13 00:00:00,A,484
19267,34596,2026-07-13 00:00:00,A,328
19268,34597,2024-02-20 00:00:00,A,993
19269,34599,2026-06-13 00:00:00,C,1061
19270,34601,2024-08-11 00:00:00,A,824
19271,34602,2024-01-07 00:00:00,A,1106
19272,34605,2024-05-14 00:00:00,A,831
19273,34606,2026-07-13 00:00:00,A,1037
19274,34607,2026-07-13 00:00:00,A,1
19275,34609,2024-02-06 00:00:00,A,286
19276,34610,2025-06-27 00:00:00,A,489
19277,34611,2024-12-22 00:00:00,A,1015
19278,34614,2024-08-28 00:00:00,A,241
19279,34615,2023-09-17 00:00:00,A,722
19280,34616,2023-07-29 00:00:00,C,335
19281,34617,2025-05-09 00:00:00,A,1063
19282,34618,2024-05-05 00:00:00,A,263
19283,34619,2024-11-28 00:00:00,A,272
19284,34620,2026-01-18 00:00:00,A,980
19285,34622,2025-10-30 00:00:00,B,793
19286,34627,2026-02-22 00:00:00,A,727
19287,34629,2023-12-18 00:00:00,A,893
19288,34630,2024-07-05 00:00:00,A,1095
19289,34632,2023-12-23 00:00:00,C,732
19290,34633,2025-07-29 00:00:00,A,397
19291,34635,2024-09-25 00:00:00,A,1089
19292,34636,2023-10-11 00:00:00,B,348
19293,34637,2024-11-25 00:00:00,A,655
19294,34638,2023-10-17 00:00:00,A,475
19295,34640,2026-03-29 00:00:00,A,1093
19296,34642,2024-03-30 00:00:00,A,202
19297,34643,2025-01-16 00:00:00,C,851
19298,34644,2023-11-22 00:00:00,B,801
19299,34645,2025-06-02 00:00:00,A,1214
19300,34650,2024-03-31 00:00:00,A,1164
19301,34652,2026-05-02 00:00:00,C,893
19302,34654,2025-05-11 00:00:00,A,476
19303,34655,2025-03-27 00:00:00,A,949
19304,34656,2023-03-22 00:00:00,A,1151
19305,34659,2026-07-13 00:00:00,A,310
19306,34660,2023-12-10 00:00:00,A,361
19307,34661,2023-11-21 00:00:00,C,747
19308,34663,2023-12-26 00:00:00,C,715
19309,34665,2024-07-02 00:00:00,C,1104
19310,34666,2024-08-11 00:00:00,C,397
19311,34667,2023-12-09 00:00:00,C,407
19312,34668,2025-10-22 00:00:00,A,496
19313,34669,2025-09-28 00:00:00,A,1016
19314,34670,2025-04-29 00:00:00,C,1274
19315,34671,2025-04-21 00:00:00,C,478
19316,34672,2026-05-28 00:00:00,C,1253
19317,34673,2024-10-30 00:00:00,C,1104
19318,34674,2024-11-01 00:00:00,B,1143
19319,34675,2024-03-06 00:00:00,A,510
19320,34677,2026-07-13 00:00:00,A,45
19321,34679,2026-07-13 00:00:00,A,1249
19322,34680,2025-06-18 00:00:00,A,293
19323,34682,2026-07-13 00:00:00,A,1142
19324,34685,2024-12-25 00:00:00,A,1120
19325,34686,2024-09-23 00:00:00,A,1186
19326,34688,2026-07-13 00:00:00,A,631
19327,34690,2025-06-24 00:00:00,A,986
19328,34691,2025-03-15 00:00:00,A,311
19329,34693,2026-07-13 00:00:00,A,514
19330,34694,2025-05-20 00:00:00,A,446
19331,34697,2025-01-28 00:00:00,C,409
19332,34701,2023-09-07 00:00:00,A,129
19333,34704,2024-02-13 00:00:00,A,734
19334,34705,2024-03-30 00:00:00,A,909
19335,34706,2023-03-26 00:00:00,A,437
19336,34707,2026-07-13 00:00:00,A,449
19337,34708,2026-06-03 00:00:00,A,1250
19338,34710,2023-07-10 00:00:00,A,1250
19339,34711,2024-10-10 00:00:00,A,474
19340,34713,2026-07-13 00:00:00,A,121
19341,34714,2024-10-14 00:00:00,C,674
19342,34715,2025-05-27 00:00:00,A,1208
19343,34718,2026-06-22 00:00:00,B,625
19344,34721,2025-02-03 00:00:00,A,1184
19345,34723,2025-06-19 00:00:00,C,793
19346,34726,2025-02-26 00:00:00,A,181
19347,34728,2026-07-13 00:00:00,A,257
19348,34729,2025-03-23 00:00:00,A,1073
19349,34730,2023-07-28 00:00:00,A,73
19350,34733,2026-04-28 00:00:00,A,566
19351,34734,2026-07-13 00:00:00,C,1162
19352,34736,2026-04-09 00:00:00,A,666
19353,34738,2025-01-18 00:00:00,B,624
19354,34739,2023-09-20 00:00:00,A,1305
19355,34741,2024-03-09 00:00:00,A,1165
19356,34745,2025-01-13 00:00:00,A,599
19357,34748,2026-07-13 00:00:00,C,124
19358,34752,2025-07-23 00:00:00,C,876
19359,34753,2023-12-18 00:00:00,C,1056
19360,34756,2024-01-21 00:00:00,C,486
19361,34757,2026-07-10 00:00:00,A,371
19362,34758,2025-12-27 00:00:00,C,1103
19363,34759,2024-03-03 00:00:00,A,156
19364,34761,2024-03-23 00:00:00,A,899
19365,34764,2023-05-31 00:00:00,C,1312
19366,34766,2024-11-20 00:00:00,C,297
19367,34767,2025-02-06 00:00:00,A,1176
19368,34768,2023-07-21 00:00:00,B,601
19369,34769,2025-06-08 00:00:00,A,1074
19370,34771,2025-02-19 00:00:00,A,1334
19371,34772,2025-04-26 00:00:00,A,385
19372,34775,2026-07-13 00:00:00,A,297
19373,34778,2026-07-13 00:00:00,C,699
19374,34782,2024-09-06 00:00:00,A,1290
19375,34783,2026-07-13 00:00:00,A,1164
19376,34784,2024-07-23 00:00:00,B,1135
19377,34785,2024-06-08 00:00:00,A,307
19378,34786,2026-02-28 00:00:00,A,68
19379,34787,2023-06-24 00:00:00,A,1285
19380,34790,2024-03-20 00:00:00,A,404
19381,34791,2025-10-04 00:00:00,A,540
19382,34794,2026-06-11 00:00:00,A,1003
19383,34796,2025-12-12 00:00:00,C,739
19384,34799,2024-04-07 00:00:00,A,634
19385,34800,2025-05-20 00:00:00,A,941
19386,34801,2024-06-16 00:00:00,C,11
19387,34802,2026-04-05 00:00:00,A,1001
19388,34803,2025-05-10 00:00:00,A,1029
19389,34804,2024-12-09 00:00:00,C,900
19390,34805,2026-07-01 00:00:00,A,513
19391,34806,2023-10-04 00:00:00,A,159
19392,34807,2023-11-01 00:00:00,A,899
19393,34810,2024-01-28 00:00:00,B,671
19394,34811,2025-04-02 00:00:00,B,57
19395,34812,2023-10-15 00:00:00,A,283
19396,34813,2026-03-17 00:00:00,C,205
19397,34814,2024-11-03 00:00:00,C,908
19398,34817,2024-08-23 00:00:00,C,184
19399,34819,2024-05-04 00:00:00,A,694
19400,34823,2026-07-13 00:00:00,A,138
19401,34824,2025-08-23 00:00:00,A,1069
19402,34827,2023-11-11 00:00:00,A,47
19403,34828,2024-09-30 00:00:00,A,575
19404,34829,2024-09-29 00:00:00,A,854
19405,34830,2024-01-26 00:00:00,C,128
19406,34832,2024-08-14 00:00:00,A,589
19407,34833,2025-02-10 00:00:00,A,1105
19408,34834,2025-12-25 00:00:00,B,665
19409,34835,2023-10-03 00:00:00,C,355
19410,34838,2026-01-03 00:00:00,A,955
19411,34841,2023-09-12 00:00:00,A,1128
19412,34842,2024-05-23 00:00:00,C,739
19413,34845,2026-07-13 00:00:00,A,520
19414,34847,2026-07-13 00:00:00,C,1179
19415,34848,2025-06-10 00:00:00,A,30
19416,34849,2024-04-05 00:00:00,A,705
19417,34852,2023-07-13 00:00:00,A,623
19418,34854,2023-10-27 00:00:00,A,1105
19419,34855,2025-05-29 00:00:00,C,233
19420,34859,2025-02-25 00:00:00,A,797
19421,34861,2024-11-03 00:00:00,A,739
19422,34862,2023-05-23 00:00:00,C,439
19423,34865,2024-10-06 00:00:00,C,877
19424,34866,2025-09-11 00:00:00,B,605
19425,34868,2025-03-22 00:00:00,A,849
19426,34869,2023-12-18 00:00:00,C,290
19427,34870,2025-10-21 00:00:00,A,1022
19428,34871,2023-10-28 00:00:00,C,332
19429,34872,2024-04-19 00:00:00,A,114
19430,34875,2026-04-23 00:00:00,C,1132
19431,34877,2024-10-10 00:00:00,B,974
19432,34879,2024-03-02 00:00:00,A,1267
19433,34885,2026-04-09 00:00:00,A,143
19434,34886,2025-12-22 00:00:00,A,1176
19435,34889,2025-01-20 00:00:00,C,742
19436,34890,2023-06-21 00:00:00,B,785
19437,34892,2024-11-20 00:00:00,C,297
19438,34893,2023-07-27 00:00:00,C,533
19439,34898,2024-11-13 00:00:00,A,196
19440,34901,2025-06-11 00:00:00,A,551
19441,34902,2023-08-12 00:00:00,A,20
19442,34904,2026-07-13 00:00:00,A,894
19443,34906,2025-08-19 00:00:00,A,1328
19444,34907,2024-03-31 00:00:00,A,1091
19445,34908,2026-04-25 00:00:00,C,1144
19446,34910,2024-01-23 00:00:00,A,1268
19447,34912,2026-07-13 00:00:00,A,1131
19448,34914,2023-08-11 00:00:00,B,1001
19449,34915,2026-07-13 00:00:00,A,711
19450,34916,2024-02-20 00:00:00,A,969
19451,34917,2025-07-08 00:00:00,A,311
19452,34918,2026-01-17 00:00:00,B,895
19453,34919,2025-07-12 00:00:00,C,1302
19454,34921,2025-12-19 00:00:00,A,481
19455,34923,2025-10-10 00:00:00,C,107
19456,34924,2025-03-05 00:00:00,A,847
19457,34925,2025-08-06 00:00:00,A,712
19458,34931,2025-02-05 00:00:00,A,108
19459,34934,2023-09-27 00:00:00,A,1134
19460,34937,2024-08-09 00:00:00,A,45
19461,34938,2024-06-07 00:00:00,A,542
19462,34939,2023-07-15 00:00:00,C,582
19463,34941,2026-07-13 00:00:00,A,513
19464,34943,2023-10-27 00:00:00,A,657
19465,34944,2023-06-28 00:00:00,C,218
19466,34946,2026-07-13 00:00:00,C,385
19467,34949,2025-11-21 00:00:00,B,949
19468,34952,2024-12-27 00:00:00,B,233
19469,34953,2024-07-22 00:00:00,A,863
19470,34954,2026-01-27 00:00:00,A,351
19471,34956,2025-08-20 00:00:00,C,729
19472,34957,2024-08-16 00:00:00,B,677
19473,34959,2024-02-08 00:00:00,A,316
19474,34961,2025-04-10 00:00:00,C,764
19475,34962,2025-06-25 00:00:00,A,236
19476,34963,2025-10-09 00:00:00,C,522
19477,34964,2024-09-16 00:00:00,C,373
19478,34967,2024-04-03 00:00:00,A,314
19479,34969,2023-11-15 00:00:00,A,93
19480,34973,2023-06-07 00:00:00,A,1174
19481,34974,2024-07-27 00:00:00,A,1326
19482,34976,2026-02-15 00:00:00,A,700
19483,34983,2023-06-10 00:00:00,A,1197
19484,34986,2024-09-19 00:00:00,A,1129
19485,34987,2023-07-25 00:00:00,A,694
19486,34988,2024-10-23 00:00:00,A,881
19487,34989,2026-07-13 00:00:00,A,1191
19488,34990,2025-07-17 00:00:00,A,1215
19489,34992,2024-08-15 00:00:00,A,1050
19490,34993,2026-01-09 00:00:00,C,430
19491,34994,2023-10-21 00:00:00,C,613
19492,34995,2024-10-23 00:00:00,A,787
19493,34996,2023-12-12 00:00:00,A,1317
19494,34997,2026-02-22 00:00:00,A,229
19495,34998,2026-06-16 00:00:00,A,1105
19496,34999,2025-05-19 00:00:00,C,1179
19497,35000,2026-06-23 00:00:00,B,846
19498,35002,2023-10-02 00:00:00,C,1240
19499,35003,2024-10-03 00:00:00,A,1137
19500,35005,2023-11-20 00:00:00,A,654
19501,35008,2024-04-21 00:00:00,A,556
19502,35009,2024-06-02 00:00:00,C,718
19503,35010,2024-10-31 00:00:00,A,1188
19504,35011,2026-06-06 00:00:00,C,104
19505,35014,2024-02-16 00:00:00,A,592
19506,35020,2025-11-03 00:00:00,A,1134
19507,35021,2025-03-13 00:00:00,A,601
19508,35024,2024-02-20 00:00:00,A,1315
19509,35026,2024-10-06 00:00:00,A,1204
19510,35027,2025-05-26 00:00:00,C,749
19511,35029,2026-01-11 00:00:00,C,793
19512,35031,2025-09-20 00:00:00,B,1148
19513,35034,2025-02-05 00:00:00,A,1122
19514,35035,2024-12-12 00:00:00,A,55
19515,35037,2024-02-22 00:00:00,A,236
19516,35039,2024-01-02 00:00:00,A,674
19517,35043,2026-03-21 00:00:00,A,679
19518,35047,2025-05-03 00:00:00,A,1078
19519,35048,2024-03-08 00:00:00,A,360
19520,35050,2024-04-29 00:00:00,A,211
19521,35052,2025-09-22 00:00:00,B,1306
19522,35053,2024-08-07 00:00:00,C,1289
19523,35054,2023-10-14 00:00:00,A,309
19524,35055,2025-05-28 00:00:00,A,1208
19525,35056,2025-01-14 00:00:00,A,810
19526,35059,2026-06-05 00:00:00,A,284
19527,35060,2023-05-11 00:00:00,A,969
19528,35064,2024-05-02 00:00:00,A,4
19529,35065,2023-05-03 00:00:00,B,45
19530,35067,2026-06-25 00:00:00,A,1052
19531,35071,2024-01-31 00:00:00,C,923
19532,35072,2025-12-15 00:00:00,A,992
19533,35073,2024-01-19 00:00:00,A,247
19534,35075,2025-01-10 00:00:00,A,330
19535,35076,2026-03-23 00:00:00,A,873
19536,35077,2025-02-21 00:00:00,A,273
19537,35082,2023-07-19 00:00:00,C,391
19538,35083,2025-03-02 00:00:00,A,787
19539,35084,2026-06-11 00:00:00,A,93
19540,35085,2026-05-19 00:00:00,A,718
19541,35086,2024-07-28 00:00:00,A,780
19542,35087,2024-10-30 00:00:00,B,565
19543,35088,2024-12-06 00:00:00,C,50
19544,35090,2026-01-28 00:00:00,A,406
19545,35091,2026-01-04 00:00:00,C,766
19546,35092,2024-09-08 00:00:00,A,583
19547,35094,2026-07-13 00:00:00,A,946
19548,35096,2024-08-08 00:00:00,A,470
19549,35098,2024-07-18 00:00:00,A,648
19550,35099,2025-06-28 00:00:00,A,298
19551,35102,2024-10-15 00:00:00,A,360
19552,35104,2025-03-29 00:00:00,A,797
19553,35105,2026-07-13 00:00:00,A,831
19554,35107,2025-11-26 00:00:00,A,124
19555,35110,2025-04-16 00:00:00,A,571
19556,35111,2026-05-14 00:00:00,A,47
19557,35112,2026-04-25 00:00:00,A,1072
19558,35113,2026-02-07 00:00:00,A,846
19559,35114,2023-11-20 00:00:00,A,220
19560,35115,2025-05-07 00:00:00,C,388
19561,35116,2026-07-13 00:00:00,A,553
19562,35119,2025-02-25 00:00:00,A,1052
19563,35122,2024-12-16 00:00:00,A,1089
19564,35124,2026-02-03 00:00:00,A,706
19565,35125,2025-08-27 00:00:00,A,1293
19566,35127,2026-01-06 00:00:00,A,1160
19567,35128,2023-09-24 00:00:00,A,184
19568,35130,2025-03-24 00:00:00,A,1111
19569,35132,2024-02-23 00:00:00,A,80
19570,35133,2026-05-09 00:00:00,A,823
19571,35134,2025-02-05 00:00:00,A,1085
19572,35135,2026-05-23 00:00:00,C,112
19573,35136,2024-06-19 00:00:00,A,158
19574,35137,2025-01-22 00:00:00,A,917
19575,35139,2024-10-11 00:00:00,A,116
19576,35140,2023-11-19 00:00:00,C,369
19577,35142,2026-01-01 00:00:00,C,108
19578,35143,2026-02-09 00:00:00,A,354
19579,35144,2026-07-13 00:00:00,A,399
19580,35147,2023-03-14 00:00:00,A,1306
19581,35148,2026-01-24 00:00:00,A,369
19582,35150,2024-04-21 00:00:00,A,284
19583,35151,2024-03-24 00:00:00,A,848
19584,35152,2026-07-13 00:00:00,A,10
19585,35153,2025-07-30 00:00:00,A,1133
19586,35157,2025-03-23 00:00:00,A,11
19587,35159,2024-03-26 00:00:00,A,721
19588,35160,2026-01-01 00:00:00,A,304
19589,35161,2025-04-08 00:00:00,B,815
19590,35163,2026-07-13 00:00:00,A,404
19591,35165,2026-07-13 00:00:00,A,1331
19592,35166,2026-02-10 00:00:00,A,400
19593,35168,2025-03-09 00:00:00,A,773
19594,35169,2025-11-12 00:00:00,A,318
19595,35170,2025-08-12 00:00:00,A,1106
19596,35171,2026-05-13 00:00:00,A,426
19597,35172,2024-06-30 00:00:00,C,1080
19598,35174,2025-08-07 00:00:00,A,1175
19599,35175,2023-05-15 00:00:00,A,787
19600,35176,2026-07-13 00:00:00,A,262
19601,35177,2025-03-28 00:00:00,A,1014
19602,35178,2026-03-20 00:00:00,A,598
19603,35179,2026-06-05 00:00:00,A,693
19604,35180,2025-03-22 00:00:00,A,101
19605,35183,2025-12-14 00:00:00,A,1250
19606,35184,2026-07-13 00:00:00,A,780
19607,35188,2023-10-07 00:00:00,A,944
19608,35189,2023-05-02 00:00:00,A,1138
19609,35190,2025-01-14 00:00:00,A,906
19610,35192,2026-01-22 00:00:00,A,605
19611,35193,2024-03-14 00:00:00,A,187
19612,35195,2024-12-06 00:00:00,A,1330
19613,35196,2026-06-08 00:00:00,A,461
19614,35199,2024-01-09 00:00:00,A,106
19615,35200,2025-10-16 00:00:00,A,803
19616,35201,2025-03-27 00:00:00,A,972
19617,35204,2025-02-13 00:00:00,A,272
19618,35205,2023-11-11 00:00:00,A,221
19619,35206,2025-06-10 00:00:00,A,511
19620,35207,2025-10-06 00:00:00,A,1089
19621,35208,2024-05-01 00:00:00,A,178
19622,35209,2025-04-29 00:00:00,C,136
19623,35211,2024-08-25 00:00:00,A,802
19624,35212,2024-08-07 00:00:00,B,504
19625,35214,2024-06-28 00:00:00,A,924
19626,35216,2024-09-04 00:00:00,A,948
19627,35219,2024-11-28 00:00:00,A,73
19628,35222,2024-11-15 00:00:00,A,787
19629,35223,2026-03-14 00:00:00,A,748
19630,35228,2025-02-05 00:00:00,A,461
19631,35230,2024-02-04 00:00:00,A,1110
19632,35231,2025-12-19 00:00:00,A,677
19633,35235,2024-06-22 00:00:00,A,1076
19634,35236,2026-05-25 00:00:00,A,980
19635,35237,2024-06-25 00:00:00,B,903
19636,35240,2025-12-06 00:00:00,A,274
19637,35241,2023-09-27 00:00:00,C,939
19638,35242,2023-06-01 00:00:00,A,169
19639,35244,2023-12-07 00:00:00,A,893
19640,35247,2025-10-11 00:00:00,A,446
19641,35248,2023-07-13 00:00:00,A,681
19642,35249,2026-07-13 00:00:00,A,545
19643,35250,2023-11-27 00:00:00,B,973
19644,35251,2025-12-18 00:00:00,A,32
19645,35253,2025-03-16 00:00:00,A,859
19646,35254,2025-02-11 00:00:00,A,324
19647,35255,2025-09-02 00:00:00,A,1207
19648,35256,2026-07-13 00:00:00,A,228
19649,35258,2023-08-16 00:00:00,A,1285
19650,35260,2026-07-13 00:00:00,A,266
19651,35263,2023-06-21 00:00:00,C,804
19652,35264,2025-08-26 00:00:00,A,397
19653,35265,2025-09-16 00:00:00,A,341
19654,35266,2025-09-05 00:00:00,A,712
19655,35268,2023-05-04 00:00:00,A,50
19656,35269,2026-07-13 00:00:00,A,151
19657,35270,2026-02-07 00:00:00,C,910
19658,35271,2023-08-07 00:00:00,A,1170
19659,35272,2024-04-14 00:00:00,A,460
19660,35273,2025-06-11 00:00:00,A,1158
19661,35274,2023-04-22 00:00:00,A,669
19662,35278,2025-06-19 00:00:00,B,169
19663,35283,2025-08-03 00:00:00,A,1276
19664,35285,2024-06-03 00:00:00,B,1077
19665,35287,2023-05-07 00:00:00,A,195
19666,35288,2025-02-24 00:00:00,A,1301
19667,35289,2024-07-24 00:00:00,A,1154
19668,35291,2025-06-13 00:00:00,C,1131
19669,35293,2025-09-13 00:00:00,A,651
19670,35294,2024-09-09 00:00:00,A,96
19671,35297,2025-09-08 00:00:00,A,442
19672,35298,2023-06-18 00:00:00,A,7
19673,35299,2026-07-13 00:00:00,A,957
19674,35303,2024-03-06 00:00:00,C,1070
19675,35304,2026-07-13 00:00:00,B,521
19676,35309,2024-03-13 00:00:00,A,960
19677,35311,2023-09-04 00:00:00,A,1225
19678,35312,2026-02-10 00:00:00,A,1205
19679,35316,2025-10-07 00:00:00,A,73
19680,35317,2026-07-09 00:00:00,A,35
19681,35318,2025-04-24 00:00:00,A,957
19682,35319,2026-07-13 00:00:00,C,777
19683,35322,2025-03-26 00:00:00,C,1130
19684,35328,2024-09-14 00:00:00,A,345
19685,35329,2024-05-12 00:00:00,B,37
19686,35332,2023-11-09 00:00:00,B,465
19687,35333,2026-04-13 00:00:00,A,733
19688,35335,2025-09-22 00:00:00,C,593
19689,35336,2026-06-03 00:00:00,A,1247
19690,35339,2025-06-01 00:00:00,A,546
19691,35341,2026-07-13 00:00:00,A,936
19692,35342,2023-12-24 00:00:00,A,423
19693,35344,2024-12-12 00:00:00,A,177
19694,35345,2023-05-21 00:00:00,B,835
19695,35346,2023-10-04 00:00:00,A,226
19696,35347,2026-07-13 00:00:00,C,1015
19697,35348,2026-07-13 00:00:00,A,58
19698,35349,2026-01-01 00:00:00,A,740
19699,35350,2023-11-24 00:00:00,A,37
19700,35353,2024-02-19 00:00:00,C,261
19701,35354,2023-06-10 00:00:00,A,652
19702,35355,2025-10-11 00:00:00,A,29
19703,35360,2026-07-13 00:00:00,C,546
19704,35361,2026-01-21 00:00:00,A,381
19705,35362,2023-04-21 00:00:00,A,1278
19706,35363,2026-01-02 00:00:00,C,1314
19707,35364,2026-06-14 00:00:00,A,898
19708,35366,2025-04-12 00:00:00,C,467
19709,35367,2024-03-22 00:00:00,A,639
19710,35368,2025-11-05 00:00:00,A,6
19711,35370,2025-07-18 00:00:00,A,423
19712,35372,2025-10-04 00:00:00,A,712
19713,35373,2025-01-12 00:00:00,A,234
19714,35375,2026-07-13 00:00:00,A,1332
19715,35377,2024-11-21 00:00:00,B,91
19716,35378,2026-07-13 00:00:00,A,1312
19717,35379,2024-10-14 00:00:00,A,397
19718,35380,2024-04-27 00:00:00,A,595
19719,35382,2024-12-08 00:00:00,A,741
19720,35383,2025-03-09 00:00:00,A,97
19721,35389,2024-02-15 00:00:00,A,441
19722,35390,2024-03-15 00:00:00,B,947
19723,35392,2026-07-13 00:00:00,C,565
19724,35393,2025-02-19 00:00:00,A,843
19725,35394,2025-07-04 00:00:00,A,1325
19726,35395,2025-10-03 00:00:00,A,221
19727,35396,2026-04-19 00:00:00,A,1095
19728,35397,2024-10-12 00:00:00,C,772
19729,35400,2026-01-19 00:00:00,A,1115
19730,35401,2023-12-24 00:00:00,A,985
19731,35404,2024-09-08 00:00:00,A,1021
19732,35405,2026-07-13 00:00:00,A,252
19733,35406,2024-01-07 00:00:00,A,451
19734,35408,2025-05-29 00:00:00,A,803
19735,35410,2026-07-13 00:00:00,C,130
19736,35412,2023-12-14 00:00:00,A,1116
19737,35413,2026-05-24 00:00:00,C,31
19738,35416,2024-10-15 00:00:00,B,530
19739,35417,2023-12-04 00:00:00,B,301
19740,35422,2025-07-28 00:00:00,C,49
19741,35423,2026-07-13 00:00:00,A,1307
19742,35424,2024-01-22 00:00:00,A,484
19743,35425,2026-05-04 00:00:00,A,169
19744,35428,2025-11-23 00:00:00,A,356
19745,35430,2026-07-13 00:00:00,A,1015
19746,35432,2023-12-06 00:00:00,A,534
19747,35434,2024-06-07 00:00:00,B,1268
19748,35435,2024-01-02 00:00:00,C,1276
19749,35436,2026-06-10 00:00:00,A,610
19750,35437,2025-08-01 00:00:00,A,834
19751,35438,2026-07-13 00:00:00,A,894
19752,35443,2026-07-13 00:00:00,A,775
19753,35444,2025-08-17 00:00:00,A,606
19754,35445,2024-10-04 00:00:00,A,1142
19755,35446,2026-07-08 00:00:00,A,843
19756,35449,2025-03-10 00:00:00,C,937
19757,35452,2024-05-11 00:00:00,A,1306
19758,35455,2025-07-12 00:00:00,A,835
19759,35456,2026-07-13 00:00:00,A,13
19760,35457,2025-08-30 00:00:00,C,127
19761,35458,2024-02-13 00:00:00,A,1115
19762,35459,2026-01-03 00:00:00,A,394
19763,35463,2026-06-14 00:00:00,C,1317
19764,35468,2026-02-20 00:00:00,A,185
19765,35469,2024-01-12 00:00:00,A,968
19766,35470,2026-07-13 00:00:00,A,652
19767,35472,2024-07-24 00:00:00,B,733
19768,35475,2026-02-27 00:00:00,A,458
19769,35476,2025-12-03 00:00:00,A,871
19770,35477,2025-06-20 00:00:00,A,1196
19771,35478,2023-10-25 00:00:00,C,783
19772,35479,2024-07-21 00:00:00,A,840
19773,35481,2025-06-25 00:00:00,A,50
19774,35485,2024-02-13 00:00:00,A,544
19775,35487,2026-07-13 00:00:00,B,547
19776,35488,2023-12-22 00:00:00,A,933
19777,35491,2026-07-13 00:00:00,A,1022
19778,35492,2026-06-27 00:00:00,C,1222
19779,35493,2023-06-04 00:00:00,A,923
19780,35494,2026-05-22 00:00:00,A,1290
19781,35498,2024-08-04 00:00:00,A,92
19782,35500,2023-11-06 00:00:00,C,976
19783,35502,2025-06-13 00:00:00,A,1152
19784,35506,2025-06-28 00:00:00,A,538
19785,35508,2025-03-27 00:00:00,A,187
19786,35509,2026-07-13 00:00:00,A,16
19787,35511,2025-03-03 00:00:00,C,568
19788,35514,2024-04-24 00:00:00,A,846
19789,35516,2025-01-06 00:00:00,A,1293
19790,35517,2024-10-10 00:00:00,A,215
19791,35518,2024-08-17 00:00:00,B,188
19792,35519,2026-07-12 00:00:00,B,1298
19793,35520,2023-05-04 00:00:00,A,28
19794,35522,2024-04-06 00:00:00,A,785
19795,35524,2024-07-21 00:00:00,A,883
19796,35526,2023-10-01 00:00:00,A,1007
19797,35527,2024-04-15 00:00:00,A,882
19798,35528,2023-11-16 00:00:00,A,271
19799,35529,2026-04-08 00:00:00,A,369
19800,35535,2024-05-09 00:00:00,A,855
19801,35537,2023-10-17 00:00:00,A,1175
19802,35538,2024-08-30 00:00:00,A,921
19803,35541,2026-04-06 00:00:00,C,942
19804,35542,2026-06-22 00:00:00,A,175
19805,35543,2025-11-09 00:00:00,A,939
19806,35544,2024-02-02 00:00:00,A,353
19807,35545,2025-09-01 00:00:00,A,437
19808,35547,2024-04-08 00:00:00,A,1151
19809,35548,2026-07-13 00:00:00,A,316
19810,35551,2024-08-28 00:00:00,C,813
19811,35552,2024-03-17 00:00:00,A,801
19812,35555,2026-07-13 00:00:00,B,626
19813,35556,2024-04-18 00:00:00,A,294
19814,35558,2025-03-02 00:00:00,A,191
19815,35559,2024-05-26 00:00:00,C,509
19816,35561,2023-12-27 00:00:00,C,1308
19817,35563,2025-03-26 00:00:00,A,678
19818,35565,2024-03-31 00:00:00,C,325
19819,35566,2025-08-20 00:00:00,A,1319
19820,35569,2024-10-03 00:00:00,A,867
19821,35570,2026-06-30 00:00:00,A,941
19822,35572,2026-06-06 00:00:00,B,952
19823,35573,2024-08-06 00:00:00,A,253
19824,35574,2025-07-20 00:00:00,A,991
19825,35575,2024-03-29 00:00:00,A,631
19826,35576,2025-03-14 00:00:00,A,352
19827,35578,2026-03-28 00:00:00,A,43
19828,35580,2024-04-13 00:00:00,C,986
19829,35581,2024-01-31 00:00:00,A,763
19830,35583,2023-09-07 00:00:00,A,859
19831,35585,2025-09-06 00:00:00,A,314
19832,35586,2023-11-29 00:00:00,C,486
19833,35587,2023-05-22 00:00:00,A,750
19834,35588,2024-04-15 00:00:00,A,937
19835,35589,2025-07-08 00:00:00,A,553
19836,35592,2023-08-21 00:00:00,A,1001
19837,35593,2026-07-13 00:00:00,A,1081
19838,35594,2026-01-07 00:00:00,A,951
19839,35595,2024-09-04 00:00:00,A,900
19840,35597,2024-10-30 00:00:00,C,253
19841,35598,2026-07-08 00:00:00,A,1266
19842,35599,2024-07-19 00:00:00,A,157
19843,35600,2026-07-13 00:00:00,C,1201
19844,35601,2025-11-02 00:00:00,A,335
19845,35603,2025-08-18 00:00:00,C,43
19846,35604,2025-03-09 00:00:00,A,270
19847,35607,2026-07-13 00:00:00,A,994
19848,35608,2025-11-09 00:00:00,A,1057
19849,35609,2026-01-23 00:00:00,A,555
19850,35610,2025-08-18 00:00:00,A,750
19851,35611,2025-06-21 00:00:00,A,639
19852,35615,2025-08-09 00:00:00,A,1249
19853,35617,2026-03-29 00:00:00,B,1261
19854,35618,2025-12-11 00:00:00,A,951
19855,35619,2026-07-13 00:00:00,A,906
19856,35620,2024-03-25 00:00:00,A,1015
19857,35622,2023-06-02 00:00:00,C,1308
19858,35627,2026-01-25 00:00:00,A,311
19859,35628,2024-12-20 00:00:00,B,541
19860,35629,2025-04-12 00:00:00,A,155
19861,35630,2026-07-13 00:00:00,A,206
19862,35632,2026-04-13 00:00:00,A,1012
19863,35635,2026-04-19 00:00:00,C,52
19864,35637,2023-09-05 00:00:00,A,1146
19865,35638,2026-07-13 00:00:00,A,596
19866,35639,2026-04-05 00:00:00,A,394
19867,35640,2024-01-20 00:00:00,A,779
19868,35643,2025-03-11 00:00:00,A,383
19869,35646,2025-08-08 00:00:00,A,551
19870,35647,2024-01-17 00:00:00,A,770
19871,35648,2025-09-20 00:00:00,A,761
19872,35654,2024-12-15 00:00:00,A,1256
19873,35657,2025-06-25 00:00:00,C,369
19874,35659,2025-10-03 00:00:00,C,309
19875,35660,2025-08-23 00:00:00,A,154
19876,35661,2023-10-14 00:00:00,A,1279
19877,35664,2024-04-04 00:00:00,A,689
19878,35665,2025-01-18 00:00:00,A,113
19879,35667,2025-05-31 00:00:00,A,304
19880,35668,2026-07-13 00:00:00,C,585
19881,35669,2023-07-16 00:00:00,B,1
19882,35671,2025-01-18 00:00:00,A,78
19883,35672,2024-11-03 00:00:00,B,897
19884,35675,2025-08-24 00:00:00,A,315
19885,35677,2025-09-29 00:00:00,A,1001
19886,35678,2025-11-07 00:00:00,A,353
19887,35679,2024-04-10 00:00:00,C,70
19888,35680,2024-06-01 00:00:00,A,628
19889,35681,2026-02-05 00:00:00,A,1022
19890,35682,2025-10-25 00:00:00,C,618
19891,35683,2024-09-18 00:00:00,A,589
19892,35684,2025-10-15 00:00:00,A,1211
19893,35686,2023-05-30 00:00:00,B,625
19894,35688,2023-10-09 00:00:00,A,950
19895,35690,2025-11-07 00:00:00,A,274
19896,35692,2024-05-17 00:00:00,A,907
19897,35693,2024-06-21 00:00:00,A,592
19898,35696,2023-12-16 00:00:00,A,54
19899,35699,2024-08-14 00:00:00,C,1086
19900,35700,2026-02-04 00:00:00,A,806
19901,35701,2024-03-12 00:00:00,A,1068
19902,35702,2026-07-13 00:00:00,C,1308
19903,35703,2026-07-13 00:00:00,B,365
19904,35705,2025-12-04 00:00:00,A,971
19905,35706,2024-04-19 00:00:00,B,615
19906,35707,2026-02-01 00:00:00,C,1249
19907,35708,2024-09-10 00:00:00,A,1163
19908,35709,2024-07-02 00:00:00,C,719
19909,35710,2026-04-07 00:00:00,A,732
19910,35711,2023-05-07 00:00:00,A,583
19911,35712,2026-03-17 00:00:00,A,1267
19912,35714,2025-11-30 00:00:00,A,483
19913,35715,2024-10-11 00:00:00,A,1089
19914,35716,2024-06-28 00:00:00,A,99
19915,35717,2025-06-08 00:00:00,C,230
19916,35719,2026-03-21 00:00:00,A,1228
19917,35720,2024-02-08 00:00:00,A,895
19918,35722,2025-12-24 00:00:00,A,124
19919,35723,2025-12-02 00:00:00,A,845
19920,35725,2024-06-09 00:00:00,A,347
19921,35726,2026-07-13 00:00:00,A,41
19922,35728,2026-06-08 00:00:00,C,966
19923,35730,2024-05-22 00:00:00,A,458
19924,35731,2026-05-25 00:00:00,A,6
19925,35734,2025-08-04 00:00:00,A,62
19926,35735,2025-10-27 00:00:00,A,1153
19927,35737,2024-11-24 00:00:00,C,614
19928,35738,2024-04-13 00:00:00,A,470
19929,35739,2024-09-30 00:00:00,A,155
19930,35741,2026-02-06 00:00:00,B,502
19931,35742,2025-02-09 00:00:00,A,2
19932,35743,2023-05-27 00:00:00,A,206
19933,35745,2024-09-03 00:00:00,A,461
19934,35746,2025-05-28 00:00:00,A,42
19935,35750,2024-02-11 00:00:00,A,304
19936,35753,2026-02-20 00:00:00,C,465
19937,35754,2024-04-13 00:00:00,C,519
19938,35755,2026-02-01 00:00:00,A,307
19939,35757,2026-03-08 00:00:00,A,566
19940,35759,2023-10-25 00:00:00,A,21
19941,35760,2023-03-29 00:00:00,A,38
19942,35761,2024-12-16 00:00:00,B,825
19943,35764,2026-07-13 00:00:00,C,1302
19944,35766,2025-04-04 00:00:00,A,1176
19945,35767,2026-05-09 00:00:00,C,938
19946,35768,2025-08-30 00:00:00,C,671
19947,35770,2023-11-19 00:00:00,A,198
19948,35772,2026-02-13 00:00:00,A,286
19949,35774,2024-05-01 00:00:00,A,856
19950,35775,2026-02-19 00:00:00,B,898
19951,35776,2026-07-13 00:00:00,A,444
19952,35777,2023-10-28 00:00:00,A,1054
19953,35778,2024-08-11 00:00:00,C,1316
19954,35780,2026-03-14 00:00:00,A,630
19955,35781,2025-11-04 00:00:00,A,455
19956,35782,2025-08-03 00:00:00,A,653
19957,35783,2026-01-12 00:00:00,A,268
19958,35787,2024-07-14 00:00:00,A,1052
19959,35789,2024-04-04 00:00:00,B,1218
19960,35791,2024-08-14 00:00:00,A,1334
19961,35795,2025-08-23 00:00:00,A,966
19962,35796,2026-06-02 00:00:00,A,1314
19963,35797,2025-09-15 00:00:00,C,287
19964,35798,2024-01-04 00:00:00,A,338
19965,35801,2026-04-02 00:00:00,A,739
19966,35803,2026-06-10 00:00:00,A,331
19967,35806,2026-03-28 00:00:00,A,1166
19968,35808,2024-03-28 00:00:00,C,130
19969,35809,2023-12-15 00:00:00,A,1151
19970,35810,2025-07-16 00:00:00,C,1312
19971,35811,2023-08-04 00:00:00,A,356
19972,35814,2026-06-16 00:00:00,A,367
19973,35820,2023-12-07 00:00:00,A,68
19974,35821,2024-11-26 00:00:00,A,1114
19975,35823,2024-10-05 00:00:00,A,1023
19976,35824,2026-07-13 00:00:00,C,40
19977,35825,2024-09-05 00:00:00,A,28
19978,35830,2025-04-05 00:00:00,A,27
19979,35832,2024-02-02 00:00:00,C,70
19980,35833,2025-10-05 00:00:00,A,1082
19981,35835,2024-10-24 00:00:00,A,1152
19982,35836,2024-07-29 00:00:00,A,1237
19983,35837,2024-12-25 00:00:00,A,346
19984,35838,2024-05-17 00:00:00,A,427
19985,35841,2025-09-24 00:00:00,A,583
19986,35842,2026-07-13 00:00:00,C,875
19987,35844,2025-11-03 00:00:00,C,964
19988,35848,2026-04-06 00:00:00,A,695
19989,35850,2024-03-28 00:00:00,A,1005
19990,35851,2025-04-27 00:00:00,A,478
19991,35852,2024-05-16 00:00:00,C,379
19992,35854,2026-02-11 00:00:00,C,1060
19993,35856,2025-09-12 00:00:00,B,585
19994,35858,2025-11-30 00:00:00,A,1267
19995,35859,2025-12-09 00:00:00,A,1142
19996,35861,2025-12-17 00:00:00,A,816
19997,35864,2025-01-25 00:00:00,A,698
19998,35866,2024-09-20 00:00:00,A,1303
19999,35870,2023-08-10 00:00:00,C,709
20000,35872,2024-08-26 00:00:00,A,532
20001,35875,2024-02-10 00:00:00,C,1211
20002,35876,2023-09-06 00:00:00,C,171
20003,35879,2024-04-25 00:00:00,A,1052
20004,35883,2026-02-01 00:00:00,A,1203
20005,35884,2024-02-07 00:00:00,B,253
20006,35886,2023-07-31 00:00:00,A,925
20007,35888,2024-07-12 00:00:00,C,14
20008,35890,2026-07-13 00:00:00,A,646
20009,35891,2024-07-19 00:00:00,A,859
20010,35893,2025-02-09 00:00:00,C,905
20011,35896,2024-12-17 00:00:00,C,1061
20012,35897,2024-08-04 00:00:00,A,641
20013,35898,2024-04-26 00:00:00,A,316
20014,35900,2026-07-13 00:00:00,A,571
20015,35901,2024-05-10 00:00:00,C,56
20016,35903,2025-04-22 00:00:00,A,950
20017,35905,2026-07-13 00:00:00,A,112
20018,35906,2024-11-21 00:00:00,A,529
20019,35908,2024-11-27 00:00:00,A,1122
20020,35910,2026-07-13 00:00:00,A,1299
20021,35912,2025-01-09 00:00:00,B,713
20022,35913,2023-08-24 00:00:00,A,825
20023,35915,2024-04-07 00:00:00,A,1282
20024,35916,2024-02-10 00:00:00,C,138
20025,35918,2024-09-28 00:00:00,A,974
20026,35920,2025-08-09 00:00:00,C,711
20027,35921,2025-11-08 00:00:00,B,919
20028,35923,2026-02-03 00:00:00,A,604
20029,35924,2024-08-20 00:00:00,A,653
20030,35930,2024-10-22 00:00:00,A,1293
20031,35931,2026-04-24 00:00:00,B,1031
20032,35932,2024-07-15 00:00:00,B,1221
20033,35933,2025-07-16 00:00:00,A,1123
20034,35936,2023-08-08 00:00:00,A,1308
20035,35937,2025-11-21 00:00:00,A,388
20036,35938,2025-03-30 00:00:00,A,187
20037,35939,2026-03-29 00:00:00,A,987
20038,35940,2024-12-24 00:00:00,C,535
20039,35941,2024-02-28 00:00:00,A,221
20040,35942,2025-04-12 00:00:00,A,614
20041,35944,2023-11-01 00:00:00,C,1137
20042,35946,2026-07-07 00:00:00,C,602
20043,35947,2024-01-27 00:00:00,C,895
20044,35949,2025-10-29 00:00:00,A,107
20045,35950,2024-07-02 00:00:00,C,318
20046,35951,2024-03-29 00:00:00,C,497
20047,35953,2025-11-15 00:00:00,C,271
20048,35957,2024-06-27 00:00:00,A,933
20049,35959,2023-09-26 00:00:00,A,532
20050,35963,2024-10-27 00:00:00,C,581
20051,35964,2025-03-28 00:00:00,A,895
20052,35967,2026-05-16 00:00:00,B,387
20053,35969,2024-01-19 00:00:00,A,371
20054,35970,2026-06-07 00:00:00,C,1147
20055,35971,2024-07-28 00:00:00,A,711
20056,35972,2025-11-16 00:00:00,A,963
20057,35973,2024-10-11 00:00:00,C,354
20058,35975,2025-05-24 00:00:00,A,738
20059,35976,2025-03-20 00:00:00,C,982
20060,35979,2023-11-07 00:00:00,C,824
20061,35980,2024-05-08 00:00:00,A,133
20062,35981,2026-05-22 00:00:00,A,433
20063,35982,2023-12-21 00:00:00,A,319
20064,35983,2026-01-07 00:00:00,A,204
20065,35986,2025-10-02 00:00:00,A,163
20066,35987,2025-03-15 00:00:00,A,380
20067,35988,2025-07-04 00:00:00,A,458
20068,35989,2024-02-08 00:00:00,C,406
20069,35990,2025-04-17 00:00:00,A,151
20070,35993,2023-12-19 00:00:00,B,980
20071,35996,2025-12-04 00:00:00,B,980
20072,35997,2025-09-25 00:00:00,C,70
20073,36000,2024-05-24 00:00:00,A,773
20074,36005,2024-12-08 00:00:00,A,1059
20075,36010,2025-01-16 00:00:00,A,904
20076,36012,2026-02-17 00:00:00,A,85
20077,36013,2025-05-28 00:00:00,C,1201
20078,36014,2023-09-15 00:00:00,B,354
20079,36016,2025-06-06 00:00:00,B,455
20080,36017,2026-05-07 00:00:00,A,1113
20081,36018,2024-12-21 00:00:00,A,1297
20082,36019,2024-11-24 00:00:00,B,531
20083,36021,2026-01-30 00:00:00,A,192
20084,36023,2024-04-18 00:00:00,C,605
20085,36025,2024-02-13 00:00:00,A,686
20086,36026,2024-04-29 00:00:00,B,151
20087,36027,2023-11-03 00:00:00,A,728
20088,36029,2026-07-13 00:00:00,C,642
20089,36030,2024-06-01 00:00:00,A,292
20090,36032,2025-09-22 00:00:00,C,818
20091,36036,2025-03-23 00:00:00,A,502
20092,36037,2025-09-13 00:00:00,A,609
20093,36038,2025-06-29 00:00:00,A,456
20094,36039,2025-08-27 00:00:00,A,798
20095,36040,2024-09-07 00:00:00,A,1069
20096,36041,2025-11-26 00:00:00,A,969
20097,36045,2025-02-08 00:00:00,C,140
20098,36049,2025-09-09 00:00:00,C,1005
20099,36051,2026-07-13 00:00:00,A,250
20100,36052,2024-03-09 00:00:00,A,613
20101,36054,2024-12-15 00:00:00,A,1154
20102,36056,2023-08-29 00:00:00,A,986
20103,36059,2024-05-01 00:00:00,C,341
20104,36061,2025-08-18 00:00:00,B,143
20105,36062,2025-09-11 00:00:00,A,675
20106,36063,2026-01-16 00:00:00,A,1249
20107,36064,2026-02-08 00:00:00,A,180
20108,36065,2025-03-19 00:00:00,A,1053
20109,36066,2024-10-24 00:00:00,A,910
20110,36067,2025-12-17 00:00:00,A,1169
20111,36069,2026-04-10 00:00:00,C,726
20112,36073,2023-10-30 00:00:00,A,1008
20113,36074,2024-02-29 00:00:00,C,1146
20114,36076,2025-03-08 00:00:00,A,1245
20115,36077,2023-10-21 00:00:00,A,656
20116,36082,2026-07-13 00:00:00,A,625
20117,36083,2025-09-29 00:00:00,A,1301
20118,36084,2026-05-20 00:00:00,A,1185
20119,36086,2023-05-24 00:00:00,A,1152
20120,36087,2025-02-15 00:00:00,B,846
20121,36089,2023-08-25 00:00:00,A,1313
20122,36094,2024-12-13 00:00:00,A,513
20123,36096,2025-11-22 00:00:00,A,525
20124,36099,2026-07-13 00:00:00,A,262
20125,36100,2024-11-10 00:00:00,A,1179
20126,36102,2024-08-29 00:00:00,B,513
20127,36104,2024-10-04 00:00:00,A,711
20128,36105,2025-09-23 00:00:00,C,608
20129,36109,2023-06-05 00:00:00,A,994
20130,36110,2024-07-24 00:00:00,A,632
20131,36111,2026-06-04 00:00:00,A,795
20132,36112,2024-08-10 00:00:00,C,793
20133,36113,2025-08-15 00:00:00,A,561
20134,36115,2026-07-13 00:00:00,A,1315
20135,36116,2026-07-13 00:00:00,A,365
20136,36117,2026-07-13 00:00:00,A,829
20137,36118,2025-08-06 00:00:00,A,857
20138,36119,2025-07-09 00:00:00,C,1129
20139,36120,2026-03-07 00:00:00,C,894
20140,36122,2023-11-16 00:00:00,C,1282
20141,36123,2024-04-11 00:00:00,A,607
20142,36124,2023-10-02 00:00:00,A,52
20143,36125,2024-03-21 00:00:00,B,736
20144,36127,2026-07-13 00:00:00,B,1209
20145,36131,2025-04-07 00:00:00,C,470
20146,36132,2026-02-22 00:00:00,A,794
20147,36135,2026-02-09 00:00:00,A,463
20148,36138,2023-12-11 00:00:00,C,533
20149,36139,2025-05-19 00:00:00,A,726
20150,36140,2026-01-06 00:00:00,C,859
20151,36141,2026-03-29 00:00:00,A,724
20152,36144,2025-03-20 00:00:00,A,180
20153,36145,2026-03-26 00:00:00,A,264
20154,36147,2024-05-28 00:00:00,A,89
20155,36148,2024-07-08 00:00:00,C,123
20156,36150,2026-02-09 00:00:00,A,959
20157,36156,2025-07-28 00:00:00,B,623
20158,36158,2024-12-10 00:00:00,A,1060
20159,36162,2025-07-25 00:00:00,A,1297
20160,36163,2023-08-27 00:00:00,A,1321
20161,36164,2025-04-15 00:00:00,A,513
20162,36165,2023-12-03 00:00:00,C,1291
20163,36166,2024-06-05 00:00:00,C,1282
20164,36167,2024-10-10 00:00:00,A,811
20165,36168,2026-07-13 00:00:00,C,1176
20166,36171,2023-09-02 00:00:00,A,591
20167,36173,2024-10-30 00:00:00,C,1232
20168,36175,2025-08-09 00:00:00,C,248
20169,36176,2025-08-13 00:00:00,C,1265
20170,36177,2025-01-30 00:00:00,C,338
20171,36179,2026-07-13 00:00:00,A,1303
20172,36181,2024-05-20 00:00:00,C,839
20173,36182,2026-07-13 00:00:00,A,929
20174,36183,2026-02-16 00:00:00,A,877
20175,36185,2023-08-06 00:00:00,A,353
20176,36186,2024-04-26 00:00:00,B,537
20177,36190,2023-09-17 00:00:00,A,825
20178,36193,2026-06-17 00:00:00,C,136
20179,36196,2024-12-29 00:00:00,A,259
20180,36198,2025-04-21 00:00:00,A,631
20181,36199,2024-07-01 00:00:00,A,293
20182,36200,2026-03-07 00:00:00,A,824
20183,36201,2026-01-30 00:00:00,A,175
20184,36202,2024-11-18 00:00:00,A,167
20185,36203,2023-07-22 00:00:00,A,768
20186,36204,2024-10-02 00:00:00,A,120
20187,36205,2026-04-04 00:00:00,A,363
20188,36206,2025-08-04 00:00:00,C,483
20189,36207,2026-03-31 00:00:00,A,1087
20190,36210,2023-07-28 00:00:00,A,863
20191,36211,2023-11-23 00:00:00,A,1061
20192,36218,2024-06-17 00:00:00,A,662
20193,36220,2025-10-26 00:00:00,A,1141
20194,36221,2023-09-06 00:00:00,A,742
20195,36222,2023-09-03 00:00:00,A,955
20196,36223,2025-11-18 00:00:00,A,805
20197,36224,2023-10-08 00:00:00,A,697
20198,36225,2023-08-27 00:00:00,C,610
20199,36226,2025-04-26 00:00:00,A,686
20200,36230,2026-05-20 00:00:00,A,942
20201,36231,2024-01-12 00:00:00,A,1021
20202,36232,2024-02-20 00:00:00,A,149
20203,36236,2023-09-08 00:00:00,B,364
20204,36239,2024-03-25 00:00:00,A,769
20205,36242,2026-03-18 00:00:00,C,45
20206,36243,2025-02-21 00:00:00,A,744
20207,36246,2024-04-17 00:00:00,A,1252
20208,36249,2026-05-11 00:00:00,A,31
20209,36250,2024-05-31 00:00:00,C,293
20210,36251,2025-02-08 00:00:00,A,896
20211,36252,2023-11-25 00:00:00,A,289
20212,36253,2025-11-25 00:00:00,A,183
20213,36254,2024-12-31 00:00:00,B,1124
20214,36256,2024-02-15 00:00:00,A,946
20215,36257,2024-08-28 00:00:00,A,1158
20216,36262,2024-06-25 00:00:00,C,71
20217,36263,2023-04-09 00:00:00,C,510
20218,36268,2025-04-22 00:00:00,A,169
20219,36273,2025-02-03 00:00:00,A,485
20220,36276,2026-07-13 00:00:00,C,737
20221,36277,2025-04-13 00:00:00,A,226
20222,36279,2025-09-30 00:00:00,A,1289
20223,36281,2025-07-29 00:00:00,B,654
20224,36282,2023-12-15 00:00:00,B,399
20225,36291,2026-07-13 00:00:00,A,616
20226,36293,2023-06-23 00:00:00,B,696
20227,36294,2024-07-26 00:00:00,A,947
20228,36295,2025-08-11 00:00:00,A,2
20229,36296,2026-06-29 00:00:00,A,90
20230,36297,2024-06-13 00:00:00,A,515
20231,36298,2025-10-22 00:00:00,C,741
20232,36300,2025-12-07 00:00:00,A,1303
20233,36301,2024-11-09 00:00:00,B,1244
20234,36304,2024-08-31 00:00:00,A,1095
20235,36309,2025-01-12 00:00:00,B,1304
20236,36310,2025-01-17 00:00:00,A,258
20237,36314,2026-07-13 00:00:00,C,903
20238,36315,2024-05-10 00:00:00,B,522
20239,36319,2025-06-25 00:00:00,A,372
20240,36320,2023-12-17 00:00:00,A,1180
20241,36322,2025-09-10 00:00:00,A,124
20242,36326,2023-09-28 00:00:00,A,715
20243,36328,2023-10-09 00:00:00,A,503
20244,36329,2024-08-21 00:00:00,A,1162
20245,36330,2024-03-02 00:00:00,A,495
20246,36332,2026-07-13 00:00:00,A,1080
20247,36333,2026-07-13 00:00:00,C,485
20248,36334,2024-03-12 00:00:00,A,386
20249,36337,2023-05-02 00:00:00,A,246
20250,36341,2024-04-02 00:00:00,A,715
20251,36343,2026-07-13 00:00:00,A,1184
20252,36344,2025-07-30 00:00:00,A,654
20253,36345,2025-06-24 00:00:00,A,981
20254,36346,2023-08-15 00:00:00,A,1086
20255,36348,2025-03-02 00:00:00,C,120
20256,36349,2025-04-03 00:00:00,A,164
20257,36350,2023-08-20 00:00:00,C,561
20258,36351,2026-01-20 00:00:00,A,1328
20259,36353,2024-03-26 00:00:00,A,1052
20260,36354,2026-07-13 00:00:00,A,483
20261,36356,2025-05-31 00:00:00,A,754
20262,36357,2023-06-29 00:00:00,A,788
20263,36358,2025-03-22 00:00:00,A,1203
20264,36359,2023-12-14 00:00:00,A,980
20265,36360,2024-11-18 00:00:00,C,1133
20266,36364,2024-02-24 00:00:00,A,338
20267,36366,2025-02-14 00:00:00,A,1143
20268,36369,2024-02-05 00:00:00,A,62
20269,36370,2025-06-30 00:00:00,A,474
20270,36372,2026-03-19 00:00:00,A,612
20271,36374,2025-06-18 00:00:00,A,580
20272,36377,2023-10-01 00:00:00,A,197
20273,36384,2026-04-21 00:00:00,A,526
20274,36385,2026-06-25 00:00:00,C,73
20275,36389,2026-06-29 00:00:00,A,1151
20276,36390,2026-04-29 00:00:00,A,142
20277,36391,2025-09-17 00:00:00,A,203
20278,36392,2024-09-10 00:00:00,A,1152
20279,36393,2025-03-27 00:00:00,A,585
20280,36397,2024-03-26 00:00:00,A,1178
20281,36398,2024-10-16 00:00:00,A,1012
20282,36399,2025-03-25 00:00:00,A,786
20283,36405,2025-04-15 00:00:00,A,1317
20284,36406,2024-12-10 00:00:00,C,1153
20285,36414,2024-09-29 00:00:00,C,764
20286,36419,2024-02-11 00:00:00,A,599
20287,36422,2026-06-17 00:00:00,B,159
20288,36423,2025-04-06 00:00:00,C,838
20289,36424,2026-07-13 00:00:00,A,654
20290,36426,2024-12-19 00:00:00,B,682
20291,36427,2024-09-13 00:00:00,A,675
20292,36429,2024-02-22 00:00:00,A,252
20293,36430,2023-08-26 00:00:00,A,258
20294,36432,2023-11-11 00:00:00,A,1174
20295,36433,2025-04-20 00:00:00,A,420
20296,36434,2025-01-09 00:00:00,A,1204
20297,36436,2024-04-03 00:00:00,A,477
20298,36439,2025-07-27 00:00:00,A,611
20299,36440,2026-05-11 00:00:00,A,1049
20300,36441,2024-08-16 00:00:00,A,588
20301,36442,2024-08-02 00:00:00,A,650
20302,36443,2025-02-03 00:00:00,A,524
20303,36444,2025-10-01 00:00:00,C,619
20304,36448,2023-11-22 00:00:00,C,531
20305,36449,2024-12-18 00:00:00,A,854
20306,36452,2023-11-23 00:00:00,A,1051
20307,36453,2026-01-18 00:00:00,A,84
20308,36454,2026-05-02 00:00:00,A,654
20309,36455,2025-03-13 00:00:00,A,216
20310,36456,2025-02-15 00:00:00,A,682
20311,36457,2024-06-30 00:00:00,A,604
20312,36458,2025-02-01 00:00:00,A,575
20313,36461,2024-03-23 00:00:00,B,615
20314,36464,2025-03-04 00:00:00,A,736
20315,36465,2026-01-27 00:00:00,A,65
20316,36466,2025-05-26 00:00:00,C,247
20317,36468,2025-12-08 00:00:00,A,263
20318,36473,2023-09-07 00:00:00,A,1152
20319,36474,2023-12-28 00:00:00,B,954
20320,36475,2026-02-19 00:00:00,A,247
20321,36477,2024-05-21 00:00:00,A,161
20322,36479,2025-10-25 00:00:00,A,1300
20323,36484,2024-08-08 00:00:00,A,471
20324,36486,2023-09-06 00:00:00,A,614
20325,36487,2024-07-31 00:00:00,A,442
20326,36491,2024-11-11 00:00:00,C,595
20327,36492,2024-03-17 00:00:00,A,1113
20328,36493,2025-12-07 00:00:00,C,518
20329,36495,2024-03-04 00:00:00,A,426
20330,36496,2024-12-20 00:00:00,A,804
20331,36497,2023-10-30 00:00:00,C,876
20332,36501,2023-08-15 00:00:00,C,638
20333,36502,2023-12-17 00:00:00,A,140
20334,36504,2025-05-29 00:00:00,A,1005
20335,36505,2023-12-06 00:00:00,C,1032
20336,36509,2024-12-17 00:00:00,B,829
20337,36511,2023-07-28 00:00:00,A,513
20338,36512,2023-04-23 00:00:00,B,634
20339,36513,2026-06-22 00:00:00,B,998
20340,36515,2025-07-01 00:00:00,C,76
20341,36516,2024-02-16 00:00:00,C,522
20342,36518,2026-02-15 00:00:00,A,187
20343,36519,2023-08-20 00:00:00,A,1303
20344,36522,2026-04-11 00:00:00,A,139
20345,36523,2025-11-25 00:00:00,A,1046
20346,36527,2025-07-03 00:00:00,A,722
20347,36528,2024-12-06 00:00:00,A,25
20348,36529,2023-07-27 00:00:00,A,174
20349,36532,2024-10-02 00:00:00,A,1016
20350,36533,2026-04-15 00:00:00,B,171
20351,36534,2024-09-30 00:00:00,A,13
20352,36535,2024-07-29 00:00:00,A,1157
20353,36536,2026-01-01 00:00:00,C,139
20354,36537,2026-06-05 00:00:00,B,1277
20355,36538,2023-12-20 00:00:00,A,1318
20356,36539,2024-06-14 00:00:00,A,1043
20357,36542,2026-07-13 00:00:00,A,577
20358,36543,2024-02-18 00:00:00,A,361
20359,36548,2024-10-04 00:00:00,A,771
20360,36549,2024-12-21 00:00:00,A,644
20361,36550,2024-09-02 00:00:00,A,383
20362,36551,2024-12-08 00:00:00,A,922
20363,36553,2025-12-05 00:00:00,A,943
20364,36554,2023-10-15 00:00:00,A,869
20365,36555,2025-08-26 00:00:00,A,927
20366,36559,2023-10-29 00:00:00,A,350
20367,36560,2026-02-20 00:00:00,A,432
20368,36561,2026-04-21 00:00:00,B,1169
20369,36562,2026-05-17 00:00:00,A,1262
20370,36563,2025-04-21 00:00:00,A,534
20371,36565,2025-11-04 00:00:00,A,359
20372,36571,2025-01-31 00:00:00,A,1056
20373,36572,2025-07-26 00:00:00,C,679
20374,36574,2026-01-18 00:00:00,C,505
20375,36576,2026-03-14 00:00:00,A,471
20376,36578,2026-07-13 00:00:00,A,949
20377,36581,2025-09-26 00:00:00,C,457
20378,36583,2026-07-13 00:00:00,A,660
20379,36584,2023-08-25 00:00:00,A,85
20380,36585,2025-06-30 00:00:00,A,711
20381,36586,2026-05-08 00:00:00,C,733
20382,36590,2024-09-23 00:00:00,A,431
20383,36592,2023-08-28 00:00:00,A,780
20384,36595,2026-02-08 00:00:00,A,740
20385,36599,2025-12-15 00:00:00,C,64
20386,36600,2026-07-13 00:00:00,A,433
20387,36601,2025-01-10 00:00:00,A,390
20388,36602,2026-07-13 00:00:00,C,338
20389,36603,2023-07-21 00:00:00,A,830
20390,36604,2023-11-27 00:00:00,A,1210
20391,36611,2025-07-12 00:00:00,A,277
20392,36612,2024-05-29 00:00:00,A,1171
20393,36615,2023-12-08 00:00:00,A,657
20394,36617,2023-07-06 00:00:00,A,438
20395,36621,2025-03-21 00:00:00,A,443
20396,36622,2024-07-24 00:00:00,A,1278
20397,36626,2026-03-19 00:00:00,A,1114
20398,36627,2025-06-12 00:00:00,A,1180
20399,36628,2026-07-13 00:00:00,A,169
20400,36629,2024-03-26 00:00:00,A,815
20401,36631,2025-05-15 00:00:00,B,653
20402,36632,2023-07-16 00:00:00,A,1039
20403,36633,2025-02-16 00:00:00,A,124
20404,36634,2024-04-11 00:00:00,A,587
20405,36638,2025-03-22 00:00:00,A,399
20406,36639,2023-12-06 00:00:00,A,734
20407,36642,2026-07-13 00:00:00,C,937
20408,36643,2026-07-13 00:00:00,A,1292
20409,36644,2024-11-10 00:00:00,C,645
20410,36645,2023-04-19 00:00:00,A,37
20411,36647,2024-10-09 00:00:00,A,456
20412,36648,2026-06-01 00:00:00,A,255
20413,36649,2025-02-27 00:00:00,A,285
20414,36650,2024-04-14 00:00:00,C,972
20415,36653,2024-01-05 00:00:00,C,360
20416,36658,2025-10-29 00:00:00,A,798
20417,36662,2024-11-21 00:00:00,A,1232
20418,36663,2025-03-05 00:00:00,A,1064
20419,36664,2026-03-14 00:00:00,C,826
20420,36667,2026-06-12 00:00:00,C,819
20421,36668,2024-06-02 00:00:00,A,939
20422,36670,2026-07-13 00:00:00,C,46
20423,36673,2026-07-13 00:00:00,A,650
20424,36674,2026-06-28 00:00:00,A,427
20425,36676,2026-05-08 00:00:00,A,354
20426,36679,2023-06-01 00:00:00,B,533
20427,36682,2026-02-13 00:00:00,A,1327
20428,36684,2025-10-17 00:00:00,A,185
20429,36685,2026-02-28 00:00:00,A,3
20430,36687,2026-01-16 00:00:00,A,1226
20431,36688,2026-07-13 00:00:00,A,922
20432,36690,2024-02-23 00:00:00,C,314
20433,36692,2024-10-02 00:00:00,A,661
20434,36693,2025-02-04 00:00:00,B,204
20435,36695,2026-07-13 00:00:00,A,544
20436,36697,2023-10-21 00:00:00,A,1050
20437,36698,2026-04-12 00:00:00,A,1023
20438,36699,2025-06-14 00:00:00,C,211
20439,36700,2024-09-07 00:00:00,C,71
20440,36701,2026-04-13 00:00:00,A,458
20441,36703,2025-12-05 00:00:00,C,1167
20442,36704,2024-08-25 00:00:00,A,1023
20443,36709,2026-06-03 00:00:00,C,53
20444,36710,2025-02-26 00:00:00,A,1276
20445,36711,2026-07-13 00:00:00,C,45
20446,36712,2026-07-03 00:00:00,A,117
20447,36713,2025-02-07 00:00:00,A,682
20448,36715,2025-11-09 00:00:00,A,100
20449,36716,2024-10-28 00:00:00,A,290
20450,36717,2026-06-28 00:00:00,A,432
20451,36718,2026-03-09 00:00:00,A,1205
20452,36719,2025-02-02 00:00:00,A,1224
20453,36722,2024-08-30 00:00:00,B,264
20454,36723,2025-01-13 00:00:00,A,104
20455,36724,2024-01-29 00:00:00,B,759
20456,36726,2025-05-14 00:00:00,A,447
20457,36728,2025-09-22 00:00:00,C,326
20458,36731,2023-07-03 00:00:00,A,268
20459,36732,2025-09-30 00:00:00,A,220
20460,36737,2026-03-02 00:00:00,A,1150
20461,36738,2024-05-04 00:00:00,A,164
20462,36739,2024-04-07 00:00:00,A,1150
20463,36740,2024-08-23 00:00:00,A,65
20464,36741,2026-01-18 00:00:00,A,1299
20465,36744,2024-08-22 00:00:00,A,442
20466,36745,2026-04-04 00:00:00,A,1179
20467,36746,2024-08-26 00:00:00,C,652
20468,36750,2025-12-01 00:00:00,B,653
20469,36752,2025-09-21 00:00:00,C,67
20470,36753,2023-03-17 00:00:00,A,1072
20471,36755,2024-01-10 00:00:00,C,2
20472,36757,2026-07-13 00:00:00,C,415
20473,36758,2025-07-12 00:00:00,A,358
20474,36761,2025-02-02 00:00:00,C,1328
20475,36762,2025-07-31 00:00:00,A,28
20476,36765,2026-01-16 00:00:00,A,418
20477,36766,2024-12-05 00:00:00,C,166
20478,36767,2026-07-13 00:00:00,A,325
20479,36768,2025-06-16 00:00:00,A,825
20480,36771,2025-10-15 00:00:00,A,1229
20481,36773,2025-12-20 00:00:00,A,236
20482,36774,2023-11-17 00:00:00,A,1174
20483,36775,2026-07-13 00:00:00,C,1166
20484,36776,2025-11-17 00:00:00,A,926
20485,36778,2025-08-07 00:00:00,C,212
20486,36779,2026-07-13 00:00:00,A,502
20487,36781,2025-03-06 00:00:00,A,991
20488,36782,2026-04-17 00:00:00,A,93
20489,36783,2024-05-24 00:00:00,A,486
20490,36785,2023-06-10 00:00:00,A,1333
20491,36789,2025-01-17 00:00:00,A,814
20492,36790,2023-10-23 00:00:00,A,721
20493,36791,2024-08-14 00:00:00,A,454
20494,36792,2025-03-27 00:00:00,A,593
20495,36794,2026-02-25 00:00:00,A,1181
20496,36795,2024-03-06 00:00:00,A,304
20497,36796,2025-07-18 00:00:00,A,636
20498,36797,2026-03-04 00:00:00,B,968
20499,36798,2025-12-11 00:00:00,A,1016
20500,36802,2025-10-28 00:00:00,A,589
20501,36803,2025-03-10 00:00:00,A,31
20502,36804,2024-02-18 00:00:00,A,1101
20503,36806,2026-05-20 00:00:00,A,631
20504,36808,2024-07-11 00:00:00,C,748
20505,36810,2023-12-18 00:00:00,A,829
20506,36813,2026-07-11 00:00:00,C,1246
20507,36814,2024-01-05 00:00:00,B,109
20508,36817,2026-07-13 00:00:00,C,261
20509,36818,2026-07-13 00:00:00,A,921
20510,36819,2025-01-09 00:00:00,C,1290
20511,36822,2026-07-13 00:00:00,A,956
20512,36826,2025-10-25 00:00:00,A,137
20513,36829,2024-02-19 00:00:00,A,632
20514,36830,2024-06-22 00:00:00,A,380
20515,36832,2023-11-02 00:00:00,A,401
20516,36833,2023-10-27 00:00:00,A,1107
20517,36838,2024-01-13 00:00:00,A,1112
20518,36840,2025-07-11 00:00:00,C,1226
20519,36842,2024-08-06 00:00:00,A,670
20520,36845,2026-07-13 00:00:00,C,949
20521,36846,2023-03-10 00:00:00,A,450
20522,36848,2024-02-12 00:00:00,A,868
20523,36853,2025-09-07 00:00:00,A,488
20524,36855,2026-03-24 00:00:00,C,186
20525,36858,2025-08-21 00:00:00,A,1146
20526,36861,2026-06-16 00:00:00,C,804
20527,36862,2025-12-22 00:00:00,A,1096
20528,36864,2025-03-27 00:00:00,A,832
20529,36865,2024-08-07 00:00:00,A,604
20530,36867,2024-11-26 00:00:00,A,1104
20531,36868,2024-12-03 00:00:00,A,599
20532,36869,2024-10-10 00:00:00,A,107
20533,36871,2023-10-28 00:00:00,A,1285
20534,36873,2024-02-28 00:00:00,C,1196
20535,36874,2023-12-05 00:00:00,C,945
20536,36875,2024-06-03 00:00:00,A,129
20537,36878,2024-10-04 00:00:00,A,977
20538,36879,2024-05-31 00:00:00,A,997
20539,36880,2024-01-20 00:00:00,C,228
20540,36881,2025-08-17 00:00:00,A,479
20541,36886,2026-02-09 00:00:00,A,114
20542,36888,2025-07-05 00:00:00,A,237
20543,36890,2023-12-03 00:00:00,B,909
20544,36893,2026-05-09 00:00:00,B,950
20545,36894,2024-03-15 00:00:00,A,508
20546,36897,2026-07-13 00:00:00,A,963
20547,36898,2025-10-21 00:00:00,A,1104
20548,36899,2026-07-13 00:00:00,A,1212
20549,36900,2025-10-21 00:00:00,A,1236
20550,36905,2023-11-22 00:00:00,B,281
20551,36908,2026-03-21 00:00:00,A,908
20552,36910,2024-01-23 00:00:00,B,123
20553,36911,2024-12-22 00:00:00,A,1114
20554,36914,2026-01-02 00:00:00,A,848
20555,36915,2026-05-05 00:00:00,A,826
20556,36918,2024-03-29 00:00:00,A,659
20557,36919,2024-08-21 00:00:00,A,1043
20558,36920,2023-06-18 00:00:00,A,712
20559,36921,2026-02-16 00:00:00,A,1303
20560,36923,2026-06-15 00:00:00,C,434
20561,36925,2024-07-27 00:00:00,C,806
20562,36926,2024-06-10 00:00:00,C,172
20563,36929,2025-08-10 00:00:00,A,953
20564,36930,2026-07-13 00:00:00,A,733
20565,36933,2025-06-22 00:00:00,A,718
20566,36934,2025-11-27 00:00:00,B,626
20567,36935,2025-02-27 00:00:00,A,1288
20568,36937,2026-07-13 00:00:00,A,232
20569,36940,2024-01-31 00:00:00,A,333
20570,36942,2023-05-16 00:00:00,A,486
20571,36944,2025-04-19 00:00:00,A,341
20572,36945,2025-08-17 00:00:00,A,302
20573,36949,2025-02-12 00:00:00,A,1022
20574,36950,2024-02-04 00:00:00,A,786
20575,36952,2026-07-13 00:00:00,A,1316
20576,36955,2025-05-18 00:00:00,C,432
20577,36956,2026-03-28 00:00:00,A,1305
20578,36957,2026-01-08 00:00:00,B,1024
20579,36958,2023-12-03 00:00:00,A,775
20580,36961,2023-07-08 00:00:00,A,1276
20581,36965,2026-02-03 00:00:00,C,1178
20582,36966,2026-05-03 00:00:00,A,578
20583,36967,2025-09-08 00:00:00,A,1089
20584,36971,2026-04-18 00:00:00,A,291
20585,36972,2023-11-07 00:00:00,A,528
20586,36973,2026-07-13 00:00:00,C,802
20587,36977,2026-05-04 00:00:00,A,334
20588,36978,2026-07-13 00:00:00,B,1260
20589,36979,2023-11-09 00:00:00,A,607
20590,36982,2024-08-18 00:00:00,A,406
20591,36983,2024-01-18 00:00:00,A,840
20592,36984,2024-11-18 00:00:00,A,660
20593,36986,2023-12-20 00:00:00,A,986
20594,36987,2023-05-25 00:00:00,A,328
20595,36990,2026-02-11 00:00:00,A,37
20596,36993,2023-05-21 00:00:00,A,1167
20597,36994,2024-06-20 00:00:00,A,1186
20598,36998,2024-01-24 00:00:00,A,401
20599,36999,2024-11-11 00:00:00,A,163
20600,37000,2023-10-21 00:00:00,A,255
20601,37001,2024-10-02 00:00:00,A,333
20602,37002,2023-08-03 00:00:00,A,598
20603,37006,2024-02-23 00:00:00,B,20
20604,37007,2023-05-31 00:00:00,A,654
20605,37011,2025-10-04 00:00:00,C,1045
20606,37014,2024-05-17 00:00:00,A,457
20607,37015,2025-04-05 00:00:00,C,625
20608,37016,2024-08-28 00:00:00,C,472
20609,37017,2024-09-02 00:00:00,A,398
20610,37018,2026-04-24 00:00:00,C,727
20611,37019,2026-01-13 00:00:00,A,1020
20612,37020,2026-02-16 00:00:00,A,452
20613,37023,2025-04-03 00:00:00,C,373
20614,37024,2025-02-04 00:00:00,B,604
20615,37025,2025-03-02 00:00:00,A,1051
20616,37029,2024-02-21 00:00:00,A,206
20617,37030,2023-04-02 00:00:00,A,304
20618,37032,2023-11-10 00:00:00,C,150
20619,37036,2026-07-13 00:00:00,C,465
20620,37037,2024-05-21 00:00:00,C,408
20621,37039,2024-09-11 00:00:00,A,704
20622,37044,2023-08-11 00:00:00,A,809
20623,37045,2024-09-13 00:00:00,A,864
20624,37047,2024-10-16 00:00:00,A,342
20625,37048,2025-02-09 00:00:00,A,419
20626,37049,2023-09-21 00:00:00,A,463
20627,37050,2023-08-07 00:00:00,A,780
20628,37051,2023-12-11 00:00:00,A,730
20629,37055,2023-08-11 00:00:00,A,216
20630,37058,2026-06-23 00:00:00,A,136
20631,37059,2023-08-03 00:00:00,A,231
20632,37064,2023-04-14 00:00:00,A,736
20633,37065,2025-12-13 00:00:00,C,329
20634,37070,2026-02-07 00:00:00,B,337
20635,37072,2024-08-14 00:00:00,A,933
20636,37073,2024-08-10 00:00:00,A,488
20637,37076,2026-06-19 00:00:00,C,1015
20638,37077,2026-03-06 00:00:00,A,1282
20639,37079,2025-08-15 00:00:00,A,79
20640,37081,2026-07-13 00:00:00,A,907
20641,37083,2024-12-23 00:00:00,A,364
20642,37085,2024-03-04 00:00:00,A,676
20643,37086,2026-04-30 00:00:00,A,1082
20644,37090,2025-08-03 00:00:00,A,836
20645,37091,2026-07-13 00:00:00,A,43
20646,37093,2024-07-23 00:00:00,A,483
20647,37094,2023-11-13 00:00:00,A,1106
20648,37095,2026-03-30 00:00:00,C,846
20649,37096,2023-10-31 00:00:00,A,266
20650,37098,2025-11-24 00:00:00,A,1027
20651,37099,2025-03-24 00:00:00,A,187
20652,37100,2026-07-11 00:00:00,A,856
20653,37101,2023-06-20 00:00:00,A,793
20654,37102,2025-10-20 00:00:00,A,224
20655,37103,2026-07-03 00:00:00,A,408
20656,37104,2024-01-11 00:00:00,A,174
20657,37105,2024-12-31 00:00:00,A,1171
20658,37106,2025-04-02 00:00:00,C,289
20659,37107,2025-06-01 00:00:00,C,161
20660,37108,2024-07-04 00:00:00,C,524
20661,37111,2024-08-31 00:00:00,C,6
20662,37113,2023-04-27 00:00:00,A,11
20663,37115,2023-02-07 00:00:00,A,601
20664,37119,2025-05-20 00:00:00,B,290
20665,37122,2026-05-20 00:00:00,A,740
20666,37123,2025-08-02 00:00:00,C,536
20667,37124,2026-04-15 00:00:00,A,566
20668,37125,2023-05-10 00:00:00,A,424
20669,37126,2026-02-09 00:00:00,A,563
20670,37127,2023-10-23 00:00:00,A,71
20671,37128,2024-05-09 00:00:00,A,1157
20672,37130,2026-06-08 00:00:00,B,1262
20673,37131,2023-05-14 00:00:00,A,575
20674,37133,2025-10-25 00:00:00,A,768
20675,37134,2023-06-30 00:00:00,C,105
20676,37137,2023-07-30 00:00:00,C,476
20677,37138,2024-06-12 00:00:00,A,791
20678,37139,2024-07-31 00:00:00,A,450
20679,37142,2024-05-28 00:00:00,B,341
20680,37143,2024-08-10 00:00:00,C,1161
20681,37145,2024-03-19 00:00:00,A,769
20682,37146,2024-08-07 00:00:00,A,966
20683,37148,2023-07-02 00:00:00,A,296
20684,37149,2023-12-23 00:00:00,A,117
20685,37151,2025-01-11 00:00:00,A,406
20686,37152,2023-08-09 00:00:00,A,843
20687,37153,2024-07-21 00:00:00,A,1093
20688,37157,2026-05-22 00:00:00,A,520
20689,37163,2023-06-24 00:00:00,C,1227
20690,37164,2026-04-29 00:00:00,A,741
20691,37165,2025-07-05 00:00:00,A,73
20692,37166,2023-08-12 00:00:00,B,632
20693,37167,2025-05-26 00:00:00,A,714
20694,37168,2024-07-27 00:00:00,A,969
20695,37169,2024-08-10 00:00:00,A,1281
20696,37170,2023-10-10 00:00:00,C,77
20697,37171,2026-07-10 00:00:00,A,801
20698,37173,2026-05-09 00:00:00,A,1068
20699,37177,2025-03-15 00:00:00,A,508
20700,37179,2025-02-07 00:00:00,C,302
20701,37182,2023-05-18 00:00:00,A,1262
20702,37183,2023-06-09 00:00:00,C,1140
20703,37185,2025-09-04 00:00:00,A,899
20704,37186,2026-07-13 00:00:00,C,871
20705,37187,2025-11-10 00:00:00,A,875
20706,37190,2025-03-21 00:00:00,A,1325
20707,37192,2026-07-13 00:00:00,C,615
20708,37196,2024-10-14 00:00:00,A,180
20709,37199,2024-07-09 00:00:00,A,1328
20710,37202,2024-09-30 00:00:00,A,433
20711,37206,2025-08-05 00:00:00,A,1112
20712,37208,2023-07-15 00:00:00,A,1061
20713,37211,2025-04-22 00:00:00,A,375
20714,37212,2024-10-27 00:00:00,A,1235
20715,37213,2025-12-10 00:00:00,B,955
20716,37214,2024-06-28 00:00:00,A,808
20717,37215,2023-10-27 00:00:00,C,434
20718,37216,2024-10-23 00:00:00,A,1024
20719,37218,2024-10-14 00:00:00,A,1172
20720,37219,2026-02-05 00:00:00,A,1142
20721,37223,2025-10-14 00:00:00,A,1273
20722,37224,2024-10-10 00:00:00,C,1085
20723,37225,2023-10-08 00:00:00,C,331
20724,37227,2026-03-18 00:00:00,A,1127
20725,37228,2024-10-31 00:00:00,C,617
20726,37230,2026-07-13 00:00:00,A,941
20727,37233,2026-02-22 00:00:00,A,1171
20728,37235,2025-02-25 00:00:00,A,1090
20729,37237,2026-01-31 00:00:00,A,623
20730,37239,2023-11-26 00:00:00,B,588
20731,37241,2026-07-13 00:00:00,C,1297
20732,37242,2025-05-14 00:00:00,A,224
20733,37243,2026-03-04 00:00:00,A,850
20734,37244,2023-09-06 00:00:00,C,776
20735,37245,2026-07-13 00:00:00,B,891
20736,37248,2026-01-03 00:00:00,A,180
20737,37249,2023-09-15 00:00:00,C,1164
20738,37250,2025-04-30 00:00:00,A,1235
20739,37251,2024-11-02 00:00:00,A,47
20740,37252,2026-06-06 00:00:00,A,807
20741,37253,2026-07-13 00:00:00,A,1108
20742,37254,2026-04-29 00:00:00,B,369
20743,37259,2023-06-22 00:00:00,A,993
20744,37260,2025-05-26 00:00:00,B,348
20745,37262,2023-12-09 00:00:00,A,1246
20746,37263,2025-04-16 00:00:00,B,315
20747,37266,2024-12-24 00:00:00,C,1268
20748,37268,2023-12-14 00:00:00,B,617
20749,37270,2025-01-14 00:00:00,C,1095
20750,37271,2023-08-14 00:00:00,B,937
20751,37273,2026-02-04 00:00:00,A,110
20752,37276,2026-03-18 00:00:00,A,1058
20753,37277,2023-11-26 00:00:00,A,825
20754,37278,2025-07-29 00:00:00,A,256
20755,37279,2025-01-18 00:00:00,A,826
20756,37281,2023-12-19 00:00:00,C,378
20757,37282,2024-10-03 00:00:00,A,337
20758,37283,2026-07-13 00:00:00,A,1053
20759,37285,2025-06-02 00:00:00,A,338
20760,37286,2026-06-08 00:00:00,A,1308
20761,37288,2025-07-01 00:00:00,A,339
20762,37291,2026-07-13 00:00:00,A,304
20763,37292,2026-07-13 00:00:00,A,230
20764,37293,2025-04-22 00:00:00,A,579
20765,37295,2023-09-26 00:00:00,A,1142
20766,37296,2025-06-12 00:00:00,C,889
20767,37298,2025-05-22 00:00:00,A,813
20768,37299,2025-03-23 00:00:00,A,951
20769,37300,2026-07-13 00:00:00,C,284
20770,37301,2023-06-14 00:00:00,A,1063
20771,37302,2026-03-29 00:00:00,A,1248
20772,37303,2025-05-10 00:00:00,B,147
20773,37304,2024-07-02 00:00:00,A,281
20774,37305,2023-08-02 00:00:00,A,931
20775,37307,2026-02-07 00:00:00,C,946
20776,37310,2026-07-13 00:00:00,A,1020
20777,37311,2024-05-06 00:00:00,A,539
20778,37317,2023-07-16 00:00:00,A,1284
20779,37318,2026-05-27 00:00:00,A,535
20780,37323,2026-01-09 00:00:00,C,590
20781,37324,2026-07-13 00:00:00,C,397
20782,37327,2023-06-19 00:00:00,A,1260
20783,37328,2023-12-08 00:00:00,A,320
20784,37329,2023-09-04 00:00:00,C,740
20785,37334,2026-07-13 00:00:00,A,335
20786,37335,2025-07-05 00:00:00,A,364
20787,37337,2023-09-17 00:00:00,A,983
20788,37338,2024-10-26 00:00:00,A,130
20789,37341,2023-06-03 00:00:00,A,260
20790,37342,2024-11-21 00:00:00,A,1175
20791,37343,2026-06-05 00:00:00,A,72
20792,37346,2025-07-11 00:00:00,A,942
20793,37349,2026-07-09 00:00:00,A,969
20794,37353,2024-02-04 00:00:00,C,666
20795,37354,2026-07-13 00:00:00,A,1094
20796,37355,2025-04-19 00:00:00,A,541
20797,37356,2025-12-30 00:00:00,A,64
20798,37359,2023-05-04 00:00:00,A,1231
20799,37362,2025-09-19 00:00:00,A,474
20800,37363,2026-05-18 00:00:00,A,793
20801,37364,2024-10-10 00:00:00,A,932
20802,37365,2024-11-01 00:00:00,A,301
20803,37366,2023-06-02 00:00:00,A,618
20804,37368,2025-08-18 00:00:00,A,1279
20805,37369,2023-12-09 00:00:00,C,171
20806,37370,2025-07-07 00:00:00,C,478
20807,37371,2026-02-13 00:00:00,C,533
20808,37373,2024-06-27 00:00:00,A,1259
20809,37375,2024-07-05 00:00:00,A,1046
20810,37376,2025-07-23 00:00:00,A,1305
20811,37378,2024-04-13 00:00:00,A,384
20812,37379,2026-07-13 00:00:00,A,1328
20813,37380,2025-01-07 00:00:00,A,992
20814,37383,2025-02-19 00:00:00,A,300
20815,37384,2025-09-10 00:00:00,C,424
20816,37385,2023-10-19 00:00:00,A,142
20817,37388,2023-07-10 00:00:00,A,189
20818,37389,2026-07-13 00:00:00,A,1221
20819,37392,2025-04-08 00:00:00,C,998
20820,37394,2023-07-18 00:00:00,A,704
20821,37396,2024-04-06 00:00:00,A,69
20822,37398,2025-11-25 00:00:00,A,613
20823,37399,2026-04-19 00:00:00,A,390
20824,37400,2025-02-05 00:00:00,A,495
20825,37402,2024-09-21 00:00:00,A,330
20826,37403,2026-04-21 00:00:00,A,653
20827,37404,2025-11-10 00:00:00,B,242
20828,37406,2023-12-09 00:00:00,A,496
20829,37407,2025-05-01 00:00:00,C,532
20830,37408,2023-05-09 00:00:00,B,296
20831,37410,2024-05-11 00:00:00,A,572
20832,37412,2026-02-10 00:00:00,A,481
20833,37413,2023-10-29 00:00:00,A,512
20834,37414,2024-05-19 00:00:00,A,221
20835,37417,2026-04-14 00:00:00,C,1324
20836,37421,2025-03-06 00:00:00,A,1065
20837,37422,2026-07-13 00:00:00,A,1160
20838,37425,2024-01-19 00:00:00,C,577
20839,37427,2026-01-17 00:00:00,A,185
20840,37428,2025-12-28 00:00:00,C,113
20841,37429,2025-06-25 00:00:00,A,448
20842,37430,2026-02-13 00:00:00,C,841
20843,37431,2023-07-15 00:00:00,B,370
20844,37434,2024-11-01 00:00:00,A,757
20845,37435,2025-04-30 00:00:00,A,1011
20846,37436,2025-12-05 00:00:00,A,494
20847,37437,2024-11-28 00:00:00,A,10
20848,37438,2025-04-17 00:00:00,C,619
20849,37439,2024-05-16 00:00:00,A,785
20850,37440,2024-05-19 00:00:00,A,1263
20851,37441,2025-02-12 00:00:00,A,1278
20852,37442,2025-06-02 00:00:00,A,43
20853,37443,2023-10-05 00:00:00,A,672
20854,37444,2024-04-23 00:00:00,A,314
20855,37446,2026-06-11 00:00:00,A,118
20856,37447,2026-07-13 00:00:00,A,842
20857,37449,2024-06-20 00:00:00,C,1153
20858,37450,2026-07-04 00:00:00,A,1049
20859,37453,2026-02-01 00:00:00,A,1026
20860,37454,2024-03-18 00:00:00,A,145
20861,37457,2026-01-03 00:00:00,A,370
20862,37458,2024-03-24 00:00:00,A,501
20863,37459,2024-04-08 00:00:00,B,767
20864,37461,2024-07-18 00:00:00,B,67
20865,37467,2023-09-01 00:00:00,A,1275
20866,37468,2025-12-29 00:00:00,A,8
20867,37470,2026-01-04 00:00:00,A,1101
20868,37471,2024-12-24 00:00:00,A,443
20869,37472,2024-11-18 00:00:00,A,1100
20870,37473,2024-10-27 00:00:00,C,656
20871,37476,2025-12-02 00:00:00,B,823
20872,37477,2025-10-11 00:00:00,A,494
20873,37480,2026-07-13 00:00:00,A,766
20874,37483,2024-06-02 00:00:00,A,572
20875,37484,2026-07-13 00:00:00,C,514
20876,37485,2026-03-24 00:00:00,A,584
20877,37486,2024-04-22 00:00:00,C,676
20878,37489,2024-12-29 00:00:00,A,1118
20879,37490,2024-03-23 00:00:00,A,446
20880,37491,2023-08-16 00:00:00,A,807
20881,37492,2024-12-22 00:00:00,A,285
20882,37495,2026-07-13 00:00:00,A,37
20883,37496,2025-12-06 00:00:00,A,1324
20884,37498,2023-07-29 00:00:00,A,339
20885,37500,2024-01-31 00:00:00,A,349
20886,37501,2026-07-13 00:00:00,A,825
20887,37504,2023-11-23 00:00:00,A,201
20888,37505,2024-02-28 00:00:00,A,431
20889,37506,2025-11-09 00:00:00,A,336
20890,37507,2026-03-09 00:00:00,A,216
20891,37509,2024-05-04 00:00:00,A,2
20892,37510,2024-02-06 00:00:00,B,829
20893,37511,2025-05-17 00:00:00,A,1077
20894,37513,2023-06-08 00:00:00,A,465
20895,37515,2023-06-08 00:00:00,A,674
20896,37517,2024-07-25 00:00:00,A,189
20897,37518,2023-12-09 00:00:00,C,1176
20898,37520,2026-01-01 00:00:00,C,138
20899,37522,2026-04-18 00:00:00,C,741
20900,37524,2026-07-13 00:00:00,A,1310
20901,37528,2025-11-18 00:00:00,C,406
20902,37530,2026-07-13 00:00:00,A,568
20903,37532,2024-11-06 00:00:00,A,851
20904,37533,2024-02-23 00:00:00,A,1329
20905,37536,2024-03-09 00:00:00,A,1018
20906,37537,2026-07-13 00:00:00,A,1234
20907,37539,2023-07-23 00:00:00,A,361
20908,37540,2026-07-13 00:00:00,C,1023
20909,37541,2025-04-12 00:00:00,A,1120
20910,37543,2025-09-04 00:00:00,A,414
20911,37544,2023-06-13 00:00:00,A,1172
20912,37547,2025-01-01 00:00:00,B,783
20913,37549,2025-01-19 00:00:00,A,65
20914,37550,2026-01-27 00:00:00,A,1302
20915,37551,2024-10-28 00:00:00,A,889
20916,37552,2023-07-18 00:00:00,A,692
20917,37554,2025-05-20 00:00:00,C,1105
20918,37556,2023-08-14 00:00:00,A,1169
20919,37559,2024-02-04 00:00:00,A,1103
20920,37560,2025-06-01 00:00:00,A,1170
20921,37562,2025-07-01 00:00:00,A,1050
20922,37565,2025-01-10 00:00:00,A,1162
20923,37568,2026-06-25 00:00:00,A,88
20924,37570,2025-06-23 00:00:00,A,667
20925,37572,2025-05-10 00:00:00,B,565
20926,37573,2025-11-13 00:00:00,A,515
20927,37574,2023-08-13 00:00:00,A,1051
20928,37576,2026-07-13 00:00:00,B,101
20929,37577,2026-07-13 00:00:00,C,165
20930,37578,2026-02-03 00:00:00,A,1222
20931,37579,2026-01-19 00:00:00,A,714
20932,37581,2025-03-13 00:00:00,A,551
20933,37585,2024-03-17 00:00:00,A,380
20934,37586,2025-03-02 00:00:00,C,357
20935,37589,2024-03-30 00:00:00,C,671
20936,37593,2025-07-26 00:00:00,A,1111
20937,37595,2024-06-01 00:00:00,A,437
20938,37597,2025-12-08 00:00:00,A,523
20939,37598,2025-05-17 00:00:00,A,1014
20940,37599,2025-10-08 00:00:00,A,14
20941,37600,2025-12-16 00:00:00,C,500
20942,37601,2025-09-20 00:00:00,A,169
20943,37602,2026-07-13 00:00:00,C,55
20944,37603,2026-02-06 00:00:00,A,963
20945,37605,2026-07-13 00:00:00,A,1080
20946,37607,2025-05-31 00:00:00,C,193
20947,37609,2026-05-12 00:00:00,A,1255
20948,37610,2024-04-11 00:00:00,C,140
20949,37611,2024-02-02 00:00:00,A,210
20950,37612,2024-10-03 00:00:00,A,696
20951,37614,2023-09-16 00:00:00,A,1175
20952,37615,2026-07-13 00:00:00,B,1088
20953,37617,2026-03-07 00:00:00,A,178
20954,37621,2023-10-19 00:00:00,B,915
20955,37622,2023-04-15 00:00:00,B,86
20956,37623,2024-10-23 00:00:00,C,92
20957,37624,2024-04-02 00:00:00,A,414
20958,37625,2025-01-01 00:00:00,A,149
20959,37626,2025-03-01 00:00:00,C,1221
20960,37628,2024-07-29 00:00:00,B,1128
20961,37629,2023-08-30 00:00:00,A,998
20962,37631,2026-07-13 00:00:00,B,939
20963,37632,2025-04-03 00:00:00,A,113
20964,37633,2026-04-04 00:00:00,A,153
20965,37634,2024-06-24 00:00:00,A,535
20966,37635,2026-07-13 00:00:00,A,1315
20967,37636,2026-01-21 00:00:00,A,1252
20968,37642,2025-06-25 00:00:00,A,425
20969,37644,2025-08-20 00:00:00,C,658
20970,37645,2026-05-07 00:00:00,A,421
20971,37648,2024-07-20 00:00:00,A,1089
20972,37650,2024-08-06 00:00:00,A,1323
20973,37653,2025-06-09 00:00:00,B,1177
20974,37655,2026-04-27 00:00:00,A,658
20975,37657,2026-02-08 00:00:00,A,523
20976,37658,2025-03-24 00:00:00,A,788
20977,37659,2026-07-04 00:00:00,A,1158
20978,37660,2024-09-14 00:00:00,A,1063
20979,37661,2026-07-12 00:00:00,A,1173
20980,37662,2026-07-13 00:00:00,A,1290
20981,37664,2024-06-26 00:00:00,A,636
20982,37666,2023-12-19 00:00:00,A,1196
20983,37668,2026-07-13 00:00:00,B,1158
20984,37669,2026-07-13 00:00:00,B,1151
20985,37670,2025-03-22 00:00:00,C,992
20986,37674,2025-08-13 00:00:00,C,564
20987,37675,2023-09-13 00:00:00,A,72
20988,37678,2024-05-08 00:00:00,A,903
20989,37679,2026-07-13 00:00:00,A,230
20990,37680,2024-05-04 00:00:00,A,540
20991,37683,2024-12-28 00:00:00,A,1145
20992,37684,2026-02-15 00:00:00,A,460
20993,37685,2026-07-13 00:00:00,A,209
20994,37688,2026-02-06 00:00:00,B,487
20995,37693,2025-09-12 00:00:00,A,1054
20996,37696,2024-03-19 00:00:00,A,365
20997,37697,2025-01-12 00:00:00,A,391
20998,37698,2026-07-13 00:00:00,C,250
20999,37699,2026-05-08 00:00:00,A,395
21000,37700,2026-04-19 00:00:00,C,425
21001,37701,2026-01-12 00:00:00,A,394
21002,37702,2023-10-13 00:00:00,A,1259
21003,37704,2024-10-07 00:00:00,A,707
21004,37705,2026-07-01 00:00:00,A,407
21005,37706,2025-10-15 00:00:00,C,636
21006,37709,2024-02-01 00:00:00,A,803
21007,37711,2026-01-07 00:00:00,C,388
21008,37714,2024-06-05 00:00:00,A,929
21009,37715,2024-09-13 00:00:00,A,688
21010,37716,2025-08-05 00:00:00,A,1129
21011,37717,2025-01-10 00:00:00,A,296
21012,37718,2026-07-13 00:00:00,A,1073
21013,37719,2023-12-15 00:00:00,A,435
21014,37720,2025-01-21 00:00:00,A,195
21015,37721,2026-05-29 00:00:00,C,877
21016,37724,2026-04-17 00:00:00,A,647
21017,37728,2023-05-31 00:00:00,B,795
21018,37729,2026-07-12 00:00:00,A,622
21019,37731,2023-11-26 00:00:00,C,26
21020,37733,2025-01-26 00:00:00,C,1144
21021,37734,2023-12-23 00:00:00,C,314
21022,37735,2024-05-02 00:00:00,A,324
21023,37736,2026-07-13 00:00:00,A,1105
21024,37738,2026-07-13 00:00:00,A,783
21025,37740,2024-02-02 00:00:00,C,69
21026,37741,2026-01-15 00:00:00,A,457
21027,37742,2024-10-03 00:00:00,A,960
21028,37744,2025-04-29 00:00:00,A,922
21029,37745,2024-01-24 00:00:00,A,270
21030,37747,2026-06-15 00:00:00,C,1129
21031,37751,2025-03-01 00:00:00,A,1080
21032,37752,2024-01-27 00:00:00,A,571
21033,37754,2025-01-06 00:00:00,A,876
21034,37755,2026-05-24 00:00:00,C,1216
21035,37762,2026-07-13 00:00:00,A,151
21036,37765,2023-12-22 00:00:00,C,359
21037,37766,2025-03-19 00:00:00,A,419
21038,37767,2026-01-10 00:00:00,C,675
21039,37768,2026-03-27 00:00:00,A,605
21040,37769,2024-12-10 00:00:00,A,359
21041,37770,2026-07-13 00:00:00,A,721
21042,37773,2026-04-29 00:00:00,A,1242
21043,37774,2025-01-28 00:00:00,A,66
21044,37779,2024-12-08 00:00:00,C,657
21045,37780,2024-11-05 00:00:00,A,376
21046,37781,2023-08-07 00:00:00,A,1325
21047,37783,2026-07-13 00:00:00,C,950
21048,37785,2025-08-05 00:00:00,A,1299
21049,37787,2023-12-26 00:00:00,C,640
21050,37788,2024-06-01 00:00:00,A,431
21051,37790,2023-10-05 00:00:00,A,1326
21052,37791,2025-05-01 00:00:00,C,959
21053,37792,2024-11-16 00:00:00,A,494
21054,37793,2023-10-24 00:00:00,B,408
21055,37794,2024-04-21 00:00:00,A,769
21056,37796,2025-08-08 00:00:00,A,1196
21057,37797,2026-04-16 00:00:00,A,680
21058,37798,2026-07-13 00:00:00,A,1269
21059,37799,2023-11-09 00:00:00,A,894
21060,37802,2024-01-13 00:00:00,A,356
21061,37804,2024-10-10 00:00:00,A,470
21062,37805,2023-07-27 00:00:00,A,372
21063,37806,2025-08-08 00:00:00,A,455
21064,37807,2025-11-09 00:00:00,A,247
21065,37808,2025-05-21 00:00:00,A,438
21066,37809,2023-09-22 00:00:00,A,371
21067,37810,2023-04-08 00:00:00,A,207
21068,37812,2024-10-27 00:00:00,C,976
21069,37813,2025-09-04 00:00:00,A,901
21070,37814,2026-07-13 00:00:00,C,158
21071,37816,2024-04-14 00:00:00,A,936
21072,37817,2025-03-20 00:00:00,B,796
21073,37818,2026-07-13 00:00:00,A,780
21074,37821,2024-04-19 00:00:00,A,820
21075,37825,2023-05-03 00:00:00,A,1288
21076,37826,2025-01-01 00:00:00,A,984
21077,37830,2026-07-13 00:00:00,A,322
21078,37831,2026-07-13 00:00:00,A,85
21079,37834,2026-07-13 00:00:00,A,20
21080,37835,2025-12-22 00:00:00,A,454
21081,37836,2026-05-15 00:00:00,A,61
21082,37841,2023-06-30 00:00:00,A,133
21083,37842,2026-07-13 00:00:00,C,456
21084,37843,2025-07-03 00:00:00,A,1217
21085,37844,2026-07-13 00:00:00,A,956
21086,37845,2024-12-02 00:00:00,A,427
21087,37846,2024-05-03 00:00:00,C,1001
21088,37847,2026-05-17 00:00:00,A,760
21089,37849,2025-06-17 00:00:00,C,1010
21090,37851,2024-06-06 00:00:00,A,956
21091,37852,2024-01-31 00:00:00,A,1214
21092,37854,2025-09-10 00:00:00,C,248
21093,37857,2025-06-06 00:00:00,A,1142
21094,37859,2025-07-07 00:00:00,A,655
21095,37861,2026-05-15 00:00:00,A,50
21096,37862,2024-10-13 00:00:00,A,1027
21097,37865,2025-11-02 00:00:00,C,1326
21098,37866,2024-12-30 00:00:00,A,1025
21099,37868,2023-04-15 00:00:00,A,676
21100,37869,2026-06-08 00:00:00,A,124
21101,37871,2024-07-26 00:00:00,C,321
21102,37874,2026-02-22 00:00:00,A,1097
21103,37877,2024-03-24 00:00:00,A,796
21104,37880,2025-07-16 00:00:00,A,626
21105,37881,2026-03-12 00:00:00,A,952
21106,37882,2024-08-22 00:00:00,C,1276
21107,37884,2025-09-05 00:00:00,C,756
21108,37885,2025-04-26 00:00:00,A,965
21109,37888,2026-07-13 00:00:00,A,1016
21110,37892,2026-02-15 00:00:00,C,1165
21111,37895,2026-03-06 00:00:00,A,549
21112,37896,2025-11-25 00:00:00,A,182
21113,37898,2023-11-10 00:00:00,A,60
21114,37900,2026-02-23 00:00:00,A,479
21115,37902,2024-04-10 00:00:00,A,227
21116,37903,2024-06-02 00:00:00,A,666
21117,37905,2023-08-29 00:00:00,A,272
21118,37907,2025-12-12 00:00:00,A,545
21119,37908,2026-02-17 00:00:00,A,1187
21120,37912,2025-12-16 00:00:00,A,843
21121,37913,2026-07-13 00:00:00,B,804
21122,37914,2025-05-16 00:00:00,B,989
21123,37915,2023-09-18 00:00:00,A,1079
21124,37919,2026-01-04 00:00:00,A,902
21125,37922,2023-08-13 00:00:00,C,297
21126,37925,2023-10-15 00:00:00,A,491
21127,37927,2025-09-10 00:00:00,C,346
21128,37928,2025-02-05 00:00:00,A,415
21129,37929,2024-05-31 00:00:00,A,972
21130,37930,2024-02-20 00:00:00,A,480
21131,37934,2024-01-25 00:00:00,C,187
21132,37935,2026-07-13 00:00:00,A,1030
21133,37937,2026-05-20 00:00:00,C,938
21134,37938,2026-07-13 00:00:00,C,932
21135,37939,2026-07-13 00:00:00,A,1254
21136,37943,2025-12-12 00:00:00,A,1206
21137,37944,2026-07-03 00:00:00,A,359
21138,37946,2025-07-23 00:00:00,C,1068
21139,37948,2026-07-11 00:00:00,A,696
21140,37950,2024-07-09 00:00:00,A,66
21141,37951,2026-05-15 00:00:00,A,10
21142,37952,2024-10-23 00:00:00,A,14
21143,37953,2025-08-28 00:00:00,A,756
21144,37954,2023-10-19 00:00:00,B,696
21145,37957,2026-07-13 00:00:00,A,137
21146,37958,2025-01-01 00:00:00,A,781
21147,37959,2025-12-19 00:00:00,A,556
21148,37960,2026-07-13 00:00:00,C,732
21149,37962,2025-03-16 00:00:00,C,358
21150,37963,2023-06-13 00:00:00,A,897
21151,37966,2023-03-16 00:00:00,A,679
21152,37967,2026-06-07 00:00:00,A,522
21153,37971,2023-08-05 00:00:00,A,481
21154,37972,2026-02-08 00:00:00,A,1297
21155,37974,2024-03-17 00:00:00,A,116
21156,37975,2024-11-02 00:00:00,B,907
21157,37976,2025-02-21 00:00:00,A,688
21158,37977,2023-12-16 00:00:00,A,93
21159,37979,2025-04-26 00:00:00,C,606
21160,37980,2025-07-22 00:00:00,B,738
21161,37981,2024-07-14 00:00:00,C,1054
21162,37982,2024-06-23 00:00:00,C,1306
21163,37983,2026-01-14 00:00:00,A,975
21164,37985,2025-07-10 00:00:00,C,1284
21165,37986,2023-08-23 00:00:00,C,826
21166,37987,2025-10-30 00:00:00,C,445
21167,37990,2025-05-06 00:00:00,A,1302
21168,37991,2026-06-15 00:00:00,A,708
21169,37992,2026-07-13 00:00:00,C,482
21170,37993,2023-08-14 00:00:00,A,115
21171,37994,2024-10-09 00:00:00,B,1
21172,37995,2024-10-03 00:00:00,A,1022
21173,37996,2026-06-09 00:00:00,A,368
21174,37997,2023-12-23 00:00:00,C,175
21175,38001,2023-06-21 00:00:00,B,893
21176,38003,2025-10-20 00:00:00,A,580
21177,38004,2024-06-07 00:00:00,A,302
21178,38005,2025-11-12 00:00:00,A,1300
21179,38006,2023-12-26 00:00:00,A,477
21180,38007,2024-10-17 00:00:00,A,1124
21181,38008,2024-01-13 00:00:00,A,1249
21182,38009,2024-01-10 00:00:00,A,919
21183,38012,2026-07-13 00:00:00,A,166
21184,38013,2023-07-23 00:00:00,A,576
21185,38017,2024-08-24 00:00:00,B,345
21186,38018,2026-04-26 00:00:00,C,733
21187,38019,2026-06-27 00:00:00,C,326
21188,38020,2025-08-22 00:00:00,B,159
21189,38021,2024-04-18 00:00:00,C,1009
21190,38022,2025-09-27 00:00:00,A,438
21191,38023,2026-03-11 00:00:00,A,877
21192,38024,2024-10-08 00:00:00,A,1027
21193,38025,2023-06-26 00:00:00,A,1205
21194,38026,2024-12-09 00:00:00,A,511
21195,38027,2024-08-15 00:00:00,A,1212
21196,38028,2023-07-23 00:00:00,A,468
21197,38034,2024-08-25 00:00:00,A,283
21198,38036,2025-12-18 00:00:00,A,829
21199,38037,2024-08-07 00:00:00,A,970
21200,38039,2024-06-12 00:00:00,A,718
21201,38040,2025-07-18 00:00:00,C,786
21202,38042,2025-05-21 00:00:00,A,1166
21203,38043,2024-05-10 00:00:00,A,933
21204,38045,2026-07-13 00:00:00,A,866
21205,38046,2025-08-02 00:00:00,A,1272
21206,38051,2026-05-23 00:00:00,A,1028
21207,38057,2023-06-09 00:00:00,A,1056
21208,38058,2025-02-13 00:00:00,B,270
21209,38059,2024-08-23 00:00:00,A,1099
21210,38060,2023-10-03 00:00:00,A,186
21211,38061,2025-09-20 00:00:00,A,495
21212,38064,2023-10-04 00:00:00,A,1123
21213,38066,2023-10-04 00:00:00,A,737
21214,38068,2024-03-02 00:00:00,A,217
21215,38069,2026-07-03 00:00:00,C,1129
21216,38071,2024-05-26 00:00:00,C,185
21217,38074,2023-08-29 00:00:00,B,727
21218,38075,2024-07-25 00:00:00,A,43
21219,38081,2025-07-23 00:00:00,B,454
21220,38082,2023-07-09 00:00:00,C,806
21221,38083,2024-12-18 00:00:00,A,896
21222,38084,2026-06-14 00:00:00,A,178
21223,38086,2026-07-13 00:00:00,B,1122
21224,38087,2025-02-18 00:00:00,A,912
21225,38088,2026-07-13 00:00:00,A,182
21226,38091,2026-04-02 00:00:00,A,1221
21227,38094,2026-02-05 00:00:00,A,282
21228,38095,2024-09-05 00:00:00,C,291
21229,38097,2025-11-22 00:00:00,B,1281
21230,38100,2025-08-30 00:00:00,B,533
21231,38103,2026-07-13 00:00:00,C,1229
21232,38104,2026-04-03 00:00:00,C,192
21233,38105,2025-02-26 00:00:00,C,335
21234,38107,2025-06-04 00:00:00,A,503
21235,38108,2025-07-14 00:00:00,C,733
21236,38111,2025-01-18 00:00:00,A,865
21237,38112,2024-07-12 00:00:00,B,58
21238,38113,2026-07-13 00:00:00,A,96
21239,38116,2024-12-08 00:00:00,A,1265
21240,38117,2023-12-18 00:00:00,C,246
21241,38118,2024-03-21 00:00:00,A,755
21242,38122,2024-04-08 00:00:00,A,1187
21243,38123,2024-06-17 00:00:00,C,257
21244,38126,2023-12-15 00:00:00,B,828
21245,38127,2024-08-23 00:00:00,C,327
21246,38132,2023-11-29 00:00:00,C,396
21247,38134,2026-01-06 00:00:00,A,20
21248,38136,2026-05-07 00:00:00,A,966
21249,38137,2025-06-06 00:00:00,A,1268
21250,38138,2026-06-18 00:00:00,A,1089
21251,38139,2024-04-02 00:00:00,A,755
21252,38141,2023-08-30 00:00:00,B,165
21253,38142,2025-08-31 00:00:00,A,653
21254,38144,2025-11-30 00:00:00,A,1203
21255,38145,2024-05-27 00:00:00,A,924
21256,38147,2023-11-28 00:00:00,A,967
21257,38149,2026-07-13 00:00:00,A,632
21258,38151,2024-09-15 00:00:00,A,71
21259,38153,2024-08-21 00:00:00,A,114
21260,38157,2025-12-10 00:00:00,C,1299
21261,38158,2026-03-16 00:00:00,A,675
21262,38160,2024-05-16 00:00:00,A,25
21263,38161,2024-04-29 00:00:00,A,775
21264,38162,2024-09-18 00:00:00,A,1315
21265,38163,2025-01-02 00:00:00,A,545
21266,38165,2026-07-11 00:00:00,A,996
21267,38166,2024-08-22 00:00:00,C,452
21268,38167,2026-06-18 00:00:00,A,556
21269,38169,2025-10-30 00:00:00,C,696
21270,38170,2024-04-19 00:00:00,C,1201
21271,38172,2024-01-16 00:00:00,A,905
21272,38173,2025-08-01 00:00:00,B,872
21273,38174,2024-01-20 00:00:00,A,244
21274,38175,2026-07-13 00:00:00,A,252
21275,38176,2026-07-13 00:00:00,B,1041
21276,38178,2023-10-06 00:00:00,A,581
21277,38179,2024-02-29 00:00:00,A,49
21278,38180,2025-07-01 00:00:00,A,330
21279,38183,2026-07-13 00:00:00,C,992
21280,38184,2025-09-20 00:00:00,A,821
21281,38186,2026-03-20 00:00:00,A,508
21282,38187,2025-05-29 00:00:00,C,968
21283,38189,2024-01-22 00:00:00,A,602
21284,38191,2023-04-25 00:00:00,C,372
21285,38192,2025-12-31 00:00:00,C,1329
21286,38193,2025-08-18 00:00:00,A,563
21287,38194,2024-07-27 00:00:00,A,1285
21288,38196,2026-07-13 00:00:00,A,126
21289,38197,2026-07-13 00:00:00,C,210
21290,38198,2024-04-08 00:00:00,A,849
21291,38200,2025-10-26 00:00:00,A,693
21292,38202,2024-12-07 00:00:00,A,748
21293,38204,2026-03-10 00:00:00,B,564
21294,38205,2024-07-02 00:00:00,A,92
21295,38207,2026-06-07 00:00:00,C,166
21296,38208,2023-10-25 00:00:00,A,1158
21297,38209,2025-11-03 00:00:00,A,617
21298,38210,2025-05-14 00:00:00,A,158
21299,38211,2026-07-01 00:00:00,A,308
21300,38212,2023-11-25 00:00:00,A,393
21301,38217,2026-04-11 00:00:00,A,1125
21302,38218,2024-04-02 00:00:00,C,697
21303,38219,2025-07-22 00:00:00,A,600
21304,38220,2025-06-18 00:00:00,A,635
21305,38222,2025-05-10 00:00:00,A,2
21306,38223,2025-04-12 00:00:00,A,232
21307,38224,2024-01-24 00:00:00,A,379
21308,38225,2025-04-19 00:00:00,A,698
21309,38227,2024-10-27 00:00:00,A,858
21310,38228,2026-07-13 00:00:00,C,298
21311,38235,2026-07-13 00:00:00,A,1021
21312,38238,2024-05-04 00:00:00,C,73
21313,38239,2024-02-20 00:00:00,A,864
21314,38240,2024-09-15 00:00:00,C,48
21315,38241,2024-12-13 00:00:00,A,30
21316,38242,2026-07-10 00:00:00,A,165
21317,38245,2025-06-29 00:00:00,A,1279
21318,38246,2025-09-05 00:00:00,C,653
21319,38247,2024-09-17 00:00:00,A,396
21320,38248,2025-09-18 00:00:00,A,961
21321,38249,2023-05-14 00:00:00,A,91
21322,38251,2026-07-03 00:00:00,C,811
21323,38252,2023-09-09 00:00:00,A,206
21324,38253,2024-04-05 00:00:00,C,664
21325,38255,2023-05-27 00:00:00,C,158
21326,38259,2024-12-13 00:00:00,C,525
21327,38260,2026-07-13 00:00:00,A,930
21328,38261,2025-10-24 00:00:00,C,189
21329,38262,2025-07-23 00:00:00,C,93
21330,38264,2024-07-16 00:00:00,A,433
21331,38266,2024-10-21 00:00:00,A,242
21332,38268,2024-06-01 00:00:00,A,719
21333,38270,2024-04-22 00:00:00,C,725
21334,38273,2025-10-14 00:00:00,C,280
21335,38274,2024-02-08 00:00:00,B,1007
21336,38277,2026-07-13 00:00:00,A,563
21337,38279,2025-01-26 00:00:00,A,1064
21338,38282,2026-04-16 00:00:00,A,141
21339,38285,2024-10-15 00:00:00,C,1003
21340,38287,2025-10-22 00:00:00,A,218
21341,38290,2026-07-13 00:00:00,C,924
21342,38291,2026-07-13 00:00:00,A,841
21343,38292,2026-07-13 00:00:00,A,634
21344,38294,2025-05-25 00:00:00,C,716
21345,38295,2026-07-13 00:00:00,C,191
21346,38296,2024-11-01 00:00:00,A,538
21347,38299,2024-06-04 00:00:00,A,898
21348,38300,2026-07-13 00:00:00,C,701
21349,38302,2025-10-24 00:00:00,A,284
21350,38303,2024-06-19 00:00:00,C,405
21351,38306,2025-01-20 00:00:00,A,1018
21352,38308,2023-06-04 00:00:00,A,581
21353,38309,2026-01-18 00:00:00,A,801
21354,38310,2026-07-13 00:00:00,A,792
21355,38311,2026-07-13 00:00:00,A,196
21356,38312,2023-12-03 00:00:00,A,85
21357,38313,2025-03-27 00:00:00,A,696
21358,38314,2026-05-16 00:00:00,A,565
21359,38315,2024-05-25 00:00:00,A,946
21360,38321,2024-02-04 00:00:00,A,717
21361,38323,2024-12-22 00:00:00,A,1332
21362,38324,2024-07-12 00:00:00,C,886
21363,38326,2024-07-03 00:00:00,B,394
21364,38327,2026-05-03 00:00:00,A,308
21365,38328,2023-12-27 00:00:00,B,656
21366,38330,2025-10-01 00:00:00,A,1134
21367,38332,2025-07-18 00:00:00,A,753
21368,38333,2023-11-09 00:00:00,A,413
21369,38334,2024-06-13 00:00:00,A,416
21370,38336,2025-06-21 00:00:00,B,1010
21371,38338,2026-02-11 00:00:00,A,561
21372,38339,2025-04-18 00:00:00,A,797
21373,38341,2024-11-26 00:00:00,C,869
21374,38342,2025-05-22 00:00:00,A,994
21375,38346,2026-07-13 00:00:00,A,405
21376,38347,2023-12-26 00:00:00,A,323
21377,38348,2024-10-27 00:00:00,A,410
21378,38349,2026-01-29 00:00:00,A,561
21379,38350,2025-10-23 00:00:00,A,473
21380,38351,2024-05-02 00:00:00,A,124
21381,38352,2025-12-15 00:00:00,A,215
21382,38353,2023-06-02 00:00:00,B,504
21383,38354,2024-08-29 00:00:00,A,632
21384,38356,2025-08-09 00:00:00,C,281
21385,38357,2025-02-26 00:00:00,A,811
21386,38358,2026-07-13 00:00:00,A,37
21387,38359,2025-01-16 00:00:00,A,100
21388,38363,2024-04-10 00:00:00,B,680
21389,38365,2024-03-17 00:00:00,C,445
21390,38366,2024-10-17 00:00:00,A,1277
21391,38368,2026-07-13 00:00:00,A,292
21392,38369,2026-06-22 00:00:00,A,768
21393,38370,2025-02-04 00:00:00,A,1328
21394,38372,2024-12-19 00:00:00,C,1301
21395,38373,2025-08-11 00:00:00,C,785
21396,38376,2025-12-02 00:00:00,A,541
21397,38377,2025-06-26 00:00:00,C,637
21398,38378,2026-02-08 00:00:00,A,171
21399,38379,2026-05-01 00:00:00,C,1001
21400,38381,2023-02-26 00:00:00,A,484
21401,38384,2026-07-13 00:00:00,C,967
21402,38385,2024-12-18 00:00:00,A,1211
21403,38388,2025-06-30 00:00:00,A,541
21404,38390,2023-07-27 00:00:00,A,664
21405,38391,2024-10-31 00:00:00,A,517
21406,38393,2025-01-10 00:00:00,A,277
21407,38396,2024-06-18 00:00:00,A,580
21408,38397,2024-09-01 00:00:00,A,159
21409,38399,2023-05-23 00:00:00,A,1005
21410,38400,2024-12-15 00:00:00,A,1317
21411,38405,2025-09-07 00:00:00,A,290
21412,38407,2023-09-08 00:00:00,A,273
21413,38408,2025-04-08 00:00:00,A,1252
21414,38409,2023-09-30 00:00:00,A,1075
21415,38411,2026-07-13 00:00:00,A,214
21416,38413,2025-03-25 00:00:00,B,69
21417,38414,2024-01-29 00:00:00,A,240
21418,38415,2023-12-20 00:00:00,C,1181
21419,38416,2023-12-06 00:00:00,A,619
21420,38420,2024-06-08 00:00:00,C,413
21421,38424,2023-10-26 00:00:00,C,108
21422,38425,2023-10-08 00:00:00,A,1319
21423,38427,2023-10-22 00:00:00,A,434
21424,38428,2026-07-13 00:00:00,A,294
21425,38429,2024-08-15 00:00:00,A,34
21426,38430,2024-06-06 00:00:00,A,347
21427,38432,2025-10-17 00:00:00,A,592
21428,38434,2024-10-30 00:00:00,A,493
21429,38435,2024-04-09 00:00:00,A,557
21430,38436,2025-09-23 00:00:00,A,185
21431,38438,2024-02-04 00:00:00,B,1327
21432,38439,2025-08-15 00:00:00,A,475
21433,38440,2023-12-01 00:00:00,A,1314
21434,38445,2024-02-25 00:00:00,A,560
21435,38448,2025-02-05 00:00:00,A,100
21436,38449,2025-03-01 00:00:00,A,1301
21437,38450,2025-02-13 00:00:00,A,349
21438,38451,2025-10-23 00:00:00,C,343
21439,38457,2023-03-23 00:00:00,A,1080
21440,38459,2025-11-29 00:00:00,A,687
21441,38460,2024-04-09 00:00:00,A,116
21442,38461,2026-07-13 00:00:00,B,813
21443,38463,2024-05-17 00:00:00,A,500
21444,38464,2026-03-25 00:00:00,A,1237
21445,38465,2026-06-17 00:00:00,A,1088
21446,38466,2024-04-20 00:00:00,B,733
21447,38468,2026-01-24 00:00:00,A,233
21448,38470,2025-06-07 00:00:00,A,533
21449,38471,2025-05-06 00:00:00,A,560
21450,38472,2026-05-23 00:00:00,A,80
21451,38474,2025-10-30 00:00:00,A,368
21452,38477,2026-01-07 00:00:00,C,38
21453,38478,2023-12-14 00:00:00,A,629
21454,38479,2026-06-26 00:00:00,A,734
21455,38481,2025-04-21 00:00:00,B,630
21456,38482,2024-02-10 00:00:00,C,933
21457,38483,2025-12-04 00:00:00,A,605
21458,38484,2025-05-29 00:00:00,B,657
21459,38486,2025-12-08 00:00:00,C,1285
21460,38487,2026-07-13 00:00:00,A,688
21461,38489,2025-03-22 00:00:00,A,739
21462,38491,2023-11-02 00:00:00,A,95
21463,38492,2023-05-10 00:00:00,A,903
21464,38493,2023-11-11 00:00:00,B,320
21465,38494,2024-05-03 00:00:00,A,824
21466,38495,2026-07-09 00:00:00,C,1125
21467,38498,2026-02-27 00:00:00,C,530
21468,38499,2024-06-13 00:00:00,A,797
21469,38500,2024-10-29 00:00:00,C,843
21470,38501,2025-01-18 00:00:00,A,475
21471,38502,2026-04-01 00:00:00,A,9
21472,38504,2024-01-26 00:00:00,A,240
21473,38506,2025-02-27 00:00:00,A,812
21474,38510,2026-05-17 00:00:00,C,296
21475,38511,2026-05-13 00:00:00,A,361
21476,38517,2023-09-12 00:00:00,A,1082
21477,38519,2025-07-24 00:00:00,A,165
21478,38520,2023-10-21 00:00:00,A,717
21479,38523,2023-03-21 00:00:00,A,1292
21480,38524,2025-10-08 00:00:00,B,19
21481,38526,2026-02-18 00:00:00,A,864
21482,38527,2025-07-28 00:00:00,A,1041
21483,38528,2026-06-29 00:00:00,A,256
21484,38529,2023-07-24 00:00:00,A,7
21485,38530,2025-01-14 00:00:00,A,688
21486,38531,2025-03-30 00:00:00,A,827
21487,38532,2024-05-18 00:00:00,A,632
21488,38533,2025-10-04 00:00:00,A,854
21489,38534,2024-10-20 00:00:00,C,403
21490,38537,2026-01-19 00:00:00,A,165
21491,38540,2023-11-07 00:00:00,A,706
21492,38541,2023-12-24 00:00:00,C,52
21493,38542,2024-02-24 00:00:00,A,1212
21494,38543,2025-10-09 00:00:00,A,909
21495,38544,2025-03-23 00:00:00,A,243
21496,38546,2026-07-06 00:00:00,B,881
21497,38547,2025-08-31 00:00:00,A,531
21498,38549,2024-11-12 00:00:00,C,1275
21499,38550,2026-07-13 00:00:00,A,1017
21500,38551,2023-06-11 00:00:00,A,392
21501,38552,2024-10-02 00:00:00,B,1151
21502,38553,2024-06-10 00:00:00,A,22
21503,38554,2025-04-24 00:00:00,A,636
21504,38555,2026-07-13 00:00:00,C,286
21505,38556,2025-06-07 00:00:00,A,431
21506,38557,2024-02-25 00:00:00,C,197
21507,38558,2024-04-25 00:00:00,B,119
21508,38559,2025-04-24 00:00:00,A,1281
21509,38560,2025-10-17 00:00:00,A,1285
21510,38561,2026-03-20 00:00:00,A,1332
21511,38562,2024-05-08 00:00:00,A,886
21512,38563,2024-02-19 00:00:00,B,264
21513,38564,2024-05-09 00:00:00,B,388
21514,38565,2024-06-26 00:00:00,C,450
21515,38567,2024-03-20 00:00:00,A,611
21516,38568,2026-07-13 00:00:00,A,803
21517,38570,2025-03-20 00:00:00,C,738
21518,38572,2024-01-07 00:00:00,A,719
21519,38573,2023-09-16 00:00:00,A,710
21520,38574,2026-05-06 00:00:00,B,53
21521,38575,2025-01-19 00:00:00,C,200
21522,38578,2024-11-10 00:00:00,A,487
21523,38584,2024-05-22 00:00:00,A,277
21524,38585,2023-06-28 00:00:00,B,265
21525,38586,2025-08-21 00:00:00,B,1110
21526,38587,2026-07-02 00:00:00,A,152
21527,38588,2024-05-19 00:00:00,A,802
21528,38589,2025-10-08 00:00:00,A,846
21529,38593,2025-07-19 00:00:00,C,1283
21530,38595,2024-04-11 00:00:00,A,815
21531,38597,2025-09-16 00:00:00,B,1123
21532,38598,2026-02-17 00:00:00,A,603
21533,38599,2025-07-30 00:00:00,B,172
21534,38600,2025-02-02 00:00:00,A,191
21535,38603,2023-11-15 00:00:00,C,1294
21536,38605,2024-06-01 00:00:00,A,1093
21537,38606,2025-03-29 00:00:00,A,980
21538,38608,2025-05-24 00:00:00,A,192
21539,38609,2025-07-25 00:00:00,C,644
21540,38611,2024-10-02 00:00:00,A,953
21541,38612,2023-07-10 00:00:00,A,279
21542,38613,2025-09-26 00:00:00,A,333
21543,38614,2025-04-23 00:00:00,C,684
21544,38615,2023-10-27 00:00:00,A,1085
21545,38616,2026-07-13 00:00:00,C,948
21546,38617,2026-07-13 00:00:00,A,370
21547,38621,2024-11-16 00:00:00,C,395
21548,38624,2025-08-19 00:00:00,A,1117
21549,38625,2025-03-26 00:00:00,A,433
21550,38626,2023-08-15 00:00:00,A,1199
21551,38632,2024-02-25 00:00:00,A,1042
21552,38633,2025-08-11 00:00:00,A,456
21553,38635,2026-07-13 00:00:00,C,533
21554,38636,2024-09-27 00:00:00,A,1327
21555,38638,2025-04-25 00:00:00,C,1256
21556,38639,2025-10-20 00:00:00,A,1192
21557,38640,2025-02-26 00:00:00,B,310
21558,38641,2024-12-26 00:00:00,C,852
21559,38642,2024-05-22 00:00:00,A,401
21560,38644,2024-04-22 00:00:00,A,917
21561,38645,2024-07-16 00:00:00,A,327
21562,38646,2024-04-24 00:00:00,B,468
21563,38647,2023-07-07 00:00:00,A,449
21564,38648,2025-02-02 00:00:00,A,671
21565,38650,2026-07-13 00:00:00,A,147
21566,38651,2026-04-20 00:00:00,A,1210
21567,38652,2024-10-24 00:00:00,A,415
21568,38653,2026-01-30 00:00:00,A,758
21569,38654,2025-09-02 00:00:00,A,1208
21570,38655,2026-03-21 00:00:00,A,804
21571,38656,2025-03-28 00:00:00,A,158
21572,38658,2024-11-18 00:00:00,A,50
21573,38659,2025-02-13 00:00:00,A,645
21574,38664,2023-06-19 00:00:00,A,1140
21575,38666,2023-08-13 00:00:00,A,613
21576,38667,2024-05-17 00:00:00,A,740
21577,38668,2025-11-03 00:00:00,A,1284
21578,38670,2025-01-16 00:00:00,A,738
21579,38672,2024-05-10 00:00:00,C,1143
21580,38676,2024-06-14 00:00:00,C,31
21581,38678,2023-12-30 00:00:00,A,246
21582,38684,2023-12-05 00:00:00,A,741
21583,38685,2024-05-04 00:00:00,A,285
21584,38686,2025-12-18 00:00:00,A,231
21585,38687,2025-02-09 00:00:00,A,450
21586,38688,2026-07-13 00:00:00,A,350
21587,38690,2024-01-01 00:00:00,A,1054
21588,38691,2025-05-24 00:00:00,A,1227
21589,38693,2025-11-08 00:00:00,A,1093
21590,38694,2024-06-17 00:00:00,C,898
21591,38695,2024-08-27 00:00:00,A,295
21592,38698,2025-02-23 00:00:00,C,707
21593,38700,2025-12-22 00:00:00,C,1325
21594,38701,2025-11-10 00:00:00,A,568
21595,38703,2026-03-29 00:00:00,A,606
21596,38704,2024-02-28 00:00:00,A,1303
21597,38706,2026-07-13 00:00:00,A,574
21598,38708,2026-07-13 00:00:00,C,99
21599,38710,2025-11-12 00:00:00,A,1121
21600,38712,2023-07-24 00:00:00,A,524
21601,38713,2025-11-22 00:00:00,A,454
21602,38715,2025-09-15 00:00:00,A,596
21603,38717,2024-03-28 00:00:00,A,832
21604,38720,2025-08-13 00:00:00,A,1185
21605,38721,2025-03-11 00:00:00,A,307
21606,38723,2025-04-27 00:00:00,A,108
21607,38724,2024-12-06 00:00:00,A,1284
21608,38727,2024-10-31 00:00:00,C,134
21609,38729,2026-02-18 00:00:00,A,618
21610,38730,2025-11-18 00:00:00,A,1041
21611,38733,2026-07-13 00:00:00,A,934
21612,38739,2026-06-11 00:00:00,B,64
21613,38741,2024-07-16 00:00:00,A,441
21614,38743,2026-07-11 00:00:00,A,207
21615,38744,2026-03-28 00:00:00,A,480
21616,38745,2023-06-28 00:00:00,C,735
21617,38746,2025-10-13 00:00:00,A,168
21618,38749,2026-07-13 00:00:00,A,331
21619,38750,2024-12-27 00:00:00,A,476
21620,38752,2025-11-07 00:00:00,A,1027
21621,38755,2026-07-13 00:00:00,A,630
21622,38756,2024-07-19 00:00:00,A,553
21623,38757,2024-12-21 00:00:00,B,422
21624,38758,2026-07-13 00:00:00,A,1090
21625,38760,2026-06-11 00:00:00,A,688
21626,38761,2024-08-13 00:00:00,A,1194
21627,38762,2026-06-28 00:00:00,A,833
21628,38764,2024-04-24 00:00:00,B,784
21629,38765,2025-06-21 00:00:00,A,1053
21630,38766,2026-07-13 00:00:00,C,416
21631,38767,2025-11-07 00:00:00,A,953
21632,38768,2025-10-15 00:00:00,A,1152
21633,38769,2026-06-18 00:00:00,A,1070
21634,38770,2023-09-24 00:00:00,A,738
21635,38776,2025-04-29 00:00:00,A,65
21636,38778,2025-08-13 00:00:00,A,1220
21637,38779,2026-02-12 00:00:00,C,1064
21638,38780,2025-01-07 00:00:00,A,711
21639,38781,2025-01-19 00:00:00,A,206
21640,38782,2025-07-13 00:00:00,A,931
21641,38783,2023-10-03 00:00:00,C,898
21642,38785,2025-08-01 00:00:00,B,7
21643,38786,2023-05-05 00:00:00,A,821
21644,38790,2026-06-19 00:00:00,C,26
21645,38792,2026-05-03 00:00:00,A,51
21646,38793,2024-12-13 00:00:00,A,91
21647,38795,2026-07-13 00:00:00,A,407
21648,38797,2024-02-20 00:00:00,A,479
21649,38798,2026-07-13 00:00:00,C,720
21650,38799,2024-03-07 00:00:00,C,390
21651,38800,2025-04-10 00:00:00,C,242
21652,38801,2026-07-13 00:00:00,C,389
21653,38804,2025-03-11 00:00:00,A,1333
21654,38805,2025-01-09 00:00:00,A,149
21655,38807,2026-07-13 00:00:00,A,1171
21656,38808,2026-07-13 00:00:00,C,123
21657,38809,2026-07-13 00:00:00,A,871
21658,38811,2023-11-09 00:00:00,A,391
21659,38812,2025-01-24 00:00:00,A,1314
21660,38813,2024-05-07 00:00:00,A,606
21661,38815,2024-03-16 00:00:00,A,1135
21662,38816,2025-02-03 00:00:00,A,1314
21663,38817,2024-11-21 00:00:00,A,545
21664,38819,2026-07-13 00:00:00,C,641
21665,38821,2024-02-26 00:00:00,A,895
21666,38822,2024-11-04 00:00:00,A,1166
21667,38825,2024-06-26 00:00:00,A,1052
21668,38828,2024-11-06 00:00:00,A,1035
21669,38829,2024-01-14 00:00:00,A,268
21670,38830,2025-03-28 00:00:00,A,987
21671,38831,2024-10-15 00:00:00,A,16
21672,38832,2024-11-20 00:00:00,A,1084
21673,38833,2025-03-20 00:00:00,A,111
21674,38834,2025-10-16 00:00:00,C,751
21675,38835,2025-02-27 00:00:00,A,500
21676,38836,2023-11-13 00:00:00,A,229
21677,38838,2026-06-03 00:00:00,B,903
21678,38844,2025-01-08 00:00:00,A,3
21679,38845,2023-10-30 00:00:00,C,917
21680,38849,2024-05-16 00:00:00,A,1020
21681,38853,2025-08-29 00:00:00,A,997
21682,38855,2025-08-05 00:00:00,C,705
21683,38856,2024-04-25 00:00:00,C,375
21684,38857,2025-01-03 00:00:00,C,206
21685,38859,2026-07-08 00:00:00,A,809
21686,38861,2026-06-07 00:00:00,A,1234
21687,38863,2026-07-13 00:00:00,A,833
21688,38864,2025-12-25 00:00:00,C,173
21689,38865,2025-01-17 00:00:00,A,684
21690,38870,2023-10-13 00:00:00,A,6
21691,38871,2026-06-11 00:00:00,A,1005
21692,38872,2026-01-13 00:00:00,A,782
21693,38873,2026-07-13 00:00:00,A,1294
21694,38875,2025-08-05 00:00:00,A,1151
21695,38876,2023-08-01 00:00:00,A,1201
21696,38880,2025-07-23 00:00:00,A,685
21697,38881,2026-07-13 00:00:00,A,232
21698,38883,2025-10-19 00:00:00,A,879
21699,38884,2024-06-10 00:00:00,A,1176
21700,38885,2024-04-15 00:00:00,A,330
21701,38886,2025-12-22 00:00:00,A,881
21702,38888,2025-05-18 00:00:00,A,1228
21703,38889,2024-10-21 00:00:00,A,143
21704,38892,2023-11-24 00:00:00,A,1002
21705,38893,2025-10-29 00:00:00,C,108
21706,38895,2023-08-02 00:00:00,A,501
21707,38897,2026-06-29 00:00:00,A,44
21708,38898,2025-10-10 00:00:00,A,276
21709,38899,2024-11-01 00:00:00,A,398
21710,38900,2023-12-10 00:00:00,C,936
21711,38901,2026-05-23 00:00:00,A,1087
21712,38902,2025-10-28 00:00:00,A,589
21713,38903,2026-01-09 00:00:00,B,611
21714,38905,2024-05-30 00:00:00,A,1062
21715,38906,2024-03-28 00:00:00,A,242
21716,38909,2024-07-03 00:00:00,A,1055
21717,38911,2025-09-20 00:00:00,A,656
21718,38913,2024-12-14 00:00:00,A,449
21719,38915,2024-06-24 00:00:00,A,646
21720,38922,2024-07-12 00:00:00,A,774
21721,38925,2026-07-06 00:00:00,A,360
21722,38928,2023-06-25 00:00:00,A,701
21723,38929,2026-01-18 00:00:00,B,533
21724,38930,2025-11-17 00:00:00,A,458
21725,38931,2025-02-27 00:00:00,C,536
21726,38932,2026-04-12 00:00:00,A,823
21727,38935,2025-12-17 00:00:00,A,371
21728,38940,2025-05-26 00:00:00,A,831
21729,38941,2026-06-14 00:00:00,A,390
21730,38942,2026-03-07 00:00:00,A,1231
21731,38943,2024-10-23 00:00:00,A,1175
21732,38944,2026-05-18 00:00:00,A,732
21733,38945,2026-07-02 00:00:00,A,474
21734,38946,2023-03-16 00:00:00,A,870
21735,38947,2024-12-20 00:00:00,B,1258
21736,38948,2026-07-13 00:00:00,B,220
21737,38949,2024-02-23 00:00:00,A,70
21738,38951,2023-08-24 00:00:00,A,957
21739,38952,2026-03-28 00:00:00,A,722
21740,38956,2024-10-04 00:00:00,A,258
21741,38958,2026-03-08 00:00:00,A,1111
21742,38960,2023-11-29 00:00:00,A,659
21743,38961,2026-07-13 00:00:00,A,381
21744,38966,2026-04-08 00:00:00,A,1089
21745,38968,2023-08-25 00:00:00,A,133
21746,38970,2024-06-17 00:00:00,A,563
21747,38972,2024-07-02 00:00:00,A,13
21748,38975,2023-12-24 00:00:00,A,933
21749,38976,2026-02-20 00:00:00,C,85
21750,38977,2024-04-04 00:00:00,A,343
21751,38979,2024-04-19 00:00:00,A,1173
21752,38981,2026-02-12 00:00:00,A,1074
21753,38982,2025-01-02 00:00:00,A,1049
21754,38983,2025-06-03 00:00:00,A,93
21755,38985,2026-04-15 00:00:00,A,1246
21756,38986,2024-12-15 00:00:00,B,407
21757,38988,2025-10-07 00:00:00,A,452
21758,38989,2024-02-03 00:00:00,A,827
21759,38990,2023-03-25 00:00:00,A,800
21760,38993,2025-07-29 00:00:00,B,253
21761,38994,2024-02-16 00:00:00,A,1178
21762,38995,2026-04-03 00:00:00,A,933
21763,38997,2026-07-13 00:00:00,A,625
21764,38998,2025-08-13 00:00:00,C,876
21765,39002,2025-04-03 00:00:00,A,566
21766,39004,2025-12-15 00:00:00,A,1105
21767,39005,2024-01-14 00:00:00,A,651
21768,39007,2025-04-21 00:00:00,B,552
21769,39009,2025-11-24 00:00:00,A,575
21770,39010,2024-11-03 00:00:00,C,704
21771,39011,2024-11-21 00:00:00,C,152
21772,39012,2024-06-02 00:00:00,A,1137
21773,39013,2023-11-17 00:00:00,B,1172
21774,39014,2025-08-10 00:00:00,A,1301
21775,39015,2023-04-07 00:00:00,A,616
21776,39016,2026-06-23 00:00:00,A,1303
21777,39017,2024-01-24 00:00:00,C,696
21778,39018,2023-08-20 00:00:00,A,935
21779,39021,2024-12-21 00:00:00,A,1275
21780,39023,2026-07-01 00:00:00,A,861
21781,39024,2024-08-24 00:00:00,A,268
21782,39025,2023-08-27 00:00:00,C,821
21783,39026,2023-09-29 00:00:00,A,898
21784,39028,2025-08-31 00:00:00,A,1129
21785,39029,2026-01-21 00:00:00,A,670
21786,39033,2025-05-09 00:00:00,A,1264
21787,39034,2025-11-04 00:00:00,A,547
21788,39035,2026-01-28 00:00:00,A,1170
21789,39037,2025-11-16 00:00:00,A,294
21790,39039,2025-06-28 00:00:00,A,264
21791,39041,2025-11-29 00:00:00,B,1040
21792,39042,2025-05-10 00:00:00,A,190
21793,39044,2023-11-24 00:00:00,C,738
21794,39045,2024-11-24 00:00:00,A,923
21795,39048,2024-07-18 00:00:00,A,602
21796,39049,2025-11-19 00:00:00,C,1120
21797,39050,2026-07-08 00:00:00,A,733
21798,39052,2025-08-10 00:00:00,C,906
21799,39053,2024-05-06 00:00:00,A,611
21800,39054,2023-12-05 00:00:00,B,268
21801,39055,2026-07-13 00:00:00,B,199
21802,39056,2024-08-06 00:00:00,B,1006
21803,39057,2025-09-21 00:00:00,A,1153
21804,39058,2025-05-22 00:00:00,A,331
21805,39059,2024-05-13 00:00:00,A,392
21806,39060,2026-06-21 00:00:00,C,64
21807,39061,2023-09-24 00:00:00,B,204
21808,39062,2023-11-09 00:00:00,C,1190
21809,39063,2024-10-01 00:00:00,A,535
21810,39065,2025-04-30 00:00:00,A,475
21811,39066,2025-05-31 00:00:00,A,365
21812,39069,2025-12-16 00:00:00,A,1240
21813,39070,2024-03-14 00:00:00,C,291
21814,39074,2026-07-13 00:00:00,A,757
21815,39076,2026-05-02 00:00:00,A,130
21816,39077,2024-04-16 00:00:00,C,896
21817,39078,2024-01-12 00:00:00,A,161
21818,39079,2024-12-17 00:00:00,A,205
21819,39082,2024-01-19 00:00:00,A,1212
21820,39083,2024-01-21 00:00:00,A,690
21821,39084,2025-07-09 00:00:00,A,570
21822,39086,2025-08-07 00:00:00,A,118
21823,39087,2026-05-28 00:00:00,A,860
21824,39088,2026-02-01 00:00:00,C,1030
21825,39091,2025-08-06 00:00:00,A,875
21826,39094,2025-01-01 00:00:00,A,1189
21827,39095,2023-09-08 00:00:00,A,258
21828,39100,2025-09-06 00:00:00,A,483
21829,39101,2025-08-03 00:00:00,A,1027
21830,39104,2024-09-15 00:00:00,A,338
21831,39106,2025-09-08 00:00:00,A,811
21832,39108,2026-06-22 00:00:00,B,473
21833,39113,2025-11-18 00:00:00,A,109
21834,39115,2025-06-11 00:00:00,A,162
21835,39119,2025-08-09 00:00:00,A,1197
21836,39120,2024-08-06 00:00:00,A,632
21837,39121,2024-11-16 00:00:00,C,827
21838,39122,2026-07-13 00:00:00,C,407
21839,39123,2023-11-27 00:00:00,A,1280
21840,39125,2026-05-04 00:00:00,A,977
21841,39127,2026-07-13 00:00:00,C,448
21842,39129,2025-02-26 00:00:00,A,542
21843,39130,2026-03-07 00:00:00,C,1141
21844,39131,2026-07-13 00:00:00,C,423
21845,39133,2025-05-21 00:00:00,A,527
21846,39135,2024-05-07 00:00:00,A,836
21847,39136,2026-07-11 00:00:00,B,353
21848,39138,2026-07-13 00:00:00,A,1056
21849,39139,2026-03-14 00:00:00,A,385
21850,39141,2025-11-28 00:00:00,B,256
21851,39142,2024-03-26 00:00:00,A,2
21852,39143,2025-05-07 00:00:00,C,318
21853,39144,2025-10-27 00:00:00,A,190
21854,39146,2026-01-02 00:00:00,C,650
21855,39148,2025-04-21 00:00:00,A,869
21856,39150,2026-02-24 00:00:00,A,1266
21857,39151,2024-07-26 00:00:00,A,255
21858,39152,2025-07-14 00:00:00,C,843
21859,39154,2026-01-20 00:00:00,A,294
21860,39155,2025-07-26 00:00:00,A,741
21861,39157,2025-03-05 00:00:00,A,428
21862,39158,2026-04-08 00:00:00,A,1069
21863,39159,2023-09-12 00:00:00,A,740
21864,39161,2025-01-11 00:00:00,A,587
21865,39162,2026-02-07 00:00:00,A,250
21866,39163,2023-10-07 00:00:00,A,242
21867,39164,2024-01-19 00:00:00,A,219
21868,39167,2024-01-27 00:00:00,C,970
21869,39171,2025-01-13 00:00:00,A,1058
21870,39172,2025-12-08 00:00:00,A,1252
21871,39174,2024-05-30 00:00:00,A,899
21872,39175,2026-04-18 00:00:00,A,280
21873,39176,2023-07-05 00:00:00,A,1285
21874,39177,2026-07-08 00:00:00,A,603
21875,39178,2026-07-02 00:00:00,A,1081
21876,39180,2024-04-11 00:00:00,A,1158
21877,39181,2026-07-13 00:00:00,C,636
21878,39184,2023-10-04 00:00:00,A,1012
21879,39185,2023-11-22 00:00:00,A,1222
21880,39186,2026-04-04 00:00:00,A,966
21881,39187,2026-03-09 00:00:00,A,651
21882,39188,2024-08-02 00:00:00,A,962
21883,39189,2026-04-24 00:00:00,A,841
21884,39191,2025-05-05 00:00:00,A,317
21885,39193,2026-07-13 00:00:00,C,513
21886,39194,2025-07-13 00:00:00,A,703
21887,39197,2023-04-30 00:00:00,A,913
21888,39198,2026-04-03 00:00:00,A,720
21889,39199,2024-04-30 00:00:00,A,1091
21890,39201,2026-05-11 00:00:00,A,731
21891,39202,2023-10-21 00:00:00,C,568
21892,39203,2026-04-02 00:00:00,C,856
21893,39205,2026-03-13 00:00:00,C,508
21894,39206,2025-07-12 00:00:00,A,263
21895,39208,2024-04-27 00:00:00,A,171
21896,39210,2023-11-13 00:00:00,C,249
21897,39212,2025-06-09 00:00:00,A,57
21898,39214,2023-10-14 00:00:00,A,1043
21899,39217,2025-09-11 00:00:00,A,1
21900,39218,2026-03-30 00:00:00,A,797
21901,39220,2026-07-13 00:00:00,A,393
21902,39222,2025-10-04 00:00:00,A,46
21903,39223,2025-09-08 00:00:00,A,28
21904,39225,2025-10-17 00:00:00,A,1252
21905,39226,2024-10-08 00:00:00,A,1087
21906,39227,2025-11-24 00:00:00,A,800
21907,39228,2024-01-09 00:00:00,A,786
21908,39231,2025-03-30 00:00:00,A,697
21909,39233,2023-12-01 00:00:00,A,988
21910,39235,2026-07-13 00:00:00,A,162
21911,39239,2023-06-22 00:00:00,A,7
21912,39240,2026-07-13 00:00:00,A,1245
21913,39241,2024-09-05 00:00:00,C,599
21914,39244,2024-06-11 00:00:00,A,554
21915,39248,2024-10-09 00:00:00,A,642
21916,39249,2026-04-17 00:00:00,A,762
21917,39251,2025-01-08 00:00:00,A,1152
21918,39252,2025-12-17 00:00:00,C,1210
21919,39253,2025-03-25 00:00:00,A,1224
21920,39254,2024-07-11 00:00:00,A,202
21921,39256,2024-04-06 00:00:00,A,668
21922,39258,2024-06-29 00:00:00,A,1105
21923,39259,2026-03-21 00:00:00,A,1293
21924,39262,2025-07-09 00:00:00,B,571
21925,39263,2026-01-01 00:00:00,A,1122
21926,39265,2026-07-13 00:00:00,A,521
21927,39267,2025-08-25 00:00:00,A,340
21928,39269,2024-03-23 00:00:00,A,704
21929,39273,2024-12-25 00:00:00,A,791
21930,39275,2025-03-18 00:00:00,A,894
21931,39276,2026-07-13 00:00:00,C,910
21932,39278,2024-02-02 00:00:00,A,440
21933,39280,2024-09-14 00:00:00,A,753
21934,39281,2026-07-13 00:00:00,B,2
21935,39282,2024-08-18 00:00:00,C,392
21936,39283,2025-04-26 00:00:00,A,1089
21937,39285,2024-05-27 00:00:00,A,908
21938,39286,2024-06-10 00:00:00,C,397
21939,39287,2024-06-21 00:00:00,A,505
21940,39288,2025-02-23 00:00:00,A,196
21941,39289,2024-12-10 00:00:00,A,840
21942,39290,2026-07-13 00:00:00,C,1052
21943,39291,2024-07-02 00:00:00,A,848
21944,39294,2024-08-16 00:00:00,C,787
21945,39295,2025-12-05 00:00:00,C,768
21946,39296,2024-06-21 00:00:00,A,179
21947,39297,2024-12-13 00:00:00,A,853
21948,39300,2026-07-13 00:00:00,A,723
21949,39302,2024-07-25 00:00:00,A,1191
21950,39303,2023-09-13 00:00:00,B,474
21951,39306,2024-04-22 00:00:00,A,1326
21952,39308,2026-07-04 00:00:00,A,1209
21953,39311,2024-07-06 00:00:00,A,265
21954,39313,2025-09-15 00:00:00,C,676
21955,39314,2024-05-05 00:00:00,A,144
21956,39318,2026-03-08 00:00:00,A,921
21957,39320,2024-09-22 00:00:00,A,387
21958,39321,2026-07-13 00:00:00,C,48
21959,39323,2025-11-25 00:00:00,A,546
21960,39324,2024-03-30 00:00:00,C,1246
21961,39327,2023-05-10 00:00:00,B,1103
21962,39332,2025-03-16 00:00:00,B,316
21963,39334,2025-10-25 00:00:00,A,390
21964,39335,2024-04-13 00:00:00,A,725
21965,39338,2025-08-29 00:00:00,A,623
21966,39342,2026-07-13 00:00:00,C,307
21967,39343,2024-10-28 00:00:00,A,293
21968,39345,2023-06-22 00:00:00,A,500
21969,39347,2024-03-03 00:00:00,A,578
21970,39348,2024-02-06 00:00:00,A,430
21971,39349,2026-07-13 00:00:00,A,844
21972,39350,2026-07-09 00:00:00,A,673
21973,39352,2026-05-21 00:00:00,C,638
21974,39354,2024-10-28 00:00:00,C,1296
21975,39357,2024-05-05 00:00:00,A,583
21976,39361,2026-07-13 00:00:00,C,1214
21977,39363,2024-09-02 00:00:00,A,1246
21978,39364,2025-09-29 00:00:00,A,931
21979,39366,2023-11-21 00:00:00,A,788
21980,39369,2024-06-08 00:00:00,C,893
21981,39371,2023-03-31 00:00:00,A,1308
21982,39372,2026-07-13 00:00:00,C,571
21983,39373,2024-09-15 00:00:00,A,622
21984,39374,2026-07-13 00:00:00,A,761
21985,39377,2025-10-11 00:00:00,C,1287
21986,39378,2026-07-13 00:00:00,A,652
21987,39380,2025-11-16 00:00:00,A,1260
21988,39381,2023-06-22 00:00:00,A,185
21989,39382,2024-09-19 00:00:00,B,13
21990,39384,2026-07-13 00:00:00,C,153
21991,39385,2024-12-20 00:00:00,A,455
21992,39387,2026-07-13 00:00:00,A,223
21993,39390,2026-07-13 00:00:00,C,214
21994,39391,2023-11-24 00:00:00,A,206
21995,39392,2025-04-18 00:00:00,A,512
21996,39393,2026-03-06 00:00:00,A,879
21997,39398,2026-02-27 00:00:00,A,957
21998,39399,2024-06-08 00:00:00,A,682
21999,39400,2026-07-13 00:00:00,A,607
22000,39402,2023-08-07 00:00:00,C,793
22001,39403,2026-01-10 00:00:00,A,319
22002,39404,2026-04-10 00:00:00,A,11
22003,39405,2024-10-02 00:00:00,A,1185
22004,39406,2024-07-11 00:00:00,A,243
22005,39411,2026-04-10 00:00:00,A,968
22006,39413,2026-05-19 00:00:00,A,334
22007,39417,2024-10-07 00:00:00,A,942
22008,39418,2024-04-07 00:00:00,A,791
22009,39419,2025-11-06 00:00:00,A,584
22010,39420,2026-05-25 00:00:00,C,1199
22011,39424,2023-07-04 00:00:00,A,78
22012,39425,2026-06-30 00:00:00,A,42
22013,39428,2024-01-23 00:00:00,A,475
22014,39430,2023-09-25 00:00:00,C,320
22015,39431,2024-08-13 00:00:00,A,1298
22016,39432,2026-07-13 00:00:00,C,667
22017,39434,2023-05-26 00:00:00,A,1180
22018,39435,2023-07-09 00:00:00,A,385
22019,39438,2024-01-12 00:00:00,A,1336
22020,39439,2025-06-10 00:00:00,A,1300
22021,39441,2024-12-07 00:00:00,B,1232
22022,39443,2024-02-24 00:00:00,C,377
22023,39444,2025-07-07 00:00:00,C,628
22024,39447,2026-04-10 00:00:00,A,1294
22025,39455,2025-07-27 00:00:00,A,126
22026,39457,2025-08-24 00:00:00,A,24
22027,39458,2026-07-13 00:00:00,A,120
22028,39459,2024-01-21 00:00:00,C,124
22029,39460,2023-10-24 00:00:00,A,1013
22030,39461,2025-02-03 00:00:00,C,2
22031,39463,2025-01-21 00:00:00,A,1135
22032,39464,2024-06-09 00:00:00,A,702
22033,39465,2026-07-13 00:00:00,A,606
22034,39466,2024-04-11 00:00:00,A,802
22035,39469,2024-05-23 00:00:00,C,416
22036,39470,2024-09-07 00:00:00,C,1000
22037,39471,2025-03-31 00:00:00,A,628
22038,39475,2026-03-06 00:00:00,C,242
22039,39480,2023-09-25 00:00:00,A,859
22040,39485,2025-01-10 00:00:00,A,1299
22041,39487,2025-06-28 00:00:00,A,662
22042,39488,2025-05-28 00:00:00,C,1298
22043,39489,2026-01-02 00:00:00,A,653
22044,39490,2026-07-13 00:00:00,A,257
22045,39495,2024-08-27 00:00:00,A,1121
22046,39496,2024-10-27 00:00:00,A,295
22047,39497,2024-03-01 00:00:00,A,72
22048,39500,2026-07-13 00:00:00,A,85
22049,39501,2026-02-05 00:00:00,A,381
22050,39505,2026-07-08 00:00:00,B,975
22051,39506,2025-01-09 00:00:00,A,190
22052,39507,2024-03-11 00:00:00,C,832
22053,39511,2024-08-22 00:00:00,A,799
22054,39512,2026-02-24 00:00:00,A,35
22055,39513,2024-09-06 00:00:00,B,780
22056,39515,2023-08-25 00:00:00,A,1116
22057,39516,2026-07-13 00:00:00,A,1082
22058,39517,2024-04-16 00:00:00,A,63
22059,39518,2023-10-17 00:00:00,B,606
22060,39520,2025-12-12 00:00:00,C,556
22061,39525,2023-12-27 00:00:00,B,565
22062,39527,2026-06-24 00:00:00,A,432
22063,39528,2024-08-27 00:00:00,A,700
22064,39529,2024-03-05 00:00:00,A,1108
22065,39531,2025-11-24 00:00:00,A,1186
22066,39533,2023-06-13 00:00:00,A,101
22067,39536,2025-07-12 00:00:00,A,730
22068,39537,2025-04-23 00:00:00,A,48
22069,39539,2025-03-20 00:00:00,B,135
22070,39540,2025-10-05 00:00:00,C,6
22071,39541,2025-02-03 00:00:00,A,250
22072,39542,2026-07-13 00:00:00,A,994
22073,39545,2026-05-06 00:00:00,A,805
22074,39547,2026-07-13 00:00:00,A,568
22075,39548,2024-01-29 00:00:00,C,551
22076,39549,2024-07-16 00:00:00,A,1146
22077,39551,2026-06-27 00:00:00,A,719
22078,39552,2024-01-14 00:00:00,A,136
22079,39553,2024-03-29 00:00:00,A,405
22080,39554,2024-05-25 00:00:00,A,816
22081,39560,2025-01-29 00:00:00,A,1127
22082,39561,2025-11-12 00:00:00,A,873
22083,39563,2025-10-23 00:00:00,A,272
22084,39564,2024-03-19 00:00:00,A,804
22085,39565,2023-12-04 00:00:00,A,799
22086,39566,2025-12-20 00:00:00,A,856
22087,39567,2026-03-13 00:00:00,A,465
22088,39568,2026-03-25 00:00:00,C,236
22089,39570,2024-12-17 00:00:00,C,1133
22090,39572,2025-02-02 00:00:00,A,1224
22091,39575,2024-06-17 00:00:00,A,1113
22092,39576,2025-11-21 00:00:00,A,242
22093,39578,2025-09-19 00:00:00,A,590
22094,39579,2025-06-25 00:00:00,A,825
22095,39580,2026-07-13 00:00:00,A,356
22096,39581,2026-01-11 00:00:00,A,109
22097,39582,2026-07-13 00:00:00,A,901
22098,39586,2025-04-09 00:00:00,A,339
22099,39587,2025-06-22 00:00:00,A,1232
22100,39588,2025-04-18 00:00:00,A,66
22101,39589,2025-03-26 00:00:00,A,1058
22102,39590,2024-07-19 00:00:00,C,329
22103,39591,2024-11-25 00:00:00,A,168
22104,39592,2023-09-24 00:00:00,A,1316
22105,39593,2023-10-22 00:00:00,A,602
22106,39594,2025-12-09 00:00:00,C,179
22107,39596,2023-10-09 00:00:00,A,348
22108,39598,2026-06-02 00:00:00,A,1183
22109,39601,2024-10-18 00:00:00,A,256
22110,39603,2025-06-19 00:00:00,A,493
22111,39605,2025-09-09 00:00:00,A,409
22112,39608,2025-12-12 00:00:00,A,1329
22113,39609,2025-09-17 00:00:00,A,533
22114,39610,2026-03-15 00:00:00,A,992
22115,39612,2026-07-13 00:00:00,A,372
22116,39613,2023-07-26 00:00:00,A,803
22117,39614,2024-06-25 00:00:00,A,253
22118,39618,2026-03-02 00:00:00,A,909
22119,39620,2025-05-08 00:00:00,A,329
22120,39621,2023-08-02 00:00:00,A,774
22121,39622,2026-03-05 00:00:00,A,1098
22122,39625,2023-07-30 00:00:00,C,212
22123,39626,2024-03-06 00:00:00,B,514
22124,39627,2023-10-18 00:00:00,A,1069
22125,39628,2025-08-17 00:00:00,A,1087
22126,39630,2025-08-13 00:00:00,A,1314
22127,39631,2024-02-26 00:00:00,A,49
22128,39632,2023-11-04 00:00:00,A,1174
22129,39633,2024-05-18 00:00:00,A,1222
22130,39635,2026-03-03 00:00:00,A,353
22131,39636,2024-11-16 00:00:00,B,437
22132,39637,2025-09-26 00:00:00,A,1193
22133,39640,2025-03-05 00:00:00,C,321
22134,39641,2025-04-12 00:00:00,A,1274
22135,39643,2024-03-25 00:00:00,C,313
22136,39644,2024-10-18 00:00:00,A,1192
22137,39647,2024-05-22 00:00:00,A,755
22138,39648,2023-11-12 00:00:00,A,185
22139,39650,2024-11-05 00:00:00,C,1088
22140,39658,2024-12-27 00:00:00,A,688
22141,39659,2026-07-13 00:00:00,C,298
22142,39660,2024-11-14 00:00:00,C,1069
22143,39662,2024-05-08 00:00:00,A,770
22144,39663,2023-08-29 00:00:00,A,1189
22145,39669,2024-03-21 00:00:00,A,864
22146,39671,2023-06-11 00:00:00,A,1329
22147,39672,2026-06-21 00:00:00,A,868
22148,39674,2026-05-16 00:00:00,C,164
22149,39676,2024-01-14 00:00:00,A,338
22150,39680,2024-04-14 00:00:00,C,872
22151,39682,2025-11-21 00:00:00,A,604
22152,39683,2025-07-25 00:00:00,C,1005
22153,39687,2024-11-19 00:00:00,A,997
22154,39689,2023-09-25 00:00:00,A,1189
22155,39693,2024-12-14 00:00:00,A,95
22156,39694,2025-11-02 00:00:00,A,809
22157,39695,2025-08-31 00:00:00,A,362
22158,39696,2026-07-13 00:00:00,A,1153
22159,39697,2026-07-13 00:00:00,C,47
22160,39698,2025-02-24 00:00:00,A,189
22161,39699,2023-11-04 00:00:00,A,115
22162,39702,2024-07-01 00:00:00,A,1310
22163,39705,2024-10-20 00:00:00,A,326
22164,39706,2025-01-27 00:00:00,A,797
22165,39709,2023-07-07 00:00:00,C,104
22166,39710,2024-04-14 00:00:00,A,399
22167,39718,2025-12-31 00:00:00,C,1113
22168,39719,2024-04-04 00:00:00,A,1185
22169,39720,2026-04-22 00:00:00,A,1317
22170,39721,2025-08-16 00:00:00,C,302
22171,39722,2026-01-27 00:00:00,A,1307
22172,39723,2024-07-06 00:00:00,A,399
22173,39725,2025-12-10 00:00:00,A,548
22174,39727,2024-04-18 00:00:00,A,519
22175,39728,2026-07-13 00:00:00,A,237
22176,39731,2024-11-04 00:00:00,A,283
22177,39733,2024-03-04 00:00:00,A,1120
22178,39735,2023-09-09 00:00:00,A,351
22179,39736,2025-07-06 00:00:00,C,244
22180,39739,2025-07-06 00:00:00,A,626
22181,39740,2024-06-06 00:00:00,A,417
22182,39742,2025-03-10 00:00:00,C,470
22183,39743,2023-04-21 00:00:00,A,313
22184,39745,2024-12-26 00:00:00,A,607
22185,39748,2024-09-05 00:00:00,A,700
22186,39749,2025-08-29 00:00:00,A,1187
22187,39750,2025-04-04 00:00:00,A,1264
22188,39752,2024-06-17 00:00:00,C,1110
22189,39754,2026-01-14 00:00:00,A,1039
22190,39756,2025-07-13 00:00:00,A,670
22191,39757,2025-02-10 00:00:00,A,893
22192,39759,2025-10-23 00:00:00,A,1010
22193,39760,2025-04-23 00:00:00,A,149
22194,39761,2023-05-31 00:00:00,A,899
22195,39762,2025-02-06 00:00:00,A,342
22196,39763,2025-03-18 00:00:00,A,1009
22197,39764,2026-07-13 00:00:00,C,856
22198,39767,2024-04-03 00:00:00,A,878
22199,39768,2025-11-14 00:00:00,A,4
22200,39771,2025-01-16 00:00:00,A,933
22201,39772,2026-05-09 00:00:00,A,731
22202,39774,2026-05-26 00:00:00,A,278
22203,39775,2024-06-20 00:00:00,A,657
22204,39776,2026-07-13 00:00:00,C,167
22205,39779,2023-06-12 00:00:00,B,1329
22206,39780,2023-11-26 00:00:00,B,500
22207,39783,2024-11-07 00:00:00,A,295
22208,39786,2023-10-30 00:00:00,A,1189
22209,39790,2026-06-18 00:00:00,A,500
22210,39793,2023-11-21 00:00:00,A,466
22211,39794,2026-04-20 00:00:00,C,227
22212,39795,2023-12-27 00:00:00,A,103
22213,39796,2024-07-03 00:00:00,C,1240
22214,39797,2026-07-13 00:00:00,A,93
22215,39800,2024-01-16 00:00:00,A,697
22216,39801,2025-12-04 00:00:00,A,1204
22217,39803,2024-07-31 00:00:00,A,864
22218,39804,2026-03-11 00:00:00,A,14
22219,39806,2025-10-30 00:00:00,C,349
22220,39807,2025-05-03 00:00:00,C,704
22221,39811,2026-05-06 00:00:00,A,753
22222,39812,2026-07-13 00:00:00,C,1091
22223,39814,2025-02-19 00:00:00,A,624
22224,39815,2024-04-04 00:00:00,A,98
22225,39816,2026-07-13 00:00:00,A,67
22226,39817,2024-02-01 00:00:00,A,495
22227,39818,2024-01-18 00:00:00,C,758
22228,39819,2025-03-23 00:00:00,A,300
22229,39824,2024-12-02 00:00:00,C,896
22230,39826,2024-12-20 00:00:00,A,558
22231,39828,2023-07-28 00:00:00,A,1020
22232,39829,2024-05-02 00:00:00,A,240
22233,39830,2026-02-05 00:00:00,B,488
22234,39832,2023-11-04 00:00:00,A,472
22235,39834,2024-03-21 00:00:00,C,320
22236,39835,2023-04-15 00:00:00,A,1330
22237,39836,2026-07-13 00:00:00,A,9
22238,39837,2025-03-18 00:00:00,A,263
22239,39839,2024-06-20 00:00:00,A,752
22240,39840,2024-03-01 00:00:00,C,323
22241,39841,2025-02-04 00:00:00,C,837
22242,39843,2025-04-08 00:00:00,B,1026
22243,39846,2024-01-25 00:00:00,B,999
22244,39847,2024-01-10 00:00:00,A,38
22245,39848,2026-01-21 00:00:00,A,981
22246,39850,2026-04-17 00:00:00,A,705
22247,39851,2025-02-21 00:00:00,A,686
22248,39852,2024-09-29 00:00:00,C,141
22249,39856,2024-06-10 00:00:00,C,672
22250,39857,2025-09-04 00:00:00,B,1143
22251,39860,2024-03-11 00:00:00,A,499
22252,39863,2025-12-12 00:00:00,C,724
22253,39865,2025-11-17 00:00:00,A,191
22254,39866,2025-11-16 00:00:00,B,731
22255,39868,2023-06-11 00:00:00,A,617
22256,39869,2026-01-02 00:00:00,C,250
22257,39870,2026-07-13 00:00:00,C,273
22258,39871,2025-07-19 00:00:00,A,389
22259,39872,2026-06-24 00:00:00,C,196
22260,39875,2025-08-28 00:00:00,A,1174
22261,39877,2025-12-01 00:00:00,A,1239
22262,39878,2026-07-13 00:00:00,A,669
22263,39886,2024-09-19 00:00:00,C,530
22264,39887,2025-03-12 00:00:00,A,965
22265,39888,2023-07-29 00:00:00,A,157
22266,39894,2024-09-22 00:00:00,C,589
22267,39896,2025-05-26 00:00:00,A,419
22268,39898,2026-02-26 00:00:00,A,1222
22269,39902,2023-10-19 00:00:00,A,448
22270,39903,2023-09-12 00:00:00,A,1305
22271,39905,2025-03-28 00:00:00,A,569
22272,39906,2024-03-06 00:00:00,A,859
22273,39907,2023-09-27 00:00:00,B,623
22274,39908,2024-05-05 00:00:00,A,1184
22275,39909,2023-12-13 00:00:00,C,42
22276,39910,2026-07-13 00:00:00,A,171
22277,39912,2024-01-28 00:00:00,A,215
22278,39913,2026-07-13 00:00:00,A,195
22279,39914,2023-11-15 00:00:00,C,1330
22280,39916,2025-05-19 00:00:00,B,235
22281,39917,2026-01-12 00:00:00,A,1306
22282,39920,2025-08-23 00:00:00,C,770
22283,39921,2026-01-28 00:00:00,B,68
22284,39922,2026-05-19 00:00:00,A,1217
22285,39923,2026-03-05 00:00:00,C,698
22286,39926,2024-12-16 00:00:00,A,662
22287,39928,2025-01-27 00:00:00,A,410
22288,39929,2023-11-12 00:00:00,A,820
22289,39931,2024-02-28 00:00:00,C,48
22290,39935,2026-07-04 00:00:00,C,1118
22291,39936,2025-09-11 00:00:00,A,633
22292,39940,2023-09-02 00:00:00,A,614
22293,39942,2024-10-06 00:00:00,C,1040
22294,39943,2026-01-03 00:00:00,A,1176
22295,39945,2024-06-15 00:00:00,A,898
22296,39946,2024-11-24 00:00:00,A,935
22297,39948,2024-05-08 00:00:00,C,1104
22298,39949,2025-11-21 00:00:00,C,714
22299,39950,2025-10-25 00:00:00,C,761
22300,39951,2023-12-14 00:00:00,A,1001
22301,39952,2025-10-07 00:00:00,B,876
22302,39954,2026-07-13 00:00:00,A,752
22303,39956,2023-10-06 00:00:00,A,244
22304,39957,2025-11-01 00:00:00,A,135
22305,39958,2025-12-30 00:00:00,A,613
22306,39960,2026-06-24 00:00:00,A,554
22307,39961,2026-05-13 00:00:00,C,1081
22308,39964,2025-09-15 00:00:00,A,845
22309,39967,2025-05-22 00:00:00,A,275
22310,39969,2025-05-07 00:00:00,B,779
22311,39971,2024-02-28 00:00:00,C,970
22312,39973,2025-07-14 00:00:00,A,729
22313,39974,2024-07-31 00:00:00,A,264
22314,39975,2025-10-21 00:00:00,A,375
22315,39976,2026-07-13 00:00:00,A,751
22316,39977,2026-03-16 00:00:00,A,962
22317,39979,2024-10-26 00:00:00,B,101
22318,39981,2026-07-13 00:00:00,A,342
22319,39982,2025-02-21 00:00:00,A,483
22320,39983,2025-11-11 00:00:00,A,964
22321,39985,2026-01-01 00:00:00,C,517
22322,39987,2025-08-07 00:00:00,A,330
22323,39989,2025-12-20 00:00:00,C,1158
22324,39992,2023-07-03 00:00:00,A,546
22325,39993,2023-09-02 00:00:00,A,409
22326,39994,2025-04-04 00:00:00,B,133
22327,39995,2024-09-09 00:00:00,A,132
22328,39997,2025-02-17 00:00:00,A,943
22329,39998,2025-03-11 00:00:00,A,993
22330,39999,2025-04-26 00:00:00,C,933
22331,40041,2025-09-06 00:00:00,B,936
22332,40042,2026-04-02 00:00:00,B,936
22333,40043,2025-11-05 00:00:00,B,936
22334,40044,2026-01-30 00:00:00,B,936
22335,40045,2026-01-15 00:00:00,B,936
22336,40046,2025-11-19 00:00:00,B,936
22337,40047,2026-01-03 00:00:00,B,936
22338,40048,2026-07-04 00:00:00,B,936
22339,40049,2026-03-09 00:00:00,B,936
