row_key,district_name,crime_head,month,district_id,crime_head_id,month_index,month_of_year,lag_1,lag_2,lag_3,lag_12,roll_3,roll_6,roll_12,district_lag_1,head_share,std_6,std_12,accel_3_12,accel_1_12,head_state_lag_1,head_state_roll_3,state_lag_1,state_roll_3,head_state_share,district_roll_3,district_accel,detected_share_lag_1,detected_roll_6,population_m,literacy_pct,urban_pct,pop_density_k,days_in_month,target_spike,target_count,spike_eligible
1-0-2024-02,Bengaluru City,All,2024-02,1,0,24289,2,500,535,751,459,595.333,575.5,522.167,500,1.0,116.797,99.181,1.1401,0.9575,1240,1432.33,1240,1432.33,1.0,595.33,0.9575,0.532,303.5,9.945,88.7,98.0,13.421,28,0,481,1
1-0-2024-03,Bengaluru City,All,2024-03,1,0,24290,3,481,500,535,497,505.333,576.5,524.0,481,1.0,115.955,98.195,0.9644,0.9179,1148,1225.0,1148,1225.0,1.0,505.33,0.9179,0.553,308.5,9.945,88.7,98.0,13.421,31,0,481,1
1-0-2024-04,Bengaluru City,All,2024-04,1,0,24291,4,481,481,500,454,487.333,578.667,522.667,481,1.0,114.013,98.66,0.9324,0.9203,1171,1186.33,1171,1186.33,1.0,487.33,0.9203,0.5509,311.5,9.945,88.7,98.0,13.421,30,0,489,1
1-0-2024-05,Bengaluru City,All,2024-05,1,0,24292,5,489,481,481,484,483.667,539.5,525.583,489,1.0,96.357,97.091,0.9202,0.9304,1175,1164.67,1175,1164.67,1.0,483.67,0.9304,0.5358,289.5,9.945,88.7,98.0,13.421,31,0,536,1
1-0-2024-06,Bengaluru City,All,2024-06,1,0,24293,6,536,489,481,443,502.0,503.667,529.917,536,1.0,23.393,96.296,0.9473,1.0115,1270,1205.33,1270,1205.33,1.0,502.0,1.0115,0.5485,271.83,9.945,88.7,98.0,13.421,30,0,485,1
1-0-2024-07,Bengaluru City,All,2024-07,1,0,24294,7,485,536,489,476,503.333,495.333,533.417,485,1.0,19.293,93.804,0.9436,0.9092,1177,1207.33,1177,1207.33,1.0,503.33,0.9092,0.5381,269.0,9.945,88.7,98.0,13.421,31,0,439,1
1-0-2024-08,Bengaluru City,All,2024-08,1,0,24295,8,439,485,536,475,486.667,485.167,530.333,439,1.0,28.18,96.218,0.9177,0.8278,1103,1183.33,1103,1183.33,1.0,486.67,0.8278,0.5626,265.83,9.945,88.7,98.0,13.421,31,0,517,1
1-0-2024-09,Bengaluru City,All,2024-09,1,0,24296,9,517,439,485,468,480.333,491.167,533.833,517,1.0,30.4,94.896,0.8998,0.9685,1214,1164.67,1214,1164.67,1.0,480.33,0.9685,0.4874,263.5,9.945,88.7,98.0,13.421,30,0,491,1
1-0-2024-10,Bengaluru City,All,2024-10,1,0,24297,10,491,517,439,724,482.333,492.833,535.75,491,1.0,30.069,93.773,0.9003,0.9165,1190,1169.0,1190,1169.0,1.0,482.33,0.9165,0.5479,264.17,9.945,88.7,98.0,13.421,31,1,716,1
1-0-2024-11,Bengaluru City,All,2024-11,1,0,24298,11,716,491,517,751,574.667,530.667,535.083,716,1.0,88.153,92.451,1.074,1.3381,1701,1368.33,1701,1368.33,1.0,574.67,1.3381,0.5307,283.83,9.945,88.7,98.0,13.421,30,0,685,1
1-0-2024-12,Bengaluru City,All,2024-12,1,0,24299,12,685,716,491,535,630.667,555.5,529.583,685,1.0,105.448,80.653,1.1909,1.2935,1744,1545.0,1744,1545.0,1.0,630.67,1.2935,0.4949,291.33,9.945,88.7,98.0,13.421,31,0,517,1
1-0-2025-01,Bengaluru City,All,2025-01,1,0,24300,1,517,685,716,500,639.333,560.833,528.083,517,1.0,102.516,80.706,1.2107,0.979,1290,1578.33,1290,1578.33,1.0,639.33,0.979,0.5899,298.67,9.945,88.7,98.0,13.421,31,0,501,1
1-0-2025-02,Bengaluru City,All,2025-02,1,0,24301,2,501,517,685,481,567.667,571.167,528.167,501,1.0,92.333,80.677,1.0748,0.9486,1210,1414.67,1210,1414.67,1.0,567.67,0.9486,0.497,299.0,9.945,88.7,98.0,13.421,28,0,474,1
1-0-2025-03,Bengaluru City,All,2025-03,1,0,24302,3,474,501,517,481,497.333,564.0,527.583,474,1.0,97.768,81.041,0.9427,0.8984,1077,1192.33,1077,1192.33,1.0,497.33,0.8984,0.5274,298.67,9.945,88.7,98.0,13.421,31,0,473,1
1-0-2025-04,Bengaluru City,All,2025-04,1,0,24303,4,473,474,501,489,482.667,561.0,526.917,473,1.0,100.208,81.453,0.916,0.8977,1168,1151.67,1168,1151.67,1.0,482.67,0.8977,0.5328,295.83,9.945,88.7,98.0,13.421,30,0,481,1
1-0-2025-05,Bengaluru City,All,2025-05,1,0,24304,5,481,473,474,536,476.0,521.833,526.25,481,1.0,74.633,81.793,0.9045,0.914,1168,1137.67,1168,1137.67,1.0,476.0,0.914,0.526,274.67,9.945,88.7,98.0,13.421,31,0,493,1
1-0-2025-06,Bengaluru City,All,2025-06,1,0,24305,6,493,481,473,485,482.333,489.833,522.667,493,1.0,15.731,82.228,0.9228,0.9432,1190,1175.33,1190,1175.33,1.0,482.33,0.9432,0.5355,262.17,9.945,88.7,98.0,13.421,30,0,487,1
1-0-2025-07,Bengaluru City,All,2025-07,1,0,24306,7,487,493,481,439,487.0,484.833,522.833,487,1.0,10.04,82.153,0.9315,0.9315,1187,1181.67,1187,1181.67,1.0,487.0,0.9315,0.5544,256.33,9.945,88.7,98.0,13.421,31,0,514,1
1-0-2025-08,Bengaluru City,All,2025-08,1,0,24307,8,514,487,493,517,498.0,487.0,529.083,514,1.0,13.94,78.3,0.9413,0.9715,1190,1189.0,1190,1189.0,1.0,498.0,0.9715,0.5311,260.33,9.945,88.7,98.0,13.421,31,0,484,1
1-0-2025-09,Bengaluru City,All,2025-09,1,0,24308,9,484,514,487,491,495.0,488.667,526.333,484,1.0,12.841,79.25,0.9405,0.9196,1214,1197.0,1214,1197.0,1.0,495.0,0.9196,0.5475,262.83,9.945,88.7,98.0,13.421,30,0,465,1
1-0-2025-10,Bengaluru City,All,2025-10,1,0,24309,10,465,484,514,716,487.667,487.333,524.167,465,1.0,14.682,80.531,0.9304,0.8871,1104,1169.33,1104,1169.33,1.0,487.67,0.8871,0.5441,263.0,9.945,88.7,98.0,13.421,31,0,660,1
1-0-2025-11,Bengaluru City,All,2025-11,1,0,24310,11,660,465,484,685,536.333,517.167,519.5,660,1.0,65.481,70.245,1.0324,1.2705,1707,1341.67,1707,1341.67,1.0,536.33,1.2705,0.547,281.0,9.945,88.7,98.0,13.421,30,0,668,1
1-0-2025-12,Bengaluru City,All,2025-12,1,0,24311,12,668,660,465,517,597.667,546.333,518.083,668,1.0,84.449,66.989,1.1536,1.2894,1697,1502.67,1697,1502.67,1.0,597.67,1.2894,0.518,294.67,9.945,88.7,98.0,13.421,31,0,529,1
1-0-2026-01,Bengaluru City,All,2026-01,1,0,24312,1,529,668,660,501,619.0,553.333,519.083,529,1.0,80.907,67.055,1.1925,1.0191,1284,1562.67,1284,1562.67,1.0,619.0,1.0191,0.4972,293.5,9.945,88.7,98.0,13.421,31,1,931,1
1-0-2026-02,Bengaluru City,All,2026-02,1,0,24313,2,931,529,668,474,709.333,622.833,554.917,931,1.0,158.839,131.623,1.2783,1.6777,2265,1748.67,2265,1748.67,1.0,709.33,1.6777,0.5263,329.67,9.945,88.7,98.0,13.421,28,0,849,1
1-0-2026-03,Bengaluru City,All,2026-03,1,0,24314,3,849,931,529,473,769.667,683.667,586.167,849,1.0,163.835,151.689,1.3131,1.4484,2094,1881.0,2094,1881.0,1.0,769.67,1.4484,0.5395,361.83,9.945,88.7,98.0,13.421,31,0,996,1
1-0-2026-04,Bengaluru City,All,2026-04,1,0,24315,4,996,849,931,481,925.333,772.167,629.75,996,1.0,165.225,184.499,1.4694,1.5816,2455,2271.33,2455,2271.33,1.0,925.33,1.5816,0.5382,409.0,9.945,88.7,98.0,13.421,30,0,947,1
1-0-2026-05,Bengaluru City,All,2026-05,1,0,24316,5,947,996,849,493,930.667,820.0,668.583,947,1.0,167.358,197.675,1.392,1.4164,2324,2291.0,2324,2291.0,1.0,930.67,1.4164,0.5354,433.33,9.945,88.7,98.0,13.421,31,0,1026,1
1-0-2026-06,Bengaluru City,All,2026-06,1,0,24317,6,1026,947,996,487,989.667,879.667,713.0,1026,1.0,166.345,212.553,1.388,1.439,2456,2411.67,2456,2411.67,1.0,989.67,1.439,0.5234,465.17,9.945,88.7,98.0,13.421,30,0,998,1
10-0-2024-02,Shivamogga,All,2024-02,10,0,24289,2,28,27,29,29,28.0,28.167,27.0,28,1.0,5.273,4.899,1.037,1.037,1240,1432.33,1240,1432.33,1.0,28.0,1.037,0.4643,15.17,2.051,80.5,35.4,0.242,28,0,26,1
10-0-2024-03,Shivamogga,All,2024-03,10,0,24290,3,26,28,27,23,27.0,28.0,26.75,26,1.0,5.323,4.867,1.0093,0.972,1148,1225.0,1148,1225.0,1.0,27.0,0.972,0.6538,15.83,2.051,80.5,35.4,0.242,31,0,24,1
10-0-2024-04,Shivamogga,All,2024-04,10,0,24291,4,24,26,28,29,26.0,28.667,26.833,24,1.0,4.46,4.81,0.9689,0.8944,1171,1186.33,1171,1186.33,1.0,26.0,0.8944,0.75,16.17,2.051,80.5,35.4,0.242,30,0,26,1
10-0-2024-05,Shivamogga,All,2024-05,10,0,24292,5,26,24,26,24,25.333,26.667,26.583,26,1.0,1.599,4.769,0.953,0.9781,1175,1164.67,1175,1164.67,1.0,25.33,0.9781,0.4615,13.83,2.051,80.5,35.4,0.242,31,0,18,1
10-0-2024-06,Shivamogga,All,2024-06,10,0,24293,6,18,26,24,31,22.667,24.833,26.083,18,1.0,3.287,5.299,0.869,0.6901,1270,1205.33,1270,1205.33,1.0,22.67,0.6901,0.4444,13.33,2.051,80.5,35.4,0.242,30,0,28,1
10-0-2024-07,Shivamogga,All,2024-07,10,0,24294,7,28,18,26,19,24.0,25.0,25.833,28,1.0,3.416,5.129,0.929,1.0839,1177,1207.33,1177,1207.33,1.0,24.0,1.0839,0.5357,13.83,2.051,80.5,35.4,0.242,31,0,25,1
10-0-2024-08,Shivamogga,All,2024-08,10,0,24295,8,25,28,18,27,23.667,24.5,26.333,25,1.0,3.149,4.714,0.8987,0.9494,1103,1183.33,1103,1183.33,1.0,23.67,0.9494,0.56,14.0,2.051,80.5,35.4,0.242,31,0,21,1
10-0-2024-09,Shivamogga,All,2024-09,10,0,24296,9,21,25,28,20,24.667,23.667,25.833,21,1.0,3.3,4.93,0.9548,0.8129,1214,1164.67,1214,1164.67,1.0,24.67,0.8129,0.4762,12.83,2.051,80.5,35.4,0.242,30,0,22,1
10-0-2024-10,Shivamogga,All,2024-10,10,0,24297,10,22,21,25,38,22.667,23.333,26.0,22,1.0,3.35,4.761,0.8718,0.8462,1190,1169.0,1190,1169.0,1.0,22.67,0.8462,0.3636,11.17,2.051,80.5,35.4,0.242,31,1,35,1
10-0-2024-11,Shivamogga,All,2024-11,10,0,24298,11,35,22,21,29,26.0,24.833,25.75,35,1.0,5.52,4.166,1.0097,1.3592,1701,1368.33,1701,1368.33,1.0,26.0,1.3592,0.6286,12.83,2.051,80.5,35.4,0.242,30,0,32,1
10-0-2024-12,Shivamogga,All,2024-12,10,0,24299,12,32,35,22,27,29.667,27.167,26.0,32,1.0,5.08,4.435,1.141,1.2308,1744,1545.0,1744,1545.0,1.0,29.67,1.2308,0.625,14.83,2.051,80.5,35.4,0.242,31,0,22,1
10-0-2025-01,Shivamogga,All,2025-01,10,0,24300,1,22,32,35,28,29.667,26.167,25.583,22,1.0,5.398,4.554,1.1596,0.8599,1290,1578.33,1290,1578.33,1.0,29.67,0.8599,0.5455,14.33,2.051,80.5,35.4,0.242,31,0,25,1
10-0-2025-02,Shivamogga,All,2025-02,10,0,24301,2,25,22,32,26,26.333,26.167,25.333,25,1.0,5.398,4.497,1.0395,0.9868,1210,1414.67,1210,1414.67,1.0,26.33,0.9868,0.56,14.33,2.051,80.5,35.4,0.242,28,0,17,1
10-0-2025-03,Shivamogga,All,2025-03,10,0,24302,3,17,25,22,24,21.333,25.5,24.583,17,1.0,6.185,5.041,0.8678,0.6915,1077,1192.33,1077,1192.33,1.0,21.33,0.6915,0.4706,14.0,2.051,80.5,35.4,0.242,31,1,34,1
10-0-2025-04,Shivamogga,All,2025-04,10,0,24303,4,34,17,25,26,25.333,27.5,25.417,34,1.0,6.652,5.664,0.9967,1.3377,1168,1151.67,1168,1151.67,1.0,25.33,1.3377,0.6176,16.17,2.051,80.5,35.4,0.242,30,0,35,1
10-0-2025-05,Shivamogga,All,2025-05,10,0,24304,5,35,34,17,18,28.667,27.5,26.167,35,1.0,6.652,6.256,1.0955,1.3376,1168,1137.67,1168,1137.67,1.0,28.67,1.3376,0.3429,14.5,2.051,80.5,35.4,0.242,31,0,29,1
10-0-2025-06,Shivamogga,All,2025-06,10,0,24305,6,29,35,34,28,32.667,27.0,27.083,29,1.0,6.403,5.78,1.2062,1.0708,1190,1175.33,1190,1175.33,1.0,32.67,1.0708,0.4483,13.33,2.051,80.5,35.4,0.242,30,0,26,1
10-0-2025-07,Shivamogga,All,2025-07,10,0,24306,7,26,29,35,25,30.0,27.667,26.917,26,1.0,6.046,5.78,1.1146,0.9659,1187,1181.67,1187,1181.67,1.0,30.0,0.9659,0.5769,13.83,2.051,80.5,35.4,0.242,31,0,23,1
10-0-2025-08,Shivamogga,All,2025-08,10,0,24307,8,23,26,29,21,26.0,27.333,26.75,23,1.0,6.236,5.861,0.972,0.8598,1190,1189.0,1190,1189.0,1.0,26.0,0.8598,0.5652,13.67,2.051,80.5,35.4,0.242,31,0,22,1
10-0-2025-09,Shivamogga,All,2025-09,10,0,24308,9,22,23,26,22,23.667,28.167,26.833,22,1.0,5.014,5.786,0.882,0.8199,1214,1197.0,1214,1197.0,1.0,23.67,0.8199,0.6818,14.83,2.051,80.5,35.4,0.242,30,0,18,1
10-0-2025-10,Shivamogga,All,2025-10,10,0,24309,10,18,22,23,35,21.0,25.5,26.5,18,1.0,5.439,6.158,0.7925,0.6792,1104,1169.33,1104,1169.33,1.0,21.0,0.6792,0.5556,13.0,2.051,80.5,35.4,0.242,31,1,31,1
10-0-2025-11,Shivamogga,All,2025-11,10,0,24310,11,31,18,22,32,23.667,24.833,26.167,31,1.0,4.375,5.786,0.9045,1.1847,1707,1341.67,1707,1341.67,1.0,23.67,1.1847,0.5806,14.0,2.051,80.5,35.4,0.242,30,1,37,1
10-0-2025-12,Shivamogga,All,2025-12,10,0,24311,12,37,31,18,22,28.667,26.167,26.583,37,1.0,6.256,6.344,1.0784,1.3918,1697,1502.67,1697,1502.67,1.0,28.67,1.3918,0.4595,14.67,2.051,80.5,35.4,0.242,31,0,24,1
10-0-2026-01,Shivamogga,All,2026-01,10,0,24312,1,24,37,31,25,30.667,25.833,26.75,24,1.0,6.309,6.247,1.1464,0.8972,1284,1562.67,1284,1562.67,1.0,30.67,0.8972,0.6667,14.83,2.051,80.5,35.4,0.242,31,0,39,1
10-0-2026-02,Shivamogga,All,2026-02,10,0,24313,2,39,24,37,17,33.333,28.5,27.917,39,1.0,7.762,7.065,1.194,1.397,2265,1748.67,2265,1748.67,1.0,33.33,1.397,0.6154,16.67,2.051,80.5,35.4,0.242,28,1,54,1
10-0-2026-03,Shivamogga,All,2026-03,10,0,24314,3,54,39,24,34,39.0,33.833,31.0,54,1.0,11.539,9.336,1.2581,1.7419,2094,1881.0,2094,1881.0,1.0,39.0,1.7419,0.4444,18.17,2.051,80.5,35.4,0.242,31,0,39,1
10-0-2026-04,Shivamogga,All,2026-04,10,0,24315,4,39,54,39,35,44.0,37.333,31.417,39,1.0,9.141,9.57,1.4005,1.2414,2455,2271.33,2455,2271.33,1.0,44.0,1.2414,0.5641,20.17,2.051,80.5,35.4,0.242,30,0,47,1
10-0-2026-05,Shivamogga,All,2026-05,10,0,24316,5,47,39,54,29,46.667,40.0,32.417,47,1.0,9.238,10.476,1.4396,1.4499,2324,2291.0,2324,2291.0,1.0,46.67,1.4499,0.617,22.0,2.051,80.5,35.4,0.242,31,0,55,1
10-0-2026-06,Shivamogga,All,2026-06,10,0,24317,6,55,47,39,26,47.0,43.0,34.583,55,1.0,10.599,12.107,1.359,1.5904,2456,2411.67,2456,2411.67,1.0,47.0,1.5904,0.6545,25.17,2.051,80.5,35.4,0.242,30,0,53,1
11-0-2024-02,Tumakuru,All,2024-02,11,0,24289,2,18,22,38,22,26.0,28.0,25.5,18,1.0,7.118,7.544,1.0196,0.7059,1240,1432.33,1240,1432.33,1.0,26.0,0.7059,0.2778,15.5,3.134,75.1,22.3,0.296,28,0,24,1
11-0-2024-03,Tumakuru,All,2024-03,11,0,24290,3,24,18,22,27,21.333,27.667,25.667,24,1.0,7.25,7.487,0.8312,0.9351,1148,1225.0,1148,1225.0,1.0,21.33,0.9351,0.5417,14.67,3.134,75.1,22.3,0.296,31,0,20,1
11-0-2024-04,Tumakuru,All,2024-04,11,0,24291,4,20,24,18,17,20.667,26.333,25.083,20,1.0,7.782,7.632,0.8239,0.7973,1171,1186.33,1171,1186.33,1.0,20.67,0.7973,0.4,13.33,3.134,75.1,22.3,0.296,30,0,22,1
11-0-2024-05,Tumakuru,All,2024-05,11,0,24292,5,22,20,24,36,22.0,24.0,25.5,22,1.0,6.532,7.309,0.8627,0.8627,1175,1164.67,1175,1164.67,1.0,22.0,0.8627,0.5909,12.17,3.134,75.1,22.3,0.296,31,0,22,1
11-0-2024-06,Tumakuru,All,2024-06,11,0,24293,6,22,22,20,14,21.333,21.333,24.333,22,1.0,1.886,6.625,0.8767,0.9041,1270,1205.33,1270,1205.33,1.0,21.33,0.9041,0.5909,10.67,3.134,75.1,22.3,0.296,30,0,26,1
11-0-2024-07,Tumakuru,All,2024-07,11,0,24294,7,26,22,22,22,23.333,22.0,25.333,26,1.0,2.582,5.85,0.9211,1.0263,1177,1207.33,1177,1207.33,1.0,23.33,1.0263,0.5,10.83,3.134,75.1,22.3,0.296,31,0,24,1
11-0-2024-08,Tumakuru,All,2024-08,11,0,24295,8,24,26,22,26,24.0,23.0,25.5,24,1.0,1.915,5.781,0.9412,0.9412,1103,1183.33,1103,1183.33,1.0,24.0,0.9412,0.6667,12.67,3.134,75.1,22.3,0.296,31,0,23,1
11-0-2024-09,Tumakuru,All,2024-09,11,0,24296,9,23,24,26,28,24.333,22.833,25.25,23,1.0,1.863,5.818,0.9637,0.9109,1214,1164.67,1214,1164.67,1.0,24.33,0.9109,0.6087,12.83,3.134,75.1,22.3,0.296,30,0,26,1
11-0-2024-10,Tumakuru,All,2024-10,11,0,24297,10,26,23,24,36,24.333,23.833,25.083,26,1.0,1.675,5.766,0.9701,1.0365,1190,1169.0,1190,1169.0,1.0,24.33,1.0365,0.5,13.67,3.134,75.1,22.3,0.296,31,0,32,1
11-0-2024-11,Tumakuru,All,2024-11,11,0,24298,11,32,26,23,38,27.0,25.5,24.75,32,1.0,3.253,5.214,1.0909,1.2929,1701,1368.33,1701,1368.33,1.0,27.0,1.2929,0.625,14.83,3.134,75.1,22.3,0.296,30,1,42,1
11-0-2024-12,Tumakuru,All,2024-12,11,0,24299,12,42,32,26,22,33.333,28.833,25.083,42,1.0,6.543,6.103,1.3289,1.6744,1744,1545.0,1744,1545.0,1.0,33.33,1.6744,0.5,16.17,3.134,75.1,22.3,0.296,31,0,35,1
11-0-2025-01,Tumakuru,All,2025-01,11,0,24300,1,35,42,32,18,36.333,30.333,26.167,35,1.0,6.749,6.593,1.3885,1.3376,1290,1578.33,1290,1578.33,1.0,36.33,1.3376,0.5143,17.0,3.134,75.1,22.3,0.296,31,0,28,1
11-0-2025-02,Tumakuru,All,2025-02,11,0,24301,2,28,35,42,24,35.0,31.0,27.0,28,1.0,6.272,6.124,1.2963,1.037,1210,1414.67,1210,1414.67,1.0,35.0,1.037,0.5714,17.0,3.134,75.1,22.3,0.296,28,0,26,1
11-0-2025-03,Tumakuru,All,2025-03,11,0,24302,3,26,28,35,20,29.667,31.5,27.167,26,1.0,5.708,6.067,1.092,0.9571,1077,1192.33,1077,1192.33,1.0,29.67,0.9571,0.5385,17.0,3.134,75.1,22.3,0.296,31,0,22,1
11-0-2025-04,Tumakuru,All,2025-04,11,0,24303,4,22,26,28,22,25.333,30.833,27.333,22,1.0,6.491,5.893,0.9268,0.8049,1168,1151.67,1168,1151.67,1.0,25.33,0.8049,0.6364,17.17,3.134,75.1,22.3,0.296,30,0,26,1
11-0-2025-05,Tumakuru,All,2025-05,11,0,24304,5,26,22,26,22,24.667,29.833,27.667,26,1.0,6.694,5.691,0.8916,0.9398,1168,1137.67,1168,1137.67,1.0,24.67,0.9398,0.6538,16.67,3.134,75.1,22.3,0.296,31,0,25,1
11-0-2025-06,Tumakuru,All,2025-06,11,0,24305,6,25,26,22,26,24.333,27.0,27.917,25,1.0,4.0,5.499,0.8716,0.8955,1190,1175.33,1190,1175.33,1.0,24.33,0.8955,0.64,15.83,3.134,75.1,22.3,0.296,30,0,34,1
11-0-2025-07,Tumakuru,All,2025-07,11,0,24306,7,34,25,26,24,28.333,26.833,28.583,34,1.0,3.67,5.708,0.9913,1.1895,1187,1181.67,1187,1181.67,1.0,28.33,1.1895,0.7059,16.83,3.134,75.1,22.3,0.296,31,0,22,1
11-0-2025-08,Tumakuru,All,2025-08,11,0,24307,8,22,34,25,23,27.0,25.833,28.417,22,1.0,4.017,5.866,0.9501,0.7742,1190,1189.0,1190,1189.0,1.0,27.0,0.7742,0.5,16.0,3.134,75.1,22.3,0.296,31,0,23,1
11-0-2025-09,Tumakuru,All,2025-09,11,0,24308,9,23,22,34,26,26.333,25.333,28.417,23,1.0,4.15,5.866,0.9267,0.8094,1214,1197.0,1214,1197.0,1.0,26.33,0.8094,0.6522,16.17,3.134,75.1,22.3,0.296,30,0,25,1
11-0-2025-10,Tumakuru,All,2025-10,11,0,24309,10,25,23,22,32,23.333,25.833,28.333,25,1.0,3.891,5.907,0.8235,0.8824,1104,1169.33,1104,1169.33,1.0,23.33,0.8824,0.68,16.67,3.134,75.1,22.3,0.296,31,1,42,1
11-0-2025-11,Tumakuru,All,2025-11,11,0,24310,11,42,25,23,42,30.0,28.5,29.167,42,1.0,7.182,6.974,1.0286,1.44,1707,1341.67,1707,1341.67,1.0,30.0,1.44,0.5714,17.83,3.134,75.1,22.3,0.296,30,0,34,1
11-0-2025-12,Tumakuru,All,2025-12,11,0,24311,12,34,42,25,35,33.667,30.0,28.5,34,1.0,7.234,6.035,1.1813,1.193,1697,1502.67,1697,1502.67,1.0,33.67,1.193,0.3529,17.17,3.134,75.1,22.3,0.296,31,0,27,1
11-0-2026-01,Tumakuru,All,2026-01,11,0,24312,1,27,34,42,28,34.333,28.833,27.833,27,1.0,7.057,5.713,1.2335,0.9701,1284,1562.67,1284,1562.67,1.0,34.33,0.9701,0.5556,15.67,3.134,75.1,22.3,0.296,31,0,42,1
11-0-2026-02,Tumakuru,All,2026-02,11,0,24313,2,42,27,34,26,34.333,32.167,29.0,42,1.0,7.733,6.928,1.1839,1.4483,2265,1748.67,2265,1748.67,1.0,34.33,1.4483,0.6429,18.33,3.134,75.1,22.3,0.296,28,0,42,1
11-0-2026-03,Tumakuru,All,2026-03,11,0,24314,3,42,42,27,22,37.0,35.333,30.333,42,1.0,7.203,7.717,1.2198,1.3846,2094,1881.0,2094,1881.0,1.0,37.0,1.3846,0.5952,20.0,3.134,75.1,22.3,0.296,31,0,48,1
11-0-2026-04,Tumakuru,All,2026-04,11,0,24315,4,48,42,42,26,44.0,39.167,32.5,48,1.0,6.793,8.665,1.3538,1.4769,2455,2271.33,2455,2271.33,1.0,44.0,1.4769,0.5833,21.83,3.134,75.1,22.3,0.296,30,0,36,1
11-0-2026-05,Tumakuru,All,2026-05,11,0,24316,5,36,48,42,25,42.0,38.167,33.333,36,1.0,6.743,8.479,1.26,1.08,2324,2291.0,2324,2291.0,1.0,42.0,1.08,0.5833,21.33,3.134,75.1,22.3,0.296,31,0,46,1
11-0-2026-06,Tumakuru,All,2026-06,11,0,24317,6,46,36,48,34,43.333,40.167,35.083,46,1.0,6.986,8.741,1.2352,1.3112,2456,2411.67,2456,2411.67,1.0,43.33,1.3112,0.6304,24.17,3.134,75.1,22.3,0.296,30,0,54,1
12-0-2024-02,Davanagere,All,2024-02,12,0,24289,2,31,23,42,19,32.0,28.667,24.5,31,1.0,6.675,6.825,1.3061,1.2653,1240,1432.33,1240,1432.33,1.0,32.0,1.2653,0.5484,15.33,2.276,75.7,32.3,0.384,28,0,15,1
12-0-2024-03,Davanagere,All,2024-03,12,0,24290,3,15,31,23,25,23.0,26.833,24.167,15,1.0,8.434,7.174,0.9517,0.6207,1148,1225.0,1148,1225.0,1.0,23.0,0.6207,0.4,13.67,2.276,75.7,32.3,0.384,31,0,23,1
12-0-2024-04,Davanagere,All,2024-04,12,0,24291,4,23,15,31,22,23.0,27.0,24.0,23,1.0,8.347,7.176,0.9583,0.9583,1171,1186.33,1171,1186.33,1.0,23.0,0.9583,0.6087,13.5,2.276,75.7,32.3,0.384,30,0,19,1
12-0-2024-05,Davanagere,All,2024-05,12,0,24292,5,19,23,15,22,19.0,25.5,23.75,19,1.0,8.827,7.293,0.8,0.8,1175,1164.67,1175,1164.67,1.0,19.0,0.8,0.5263,13.0,2.276,75.7,32.3,0.384,31,1,28,1
12-0-2024-06,Davanagere,All,2024-06,12,0,24293,6,28,19,23,13,23.333,23.167,24.25,28,1.0,5.305,7.361,0.9622,1.1546,1270,1205.33,1270,1205.33,1.0,23.33,1.1546,0.8214,13.0,2.276,75.7,32.3,0.384,30,0,25,1
12-0-2024-07,Davanagere,All,2024-07,12,0,24294,7,25,28,19,21,24.0,23.5,25.25,25,1.0,5.346,6.534,0.9505,0.9901,1177,1207.33,1177,1207.33,1.0,24.0,0.9901,0.44,13.5,2.276,75.7,32.3,0.384,31,0,24,1
12-0-2024-08,Davanagere,All,2024-08,12,0,24295,8,24,25,28,26,25.667,22.333,25.5,24,1.0,4.23,6.423,1.0065,0.9412,1103,1183.33,1103,1183.33,1.0,25.67,0.9412,0.625,13.17,2.276,75.7,32.3,0.384,31,0,20,1
12-0-2024-09,Davanagere,All,2024-09,12,0,24296,9,20,24,25,22,23.0,23.167,25.0,20,1.0,3.023,6.595,0.92,0.8,1214,1164.67,1214,1164.67,1.0,23.0,0.8,0.3,13.17,2.276,75.7,32.3,0.384,30,0,23,1
12-0-2024-10,Davanagere,All,2024-10,12,0,24297,10,23,20,24,28,22.333,23.167,25.083,23,1.0,3.023,6.563,0.8904,0.9169,1190,1169.0,1190,1169.0,1.0,22.33,0.9169,0.6522,13.33,2.276,75.7,32.3,0.384,31,1,38,1
12-0-2024-11,Davanagere,All,2024-11,12,0,24298,11,38,23,20,42,27.0,26.333,25.917,38,1.0,5.735,7.455,1.0418,1.4662,1701,1368.33,1701,1368.33,1.0,27.0,1.4662,0.5263,15.0,2.276,75.7,32.3,0.384,30,0,30,1
12-0-2024-12,Davanagere,All,2024-12,12,0,24299,12,30,38,23,23,30.333,26.667,24.917,30,1.0,5.878,5.866,1.2174,1.204,1744,1545.0,1744,1545.0,1.0,30.33,1.204,0.5667,14.0,2.276,75.7,32.3,0.384,31,0,19,1
12-0-2025-01,Davanagere,All,2025-01,12,0,24300,1,19,30,38,31,29.0,25.667,24.583,19,1.0,6.549,6.075,1.1797,0.7729,1290,1578.33,1290,1578.33,1.0,29.0,0.7729,0.7895,14.67,2.276,75.7,32.3,0.384,31,0,24,1
12-0-2025-02,Davanagere,All,2025-02,12,0,24301,2,24,19,30,15,24.333,25.667,24.0,24,1.0,6.549,5.759,1.0139,1.0,1210,1414.67,1210,1414.67,1.0,24.33,1.0,0.375,13.67,2.276,75.7,32.3,0.384,28,0,22,1
12-0-2025-03,Davanagere,All,2025-03,12,0,24302,3,22,24,19,23,21.667,26.0,24.583,22,1.0,6.298,5.139,0.8814,0.8949,1077,1192.33,1077,1192.33,1.0,21.67,0.8949,0.5909,14.83,2.276,75.7,32.3,0.384,31,0,19,1
12-0-2025-04,Davanagere,All,2025-04,12,0,24303,4,19,22,24,19,21.667,25.333,24.25,19,1.0,6.774,5.356,0.8935,0.7835,1168,1151.67,1168,1151.67,1.0,21.67,0.7835,0.6842,14.5,2.276,75.7,32.3,0.384,30,0,15,1
12-0-2025-05,Davanagere,All,2025-05,12,0,24304,5,15,19,22,28,18.667,21.5,23.917,15,1.0,4.717,5.78,0.7805,0.6272,1168,1137.67,1168,1137.67,1.0,18.67,0.6272,0.4,12.17,2.276,75.7,32.3,0.384,31,0,20,1
12-0-2025-06,Davanagere,All,2025-06,12,0,24305,6,20,15,19,25,18.0,19.833,23.25,20,1.0,2.794,5.732,0.7742,0.8602,1190,1175.33,1190,1175.33,1.0,18.0,0.8602,0.6,11.33,2.276,75.7,32.3,0.384,30,0,24,1
12-0-2025-07,Davanagere,All,2025-07,12,0,24306,7,24,20,15,24,19.667,20.667,23.167,24,1.0,3.145,5.713,0.8489,1.036,1187,1181.67,1187,1181.67,1.0,19.67,1.036,0.5833,11.17,2.276,75.7,32.3,0.384,31,0,22,1
12-0-2025-08,Davanagere,All,2025-08,12,0,24307,8,22,24,20,20,22.0,20.333,23.0,22,1.0,2.867,5.715,0.9565,0.9565,1190,1189.0,1190,1189.0,1.0,22.0,0.9565,0.4545,11.33,2.276,75.7,32.3,0.384,31,0,23,1
12-0-2025-09,Davanagere,All,2025-09,12,0,24308,9,23,22,24,23,23.0,20.5,23.25,23,1.0,2.986,5.644,0.9892,0.9892,1214,1197.0,1214,1197.0,1.0,23.0,0.9892,0.3913,10.67,2.276,75.7,32.3,0.384,30,0,23,1
12-0-2025-10,Davanagere,All,2025-10,12,0,24309,10,23,23,22,38,22.667,21.167,23.25,23,1.0,3.023,5.644,0.9749,0.9892,1104,1169.33,1104,1169.33,1.0,22.67,0.9892,0.6087,10.83,2.276,75.7,32.3,0.384,31,1,33,1
12-0-2025-11,Davanagere,All,2025-11,12,0,24310,11,33,23,23,30,26.333,24.167,22.833,33,1.0,4.14,4.634,1.1533,1.4453,1707,1341.67,1707,1341.67,1.0,26.33,1.4453,0.4848,12.5,2.276,75.7,32.3,0.384,30,0,29,1
12-0-2025-12,Davanagere,All,2025-12,12,0,24311,12,29,33,23,19,28.333,25.667,22.75,29,1.0,3.986,4.512,1.2454,1.2747,1697,1502.67,1697,1502.67,1.0,28.33,1.2747,0.6207,13.5,2.276,75.7,32.3,0.384,31,0,26,1
12-0-2026-01,Davanagere,All,2026-01,12,0,24312,1,26,29,33,24,29.333,26.0,23.333,26,1.0,3.916,4.441,1.2571,1.1143,1284,1562.67,1284,1562.67,1.0,29.33,1.1143,0.5,13.33,2.276,75.7,32.3,0.384,31,1,46,1
12-0-2026-02,Davanagere,All,2026-02,12,0,24313,2,46,26,29,22,33.667,30.0,25.167,46,1.0,7.958,7.69,1.3377,1.8278,2265,1748.67,2265,1748.67,1.0,33.67,1.8278,0.4565,15.17,2.276,75.7,32.3,0.384,28,0,43,1
12-0-2026-03,Davanagere,All,2026-03,12,0,24314,3,43,46,26,19,38.333,33.333,26.917,43,1.0,8.498,9.041,1.4241,1.5975,2094,1881.0,2094,1881.0,1.0,38.33,1.5975,0.5349,17.5,2.276,75.7,32.3,0.384,31,0,42,1
12-0-2026-04,Davanagere,All,2026-04,12,0,24315,4,42,43,46,15,43.667,36.5,28.833,42,1.0,7.544,9.582,1.5145,1.4566,2455,2271.33,2455,2271.33,1.0,43.67,1.4566,0.5,18.67,2.276,75.7,32.3,0.384,30,0,44,1
12-0-2026-05,Davanagere,All,2026-05,12,0,24316,5,44,42,43,20,43.0,38.333,31.25,44,1.0,7.803,9.444,1.376,1.408,2324,2291.0,2324,2291.0,1.0,43.0,1.408,0.4545,19.33,2.276,75.7,32.3,0.384,31,0,30,1
12-0-2026-06,Davanagere,All,2026-06,12,0,24317,6,30,44,42,24,38.667,38.5,32.083,30,1.0,7.61,8.836,1.2052,0.9351,2456,2411.67,2456,2411.67,1.0,38.67,0.9351,0.6,19.33,2.276,75.7,32.3,0.384,30,0,36,1
13-0-2024-02,Udupi,All,2024-02,13,0,24289,2,19,24,25,17,22.667,21.167,20.75,19,1.0,2.794,4.474,1.0924,0.9157,1240,1432.33,1240,1432.33,1.0,22.67,0.9157,0.5789,13.17,1.378,86.2,28.5,0.355,28,0,22,1
13-0-2024-03,Udupi,All,2024-03,13,0,24290,3,22,19,24,23,21.667,21.167,21.167,22,1.0,2.794,4.337,1.0236,1.0394,1148,1225.0,1148,1225.0,1.0,21.67,1.0394,0.5909,13.17,1.378,86.2,28.5,0.355,31,0,13,1
13-0-2024-04,Udupi,All,2024-04,13,0,24291,4,13,22,19,13,18.0,20.5,20.333,13,1.0,3.948,4.836,0.8852,0.6393,1171,1186.33,1171,1186.33,1.0,18.0,0.6393,0.1538,11.67,1.378,86.2,28.5,0.355,30,0,22,1
13-0-2024-05,Udupi,All,2024-05,13,0,24292,5,22,13,22,26,19.0,20.833,21.083,22,1.0,3.976,4.31,0.9012,1.0435,1175,1164.67,1175,1164.67,1.0,19.0,1.0435,0.6364,11.83,1.378,86.2,28.5,0.355,31,0,22,1
13-0-2024-06,Udupi,All,2024-06,13,0,24293,6,22,22,13,15,19.0,20.333,20.75,22,1.0,3.59,4.065,0.9157,1.0602,1270,1205.33,1270,1205.33,1.0,19.0,1.0602,0.4545,11.0,1.378,86.2,28.5,0.355,30,0,15,1
13-0-2024-07,Udupi,All,2024-07,13,0,24294,7,15,22,22,28,19.667,18.833,20.75,15,1.0,3.625,4.065,0.9478,0.7229,1177,1207.33,1177,1207.33,1.0,19.67,0.7229,0.6,9.83,1.378,86.2,28.5,0.355,31,0,11,1
13-0-2024-08,Udupi,All,2024-08,13,0,24295,8,11,15,22,22,16.0,17.5,19.333,11,1.0,4.646,4.249,0.8276,0.569,1103,1183.33,1103,1183.33,1.0,16.0,0.569,0.6364,9.17,1.378,86.2,28.5,0.355,31,0,17,1
13-0-2024-09,Udupi,All,2024-09,13,0,24296,9,17,11,15,17,14.333,16.667,18.917,17,1.0,4.19,4.212,0.7577,0.8987,1214,1164.67,1214,1164.67,1.0,14.33,0.8987,0.6471,8.83,1.378,86.2,28.5,0.355,30,1,27,1
13-0-2024-10,Udupi,All,2024-10,13,0,24297,10,27,17,11,20,18.333,19.0,19.75,27,1.0,5.26,4.71,0.9283,1.3671,1190,1169.0,1190,1169.0,1.0,18.33,1.3671,0.5556,11.0,1.378,86.2,28.5,0.355,31,0,23,1
13-0-2024-11,Udupi,All,2024-11,13,0,24298,11,23,27,17,25,22.333,19.167,20.0,23,1.0,5.367,4.796,1.1167,1.15,1701,1368.33,1701,1368.33,1.0,22.33,1.15,0.6087,11.0,1.378,86.2,28.5,0.355,30,0,27,1
13-0-2024-12,Udupi,All,2024-12,13,0,24299,12,27,23,27,24,25.667,20.0,20.167,27,1.0,6.083,4.997,1.2727,1.3388,1744,1545.0,1744,1545.0,1.0,25.67,1.3388,0.5556,11.83,1.378,86.2,28.5,0.355,31,0,24,1
13-0-2025-01,Udupi,All,2025-01,13,0,24300,1,24,27,23,19,24.667,21.5,20.167,24,1.0,5.766,4.997,1.2231,1.1901,1290,1578.33,1290,1578.33,1.0,24.67,1.1901,0.4583,12.17,1.378,86.2,28.5,0.355,31,0,16,1
13-0-2025-02,Udupi,All,2025-02,13,0,24301,2,16,24,27,22,22.333,22.333,19.917,16,1.0,4.384,5.123,1.1213,0.8033,1210,1414.67,1210,1414.67,1.0,22.33,0.8033,0.5625,12.5,1.378,86.2,28.5,0.355,28,0,12,1
13-0-2025-03,Udupi,All,2025-03,13,0,24302,3,12,16,24,13,17.333,21.5,19.083,12,1.0,5.62,5.515,0.9083,0.6288,1077,1192.33,1077,1192.33,1.0,17.33,0.6288,0.6667,12.0,1.378,86.2,28.5,0.355,31,0,18,1
13-0-2025-04,Udupi,All,2025-04,13,0,24303,4,18,12,16,22,15.333,20.0,19.5,18,1.0,5.132,5.22,0.7863,0.9231,1168,1151.67,1168,1151.67,1.0,15.33,0.9231,0.5556,11.17,1.378,86.2,28.5,0.355,30,0,12,1
13-0-2025-05,Udupi,All,2025-05,13,0,24304,5,12,18,12,22,14.0,18.167,18.667,12,1.0,5.669,5.543,0.75,0.6429,1168,1137.67,1168,1137.67,1.0,14.0,0.6429,0.3333,9.5,1.378,86.2,28.5,0.355,31,0,18,1
13-0-2025-06,Udupi,All,2025-06,13,0,24305,6,18,12,18,15,16.0,16.667,18.333,18,1.0,4.11,5.452,0.8727,0.9818,1190,1175.33,1190,1175.33,1.0,16.0,0.9818,0.6667,9.0,1.378,86.2,28.5,0.355,30,0,20,1
13-0-2025-07,Udupi,All,2025-07,13,0,24306,7,20,18,12,11,16.667,16.0,18.75,20,1.0,3.055,5.372,0.8889,1.0667,1187,1181.67,1187,1181.67,1.0,16.67,1.0667,0.65,9.33,1.378,86.2,28.5,0.355,31,0,19,1
13-0-2025-08,Udupi,All,2025-08,13,0,24307,8,19,20,18,17,19.0,16.5,19.417,19,1.0,3.253,4.838,0.9785,0.9785,1190,1189.0,1190,1189.0,1.0,19.0,0.9785,0.7895,10.33,1.378,86.2,28.5,0.355,31,0,26,1
13-0-2025-09,Udupi,All,2025-09,13,0,24308,9,26,19,20,27,21.667,18.833,20.167,26,1.0,4.099,5.096,1.0744,1.2893,1214,1197.0,1214,1197.0,1.0,21.67,1.2893,0.5769,11.5,1.378,86.2,28.5,0.355,30,0,14,1
13-0-2025-10,Udupi,All,2025-10,13,0,24309,10,14,26,19,23,19.667,18.167,19.083,14,1.0,4.488,4.907,1.0306,0.7336,1104,1169.33,1104,1169.33,1.0,19.67,0.7336,0.4286,10.83,1.378,86.2,28.5,0.355,31,1,38,1
13-0-2025-11,Udupi,All,2025-11,13,0,24310,11,38,14,26,27,26.0,22.5,20.333,38,1.0,7.784,7.145,1.2787,1.8689,1707,1341.67,1707,1341.67,1.0,26.0,1.8689,0.6316,14.17,1.378,86.2,28.5,0.355,30,0,21,1
13-0-2025-12,Udupi,All,2025-12,13,0,24311,12,21,38,14,24,24.333,23.0,19.833,21,1.0,7.572,6.866,1.2269,1.0588,1697,1502.67,1697,1502.67,1.0,24.33,1.0588,0.3333,13.33,1.378,86.2,28.5,0.355,31,0,14,1
13-0-2026-01,Udupi,All,2026-01,13,0,24312,1,14,21,38,16,24.333,22.0,19.0,14,1.0,8.266,6.916,1.2807,0.7368,1284,1562.67,1284,1562.67,1.0,24.33,0.7368,0.5714,12.5,1.378,86.2,28.5,0.355,31,1,42,1
13-0-2026-02,Udupi,All,2026-02,13,0,24313,2,42,14,21,12,25.667,25.833,21.167,42,1.0,10.9,9.299,1.2126,1.9843,2265,1748.67,2265,1748.67,1.0,25.67,1.9843,0.5476,13.83,1.378,86.2,28.5,0.355,28,0,32,1
13-0-2026-03,Udupi,All,2026-03,13,0,24314,3,32,42,14,18,29.333,26.833,22.833,32,1.0,11.142,9.299,1.2847,1.4015,2094,1881.0,2094,1881.0,1.0,29.33,1.4015,0.4688,13.83,1.378,86.2,28.5,0.355,31,1,42,1
13-0-2026-04,Udupi,All,2026-04,13,0,24315,4,42,32,42,12,38.667,31.5,24.833,42,1.0,10.642,10.542,1.557,1.6913,2455,2271.33,2455,2271.33,1.0,38.67,1.6913,0.5952,17.0,1.378,86.2,28.5,0.355,30,0,43,1
13-0-2026-05,Udupi,All,2026-05,13,0,24316,5,43,42,32,18,39.0,32.333,27.417,43,1.0,11.294,10.874,1.4225,1.5684,2324,2291.0,2324,2291.0,1.0,39.0,1.5684,0.5116,16.67,1.378,86.2,28.5,0.355,31,0,36,1
13-0-2026-06,Udupi,All,2026-06,13,0,24317,6,36,43,42,20,40.333,34.833,28.917,36,1.0,10.106,10.712,1.3948,1.245,2456,2411.67,2456,2411.67,1.0,40.33,1.245,0.5556,18.83,1.378,86.2,28.5,0.355,30,0,35,1
14-0-2024-02,Hassan,All,2024-02,14,0,24289,2,21,23,38,15,27.333,24.833,21.25,21,1.0,7.057,6.66,1.2863,0.9882,1240,1432.33,1240,1432.33,1.0,27.33,0.9882,0.4762,12.5,2.078,75.9,21.4,0.305,28,0,22,1
14-0-2024-03,Hassan,All,2024-03,14,0,24290,3,22,21,23,19,22.0,23.833,21.833,22,1.0,6.962,6.388,1.0076,1.0076,1148,1225.0,1148,1225.0,1.0,22.0,1.0076,0.5,11.67,2.078,75.9,21.4,0.305,31,0,27,1
14-0-2024-04,Hassan,All,2024-04,14,0,24291,4,27,22,21,16,23.333,25.833,22.5,27,1.0,5.757,6.474,1.037,1.2,1171,1186.33,1171,1186.33,1.0,23.33,1.2,0.5185,12.33,2.078,75.9,21.4,0.305,30,0,17,1
14-0-2024-05,Hassan,All,2024-05,14,0,24292,5,17,27,22,25,22.0,24.667,22.583,17,1.0,6.65,6.396,0.9742,0.7528,1175,1164.67,1175,1164.67,1.0,22.0,0.7528,0.7059,12.0,2.078,75.9,21.4,0.305,31,0,15,1
14-0-2024-06,Hassan,All,2024-06,14,0,24293,6,15,17,27,17,19.667,20.833,21.75,15,1.0,3.933,6.672,0.9042,0.6897,1270,1205.33,1270,1205.33,1.0,19.67,0.6897,0.4667,10.67,2.078,75.9,21.4,0.305,30,0,16,1
14-0-2024-07,Hassan,All,2024-07,14,0,24294,7,16,15,17,14,16.0,19.667,21.667,16,1.0,4.15,6.737,0.7385,0.7385,1177,1207.33,1177,1207.33,1.0,16.0,0.7385,0.6875,10.83,2.078,75.9,21.4,0.305,31,0,18,1
14-0-2024-08,Hassan,All,2024-08,14,0,24295,8,18,16,15,28,16.333,19.167,22.0,18,1.0,4.14,6.442,0.7424,0.8182,1103,1183.33,1103,1183.33,1.0,16.33,0.8182,0.6111,11.0,2.078,75.9,21.4,0.305,31,0,17,1
14-0-2024-09,Hassan,All,2024-09,14,0,24296,9,17,18,16,15,17.0,18.333,21.083,17,1.0,3.986,6.304,0.8063,0.8063,1214,1164.67,1214,1164.67,1.0,17.0,0.8063,0.5294,10.67,2.078,75.9,21.4,0.305,30,0,22,1
14-0-2024-10,Hassan,All,2024-10,14,0,24297,10,22,17,18,24,19.0,17.5,21.667,22,1.0,2.217,6.032,0.8769,1.0154,1190,1169.0,1190,1169.0,1.0,19.0,1.0154,0.5455,10.33,2.078,75.9,21.4,0.305,31,1,29,1
14-0-2024-11,Hassan,All,2024-11,14,0,24298,11,29,22,17,38,22.667,19.5,22.083,29,1.0,4.787,6.344,1.0264,1.3132,1701,1368.33,1701,1368.33,1.0,22.67,1.3132,0.5862,11.17,2.078,75.9,21.4,0.305,30,0,21,1
14-0-2024-12,Hassan,All,2024-12,14,0,24299,12,21,29,22,23,24.0,20.5,20.667,21,1.0,4.349,4.15,1.1613,1.0161,1744,1545.0,1744,1545.0,1.0,24.0,1.0161,0.4286,11.5,2.078,75.9,21.4,0.305,31,0,19,1
14-0-2025-01,Hassan,All,2025-01,14,0,24300,1,19,21,29,21,23.0,21.0,20.333,19,1.0,3.958,4.11,1.1311,0.9344,1290,1578.33,1290,1578.33,1.0,23.0,0.9344,0.4737,11.17,2.078,75.9,21.4,0.305,31,0,23,1
14-0-2025-02,Hassan,All,2025-02,14,0,24301,2,23,19,21,22,21.0,21.833,20.5,23,1.0,3.76,4.173,1.0244,1.122,1210,1414.67,1210,1414.67,1.0,21.0,1.122,0.5217,11.33,2.078,75.9,21.4,0.305,28,0,8,1
14-0-2025-03,Hassan,All,2025-03,14,0,24302,3,8,23,19,27,16.667,20.333,19.333,8,1.0,6.316,5.375,0.8621,0.4138,1077,1192.33,1077,1192.33,1.0,16.67,0.4138,0.5,10.5,2.078,75.9,21.4,0.305,31,0,18,1
14-0-2025-04,Hassan,All,2025-04,14,0,24303,4,18,8,23,17,16.333,19.667,18.583,18,1.0,6.316,4.856,0.8789,0.9686,1168,1151.67,1168,1151.67,1.0,16.33,0.9686,0.6111,10.33,2.078,75.9,21.4,0.305,30,1,25,1
14-0-2025-05,Hassan,All,2025-05,14,0,24304,5,25,18,8,15,17.0,19.0,19.25,25,1.0,5.447,5.134,0.8831,1.2987,1168,1137.67,1168,1137.67,1.0,17.0,1.2987,0.6,10.0,2.078,75.9,21.4,0.305,31,0,6,1
14-0-2025-06,Hassan,All,2025-06,14,0,24305,6,6,25,18,16,16.333,16.5,18.5,6,1.0,7.136,6.238,0.8829,0.3243,1190,1175.33,1190,1175.33,1.0,16.33,0.3243,0.6667,9.17,2.078,75.9,21.4,0.305,30,0,17,1
14-0-2025-07,Hassan,All,2025-07,14,0,24306,7,17,6,25,18,16.0,16.167,18.583,17,1.0,7.057,6.211,0.861,0.9148,1187,1181.67,1187,1181.67,1.0,16.0,0.9148,0.4118,8.83,2.078,75.9,21.4,0.305,31,0,20,1
14-0-2025-08,Hassan,All,2025-08,14,0,24307,8,20,17,6,17,14.333,15.667,18.75,20,1.0,6.65,6.22,0.7644,1.0667,1190,1189.0,1190,1189.0,1.0,14.33,1.0667,0.4,8.17,2.078,75.9,21.4,0.305,31,1,28,1
14-0-2025-09,Hassan,All,2025-09,14,0,24308,9,28,20,17,22,21.667,19.0,19.667,28,1.0,6.976,6.687,1.1017,1.4237,1214,1197.0,1214,1197.0,1.0,21.67,1.4237,0.4643,9.67,2.078,75.9,21.4,0.305,30,0,22,1
14-0-2025-10,Hassan,All,2025-10,14,0,24309,10,22,28,20,29,23.333,19.667,19.667,22,1.0,7.04,6.687,1.1864,1.1186,1104,1169.33,1104,1169.33,1.0,23.33,1.1186,0.5455,9.83,2.078,75.9,21.4,0.305,31,0,22,1
14-0-2025-11,Hassan,All,2025-11,14,0,24310,11,22,22,28,21,24.0,19.167,19.083,22,1.0,6.743,6.13,1.2576,1.1528,1707,1341.67,1707,1341.67,1.0,24.0,1.1528,0.6818,9.83,2.078,75.9,21.4,0.305,30,0,27,1
14-0-2025-12,Hassan,All,2025-12,14,0,24311,12,27,22,22,19,23.667,22.667,19.583,27,1.0,3.815,6.499,1.2085,1.3787,1697,1502.67,1697,1502.67,1.0,23.67,1.3787,0.5926,11.83,2.078,75.9,21.4,0.305,31,0,20,1
14-0-2026-01,Hassan,All,2026-01,14,0,24312,1,20,27,22,23,23.0,23.167,19.667,20,1.0,3.184,6.498,1.1695,1.0169,1284,1562.67,1284,1562.67,1.0,23.0,1.0169,0.45,12.17,2.078,75.9,21.4,0.305,31,1,46,1
14-0-2026-02,Hassan,All,2026-02,14,0,24313,2,46,20,27,8,31.0,27.5,21.583,46,1.0,8.751,9.768,1.4363,2.1313,2265,1748.67,2265,1748.67,1.0,31.0,2.1313,0.6304,15.67,2.078,75.9,21.4,0.305,28,0,32,1
14-0-2026-03,Hassan,All,2026-03,14,0,24314,3,32,46,20,18,32.667,28.167,23.583,32,1.0,8.915,9.224,1.3852,1.3569,2094,1881.0,2094,1881.0,1.0,32.67,1.3569,0.5625,16.5,2.078,75.9,21.4,0.305,31,0,40,1
14-0-2026-04,Hassan,All,2026-04,14,0,24315,4,40,32,46,25,39.333,31.167,25.417,40,1.0,9.353,10.079,1.5475,1.5738,2455,2271.33,2455,2271.33,1.0,39.33,1.5738,0.45,17.5,2.078,75.9,21.4,0.305,30,0,34,1
14-0-2026-05,Hassan,All,2026-05,14,0,24316,5,34,40,32,6,35.333,33.167,26.167,34,1.0,8.415,10.351,1.3503,1.2994,2324,2291.0,2324,2291.0,1.0,35.33,1.2994,0.4412,17.5,2.078,75.9,21.4,0.305,31,1,54,1
14-0-2026-06,Hassan,All,2026-06,14,0,24317,6,54,34,40,17,42.667,37.667,30.167,54,1.0,10.796,11.037,1.4144,1.7901,2456,2411.67,2456,2411.67,1.0,42.67,1.7901,0.5556,19.83,2.078,75.9,21.4,0.305,30,0,27,1
15-0-2024-02,Mandya,All,2024-02,15,0,24289,2,21,17,20,13,19.333,22.167,18.917,21,1.0,3.532,6.751,1.022,1.1101,1240,1432.33,1240,1432.33,1.0,19.33,1.1101,0.619,11.17,2.113,70.1,17.1,0.426,28,0,15,1
15-0-2024-03,Mandya,All,2024-03,15,0,24290,3,15,21,17,13,17.667,21.0,19.083,15,1.0,4.435,6.626,0.9258,0.786,1148,1225.0,1148,1225.0,1.0,17.67,0.786,0.3333,10.17,2.113,70.1,17.1,0.426,31,1,28,1
15-0-2024-04,Mandya,All,2024-04,15,0,24291,4,28,15,21,10,21.333,21.5,20.333,28,1.0,4.992,6.774,1.0492,1.377,1171,1186.33,1171,1186.33,1.0,21.33,1.377,0.4286,10.33,2.113,70.1,17.1,0.426,30,0,17,1
15-0-2024-05,Mandya,All,2024-05,15,0,24292,5,17,28,15,16,20.0,19.667,20.917,17,1.0,4.23,6.13,0.9562,0.8127,1175,1164.67,1175,1164.67,1.0,20.0,0.8127,0.6471,9.83,2.113,70.1,17.1,0.426,31,0,16,1
15-0-2024-06,Mandya,All,2024-06,15,0,24293,6,16,17,28,10,20.333,19.0,20.917,16,1.0,4.435,6.13,0.9721,0.7649,1270,1205.33,1270,1205.33,1.0,20.33,0.7649,0.5,9.5,2.113,70.1,17.1,0.426,30,1,33,1
15-0-2024-07,Mandya,All,2024-07,15,0,24294,7,33,16,17,32,22.0,21.667,22.833,33,1.0,6.675,6.012,0.9635,1.4453,1177,1207.33,1177,1207.33,1.0,22.0,1.4453,0.5152,11.0,2.113,70.1,17.1,0.426,31,0,16,1
15-0-2024-08,Mandya,All,2024-08,15,0,24295,8,16,33,16,22,21.667,20.833,21.5,16,1.0,7.01,5.59,1.0078,0.7442,1103,1183.33,1103,1183.33,1.0,21.67,0.7442,0.4375,10.0,2.113,70.1,17.1,0.426,31,0,30,1
15-0-2024-09,Mandya,All,2024-09,15,0,24296,9,30,16,33,25,26.333,23.333,22.167,30,1.0,7.157,6.067,1.188,1.3534,1214,1164.67,1214,1164.67,1.0,26.33,1.3534,0.4667,11.5,2.113,70.1,17.1,0.426,30,0,22,1
15-0-2024-10,Mandya,All,2024-10,15,0,24297,10,22,30,16,28,22.667,22.333,21.917,22,1.0,6.848,6.006,1.0342,1.0038,1190,1169.0,1190,1169.0,1.0,22.67,1.0038,0.5,11.33,2.113,70.1,17.1,0.426,31,1,32,1
15-0-2024-11,Mandya,All,2024-11,15,0,24298,11,32,22,30,20,28.0,24.833,22.25,32,1.0,7.174,6.431,1.2584,1.4382,1701,1368.33,1701,1368.33,1.0,28.0,1.4382,0.6562,13.0,2.113,70.1,17.1,0.426,30,0,37,1
15-0-2024-12,Mandya,All,2024-12,15,0,24299,12,37,32,22,17,30.333,28.333,23.667,37,1.0,7.134,7.554,1.2817,1.5634,1744,1545.0,1744,1545.0,1.0,30.33,1.5634,0.5676,15.17,2.113,70.1,17.1,0.426,31,0,19,1
15-0-2025-01,Mandya,All,2025-01,15,0,24300,1,19,37,32,21,29.333,26.0,23.833,19,1.0,7.506,7.426,1.2308,0.7972,1290,1578.33,1290,1578.33,1.0,29.33,0.7972,0.5263,14.0,2.113,70.1,17.1,0.426,31,0,24,1
15-0-2025-02,Mandya,All,2025-02,15,0,24301,2,24,19,37,15,26.667,27.333,24.083,24,1.0,6.209,7.376,1.1073,0.9965,1210,1414.67,1210,1414.67,1.0,26.67,0.9965,0.5417,15.0,2.113,70.1,17.1,0.426,28,0,19,1
15-0-2025-03,Mandya,All,2025-03,15,0,24302,3,19,24,19,28,20.667,25.5,24.417,19,1.0,6.752,7.041,0.8464,0.7782,1077,1192.33,1077,1192.33,1.0,20.67,0.7782,0.6316,14.67,2.113,70.1,17.1,0.426,31,1,31,1
15-0-2025-04,Mandya,All,2025-04,15,0,24303,4,31,19,24,17,24.667,27.0,24.667,31,1.0,6.807,7.215,1.0,1.2568,1168,1151.67,1168,1151.67,1.0,24.67,1.2568,0.5484,15.67,2.113,70.1,17.1,0.426,30,0,15,1
15-0-2025-05,Mandya,All,2025-05,15,0,24304,5,15,31,19,16,21.667,24.167,24.5,15,1.0,7.625,7.411,0.8844,0.6122,1168,1137.67,1168,1137.67,1.0,21.67,0.6122,0.8,14.17,2.113,70.1,17.1,0.426,31,0,21,1
15-0-2025-06,Mandya,All,2025-06,15,0,24305,6,21,15,31,33,22.333,21.5,24.917,21,1.0,5.025,7.053,0.8963,0.8428,1190,1175.33,1190,1175.33,1.0,22.33,0.8428,0.5714,12.67,2.113,70.1,17.1,0.426,30,0,13,1
15-0-2025-07,Mandya,All,2025-07,15,0,24306,7,13,21,15,16,16.333,20.5,23.25,13,1.0,5.937,7.304,0.7025,0.5591,1187,1181.67,1187,1181.67,1.0,16.33,0.5591,0.6154,12.33,2.113,70.1,17.1,0.426,31,0,21,1
15-0-2025-08,Mandya,All,2025-08,15,0,24307,8,21,13,21,30,18.333,20.0,23.667,21,1.0,5.745,7.016,0.7746,0.8873,1190,1189.0,1190,1189.0,1.0,18.33,0.8873,0.3333,11.33,2.113,70.1,17.1,0.426,31,0,15,1
15-0-2025-09,Mandya,All,2025-09,15,0,24308,9,15,21,13,22,16.333,19.333,22.417,15,1.0,6.046,7.112,0.7286,0.6691,1214,1197.0,1214,1197.0,1.0,16.33,0.6691,0.5333,10.67,2.113,70.1,17.1,0.426,30,1,25,1
15-0-2025-10,Mandya,All,2025-10,15,0,24309,10,25,15,21,32,20.333,18.333,22.667,25,1.0,4.269,7.145,0.8971,1.1029,1104,1169.33,1104,1169.33,1.0,20.33,1.1029,0.56,10.17,2.113,70.1,17.1,0.426,31,0,25,1
15-0-2025-11,Mandya,All,2025-11,15,0,24310,11,25,25,15,37,21.667,20.0,22.083,25,1.0,4.583,6.626,0.9811,1.1321,1707,1341.67,1707,1341.67,1.0,21.67,1.1321,0.52,10.33,2.113,70.1,17.1,0.426,30,1,34,1
15-0-2025-12,Mandya,All,2025-12,15,0,24311,12,34,25,25,19,28.0,22.167,21.833,34,1.0,6.986,6.094,1.2824,1.5573,1697,1502.67,1697,1502.67,1.0,28.0,1.5573,0.5294,11.33,2.113,70.1,17.1,0.426,31,0,19,1
15-0-2026-01,Mandya,All,2026-01,15,0,24312,1,19,34,25,24,26.0,23.167,21.833,19,1.0,5.956,6.094,1.1908,0.8702,1284,1562.67,1284,1562.67,1.0,26.0,0.8702,0.6842,12.17,2.113,70.1,17.1,0.426,31,1,38,1
15-0-2026-02,Mandya,All,2026-02,15,0,24313,2,38,19,34,19,30.333,26.0,23.0,38,1.0,7.958,7.561,1.3188,1.6522,2265,1748.67,2265,1748.67,1.0,30.33,1.6522,0.4737,14.0,2.113,70.1,17.1,0.426,28,0,34,1
15-0-2026-03,Mandya,All,2026-03,15,0,24314,3,34,38,19,31,30.333,29.167,24.25,34,1.0,6.619,8.022,1.2509,1.4021,2094,1881.0,2094,1881.0,1.0,30.33,1.4021,0.6765,16.5,2.113,70.1,17.1,0.426,31,1,46,1
15-0-2026-04,Mandya,All,2026-04,15,0,24315,4,46,34,38,15,39.333,32.667,25.5,46,1.0,8.711,9.921,1.5425,1.8039,2455,2271.33,2455,2271.33,1.0,39.33,1.8039,0.4783,17.83,2.113,70.1,17.1,0.426,30,0,43,1
15-0-2026-05,Mandya,All,2026-05,15,0,24316,5,43,46,34,21,41.0,35.667,27.833,43,1.0,8.654,10.455,1.4731,1.5449,2324,2291.0,2324,2291.0,1.0,41.0,1.5449,0.5349,19.5,2.113,70.1,17.1,0.426,31,0,39,1
15-0-2026-06,Mandya,All,2026-06,15,0,24317,6,39,43,46,13,42.667,36.5,29.333,39,1.0,8.694,10.656,1.4545,1.3295,2456,2411.67,2456,2411.67,1.0,42.67,1.3295,0.5641,20.17,2.113,70.1,17.1,0.426,30,0,39,1
16-0-2024-02,Chitradurga,All,2024-02,16,0,24289,2,20,13,21,13,18.0,18.5,15.083,20,1.0,5.737,6.062,1.1934,1.326,1240,1432.33,1240,1432.33,1.0,18.0,1.326,0.6,11.0,1.942,73.7,19.5,0.23,28,0,17,1
16-0-2024-03,Chitradurga,All,2024-03,16,0,24290,3,17,20,13,7,16.667,19.833,15.417,17,1.0,4.059,6.048,1.0811,1.1027,1148,1225.0,1148,1225.0,1.0,16.67,1.1027,0.4706,11.33,1.942,73.7,19.5,0.23,31,0,15,1
16-0-2024-04,Chitradurga,All,2024-04,16,0,24291,4,15,17,20,6,17.333,18.667,16.083,15,1.0,4.269,5.499,1.0777,0.9326,1171,1186.33,1171,1186.33,1.0,17.33,0.9326,0.5333,10.5,1.942,73.7,19.5,0.23,30,0,15,1
16-0-2024-05,Chitradurga,All,2024-05,16,0,24292,5,15,15,17,16,15.667,16.833,16.833,15,1.0,2.853,4.616,0.9307,0.8911,1175,1164.67,1175,1164.67,1.0,15.67,0.8911,0.5333,10.17,1.942,73.7,19.5,0.23,31,0,14,1
16-0-2024-06,Chitradurga,All,2024-06,16,0,24293,6,14,15,15,17,14.667,15.667,16.667,14,1.0,2.285,4.679,0.88,0.84,1270,1205.33,1270,1205.33,1.0,14.67,0.84,0.7143,9.0,1.942,73.7,19.5,0.23,30,0,9,1
16-0-2024-07,Chitradurga,All,2024-07,16,0,24294,7,9,14,15,11,12.667,15.0,16.0,9,1.0,3.317,5.132,0.7917,0.5625,1177,1207.33,1177,1207.33,1.0,12.67,0.5625,0.4444,8.33,1.942,73.7,19.5,0.23,31,1,18,1
16-0-2024-08,Chitradurga,All,2024-08,16,0,24295,8,18,9,14,9,13.667,14.667,16.583,18,1.0,2.867,4.924,0.8241,1.0854,1103,1183.33,1103,1183.33,1.0,13.67,1.0854,0.4444,7.67,1.942,73.7,19.5,0.23,31,0,16,1
16-0-2024-09,Chitradurga,All,2024-09,16,0,24296,9,16,18,9,22,14.333,14.5,17.167,16,1.0,2.754,4.375,0.835,0.932,1214,1164.67,1214,1164.67,1.0,14.33,0.932,0.4375,7.5,1.942,73.7,19.5,0.23,30,0,8,1
16-0-2024-10,Chitradurga,All,2024-10,16,0,24297,10,8,16,18,26,14.0,13.333,16.0,8,1.0,3.636,4.778,0.875,0.5,1190,1169.0,1190,1169.0,1.0,14.0,0.5,0.625,7.0,1.942,73.7,19.5,0.23,31,1,23,1
16-0-2024-11,Chitradurga,All,2024-11,16,0,24298,11,23,8,16,21,15.667,14.667,15.75,23,1.0,5.153,4.304,0.9947,1.4603,1701,1368.33,1701,1368.33,1.0,15.67,1.4603,0.4348,7.33,1.942,73.7,19.5,0.23,30,0,19,1
16-0-2024-12,Chitradurga,All,2024-12,16,0,24299,12,19,23,8,13,16.667,15.5,15.583,19,1.0,5.377,4.132,1.0695,1.2193,1744,1545.0,1744,1545.0,1.0,16.67,1.2193,0.5789,7.5,1.942,73.7,19.5,0.23,31,0,18,1
16-0-2025-01,Chitradurga,All,2025-01,16,0,24300,1,18,19,23,20,20.0,17.0,16.0,18,1.0,4.546,4.103,1.25,1.125,1290,1578.33,1290,1578.33,1.0,20.0,1.125,0.7222,9.0,1.942,73.7,19.5,0.23,31,0,16,1
16-0-2025-02,Chitradurga,All,2025-02,16,0,24301,2,16,18,19,17,17.667,16.667,15.667,16,1.0,4.534,3.923,1.1277,1.0213,1210,1414.67,1210,1414.67,1.0,17.67,1.0213,0.5,9.0,1.942,73.7,19.5,0.23,28,0,13,1
16-0-2025-03,Chitradurga,All,2025-03,16,0,24302,3,13,16,18,15,15.667,16.167,15.333,13,1.0,4.74,3.965,1.0217,0.8478,1077,1192.33,1077,1192.33,1.0,15.67,0.8478,0.5385,9.0,1.942,73.7,19.5,0.23,31,0,17,1
16-0-2025-04,Chitradurga,All,2025-04,16,0,24303,4,17,13,16,15,15.333,17.667,15.5,17,1.0,3.037,3.99,0.9892,1.0968,1168,1151.67,1168,1151.67,1.0,15.33,1.0968,0.7059,10.17,1.942,73.7,19.5,0.23,30,0,14,1
16-0-2025-05,Chitradurga,All,2025-05,16,0,24304,5,14,17,13,14,14.667,16.167,15.417,14,1.0,2.115,4.01,0.9514,0.9081,1168,1137.67,1168,1137.67,1.0,14.67,0.9081,0.4286,9.5,1.942,73.7,19.5,0.23,31,0,14,1
16-0-2025-06,Chitradurga,All,2025-06,16,0,24305,6,14,14,17,9,15.0,15.333,15.417,14,1.0,1.795,4.01,0.973,0.9081,1190,1175.33,1190,1175.33,1.0,15.0,0.9081,0.5,8.83,1.942,73.7,19.5,0.23,30,0,17,1
16-0-2025-07,Chitradurga,All,2025-07,16,0,24306,7,17,14,14,18,15.0,15.167,16.083,17,1.0,1.572,3.523,0.9326,1.057,1187,1181.67,1187,1181.67,1.0,15.0,1.057,0.7647,8.83,1.942,73.7,19.5,0.23,31,0,16,1
16-0-2025-08,Chitradurga,All,2025-08,16,0,24307,8,16,17,14,16,15.667,15.167,15.917,16,1.0,1.572,3.475,0.9843,1.0052,1190,1189.0,1190,1189.0,1.0,15.67,1.0052,0.5625,9.0,1.942,73.7,19.5,0.23,31,0,14,1
16-0-2025-09,Chitradurga,All,2025-09,16,0,24308,9,14,16,17,8,15.667,15.333,15.75,14,1.0,1.374,3.515,0.9947,0.8889,1214,1197.0,1214,1197.0,1.0,15.67,0.8889,0.7143,9.5,1.942,73.7,19.5,0.23,30,0,11,1
16-0-2025-10,Chitradurga,All,2025-10,16,0,24309,10,11,14,16,23,13.667,14.333,16.0,11,1.0,1.886,3.028,0.8542,0.6875,1104,1169.33,1104,1169.33,1.0,13.67,0.6875,0.5455,8.5,1.942,73.7,19.5,0.23,31,1,28,1
16-0-2025-11,Chitradurga,All,2025-11,16,0,24310,11,28,11,14,19,17.667,16.667,16.417,28,1.0,5.406,4.112,1.0761,1.7056,1707,1341.67,1707,1341.67,1.0,17.67,1.7056,0.6071,10.33,1.942,73.7,19.5,0.23,30,1,27,1
16-0-2025-12,Chitradurga,All,2025-12,16,0,24311,12,27,28,11,18,22.0,18.833,17.083,27,1.0,6.414,5.024,1.2878,1.5805,1697,1502.67,1697,1502.67,1.0,22.0,1.5805,0.2963,10.5,1.942,73.7,19.5,0.23,31,0,14,1
16-0-2026-01,Chitradurga,All,2026-01,16,0,24312,1,14,27,28,16,23.0,18.333,16.75,14,1.0,6.65,5.085,1.3731,0.8358,1284,1562.67,1284,1562.67,1.0,23.0,0.8358,0.2143,8.83,1.942,73.7,19.5,0.23,31,0,31,1
16-0-2026-02,Chitradurga,All,2026-02,16,0,24313,2,31,14,27,13,24.0,20.833,18.0,31,1.0,7.988,6.416,1.3333,1.7222,2265,1748.67,2265,1748.67,1.0,24.0,1.7222,0.4839,9.83,1.942,73.7,19.5,0.23,28,0,28,1
16-0-2026-03,Chitradurga,All,2026-03,16,0,24314,3,28,31,14,17,24.333,23.167,19.25,28,1.0,7.69,6.772,1.2641,1.4545,2094,1881.0,2094,1881.0,1.0,24.33,1.4545,0.5714,10.83,1.942,73.7,19.5,0.23,31,1,35,1
16-0-2026-04,Chitradurga,All,2026-04,16,0,24315,4,35,28,31,14,31.333,27.167,20.75,35,1.0,6.466,7.991,1.51,1.6867,2455,2271.33,2455,2271.33,1.0,31.33,1.6867,0.5714,13.17,1.942,73.7,19.5,0.23,30,0,28,1
16-0-2026-05,Chitradurga,All,2026-05,16,0,24316,5,28,35,28,14,30.333,27.167,21.917,28,1.0,6.466,7.942,1.384,1.2776,2324,2291.0,2324,2291.0,1.0,30.33,1.2776,0.5714,13.0,1.942,73.7,19.5,0.23,31,0,29,1
16-0-2026-06,Chitradurga,All,2026-06,16,0,24317,6,29,28,35,17,30.667,27.5,23.167,29,1.0,6.5,7.776,1.3237,1.2518,2456,2411.67,2456,2411.67,1.0,30.67,1.2518,0.5862,14.5,1.942,73.7,19.5,0.23,30,0,20,1
17-0-2024-02,Kolar,All,2024-02,17,0,24289,2,18,18,19,9,18.333,21.167,17.75,18,1.0,5.209,5.644,1.0329,1.0141,1240,1432.33,1240,1432.33,1.0,18.33,1.0141,0.3333,10.83,1.798,74.4,32.5,0.448,28,0,11,1
17-0-2024-03,Kolar,All,2024-03,17,0,24290,3,11,18,18,11,15.667,20.333,17.917,11,1.0,6.263,5.408,0.8744,0.614,1148,1225.0,1148,1225.0,1.0,15.67,0.614,0.5455,10.17,1.798,74.4,32.5,0.448,31,0,18,1
17-0-2024-04,Kolar,All,2024-04,17,0,24291,4,18,11,18,13,15.667,19.167,18.5,18,1.0,5.928,4.992,0.8468,0.973,1171,1186.33,1171,1186.33,1.0,15.67,0.973,0.5556,9.83,1.798,74.4,32.5,0.448,30,0,15,1
17-0-2024-05,Kolar,All,2024-05,17,0,24292,5,15,18,11,18,14.667,16.5,18.667,15,1.0,2.754,4.836,0.7857,0.8036,1175,1164.67,1175,1164.67,1.0,14.67,0.8036,0.5333,8.17,1.798,74.4,32.5,0.448,31,1,24,1
17-0-2024-06,Kolar,All,2024-06,17,0,24293,6,24,15,18,19,19.0,17.333,19.167,24,1.0,3.902,5.047,0.9913,1.2522,1270,1205.33,1270,1205.33,1.0,19.0,1.2522,0.625,8.83,1.798,74.4,32.5,0.448,30,0,15,1
17-0-2024-07,Kolar,All,2024-07,17,0,24294,7,15,24,15,16,18.0,16.833,18.833,15,1.0,3.976,5.177,0.9558,0.7965,1177,1207.33,1177,1207.33,1.0,18.0,0.7965,0.6,9.0,1.798,74.4,32.5,0.448,31,0,8,1
17-0-2024-08,Kolar,All,2024-08,17,0,24295,8,8,15,24,16,15.667,15.167,18.167,8,1.0,5.08,5.956,0.8624,0.4404,1103,1183.33,1103,1183.33,1.0,15.67,0.4404,0.75,9.0,1.798,74.4,32.5,0.448,31,0,20,1
17-0-2024-09,Kolar,All,2024-09,17,0,24296,9,20,8,15,25,14.333,16.667,18.5,20,1.0,4.955,5.937,0.7748,1.0811,1214,1164.67,1214,1164.67,1.0,14.33,1.0811,0.45,9.5,1.798,74.4,32.5,0.448,30,0,9,1
17-0-2024-10,Kolar,All,2024-10,17,0,24297,10,9,20,8,31,12.333,15.167,17.167,9,1.0,5.64,6.121,0.7184,0.5243,1190,1169.0,1190,1169.0,1.0,12.33,0.5243,0.6667,8.83,1.798,74.4,32.5,0.448,31,0,16,1
17-0-2024-11,Kolar,All,2024-11,17,0,24298,11,16,9,20,19,15.0,15.333,15.917,16,1.0,5.647,4.481,0.9424,1.0052,1701,1368.33,1701,1368.33,1.0,15.0,1.0052,0.5625,9.0,1.798,74.4,32.5,0.448,30,0,19,1
17-0-2024-12,Kolar,All,2024-12,17,0,24299,12,19,16,9,18,14.667,14.5,15.917,19,1.0,4.573,4.481,0.9215,1.1937,1744,1545.0,1744,1545.0,1.0,14.67,1.1937,0.5789,8.33,1.798,74.4,32.5,0.448,31,0,14,1
17-0-2025-01,Kolar,All,2025-01,17,0,24300,1,14,19,16,18,16.333,14.333,15.583,14,1.0,4.57,4.462,1.0481,0.8984,1290,1578.33,1290,1578.33,1.0,16.33,0.8984,0.6429,8.33,1.798,74.4,32.5,0.448,31,0,11,1
17-0-2025-02,Kolar,All,2025-02,17,0,24301,2,11,14,19,11,14.667,14.833,15.0,11,1.0,3.976,4.564,0.9778,0.7333,1210,1414.67,1210,1414.67,1.0,14.67,0.7333,0.5455,8.33,1.798,74.4,32.5,0.448,28,0,10,1
17-0-2025-03,Kolar,All,2025-03,17,0,24302,3,10,11,14,18,11.667,13.167,14.917,10,1.0,3.532,4.645,0.7821,0.6704,1077,1192.33,1077,1192.33,1.0,11.67,0.6704,0.8,8.17,1.798,74.4,32.5,0.448,31,0,16,1
17-0-2025-04,Kolar,All,2025-04,17,0,24303,4,16,10,11,15,12.333,14.333,14.75,16,1.0,3.091,4.567,0.8362,1.0847,1168,1151.67,1168,1151.67,1.0,12.33,1.0847,0.4375,8.33,1.798,74.4,32.5,0.448,30,1,20,1
17-0-2025-05,Kolar,All,2025-05,17,0,24304,5,20,16,10,24,15.333,15.0,15.167,20,1.0,3.742,4.793,1.011,1.3187,1168,1137.67,1168,1137.67,1.0,15.33,1.3187,0.7,9.17,1.798,74.4,32.5,0.448,31,0,11,1
17-0-2025-06,Kolar,All,2025-06,17,0,24305,6,11,20,16,15,15.667,13.667,14.083,11,1.0,3.496,4.092,1.1124,0.7811,1190,1175.33,1190,1175.33,1.0,15.67,0.7811,0.5455,8.33,1.798,74.4,32.5,0.448,30,0,16,1
17-0-2025-07,Kolar,All,2025-07,17,0,24306,7,16,11,20,8,15.667,14.0,14.167,16,1.0,3.606,4.12,1.1059,1.1294,1187,1181.67,1187,1181.67,1.0,15.67,1.1294,0.6875,8.67,1.798,74.4,32.5,0.448,31,0,7,1
17-0-2025-08,Kolar,All,2025-08,17,0,24307,8,7,16,11,20,11.333,13.333,14.083,7,1.0,4.384,4.252,0.8047,0.497,1190,1189.0,1190,1189.0,1.0,11.33,0.497,0.1429,7.83,1.798,74.4,32.5,0.448,31,0,11,1
17-0-2025-09,Kolar,All,2025-09,17,0,24308,9,11,7,16,9,11.333,13.5,13.333,11,1.0,4.272,3.923,0.85,0.825,1214,1197.0,1214,1197.0,1.0,11.33,0.825,0.8182,8.0,1.798,74.4,32.5,0.448,30,1,22,1
17-0-2025-10,Kolar,All,2025-10,17,0,24309,10,22,11,7,16,13.333,14.5,14.417,22,1.0,5.315,4.349,0.9249,1.526,1104,1169.33,1104,1169.33,1.0,13.33,1.526,0.5909,9.0,1.798,74.4,32.5,0.448,31,1,25,1
17-0-2025-11,Kolar,All,2025-11,17,0,24310,11,25,22,11,19,19.333,15.333,15.167,25,1.0,6.394,5.241,1.2747,1.6484,1707,1341.67,1707,1341.67,1.0,19.33,1.6484,0.56,9.0,1.798,74.4,32.5,0.448,30,0,26,1
17-0-2025-12,Kolar,All,2025-12,17,0,24311,12,26,25,22,14,24.333,17.833,15.75,26,1.0,7.104,5.974,1.545,1.6508,1697,1502.67,1697,1502.67,1.0,24.33,1.6508,0.5769,10.5,1.798,74.4,32.5,0.448,31,0,27,1
17-0-2026-01,Kolar,All,2026-01,17,0,24312,1,27,26,25,11,26.0,19.667,16.833,27,1.0,7.782,6.694,1.5446,1.604,1284,1562.67,1284,1562.67,1.0,26.0,1.604,0.5926,11.33,1.798,74.4,32.5,0.448,31,1,46,1
17-0-2026-02,Kolar,All,2026-02,17,0,24313,2,46,27,26,10,33.0,26.167,19.75,46,1.0,10.351,10.215,1.6709,2.3291,2265,1748.67,2265,1748.67,1.0,33.0,2.3291,0.5652,15.5,1.798,74.4,32.5,0.448,28,0,35,1
17-0-2026-03,Kolar,All,2026-03,17,0,24314,3,35,46,27,16,36.0,30.167,21.833,35,1.0,8.112,10.558,1.6489,1.6031,2094,1881.0,2094,1881.0,1.0,36.0,1.6031,0.4,16.33,1.798,74.4,32.5,0.448,31,0,41,1
17-0-2026-04,Kolar,All,2026-04,17,0,24315,4,41,35,46,20,40.667,33.333,23.917,41,1.0,8.014,11.615,1.7003,1.7143,2455,2271.33,2455,2271.33,1.0,40.67,1.7143,0.439,17.17,1.798,74.4,32.5,0.448,30,0,22,1
17-0-2026-05,Kolar,All,2026-05,17,0,24316,5,22,41,35,11,32.667,32.833,24.083,22,1.0,8.591,11.572,1.3564,0.9135,2324,2291.0,2324,2291.0,1.0,32.67,0.9135,0.5455,16.83,1.798,74.4,32.5,0.448,31,0,37,1
17-0-2026-06,Kolar,All,2026-06,17,0,24317,6,37,22,41,16,33.333,34.667,26.25,37,1.0,8.097,11.351,1.2698,1.4095,2456,2411.67,2456,2411.67,1.0,33.33,1.4095,0.3514,16.5,1.798,74.4,32.5,0.448,30,0,28,1
18-0-2024-02,Raichur,All,2024-02,18,0,24289,2,20,16,13,17,16.333,16.5,16.0,20,1.0,5.058,4.743,1.0208,1.25,1240,1432.33,1240,1432.33,1.0,16.33,1.25,0.6,9.67,2.257,59.6,22.4,0.269,28,0,11,1
18-0-2024-03,Raichur,All,2024-03,18,0,24290,3,11,20,16,8,15.667,15.667,15.5,11,1.0,5.467,4.924,1.0108,0.7097,1148,1225.0,1148,1225.0,1.0,15.67,0.7097,0.5455,9.5,2.257,59.6,22.4,0.269,31,0,9,1
18-0-2024-04,Raichur,All,2024-04,18,0,24291,4,9,11,20,21,13.333,15.667,15.583,9,1.0,5.467,4.804,0.8556,0.5775,1171,1186.33,1171,1186.33,1.0,13.33,0.5775,0.2222,9.0,2.257,59.6,22.4,0.269,30,0,15,1
18-0-2024-05,Raichur,All,2024-05,18,0,24292,5,15,9,11,16,11.667,14.0,15.083,15,1.0,3.559,4.518,0.7735,0.9945,1175,1164.67,1175,1164.67,1.0,11.67,0.9945,0.6,7.67,2.257,59.6,22.4,0.269,31,1,19,1
18-0-2024-06,Raichur,All,2024-06,18,0,24293,6,19,15,9,12,14.333,15.0,15.333,19,1.0,3.958,4.643,0.9348,1.2391,1270,1205.33,1270,1205.33,1.0,14.33,1.2391,0.4737,7.83,2.257,59.6,22.4,0.269,30,0,10,1
18-0-2024-07,Raichur,All,2024-07,18,0,24294,7,10,19,15,19,14.667,14.0,15.167,10,1.0,4.32,4.793,0.967,0.6593,1177,1207.33,1177,1207.33,1.0,14.67,0.6593,0.5,7.17,2.257,59.6,22.4,0.269,31,0,14,1
18-0-2024-08,Raichur,All,2024-08,18,0,24295,8,14,10,19,16,14.333,13.0,14.75,14,1.0,3.416,4.657,0.9718,0.9492,1103,1183.33,1103,1183.33,1.0,14.33,0.9492,0.5,6.33,2.257,59.6,22.4,0.269,31,0,7,1
18-0-2024-09,Raichur,All,2024-09,18,0,24296,9,7,14,10,9,10.333,12.333,14.0,7,1.0,4.069,5.099,0.7381,0.5,1214,1164.67,1214,1164.67,1.0,10.33,0.5,0.4286,5.83,2.257,59.6,22.4,0.269,30,1,16,1
18-0-2024-10,Raichur,All,2024-10,18,0,24297,10,16,7,14,25,12.333,13.5,14.583,16,1.0,3.948,4.89,0.8457,1.0971,1190,1169.0,1190,1169.0,1.0,12.33,1.0971,0.5625,7.0,2.257,59.6,22.4,0.269,31,1,26,1
18-0-2024-11,Raichur,All,2024-11,18,0,24298,11,26,16,7,13,16.333,15.333,14.667,26,1.0,6.155,5.072,1.1136,1.7727,1701,1368.33,1701,1368.33,1.0,16.33,1.7727,0.6923,8.5,2.257,59.6,22.4,0.269,30,0,18,1
18-0-2024-12,Raichur,All,2024-12,18,0,24299,12,18,26,16,16,20.0,15.167,15.083,18,1.0,6.067,5.123,1.326,1.1934,1744,1545.0,1744,1545.0,1.0,20.0,1.1934,0.3889,8.17,2.257,59.6,22.4,0.269,31,0,14,1
18-0-2025-01,Raichur,All,2025-01,18,0,24300,1,14,18,26,20,19.333,15.833,14.917,14,1.0,5.669,5.123,1.2961,0.9385,1290,1578.33,1290,1578.33,1.0,19.33,0.9385,0.4286,8.33,2.257,59.6,22.4,0.269,31,0,18,1
18-0-2025-02,Raichur,All,2025-02,18,0,24301,2,18,14,18,11,16.667,16.5,14.75,18,1.0,5.649,4.985,1.1299,1.2203,1210,1414.67,1210,1414.67,1.0,16.67,1.2203,0.6667,9.17,2.257,59.6,22.4,0.269,28,0,15,1
18-0-2025-03,Raichur,All,2025-03,18,0,24302,3,15,18,14,9,15.667,17.833,15.083,15,1.0,3.933,4.856,1.0387,0.9945,1077,1192.33,1077,1192.33,1.0,15.67,0.9945,0.4,9.67,2.257,59.6,22.4,0.269,31,0,6,1
18-0-2025-04,Raichur,All,2025-04,18,0,24303,4,6,15,18,15,13.0,16.167,14.833,6,1.0,5.956,5.225,0.8764,0.4045,1168,1151.67,1168,1151.67,1.0,13.0,0.4045,0.6667,8.83,2.257,59.6,22.4,0.269,30,1,20,1
18-0-2025-05,Raichur,All,2025-05,18,0,24304,5,20,6,15,19,13.667,15.167,15.25,20,1.0,4.561,5.418,0.8962,1.3115,1168,1137.67,1168,1137.67,1.0,13.67,1.3115,0.6,7.83,2.257,59.6,22.4,0.269,31,0,16,1
18-0-2025-06,Raichur,All,2025-06,18,0,24305,6,16,20,6,10,14.0,14.833,15.0,16,1.0,4.413,5.307,0.9333,1.0667,1190,1175.33,1190,1175.33,1.0,14.0,1.0667,0.625,8.33,2.257,59.6,22.4,0.269,30,0,13,1
18-0-2025-07,Raichur,All,2025-07,18,0,24306,7,13,16,20,14,16.333,14.667,15.25,13,1.0,4.46,5.134,1.071,0.8525,1187,1181.67,1187,1181.67,1.0,16.33,0.8525,0.6154,8.67,2.257,59.6,22.4,0.269,31,0,15,1
18-0-2025-08,Raichur,All,2025-08,18,0,24307,8,15,13,16,7,14.667,14.167,15.333,15,1.0,4.22,5.121,0.9565,0.9783,1190,1189.0,1190,1189.0,1.0,14.67,0.9783,0.4667,7.83,2.257,59.6,22.4,0.269,31,1,22,1
18-0-2025-09,Raichur,All,2025-09,18,0,24308,9,22,15,13,16,16.667,15.333,16.583,22,1.0,5.153,4.751,1.005,1.3266,1214,1197.0,1214,1197.0,1.0,16.67,1.3266,0.3636,8.17,2.257,59.6,22.4,0.269,30,0,16,1
18-0-2025-10,Raichur,All,2025-10,18,0,24309,10,16,22,15,26,17.667,17.0,16.583,16,1.0,3.055,4.751,1.0653,0.9648,1104,1169.33,1104,1169.33,1.0,17.67,0.9648,0.75,9.5,2.257,59.6,22.4,0.269,31,0,18,1
18-0-2025-11,Raichur,All,2025-11,18,0,24310,11,18,16,22,18,18.667,16.667,15.917,18,1.0,2.809,3.861,1.1728,1.1309,1707,1341.67,1707,1341.67,1.0,18.67,1.1309,0.5,9.0,2.257,59.6,22.4,0.269,30,0,16,1
18-0-2025-12,Raichur,All,2025-12,18,0,24311,12,16,18,16,14,16.667,16.667,15.75,16,1.0,2.809,3.811,1.0582,1.0159,1697,1502.67,1697,1502.67,1.0,16.67,1.0159,0.6875,9.17,2.257,59.6,22.4,0.269,31,0,6,1
18-0-2026-01,Raichur,All,2026-01,18,0,24312,1,6,16,18,18,13.333,15.5,15.083,6,1.0,4.822,4.663,0.884,0.3978,1284,1562.67,1284,1562.67,1.0,13.33,0.3978,0.6667,8.5,2.257,59.6,22.4,0.269,31,1,38,1
18-0-2026-02,Raichur,All,2026-02,18,0,24313,2,38,6,16,15,20.0,19.333,16.75,38,1.0,9.638,7.875,1.194,2.2687,2265,1748.67,2265,1748.67,1.0,20.0,2.2687,0.7632,12.17,2.257,59.6,22.4,0.269,28,1,29,1
18-0-2026-03,Raichur,All,2026-03,18,0,24314,3,29,38,6,6,24.333,20.5,17.917,29,1.0,10.292,8.539,1.3581,1.6186,2094,1881.0,2094,1881.0,1.0,24.33,1.6186,0.6207,13.83,2.257,59.6,22.4,0.269,31,1,35,1
18-0-2026-04,Raichur,All,2026-04,18,0,24315,4,35,29,38,20,34.0,23.667,20.333,35,1.0,11.294,8.919,1.6721,1.7213,2455,2271.33,2455,2271.33,1.0,34.0,1.7213,0.4286,14.33,2.257,59.6,22.4,0.269,30,0,27,1
18-0-2026-05,Raichur,All,2026-05,18,0,24316,5,27,35,29,16,30.333,25.167,20.917,27,1.0,11.037,9.105,1.4502,1.2908,2324,2291.0,2324,2291.0,1.0,30.33,1.2908,0.5185,15.17,2.257,59.6,22.4,0.269,31,0,20,1
18-0-2026-06,Raichur,All,2026-06,18,0,24317,6,20,27,35,13,27.333,25.833,21.25,20,1.0,10.574,8.992,1.2863,0.9412,2456,2411.67,2456,2411.67,1.0,27.33,0.9412,0.7,15.67,2.257,59.6,22.4,0.269,30,0,35,1
19-0-2024-02,Bidar,All,2024-02,19,0,24289,2,10,10,23,5,14.333,16.5,15.25,10,1.0,4.992,4.969,0.9399,0.6557,1240,1432.33,1240,1432.33,1.0,14.33,0.6557,0.7,10.33,1.993,70.5,24.4,0.366,28,0,11,1
19-0-2024-03,Bidar,All,2024-03,19,0,24290,3,11,10,10,17,10.333,15.5,15.75,11,1.0,5.377,4.146,0.6561,0.6984,1148,1225.0,1148,1225.0,1.0,10.33,0.6984,0.5455,9.5,1.993,70.5,24.4,0.366,31,0,13,1
19-0-2024-04,Bidar,All,2024-04,19,0,24291,4,13,11,10,16,11.333,14.667,15.417,13,1.0,5.312,4.192,0.7351,0.8432,1171,1186.33,1171,1186.33,1.0,11.33,0.8432,0.6154,9.17,1.993,70.5,24.4,0.366,30,0,13,1
19-0-2024-05,Bidar,All,2024-05,19,0,24292,5,13,13,11,17,12.333,13.333,15.167,13,1.0,4.497,4.239,0.8132,0.8571,1175,1164.67,1175,1164.67,1.0,12.33,0.8571,0.4615,8.17,1.993,70.5,24.4,0.366,31,0,13,1
19-0-2024-06,Bidar,All,2024-06,19,0,24293,6,13,13,13,18,13.0,11.667,14.833,13,1.0,1.374,4.239,0.8764,0.8764,1270,1205.33,1270,1205.33,1.0,13.0,0.8764,0.6154,7.0,1.993,70.5,24.4,0.366,30,0,4,1
19-0-2024-07,Bidar,All,2024-07,19,0,24294,7,4,13,13,11,10.0,10.667,13.667,4,1.0,3.197,5.055,0.7317,0.2927,1177,1207.33,1177,1207.33,1.0,10.0,0.2927,0.5,6.17,1.993,70.5,24.4,0.366,31,0,7,1
19-0-2024-08,Bidar,All,2024-08,19,0,24295,8,7,4,13,17,8.0,10.167,13.333,7,1.0,3.484,5.344,0.6,0.525,1103,1183.33,1103,1183.33,1.0,8.0,0.525,0.7143,5.83,1.993,70.5,24.4,0.366,31,1,17,1
19-0-2024-09,Bidar,All,2024-09,19,0,24296,9,17,7,4,18,9.333,11.167,13.333,17,1.0,4.337,5.344,0.7,1.275,1214,1164.67,1214,1164.67,1.0,9.33,1.275,0.7059,6.83,1.993,70.5,24.4,0.366,30,0,9,1
19-0-2024-10,Bidar,All,2024-10,19,0,24297,10,9,17,7,21,11.0,10.5,12.583,9,1.0,4.311,5.267,0.8742,0.7152,1190,1169.0,1190,1169.0,1.0,11.0,0.7152,0.5556,6.33,1.993,70.5,24.4,0.366,31,1,16,1
19-0-2024-11,Bidar,All,2024-11,19,0,24298,11,16,9,17,23,14.0,11.0,12.167,16,1.0,4.726,4.758,1.1507,1.3151,1701,1368.33,1701,1368.33,1.0,14.0,1.3151,0.6875,7.17,1.993,70.5,24.4,0.366,30,0,13,1
19-0-2024-12,Bidar,All,2024-12,19,0,24299,12,13,16,9,10,12.667,11.0,11.333,13,1.0,4.726,3.496,1.1176,1.1471,1744,1545.0,1744,1545.0,1.0,12.67,1.1471,0.5385,7.0,1.993,70.5,24.4,0.366,31,0,12,1
19-0-2025-01,Bidar,All,2025-01,19,0,24300,1,12,13,16,10,13.667,12.333,11.5,12,1.0,3.543,3.476,1.1884,1.0435,1290,1578.33,1290,1578.33,1.0,13.67,1.0435,0.5833,7.83,1.993,70.5,24.4,0.366,31,0,18,1
19-0-2025-02,Bidar,All,2025-02,19,0,24301,2,18,12,13,11,14.333,14.167,12.167,18,1.0,3.131,3.869,1.1781,1.4795,1210,1414.67,1210,1414.67,1.0,14.33,1.4795,0.5556,8.67,1.993,70.5,24.4,0.366,28,0,10,1
19-0-2025-03,Bidar,All,2025-03,19,0,24302,3,10,18,12,13,13.333,13.0,12.083,10,1.0,3.162,3.904,1.1034,0.8276,1077,1192.33,1077,1192.33,1.0,13.33,0.8276,0.7,7.83,1.993,70.5,24.4,0.366,31,0,10,1
19-0-2025-04,Bidar,All,2025-04,19,0,24303,4,10,10,18,13,12.667,13.167,11.833,10,1.0,2.967,3.933,1.0704,0.8451,1168,1151.67,1168,1151.67,1.0,12.67,0.8451,0.6,8.0,1.993,70.5,24.4,0.366,30,0,13,1
19-0-2025-05,Bidar,All,2025-05,19,0,24304,5,13,10,10,13,11.0,12.667,11.833,13,1.0,2.687,3.933,0.9296,1.0986,1168,1137.67,1168,1137.67,1.0,11.0,1.0986,0.6923,7.67,1.993,70.5,24.4,0.366,31,0,15,1
19-0-2025-06,Bidar,All,2025-06,19,0,24305,6,15,13,10,4,12.667,13.0,12.0,15,1.0,2.828,4.021,1.0556,1.25,1190,1175.33,1190,1175.33,1.0,12.67,1.25,0.5333,7.83,1.993,70.5,24.4,0.366,30,0,7,1
19-0-2025-07,Bidar,All,2025-07,19,0,24306,7,7,15,13,7,11.667,12.167,12.25,7,1.0,3.625,3.585,0.9524,0.5714,1187,1181.67,1187,1181.67,1.0,11.67,0.5714,0.7143,7.5,1.993,70.5,24.4,0.366,31,0,15,1
19-0-2025-08,Bidar,All,2025-08,19,0,24307,8,15,7,15,17,12.333,11.667,12.917,15,1.0,2.925,3.278,0.9548,1.1613,1190,1189.0,1190,1189.0,1.0,12.33,1.1613,0.4,6.83,1.993,70.5,24.4,0.366,31,0,11,1
19-0-2025-09,Bidar,All,2025-09,19,0,24308,9,11,15,7,9,11.0,11.833,12.417,11,1.0,2.853,3.068,0.8859,0.8859,1214,1197.0,1214,1197.0,1.0,11.0,0.8859,0.5455,6.67,1.993,70.5,24.4,0.366,30,0,14,1
19-0-2025-10,Bidar,All,2025-10,19,0,24309,10,14,11,15,16,13.333,12.5,12.833,14,1.0,2.814,2.911,1.039,1.0909,1104,1169.33,1104,1169.33,1.0,13.33,1.0909,0.7143,7.33,1.993,70.5,24.4,0.366,31,0,18,1
19-0-2025-11,Bidar,All,2025-11,19,0,24310,11,18,14,11,13,14.333,13.333,13.0,18,1.0,3.496,3.136,1.1026,1.3846,1707,1341.67,1707,1341.67,1.0,14.33,1.3846,0.6111,7.67,1.993,70.5,24.4,0.366,30,0,17,1
19-0-2025-12,Bidar,All,2025-12,19,0,24311,12,17,18,14,12,16.333,13.667,13.333,17,1.0,3.727,3.325,1.225,1.275,1697,1502.67,1697,1502.67,1.0,16.33,1.275,0.8235,8.67,1.993,70.5,24.4,0.366,31,0,15,1
19-0-2026-01,Bidar,All,2026-01,19,0,24312,1,15,17,18,18,16.667,15.0,13.583,15,1.0,2.236,3.328,1.227,1.1043,1284,1562.67,1284,1562.67,1.0,16.67,1.1043,0.4,8.83,1.993,70.5,24.4,0.366,31,0,17,1
19-0-2026-02,Bidar,All,2026-02,19,0,24313,2,17,15,17,10,16.333,15.333,13.5,17,1.0,2.357,3.227,1.2099,1.2593,2265,1748.67,2265,1748.67,1.0,16.33,1.2593,0.4118,9.0,1.993,70.5,24.4,0.366,28,0,21,1
19-0-2026-03,Bidar,All,2026-03,19,0,24314,3,21,17,15,10,17.667,17.0,14.417,21,1.0,2.236,3.639,1.2254,1.4566,2094,1881.0,2094,1881.0,1.0,17.67,1.4566,0.5238,9.83,1.993,70.5,24.4,0.366,31,0,20,1
19-0-2026-04,Bidar,All,2026-04,19,0,24315,4,20,21,17,13,19.333,18.0,15.25,20,1.0,2.0,3.677,1.2678,1.3115,2455,2271.33,2455,2271.33,1.0,19.33,1.3115,0.55,10.0,1.993,70.5,24.4,0.366,30,0,25,1
19-0-2026-05,Bidar,All,2026-05,19,0,24316,5,25,20,21,15,22.0,19.167,16.25,25,1.0,3.287,4.474,1.3538,1.5385,2324,2291.0,2324,2291.0,1.0,22.0,1.5385,0.6,10.67,1.993,70.5,24.4,0.366,31,0,21,1
19-0-2026-06,Bidar,All,2026-06,19,0,24317,6,21,25,20,7,22.0,19.833,16.75,21,1.0,3.184,4.639,1.3134,1.2537,2456,2411.67,2456,2411.67,1.0,22.0,1.2537,0.619,10.5,1.993,70.5,24.4,0.366,30,0,29,1
2-0-2024-02,Bengaluru Rural,All,2024-02,2,0,24289,2,70,72,80,64,74.0,71.333,63.333,70,1.0,15.261,14.343,1.1684,1.1053,1240,1432.33,1240,1432.33,1.0,74.0,1.1053,0.5857,39.5,2.472,77.9,30.6,1.075,28,0,64,1
2-0-2024-03,Bengaluru Rural,All,2024-03,2,0,24290,3,64,70,72,56,68.667,73.333,63.333,64,1.0,13.25,14.343,1.0842,1.0105,1148,1225.0,1148,1225.0,1.0,68.67,1.0105,0.6562,42.17,2.472,77.9,30.6,1.075,31,0,80,1
2-0-2024-04,Bengaluru Rural,All,2024-04,2,0,24291,4,80,64,70,48,71.333,77.333,65.333,80,1.0,10.812,14.846,1.0918,1.2245,1171,1186.33,1171,1186.33,1.0,71.33,1.2245,0.6,44.83,2.472,77.9,30.6,1.075,30,0,64,1
2-0-2024-05,Bengaluru Rural,All,2024-05,2,0,24292,5,64,80,64,47,69.333,71.667,66.667,64,1.0,6.574,13.918,1.04,0.96,1175,1164.67,1175,1164.67,1.0,69.33,0.96,0.5156,41.33,2.472,77.9,30.6,1.075,31,0,65,1
2-0-2024-06,Bengaluru Rural,All,2024-06,2,0,24293,6,65,64,80,52,69.667,69.167,68.167,65,1.0,5.728,12.628,1.022,0.9535,1270,1205.33,1270,1205.33,1.0,69.67,0.9535,0.5538,40.0,2.472,77.9,30.6,1.075,30,0,78,1
2-0-2024-07,Bengaluru Rural,All,2024-07,2,0,24294,7,78,65,64,65,69.0,70.167,70.333,78,1.0,6.593,11.877,0.981,1.109,1177,1207.33,1177,1207.33,1.0,69.0,1.109,0.5769,40.83,2.472,77.9,30.6,1.075,31,0,69,1
2-0-2024-08,Bengaluru Rural,All,2024-08,2,0,24295,8,69,78,65,52,70.667,70.0,70.667,69,1.0,6.608,11.778,1.0,0.9764,1103,1183.33,1103,1183.33,1.0,70.67,0.9764,0.5507,40.33,2.472,77.9,30.6,1.075,31,0,65,1
2-0-2024-09,Bengaluru Rural,All,2024-09,2,0,24296,9,65,69,78,56,70.667,70.167,71.75,65,1.0,6.466,10.545,0.9849,0.9059,1214,1164.67,1214,1164.67,1.0,70.67,0.9059,0.4769,38.5,2.472,77.9,30.6,1.075,30,0,71,1
2-0-2024-10,Bengaluru Rural,All,2024-10,2,0,24297,10,71,65,69,98,68.333,68.667,73.0,71,1.0,4.853,9.434,0.9361,0.9726,1190,1169.0,1190,1169.0,1.0,68.33,0.9726,0.493,36.33,2.472,77.9,30.6,1.075,31,0,79,1
2-0-2024-11,Bengaluru Rural,All,2024-11,2,0,24298,11,79,71,65,80,71.667,71.167,71.417,79,1.0,5.61,6.116,1.0035,1.1062,1701,1368.33,1701,1368.33,1.0,71.67,1.1062,0.4051,36.17,2.472,77.9,30.6,1.075,30,0,99,1
2-0-2024-12,Bengaluru Rural,All,2024-12,2,0,24299,12,99,79,71,72,83.0,76.833,73.0,99,1.0,11.052,9.6,1.137,1.3562,1744,1545.0,1744,1545.0,1.0,83.0,1.3562,0.5152,38.67,2.472,77.9,30.6,1.075,31,0,78,1
2-0-2025-01,Bengaluru Rural,All,2025-01,2,0,24300,1,78,99,79,70,85.333,76.833,73.5,78,1.0,11.052,9.691,1.161,1.0612,1290,1578.33,1290,1578.33,1.0,85.33,1.0612,0.4872,37.5,2.472,77.9,30.6,1.075,31,0,51,1
2-0-2025-02,Bengaluru Rural,All,2025-02,2,0,24301,2,51,78,99,64,76.0,73.833,71.917,51,1.0,14.633,11.514,1.0568,0.7092,1210,1414.67,1210,1414.67,1.0,76.0,0.7092,0.451,35.0,2.472,77.9,30.6,1.075,28,0,62,1
2-0-2025-03,Bengaluru Rural,All,2025-03,2,0,24302,3,62,51,78,80,63.667,73.333,71.75,62,1.0,14.974,11.641,0.8873,0.8641,1077,1192.33,1077,1192.33,1.0,63.67,0.8641,0.5161,35.17,2.472,77.9,30.6,1.075,31,0,57,1
2-0-2025-04,Bengaluru Rural,All,2025-04,2,0,24303,4,57,62,51,64,56.667,71.0,69.833,57,1.0,16.197,12.013,0.8115,0.8162,1168,1151.67,1168,1151.67,1.0,56.67,0.8162,0.5263,34.33,2.472,77.9,30.6,1.075,30,0,48,1
2-0-2025-05,Bengaluru Rural,All,2025-05,2,0,24304,5,48,57,62,65,55.667,65.833,68.5,48,1.0,17.696,13.395,0.8127,0.7007,1168,1137.67,1168,1137.67,1.0,55.67,0.7007,0.3542,31.83,2.472,77.9,30.6,1.075,31,0,73,1
2-0-2025-06,Bengaluru Rural,All,2025-06,2,0,24305,6,73,48,57,78,59.333,61.5,69.167,73,1.0,10.935,13.403,0.8578,1.0554,1190,1175.33,1190,1175.33,1.0,59.33,1.0554,0.5342,29.83,2.472,77.9,30.6,1.075,30,0,59,1
2-0-2025-07,Bengaluru Rural,All,2025-07,2,0,24306,7,59,73,48,69,60.0,58.333,67.583,59,1.0,8.076,13.388,0.8878,0.873,1187,1181.67,1187,1181.67,1.0,60.0,0.873,0.4237,27.67,2.472,77.9,30.6,1.075,31,0,63,1
2-0-2025-08,Bengaluru Rural,All,2025-08,2,0,24307,8,63,59,73,65,65.0,60.333,67.083,63,1.0,7.476,13.438,0.9689,0.9391,1190,1189.0,1190,1189.0,1.0,65.0,0.9391,0.5238,29.33,2.472,77.9,30.6,1.075,31,0,64,1
2-0-2025-09,Bengaluru Rural,All,2025-09,2,0,24308,9,64,63,59,71,62.0,60.667,67.0,64,1.0,7.587,13.454,0.9254,0.9552,1214,1197.0,1214,1197.0,1.0,62.0,0.9552,0.5469,29.83,2.472,77.9,30.6,1.075,30,0,53,1
2-0-2025-10,Bengaluru Rural,All,2025-10,2,0,24309,10,53,64,63,79,60.0,60.0,65.5,53,1.0,8.042,13.919,0.916,0.8092,1104,1169.33,1104,1169.33,1.0,60.0,0.8092,0.4528,28.83,2.472,77.9,30.6,1.075,31,1,91,1
2-0-2025-11,Bengaluru Rural,All,2025-11,2,0,24310,11,91,53,64,99,69.333,67.167,66.5,91,1.0,12.226,15.223,1.0426,1.3684,1707,1341.67,1707,1341.67,1.0,69.33,1.3684,0.5385,34.17,2.472,77.9,30.6,1.075,30,0,96,1
2-0-2025-12,Bengaluru Rural,All,2025-12,2,0,24311,12,96,91,53,78,80.0,71.0,66.25,96,1.0,16.361,14.703,1.2075,1.4491,1697,1502.67,1697,1502.67,1.0,80.0,1.4491,0.5833,37.0,2.472,77.9,30.6,1.075,31,0,56,1
2-0-2026-01,Bengaluru Rural,All,2026-01,2,0,24312,1,56,96,91,51,81.0,70.5,64.417,56,1.0,16.761,14.494,1.2574,0.8693,1284,1562.67,1284,1562.67,1.0,81.0,0.8693,0.5714,38.17,2.472,77.9,30.6,1.075,31,1,117,1
2-0-2026-02,Bengaluru Rural,All,2026-02,2,0,24313,2,117,56,96,62,89.667,79.5,69.917,117,1.0,23.472,19.881,1.2825,1.6734,2265,1748.67,2265,1748.67,1.0,89.67,1.6734,0.5385,43.17,2.472,77.9,30.6,1.075,28,0,104,1
2-0-2026-03,Bengaluru Rural,All,2026-03,2,0,24314,3,104,117,56,57,92.333,86.167,73.417,104,1.0,23.801,21.785,1.2577,1.4166,2094,1881.0,2094,1881.0,1.0,92.33,1.4166,0.5769,47.33,2.472,77.9,30.6,1.075,31,1,133,1
2-0-2026-04,Bengaluru Rural,All,2026-04,2,0,24315,4,133,104,117,48,118.0,99.5,79.75,133,1.0,23.894,26.606,1.4796,1.6677,2455,2271.33,2455,2271.33,1.0,118.0,1.6677,0.4962,54.33,2.472,77.9,30.6,1.075,30,0,126,1
2-0-2026-05,Bengaluru Rural,All,2026-05,2,0,24316,5,126,133,104,73,121.0,105.333,86.25,126,1.0,25.336,27.565,1.4029,1.4609,2324,2291.0,2324,2291.0,1.0,121.0,1.4609,0.5873,58.5,2.472,77.9,30.6,1.075,31,0,137,1
2-0-2026-06,Bengaluru Rural,All,2026-06,2,0,24317,6,137,126,133,59,132.0,112.167,91.583,137,1.0,27.346,30.519,1.4413,1.4959,2456,2411.67,2456,2411.67,1.0,132.0,1.4959,0.5912,62.67,2.472,77.9,30.6,1.075,30,0,101,1
20-0-2024-02,Koppal,All,2024-02,20,0,24289,2,15,13,20,8,16.0,15.167,12.5,15,1.0,3.023,3.571,1.28,1.2,1240,1432.33,1240,1432.33,1.0,16.0,1.2,0.6667,7.5,1.626,68.1,16.9,0.226,28,0,10,1
20-0-2024-03,Koppal,All,2024-03,20,0,24290,3,10,15,13,8,12.667,15.0,12.667,10,1.0,3.266,3.399,1.0,0.7895,1148,1225.0,1148,1225.0,1.0,12.67,0.7895,0.4,7.17,1.626,68.1,16.9,0.226,31,0,11,1
20-0-2024-04,Koppal,All,2024-04,20,0,24291,4,11,10,15,11,12.0,14.5,12.917,11,1.0,3.594,3.148,0.929,0.8516,1171,1186.33,1171,1186.33,1.0,12.0,0.8516,0.5455,7.17,1.626,68.1,16.9,0.226,30,0,13,1
20-0-2024-05,Koppal,All,2024-05,20,0,24292,5,13,11,10,12,11.333,13.667,13.083,13,1.0,3.249,3.095,0.8662,0.9936,1175,1164.67,1175,1164.67,1.0,11.33,0.9936,0.3077,6.5,1.626,68.1,16.9,0.226,31,0,9,1
20-0-2024-06,Koppal,All,2024-06,20,0,24293,6,9,13,11,10,11.0,11.833,12.833,9,1.0,2.034,3.287,0.8571,0.7013,1270,1205.33,1270,1205.33,1.0,11.0,0.7013,0.5556,6.0,1.626,68.1,16.9,0.226,30,0,13,1
20-0-2024-07,Koppal,All,2024-07,20,0,24294,7,13,9,13,10,11.667,11.833,13.083,13,1.0,2.034,3.174,0.8917,0.9936,1177,1207.33,1177,1207.33,1.0,11.67,0.9936,0.5385,6.0,1.626,68.1,16.9,0.226,31,0,7,1
20-0-2024-08,Koppal,All,2024-08,20,0,24295,8,7,13,9,11,9.667,10.5,12.833,7,1.0,2.141,3.508,0.7532,0.5455,1103,1183.33,1103,1183.33,1.0,9.67,0.5455,0.5714,5.0,1.626,68.1,16.9,0.226,31,0,11,1
20-0-2024-09,Koppal,All,2024-09,20,0,24296,9,11,7,13,14,10.333,10.667,12.833,11,1.0,2.134,3.508,0.8052,0.8571,1214,1164.67,1214,1164.67,1.0,10.33,0.8571,0.2727,4.83,1.626,68.1,16.9,0.226,30,0,6,1
20-0-2024-10,Koppal,All,2024-10,20,0,24297,10,6,11,7,18,8.0,9.833,12.167,6,1.0,2.734,3.955,0.6575,0.4932,1190,1169.0,1190,1169.0,1.0,8.0,0.4932,0.3333,4.17,1.626,68.1,16.9,0.226,31,0,11,1
20-0-2024-11,Koppal,All,2024-11,20,0,24298,11,11,6,11,20,9.333,9.5,11.583,11,1.0,2.432,3.546,0.8058,0.9496,1701,1368.33,1701,1368.33,1.0,9.33,0.9496,0.6364,4.67,1.626,68.1,16.9,0.226,30,1,16,1
20-0-2024-12,Koppal,All,2024-12,20,0,24299,12,16,11,6,13,11.0,10.667,11.25,16,1.0,3.399,2.861,0.9778,1.4222,1744,1545.0,1744,1545.0,1.0,11.0,1.4222,0.5625,5.33,1.626,68.1,16.9,0.226,31,0,12,1
20-0-2025-01,Koppal,All,2025-01,20,0,24300,1,12,16,11,15,13.0,10.5,11.167,12,1.0,3.304,2.824,1.1642,1.0746,1290,1578.33,1290,1578.33,1.0,13.0,1.0746,0.5,5.17,1.626,68.1,16.9,0.226,31,0,17,1
20-0-2025-02,Koppal,All,2025-02,20,0,24301,2,17,12,16,10,15.0,12.167,11.333,17,1.0,3.625,3.091,1.3235,1.5,1210,1414.67,1210,1414.67,1.0,15.0,1.5,0.5294,6.0,1.626,68.1,16.9,0.226,28,0,11,1
20-0-2025-03,Koppal,All,2025-03,20,0,24302,3,11,17,12,11,13.333,12.167,11.417,11,1.0,3.625,3.068,1.1679,0.9635,1077,1192.33,1077,1192.33,1.0,13.33,0.9635,0.8182,7.0,1.626,68.1,16.9,0.226,31,0,6,1
20-0-2025-04,Koppal,All,2025-04,20,0,24303,4,6,11,17,13,11.333,12.167,11.0,6,1.0,3.625,3.416,1.0303,0.5455,1168,1151.67,1168,1151.67,1.0,11.33,0.5455,0.5,7.17,1.626,68.1,16.9,0.226,30,1,17,1
20-0-2025-05,Koppal,All,2025-05,20,0,24304,5,17,6,11,9,11.333,13.167,11.333,17,1.0,3.976,3.771,1.0,1.5,1168,1137.67,1168,1137.67,1.0,11.33,1.5,0.3529,7.0,1.626,68.1,16.9,0.226,31,0,14,1
20-0-2025-06,Koppal,All,2025-06,20,0,24305,6,14,17,6,13,12.333,12.833,11.75,14,1.0,3.804,3.767,1.0496,1.1915,1190,1175.33,1190,1175.33,1.0,12.33,1.1915,0.4286,6.5,1.626,68.1,16.9,0.226,30,1,18,1
20-0-2025-07,Koppal,All,2025-07,20,0,24306,7,18,14,17,7,16.333,13.833,12.167,18,1.0,4.22,4.14,1.3425,1.4795,1187,1181.67,1187,1181.67,1.0,16.33,1.4795,0.5556,7.17,1.626,68.1,16.9,0.226,31,0,11,1
20-0-2025-08,Koppal,All,2025-08,20,0,24307,8,11,18,14,11,14.333,12.833,12.5,11,1.0,4.059,3.862,1.1467,0.88,1190,1189.0,1190,1189.0,1.0,14.33,0.88,0.5455,6.67,1.626,68.1,16.9,0.226,31,0,16,1
20-0-2025-09,Koppal,All,2025-09,20,0,24308,9,16,11,18,6,15.0,13.667,12.917,16,1.0,4.11,3.947,1.1613,1.2387,1214,1197.0,1214,1197.0,1.0,15.0,1.2387,0.75,7.17,1.626,68.1,16.9,0.226,30,0,11,1
20-0-2025-10,Koppal,All,2025-10,20,0,24309,10,11,16,11,11,12.667,14.5,13.333,11,1.0,2.754,3.424,0.95,0.825,1104,1169.33,1104,1169.33,1.0,12.67,0.825,0.3636,7.33,1.626,68.1,16.9,0.226,31,1,19,1
20-0-2025-11,Koppal,All,2025-11,20,0,24310,11,19,11,16,16,15.333,14.833,14.0,19,1.0,3.131,3.674,1.0952,1.3571,1707,1341.67,1707,1341.67,1.0,15.33,1.3571,0.7368,8.67,1.626,68.1,16.9,0.226,30,1,25,1
20-0-2025-12,Koppal,All,2025-12,20,0,24311,12,25,19,11,12,18.333,16.667,14.75,25,1.0,4.853,4.763,1.2429,1.6949,1697,1502.67,1697,1502.67,1.0,18.33,1.6949,0.6,10.17,1.626,68.1,16.9,0.226,31,0,15,1
20-0-2026-01,Koppal,All,2026-01,20,0,24312,1,15,25,19,17,19.667,16.167,15.0,15,1.0,4.845,4.69,1.3111,1.0,1284,1562.67,1284,1562.67,1.0,19.67,1.0,0.6,10.0,1.626,68.1,16.9,0.226,31,0,24,1
20-0-2026-02,Koppal,All,2026-02,20,0,24313,2,24,15,25,11,21.333,18.333,15.583,24,1.0,4.955,5.299,1.369,1.5401,2265,1748.67,2265,1748.67,1.0,21.33,1.5401,0.75,12.0,1.626,68.1,16.9,0.226,28,0,21,1
20-0-2026-03,Koppal,All,2026-03,20,0,24314,3,21,24,15,6,20.0,19.167,16.417,21,1.0,4.913,5.299,1.2183,1.2792,2094,1881.0,2094,1881.0,1.0,20.0,1.2792,0.5238,11.83,1.626,68.1,16.9,0.226,31,0,27,1
20-0-2026-04,Koppal,All,2026-04,20,0,24315,4,27,21,24,17,24.0,21.833,18.167,27,1.0,4.017,5.03,1.3211,1.4862,2455,2271.33,2455,2271.33,1.0,24.0,1.4862,0.5185,13.5,1.626,68.1,16.9,0.226,30,0,28,1
20-0-2026-05,Koppal,All,2026-05,20,0,24316,5,28,27,21,14,25.333,23.333,19.083,28,1.0,4.346,5.693,1.3275,1.4672,2324,2291.0,2324,2291.0,1.0,25.33,1.4672,0.5714,13.83,1.626,68.1,16.9,0.226,31,0,31,1
20-0-2026-06,Koppal,All,2026-06,20,0,24317,6,31,28,27,18,28.667,24.333,20.5,31,1.0,5.217,6.331,1.3984,1.5122,2456,2411.67,2456,2411.67,1.0,28.67,1.5122,0.5806,14.33,1.626,68.1,16.9,0.226,30,0,24,1
21-0-2024-02,Haveri,All,2024-02,21,0,24289,2,13,18,17,9,16.0,13.5,12.5,13,1.0,3.862,4.031,1.28,1.04,1240,1432.33,1240,1432.33,1.0,16.0,1.04,0.6923,7.17,1.869,77.6,21.9,0.388,28,0,13,1
21-0-2024-03,Haveri,All,2024-03,21,0,24290,3,13,13,18,12,14.667,14.333,12.833,13,1.0,3.037,3.891,1.1429,1.013,1148,1225.0,1148,1225.0,1.0,14.67,1.013,0.5385,7.5,1.869,77.6,21.9,0.388,31,0,12,1
21-0-2024-04,Haveri,All,2024-04,21,0,24291,4,12,13,13,12,12.667,14.833,12.833,12,1.0,2.267,3.891,0.987,0.9351,1171,1186.33,1171,1186.33,1.0,12.67,0.9351,0.5,7.33,1.869,77.6,21.9,0.388,30,0,10,1
21-0-2024-05,Haveri,All,2024-05,21,0,24292,5,10,12,13,11,11.667,13.833,12.667,10,1.0,2.794,3.965,0.9211,0.7895,1175,1164.67,1175,1164.67,1.0,11.67,0.7895,0.5,7.0,1.869,77.6,21.9,0.388,31,0,11,1
21-0-2024-06,Haveri,All,2024-06,21,0,24293,6,11,10,12,6,11.0,12.833,12.667,11,1.0,2.544,3.965,0.8684,0.8684,1270,1205.33,1270,1205.33,1.0,11.0,0.8684,0.8182,7.17,1.869,77.6,21.9,0.388,30,0,14,1
21-0-2024-07,Haveri,All,2024-07,21,0,24294,7,14,11,10,19,11.667,12.167,13.333,14,1.0,1.344,3.424,0.875,1.05,1177,1207.33,1177,1207.33,1.0,11.67,1.05,0.7857,7.83,1.869,77.6,21.9,0.388,31,0,8,1
21-0-2024-08,Haveri,All,2024-08,21,0,24295,8,8,14,11,8,11.0,11.333,12.417,8,1.0,1.972,3.252,0.8859,0.6443,1103,1183.33,1103,1183.33,1.0,11.0,0.6443,0.625,7.17,1.869,77.6,21.9,0.388,31,0,9,1
21-0-2024-09,Haveri,All,2024-09,21,0,24296,9,9,8,14,9,10.333,10.667,12.5,9,1.0,1.972,3.149,0.8267,0.72,1214,1164.67,1214,1164.67,1.0,10.33,0.72,0.4444,6.67,1.869,77.6,21.9,0.388,30,0,8,1
21-0-2024-10,Haveri,All,2024-10,21,0,24297,10,8,9,8,16,8.333,10.0,12.417,8,1.0,2.082,3.252,0.6711,0.6443,1190,1169.0,1190,1169.0,1.0,8.33,0.6443,0.25,6.0,1.869,77.6,21.9,0.388,31,1,15,1
21-0-2024-11,Haveri,All,2024-11,21,0,24298,11,15,8,9,17,10.667,10.833,12.333,15,1.0,2.794,3.171,0.8649,1.2162,1701,1368.33,1701,1368.33,1.0,10.67,1.2162,0.6,6.67,1.869,77.6,21.9,0.388,30,1,19,1
21-0-2024-12,Haveri,All,2024-12,21,0,24299,12,19,15,8,18,14.0,12.167,12.5,19,1.0,4.14,3.452,1.12,1.52,1744,1545.0,1744,1545.0,1.0,14.0,1.52,0.5263,6.83,1.869,77.6,21.9,0.388,31,0,10,1
21-0-2025-01,Haveri,All,2025-01,21,0,24300,1,10,19,15,13,14.667,11.5,11.833,10,1.0,4.113,3.078,1.2394,0.8451,1290,1578.33,1290,1578.33,1.0,14.67,0.8451,0.3,5.5,1.869,77.6,21.9,0.388,31,0,14,1
21-0-2025-02,Haveri,All,2025-02,21,0,24301,2,14,10,19,13,14.333,12.5,11.917,14,1.0,3.862,3.121,1.2028,1.1748,1210,1414.67,1210,1414.67,1.0,14.33,1.1748,0.5,5.83,1.869,77.6,21.9,0.388,28,0,5,1
21-0-2025-03,Haveri,All,2025-03,21,0,24302,3,5,14,10,12,9.667,11.833,11.25,5,1.0,4.67,3.631,0.8593,0.4444,1077,1192.33,1077,1192.33,1.0,9.67,0.4444,0.4,5.5,1.869,77.6,21.9,0.388,31,0,13,1
21-0-2025-04,Haveri,All,2025-04,21,0,24303,4,13,5,14,10,10.667,12.667,11.333,13,1.0,4.346,3.659,0.9412,1.1471,1168,1151.67,1168,1151.67,1.0,10.67,1.1471,0.8462,7.0,1.869,77.6,21.9,0.388,30,0,14,1
21-0-2025-05,Haveri,All,2025-05,21,0,24304,5,14,13,5,11,10.667,12.5,11.667,14,1.0,4.272,3.704,0.9143,1.2,1168,1137.67,1168,1137.67,1.0,10.67,1.2,0.5,6.67,1.869,77.6,21.9,0.388,31,0,10,1
21-0-2025-06,Haveri,All,2025-06,21,0,24305,6,10,14,13,14,12.333,11.0,11.583,10,1.0,3.162,3.73,1.0647,0.8633,1190,1175.33,1190,1175.33,1.0,12.33,0.8633,0.5,5.83,1.869,77.6,21.9,0.388,30,0,9,1
21-0-2025-07,Haveri,All,2025-07,21,0,24306,7,9,10,14,8,11.0,10.833,11.167,9,1.0,3.236,3.716,0.9851,0.806,1187,1181.67,1187,1181.67,1.0,11.0,0.806,0.4444,6.0,1.869,77.6,21.9,0.388,31,1,16,1
21-0-2025-08,Haveri,All,2025-08,21,0,24307,8,16,9,10,9,11.667,11.167,11.833,16,1.0,3.625,3.804,0.9859,1.3521,1190,1189.0,1190,1189.0,1.0,11.67,1.3521,0.25,5.5,1.869,77.6,21.9,0.388,31,0,9,1
21-0-2025-09,Haveri,All,2025-09,21,0,24308,9,9,16,9,8,11.333,11.833,11.833,9,1.0,2.672,3.804,0.9577,0.7606,1214,1197.0,1214,1197.0,1.0,11.33,0.7606,0.4444,5.83,1.869,77.6,21.9,0.388,30,0,9,1
21-0-2025-10,Haveri,All,2025-10,21,0,24309,10,9,9,16,15,11.333,11.167,11.917,9,1.0,2.794,3.73,0.951,0.7552,1104,1169.33,1104,1169.33,1.0,11.33,0.7552,0.6667,5.0,1.869,77.6,21.9,0.388,31,1,17,1
21-0-2025-11,Haveri,All,2025-11,21,0,24310,11,17,9,9,19,11.667,11.667,12.083,17,1.0,3.448,3.904,0.9655,1.4069,1707,1341.67,1707,1341.67,1.0,11.67,1.4069,0.3529,4.83,1.869,77.6,21.9,0.388,30,0,14,1
21-0-2025-12,Haveri,All,2025-12,21,0,24311,12,14,17,9,10,13.333,12.333,11.667,14,1.0,3.448,3.375,1.1429,1.2,1697,1502.67,1697,1502.67,1.0,13.33,1.2,0.2857,4.67,1.869,77.6,21.9,0.388,31,0,17,1
21-0-2026-01,Haveri,All,2026-01,21,0,24312,1,17,14,17,14,16.0,13.667,12.25,17,1.0,3.448,3.631,1.3061,1.3878,1284,1562.67,1284,1562.67,1.0,16.0,1.3878,0.4118,5.17,1.869,77.6,21.9,0.388,31,1,30,1
21-0-2026-02,Haveri,All,2026-02,21,0,24313,2,30,17,14,5,20.333,16.0,13.583,30,1.0,7.071,6.116,1.4969,2.2086,2265,1748.67,2265,1748.67,1.0,20.33,2.2086,0.6,7.5,1.869,77.6,21.9,0.388,28,0,22,1
21-0-2026-03,Haveri,All,2026-03,21,0,24314,3,22,30,17,13,23.0,18.167,15.0,22,1.0,6.568,5.93,1.5333,1.4667,2094,1881.0,2094,1881.0,1.0,23.0,1.4667,0.4545,8.5,1.869,77.6,21.9,0.388,31,0,28,1
21-0-2026-04,Haveri,All,2026-04,21,0,24315,4,28,22,30,14,26.667,21.333,16.25,28,1.0,5.935,6.881,1.641,1.7231,2455,2271.33,2455,2271.33,1.0,26.67,1.7231,0.4643,9.67,1.869,77.6,21.9,0.388,30,0,21,1
21-0-2026-05,Haveri,All,2026-05,21,0,24316,5,21,28,22,10,23.667,22.0,16.833,21,1.0,5.627,6.962,1.4059,1.2475,2324,2291.0,2324,2291.0,1.0,23.67,1.2475,0.4286,10.17,1.869,77.6,21.9,0.388,31,1,35,1
21-0-2026-06,Haveri,All,2026-06,21,0,24317,6,35,21,28,9,28.0,25.5,18.917,35,1.0,6.076,8.231,1.4802,1.8502,2456,2411.67,2456,2411.67,1.0,28.0,1.8502,0.6857,13.5,1.869,77.6,21.9,0.388,30,0,25,1
22-0-2024-02,Gadag,All,2024-02,22,0,24289,2,11,15,17,9,14.333,14.5,11.333,11,1.0,3.905,4.441,1.2647,0.9706,1240,1432.33,1240,1432.33,1.0,14.33,0.9706,0.5455,7.33,1.246,75.1,35.6,0.268,28,0,9,1
22-0-2024-03,Gadag,All,2024-03,22,0,24290,3,9,11,15,10,11.667,14.5,11.333,9,1.0,3.905,4.441,1.0294,0.7941,1148,1225.0,1148,1225.0,1.0,11.67,0.7941,0.6667,7.33,1.246,75.1,35.6,0.268,31,0,9,1
22-0-2024-04,Gadag,All,2024-04,22,0,24291,4,9,9,11,4,9.667,13.667,11.25,9,1.0,4.422,4.474,0.8593,0.8,1171,1186.33,1171,1186.33,1.0,9.67,0.8,0.5556,7.0,1.246,75.1,35.6,0.268,30,0,10,1
22-0-2024-05,Gadag,All,2024-05,22,0,24292,5,10,9,9,10,9.333,11.833,11.75,10,1.0,3.078,3.94,0.7943,0.8511,1175,1164.67,1175,1164.67,1.0,9.33,0.8511,0.6,6.5,1.246,75.1,35.6,0.268,31,0,7,1
22-0-2024-06,Gadag,All,2024-06,22,0,24293,6,7,10,9,8,8.667,10.167,11.5,7,1.0,2.478,4.133,0.7536,0.6087,1270,1205.33,1270,1205.33,1.0,8.67,0.6087,0.7143,5.83,1.246,75.1,35.6,0.268,30,0,11,1
22-0-2024-07,Gadag,All,2024-07,22,0,24294,7,11,7,10,8,9.333,9.5,11.75,11,1.0,1.384,4.003,0.7943,0.9362,1177,1207.33,1177,1207.33,1.0,9.33,0.9362,0.7273,6.0,1.246,75.1,35.6,0.268,31,1,16,1
22-0-2024-08,Gadag,All,2024-08,22,0,24295,8,16,11,7,9,11.333,10.333,12.417,16,1.0,2.809,3.989,0.9128,1.2886,1103,1183.33,1103,1183.33,1.0,11.33,1.2886,0.625,6.67,1.246,75.1,35.6,0.268,31,0,10,1
22-0-2024-09,Gadag,All,2024-09,22,0,24296,9,10,16,11,14,12.333,10.5,12.5,10,1.0,2.754,3.926,0.9867,0.8,1214,1164.67,1214,1164.67,1.0,12.33,0.8,0.6,6.67,1.246,75.1,35.6,0.268,30,0,13,1
22-0-2024-10,Gadag,All,2024-10,22,0,24297,10,13,10,16,21,13.0,11.167,12.417,13,1.0,2.794,3.904,1.047,1.047,1190,1169.0,1190,1169.0,1.0,13.0,1.047,0.4615,6.83,1.246,75.1,35.6,0.268,31,0,11,1
22-0-2024-11,Gadag,All,2024-11,22,0,24298,11,11,13,10,17,11.333,11.333,11.583,11,1.0,2.749,2.929,0.9784,0.9496,1701,1368.33,1701,1368.33,1.0,11.33,0.9496,0.4545,6.67,1.246,75.1,35.6,0.268,30,1,18,1
22-0-2024-12,Gadag,All,2024-12,22,0,24299,12,18,11,13,15,14.0,13.167,11.667,18,1.0,2.911,3.091,1.2,1.5429,1744,1545.0,1744,1545.0,1.0,14.0,1.5429,0.6667,7.83,1.246,75.1,35.6,0.268,31,0,11,1
22-0-2025-01,Gadag,All,2025-01,22,0,24300,1,11,18,11,11,13.333,13.167,11.333,11,1.0,2.911,2.925,1.1765,0.9706,1290,1578.33,1290,1578.33,1.0,13.33,0.9706,0.5455,7.5,1.246,75.1,35.6,0.268,31,0,9,1
22-0-2025-02,Gadag,All,2025-02,22,0,24301,2,9,11,18,9,12.667,12.0,11.167,9,1.0,2.944,2.995,1.1343,0.806,1210,1414.67,1210,1414.67,1.0,12.67,0.806,0.3333,6.33,1.246,75.1,35.6,0.268,28,0,8,1
22-0-2025-03,Gadag,All,2025-03,22,0,24302,3,8,9,11,9,9.333,11.667,11.083,8,1.0,3.249,3.068,0.8421,0.7218,1077,1192.33,1077,1192.33,1.0,9.33,0.7218,0.625,6.17,1.246,75.1,35.6,0.268,31,0,6,1
22-0-2025-04,Gadag,All,2025-04,22,0,24303,4,6,8,9,10,7.667,10.5,10.833,6,1.0,3.775,3.337,0.7077,0.5538,1168,1151.67,1168,1151.67,1.0,7.67,0.5538,0.5,5.67,1.246,75.1,35.6,0.268,30,1,11,1
22-0-2025-05,Gadag,All,2025-05,22,0,24304,5,11,6,8,7,8.333,10.5,10.917,11,1.0,3.775,3.328,0.7634,1.0076,1168,1137.67,1168,1137.67,1.0,8.33,1.0076,0.6364,6.0,1.246,75.1,35.6,0.268,31,0,7,1
22-0-2025-06,Gadag,All,2025-06,22,0,24305,6,7,11,6,11,8.0,8.667,10.917,7,1.0,1.886,3.328,0.7328,0.6412,1190,1175.33,1190,1175.33,1.0,8.0,0.6412,0.4286,4.5,1.246,75.1,35.6,0.268,30,1,14,1
22-0-2025-07,Gadag,All,2025-07,22,0,24306,7,14,7,11,16,10.667,9.167,11.167,14,1.0,2.672,3.436,0.9552,1.2537,1187,1181.67,1187,1181.67,1.0,10.67,1.2537,0.5,4.67,1.246,75.1,35.6,0.268,31,0,10,1
22-0-2025-08,Gadag,All,2025-08,22,0,24307,8,10,14,7,10,10.333,9.333,10.667,10,1.0,2.687,3.118,0.9688,0.9375,1190,1189.0,1190,1189.0,1.0,10.33,0.9375,0.6,5.17,1.246,75.1,35.6,0.268,31,0,8,1
22-0-2025-09,Gadag,All,2025-09,22,0,24308,9,8,10,14,13,10.667,9.333,10.5,8,1.0,2.687,3.202,1.0159,0.7619,1214,1197.0,1214,1197.0,1.0,10.67,0.7619,0.75,5.33,1.246,75.1,35.6,0.268,30,0,9,1
22-0-2025-10,Gadag,All,2025-10,22,0,24309,10,9,8,10,11,9.0,9.833,10.167,9,1.0,2.267,3.131,0.8852,0.8852,1104,1169.33,1104,1169.33,1.0,9.0,0.8852,0.1111,5.0,1.246,75.1,35.6,0.268,31,1,17,1
22-0-2025-11,Gadag,All,2025-11,22,0,24310,11,17,9,8,18,11.333,10.833,10.667,17,1.0,3.532,3.659,1.0625,1.5938,1707,1341.67,1707,1341.67,1.0,11.33,1.5938,0.4706,5.17,1.246,75.1,35.6,0.268,30,0,13,1
22-0-2025-12,Gadag,All,2025-12,22,0,24311,12,13,17,9,11,13.0,11.833,10.25,13,1.0,3.131,3.031,1.2683,1.2683,1697,1502.67,1697,1502.67,1.0,13.0,1.2683,0.6923,6.17,1.246,75.1,35.6,0.268,31,0,12,1
22-0-2026-01,Gadag,All,2026-01,22,0,24312,1,12,13,17,9,14.0,11.5,10.333,12,1.0,2.986,3.064,1.3548,1.1613,1284,1562.67,1284,1562.67,1.0,14.0,1.1613,0.3333,5.67,1.246,75.1,35.6,0.268,31,1,20,1
22-0-2026-02,Gadag,All,2026-02,22,0,24313,2,20,12,13,8,15.0,13.167,11.25,20,1.0,4.22,4.023,1.3333,1.7778,2265,1748.67,2265,1748.67,1.0,15.0,1.7778,0.3,5.67,1.246,75.1,35.6,0.268,28,1,24,1
22-0-2026-03,Gadag,All,2026-03,22,0,24314,3,24,20,12,6,18.667,15.833,12.583,24,1.0,5.08,5.203,1.4834,1.9073,2094,1881.0,2094,1881.0,1.0,18.67,1.9073,0.625,7.17,1.246,75.1,35.6,0.268,31,0,15,1
22-0-2026-04,Gadag,All,2026-04,22,0,24315,4,15,24,20,11,19.667,16.833,13.333,15,1.0,4.14,4.836,1.475,1.125,2455,2271.33,2455,2271.33,1.0,19.67,1.125,0.3333,7.83,1.246,75.1,35.6,0.268,30,0,25,1
22-0-2026-05,Gadag,All,2026-05,22,0,24316,5,25,15,24,7,21.333,18.167,14.5,25,1.0,5.145,5.737,1.4713,1.7241,2324,2291.0,2324,2291.0,1.0,21.33,1.7241,0.52,8.67,1.246,75.1,35.6,0.268,31,0,18,1
22-0-2026-06,Gadag,All,2026-06,22,0,24317,6,18,25,15,14,19.333,19.0,15.417,18,1.0,4.619,5.33,1.2541,1.1676,2456,2411.67,2456,2411.67,1.0,19.33,1.1676,0.6667,9.17,1.246,75.1,35.6,0.268,30,0,24,1
23-0-2024-02,Chikkamagaluru,All,2024-02,23,0,24289,2,12,7,24,13,14.333,15.0,13.917,12,1.0,5.385,4.271,1.0299,0.8623,1240,1432.33,1240,1432.33,1.0,14.33,0.8623,0.6667,9.0,1.331,79.3,21.6,0.185,28,0,16,1
23-0-2024-03,Chikkamagaluru,All,2024-03,23,0,24290,3,16,12,7,16,11.667,15.167,14.167,16,1.0,5.398,4.298,0.8235,1.1294,1148,1225.0,1148,1225.0,1.0,11.67,1.1294,0.5,8.83,1.331,79.3,21.6,0.185,31,0,14,1
23-0-2024-04,Chikkamagaluru,All,2024-04,23,0,24291,4,14,16,12,13,14.0,15.333,14.0,14,1.0,5.344,4.262,1.0,1.0,1171,1186.33,1171,1186.33,1.0,14.0,1.0,0.5714,8.67,1.331,79.3,21.6,0.185,30,0,9,1
23-0-2024-05,Chikkamagaluru,All,2024-05,23,0,24292,5,9,14,16,15,13.0,13.667,13.667,9,1.0,5.497,4.478,0.9512,0.6585,1175,1164.67,1175,1164.67,1.0,13.0,0.6585,0.6667,8.0,1.331,79.3,21.6,0.185,31,1,21,1
23-0-2024-06,Chikkamagaluru,All,2024-06,23,0,24293,6,21,9,14,10,14.667,13.167,14.167,21,1.0,4.598,4.913,1.0353,1.4824,1270,1205.33,1270,1205.33,1.0,14.67,1.4824,0.4762,7.0,1.331,79.3,21.6,0.185,30,0,13,1
23-0-2024-07,Chikkamagaluru,All,2024-07,23,0,24294,7,13,21,9,10,14.333,14.167,14.417,13,1.0,3.716,4.769,0.9942,0.9017,1177,1207.33,1177,1207.33,1.0,14.33,0.9017,0.7692,8.33,1.331,79.3,21.6,0.185,31,0,14,1
23-0-2024-08,Chikkamagaluru,All,2024-08,23,0,24295,8,14,13,21,15,16.0,14.5,14.75,14,1.0,3.594,4.585,1.0847,0.9492,1103,1183.33,1103,1183.33,1.0,16.0,0.9492,0.6429,8.5,1.331,79.3,21.6,0.185,31,0,7,1
23-0-2024-09,Chikkamagaluru,All,2024-09,23,0,24296,9,7,14,13,13,11.333,13.0,14.083,7,1.0,4.435,5.057,0.8047,0.497,1214,1164.67,1214,1164.67,1.0,11.33,0.497,0.7143,8.0,1.331,79.3,21.6,0.185,30,1,17,1
23-0-2024-10,Chikkamagaluru,All,2024-10,23,0,24297,10,17,7,14,19,12.667,13.5,14.417,17,1.0,4.682,5.107,0.8786,1.1792,1190,1169.0,1190,1169.0,1.0,12.67,1.1792,0.4706,8.0,1.331,79.3,21.6,0.185,31,0,15,1
23-0-2024-11,Chikkamagaluru,All,2024-11,23,0,24298,11,15,17,7,24,13.0,14.5,14.083,15,1.0,4.233,4.924,0.9231,1.0651,1701,1368.33,1701,1368.33,1.0,13.0,1.0651,0.6,8.5,1.331,79.3,21.6,0.185,30,1,24,1
23-0-2024-12,Chikkamagaluru,All,2024-12,23,0,24299,12,24,15,17,7,18.667,15.0,14.083,24,1.0,5.066,4.924,1.3254,1.7041,1744,1545.0,1744,1545.0,1.0,18.67,1.7041,0.5,8.83,1.331,79.3,21.6,0.185,31,0,11,1
23-0-2025-01,Chikkamagaluru,All,2025-01,23,0,24300,1,11,24,15,12,16.667,14.667,14.417,11,1.0,5.249,4.554,1.1561,0.763,1290,1578.33,1290,1578.33,1.0,16.67,0.763,0.4545,8.0,1.331,79.3,21.6,0.185,31,0,12,1
23-0-2025-02,Chikkamagaluru,All,2025-02,23,0,24301,2,12,11,24,16,15.667,14.333,14.417,12,1.0,5.344,4.554,1.0867,0.8324,1210,1414.67,1210,1414.67,1.0,15.67,0.8324,0.6667,7.83,1.331,79.3,21.6,0.185,28,1,24,1
23-0-2025-03,Chikkamagaluru,All,2025-03,23,0,24302,3,24,12,11,14,15.667,17.167,15.083,24,1.0,5.209,5.267,1.0387,1.5912,1077,1192.33,1077,1192.33,1.0,15.67,1.5912,0.4167,8.67,1.331,79.3,21.6,0.185,31,0,7,1
23-0-2025-04,Chikkamagaluru,All,2025-04,23,0,24303,4,7,24,12,9,14.333,15.5,14.5,7,1.0,6.449,5.723,0.9885,0.4828,1168,1151.67,1168,1151.67,1.0,14.33,0.4828,0.2857,7.67,1.331,79.3,21.6,0.185,30,0,8,1
23-0-2025-05,Chikkamagaluru,All,2025-05,23,0,24304,5,8,7,24,21,13.0,14.333,14.417,8,1.0,7.04,5.809,0.9017,0.5549,1168,1137.67,1168,1137.67,1.0,13.0,0.5549,0.25,6.5,1.331,79.3,21.6,0.185,31,0,14,1
23-0-2025-06,Chikkamagaluru,All,2025-06,23,0,24305,6,14,8,7,13,9.667,12.667,13.833,14,1.0,5.588,5.459,0.6988,1.012,1190,1175.33,1190,1175.33,1.0,9.67,1.012,0.5,5.67,1.331,79.3,21.6,0.185,30,1,18,1
23-0-2025-07,Chikkamagaluru,All,2025-07,23,0,24306,7,18,14,8,14,13.333,13.833,14.25,18,1.0,5.843,5.57,0.9357,1.2632,1187,1181.67,1187,1181.67,1.0,13.33,1.2632,0.4444,6.17,1.331,79.3,21.6,0.185,31,0,15,1
23-0-2025-08,Chikkamagaluru,All,2025-08,23,0,24307,8,15,18,14,7,15.667,14.333,14.333,15,1.0,5.793,5.573,1.093,1.0465,1190,1189.0,1190,1189.0,1.0,15.67,1.0465,0.4,5.83,1.331,79.3,21.6,0.185,31,0,15,1
23-0-2025-09,Chikkamagaluru,All,2025-09,23,0,24308,9,15,15,18,17,16.0,12.833,15.0,15,1.0,3.976,5.115,1.0667,1.0,1214,1197.0,1214,1197.0,1.0,16.0,1.0,0.4667,5.33,1.331,79.3,21.6,0.185,30,0,14,1
23-0-2025-10,Chikkamagaluru,All,2025-10,23,0,24309,10,14,15,15,15,14.667,14.0,14.75,14,1.0,3.0,5.085,0.9944,0.9492,1104,1169.33,1104,1169.33,1.0,14.67,0.9492,0.7143,6.67,1.331,79.3,21.6,0.185,31,1,22,1
23-0-2025-11,Chikkamagaluru,All,2025-11,23,0,24310,11,22,14,15,24,17.0,16.333,15.333,22,1.0,2.867,5.467,1.1087,1.4348,1707,1341.67,1707,1341.67,1.0,17.0,1.4348,0.4545,8.0,1.331,79.3,21.6,0.185,30,1,24,1
23-0-2025-12,Chikkamagaluru,All,2025-12,23,0,24311,12,24,22,14,11,20.0,18.0,15.333,24,1.0,3.786,5.467,1.3043,1.5652,1697,1502.67,1697,1502.67,1.0,20.0,1.5652,0.2083,7.67,1.331,79.3,21.6,0.185,31,0,13,1
23-0-2026-01,Chikkamagaluru,All,2026-01,23,0,24312,1,13,24,22,12,19.667,17.167,15.5,13,1.0,4.22,5.362,1.2688,0.8387,1284,1562.67,1284,1562.67,1.0,19.67,0.8387,0.5385,7.5,1.331,79.3,21.6,0.185,31,0,19,1
23-0-2026-02,Chikkamagaluru,All,2026-02,23,0,24313,2,19,13,24,24,18.667,17.833,16.083,19,1.0,4.14,5.33,1.1606,1.1813,2265,1748.67,2265,1748.67,1.0,18.67,1.1813,0.4737,8.0,1.331,79.3,21.6,0.185,28,0,21,1
23-0-2026-03,Chikkamagaluru,All,2026-03,23,0,24314,3,21,19,13,7,17.667,18.833,15.833,21,1.0,4.059,5.014,1.1158,1.3263,2094,1881.0,2094,1881.0,1.0,17.67,1.3263,0.5238,8.67,1.331,79.3,21.6,0.185,31,0,19,1
23-0-2026-04,Chikkamagaluru,All,2026-04,23,0,24315,4,19,21,19,8,19.667,19.667,16.833,19,1.0,3.448,4.298,1.1683,1.1287,2455,2271.33,2455,2271.33,1.0,19.67,1.1287,0.4737,8.5,1.331,79.3,21.6,0.185,30,1,31,1
23-0-2026-05,Chikkamagaluru,All,2026-05,23,0,24316,5,31,19,21,14,23.667,21.167,18.75,31,1.0,5.49,5.002,1.2622,1.6533,2324,2291.0,2324,2291.0,1.0,23.67,1.6533,0.5806,9.83,1.331,79.3,21.6,0.185,31,0,27,1
23-0-2026-06,Chikkamagaluru,All,2026-06,23,0,24317,6,27,31,19,18,25.667,21.667,19.833,27,1.0,5.85,5.257,1.2941,1.3613,2456,2411.67,2456,2411.67,1.0,25.67,1.3613,0.4815,11.17,1.331,79.3,21.6,0.185,30,0,21,1
24-0-2024-02,Chamarajanagar,All,2024-02,24,0,24289,2,11,12,15,7,12.667,11.5,10.083,11,1.0,3.905,3.707,1.2562,1.0909,1240,1432.33,1240,1432.33,1.0,12.67,1.0909,0.4545,6.0,1.194,61.4,17.1,0.234,28,0,9,1
24-0-2024-03,Chamarajanagar,All,2024-03,24,0,24290,3,9,11,12,8,10.667,12.167,10.25,9,1.0,2.967,3.608,1.0407,0.878,1148,1225.0,1148,1225.0,1.0,10.67,0.878,0.6667,6.67,1.194,61.4,17.1,0.234,31,0,6,1
24-0-2024-04,Chamarajanagar,All,2024-04,24,0,24291,4,6,9,11,8,8.667,11.667,10.083,6,1.0,3.636,3.752,0.8595,0.595,1171,1186.33,1171,1186.33,1.0,8.67,0.595,0.8333,6.67,1.194,61.4,17.1,0.234,30,0,9,1
24-0-2024-05,Chamarajanagar,All,2024-05,24,0,24292,5,9,6,9,15,8.0,10.333,10.167,9,1.0,2.809,3.716,0.7869,0.8852,1175,1164.67,1175,1164.67,1.0,8.0,0.8852,0.5556,6.0,1.194,61.4,17.1,0.234,31,0,8,1
24-0-2024-06,Chamarajanagar,All,2024-06,24,0,24293,6,8,9,6,7,7.667,9.167,9.583,8,1.0,1.951,3.451,0.8,0.8348,1270,1205.33,1270,1205.33,1.0,7.67,0.8348,0.5,5.17,1.194,61.4,17.1,0.234,30,0,8,1
24-0-2024-07,Chamarajanagar,All,2024-07,24,0,24294,7,8,8,9,7,8.333,8.5,9.667,8,1.0,1.5,3.399,0.8621,0.8276,1177,1207.33,1177,1207.33,1.0,8.33,0.8276,0.5,4.83,1.194,61.4,17.1,0.234,31,0,7,1
24-0-2024-08,Chamarajanagar,All,2024-08,24,0,24295,8,7,8,8,5,7.667,7.833,9.667,7,1.0,1.067,3.399,0.7931,0.7241,1103,1183.33,1103,1183.33,1.0,7.67,0.7241,1.0,5.17,1.194,61.4,17.1,0.234,31,1,13,1
24-0-2024-09,Chamarajanagar,All,2024-09,24,0,24296,9,13,7,8,9,9.333,8.5,10.333,13,1.0,2.217,3.197,0.9032,1.2581,1214,1164.67,1214,1164.67,1.0,9.33,1.2581,0.5385,5.33,1.194,61.4,17.1,0.234,30,0,13,1
24-0-2024-10,Chamarajanagar,All,2024-10,24,0,24297,10,13,13,7,17,11.0,9.667,10.667,13,1.0,2.427,3.249,1.0312,1.2188,1190,1169.0,1190,1169.0,1.0,11.0,1.2188,0.5385,5.67,1.194,61.4,17.1,0.234,31,1,19,1
24-0-2024-11,Chamarajanagar,All,2024-11,24,0,24298,11,19,13,13,15,15.0,11.333,10.833,19,1.0,4.19,3.602,1.3846,1.7538,1701,1368.33,1701,1368.33,1.0,15.0,1.7538,0.4737,6.33,1.194,61.4,17.1,0.234,30,0,7,1
24-0-2024-12,Chamarajanagar,All,2024-12,24,0,24299,12,7,19,13,12,13.0,11.167,10.167,7,1.0,4.337,3.508,1.2787,0.6885,1744,1545.0,1744,1545.0,1.0,13.0,0.6885,0.2857,6.0,1.194,61.4,17.1,0.234,31,0,14,1
24-0-2025-01,Chamarajanagar,All,2025-01,24,0,24300,1,14,7,19,11,13.333,12.167,10.333,14,1.0,4.18,3.636,1.2903,1.3548,1290,1578.33,1290,1578.33,1.0,13.33,1.3548,0.5,6.5,1.194,61.4,17.1,0.234,31,0,12,1
24-0-2025-02,Chamarajanagar,All,2025-02,24,0,24301,2,12,14,7,9,11.0,13.0,10.417,12,1.0,3.512,3.662,1.056,1.152,1210,1414.67,1210,1414.67,1.0,11.0,1.152,0.6667,6.67,1.194,61.4,17.1,0.234,28,0,9,1
24-0-2025-03,Chamarajanagar,All,2025-03,24,0,24302,3,9,12,14,6,11.667,12.333,10.417,9,1.0,3.815,3.662,1.12,0.864,1077,1192.33,1077,1192.33,1.0,11.67,0.864,0.7778,6.67,1.194,61.4,17.1,0.234,31,0,11,1
24-0-2025-04,Chamarajanagar,All,2025-04,24,0,24303,4,11,9,12,9,10.667,12.0,10.833,11,1.0,3.83,3.412,0.9846,1.0154,1168,1151.67,1168,1151.67,1.0,10.67,1.0154,0.7273,6.83,1.194,61.4,17.1,0.234,30,0,10,1
24-0-2025-05,Chamarajanagar,All,2025-05,24,0,24304,5,10,11,9,8,10.0,10.5,10.917,10,1.0,2.217,3.378,0.916,0.916,1168,1137.67,1168,1137.67,1.0,10.0,0.916,0.6,6.33,1.194,61.4,17.1,0.234,31,0,6,1
24-0-2025-06,Chamarajanagar,All,2025-06,24,0,24305,6,6,10,11,8,9.0,10.333,10.75,6,1.0,2.494,3.562,0.8372,0.5581,1190,1175.33,1190,1175.33,1.0,9.0,0.5581,0.8333,6.83,1.194,61.4,17.1,0.234,30,0,8,1
24-0-2025-07,Chamarajanagar,All,2025-07,24,0,24306,7,8,6,10,7,8.0,9.333,10.75,8,1.0,1.972,3.562,0.7442,0.7442,1187,1181.67,1187,1181.67,1.0,8.0,0.7442,0.625,6.5,1.194,61.4,17.1,0.234,31,0,8,1
24-0-2025-08,Chamarajanagar,All,2025-08,24,0,24307,8,8,8,6,13,7.333,8.667,10.833,8,1.0,1.599,3.484,0.6769,0.7385,1190,1189.0,1190,1189.0,1.0,7.33,0.7385,0.25,5.5,1.194,61.4,17.1,0.234,31,0,5,1
24-0-2025-09,Chamarajanagar,All,2025-09,24,0,24308,9,5,8,8,13,7.0,8.0,10.167,5,1.0,2.082,3.76,0.6885,0.4918,1214,1197.0,1214,1197.0,1.0,7.0,0.4918,0.6,4.83,1.194,61.4,17.1,0.234,30,0,7,1
24-0-2025-10,Chamarajanagar,All,2025-10,24,0,24309,10,7,5,8,19,6.667,7.333,9.667,7,1.0,1.599,3.749,0.6897,0.7241,1104,1169.33,1104,1169.33,1.0,6.67,0.7241,0.2857,3.83,1.194,61.4,17.1,0.234,31,1,10,1
24-0-2025-11,Chamarajanagar,All,2025-11,24,0,24310,11,10,7,5,7,7.333,7.333,8.917,10,1.0,1.599,2.499,0.8224,1.1215,1707,1341.67,1707,1341.67,1.0,7.33,1.1215,0.7,4.0,1.194,61.4,17.1,0.234,30,1,11,1
24-0-2025-12,Chamarajanagar,All,2025-12,24,0,24311,12,11,10,7,14,9.333,8.167,9.25,11,1.0,1.951,2.487,1.009,1.1892,1697,1502.67,1697,1502.67,1.0,9.33,1.1892,0.3636,3.83,1.194,61.4,17.1,0.234,31,0,7,1
24-0-2026-01,Chamarajanagar,All,2026-01,24,0,24312,1,7,11,10,12,9.333,8.0,8.667,7,1.0,2.0,2.095,1.0769,0.8077,1284,1562.67,1284,1562.67,1.0,9.33,0.8077,0.7143,3.83,1.194,61.4,17.1,0.234,31,1,20,1
24-0-2026-02,Chamarajanagar,All,2026-02,24,0,24313,2,20,7,11,9,12.667,10.0,9.333,20,1.0,4.899,3.704,1.3571,2.1429,2265,1748.67,2265,1748.67,1.0,12.67,2.1429,0.3,4.5,1.194,61.4,17.1,0.234,28,0,15,1
24-0-2026-03,Chamarajanagar,All,2026-03,24,0,24314,3,15,20,7,11,14.0,11.667,9.833,15,1.0,4.607,4.017,1.4237,1.5254,2094,1881.0,2094,1881.0,1.0,14.0,1.5254,0.4,5.0,1.194,61.4,17.1,0.234,31,0,14,1
24-0-2026-04,Chamarajanagar,All,2026-04,24,0,24315,4,14,15,20,10,16.333,12.833,10.083,14,1.0,4.14,4.172,1.6198,1.3884,2455,2271.33,2455,2271.33,1.0,16.33,1.3884,0.7143,6.33,1.194,61.4,17.1,0.234,30,0,20,1
24-0-2026-05,Chamarajanagar,All,2026-05,24,0,24316,5,20,14,15,6,16.333,14.5,10.917,20,1.0,4.646,4.991,1.4962,1.8321,2324,2291.0,2324,2291.0,1.0,16.33,1.8321,0.55,7.0,1.194,61.4,17.1,0.234,31,0,22,1
24-0-2026-06,Chamarajanagar,All,2026-06,24,0,24317,6,22,20,14,8,18.667,16.333,12.25,22,1.0,5.055,5.599,1.5238,1.7959,2456,2411.67,2456,2411.67,1.0,18.67,1.7959,0.5,8.17,1.194,61.4,17.1,0.234,30,0,20,1
25-0-2024-02,Kodagu,All,2024-02,25,0,24289,2,8,13,12,7,11.0,12.0,10.0,8,1.0,3.215,3.136,1.1,0.8,1240,1432.33,1240,1432.33,1.0,11.0,0.8,0.625,5.17,0.649,82.6,14.6,0.158,28,0,12,1
25-0-2024-03,Kodagu,All,2024-03,25,0,24290,3,12,8,13,9,11.0,12.0,10.417,12,1.0,3.215,3.04,1.056,1.152,1148,1225.0,1148,1225.0,1.0,11.0,1.152,0.4167,4.83,0.649,82.6,14.6,0.158,31,1,17,1
25-0-2024-04,Kodagu,All,2024-04,25,0,24291,4,17,12,8,10,12.333,13.333,11.083,17,1.0,3.35,3.499,1.1128,1.5338,1171,1186.33,1171,1186.33,1.0,12.33,1.5338,0.5294,5.33,0.649,82.6,14.6,0.158,30,0,10,1
25-0-2024-05,Kodagu,All,2024-05,25,0,24292,5,10,17,12,8,13.0,12.0,11.083,10,1.0,2.769,3.499,1.1729,0.9023,1175,1164.67,1175,1164.67,1.0,13.0,0.9023,0.8,5.67,0.649,82.6,14.6,0.158,31,0,8,1
25-0-2024-06,Kodagu,All,2024-06,25,0,24293,6,8,10,17,7,11.667,11.333,11.083,8,1.0,3.145,3.499,1.0526,0.7218,1270,1205.33,1270,1205.33,1.0,11.67,0.7218,0.375,5.33,0.649,82.6,14.6,0.158,30,0,10,1
25-0-2024-07,Kodagu,All,2024-07,25,0,24294,7,10,8,10,7,9.333,10.833,11.333,10,1.0,3.078,3.3,0.8235,0.8824,1177,1207.33,1177,1207.33,1.0,9.33,0.8824,0.7,6.17,0.649,82.6,14.6,0.158,31,1,14,1
25-0-2024-08,Kodagu,All,2024-08,25,0,24295,8,14,10,8,12,10.667,11.833,11.917,14,1.0,2.967,3.095,0.8951,1.1748,1103,1183.33,1103,1183.33,1.0,10.67,1.1748,0.3571,6.17,0.649,82.6,14.6,0.158,31,0,8,1
25-0-2024-09,Kodagu,All,2024-09,25,0,24296,9,8,14,10,9,10.667,11.167,11.583,8,1.0,3.287,3.278,0.9209,0.6906,1214,1164.67,1214,1164.67,1.0,10.67,0.6906,0.25,5.67,0.649,82.6,14.6,0.158,30,0,8,1
25-0-2024-10,Kodagu,All,2024-10,25,0,24297,10,8,8,14,18,10.0,9.667,11.5,8,1.0,2.134,3.354,0.8696,0.6957,1190,1169.0,1190,1169.0,1.0,10.0,0.6957,0.75,5.17,0.649,82.6,14.6,0.158,31,0,14,1
25-0-2024-11,Kodagu,All,2024-11,25,0,24298,11,14,8,8,12,10.0,10.333,11.167,14,1.0,2.687,2.853,0.8955,1.2537,1701,1368.33,1701,1368.33,1.0,10.0,1.2537,0.7143,5.5,0.649,82.6,14.6,0.158,30,1,19,1
25-0-2024-12,Kodagu,All,2024-12,25,0,24299,12,19,14,8,13,13.667,12.167,11.75,19,1.0,3.933,3.585,1.1631,1.617,1744,1545.0,1744,1545.0,1.0,13.67,1.617,0.4737,6.5,0.649,82.6,14.6,0.158,31,0,9,1
25-0-2025-01,Kodagu,All,2025-01,25,0,24300,1,9,19,14,8,14.0,12.0,11.417,9,1.0,4.041,3.639,1.2263,0.7883,1290,1578.33,1290,1578.33,1.0,14.0,0.7883,0.5556,6.17,0.649,82.6,14.6,0.158,31,0,7,1
25-0-2025-02,Kodagu,All,2025-02,25,0,24301,2,7,9,19,12,11.667,10.833,11.333,7,1.0,4.298,3.727,1.0294,0.6176,1210,1414.67,1210,1414.67,1.0,11.67,0.6176,0.4286,5.83,0.649,82.6,14.6,0.158,28,0,9,1
25-0-2025-03,Kodagu,All,2025-03,25,0,24302,3,9,7,9,17,8.333,11.0,11.083,9,1.0,4.203,3.774,0.7519,0.812,1077,1192.33,1077,1192.33,1.0,8.33,0.812,0.5556,6.33,0.649,82.6,14.6,0.158,31,1,15,1
25-0-2025-04,Kodagu,All,2025-04,25,0,24303,4,15,9,7,10,10.333,12.167,10.917,15,1.0,4.18,3.546,0.9466,1.374,1168,1151.67,1168,1151.67,1.0,10.33,1.374,0.5333,6.67,0.649,82.6,14.6,0.158,30,0,13,1
25-0-2025-05,Kodagu,All,2025-05,25,0,24304,5,13,15,9,8,12.333,12.0,11.167,13,1.0,4.123,3.578,1.1045,1.1642,1168,1137.67,1168,1137.67,1.0,12.33,1.1642,0.7692,6.67,0.649,82.6,14.6,0.158,31,0,6,1
25-0-2025-06,Kodagu,All,2025-06,25,0,24305,6,6,13,15,10,11.333,9.833,11.0,6,1.0,3.184,3.764,1.0303,0.5455,1190,1175.33,1190,1175.33,1.0,11.33,0.5455,0.3333,5.5,0.649,82.6,14.6,0.158,30,0,5,1
25-0-2025-07,Kodagu,All,2025-07,25,0,24306,7,5,6,13,14,8.0,9.167,10.583,5,1.0,3.67,4.112,0.7559,0.4724,1187,1181.67,1187,1181.67,1.0,8.0,0.4724,0.6,5.17,0.649,82.6,14.6,0.158,31,0,9,1
25-0-2025-08,Kodagu,All,2025-08,25,0,24307,8,9,5,6,8,6.667,9.5,10.167,9,1.0,3.547,3.997,0.6557,0.8852,1190,1189.0,1190,1189.0,1.0,6.67,0.8852,0.5556,5.5,0.649,82.6,14.6,0.158,31,1,13,1
25-0-2025-09,Kodagu,All,2025-09,25,0,24308,9,13,9,5,8,9.0,10.167,10.583,13,1.0,3.76,4.01,0.8504,1.2283,1214,1197.0,1214,1197.0,1.0,9.0,1.2283,0.5385,5.83,0.649,82.6,14.6,0.158,30,0,9,1
25-0-2025-10,Kodagu,All,2025-10,25,0,24309,10,9,13,9,14,10.333,9.167,10.667,9,1.0,3.078,3.965,0.9688,0.8438,1104,1169.33,1104,1169.33,1.0,10.33,0.8438,0.6667,5.5,0.649,82.6,14.6,0.158,31,1,15,1
25-0-2025-11,Kodagu,All,2025-11,25,0,24310,11,15,9,13,19,12.333,9.5,10.75,15,1.0,3.547,4.044,1.1473,1.3953,1707,1341.67,1707,1341.67,1.0,12.33,1.3953,0.4667,5.0,0.649,82.6,14.6,0.158,30,1,23,1
25-0-2025-12,Kodagu,All,2025-12,25,0,24311,12,23,15,9,9,15.667,12.333,11.083,23,1.0,5.735,4.804,1.4135,2.0752,1697,1502.67,1697,1502.67,1.0,15.67,2.0752,0.4783,6.5,0.649,82.6,14.6,0.158,31,0,11,1
25-0-2026-01,Kodagu,All,2026-01,25,0,24312,1,11,23,15,7,16.333,13.333,11.25,11,1.0,4.819,4.763,1.4519,0.9778,1284,1562.67,1284,1562.67,1.0,16.33,0.9778,0.5455,7.0,0.649,82.6,14.6,0.158,31,0,20,1
25-0-2026-02,Kodagu,All,2026-02,25,0,24313,2,20,11,23,9,18.0,15.167,12.333,20,1.0,4.913,5.137,1.4595,1.6216,2265,1748.67,2265,1748.67,1.0,18.0,1.6216,0.65,8.33,0.649,82.6,14.6,0.158,28,0,19,1
25-0-2026-03,Kodagu,All,2026-03,25,0,24314,3,19,20,11,15,16.667,16.167,13.167,19,1.0,4.981,5.336,1.2658,1.443,2094,1881.0,2094,1881.0,1.0,16.67,1.443,0.7368,9.5,0.649,82.6,14.6,0.158,31,0,19,1
25-0-2026-04,Kodagu,All,2026-04,25,0,24315,4,19,19,20,13,19.333,17.833,13.5,19,1.0,3.848,5.56,1.4321,1.4074,2455,2271.33,2455,2271.33,1.0,19.33,1.4074,0.4211,9.83,0.649,82.6,14.6,0.158,30,0,12,1
25-0-2026-05,Kodagu,All,2026-05,25,0,24316,5,12,19,19,6,16.667,17.333,13.417,12,1.0,4.346,5.575,1.2422,0.8944,2324,2291.0,2324,2291.0,1.0,16.67,0.8944,0.6667,10.0,0.649,82.6,14.6,0.158,31,1,26,1
25-0-2026-06,Kodagu,All,2026-06,25,0,24317,6,26,12,19,5,19.0,17.833,15.083,26,1.0,5.08,6.075,1.2597,1.7238,2456,2411.67,2456,2411.67,1.0,19.0,1.7238,0.5385,10.5,0.649,82.6,14.6,0.158,30,0,21,1
26-0-2024-02,Bagalkote,All,2024-02,26,0,24289,2,14,14,18,10,15.333,14.667,12.583,14,1.0,2.134,2.842,1.2185,1.1126,1240,1432.33,1240,1432.33,1.0,15.33,1.1126,0.4286,8.33,2.211,68.8,31.5,0.336,28,0,13,1
26-0-2024-03,Bagalkote,All,2024-03,26,0,24290,3,13,14,14,8,13.667,14.833,12.833,13,1.0,1.951,2.734,1.0649,1.013,1148,1225.0,1148,1225.0,1.0,13.67,1.013,0.3846,8.0,2.211,68.8,31.5,0.336,31,0,7,1
26-0-2024-04,Bagalkote,All,2024-04,26,0,24291,4,7,13,14,12,11.333,13.833,12.75,7,1.0,3.532,2.89,0.8889,0.549,1171,1186.33,1171,1186.33,1.0,11.33,0.549,0.7143,7.5,2.211,68.8,31.5,0.336,30,0,9,1
26-0-2024-05,Bagalkote,All,2024-05,26,0,24292,5,9,7,13,11,9.667,12.5,12.5,9,1.0,3.594,3.069,0.7733,0.72,1175,1164.67,1175,1164.67,1.0,9.67,0.72,0.7778,6.33,2.211,68.8,31.5,0.336,31,1,18,1
26-0-2024-06,Bagalkote,All,2024-06,26,0,24293,6,18,9,7,13,11.333,12.5,13.083,18,1.0,3.594,3.378,0.8662,1.3758,1270,1205.33,1270,1205.33,1.0,11.33,1.3758,0.2778,5.5,2.211,68.8,31.5,0.336,30,0,9,1
26-0-2024-07,Bagalkote,All,2024-07,26,0,24294,7,9,18,9,9,12.0,11.667,12.75,9,1.0,3.727,3.562,0.9412,0.7059,1177,1207.33,1177,1207.33,1.0,12.0,0.7059,0.4444,5.33,2.211,68.8,31.5,0.336,31,0,13,1
26-0-2024-08,Bagalkote,All,2024-08,26,0,24295,8,13,9,18,12,13.333,11.5,13.083,13,1.0,3.64,3.378,1.0191,0.9936,1103,1183.33,1103,1183.33,1.0,13.33,0.9936,0.6154,5.67,2.211,68.8,31.5,0.336,31,0,12,1
26-0-2024-09,Bagalkote,All,2024-09,26,0,24296,9,12,13,9,13,11.333,11.333,13.083,12,1.0,3.59,3.378,0.8662,0.9172,1214,1164.67,1214,1164.67,1.0,11.33,0.9172,0.5833,6.0,2.211,68.8,31.5,0.336,30,0,10,1
26-0-2024-10,Bagalkote,All,2024-10,26,0,24297,10,10,12,13,17,11.667,11.833,12.833,10,1.0,3.131,3.484,0.9091,0.7792,1190,1169.0,1190,1169.0,1.0,11.67,0.7792,0.7,6.33,2.211,68.8,31.5,0.336,31,1,20,1
26-0-2024-11,Bagalkote,All,2024-11,26,0,24298,11,20,10,12,18,14.0,13.667,13.083,20,1.0,4.028,3.861,1.0701,1.5287,1701,1368.33,1701,1368.33,1.0,14.0,1.5287,0.45,6.67,2.211,68.8,31.5,0.336,30,0,15,1
26-0-2024-12,Bagalkote,All,2024-12,26,0,24299,12,15,20,10,14,15.0,13.167,12.833,15,1.0,3.625,3.625,1.1688,1.1688,1744,1545.0,1744,1545.0,1.0,15.0,1.1688,0.4,6.83,2.211,68.8,31.5,0.336,31,0,17,1
26-0-2025-01,Bagalkote,All,2025-01,26,0,24300,1,17,15,20,14,17.333,14.5,13.083,17,1.0,3.304,3.796,1.3248,1.2994,1290,1578.33,1290,1578.33,1.0,17.33,1.2994,0.5882,7.83,2.211,68.8,31.5,0.336,31,0,15,1
26-0-2025-02,Bagalkote,All,2025-02,26,0,24301,2,15,17,15,13,15.667,14.833,13.167,15,1.0,3.236,3.826,1.1899,1.1392,1210,1414.67,1210,1414.67,1.0,15.67,1.1392,0.5333,7.83,2.211,68.8,31.5,0.336,28,0,6,1
26-0-2025-03,Bagalkote,All,2025-03,26,0,24302,3,6,15,17,7,12.667,13.833,12.583,6,1.0,4.598,4.31,1.0066,0.4768,1077,1192.33,1077,1192.33,1.0,12.67,0.4768,0.6667,7.33,2.211,68.8,31.5,0.336,31,0,9,1
26-0-2025-04,Bagalkote,All,2025-04,26,0,24303,4,9,6,15,9,10.0,13.667,12.75,9,1.0,4.749,4.126,0.7843,0.7059,1168,1151.67,1168,1151.67,1.0,10.0,0.7059,0.5556,7.0,2.211,68.8,31.5,0.336,30,0,10,1
26-0-2025-05,Bagalkote,All,2025-05,26,0,24304,5,10,9,6,18,8.333,12.0,12.833,10,1.0,3.916,4.059,0.6494,0.7792,1168,1137.67,1168,1137.67,1.0,8.33,0.7792,0.5,6.33,2.211,68.8,31.5,0.336,31,1,13,1
26-0-2025-06,Bagalkote,All,2025-06,26,0,24305,6,13,10,9,9,10.667,11.667,12.417,13,1.0,3.727,3.752,0.8591,1.047,1190,1175.33,1190,1175.33,1.0,10.67,1.047,0.4615,6.33,2.211,68.8,31.5,0.336,30,0,8,1
26-0-2025-07,Bagalkote,All,2025-07,26,0,24306,7,8,13,10,13,10.333,10.167,12.333,8,1.0,3.023,3.837,0.8378,0.6486,1187,1181.67,1187,1181.67,1.0,10.33,0.6486,0.625,5.5,2.211,68.8,31.5,0.336,31,0,10,1
26-0-2025-08,Bagalkote,All,2025-08,26,0,24307,8,10,8,13,12,10.333,9.333,12.083,10,1.0,2.134,3.883,0.8552,0.8276,1190,1189.0,1190,1189.0,1.0,10.33,0.8276,0.4,4.83,2.211,68.8,31.5,0.336,31,0,9,1
26-0-2025-09,Bagalkote,All,2025-09,26,0,24308,9,9,10,8,10,9.0,9.833,11.833,9,1.0,1.572,3.976,0.7606,0.7606,1214,1197.0,1214,1197.0,1.0,9.0,0.7606,0.4444,4.83,2.211,68.8,31.5,0.336,30,1,14,1
26-0-2025-10,Bagalkote,All,2025-10,26,0,24309,10,14,9,10,20,11.0,10.667,12.167,14,1.0,2.134,3.976,0.9041,1.1507,1104,1169.33,1104,1169.33,1.0,11.0,1.1507,0.5,5.17,2.211,68.8,31.5,0.336,31,1,18,1
26-0-2025-11,Bagalkote,All,2025-11,26,0,24310,11,18,14,9,15,13.667,12.0,12.0,18,1.0,3.416,3.674,1.1389,1.5,1707,1341.67,1707,1341.67,1.0,13.67,1.5,0.6111,6.17,2.211,68.8,31.5,0.336,30,0,13,1
26-0-2025-12,Bagalkote,All,2025-12,26,0,24311,12,13,18,14,17,15.0,12.0,11.833,13,1.0,3.416,3.578,1.2676,1.0986,1697,1502.67,1697,1502.67,1.0,15.0,1.0986,0.6154,6.5,2.211,68.8,31.5,0.336,31,0,12,1
26-0-2026-01,Bagalkote,All,2026-01,26,0,24312,1,12,13,18,15,14.333,12.667,11.417,12,1.0,2.925,3.226,1.2555,1.0511,1284,1562.67,1284,1562.67,1.0,14.33,1.0511,0.6667,7.0,2.211,68.8,31.5,0.336,31,0,15,1
26-0-2026-02,Bagalkote,All,2026-02,26,0,24313,2,15,12,13,6,13.333,13.5,11.417,15,1.0,2.754,3.226,1.1679,1.3139,2265,1748.67,2265,1748.67,1.0,13.33,1.3139,0.6667,8.0,2.211,68.8,31.5,0.336,28,0,12,1
26-0-2026-03,Bagalkote,All,2026-03,26,0,24314,3,12,15,12,9,13.0,14.0,11.917,12,1.0,2.082,2.783,1.0909,1.007,2094,1881.0,2094,1881.0,1.0,13.0,1.007,0.5,8.33,2.211,68.8,31.5,0.336,31,1,26,1
26-0-2026-04,Bagalkote,All,2026-04,26,0,24315,4,26,12,15,10,17.667,16.0,13.333,26,1.0,4.933,4.643,1.325,1.95,2455,2271.33,2455,2271.33,1.0,17.67,1.95,0.6923,10.17,2.211,68.8,31.5,0.336,30,0,20,1
26-0-2026-05,Bagalkote,All,2026-05,26,0,24316,5,20,26,12,13,19.333,16.333,14.167,20,1.0,5.121,4.862,1.3647,1.4118,2324,2291.0,2324,2291.0,1.0,19.33,1.4118,0.5,10.0,2.211,68.8,31.5,0.336,31,0,18,1
26-0-2026-06,Bagalkote,All,2026-06,26,0,24317,6,18,20,26,8,21.333,17.167,14.583,18,1.0,4.913,4.957,1.4629,1.2343,2456,2411.67,2456,2411.67,1.0,21.33,1.2343,0.7222,10.83,2.211,68.8,31.5,0.336,30,0,15,1
27-0-2024-02,Yadgir,All,2024-02,27,0,24289,2,7,4,17,7,9.333,9.667,9.333,7,1.0,4.422,3.59,1.0,0.75,1240,1432.33,1240,1432.33,1.0,9.33,0.75,0.5714,5.33,1.374,51.8,17.2,0.263,28,0,5,1
27-0-2024-03,Yadgir,All,2024-03,27,0,24290,3,5,7,4,8,5.333,9.5,9.167,5,1.0,4.573,3.738,0.5818,0.5455,1148,1225.0,1148,1225.0,1.0,5.33,0.5455,0.8,5.5,1.374,51.8,17.2,0.263,31,0,4,1
27-0-2024-04,Yadgir,All,2024-04,27,0,24291,4,4,5,7,7,5.333,8.167,8.833,4,1.0,4.81,3.997,0.6038,0.4528,1171,1186.33,1171,1186.33,1.0,5.33,0.4528,0.0,4.33,1.374,51.8,17.2,0.263,30,0,4,1
27-0-2024-05,Yadgir,All,2024-05,27,0,24292,5,4,4,5,14,4.333,6.833,8.583,4,1.0,4.67,4.192,0.5049,0.466,1175,1164.67,1175,1164.67,1.0,4.33,0.466,0.5,3.67,1.374,51.8,17.2,0.263,31,0,11,0
27-0-2024-06,Yadgir,All,2024-06,27,0,24293,6,11,4,4,10,6.333,5.833,8.333,11,1.0,2.544,3.944,0.76,1.32,1270,1205.33,1270,1205.33,1.0,6.33,1.32,0.7273,3.5,1.374,51.8,17.2,0.263,30,1,11,1
27-0-2024-07,Yadgir,All,2024-07,27,0,24294,7,11,11,4,8,8.667,7.0,8.417,11,1.0,3.0,3.989,1.0297,1.3069,1177,1207.33,1177,1207.33,1.0,8.67,1.3069,0.5455,4.0,1.374,51.8,17.2,0.263,31,0,11,1
27-0-2024-08,Yadgir,All,2024-08,27,0,24295,8,11,11,11,6,11.0,7.667,8.667,11,1.0,3.35,4.048,1.2692,1.2692,1103,1183.33,1103,1183.33,1.0,11.0,1.2692,0.6364,4.5,1.374,51.8,17.2,0.263,31,0,11,1
27-0-2024-09,Yadgir,All,2024-09,27,0,24296,9,11,11,11,12,11.0,8.667,9.083,11,1.0,3.3,4.01,1.211,1.211,1214,1164.67,1214,1164.67,1.0,11.0,1.211,0.4545,4.67,1.374,51.8,17.2,0.263,30,0,9,1
27-0-2024-10,Yadgir,All,2024-10,27,0,24297,10,9,11,11,12,10.333,9.5,8.833,9,1.0,2.566,3.912,1.1698,1.0189,1190,1169.0,1190,1169.0,1.0,10.33,1.0189,0.8889,6.0,1.374,51.8,17.2,0.263,31,0,11,1
27-0-2024-11,Yadgir,All,2024-11,27,0,24298,11,11,9,11,17,10.333,10.667,8.75,11,1.0,0.745,3.854,1.181,1.2571,1701,1368.33,1701,1368.33,1.0,10.33,1.2571,0.3636,6.33,1.374,51.8,17.2,0.263,30,1,18,1
27-0-2024-12,Yadgir,All,2024-12,27,0,24299,12,18,11,9,4,12.667,11.833,8.833,18,1.0,2.853,4.038,1.434,2.0377,1744,1545.0,1744,1545.0,1.0,12.67,2.0377,0.6111,6.83,1.374,51.8,17.2,0.263,31,0,6,1
27-0-2025-01,Yadgir,All,2025-01,27,0,24300,1,6,18,11,7,11.667,11.0,9.0,6,1.0,3.606,3.873,1.2963,0.6667,1290,1578.33,1290,1578.33,1.0,11.67,0.6667,0.6667,6.5,1.374,51.8,17.2,0.263,31,0,5,1
27-0-2025-02,Yadgir,All,2025-02,27,0,24301,2,5,6,18,5,9.667,10.0,8.833,5,1.0,4.243,3.997,1.0943,0.566,1210,1414.67,1210,1414.67,1.0,9.67,0.566,0.6,5.83,1.374,51.8,17.2,0.263,28,0,8,1
27-0-2025-03,Yadgir,All,2025-03,27,0,24302,3,8,5,6,4,6.333,9.5,9.083,8,1.0,4.272,3.84,0.6972,0.8807,1077,1192.33,1077,1192.33,1.0,6.33,0.8807,0.625,5.83,1.374,51.8,17.2,0.263,31,0,8,1
27-0-2025-04,Yadgir,All,2025-04,27,0,24303,4,8,8,5,4,7.0,9.333,9.417,8,1.0,4.308,3.546,0.7434,0.8496,1168,1151.67,1168,1151.67,1.0,7.0,0.8496,0.5,5.17,1.374,51.8,17.2,0.263,30,1,11,1
27-0-2025-05,Yadgir,All,2025-05,27,0,24304,5,11,8,8,11,9.0,9.333,10.0,11,1.0,4.308,3.162,0.9,1.1,1168,1137.67,1168,1137.67,1.0,9.0,1.1,0.6364,5.67,1.374,51.8,17.2,0.263,31,0,11,1
27-0-2025-06,Yadgir,All,2025-06,27,0,24305,6,11,11,8,11,10.0,8.167,10.0,11,1.0,2.267,3.162,1.0,1.1,1190,1175.33,1190,1175.33,1.0,10.0,1.1,0.3636,4.5,1.374,51.8,17.2,0.263,30,0,8,1
27-0-2025-07,Yadgir,All,2025-07,27,0,24306,7,8,11,11,11,10.0,8.5,9.75,8,1.0,2.062,3.192,1.0256,0.8205,1187,1181.67,1187,1181.67,1.0,10.0,0.8205,0.625,4.67,1.374,51.8,17.2,0.263,31,0,10,1
27-0-2025-08,Yadgir,All,2025-08,27,0,24307,8,10,8,11,11,9.667,9.333,9.667,10,1.0,1.374,3.171,1.0,1.0345,1190,1189.0,1190,1189.0,1.0,9.67,1.0345,0.3,4.67,1.374,51.8,17.2,0.263,31,0,11,1
27-0-2025-09,Yadgir,All,2025-09,27,0,24308,9,11,10,8,9,9.667,9.833,9.667,11,1.0,1.344,3.171,1.0,1.1379,1214,1197.0,1214,1197.0,1.0,9.67,1.1379,0.3636,4.5,1.374,51.8,17.2,0.263,30,0,4,1
27-0-2025-10,Yadgir,All,2025-10,27,0,24309,10,4,11,10,11,8.333,9.167,9.25,4,1.0,2.544,3.538,0.9009,0.4324,1104,1169.33,1104,1169.33,1.0,8.33,0.4324,0.75,4.33,1.374,51.8,17.2,0.263,31,1,16,1
27-0-2025-11,Yadgir,All,2025-11,27,0,24310,11,16,4,11,18,10.333,10.0,9.667,16,1.0,3.606,3.986,1.069,1.6552,1707,1341.67,1707,1341.67,1.0,10.33,1.6552,0.375,4.17,1.374,51.8,17.2,0.263,30,0,12,1
27-0-2025-12,Yadgir,All,2025-12,27,0,24311,12,12,16,4,6,10.667,10.167,9.167,12,1.0,3.67,3.21,1.1636,1.3091,1697,1502.67,1697,1502.67,1.0,10.67,1.3091,0.4167,4.33,1.374,51.8,17.2,0.263,31,1,15,1
27-0-2026-01,Yadgir,All,2026-01,27,0,24312,1,15,12,16,5,14.333,11.333,9.917,15,1.0,3.902,3.427,1.4454,1.5126,1284,1562.67,1284,1562.67,1.0,14.33,1.5126,0.6,5.0,1.374,51.8,17.2,0.263,31,1,24,1
27-0-2026-02,Yadgir,All,2026-02,27,0,24313,2,24,15,12,8,17.0,13.667,11.5,24,1.0,6.018,4.873,1.4783,2.087,2265,1748.67,2265,1748.67,1.0,17.0,2.087,0.5,6.5,1.374,51.8,17.2,0.263,28,0,17,1
27-0-2026-03,Yadgir,All,2026-03,27,0,24314,3,17,24,15,8,18.667,14.667,12.25,17,1.0,5.991,4.969,1.5238,1.3878,2094,1881.0,2094,1881.0,1.0,18.67,1.3878,0.6471,7.67,1.374,51.8,17.2,0.263,31,0,19,1
27-0-2026-04,Yadgir,All,2026-04,27,0,24315,4,19,17,24,11,20.0,17.167,13.167,19,1.0,3.716,5.113,1.519,1.443,2455,2271.33,2455,2271.33,1.0,20.0,1.443,0.4737,8.67,1.374,51.8,17.2,0.263,30,0,15,1
27-0-2026-05,Yadgir,All,2026-05,27,0,24316,5,15,19,17,11,17.0,17.0,13.5,15,1.0,3.786,5.091,1.2593,1.1111,2324,2291.0,2324,2291.0,1.0,17.0,1.1111,0.6,9.17,1.374,51.8,17.2,0.263,31,1,25,1
27-0-2026-06,Yadgir,All,2026-06,27,0,24317,6,25,15,19,8,19.667,19.167,14.667,25,1.0,4.017,5.921,1.3409,1.7045,2456,2411.67,2456,2411.67,1.0,19.67,1.7045,0.52,10.5,1.374,51.8,17.2,0.263,30,0,23,1
28-0-2024-02,Chikkaballapura,All,2024-02,28,0,24289,2,20,13,15,14,16.0,16.333,14.167,20,1.0,3.145,3.716,1.1294,1.4118,1240,1432.33,1240,1432.33,1.0,16.0,1.4118,0.75,9.83,1.468,69.8,22.9,0.349,28,0,16,1
28-0-2024-03,Chikkaballapura,All,2024-03,28,0,24290,3,16,20,13,10,16.333,16.833,14.333,16,1.0,2.794,3.749,1.1395,1.1163,1148,1225.0,1148,1225.0,1.0,16.33,1.1163,0.375,9.33,1.468,69.8,22.9,0.349,31,0,14,1
28-0-2024-04,Chikkaballapura,All,2024-04,28,0,24291,4,14,16,20,11,16.667,16.5,14.667,14,1.0,2.986,3.52,1.1364,0.9545,1171,1186.33,1171,1186.33,1.0,16.67,0.9545,0.3571,9.0,1.468,69.8,22.9,0.349,30,0,12,1
28-0-2024-05,Chikkaballapura,All,2024-05,28,0,24292,5,12,14,16,12,14.0,15.0,14.75,12,1.0,2.582,3.443,0.9492,0.8136,1175,1164.67,1175,1164.67,1.0,14.0,0.8136,0.3333,7.0,1.468,69.8,22.9,0.349,31,0,13,1
28-0-2024-06,Chikkaballapura,All,2024-06,28,0,24293,6,13,12,14,8,13.0,14.667,14.833,13,1.0,2.687,3.387,0.8764,0.8764,1270,1205.33,1270,1205.33,1.0,13.0,0.8764,0.6154,7.33,1.468,69.8,22.9,0.349,30,0,15,1
28-0-2024-07,Chikkaballapura,All,2024-07,28,0,24294,7,15,13,12,17,13.333,15.0,15.417,15,1.0,2.582,2.691,0.8649,0.973,1177,1207.33,1177,1207.33,1.0,13.33,0.973,0.2667,7.0,1.468,69.8,22.9,0.349,31,0,4,1
28-0-2024-08,Chikkaballapura,All,2024-08,28,0,24295,8,4,15,13,13,10.667,12.333,14.333,4,1.0,3.944,4.089,0.7442,0.2791,1103,1183.33,1103,1183.33,1.0,10.67,0.2791,0.75,5.0,1.468,69.8,22.9,0.349,31,0,13,1
28-0-2024-09,Chikkaballapura,All,2024-09,28,0,24296,9,13,4,15,16,10.667,11.833,14.333,13,1.0,3.625,4.089,0.7442,0.907,1214,1164.67,1214,1164.67,1.0,10.67,0.907,0.2308,4.5,1.468,69.8,22.9,0.349,30,0,10,1
28-0-2024-10,Chikkaballapura,All,2024-10,28,0,24297,10,10,13,4,21,9.0,11.167,13.833,10,1.0,3.532,4.22,0.6506,0.7229,1190,1169.0,1190,1169.0,1.0,9.0,0.7229,0.6,4.67,1.468,69.8,22.9,0.349,31,1,14,1
28-0-2024-11,Chikkaballapura,All,2024-11,28,0,24298,11,14,10,13,15,12.333,11.5,13.25,14,1.0,3.686,3.631,0.9308,1.0566,1701,1368.33,1701,1368.33,1.0,12.33,1.0566,0.4286,5.0,1.468,69.8,22.9,0.349,30,1,20,1
28-0-2024-12,Chikkaballapura,All,2024-12,28,0,24299,12,20,14,10,13,14.667,12.667,13.667,20,1.0,4.888,4.069,1.0732,1.4634,1744,1545.0,1744,1545.0,1.0,14.67,1.4634,0.55,5.5,1.468,69.8,22.9,0.349,31,0,17,1
28-0-2025-01,Chikkaballapura,All,2025-01,28,0,24300,1,17,20,14,20,17.0,13.0,14.0,17,1.0,5.099,4.163,1.2143,1.2143,1290,1578.33,1290,1578.33,1.0,17.0,1.2143,0.2941,5.67,1.468,69.8,22.9,0.349,31,0,9,1
28-0-2025-02,Chikkaballapura,All,2025-02,28,0,24301,2,9,17,20,16,15.333,13.833,13.083,9,1.0,3.804,3.947,1.172,0.6879,1210,1414.67,1210,1414.67,1.0,15.33,0.6879,0.7778,6.33,1.468,69.8,22.9,0.349,28,0,11,1
28-0-2025-03,Chikkaballapura,All,2025-03,28,0,24302,3,11,9,17,14,12.333,13.5,12.667,11,1.0,3.948,3.88,0.9737,0.8684,1077,1192.33,1077,1192.33,1.0,12.33,0.8684,0.1818,6.17,1.468,69.8,22.9,0.349,31,0,13,1
28-0-2025-04,Chikkaballapura,All,2025-04,28,0,24303,4,13,11,9,12,11.0,14.0,12.583,13,1.0,3.651,3.861,0.8742,1.0331,1168,1151.67,1168,1151.67,1.0,11.0,1.0331,0.3846,6.0,1.468,69.8,22.9,0.349,30,0,9,1
28-0-2025-05,Chikkaballapura,All,2025-05,28,0,24304,5,9,13,11,13,11.0,13.167,12.333,9,1.0,4.099,3.986,0.8919,0.7297,1168,1137.67,1168,1137.67,1.0,11.0,0.7297,0.6667,6.0,1.468,69.8,22.9,0.349,31,0,7,1
28-0-2025-06,Chikkaballapura,All,2025-06,28,0,24305,6,7,9,13,15,9.667,11.0,11.833,7,1.0,3.266,4.239,0.8169,0.5915,1190,1175.33,1190,1175.33,1.0,9.67,0.5915,0.5714,4.83,1.468,69.8,22.9,0.349,30,0,11,1
28-0-2025-07,Chikkaballapura,All,2025-07,28,0,24306,7,11,7,9,4,9.0,10.0,11.5,11,1.0,1.915,4.133,0.7826,0.9565,1187,1181.67,1187,1181.67,1.0,9.0,0.9565,0.4545,4.83,1.468,69.8,22.9,0.349,31,1,16,1
28-0-2025-08,Chikkaballapura,All,2025-08,28,0,24307,8,16,11,7,13,11.333,11.167,12.5,16,1.0,2.853,3.617,0.9067,1.28,1190,1189.0,1190,1189.0,1.0,11.33,1.28,0.6875,5.5,1.468,69.8,22.9,0.349,31,0,15,1
28-0-2025-09,Chikkaballapura,All,2025-09,28,0,24308,9,15,16,11,10,14.0,11.833,12.667,15,1.0,3.184,3.682,1.1053,1.1842,1214,1197.0,1214,1197.0,1.0,14.0,1.1842,0.6667,6.83,1.468,69.8,22.9,0.349,30,0,6,1
28-0-2025-10,Chikkaballapura,All,2025-10,28,0,24309,10,6,15,16,14,12.333,10.667,12.333,6,1.0,3.771,4.069,1.0,0.4865,1104,1169.33,1104,1169.33,1.0,12.33,0.4865,0.5,6.5,1.468,69.8,22.9,0.349,31,1,20,1
28-0-2025-11,Chikkaballapura,All,2025-11,28,0,24310,11,20,6,15,20,13.667,12.5,12.833,20,1.0,4.992,4.58,1.0649,1.5584,1707,1341.67,1707,1341.67,1.0,13.67,1.5584,0.45,7.0,1.468,69.8,22.9,0.349,30,0,19,1
28-0-2025-12,Chikkaballapura,All,2025-12,28,0,24311,12,19,20,6,17,15.0,14.5,12.75,19,1.0,4.787,4.456,1.1765,1.4902,1697,1502.67,1697,1502.67,1.0,15.0,1.4902,0.5263,8.0,1.468,69.8,22.9,0.349,31,0,16,1
28-0-2026-01,Chikkaballapura,All,2026-01,28,0,24312,1,16,19,20,9,18.333,15.333,12.667,16,1.0,4.534,4.384,1.4474,1.2632,1284,1562.67,1284,1562.67,1.0,18.33,1.2632,0.5,8.5,1.468,69.8,22.9,0.349,31,1,27,1
28-0-2026-02,Chikkaballapura,All,2026-02,28,0,24313,2,27,16,19,11,20.667,17.167,14.167,27,1.0,6.309,5.742,1.4588,1.9059,2265,1748.67,2265,1748.67,1.0,20.67,1.9059,0.5556,9.17,1.468,69.8,22.9,0.349,28,0,18,1
28-0-2026-03,Chikkaballapura,All,2026-03,28,0,24314,3,18,27,16,13,20.333,17.667,14.75,18,1.0,6.236,5.746,1.3785,1.2203,2094,1881.0,2094,1881.0,1.0,20.33,1.2203,0.5556,9.17,1.468,69.8,22.9,0.349,31,0,24,1
28-0-2026-04,Chikkaballapura,All,2026-04,28,0,24315,4,24,18,27,9,23.0,20.667,15.667,24,1.0,3.727,6.249,1.4681,1.5319,2455,2271.33,2455,2271.33,1.0,23.0,1.5319,0.625,11.17,1.468,69.8,22.9,0.349,30,0,14,1
28-0-2026-05,Chikkaballapura,All,2026-05,28,0,24316,5,14,24,18,7,18.667,19.667,16.083,14,1.0,4.497,5.951,1.1606,0.8705,2324,2291.0,2324,2291.0,1.0,18.67,0.8705,0.5,10.83,1.468,69.8,22.9,0.349,31,0,23,1
28-0-2026-06,Chikkaballapura,All,2026-06,28,0,24317,6,23,14,24,11,20.333,20.333,17.417,23,1.0,4.643,5.545,1.1675,1.3206,2456,2411.67,2456,2411.67,1.0,20.33,1.3206,0.4348,10.83,1.468,69.8,22.9,0.349,30,0,24,1
29-0-2024-02,Ramanagara,All,2024-02,29,0,24289,2,12,19,7,7,12.667,14.0,13.333,12,1.0,5.033,5.137,0.95,0.9,1240,1432.33,1240,1432.33,1.0,12.67,0.9,0.4167,7.17,1.267,69.2,25.1,0.354,28,1,23,1
29-0-2024-03,Ramanagara,All,2024-03,29,0,24290,3,23,12,19,21,18.0,15.667,14.667,23,1.0,5.991,5.39,1.2273,1.5682,1148,1225.0,1148,1225.0,1.0,18.0,1.5682,0.4783,7.0,1.267,69.2,25.1,0.354,31,0,12,1
29-0-2024-04,Ramanagara,All,2024-04,29,0,24291,4,12,23,12,18,15.667,15.833,13.917,12,1.0,5.871,5.074,1.1257,0.8623,1171,1186.33,1171,1186.33,1.0,15.67,0.8623,0.5,7.0,1.267,69.2,25.1,0.354,30,0,9,1
29-0-2024-05,Ramanagara,All,2024-05,29,0,24292,5,9,12,23,10,14.667,13.667,13.167,9,1.0,5.588,5.08,1.1139,0.6835,1175,1164.67,1175,1164.67,1.0,14.67,0.6835,0.3333,6.0,1.267,69.2,25.1,0.354,31,0,16,1
29-0-2024-06,Ramanagara,All,2024-06,29,0,24293,6,16,9,12,12,12.333,15.167,13.667,16,1.0,4.74,5.039,0.9024,1.1707,1270,1205.33,1270,1205.33,1.0,12.33,1.1707,0.6875,7.5,1.267,69.2,25.1,0.354,30,0,12,1
29-0-2024-07,Ramanagara,All,2024-07,29,0,24294,7,12,16,9,8,12.333,14.0,13.667,12,1.0,4.509,5.039,0.9024,0.878,1177,1207.33,1177,1207.33,1.0,12.33,0.878,0.5,7.0,1.267,69.2,25.1,0.354,31,0,12,1
29-0-2024-08,Ramanagara,All,2024-08,29,0,24295,8,12,12,16,13,13.333,14.0,14.0,12,1.0,4.509,4.778,0.9524,0.8571,1103,1183.33,1103,1183.33,1.0,13.33,0.8571,0.6667,7.5,1.267,69.2,25.1,0.354,31,0,13,1
29-0-2024-09,Ramanagara,All,2024-09,29,0,24296,9,13,12,12,11,12.333,12.333,14.0,13,1.0,2.055,4.778,0.881,0.9286,1214,1164.67,1214,1164.67,1.0,12.33,0.9286,0.5385,6.83,1.267,69.2,25.1,0.354,30,0,11,1
29-0-2024-10,Ramanagara,All,2024-10,29,0,24297,10,11,13,12,22,12.0,12.167,14.0,11,1.0,2.115,4.778,0.8571,0.7857,1190,1169.0,1190,1169.0,1.0,12.0,0.7857,0.6364,7.0,1.267,69.2,25.1,0.354,31,0,15,1
29-0-2024-11,Ramanagara,All,2024-11,29,0,24298,11,15,11,13,7,13.0,13.167,13.417,15,1.0,1.772,4.152,0.9689,1.118,1701,1368.33,1701,1368.33,1.0,13.0,1.118,0.5333,7.83,1.267,69.2,25.1,0.354,30,1,19,1
29-0-2024-12,Ramanagara,All,2024-12,29,0,24299,12,19,15,11,19,15.0,13.667,14.417,19,1.0,2.687,3.926,1.0405,1.3179,1744,1545.0,1744,1545.0,1.0,15.0,1.3179,0.5263,7.67,1.267,69.2,25.1,0.354,31,0,12,1
29-0-2025-01,Ramanagara,All,2025-01,29,0,24300,1,12,19,15,12,15.333,13.667,13.833,12,1.0,2.687,3.716,1.1084,0.8675,1290,1578.33,1290,1578.33,1.0,15.33,0.8675,0.75,8.17,1.267,69.2,25.1,0.354,31,0,16,1
29-0-2025-02,Ramanagara,All,2025-02,29,0,24301,2,16,12,19,23,15.667,14.333,14.167,16,1.0,2.687,3.716,1.1059,1.1294,1210,1414.67,1210,1414.67,1.0,15.67,1.1294,0.75,8.83,1.267,69.2,25.1,0.354,28,0,9,1
29-0-2025-03,Ramanagara,All,2025-03,29,0,24302,3,9,16,12,12,12.333,13.667,13.0,9,1.0,3.35,2.858,0.9487,0.6923,1077,1192.33,1077,1192.33,1.0,12.33,0.6923,0.7778,8.83,1.267,69.2,25.1,0.354,31,0,13,1
29-0-2025-04,Ramanagara,All,2025-04,29,0,24303,4,13,9,16,9,12.667,14.0,13.083,13,1.0,3.162,2.842,0.9682,0.9936,1168,1151.67,1168,1151.67,1.0,12.67,0.9936,0.6154,9.0,1.267,69.2,25.1,0.354,30,0,9,1
29-0-2025-05,Ramanagara,All,2025-05,29,0,24304,5,9,13,9,16,10.333,13.0,13.083,9,1.0,3.606,2.842,0.7898,0.6879,1168,1137.67,1168,1137.67,1.0,10.33,0.6879,0.5556,8.5,1.267,69.2,25.1,0.354,31,0,14,1
29-0-2025-06,Ramanagara,All,2025-06,29,0,24305,6,14,9,13,12,12.0,12.167,12.917,14,1.0,2.544,2.722,0.929,1.0839,1190,1175.33,1190,1175.33,1.0,12.0,1.0839,0.6429,8.33,1.267,69.2,25.1,0.354,30,0,16,1
29-0-2025-07,Ramanagara,All,2025-07,29,0,24306,7,16,14,9,12,13.0,12.833,13.25,16,1.0,2.911,2.832,0.9811,1.2075,1187,1181.67,1187,1181.67,1.0,13.0,1.2075,0.5,8.17,1.267,69.2,25.1,0.354,31,0,8,1
29-0-2025-08,Ramanagara,All,2025-08,29,0,24307,8,8,16,14,13,12.667,11.5,12.917,8,1.0,2.986,3.174,0.9806,0.6194,1190,1189.0,1190,1189.0,1.0,12.67,0.6194,0.625,7.0,1.267,69.2,25.1,0.354,31,0,13,1
29-0-2025-09,Ramanagara,All,2025-09,29,0,24308,9,13,8,16,11,12.333,12.167,12.917,13,1.0,2.794,3.174,0.9548,1.0065,1214,1197.0,1214,1197.0,1.0,12.33,1.0065,0.7692,7.5,1.267,69.2,25.1,0.354,30,1,19,1
29-0-2025-10,Ramanagara,All,2025-10,29,0,24309,10,19,13,8,15,13.333,13.167,13.583,19,1.0,3.804,3.523,0.9816,1.3988,1104,1169.33,1104,1169.33,1.0,13.33,1.3988,0.5263,7.83,1.267,69.2,25.1,0.354,31,0,18,1
29-0-2025-11,Ramanagara,All,2025-11,29,0,24310,11,18,19,13,19,16.667,14.667,13.833,18,1.0,3.636,3.716,1.2048,1.3012,1707,1341.67,1707,1341.67,1.0,16.67,1.3012,0.5,8.5,1.267,69.2,25.1,0.354,30,0,17,1
29-0-2025-12,Ramanagara,All,2025-12,29,0,24311,12,17,18,19,12,18.0,15.167,13.667,17,1.0,3.716,3.52,1.3171,1.2439,1697,1502.67,1697,1502.67,1.0,18.0,1.2439,0.4118,8.17,1.267,69.2,25.1,0.354,31,0,8,1
29-0-2026-01,Ramanagara,All,2026-01,29,0,24312,1,8,17,18,16,14.333,13.833,13.333,8,1.0,4.525,3.837,1.075,0.6,1284,1562.67,1284,1562.67,1.0,14.33,0.6,0.375,7.33,1.267,69.2,25.1,0.354,31,1,25,1
29-0-2026-02,Ramanagara,All,2026-02,29,0,24313,2,25,8,17,9,16.667,16.667,14.083,25,1.0,5.249,4.991,1.1834,1.7751,2265,1748.67,2265,1748.67,1.0,16.67,1.7751,0.76,9.67,1.267,69.2,25.1,0.354,28,0,19,1
29-0-2026-03,Ramanagara,All,2026-03,29,0,24314,3,19,25,8,13,17.333,17.667,14.917,19,1.0,5.022,4.907,1.162,1.2737,2094,1881.0,2094,1881.0,1.0,17.33,1.2737,0.6842,10.17,1.267,69.2,25.1,0.354,31,1,35,1
29-0-2026-04,Ramanagara,All,2026-04,29,0,24315,4,35,19,25,9,26.333,20.333,16.75,35,1.0,8.239,7.35,1.5721,2.0896,2455,2271.33,2455,2271.33,1.0,26.33,2.0896,0.4857,11.33,1.267,69.2,25.1,0.354,30,0,22,1
29-0-2026-05,Ramanagara,All,2026-05,29,0,24316,5,22,35,19,14,25.333,21.0,17.833,22,1.0,8.185,7.081,1.4206,1.2336,2324,2291.0,2324,2291.0,1.0,25.33,1.2336,0.6364,12.17,1.267,69.2,25.1,0.354,31,0,32,1
29-0-2026-06,Ramanagara,All,2026-06,29,0,24317,6,32,22,35,16,29.667,23.5,19.333,32,1.0,8.846,7.962,1.5345,1.6552,2456,2411.67,2456,2411.67,1.0,29.67,1.6552,0.5938,14.17,1.267,69.2,25.1,0.354,30,0,33,1
3-0-2024-02,Mysuru,All,2024-02,3,0,24289,2,74,82,127,73,94.333,88.833,77.833,74,1.0,24.989,22.011,1.212,0.9507,1240,1432.33,1240,1432.33,1.0,94.33,0.9507,0.6486,50.17,3.511,72.8,41.5,0.512,28,0,65,1
3-0-2024-03,Mysuru,All,2024-03,3,0,24290,3,65,74,82,82,73.667,89.333,77.167,65,1.0,24.472,22.267,0.9546,0.8423,1148,1225.0,1148,1225.0,1.0,73.67,0.8423,0.4923,49.0,3.511,72.8,41.5,0.512,31,0,64,1
3-0-2024-04,Mysuru,All,2024-04,3,0,24291,4,64,65,74,54,67.667,88.5,75.667,64,1.0,25.224,22.496,0.8943,0.8458,1171,1186.33,1171,1186.33,1.0,67.67,0.8458,0.6406,50.33,3.511,72.8,41.5,0.512,30,0,79,1
3-0-2024-05,Mysuru,All,2024-05,3,0,24292,5,79,64,65,61,69.333,81.833,77.75,79,1.0,21.256,21.53,0.8917,1.0161,1175,1164.67,1175,1164.67,1.0,69.33,1.0161,0.5949,46.17,3.511,72.8,41.5,0.512,31,0,81,1
3-0-2024-06,Mysuru,All,2024-06,3,0,24293,6,81,79,64,57,74.667,74.167,79.417,81,1.0,7.29,20.934,0.9402,1.0199,1270,1205.33,1270,1205.33,1.0,74.67,1.0199,0.5679,41.83,3.511,72.8,41.5,0.512,30,0,73,1
3-0-2024-07,Mysuru,All,2024-07,3,0,24294,7,73,81,79,74,77.667,72.667,80.75,73,1.0,6.394,19.95,0.9618,0.904,1177,1207.33,1177,1207.33,1.0,77.67,0.904,0.5205,42.0,3.511,72.8,41.5,0.512,31,0,65,1
3-0-2024-08,Mysuru,All,2024-08,3,0,24295,8,65,73,81,62,73.0,71.167,80.0,65,1.0,6.938,20.355,0.9125,0.8125,1103,1183.33,1103,1183.33,1.0,73.0,0.8125,0.5846,40.33,3.511,72.8,41.5,0.512,31,0,73,1
3-0-2024-09,Mysuru,All,2024-09,3,0,24296,9,73,65,73,69,70.333,72.5,80.917,73,1.0,6.371,19.763,0.8692,0.9022,1214,1164.67,1214,1164.67,1.0,70.33,0.9022,0.5205,41.33,3.511,72.8,41.5,0.512,30,0,73,1
3-0-2024-10,Mysuru,All,2024-10,3,0,24297,10,73,73,65,119,70.333,74.0,81.25,73,1.0,5.132,19.592,0.8656,0.8985,1190,1169.0,1190,1169.0,1.0,70.33,0.8985,0.5479,41.17,3.511,72.8,41.5,0.512,31,1,106,1
3-0-2024-11,Mysuru,All,2024-11,3,0,24298,11,106,73,73,127,84.0,78.5,80.167,106,1.0,13.137,17.747,1.0478,1.3222,1701,1368.33,1701,1368.33,1.0,84.0,1.3222,0.4623,41.5,3.511,72.8,41.5,0.512,30,1,119,1
3-0-2024-12,Mysuru,All,2024-12,3,0,24299,12,119,106,73,82,99.333,84.833,79.5,119,1.0,20.12,16.044,1.2495,1.4969,1744,1545.0,1744,1545.0,1.0,99.33,1.4969,0.4622,43.0,3.511,72.8,41.5,0.512,31,0,84,1
3-0-2025-01,Mysuru,All,2025-01,3,0,24300,1,84,119,106,74,103.0,86.667,79.667,84,1.0,19.448,16.08,1.2929,1.0544,1290,1578.33,1290,1578.33,1.0,103.0,1.0544,0.5357,44.17,3.511,72.8,41.5,0.512,31,0,59,1
3-0-2025-02,Mysuru,All,2025-02,3,0,24301,2,59,84,119,65,87.333,85.667,78.417,59,1.0,20.653,17.027,1.1137,0.7524,1210,1414.67,1210,1414.67,1.0,87.33,0.7524,0.5085,42.83,3.511,72.8,41.5,0.512,28,0,58,1
3-0-2025-03,Mysuru,All,2025-03,3,0,24302,3,58,59,84,64,67.0,83.167,77.833,58,1.0,22.828,17.587,0.8608,0.7452,1077,1192.33,1077,1192.33,1.0,67.0,0.7452,0.569,42.0,3.511,72.8,41.5,0.512,31,0,87,1
3-0-2025-04,Mysuru,All,2025-04,3,0,24303,4,87,58,59,79,68.0,85.5,79.75,87,1.0,22.381,17.225,0.8527,1.0909,1168,1151.67,1168,1151.67,1.0,68.0,1.0909,0.5172,42.83,3.511,72.8,41.5,0.512,30,0,76,1
3-0-2025-05,Mysuru,All,2025-05,3,0,24304,5,76,87,58,81,73.667,80.5,79.5,76,1.0,20.516,17.255,0.9266,0.956,1168,1137.67,1168,1137.67,1.0,73.67,0.956,0.5526,41.67,3.511,72.8,41.5,0.512,31,0,70,1
3-0-2025-06,Mysuru,All,2025-06,3,0,24305,6,70,76,87,73,77.667,72.333,78.583,70,1.0,11.205,17.443,0.9883,0.8908,1190,1175.33,1190,1175.33,1.0,77.67,0.8908,0.5429,38.83,3.511,72.8,41.5,0.512,30,0,66,1
3-0-2025-07,Mysuru,All,2025-07,3,0,24306,7,66,70,76,65,70.667,69.333,78.0,66,1.0,10.028,17.734,0.906,0.8462,1187,1181.67,1187,1181.67,1.0,70.67,0.8462,0.5758,37.67,3.511,72.8,41.5,0.512,31,0,67,1
3-0-2025-08,Mysuru,All,2025-08,3,0,24307,8,67,66,70,73,67.667,70.667,78.167,67,1.0,9.049,17.62,0.8657,0.8571,1190,1189.0,1190,1189.0,1.0,67.67,0.8571,0.4776,38.0,3.511,72.8,41.5,0.512,31,0,65,1
3-0-2025-09,Mysuru,All,2025-09,3,0,24308,9,65,67,66,73,66.0,71.833,77.5,65,1.0,7.69,17.951,0.8516,0.8387,1214,1197.0,1214,1197.0,1.0,66.0,0.8387,0.4462,37.33,3.511,72.8,41.5,0.512,30,0,65,1
3-0-2025-10,Mysuru,All,2025-10,3,0,24309,10,65,65,67,106,65.667,68.167,76.833,65,1.0,3.891,18.252,0.8547,0.846,1104,1169.33,1104,1169.33,1.0,65.67,0.846,0.5846,36.17,3.511,72.8,41.5,0.512,31,1,110,1
3-0-2025-11,Mysuru,All,2025-11,3,0,24310,11,110,65,65,119,80.0,73.833,77.167,110,1.0,16.263,18.81,1.0367,1.4255,1707,1341.67,1707,1341.67,1.0,80.0,1.4255,0.5,38.33,3.511,72.8,41.5,0.512,30,0,109,1
3-0-2025-12,Mysuru,All,2025-12,3,0,24311,12,109,110,65,84,94.667,80.333,76.333,109,1.0,20.637,17.08,1.2402,1.4279,1697,1502.67,1697,1502.67,1.0,94.67,1.4279,0.578,42.5,3.511,72.8,41.5,0.512,31,0,84,1
3-0-2026-01,Mysuru,All,2026-01,3,0,24312,1,84,109,110,59,101.0,83.333,76.333,84,1.0,19.619,17.08,1.3231,1.1004,1284,1562.67,1284,1562.67,1.0,101.0,1.1004,0.5952,44.5,3.511,72.8,41.5,0.512,31,0,141,1
3-0-2026-02,Mysuru,All,2026-02,3,0,24313,2,141,84,109,58,111.333,95.667,83.167,141,1.0,27.25,23.843,1.3387,1.6954,2265,1748.67,2265,1748.67,1.0,111.33,1.6954,0.539,51.83,3.511,72.8,41.5,0.512,28,0,115,1
3-0-2026-03,Mysuru,All,2026-03,3,0,24314,3,115,141,84,87,113.333,104.0,87.917,115,1.0,24.055,24.033,1.2891,1.3081,2094,1881.0,2094,1881.0,1.0,113.33,1.3081,0.5826,58.17,3.511,72.8,41.5,0.512,31,1,159,1
3-0-2026-04,Mysuru,All,2026-04,3,0,24315,4,159,115,141,76,138.333,119.667,93.917,159,1.0,24.164,31.025,1.4729,1.693,2455,2271.33,2455,2271.33,1.0,138.33,1.693,0.522,65.67,3.511,72.8,41.5,0.512,30,0,152,1
3-0-2026-05,Mysuru,All,2026-05,3,0,24316,5,152,159,115,70,142.0,126.667,100.25,152,1.0,26.335,34.305,1.4165,1.5162,2324,2291.0,2324,2291.0,1.0,142.0,1.5162,0.5395,70.17,3.511,72.8,41.5,0.512,31,0,141,1
3-0-2026-06,Mysuru,All,2026-06,3,0,24317,6,141,152,159,66,150.667,132.0,106.167,141,1.0,25.443,34.698,1.4192,1.3281,2456,2411.67,2456,2411.67,1.0,150.67,1.3281,0.617,74.17,3.511,72.8,41.5,0.512,30,0,125,1
30-0-2024-02,Uttara Kannada,All,2024-02,30,0,24289,2,15,15,17,9,15.667,15.833,14.25,15,1.0,2.734,3.443,1.0994,1.0526,1240,1432.33,1240,1432.33,1.0,15.67,1.0526,0.4667,8.0,1.681,84.1,30.0,0.163,28,0,11,1
30-0-2024-03,Uttara Kannada,All,2024-03,30,0,24290,3,11,15,15,13,13.667,15.833,14.417,11,1.0,2.734,3.226,0.948,0.763,1148,1225.0,1148,1225.0,1.0,13.67,0.763,0.4545,7.5,1.681,84.1,30.0,0.163,31,0,9,1
30-0-2024-04,Uttara Kannada,All,2024-04,30,0,24291,4,9,11,15,13,11.667,14.5,14.083,9,1.0,3.64,3.546,0.8284,0.6391,1171,1186.33,1171,1186.33,1.0,11.67,0.6391,0.6667,7.0,1.681,84.1,30.0,0.163,30,0,14,1
30-0-2024-05,Uttara Kannada,All,2024-05,30,0,24292,5,14,9,11,19,11.333,13.5,14.167,14,1.0,2.693,3.532,0.8,0.9882,1175,1164.67,1175,1164.67,1.0,11.33,0.9882,0.6429,7.17,1.681,84.1,30.0,0.163,31,0,6,1
30-0-2024-06,Uttara Kannada,All,2024-06,30,0,24293,6,6,14,9,9,9.667,11.667,13.083,6,1.0,3.35,3.861,0.7389,0.4586,1270,1205.33,1270,1205.33,1.0,9.67,0.4586,0.6667,6.17,1.681,84.1,30.0,0.163,30,1,14,1
30-0-2024-07,Uttara Kannada,All,2024-07,30,0,24294,7,14,6,14,13,11.333,11.5,13.5,14,1.0,3.202,3.663,0.8395,1.037,1177,1207.33,1177,1207.33,1.0,11.33,1.037,0.5714,6.5,1.681,84.1,30.0,0.163,31,0,14,1
30-0-2024-08,Uttara Kannada,All,2024-08,30,0,24295,8,14,14,6,11,11.333,11.333,13.583,14,1.0,3.037,3.662,0.8344,1.0307,1103,1183.33,1103,1183.33,1.0,11.33,1.0307,0.5714,6.67,1.681,84.1,30.0,0.163,31,0,8,1
30-0-2024-09,Uttara Kannada,All,2024-09,30,0,24296,9,8,14,14,17,12.0,10.833,13.333,8,1.0,3.287,3.923,0.9,0.6,1214,1164.67,1214,1164.67,1.0,12.0,0.6,0.5,6.5,1.681,84.1,30.0,0.163,30,0,10,1
30-0-2024-10,Uttara Kannada,All,2024-10,30,0,24297,10,10,8,14,20,10.667,11.0,12.75,10,1.0,3.215,3.854,0.8366,0.7843,1190,1169.0,1190,1169.0,1.0,10.67,0.7843,0.2,5.83,1.681,84.1,30.0,0.163,31,1,20,1
30-0-2024-11,Uttara Kannada,All,2024-11,30,0,24298,11,20,10,8,17,12.667,12.0,12.75,20,1.0,4.619,3.854,0.9935,1.5686,1701,1368.33,1701,1368.33,1.0,12.67,1.5686,0.4,5.67,1.681,84.1,30.0,0.163,30,0,16,1
30-0-2024-12,Uttara Kannada,All,2024-12,30,0,24299,12,16,20,10,15,15.333,13.667,12.667,16,1.0,3.902,3.771,1.2105,1.2632,1744,1545.0,1744,1545.0,1.0,15.33,1.2632,0.5625,6.5,1.681,84.1,30.0,0.163,31,0,20,1
30-0-2025-01,Uttara Kannada,All,2025-01,30,0,24300,1,20,16,20,15,18.667,14.667,13.083,20,1.0,4.57,4.252,1.4268,1.5287,1290,1578.33,1290,1578.33,1.0,18.67,1.5287,0.5,6.83,1.681,84.1,30.0,0.163,31,0,13,1
30-0-2025-02,Uttara Kannada,All,2025-02,30,0,24301,2,13,20,16,11,16.333,14.5,12.917,13,1.0,4.61,4.212,1.2645,1.0065,1210,1414.67,1210,1414.67,1.0,16.33,1.0065,0.6923,7.0,1.681,84.1,30.0,0.163,28,0,9,1
30-0-2025-03,Uttara Kannada,All,2025-03,30,0,24302,3,9,13,20,9,14.0,14.667,12.75,9,1.0,4.384,4.323,1.098,0.7059,1077,1192.33,1077,1192.33,1.0,14.0,0.7059,0.4444,7.0,1.681,84.1,30.0,0.163,31,0,9,1
30-0-2025-04,Uttara Kannada,All,2025-04,30,0,24303,4,9,9,13,14,10.333,14.5,12.75,9,1.0,4.573,4.323,0.8105,0.7059,1168,1151.67,1168,1151.67,1.0,10.33,0.7059,0.4444,7.33,1.681,84.1,30.0,0.163,30,0,10,1
30-0-2025-05,Uttara Kannada,All,2025-05,30,0,24304,5,10,9,9,6,9.333,12.833,12.417,10,1.0,4.059,4.368,0.7517,0.8054,1168,1137.67,1168,1137.67,1.0,9.33,0.8054,0.4,6.67,1.681,84.1,30.0,0.163,31,1,15,1
30-0-2025-06,Uttara Kannada,All,2025-06,30,0,24305,6,15,10,9,14,11.333,12.667,13.167,15,1.0,3.944,3.955,0.8608,1.1392,1190,1175.33,1190,1175.33,1.0,11.33,1.1392,0.5333,6.5,1.681,84.1,30.0,0.163,30,0,10,1
30-0-2025-07,Uttara Kannada,All,2025-07,30,0,24306,7,10,15,10,14,11.667,11.0,12.833,10,1.0,2.236,4.038,0.9091,0.7792,1187,1181.67,1187,1181.67,1.0,11.67,0.7792,0.6,5.83,1.681,84.1,30.0,0.163,31,0,7,1
30-0-2025-08,Uttara Kannada,All,2025-08,30,0,24307,8,7,10,15,8,10.667,10.0,12.25,7,1.0,2.449,4.323,0.8707,0.5714,1190,1189.0,1190,1189.0,1.0,10.67,0.5714,0.2857,4.67,1.681,84.1,30.0,0.163,31,0,13,1
30-0-2025-09,Uttara Kannada,All,2025-09,30,0,24308,9,13,7,10,10,10.0,10.667,12.667,13,1.0,2.625,4.13,0.7895,1.0263,1214,1197.0,1214,1197.0,1.0,10.0,1.0263,0.6154,5.33,1.681,84.1,30.0,0.163,30,0,10,1
30-0-2025-10,Uttara Kannada,All,2025-10,30,0,24309,10,10,13,7,20,10.0,10.833,12.667,10,1.0,2.544,4.13,0.7895,0.7895,1104,1169.33,1104,1169.33,1.0,10.0,0.7895,0.2,5.0,1.681,84.1,30.0,0.163,31,1,18,1
30-0-2025-11,Uttara Kannada,All,2025-11,30,0,24310,11,18,10,13,16,13.667,12.167,12.5,18,1.0,3.625,3.862,1.0933,1.44,1707,1341.67,1707,1341.67,1.0,13.67,1.44,0.3889,5.5,1.681,84.1,30.0,0.163,30,0,15,1
30-0-2025-12,Uttara Kannada,All,2025-12,30,0,24311,12,15,18,10,20,14.333,12.167,12.417,15,1.0,3.625,3.796,1.1544,1.2081,1697,1502.67,1697,1502.67,1.0,14.33,1.2081,0.7333,6.0,1.681,84.1,30.0,0.163,31,0,5,1
30-0-2026-01,Uttara Kannada,All,2026-01,30,0,24312,1,5,15,18,13,12.667,11.333,11.167,5,1.0,4.497,3.555,1.1343,0.4478,1284,1562.67,1284,1562.67,1.0,12.67,0.4478,0.6,5.5,1.681,84.1,30.0,0.163,31,1,18,1
30-0-2026-02,Uttara Kannada,All,2026-02,30,0,24313,2,18,5,15,9,12.667,13.167,11.583,18,1.0,4.598,4.01,1.0935,1.554,2265,1748.67,2265,1748.67,1.0,12.67,1.554,0.5556,6.83,1.681,84.1,30.0,0.163,28,1,20,1
30-0-2026-03,Uttara Kannada,All,2026-03,30,0,24314,3,20,18,5,9,14.333,14.333,12.5,20,1.0,5.249,4.537,1.1467,1.6,2094,1881.0,2094,1881.0,1.0,14.33,1.6,0.55,7.33,1.681,84.1,30.0,0.163,31,1,29,1
30-0-2026-04,Uttara Kannada,All,2026-04,30,0,24315,4,29,20,18,10,22.333,17.5,14.167,29,1.0,7.089,6.283,1.5765,2.0471,2455,2271.33,2455,2271.33,1.0,22.33,2.0471,0.5517,9.67,1.681,84.1,30.0,0.163,30,0,21,1
30-0-2026-05,Uttara Kannada,All,2026-05,30,0,24316,5,21,29,20,15,23.333,18.0,15.083,21,1.0,7.211,6.409,1.547,1.3923,2324,2291.0,2324,2291.0,1.0,23.33,1.3923,0.4286,10.0,1.681,84.1,30.0,0.163,31,0,20,1
30-0-2026-06,Uttara Kannada,All,2026-06,30,0,24317,6,20,21,29,10,23.333,18.833,15.5,20,1.0,7.104,6.551,1.5054,1.2903,2456,2411.67,2456,2411.67,1.0,23.33,1.2903,0.55,10.0,1.681,84.1,30.0,0.163,30,1,38,1
31-0-2024-02,Dharwad,All,2024-02,31,0,24289,2,11,10,13,7,11.333,13.0,10.583,11,1.0,3.873,4.03,1.0709,1.0394,1240,1432.33,1240,1432.33,1.0,11.33,1.0394,0.6364,6.5,0.933,76.5,30.0,0.23,28,0,8,1
31-0-2024-03,Dharwad,All,2024-03,31,0,24290,3,8,11,10,4,9.667,11.5,10.667,8,1.0,3.775,3.965,0.9062,0.75,1148,1225.0,1148,1225.0,1.0,9.67,0.75,0.375,5.67,0.933,76.5,30.0,0.23,31,1,17,1
31-0-2024-04,Dharwad,All,2024-04,31,0,24291,4,17,8,11,8,12.0,13.0,11.75,17,1.0,3.873,3.767,1.0213,1.4468,1171,1186.33,1171,1186.33,1.0,12.0,1.4468,0.5882,7.0,0.933,76.5,30.0,0.23,30,0,12,1
31-0-2024-05,Dharwad,All,2024-05,31,0,24292,5,12,17,8,12,12.333,11.833,12.083,12,1.0,2.794,3.593,1.0207,0.9931,1175,1164.67,1175,1164.67,1.0,12.33,0.9931,0.4167,6.0,0.933,76.5,30.0,0.23,31,0,11,1
31-0-2024-06,Dharwad,All,2024-06,31,0,24293,6,11,12,17,9,13.333,11.5,12.0,11,1.0,2.754,3.606,1.1111,0.9167,1270,1205.33,1270,1205.33,1.0,13.33,0.9167,0.9091,6.83,0.933,76.5,30.0,0.23,30,0,8,1
31-0-2024-07,Dharwad,All,2024-07,31,0,24294,7,8,11,12,9,10.333,11.167,11.917,8,1.0,3.023,3.685,0.8671,0.6713,1177,1207.33,1177,1207.33,1.0,10.33,0.6713,0.25,6.17,0.933,76.5,30.0,0.23,31,0,7,1
31-0-2024-08,Dharwad,All,2024-08,31,0,24295,8,7,8,11,17,8.667,10.5,11.75,7,1.0,3.403,3.854,0.7376,0.5957,1103,1183.33,1103,1183.33,1.0,8.67,0.5957,0.5714,5.67,0.933,76.5,30.0,0.23,31,0,8,1
31-0-2024-09,Dharwad,All,2024-09,31,0,24296,9,8,7,8,8,7.667,10.5,11.0,8,1.0,3.403,3.629,0.697,0.7273,1214,1164.67,1214,1164.67,1.0,7.67,0.7273,0.25,5.5,0.933,76.5,30.0,0.23,30,0,10,1
31-0-2024-10,Dharwad,All,2024-10,31,0,24297,10,10,8,7,19,8.333,9.333,11.167,10,1.0,1.795,3.532,0.7463,0.8955,1190,1169.0,1190,1169.0,1.0,8.33,0.8955,0.6,4.83,0.933,76.5,30.0,0.23,31,1,19,1
31-0-2024-11,Dharwad,All,2024-11,31,0,24298,11,19,10,8,13,12.333,10.5,11.167,19,1.0,4.031,3.532,1.1045,1.7015,1701,1368.33,1701,1368.33,1.0,12.33,1.7015,0.6316,6.0,0.933,76.5,30.0,0.23,30,0,17,1
31-0-2024-12,Dharwad,All,2024-12,31,0,24299,12,17,19,10,10,15.333,11.5,11.5,17,1.0,4.717,3.862,1.3333,1.4783,1744,1545.0,1744,1545.0,1.0,15.33,1.4783,0.5294,5.83,0.933,76.5,30.0,0.23,31,0,17,1
31-0-2025-01,Dharwad,All,2025-01,31,0,24300,1,17,17,19,11,17.667,13.0,12.083,17,1.0,4.796,4.112,1.4621,1.4069,1290,1578.33,1290,1578.33,1.0,17.67,1.4069,0.5882,7.17,0.933,76.5,30.0,0.23,31,0,17,1
31-0-2025-02,Dharwad,All,2025-02,31,0,24301,2,17,17,17,8,17.0,14.667,12.583,17,1.0,4.11,4.31,1.351,1.351,1210,1414.67,1210,1414.67,1.0,17.0,1.351,0.4706,7.83,0.933,76.5,30.0,0.23,28,0,12,1
31-0-2025-03,Dharwad,All,2025-03,31,0,24302,3,12,17,17,17,15.333,15.333,12.917,12,1.0,3.197,4.092,1.1871,0.929,1077,1192.33,1077,1192.33,1.0,15.33,0.929,0.6667,8.83,0.933,76.5,30.0,0.23,31,0,4,1
31-0-2025-04,Dharwad,All,2025-04,31,0,24303,4,4,12,17,12,11.0,14.333,11.833,4,1.0,5.088,4.561,0.9296,0.338,1168,1151.67,1168,1151.67,1.0,11.0,0.338,0.25,8.0,0.933,76.5,30.0,0.23,30,0,15,1
31-0-2025-05,Dharwad,All,2025-05,31,0,24304,5,15,4,12,11,10.333,13.667,12.083,15,1.0,4.679,4.645,0.8552,1.2414,1168,1137.67,1168,1137.67,1.0,10.33,1.2414,0.3333,6.83,0.933,76.5,30.0,0.23,31,0,12,1
31-0-2025-06,Dharwad,All,2025-06,31,0,24305,6,12,15,4,8,10.333,12.833,12.167,12,1.0,4.45,4.634,0.8493,0.9863,1190,1175.33,1190,1175.33,1.0,10.33,0.9863,0.5833,6.5,0.933,76.5,30.0,0.23,30,0,7,1
31-0-2025-07,Dharwad,All,2025-07,31,0,24306,7,7,12,15,7,11.333,11.167,12.083,7,1.0,4.45,4.716,0.9379,0.5793,1187,1181.67,1187,1181.67,1.0,11.33,0.5793,0.4286,5.33,0.933,76.5,30.0,0.23,31,0,10,1
31-0-2025-08,Dharwad,All,2025-08,31,0,24307,8,10,7,12,8,9.667,10.0,12.333,10,1.0,3.606,4.515,0.7838,0.8108,1190,1189.0,1190,1189.0,1.0,9.67,0.8108,0.8,5.33,0.933,76.5,30.0,0.23,31,1,14,1
31-0-2025-09,Dharwad,All,2025-09,31,0,24308,9,14,10,7,10,10.333,10.333,12.833,14,1.0,3.859,4.337,0.8052,1.0909,1214,1197.0,1214,1197.0,1.0,10.33,1.0909,0.6429,5.5,0.933,76.5,30.0,0.23,30,0,12,1
31-0-2025-10,Dharwad,All,2025-10,31,0,24309,10,12,14,10,19,12.0,11.667,13.0,12,1.0,2.625,4.262,0.9231,0.9231,1104,1169.33,1104,1169.33,1.0,12.0,0.9231,0.5,6.33,0.933,76.5,30.0,0.23,31,1,19,1
31-0-2025-11,Dharwad,All,2025-11,31,0,24310,11,19,12,14,17,15.0,12.333,13.0,19,1.0,3.682,4.262,1.1538,1.4615,1707,1341.67,1707,1341.67,1.0,15.0,1.4615,0.4737,7.0,0.933,76.5,30.0,0.23,30,0,19,1
31-0-2025-12,Dharwad,All,2025-12,31,0,24311,12,19,19,12,17,16.667,13.5,13.167,19,1.0,4.425,4.45,1.2658,1.443,1697,1502.67,1697,1502.67,1.0,16.67,1.443,0.6842,8.0,0.933,76.5,30.0,0.23,31,0,14,1
31-0-2026-01,Dharwad,All,2026-01,31,0,24312,1,14,19,19,17,17.333,14.667,12.917,14,1.0,3.35,4.31,1.3419,1.0839,1284,1562.67,1284,1562.67,1.0,17.33,1.0839,0.5714,8.83,0.933,76.5,30.0,0.23,31,0,21,1
31-0-2026-02,Dharwad,All,2026-02,31,0,24313,2,21,14,19,12,18.0,16.5,13.25,21,1.0,3.304,4.746,1.3585,1.5849,2265,1748.67,2265,1748.67,1.0,18.0,1.5849,0.4762,9.17,0.933,76.5,30.0,0.23,28,0,18,1
31-0-2026-03,Dharwad,All,2026-03,31,0,24314,3,18,21,14,4,17.667,17.167,13.75,18,1.0,3.131,4.901,1.2848,1.3091,2094,1881.0,2094,1881.0,1.0,17.67,1.3091,0.8333,10.17,0.933,76.5,30.0,0.23,31,0,23,1
31-0-2026-04,Dharwad,All,2026-04,31,0,24315,4,23,18,21,15,20.667,19.0,15.333,23,1.0,2.769,4.552,1.3478,1.5,2455,2271.33,2455,2271.33,1.0,20.67,1.5,0.6522,11.67,0.933,76.5,30.0,0.23,30,1,35,1
31-0-2026-05,Dharwad,All,2026-05,31,0,24316,5,35,23,18,12,25.333,21.667,17.0,35,1.0,6.574,7.083,1.4902,2.0588,2324,2291.0,2324,2291.0,1.0,25.33,2.0588,0.6571,14.0,0.933,76.5,30.0,0.23,31,0,26,1
31-0-2026-06,Dharwad,All,2026-06,31,0,24317,6,26,35,23,7,28.0,22.833,18.167,26,1.0,6.619,7.312,1.5413,1.4312,2456,2411.67,2456,2411.67,1.0,28.0,1.4312,0.4615,13.83,0.933,76.5,30.0,0.23,30,0,22,1
4-0-2024-02,Dakshina Kannada,All,2024-02,4,0,24289,2,55,52,84,35,63.667,66.167,57.583,55,1.0,17.752,16.393,1.1056,0.9551,1240,1432.33,1240,1432.33,1.0,63.67,0.9551,0.5091,37.0,2.445,88.6,47.7,0.536,28,0,49,1
4-0-2024-03,Dakshina Kannada,All,2024-03,4,0,24290,3,49,55,52,64,52.0,64.667,58.75,49,1.0,18.732,15.199,0.8851,0.834,1148,1225.0,1148,1225.0,1.0,52.0,0.834,0.5918,36.33,2.445,88.6,47.7,0.536,31,0,54,1
4-0-2024-04,Dakshina Kannada,All,2024-04,4,0,24291,4,54,49,55,46,52.667,65.167,57.917,54,1.0,18.398,15.163,0.9094,0.9324,1171,1186.33,1171,1186.33,1.0,52.67,0.9324,0.537,36.67,2.445,88.6,47.7,0.536,30,0,52,1
4-0-2024-05,Dakshina Kannada,All,2024-05,4,0,24292,5,52,54,49,53,51.667,57.667,58.417,52,1.0,11.926,14.857,0.8845,0.8902,1175,1164.67,1175,1164.67,1.0,51.67,0.8902,0.5192,32.67,2.445,88.6,47.7,0.536,31,0,62,1
4-0-2024-06,Dakshina Kannada,All,2024-06,4,0,24293,6,62,52,54,49,56.0,54.0,59.167,62,1.0,4.041,14.792,0.9465,1.0479,1270,1205.33,1270,1205.33,1.0,56.0,1.0479,0.629,30.83,2.445,88.6,47.7,0.536,30,0,44,1
4-0-2024-07,Dakshina Kannada,All,2024-07,4,0,24294,7,44,62,52,47,52.667,52.667,58.75,44,1.0,5.528,15.139,0.8965,0.7489,1177,1207.33,1177,1207.33,1.0,52.67,0.7489,0.6136,29.83,2.445,88.6,47.7,0.536,31,0,51,1
4-0-2024-08,Dakshina Kannada,All,2024-08,4,0,24295,8,51,44,62,58,52.333,52.0,59.083,51,1.0,5.447,14.919,0.8858,0.8632,1103,1183.33,1103,1183.33,1.0,52.33,0.8632,0.5098,29.5,2.445,88.6,47.7,0.536,31,0,68,1
4-0-2024-09,Dakshina Kannada,All,2024-09,4,0,24296,9,68,51,44,51,54.333,55.167,59.917,68,1.0,7.798,15.113,0.9068,1.1349,1214,1164.67,1214,1164.67,1.0,54.33,1.1349,0.5882,31.33,2.445,88.6,47.7,0.536,30,0,49,1
4-0-2024-10,Dakshina Kannada,All,2024-10,4,0,24297,10,49,68,51,97,56.0,54.333,59.75,49,1.0,8.138,15.221,0.9372,0.8201,1190,1169.0,1190,1169.0,1.0,56.0,0.8201,0.6939,32.17,2.445,88.6,47.7,0.536,31,0,78,1
4-0-2024-11,Dakshina Kannada,All,2024-11,4,0,24298,11,78,49,68,84,65.0,58.667,58.167,78,1.0,11.827,11.887,1.1175,1.341,1701,1368.33,1701,1368.33,1.0,65.0,1.341,0.5385,34.67,2.445,88.6,47.7,0.536,30,0,82,1
4-0-2024-12,Dakshina Kannada,All,2024-12,4,0,24299,12,82,78,49,52,69.667,62.0,58.0,82,1.0,14.754,11.533,1.2011,1.4138,1744,1545.0,1744,1545.0,1.0,69.67,1.4138,0.5854,36.17,2.445,88.6,47.7,0.536,31,0,68,1
4-0-2025-01,Dakshina Kannada,All,2025-01,4,0,24300,1,68,82,78,55,76.0,66.0,59.333,68,1.0,12.396,11.686,1.2809,1.1461,1290,1578.33,1290,1578.33,1.0,76.0,1.1461,0.5735,38.17,2.445,88.6,47.7,0.536,31,0,68,1
4-0-2025-02,Dakshina Kannada,All,2025-02,4,0,24301,2,68,68,82,49,72.667,68.833,60.417,68,1.0,10.431,11.835,1.2028,1.1255,1210,1414.67,1210,1414.67,1.0,72.67,1.1255,0.5294,39.83,2.445,88.6,47.7,0.536,28,0,53,1
4-0-2025-03,Dakshina Kannada,All,2025-03,4,0,24302,3,53,68,68,54,63.0,66.333,60.75,53,1.0,12.009,11.562,1.037,0.8724,1077,1192.33,1077,1192.33,1.0,63.0,0.8724,0.6038,38.5,2.445,88.6,47.7,0.536,31,0,67,1
4-0-2025-04,Dakshina Kannada,All,2025-04,4,0,24303,4,67,53,68,52,62.667,69.333,61.833,67,1.0,9.232,11.488,1.0135,1.0836,1168,1151.67,1168,1151.67,1.0,62.67,1.0836,0.4776,38.17,2.445,88.6,47.7,0.536,30,0,51,1
4-0-2025-05,Dakshina Kannada,All,2025-05,4,0,24304,5,51,67,53,62,57.0,64.833,61.75,51,1.0,10.415,11.562,0.9231,0.8259,1168,1137.67,1168,1137.67,1.0,57.0,0.8259,0.5294,35.67,2.445,88.6,47.7,0.536,31,1,81,1
4-0-2025-06,Dakshina Kannada,All,2025-06,4,0,24305,6,81,51,67,44,66.333,64.667,63.333,81,1.0,10.143,12.73,1.0474,1.2789,1190,1175.33,1190,1175.33,1.0,66.33,1.2789,0.5185,34.67,2.445,88.6,47.7,0.536,30,0,62,1
4-0-2025-07,Dakshina Kannada,All,2025-07,4,0,24306,7,62,81,51,51,64.667,63.667,64.833,62,1.0,10.061,11.349,0.9974,0.9563,1187,1181.67,1187,1181.67,1.0,64.67,0.9563,0.4355,32.67,2.445,88.6,47.7,0.536,31,0,50,1
4-0-2025-08,Dakshina Kannada,All,2025-08,4,0,24307,8,50,62,81,68,64.333,60.667,64.75,50,1.0,10.965,11.454,0.9936,0.7722,1190,1189.0,1190,1189.0,1.0,64.33,0.7722,0.42,30.17,2.445,88.6,47.7,0.536,31,0,70,1
4-0-2025-09,Dakshina Kannada,All,2025-09,4,0,24308,9,70,50,62,49,60.667,63.5,64.917,70,1.0,10.813,11.514,0.9345,1.0783,1214,1197.0,1214,1197.0,1.0,60.67,1.0783,0.4143,29.67,2.445,88.6,47.7,0.536,30,0,57,1
4-0-2025-10,Dakshina Kannada,All,2025-10,4,0,24309,10,57,70,50,78,59.0,61.833,65.583,57,1.0,10.915,10.782,0.8996,0.8691,1104,1169.33,1104,1169.33,1.0,59.0,0.8691,0.5263,29.33,2.445,88.6,47.7,0.536,31,0,79,1
4-0-2025-11,Dakshina Kannada,All,2025-11,4,0,24310,11,79,57,70,82,68.667,66.5,65.667,79,1.0,11.266,10.881,1.0457,1.203,1707,1341.67,1707,1341.67,1.0,68.67,1.203,0.5063,31.5,2.445,88.6,47.7,0.536,30,0,74,1
4-0-2025-12,Dakshina Kannada,All,2025-12,4,0,24311,12,74,79,57,68,70.0,65.333,65.0,74,1.0,9.994,10.075,1.0769,1.1385,1697,1502.67,1697,1502.67,1.0,70.0,1.1385,0.5135,30.83,2.445,88.6,47.7,0.536,31,0,53,1
4-0-2026-01,Dakshina Kannada,All,2026-01,4,0,24312,1,53,74,79,68,68.667,63.833,63.75,53,1.0,11.006,10.545,1.0771,0.8314,1284,1562.67,1284,1562.67,1.0,68.67,0.8314,0.5283,31.0,2.445,88.6,47.7,0.536,31,1,103,1
4-0-2026-02,Dakshina Kannada,All,2026-02,4,0,24313,2,103,53,74,53,76.667,72.667,66.667,103,1.0,16.337,15.151,1.15,1.545,2265,1748.67,2265,1748.67,1.0,76.67,1.545,0.5922,37.67,2.445,88.6,47.7,0.536,28,0,103,1
4-0-2026-03,Dakshina Kannada,All,2026-03,4,0,24314,3,103,103,53,67,86.333,78.167,70.833,103,1.0,19.718,17.511,1.2188,1.4541,2094,1881.0,2094,1881.0,1.0,86.33,1.4541,0.5534,42.33,2.445,88.6,47.7,0.536,31,0,118,1
4-0-2026-04,Dakshina Kannada,All,2026-04,4,0,24315,4,118,103,103,51,108.0,88.333,75.083,118,1.0,21.8,21.743,1.4384,1.5716,2455,2271.33,2455,2271.33,1.0,108.0,1.5716,0.4492,46.17,2.445,88.6,47.7,0.536,30,0,121,1
4-0-2026-05,Dakshina Kannada,All,2026-05,4,0,24316,5,121,118,103,81,114.0,95.333,80.917,121,1.0,24.281,23.792,1.4089,1.4954,2324,2291.0,2324,2291.0,1.0,114.0,1.4954,0.5537,50.67,2.445,88.6,47.7,0.536,31,0,118,1
4-0-2026-06,Dakshina Kannada,All,2026-06,4,0,24317,6,118,121,118,62,119.0,102.667,84.0,118,1.0,23.357,25.907,1.4167,1.4048,2456,2411.67,2456,2411.67,1.0,119.0,1.4048,0.5339,54.83,2.445,88.6,47.7,0.536,30,0,114,1
5-0-2024-02,Belagavi,All,2024-02,5,0,24289,2,61,61,83,50,68.333,66.833,61.5,61,1.0,10.495,9.518,1.1111,0.9919,1240,1432.33,1240,1432.33,1.0,68.33,0.9919,0.5574,35.67,5.592,73.5,25.1,0.417,28,0,49,1
5-0-2024-03,Belagavi,All,2024-03,5,0,24290,3,49,61,61,54,57.0,65.5,61.417,49,1.0,12.052,9.622,0.9281,0.7978,1148,1225.0,1148,1225.0,1.0,57.0,0.7978,0.4082,34.83,5.592,73.5,25.1,0.417,31,0,53,1
5-0-2024-04,Belagavi,All,2024-04,5,0,24291,4,53,49,61,60,54.333,64.5,61.333,53,1.0,12.777,9.69,0.8859,0.8641,1171,1186.33,1171,1186.33,1.0,54.33,0.8641,0.5283,33.67,5.592,73.5,25.1,0.417,30,0,51,1
5-0-2024-05,Belagavi,All,2024-05,5,0,24292,5,51,53,49,60,51.0,59.667,60.583,51,1.0,11.411,10.103,0.8418,0.8418,1175,1164.67,1175,1164.67,1.0,51.0,0.8418,0.5882,31.17,5.592,73.5,25.1,0.417,31,0,53,1
5-0-2024-06,Belagavi,All,2024-06,5,0,24293,6,53,51,53,54,52.333,54.667,60.0,53,1.0,4.679,10.32,0.8722,0.8833,1270,1205.33,1270,1205.33,1.0,52.33,0.8833,0.5472,28.17,5.592,73.5,25.1,0.417,30,0,51,1
5-0-2024-07,Belagavi,All,2024-07,5,0,24294,7,51,53,51,59,51.667,53.0,59.75,51,1.0,3.83,10.497,0.8647,0.8536,1177,1207.33,1177,1207.33,1.0,51.67,0.8536,0.5882,28.5,5.592,73.5,25.1,0.417,31,0,57,1
5-0-2024-08,Belagavi,All,2024-08,5,0,24295,8,57,51,53,57,53.667,52.333,59.583,57,1.0,2.494,10.523,0.9007,0.9566,1103,1183.33,1103,1183.33,1.0,53.67,0.9566,0.5965,28.5,5.592,73.5,25.1,0.417,31,0,58,1
5-0-2024-09,Belagavi,All,2024-09,5,0,24296,9,58,57,51,59,55.333,53.833,59.667,58,1.0,2.734,10.507,0.9274,0.9721,1214,1164.67,1214,1164.67,1.0,55.33,0.9721,0.5862,30.83,5.592,73.5,25.1,0.417,30,0,59,1
5-0-2024-10,Belagavi,All,2024-10,5,0,24297,10,59,58,57,80,58.0,54.833,59.667,59,1.0,3.287,10.507,0.9721,0.9888,1190,1169.0,1190,1169.0,1.0,58.0,0.9888,0.661,32.67,5.592,73.5,25.1,0.417,31,0,77,1
5-0-2024-11,Belagavi,All,2024-11,5,0,24298,11,77,59,58,83,64.667,59.167,59.417,77,1.0,8.454,10.045,1.0884,1.2959,1701,1368.33,1701,1368.33,1.0,64.67,1.2959,0.5195,34.33,5.592,73.5,25.1,0.417,30,0,86,1
5-0-2024-12,Belagavi,All,2024-12,5,0,24299,12,86,77,59,61,74.0,64.667,59.667,86,1.0,12.445,10.648,1.2402,1.4413,1744,1545.0,1744,1545.0,1.0,74.0,1.4413,0.4767,36.33,5.592,73.5,25.1,0.417,31,0,54,1
5-0-2025-01,Belagavi,All,2025-01,5,0,24300,1,54,86,77,61,72.333,65.167,59.083,54,1.0,11.936,10.751,1.2243,0.914,1290,1578.33,1290,1578.33,1.0,72.33,0.914,0.537,36.17,5.592,73.5,25.1,0.417,31,0,50,1
5-0-2025-02,Belagavi,All,2025-02,5,0,24301,2,50,54,86,49,63.333,64.0,58.167,50,1.0,12.974,11.014,1.0888,0.8596,1210,1414.67,1210,1414.67,1.0,63.33,0.8596,0.6,35.5,5.592,73.5,25.1,0.417,28,0,49,1
5-0-2025-03,Belagavi,All,2025-03,5,0,24302,3,49,50,54,53,51.0,62.5,58.167,49,1.0,14.056,11.014,0.8768,0.8424,1077,1192.33,1077,1192.33,1.0,51.0,0.8424,0.5306,34.17,5.592,73.5,25.1,0.417,31,0,60,1
5-0-2025-04,Belagavi,All,2025-04,5,0,24303,4,60,49,50,51,53.0,62.667,58.75,60,1.0,14.02,10.91,0.9021,1.0213,1168,1151.67,1168,1151.67,1.0,53.0,1.0213,0.5333,33.0,5.592,73.5,25.1,0.417,30,0,48,1
5-0-2025-05,Belagavi,All,2025-05,5,0,24304,5,48,60,49,53,52.333,57.833,58.5,48,1.0,13.221,11.117,0.8946,0.8205,1168,1137.67,1168,1137.67,1.0,52.33,0.8205,0.625,31.33,5.592,73.5,25.1,0.417,31,0,53,1
5-0-2025-06,Belagavi,All,2025-06,5,0,24305,6,53,48,60,51,53.667,52.333,58.5,53,1.0,4.028,11.117,0.9174,0.906,1190,1175.33,1190,1175.33,1.0,53.67,0.906,0.5283,29.17,5.592,73.5,25.1,0.417,30,0,61,1
5-0-2025-07,Belagavi,All,2025-07,5,0,24306,7,61,53,48,57,54.0,53.5,59.333,61,1.0,5.188,10.896,0.9101,1.0281,1187,1181.67,1187,1181.67,1.0,54.0,1.0281,0.4918,29.33,5.592,73.5,25.1,0.417,31,0,49,1
5-0-2025-08,Belagavi,All,2025-08,5,0,24307,8,49,61,53,58,54.333,53.333,58.667,49,1.0,5.312,11.257,0.9261,0.8352,1190,1189.0,1190,1189.0,1.0,54.33,0.8352,0.4898,28.33,5.592,73.5,25.1,0.417,31,0,61,1
5-0-2025-09,Belagavi,All,2025-09,5,0,24308,9,61,49,61,59,57.0,55.333,58.917,61,1.0,5.558,11.273,0.9675,1.0354,1214,1197.0,1214,1197.0,1.0,57.0,1.0354,0.5246,29.33,5.592,73.5,25.1,0.417,30,0,54,1
5-0-2025-10,Belagavi,All,2025-10,5,0,24309,10,54,61,49,77,54.667,54.333,58.5,54,1.0,5.153,11.354,0.9345,0.9231,1104,1169.33,1104,1169.33,1.0,54.67,0.9231,0.5926,29.33,5.592,73.5,25.1,0.417,31,1,80,1
5-0-2025-11,Belagavi,All,2025-11,5,0,24310,11,80,54,61,86,65.0,59.667,58.75,80,1.0,10.061,11.784,1.1064,1.3617,1707,1341.67,1707,1341.67,1.0,65.0,1.3617,0.6,32.33,5.592,73.5,25.1,0.417,30,0,80,1
5-0-2025-12,Belagavi,All,2025-12,5,0,24311,12,80,80,54,54,71.333,64.167,58.25,80,1.0,11.936,10.694,1.2246,1.3734,1697,1502.67,1697,1502.67,1.0,71.33,1.3734,0.425,33.33,5.592,73.5,25.1,0.417,31,0,75,1
5-0-2026-01,Belagavi,All,2026-01,5,0,24312,1,75,80,80,50,78.333,66.5,60.0,75,1.0,12.447,11.54,1.3056,1.25,1284,1562.67,1284,1562.67,1.0,78.33,1.25,0.48,34.33,5.592,73.5,25.1,0.417,31,0,95,1
5-0-2026-02,Belagavi,All,2026-02,5,0,24313,2,95,75,80,49,83.333,74.167,63.75,95,1.0,13.434,14.59,1.3072,1.4902,2265,1748.67,2265,1748.67,1.0,83.33,1.4902,0.4947,38.17,5.592,73.5,25.1,0.417,28,0,95,1
5-0-2026-03,Belagavi,All,2026-03,5,0,24314,3,95,95,75,60,88.333,79.833,67.583,95,1.0,13.849,16.168,1.307,1.4057,2094,1881.0,2094,1881.0,1.0,88.33,1.4057,0.4211,39.5,5.592,73.5,25.1,0.417,31,0,118,1
5-0-2026-04,Belagavi,All,2026-04,5,0,24315,4,118,95,95,48,102.667,90.5,72.417,118,1.0,14.477,21.097,1.4177,1.6295,2455,2271.33,2455,2271.33,1.0,102.67,1.6295,0.5254,44.5,5.592,73.5,25.1,0.417,30,0,108,1
5-0-2026-05,Belagavi,All,2026-05,5,0,24316,5,108,118,95,53,107.0,95.167,77.417,108,1.0,14.848,21.815,1.3821,1.395,2324,2291.0,2324,2291.0,1.0,107.0,1.395,0.4815,45.17,5.592,73.5,25.1,0.417,31,0,90,1
5-0-2026-06,Belagavi,All,2026-06,5,0,24317,6,90,108,118,61,105.333,96.833,80.5,90,1.0,13.557,20.734,1.3085,1.118,2456,2411.67,2456,2411.67,1.0,105.33,1.118,0.5333,47.5,5.592,73.5,25.1,0.417,30,0,97,1
6-0-2024-02,Kalaburagi,All,2024-02,6,0,24289,2,36,43,39,45,39.333,41.667,38.5,36,1.0,3.986,6.062,1.0216,0.9351,1240,1432.33,1240,1432.33,1.0,39.33,0.9351,0.4722,22.33,3.003,64.9,32.5,0.274,28,0,32,1
6-0-2024-03,Kalaburagi,All,2024-03,6,0,24290,3,32,36,43,35,37.0,40.0,37.417,32,1.0,5.354,5.965,0.9889,0.8552,1148,1225.0,1148,1225.0,1.0,37.0,0.8552,0.4375,21.5,3.003,64.9,32.5,0.274,31,0,31,1
6-0-2024-04,Kalaburagi,All,2024-04,6,0,24291,4,31,32,36,26,33.0,38.333,37.083,31,1.0,6.263,6.198,0.8899,0.836,1171,1186.33,1171,1186.33,1.0,33.0,0.836,0.4516,20.33,3.003,64.9,32.5,0.274,30,0,30,1
6-0-2024-05,Kalaburagi,All,2024-05,6,0,24292,5,30,31,32,30,31.0,35.167,37.417,30,1.0,4.67,5.678,0.8285,0.8018,1175,1164.67,1175,1164.67,1.0,31.0,0.8018,0.5667,18.17,3.003,64.9,32.5,0.274,31,0,35,1
6-0-2024-06,Kalaburagi,All,2024-06,6,0,24293,6,35,30,31,37,32.0,34.5,37.833,35,1.0,4.349,5.289,0.8458,0.9251,1270,1205.33,1270,1205.33,1.0,32.0,0.9251,0.4286,16.33,3.003,64.9,32.5,0.274,30,0,30,1
6-0-2024-07,Kalaburagi,All,2024-07,6,0,24294,7,30,35,30,39,31.667,32.333,37.25,30,1.0,2.357,5.717,0.8501,0.8054,1177,1207.33,1177,1207.33,1.0,31.67,0.8054,0.5667,15.67,3.003,64.9,32.5,0.274,31,0,30,1
6-0-2024-08,Kalaburagi,All,2024-08,6,0,24295,8,30,30,35,42,31.667,31.333,36.5,30,1.0,1.795,6.021,0.8676,0.8219,1103,1183.33,1103,1183.33,1.0,31.67,0.8219,0.4,14.83,3.003,64.9,32.5,0.274,31,0,32,1
6-0-2024-09,Kalaburagi,All,2024-09,6,0,24296,9,32,30,30,41,30.667,31.333,35.667,32,1.0,1.795,5.893,0.8598,0.8972,1214,1164.67,1214,1164.67,1.0,30.67,0.8972,0.625,15.83,3.003,64.9,32.5,0.274,30,0,25,1
6-0-2024-10,Kalaburagi,All,2024-10,6,0,24297,10,25,32,30,49,29.0,30.333,34.333,25,1.0,2.981,6.329,0.8447,0.7282,1190,1169.0,1190,1169.0,1.0,29.0,0.7282,0.56,15.83,3.003,64.9,32.5,0.274,31,1,50,1
6-0-2024-11,Kalaburagi,All,2024-11,6,0,24298,11,50,25,32,39,35.667,33.667,34.417,50,1.0,7.888,6.525,1.0363,1.4528,1701,1368.33,1701,1368.33,1.0,35.67,1.4528,0.6,18.0,3.003,64.9,32.5,0.274,30,1,65,1
6-0-2024-12,Kalaburagi,All,2024-12,6,0,24299,12,65,50,25,43,46.667,38.667,36.583,65,1.0,14.162,10.681,1.2756,1.7768,1744,1545.0,1744,1545.0,1.0,46.67,1.7768,0.5846,21.83,3.003,64.9,32.5,0.274,31,0,32,1
6-0-2025-01,Kalaburagi,All,2025-01,6,0,24300,1,32,65,50,36,49.0,39.0,35.667,32,1.0,13.976,10.562,1.3738,0.8972,1290,1578.33,1290,1578.33,1.0,49.0,0.8972,0.625,22.33,3.003,64.9,32.5,0.274,31,0,34,1
6-0-2025-02,Kalaburagi,All,2025-02,6,0,24301,2,34,32,65,32,43.667,39.667,35.5,34,1.0,13.622,10.571,1.23,0.9577,1210,1414.67,1210,1414.67,1.0,43.67,0.9577,0.6176,23.83,3.003,64.9,32.5,0.274,28,0,31,1
6-0-2025-03,Kalaburagi,All,2025-03,6,0,24302,3,31,34,32,31,32.333,39.5,35.417,31,1.0,13.72,10.602,0.9129,0.8753,1077,1192.33,1077,1192.33,1.0,32.33,0.8753,0.4516,22.83,3.003,64.9,32.5,0.274,31,0,36,1
6-0-2025-04,Kalaburagi,All,2025-04,6,0,24303,4,36,31,34,30,33.667,41.333,35.833,36,1.0,12.324,10.519,0.9395,1.0047,1168,1151.67,1168,1151.67,1.0,33.67,1.0047,0.5833,24.0,3.003,64.9,32.5,0.274,30,0,32,1
6-0-2025-05,Kalaburagi,All,2025-05,6,0,24304,5,32,36,31,35,33.0,38.333,36.0,32,1.0,12.037,10.44,0.9167,0.8889,1168,1137.67,1168,1137.67,1.0,33.0,0.8889,0.4062,21.17,3.003,64.9,32.5,0.274,31,0,32,1
6-0-2025-06,Kalaburagi,All,2025-06,6,0,24305,6,32,32,36,30,33.333,32.833,35.75,32,1.0,1.675,10.497,0.9324,0.8951,1190,1175.33,1190,1175.33,1.0,33.33,0.8951,0.4375,17.17,3.003,64.9,32.5,0.274,30,0,37,1
6-0-2025-07,Kalaburagi,All,2025-07,6,0,24306,7,37,32,32,30,33.667,33.667,36.333,37,1.0,2.211,10.355,0.9266,1.0183,1187,1181.67,1187,1181.67,1.0,33.67,1.0183,0.5946,17.5,3.003,64.9,32.5,0.274,31,0,33,1
6-0-2025-08,Kalaburagi,All,2025-08,6,0,24307,8,33,37,32,32,34.0,33.5,36.583,33,1.0,2.217,10.234,0.9294,0.9021,1190,1189.0,1190,1189.0,1.0,34.0,0.9021,0.5758,17.17,3.003,64.9,32.5,0.274,31,0,40,1
6-0-2025-09,Kalaburagi,All,2025-09,6,0,24308,9,40,33,37,25,36.667,35.0,37.25,40,1.0,2.944,10.175,0.9843,1.0738,1214,1197.0,1214,1197.0,1.0,36.67,1.0738,0.4,17.5,3.003,64.9,32.5,0.274,30,0,22,1
6-0-2025-10,Kalaburagi,All,2025-10,6,0,24309,10,22,40,33,50,31.667,32.667,37.0,22,1.0,5.588,10.504,0.8559,0.5946,1104,1169.33,1104,1169.33,1.0,31.67,0.5946,0.6364,16.33,3.003,64.9,32.5,0.274,31,1,61,1
6-0-2025-11,Kalaburagi,All,2025-11,6,0,24310,11,61,22,40,65,41.0,37.5,37.917,61,1.0,11.899,11.975,1.0813,1.6088,1707,1341.67,1707,1341.67,1.0,41.0,1.6088,0.3934,18.17,3.003,64.9,32.5,0.274,30,0,56,1
6-0-2025-12,Kalaburagi,All,2025-12,6,0,24311,12,56,61,22,32,46.333,41.5,37.167,56,1.0,13.326,10.439,1.2466,1.5067,1697,1502.67,1697,1502.67,1.0,46.33,1.5067,0.5357,20.83,3.003,64.9,32.5,0.274,31,0,46,1
6-0-2026-01,Kalaburagi,All,2026-01,6,0,24312,1,46,56,61,34,54.333,43.0,38.333,46,1.0,13.241,10.578,1.4174,1.2,1284,1562.67,1284,1562.67,1.0,54.33,1.2,0.5652,21.5,3.003,64.9,32.5,0.274,31,0,63,1
6-0-2026-02,Kalaburagi,All,2026-02,6,0,24313,2,63,46,56,31,55.0,48.0,40.75,63,1.0,14.154,12.457,1.3497,1.546,2265,1748.67,2265,1748.67,1.0,55.0,1.546,0.5873,24.5,3.003,64.9,32.5,0.274,28,0,67,1
6-0-2026-03,Kalaburagi,All,2026-03,6,0,24314,3,67,63,46,36,58.667,52.5,43.75,67,1.0,15.152,13.989,1.341,1.5314,2094,1881.0,2094,1881.0,1.0,58.67,1.5314,0.597,28.5,3.003,64.9,32.5,0.274,31,0,79,1
6-0-2026-04,Kalaburagi,All,2026-04,6,0,24315,4,79,67,63,32,69.667,62.0,47.333,79,1.0,10.066,16.775,1.4718,1.669,2455,2271.33,2455,2271.33,1.0,69.67,1.669,0.443,32.0,3.003,64.9,32.5,0.274,30,0,65,1
6-0-2026-05,Kalaburagi,All,2026-05,6,0,24316,5,65,79,67,32,70.333,62.667,50.083,65,1.0,10.111,16.74,1.4043,1.2978,2324,2291.0,2324,2291.0,1.0,70.33,1.2978,0.6154,34.67,3.003,64.9,32.5,0.274,31,0,81,1
6-0-2026-06,Kalaburagi,All,2026-06,6,0,24317,6,81,65,79,37,75.0,66.833,54.167,81,1.0,11.553,17.776,1.3846,1.4954,2456,2411.67,2456,2411.67,1.0,75.0,1.4954,0.5185,36.67,3.003,64.9,32.5,0.274,30,0,76,1
7-0-2024-02,Hubballi-Dharwad,All,2024-02,7,0,24289,2,36,45,73,35,51.333,49.833,45.417,36,1.0,11.682,10.356,1.1303,0.7927,1240,1432.33,1240,1432.33,1.0,51.33,0.7927,0.4722,26.17,1.228,84.0,96.0,6.082,28,0,37,1
7-0-2024-03,Hubballi-Dharwad,All,2024-03,7,0,24290,3,37,36,45,43,39.333,49.0,45.583,37,1.0,12.369,10.202,0.8629,0.8117,1148,1225.0,1148,1225.0,1.0,39.33,0.8117,0.4595,24.67,1.228,84.0,96.0,6.082,31,0,50,1
7-0-2024-04,Hubballi-Dharwad,All,2024-04,7,0,24291,4,50,37,36,44,41.0,48.833,46.167,50,1.0,12.348,10.237,0.8881,1.083,1171,1186.33,1171,1186.33,1.0,41.0,1.083,0.54,24.83,1.228,84.0,96.0,6.082,30,0,44,1
7-0-2024-05,Hubballi-Dharwad,All,2024-05,7,0,24292,5,44,50,37,31,43.667,47.5,46.167,44,1.0,12.366,10.237,0.9458,0.9531,1175,1164.67,1175,1164.67,1.0,43.67,0.9531,0.5909,25.33,1.228,84.0,96.0,6.082,31,0,45,1
7-0-2024-06,Hubballi-Dharwad,All,2024-06,7,0,24293,6,45,44,50,50,46.333,42.833,47.333,45,1.0,4.879,9.186,0.9789,0.9507,1270,1205.33,1270,1205.33,1.0,46.33,0.9507,0.6222,23.17,1.228,84.0,96.0,6.082,30,0,53,1
7-0-2024-07,Hubballi-Dharwad,All,2024-07,7,0,24294,7,53,45,44,43,47.333,44.167,47.583,53,1.0,6.203,9.296,0.9947,1.1138,1177,1207.33,1177,1207.33,1.0,47.33,1.1138,0.5094,23.67,1.228,84.0,96.0,6.082,31,0,50,1
7-0-2024-08,Hubballi-Dharwad,All,2024-08,7,0,24295,8,50,53,45,42,49.333,46.5,48.167,50,1.0,5.252,9.209,1.0242,1.0381,1103,1183.33,1103,1183.33,1.0,49.33,1.0381,0.5,25.0,1.228,84.0,96.0,6.082,31,0,36,1
7-0-2024-09,Hubballi-Dharwad,All,2024-09,7,0,24296,9,36,50,53,51,46.333,46.333,47.667,36,1.0,5.558,9.681,0.972,0.7552,1214,1164.67,1214,1164.67,1.0,46.33,0.7552,0.7222,26.5,1.228,84.0,96.0,6.082,30,0,51,1
7-0-2024-10,Hubballi-Dharwad,All,2024-10,7,0,24297,10,51,36,50,52,45.667,46.5,47.667,51,1.0,5.679,9.681,0.958,1.0699,1190,1169.0,1190,1169.0,1.0,45.67,1.0699,0.6275,27.33,1.228,84.0,96.0,6.082,31,0,53,1
7-0-2024-11,Hubballi-Dharwad,All,2024-11,7,0,24298,11,53,51,36,73,46.667,48.0,47.75,53,1.0,6.0,9.722,0.9773,1.1099,1701,1368.33,1701,1368.33,1.0,46.67,1.1099,0.5094,27.5,1.228,84.0,96.0,6.082,30,1,68,1
7-0-2024-12,Hubballi-Dharwad,All,2024-12,7,0,24299,12,68,53,51,45,57.333,51.833,47.333,68,1.0,9.299,8.683,1.2113,1.4366,1744,1545.0,1744,1545.0,1.0,57.33,1.4366,0.4265,27.67,1.228,84.0,96.0,6.082,31,0,48,1
7-0-2025-01,Hubballi-Dharwad,All,2025-01,7,0,24300,1,48,68,53,36,56.333,51.0,47.583,48,1.0,9.381,8.655,1.1839,1.0088,1290,1578.33,1290,1578.33,1.0,56.33,1.0088,0.6667,28.5,1.228,84.0,96.0,6.082,31,0,51,1
7-0-2025-02,Hubballi-Dharwad,All,2025-02,7,0,24301,2,51,48,68,37,55.667,51.167,48.833,51,1.0,9.37,7.946,1.1399,1.0444,1210,1414.67,1210,1414.67,1.0,55.67,1.0444,0.5686,29.17,1.228,84.0,96.0,6.082,28,0,44,1
7-0-2025-03,Hubballi-Dharwad,All,2025-03,7,0,24302,3,44,51,48,50,47.667,52.5,49.417,44,1.0,7.5,7.285,0.9646,0.8904,1077,1192.33,1077,1192.33,1.0,47.67,0.8904,0.5455,28.83,1.228,84.0,96.0,6.082,31,0,36,1
7-0-2025-04,Hubballi-Dharwad,All,2025-04,7,0,24303,4,36,44,51,44,43.667,50.0,48.25,36,1.0,9.747,8.166,0.905,0.7461,1168,1151.67,1168,1151.67,1.0,43.67,0.7461,0.5556,26.83,1.228,84.0,96.0,6.082,30,0,41,1
7-0-2025-05,Hubballi-Dharwad,All,2025-05,7,0,24304,5,41,36,44,45,40.333,48.0,48.0,41,1.0,10.149,8.337,0.8403,0.8542,1168,1137.67,1168,1137.67,1.0,40.33,0.8542,0.6098,26.5,1.228,84.0,96.0,6.082,31,0,44,1
7-0-2025-06,Hubballi-Dharwad,All,2025-06,7,0,24305,6,44,41,36,53,40.333,44.0,47.917,44,1.0,4.796,8.371,0.8417,0.9183,1190,1175.33,1190,1175.33,1.0,40.33,0.9183,0.4773,25.17,1.228,84.0,96.0,6.082,30,0,38,1
7-0-2025-07,Hubballi-Dharwad,All,2025-07,7,0,24306,7,38,44,41,50,41.0,42.333,46.667,38,1.0,4.853,8.635,0.8786,0.8143,1187,1181.67,1187,1181.67,1.0,41.0,0.8143,0.5526,23.33,1.228,84.0,96.0,6.082,31,0,38,1
7-0-2025-08,Hubballi-Dharwad,All,2025-08,7,0,24307,8,38,38,44,36,40.0,40.167,45.667,38,1.0,3.078,8.882,0.8759,0.8321,1190,1189.0,1190,1189.0,1.0,40.0,0.8321,0.4211,21.17,1.228,84.0,96.0,6.082,31,0,37,1
7-0-2025-09,Hubballi-Dharwad,All,2025-09,7,0,24308,9,37,38,38,51,37.667,39.0,45.75,37,1.0,2.708,8.795,0.8233,0.8087,1214,1197.0,1214,1197.0,1.0,37.67,0.8087,0.4865,20.17,1.228,84.0,96.0,6.082,30,0,33,1
7-0-2025-10,Hubballi-Dharwad,All,2025-10,7,0,24309,10,33,37,38,53,36.0,38.5,44.25,33,1.0,3.403,9.293,0.8136,0.7458,1104,1169.33,1104,1169.33,1.0,36.0,0.7458,0.4545,19.33,1.228,84.0,96.0,6.082,31,1,51,1
7-0-2025-11,Hubballi-Dharwad,All,2025-11,7,0,24310,11,51,33,37,68,40.333,40.167,44.083,51,1.0,5.814,9.151,0.9149,1.1569,1707,1341.67,1707,1341.67,1.0,40.33,1.1569,0.451,19.0,1.228,84.0,96.0,6.082,30,1,64,1
7-0-2025-12,Hubballi-Dharwad,All,2025-12,7,0,24311,12,64,51,33,48,49.333,43.5,43.75,64,1.0,10.72,8.308,1.1276,1.4629,1697,1502.67,1697,1502.67,1.0,49.33,1.4629,0.6094,22.0,1.228,84.0,96.0,6.082,31,0,44,1
7-0-2026-01,Hubballi-Dharwad,All,2026-01,7,0,24312,1,44,64,51,51,53.0,44.5,43.417,44,1.0,10.436,8.21,1.2207,1.0134,1284,1562.67,1284,1562.67,1.0,53.0,1.0134,0.6136,23.0,1.228,84.0,96.0,6.082,31,1,76,1
7-0-2026-02,Hubballi-Dharwad,All,2026-02,7,0,24313,2,76,44,64,44,61.333,50.833,45.5,76,1.0,15.071,12.114,1.348,1.6703,2265,1748.67,2265,1748.67,1.0,61.33,1.6703,0.5,26.67,1.228,84.0,96.0,6.082,28,0,82,1
7-0-2026-03,Hubballi-Dharwad,All,2026-03,7,0,24314,3,82,76,44,36,67.333,58.333,48.667,82,1.0,17.346,15.734,1.3836,1.6849,2094,1881.0,2094,1881.0,1.0,67.33,1.6849,0.5488,31.17,1.228,84.0,96.0,6.082,31,0,77,1
7-0-2026-04,Hubballi-Dharwad,All,2026-04,7,0,24315,4,77,82,76,41,78.333,65.667,52.083,77,1.0,14.079,17.012,1.504,1.4784,2455,2271.33,2455,2271.33,1.0,78.33,1.4784,0.4675,34.67,1.228,84.0,96.0,6.082,30,0,78,1
7-0-2026-05,Hubballi-Dharwad,All,2026-05,7,0,24316,5,78,77,82,44,79.0,70.167,55.167,78,1.0,12.941,18.045,1.432,1.4139,2324,2291.0,2324,2291.0,1.0,79.0,1.4139,0.5385,37.83,1.228,84.0,96.0,6.082,31,0,85,1
7-0-2026-06,Hubballi-Dharwad,All,2026-06,7,0,24317,6,85,78,77,38,80.0,73.667,58.583,85,1.0,13.622,19.436,1.3656,1.4509,2456,2411.67,2456,2411.67,1.0,80.0,1.4509,0.5765,39.5,1.228,84.0,96.0,6.082,30,0,82,1
8-0-2024-02,Ballari,All,2024-02,8,0,24289,2,24,26,40,27,30.0,32.167,29.917,24,1.0,6.336,6.788,1.0028,0.8022,1240,1432.33,1240,1432.33,1.0,30.0,0.8022,0.625,18.0,2.87,67.4,37.6,0.34,28,0,25,1
8-0-2024-03,Ballari,All,2024-03,8,0,24290,3,25,24,26,29,25.0,30.667,29.75,25,1.0,6.774,6.881,0.8403,0.8403,1148,1225.0,1148,1225.0,1.0,25.0,0.8403,0.48,17.0,2.87,67.4,37.6,0.34,31,0,16,1
8-0-2024-04,Ballari,All,2024-04,8,0,24291,4,16,25,24,33,21.667,28.5,28.667,16,1.0,8.751,7.867,0.7558,0.5581,1171,1186.33,1171,1186.33,1.0,21.67,0.5581,0.4375,16.33,2.87,67.4,37.6,0.34,30,1,41,1
8-0-2024-05,Ballari,All,2024-05,8,0,24292,5,41,16,25,14,27.333,28.667,29.333,41,1.0,8.975,8.518,0.9318,1.3977,1175,1164.67,1175,1164.67,1.0,27.33,1.3977,0.5366,15.5,2.87,67.4,37.6,0.34,31,0,35,1
8-0-2024-06,Ballari,All,2024-06,8,0,24293,6,35,41,16,30,30.667,27.833,31.083,35,1.0,8.071,7.251,0.9866,1.126,1270,1205.33,1270,1205.33,1.0,30.67,1.126,0.4571,14.83,2.87,67.4,37.6,0.34,30,0,27,1
8-0-2024-07,Ballari,All,2024-07,8,0,24294,7,27,35,41,33,34.333,28.0,30.833,27,1.0,8.042,7.335,1.1135,0.8757,1177,1207.33,1177,1207.33,1.0,34.33,0.8757,0.5556,14.5,2.87,67.4,37.6,0.34,31,0,29,1
8-0-2024-08,Ballari,All,2024-08,8,0,24295,8,29,27,35,34,30.333,28.833,30.5,29,1.0,7.84,7.32,0.9945,0.9508,1103,1183.33,1103,1183.33,1.0,30.33,0.9508,0.3793,13.83,2.87,67.4,37.6,0.34,31,0,27,1
8-0-2024-09,Ballari,All,2024-09,8,0,24296,9,27,29,27,29,27.667,29.167,29.917,27,1.0,7.712,7.297,0.9248,0.9025,1214,1164.67,1214,1164.67,1.0,27.67,0.9025,0.4444,13.83,2.87,67.4,37.6,0.34,30,0,35,1
8-0-2024-10,Ballari,All,2024-10,8,0,24297,10,35,27,29,40,30.333,32.333,30.417,35,1.0,5.121,7.421,0.9973,1.1507,1190,1169.0,1190,1169.0,1.0,30.33,1.1507,0.5429,15.83,2.87,67.4,37.6,0.34,31,1,53,1
8-0-2024-11,Ballari,All,2024-11,8,0,24298,11,53,35,27,40,38.333,34.333,31.5,53,1.0,8.994,9.421,1.2169,1.6825,1701,1368.33,1701,1368.33,1.0,38.33,1.6825,0.434,16.0,2.87,67.4,37.6,0.34,30,0,42,1
8-0-2024-12,Ballari,All,2024-12,8,0,24299,12,42,53,35,26,43.333,35.5,31.667,42,1.0,9.447,9.586,1.3684,1.3263,1744,1545.0,1744,1545.0,1.0,43.33,1.3263,0.5714,17.33,2.87,67.4,37.6,0.34,31,0,34,1
8-0-2025-01,Ballari,All,2025-01,8,0,24300,1,34,42,53,24,43.0,36.667,32.333,34,1.0,8.731,9.446,1.3299,1.0515,1290,1578.33,1290,1578.33,1.0,43.0,1.0515,0.5294,17.83,2.87,67.4,37.6,0.34,31,0,26,1
8-0-2025-02,Ballari,All,2025-02,8,0,24301,2,26,34,42,25,34.0,36.167,32.5,26,1.0,9.227,9.314,1.0462,0.8,1210,1414.67,1210,1414.67,1.0,34.0,0.8,0.5769,18.5,2.87,67.4,37.6,0.34,28,0,19,1
8-0-2025-03,Ballari,All,2025-03,8,0,24302,3,19,26,34,16,26.333,34.833,32.0,19,1.0,10.884,9.849,0.8229,0.5938,1077,1192.33,1077,1192.33,1.0,26.33,0.5938,0.3684,17.67,2.87,67.4,37.6,0.34,31,0,28,1
8-0-2025-04,Ballari,All,2025-04,8,0,24303,4,28,19,26,41,24.333,33.667,33.0,28,1.0,11.175,8.718,0.7374,0.8485,1168,1151.67,1168,1151.67,1.0,24.33,0.8485,0.4643,16.67,2.87,67.4,37.6,0.34,30,1,37,1
8-0-2025-05,Ballari,All,2025-05,8,0,24304,5,37,28,19,35,28.0,31.0,32.667,37,1.0,7.572,8.479,0.8571,1.1327,1168,1137.67,1168,1137.67,1.0,28.0,1.1327,0.4865,15.83,2.87,67.4,37.6,0.34,31,0,21,1
8-0-2025-06,Ballari,All,2025-06,8,0,24305,6,21,37,28,27,28.667,27.5,31.5,21,1.0,6.449,9.023,0.9101,0.6667,1190,1175.33,1190,1175.33,1.0,28.67,0.6667,0.2857,12.83,2.87,67.4,37.6,0.34,30,0,33,1
8-0-2025-07,Ballari,All,2025-07,8,0,24306,7,33,21,37,29,30.333,27.333,32.0,33,1.0,6.289,8.926,0.9479,1.0312,1187,1181.67,1187,1181.67,1.0,30.33,1.0312,0.4242,12.17,2.87,67.4,37.6,0.34,31,0,39,1
8-0-2025-08,Ballari,All,2025-08,8,0,24307,8,39,33,21,27,31.0,29.5,32.833,39,1.0,7.566,9.072,0.9442,1.1878,1190,1189.0,1190,1189.0,1.0,31.0,1.1878,0.3846,12.17,2.87,67.4,37.6,0.34,31,0,39,1
8-0-2025-09,Ballari,All,2025-09,8,0,24308,9,39,39,33,35,37.0,32.833,33.833,39,1.0,6.543,9.035,1.0936,1.1527,1214,1197.0,1214,1197.0,1.0,37.0,1.1527,0.5641,14.67,2.87,67.4,37.6,0.34,30,0,26,1
8-0-2025-10,Ballari,All,2025-10,8,0,24309,10,26,39,39,53,34.667,32.5,33.083,26,1.0,6.825,9.278,1.0479,0.7859,1104,1169.33,1104,1169.33,1.0,34.67,0.7859,0.6923,15.5,2.87,67.4,37.6,0.34,31,1,50,1
8-0-2025-11,Ballari,All,2025-11,8,0,24310,11,50,26,39,42,38.333,34.667,32.833,50,1.0,9.463,8.764,1.1675,1.5228,1707,1341.67,1707,1341.67,1.0,38.33,1.5228,0.62,17.67,2.87,67.4,37.6,0.34,30,0,50,1
8-0-2025-12,Ballari,All,2025-12,8,0,24311,12,50,50,26,34,42.0,39.5,33.5,50,1.0,8.617,9.691,1.2537,1.4925,1697,1502.67,1697,1502.67,1.0,42.0,1.4925,0.56,21.33,2.87,67.4,37.6,0.34,31,0,30,1
8-0-2026-01,Ballari,All,2026-01,8,0,24312,1,30,50,50,26,43.333,39.0,33.167,30,1.0,9.055,9.737,1.3065,0.9045,1284,1562.67,1284,1562.67,1.0,43.33,0.9045,0.4667,21.33,2.87,67.4,37.6,0.34,31,0,51,1
8-0-2026-02,Ballari,All,2026-02,8,0,24313,2,51,30,50,19,43.667,41.0,35.25,51,1.0,10.1,10.615,1.2388,1.4468,2265,1748.67,2265,1748.67,1.0,43.67,1.4468,0.6078,24.0,2.87,67.4,37.6,0.34,28,1,64,1
8-0-2026-03,Ballari,All,2026-03,8,0,24314,3,64,51,30,28,48.333,45.167,39.0,64,1.0,13.12,12.062,1.2393,1.641,2094,1881.0,2094,1881.0,1.0,48.33,1.641,0.4062,24.67,2.87,67.4,37.6,0.34,31,0,60,1
8-0-2026-04,Ballari,All,2026-04,8,0,24315,4,60,64,51,37,58.333,50.833,41.667,60,1.0,10.746,12.847,1.4,1.44,2455,2271.33,2455,2271.33,1.0,58.33,1.44,0.4833,26.5,2.87,67.4,37.6,0.34,30,0,65,1
8-0-2026-05,Ballari,All,2026-05,8,0,24316,5,65,60,64,21,63.0,53.333,44.0,65,1.0,11.94,14.254,1.4318,1.4773,2324,2291.0,2324,2291.0,1.0,63.0,1.4773,0.5692,27.5,2.87,67.4,37.6,0.34,31,0,60,1
8-0-2026-06,Ballari,All,2026-06,8,0,24317,6,60,65,60,33,61.667,55.0,47.25,60,1.0,12.055,13.033,1.3051,1.2698,2456,2411.67,2456,2411.67,1.0,61.67,1.2698,0.5833,28.67,2.87,67.4,37.6,0.34,30,0,53,1
9-0-2024-02,Vijayapura,All,2024-02,9,0,24289,2,29,25,33,24,29.0,30.5,26.833,29,1.0,6.318,6.53,1.0807,1.0807,1240,1432.33,1240,1432.33,1.0,29.0,1.0807,0.6207,16.83,2.547,67.2,23.3,0.243,28,0,27,1
9-0-2024-03,Vijayapura,All,2024-03,9,0,24290,3,27,29,25,25,27.0,30.167,27.083,27,1.0,6.44,6.474,0.9969,0.9969,1148,1225.0,1148,1225.0,1.0,27.0,0.9969,0.5556,17.0,2.547,67.2,23.3,0.243,31,0,20,1
9-0-2024-04,Vijayapura,All,2024-04,9,0,24291,4,20,27,29,14,25.333,29.5,26.667,20,1.0,7.205,6.749,0.95,0.75,1171,1186.33,1171,1186.33,1.0,25.33,0.75,0.65,16.67,2.547,67.2,23.3,0.243,30,0,23,1
9-0-2024-05,Vijayapura,All,2024-05,9,0,24292,5,23,20,27,26,23.333,26.167,27.417,23,1.0,4.18,5.722,0.8511,0.8389,1175,1164.67,1175,1164.67,1.0,23.33,0.8389,0.5217,14.33,2.547,67.2,23.3,0.243,31,0,28,1
9-0-2024-06,Vijayapura,All,2024-06,9,0,24293,6,28,23,20,27,23.667,25.333,27.583,28,1.0,3.091,5.708,0.858,1.0151,1270,1205.33,1270,1205.33,1.0,23.67,1.0151,0.4286,13.83,2.547,67.2,23.3,0.243,30,0,17,1
9-0-2024-07,Vijayapura,All,2024-07,9,0,24294,7,17,28,23,23,22.667,24.0,26.75,17,1.0,4.397,6.418,0.8474,0.6355,1177,1207.33,1177,1207.33,1.0,22.67,0.6355,0.4706,13.0,2.547,67.2,23.3,0.243,31,0,21,1
9-0-2024-08,Vijayapura,All,2024-08,9,0,24295,8,21,17,28,29,22.0,22.667,26.583,21,1.0,3.859,6.538,0.8276,0.79,1103,1183.33,1103,1183.33,1.0,22.0,0.79,0.4286,11.5,2.547,67.2,23.3,0.243,31,0,27,1
9-0-2024-09,Vijayapura,All,2024-09,9,0,24296,9,27,21,17,24,21.667,22.667,26.417,27,1.0,3.859,6.499,0.8202,1.0221,1214,1164.67,1214,1164.67,1.0,21.67,1.0221,0.5926,11.67,2.547,67.2,23.3,0.243,30,0,27,1
9-0-2024-10,Vijayapura,All,2024-10,9,0,24297,10,27,27,21,43,25.0,23.833,26.667,27,1.0,3.933,6.459,0.9375,1.0125,1190,1169.0,1190,1169.0,1.0,25.0,1.0125,0.4815,11.67,2.547,67.2,23.3,0.243,31,0,35,1
9-0-2024-11,Vijayapura,All,2024-11,9,0,24298,11,35,27,27,33,29.667,25.833,26.0,35,1.0,5.669,4.983,1.141,1.3462,1701,1368.33,1701,1368.33,1.0,29.67,1.3462,0.6286,13.33,2.547,67.2,23.3,0.243,30,0,32,1
9-0-2024-12,Vijayapura,All,2024-12,9,0,24299,12,32,35,27,25,31.333,26.5,25.917,32,1.0,6.103,4.873,1.209,1.2347,1744,1545.0,1744,1545.0,1.0,31.33,1.2347,0.4375,13.67,2.547,67.2,23.3,0.243,31,0,23,1
9-0-2025-01,Vijayapura,All,2025-01,9,0,24300,1,23,32,35,29,30.0,27.5,25.75,23,1.0,4.822,4.935,1.165,0.8932,1290,1578.33,1290,1578.33,1.0,30.0,0.8932,0.3043,13.5,2.547,67.2,23.3,0.243,31,0,21,1
9-0-2025-02,Vijayapura,All,2025-02,9,0,24301,2,21,23,32,27,25.333,27.5,25.083,21,1.0,4.822,4.991,1.01,0.8372,1210,1414.67,1210,1414.67,1.0,25.33,0.8372,0.7143,14.5,2.547,67.2,23.3,0.243,28,0,14,1
9-0-2025-03,Vijayapura,All,2025-03,9,0,24302,3,14,21,23,20,19.333,25.333,24.0,14,1.0,6.992,5.802,0.8056,0.5833,1077,1192.33,1077,1192.33,1.0,19.33,0.5833,0.5714,13.17,2.547,67.2,23.3,0.243,31,0,19,1
9-0-2025-04,Vijayapura,All,2025-04,9,0,24303,4,19,14,21,23,18.0,24.0,23.917,19,1.0,7.303,5.866,0.7526,0.7944,1168,1151.67,1168,1151.67,1.0,18.0,0.7944,0.6842,13.17,2.547,67.2,23.3,0.243,30,0,22,1
9-0-2025-05,Vijayapura,All,2025-05,9,0,24304,5,22,19,14,28,18.333,21.833,23.833,22,1.0,5.398,5.885,0.7692,0.9231,1168,1137.67,1168,1137.67,1.0,18.33,0.9231,0.4091,11.0,2.547,67.2,23.3,0.243,31,0,19,1
9-0-2025-06,Vijayapura,All,2025-06,9,0,24305,6,19,22,19,17,20.0,19.667,23.083,19,1.0,2.925,5.88,0.8664,0.8231,1190,1175.33,1190,1175.33,1.0,20.0,0.8231,0.4737,10.17,2.547,67.2,23.3,0.243,30,0,25,1
9-0-2025-07,Vijayapura,All,2025-07,9,0,24306,7,25,19,22,21,22.0,20.0,23.75,25,1.0,3.367,5.599,0.9263,1.0526,1187,1181.67,1187,1181.67,1.0,22.0,1.0526,0.6,11.5,2.547,67.2,23.3,0.243,31,0,27,1
9-0-2025-08,Vijayapura,All,2025-08,9,0,24307,8,27,25,19,27,23.667,21.0,24.25,27,1.0,4.282,5.599,0.9759,1.1134,1190,1189.0,1190,1189.0,1.0,23.67,1.1134,0.4074,10.83,2.547,67.2,23.3,0.243,31,0,18,1
9-0-2025-09,Vijayapura,All,2025-09,9,0,24308,9,18,27,25,27,23.333,21.667,23.5,18,1.0,3.35,5.781,0.9929,0.766,1214,1197.0,1214,1197.0,1.0,23.33,0.766,0.6111,11.33,2.547,67.2,23.3,0.243,30,0,15,1
9-0-2025-10,Vijayapura,All,2025-10,9,0,24309,10,15,18,27,35,20.0,21.0,22.5,15,1.0,4.123,6.117,0.8889,0.6667,1104,1169.33,1104,1169.33,1.0,20.0,0.6667,0.5333,10.5,2.547,67.2,23.3,0.243,31,1,36,1
9-0-2025-11,Vijayapura,All,2025-11,9,0,24310,11,36,15,18,32,23.0,23.333,22.583,36,1.0,6.992,6.291,1.0185,1.5941,1707,1341.67,1707,1341.67,1.0,23.0,1.5941,0.4722,11.83,2.547,67.2,23.3,0.243,30,0,27,1
9-0-2025-12,Vijayapura,All,2025-12,9,0,24311,12,27,36,15,23,26.0,24.667,22.167,27,1.0,6.799,5.8,1.1729,1.218,1697,1502.67,1697,1502.67,1.0,26.0,1.218,0.5926,13.0,2.547,67.2,23.3,0.243,31,0,30,1
9-0-2026-01,Vijayapura,All,2026-01,9,0,24312,1,30,27,36,21,31.0,25.5,22.75,30,1.0,7.089,6.193,1.3626,1.3187,1284,1562.67,1284,1562.67,1.0,31.0,1.3187,0.5667,13.33,2.547,67.2,23.3,0.243,31,0,40,1
9-0-2026-02,Vijayapura,All,2026-02,9,0,24313,2,40,30,27,14,32.333,27.667,24.333,40,1.0,8.957,7.771,1.3288,1.6438,2265,1748.67,2265,1748.67,1.0,32.33,1.6438,0.6,15.5,2.547,67.2,23.3,0.243,28,0,39,1
9-0-2026-03,Vijayapura,All,2026-03,9,0,24314,3,39,40,30,19,36.333,31.167,26.417,39,1.0,8.591,8.067,1.3754,1.4763,2094,1881.0,2094,1881.0,1.0,36.33,1.4763,0.641,17.83,2.547,67.2,23.3,0.243,31,0,49,1
9-0-2026-04,Vijayapura,All,2026-04,9,0,24315,4,49,39,40,22,42.667,36.833,28.917,49,1.0,7.151,9.836,1.4755,1.6945,2455,2271.33,2455,2271.33,1.0,42.67,1.6945,0.6327,21.67,2.547,67.2,23.3,0.243,30,0,49,1
9-0-2026-05,Vijayapura,All,2026-05,9,0,24316,5,49,49,39,19,45.667,39.0,31.167,49,1.0,8.426,11.014,1.4652,1.5722,2324,2291.0,2324,2291.0,1.0,45.67,1.5722,0.6122,23.83,2.547,67.2,23.3,0.243,31,0,48,1
9-0-2026-06,Vijayapura,All,2026-06,9,0,24317,6,48,49,49,25,48.667,42.5,33.583,48,1.0,6.946,11.258,1.4491,1.4293,2456,2411.67,2456,2411.67,1.0,48.67,1.4293,0.5,25.17,2.547,67.2,23.3,0.243,30,0,49,1
