prior_cases,days_since_last,span_days,rate_per_yr,n_districts,n_heads,heinous,target_women_365
1,146,146,1.0,1,1,0,0
1,176,176,1.0,1,1,0,0
1,206,206,1.0,1,1,0,0
1,236,236,1.0,1,1,0,0
1,266,266,1.0,1,1,0,0
1,296,296,1.0,1,1,0,0
1,326,326,1.0,1,1,0,0
1,356,356,1.0,1,1,0,0
1,386,386,0.9462,1,1,0,0
1,416,416,0.878,1,1,0,0
1,446,446,0.8189,1,1,0,0
1,476,476,0.7673,1,1,0,0
1,506,506,0.7218,1,1,0,0
1,536,536,0.6814,1,1,0,0
1,566,566,0.6453,1,1,0,0
1,596,596,0.6128,1,1,0,0
1,626,626,0.5835,1,1,0,0
1,656,656,0.5568,1,1,0,0
1,686,686,0.5324,1,1,0,0
1,21,21,1.0,1,1,1,0
1,51,51,1.0,1,1,1,0
2,24,81,2.0,2,2,1,0
2,54,111,2.0,2,2,1,0
2,84,141,2.0,2,2,1,0
2,114,171,2.0,2,2,1,0
2,144,201,2.0,2,2,1,0
2,174,231,2.0,2,2,1,0
2,204,261,2.0,2,2,1,0
2,234,291,2.0,2,2,1,0
2,264,321,2.0,2,2,1,0
3,12,351,3.0,3,3,1,0
3,42,381,2.876,3,3,1,0
1,19,19,1.0,1,1,0,0
1,49,49,1.0,1,1,0,0
1,79,79,1.0,1,1,0,0
1,109,109,1.0,1,1,0,0
1,139,139,1.0,1,1,0,0
1,169,169,1.0,1,1,0,0
3,0,199,3.0,3,2,0,0
3,30,229,3.0,3,2,0,0
3,60,259,3.0,3,2,0,0
3,90,289,3.0,3,2,0,0
3,120,319,3.0,3,2,0,0
3,150,349,3.0,3,2,0,0
3,180,379,2.8912,3,2,0,0
3,210,409,2.6791,3,2,0,0
3,240,439,2.496,3,2,0,0
3,270,469,2.3364,3,2,0,0
3,300,499,2.1959,3,2,0,0
3,330,529,2.0714,3,2,0,0
1,215,215,1.0,1,1,0,0
1,245,245,1.0,1,1,0,0
1,275,275,1.0,1,1,0,0
2,18,305,2.0,2,2,0,0
2,48,335,2.0,2,2,0,0
2,78,365,2.0,2,2,0,0
2,108,395,1.8494,2,2,0,0
2,138,425,1.7188,2,2,0,0
2,168,455,1.6055,2,2,0,0
2,198,485,1.5062,2,2,0,0
2,228,515,1.4184,2,2,0,0
2,258,545,1.3404,2,2,0,0
2,288,575,1.2704,2,2,0,0
2,318,605,1.2074,2,2,0,0
2,348,635,1.1504,2,2,0,0
2,378,665,1.0985,2,2,0,0
3,3,695,1.5766,3,3,0,0
3,33,725,1.5114,3,3,0,0
3,63,755,1.4513,3,3,0,0
2,127,290,2.0,2,2,0,0
2,157,320,2.0,2,2,0,0
2,187,350,2.0,2,2,0,0
2,217,380,1.9224,2,2,0,0
2,247,410,1.7817,2,2,0,0
3,10,440,2.4903,3,3,0,0
3,40,470,2.3314,3,3,0,0
3,70,500,2.1915,3,3,0,0
3,100,530,2.0675,3,3,0,0
3,130,560,1.9567,3,3,0,0
3,160,590,1.8572,3,3,0,0
3,190,620,1.7673,3,3,0,0
3,220,650,1.6858,3,3,0,0
3,250,680,1.6114,3,3,0,0
3,280,710,1.5433,3,3,0,0
4,22,740,1.9743,4,4,0,0
4,52,770,1.8974,4,4,0,0
4,82,800,1.8263,4,4,0,0
5,19,830,2.2003,4,4,0,0
1,2,2,1.0,1,1,0,0
1,32,32,1.0,1,1,0,0
1,62,62,1.0,1,1,0,0
1,92,92,1.0,1,1,0,0
1,122,122,1.0,1,1,0,0
1,152,152,1.0,1,1,0,0
1,182,182,1.0,1,1,0,0
1,212,212,1.0,1,1,0,0
1,242,242,1.0,1,1,0,0
1,272,272,1.0,1,1,0,0
1,302,302,1.0,1,1,0,0
1,332,332,1.0,1,1,0,0
1,362,362,1.0,1,1,0,0
1,193,193,1.0,1,1,0,0
1,223,223,1.0,1,1,0,0
1,253,253,1.0,1,1,0,0
1,283,283,1.0,1,1,0,0
1,313,313,1.0,1,1,0,0
1,343,343,1.0,1,1,0,0
1,373,373,0.9792,1,1,0,0
1,403,403,0.9063,1,1,0,0
1,433,433,0.8435,1,1,0,0
1,463,463,0.7889,1,1,0,0
1,493,493,0.7409,1,1,0,0
1,523,523,0.6984,1,1,0,0
1,553,553,0.6605,1,1,0,0
1,583,583,0.6265,1,1,0,0
1,613,613,0.5958,1,1,0,0
1,643,643,0.568,1,1,0,0
1,673,673,0.5427,1,1,0,0
1,703,703,0.5196,1,1,0,0
2,19,733,0.9966,2,1,0,0
1,24,24,1.0,1,1,0,0
1,54,54,1.0,1,1,0,0
1,84,84,1.0,1,1,0,0
1,114,114,1.0,1,1,0,0
1,144,144,1.0,1,1,0,0
1,174,174,1.0,1,1,0,0
2,5,204,2.0,2,2,0,0
3,2,234,3.0,3,2,0,0
3,32,264,3.0,3,2,0,0
3,62,294,3.0,3,2,0,0
3,92,324,3.0,3,2,0,0
3,122,354,3.0,3,2,0,0
3,152,384,2.8535,3,2,0,0
3,182,414,2.6467,3,2,0,0
3,212,444,2.4679,3,2,0,0
3,242,474,2.3117,3,2,0,0
2,257,296,2.0,1,1,0,0
2,287,326,2.0,1,1,0,0
2,317,356,2.0,1,1,0,0
2,347,386,1.8925,1,1,0,0
2,377,416,1.756,1,1,0,0
2,407,446,1.6379,1,1,0,0
2,437,476,1.5347,1,1,0,0
2,467,506,1.4437,1,1,0,0
2,497,536,1.3629,1,1,0,0
2,527,566,1.2906,1,1,0,0
2,557,596,1.2257,1,1,0,0
2,587,626,1.1669,1,1,0,0
2,617,656,1.1136,1,1,0,0
3,10,686,1.5973,2,1,0,0
3,40,716,1.5304,2,1,0,0
3,70,746,1.4688,2,1,0,0
3,100,776,1.412,2,1,0,0
3,130,806,1.3595,2,1,0,0
3,160,836,1.3107,2,1,0,0
1,129,129,1.0,1,1,0,0
1,159,159,1.0,1,1,0,0
2,19,189,2.0,2,1,0,0
2,49,219,2.0,2,1,0,0
2,79,249,2.0,2,1,0,0
2,109,279,2.0,2,1,0,0
2,139,309,2.0,2,1,0,0
2,169,339,2.0,2,1,0,0
2,199,369,1.9797,2,1,0,0
2,229,399,1.8308,2,1,0,0
2,259,429,1.7028,2,1,0,0
2,289,459,1.5915,2,1,0,0
2,319,489,1.4939,2,1,0,0
2,349,519,1.4075,2,1,0,0
2,379,549,1.3306,2,1,0,0
2,409,579,1.2617,2,1,0,0
2,439,609,1.1995,2,1,0,0
3,17,639,1.7148,3,2,0,0
3,47,669,1.6379,3,2,0,0
1,249,249,1.0,1,1,0,0
1,279,279,1.0,1,1,0,0
1,309,309,1.0,1,1,0,0
1,339,339,1.0,1,1,0,0
1,369,369,0.9898,1,1,0,0
1,399,399,0.9154,1,1,0,0
1,429,429,0.8514,1,1,0,0
1,459,459,0.7958,1,1,0,0
1,489,489,0.7469,1,1,0,0
1,519,519,0.7038,1,1,0,0
1,549,549,0.6653,1,1,0,0
1,579,579,0.6308,1,1,0,0
1,609,609,0.5998,1,1,0,0
1,639,639,0.5716,1,1,0,0
1,669,669,0.546,1,1,0,0
1,699,699,0.5225,1,1,0,0
1,729,729,0.501,1,1,0,0
1,759,759,0.4812,1,1,0,0
2,28,789,0.9259,1,2,0,0
1,13,13,1.0,1,1,0,0
1,43,43,1.0,1,1,0,0
1,73,73,1.0,1,1,0,0
1,103,103,1.0,1,1,0,0
1,133,133,1.0,1,1,0,0
1,163,163,1.0,1,1,0,0
1,193,193,1.0,1,1,0,0
1,223,223,1.0,1,1,0,0
1,253,253,1.0,1,1,0,0
2,20,283,2.0,2,2,0,0
1,0,0,1.0,1,1,1,0
1,30,30,1.0,1,1,1,0
1,60,60,1.0,1,1,1,0
2,6,90,2.0,1,1,1,0
2,36,120,2.0,1,1,1,0
2,66,150,2.0,1,1,1,0
2,96,180,2.0,1,1,1,0
2,126,210,2.0,1,1,1,0
2,115,311,2.0,2,2,0,0
2,145,341,2.0,2,2,0,0
2,175,371,1.969,2,2,0,0
2,205,401,1.8217,2,2,0,0
2,235,431,1.6949,2,2,0,0
2,265,461,1.5846,2,2,0,0
2,295,491,1.4878,2,2,0,0
2,325,521,1.4021,2,2,0,0
2,355,551,1.3258,2,2,0,0
2,385,581,1.2573,2,2,0,0
2,415,611,1.1956,2,2,0,0
2,445,641,1.1396,2,2,0,0
2,475,671,1.0887,2,2,0,0
2,505,701,1.0421,2,2,0,0
2,535,731,0.9993,2,2,0,0
2,565,761,0.9599,2,2,0,0
2,595,791,0.9235,2,2,0,0
2,625,821,0.8898,2,2,0,0
2,655,851,0.8584,2,2,0,0
1,51,51,1.0,1,1,0,0
1,81,81,1.0,1,1,0,0
1,111,111,1.0,1,1,0,0
1,141,141,1.0,1,1,0,0
1,171,171,1.0,1,1,0,0
1,201,201,1.0,1,1,0,0
1,231,231,1.0,1,1,0,0
1,261,261,1.0,1,1,0,0
1,291,291,1.0,1,1,0,0
1,321,321,1.0,1,1,0,0
1,351,351,1.0,1,1,0,0
1,381,381,0.9587,1,1,0,0
1,411,411,0.8887,1,1,0,0
1,441,441,0.8282,1,1,0,0
1,471,471,0.7755,1,1,0,0
1,501,501,0.729,1,1,0,0
1,531,531,0.6879,1,1,0,0
1,561,561,0.6511,1,1,0,0
1,591,591,0.618,1,1,0,0
1,3,3,1.0,1,1,0,0
1,33,33,1.0,1,1,0,0
1,63,63,1.0,1,1,0,0
1,93,93,1.0,1,1,0,0
1,123,123,1.0,1,1,0,0
2,18,153,2.0,2,1,1,0
2,48,183,2.0,2,1,1,0
2,78,213,2.0,2,1,1,0
2,108,243,2.0,2,1,1,0
2,138,273,2.0,2,1,1,0
2,168,303,2.0,2,1,1,0
2,198,333,2.0,2,1,1,0
2,228,363,2.0,2,1,1,0
2,258,393,1.8588,2,1,1,0
2,288,423,1.727,2,1,1,0
2,318,453,1.6126,2,1,1,0
2,348,483,1.5124,2,1,1,0
2,378,513,1.424,2,1,1,0
1,15,15,1.0,1,1,0,0
1,45,45,1.0,1,1,0,0
2,22,75,2.0,2,1,1,0
2,52,105,2.0,2,1,1,0
2,82,135,2.0,2,1,1,0
2,112,165,2.0,2,1,1,0
2,142,195,2.0,2,1,1,0
2,172,225,2.0,2,1,1,0
2,202,255,2.0,2,1,1,0
2,232,285,2.0,2,1,1,0
2,262,315,2.0,2,1,1,0
2,292,345,2.0,2,1,1,0
3,5,375,2.922,2,2,1,0
3,35,405,2.7056,2,2,1,0
3,65,435,2.519,2,2,1,0
3,95,465,2.3565,2,2,1,0
3,125,495,2.2136,2,2,1,0
3,155,525,2.0871,2,2,1,0
2,160,317,2.0,2,2,0,0
2,190,347,2.0,2,2,0,0
2,220,377,1.9377,2,2,0,0
2,250,407,1.7948,2,2,0,0
2,280,437,1.6716,2,2,0,0
2,310,467,1.5642,2,2,0,0
2,340,497,1.4698,2,2,0,0
2,370,527,1.3861,2,2,0,0
2,400,557,1.3115,2,2,0,0
2,430,587,1.2445,2,2,0,0
2,460,617,1.184,2,2,0,0
2,490,647,1.1291,2,2,0,0
2,520,677,1.079,2,2,0,0
2,550,707,1.0332,2,2,0,0
2,580,737,0.9912,2,2,0,0
2,610,767,0.9524,2,2,0,0
3,4,797,1.3748,3,3,0,0
3,34,827,1.325,3,3,0,0
3,64,857,1.2786,3,3,0,0
1,17,17,1.0,1,1,1,0
1,47,47,1.0,1,1,1,0
1,77,77,1.0,1,1,1,0
1,107,107,1.0,1,1,1,0
2,18,137,2.0,2,2,1,0
2,48,167,2.0,2,2,1,0
2,78,197,2.0,2,2,1,0
2,108,227,2.0,2,2,1,0
2,138,257,2.0,2,2,1,0
2,168,287,2.0,2,2,1,0
2,198,317,2.0,2,2,1,0
3,6,347,3.0,2,3,1,0
1,283,283,1.0,1,1,1,0
1,313,313,1.0,1,1,1,0
1,343,343,1.0,1,1,1,0
1,373,373,0.9792,1,1,1,0
1,403,403,0.9063,1,1,1,0
1,433,433,0.8435,1,1,1,0
1,463,463,0.7889,1,1,1,0
1,493,493,0.7409,1,1,1,0
1,523,523,0.6984,1,1,1,0
1,553,553,0.6605,1,1,1,0
1,583,583,0.6265,1,1,1,0
1,613,613,0.5958,1,1,1,0
1,643,643,0.568,1,1,1,0
1,673,673,0.5427,1,1,1,0
1,703,703,0.5196,1,1,1,0
1,733,733,0.4983,1,1,1,0
1,763,763,0.4787,1,1,1,0
1,793,793,0.4606,1,1,1,0
1,823,823,0.4438,1,1,1,0
1,19,19,1.0,1,1,1,0
1,21,21,1.0,1,1,0,0
1,51,51,1.0,1,1,0,0
1,81,81,1.0,1,1,0,0
1,111,111,1.0,1,1,0,0
1,141,141,1.0,1,1,0,0
1,171,171,1.0,1,1,0,0
1,201,201,1.0,1,1,0,0
1,231,231,1.0,1,1,0,0
1,261,261,1.0,1,1,0,0
3,182,294,3.0,3,1,0,0
3,212,324,3.0,3,1,0,0
3,242,354,3.0,3,1,0,0
3,272,384,2.8535,3,1,0,0
3,302,414,2.6467,3,1,0,0
3,332,444,2.4679,3,1,0,0
3,362,474,2.3117,3,1,0,0
3,392,504,2.1741,3,1,0,0
3,422,534,2.052,3,1,0,0
3,452,564,1.9428,3,1,0,0
3,482,594,1.8447,3,1,0,0
3,512,624,1.756,3,1,0,0
3,542,654,1.6755,3,1,0,0
3,572,684,1.602,3,1,0,0
3,602,714,1.5347,3,1,0,0
3,632,744,1.4728,3,1,0,0
3,662,774,1.4157,3,1,0,0
3,692,804,1.3629,3,1,0,0
3,722,834,1.3138,3,1,0,0
1,7,7,1.0,1,1,0,0
1,37,37,1.0,1,1,0,0
1,67,67,1.0,1,1,0,0
1,97,97,1.0,1,1,0,0
1,127,127,1.0,1,1,0,0
1,157,157,1.0,1,1,0,0
2,24,187,2.0,2,2,0,0
2,54,217,2.0,2,2,0,0
2,84,247,2.0,2,2,0,0
2,114,277,2.0,2,2,0,0
2,144,307,2.0,2,2,0,0
2,174,337,2.0,2,2,0,0
2,204,367,1.9905,2,2,0,0
2,234,397,1.8401,2,2,0,0
2,264,427,1.7108,2,2,0,0
2,294,457,1.5985,2,2,0,0
1,25,25,1.0,1,1,0,0
2,8,55,2.0,2,2,0,0
2,38,85,2.0,2,2,0,0
2,68,115,2.0,2,2,0,0
2,98,145,2.0,2,2,0,0
2,128,175,2.0,2,2,0,0
2,158,205,2.0,2,2,0,0
2,188,235,2.0,2,2,0,0
2,218,265,2.0,2,2,0,0
2,248,295,2.0,2,2,0,0
2,278,325,2.0,2,2,0,0
2,308,355,2.0,2,2,0,0
2,338,385,1.8974,2,2,0,0
2,368,415,1.7602,2,2,0,0
1,113,113,1.0,1,1,0,0
1,143,143,1.0,1,1,0,0
2,24,173,2.0,2,2,0,0
2,54,203,2.0,2,2,0,0
3,26,233,3.0,2,2,0,0
3,56,263,3.0,2,2,0,0
3,86,293,3.0,2,2,0,0
3,116,323,3.0,2,2,0,0
3,146,353,3.0,2,2,0,0
3,176,383,2.861,2,2,0,0
3,206,413,2.6531,2,2,0,0
4,1,443,3.298,2,2,0,0
4,31,473,3.0888,2,2,0,0
4,61,503,2.9046,2,2,0,0
4,91,533,2.7411,2,2,0,0
4,121,563,2.595,2,2,0,0
4,151,593,2.4637,2,2,0,0
4,181,623,2.3451,2,2,0,0
4,211,653,2.2374,2,2,0,0
1,2,2,1.0,1,1,0,0
1,32,32,1.0,1,1,0,0
1,62,62,1.0,1,1,0,0
1,92,92,1.0,1,1,0,0
1,122,122,1.0,1,1,0,0
1,152,152,1.0,1,1,0,0
1,182,182,1.0,1,1,0,0
1,212,212,1.0,1,1,0,0
1,242,242,1.0,1,1,0,0
1,272,272,1.0,1,1,0,0
1,302,302,1.0,1,1,0,0
1,332,332,1.0,1,1,0,0
1,362,362,1.0,1,1,0,0
1,392,392,0.9318,1,1,0,0
1,422,422,0.8655,1,1,0,0
1,452,452,0.8081,1,1,0,0
1,482,482,0.7578,1,1,0,0
1,512,512,0.7134,1,1,0,0
2,75,282,2.0,2,2,0,0
3,3,312,3.0,3,2,0,0
3,33,342,3.0,3,2,0,0
3,63,372,2.9456,3,2,0,0
3,93,402,2.7257,3,2,0,0
3,123,432,2.5365,3,2,0,0
3,153,462,2.3718,3,2,0,0
3,183,492,2.2271,3,2,0,0
3,213,522,2.0991,3,2,0,0
3,243,552,1.9851,3,2,0,0
3,273,582,1.8827,3,2,0,0
3,303,612,1.7904,3,2,0,0
3,333,642,1.7068,3,2,0,0
3,363,672,1.6306,3,2,0,0
3,393,702,1.5609,3,2,0,0
3,423,732,1.4969,3,2,0,0
3,453,762,1.438,3,2,0,0
3,483,792,1.3835,3,2,0,0
3,513,822,1.333,3,2,0,0
1,145,145,1.0,1,1,0,0
1,175,175,1.0,1,1,0,0
1,205,205,1.0,1,1,0,0
1,235,235,1.0,1,1,0,0
1,265,265,1.0,1,1,0,0
1,295,295,1.0,1,1,0,0
1,325,325,1.0,1,1,0,0
1,355,355,1.0,1,1,0,0
1,385,385,0.9487,1,1,0,0
1,415,415,0.8801,1,1,0,0
1,445,445,0.8208,1,1,0,0
1,475,475,0.7689,1,1,0,0
1,505,505,0.7233,1,1,0,0
1,535,535,0.6827,1,1,0,0
1,565,565,0.6465,1,1,0,0
1,595,595,0.6139,1,1,0,0
1,625,625,0.5844,1,1,0,0
1,655,655,0.5576,1,1,0,0
1,685,685,0.5332,1,1,0,0
2,215,284,2.0,2,2,0,0
2,245,314,2.0,2,2,0,0
2,275,344,2.0,2,2,0,0
2,305,374,1.9532,2,2,0,0
2,335,404,1.8082,2,2,0,0
2,365,434,1.6832,2,2,0,0
2,395,464,1.5744,2,2,0,0
2,425,494,1.4787,2,2,0,0
2,455,524,1.3941,2,2,0,0
2,485,554,1.3186,2,2,0,0
2,515,584,1.2509,2,2,0,0
2,545,614,1.1897,2,2,0,0
2,575,644,1.1343,2,2,0,0
2,605,674,1.0838,2,2,0,0
2,635,704,1.0376,2,2,0,0
2,665,734,0.9952,2,2,0,0
2,695,764,0.9562,2,2,0,0
2,725,794,0.92,2,2,0,0
2,755,824,0.8865,2,2,0,0
1,12,12,1.0,1,1,1,0
1,42,42,1.0,1,1,1,0
1,72,72,1.0,1,1,1,0
1,73,73,1.0,1,1,0,0
1,103,103,1.0,1,1,0,0
1,133,133,1.0,1,1,0,0
1,163,163,1.0,1,1,0,0
1,193,193,1.0,1,1,0,0
2,21,223,2.0,2,2,1,0
2,51,253,2.0,2,2,1,0
2,81,283,2.0,2,2,1,0
2,111,313,2.0,2,2,1,0
3,28,343,3.0,2,3,1,0
3,58,373,2.9377,2,3,1,0
3,88,403,2.719,2,3,1,0
3,118,433,2.5306,2,3,1,0
3,148,463,2.3666,2,3,1,0
3,178,493,2.2226,2,3,1,0
3,208,523,2.0951,2,3,1,0
3,238,553,1.9815,2,3,1,0
3,268,583,1.8795,2,3,1,0
3,298,613,1.7875,2,3,1,0
1,29,29,1.0,1,1,0,0
1,59,59,1.0,1,1,0,0
1,89,89,1.0,1,1,0,0
1,119,119,1.0,1,1,0,0
1,149,149,1.0,1,1,0,0
1,179,179,1.0,1,1,0,0
1,209,209,1.0,1,1,0,0
1,239,239,1.0,1,1,0,0
1,269,269,1.0,1,1,0,0
1,299,299,1.0,1,1,0,0
1,329,329,1.0,1,1,0,0
1,359,359,1.0,1,1,0,0
1,389,389,0.9389,1,1,0,0
1,419,419,0.8717,1,1,0,0
1,449,449,0.8135,1,1,0,0
1,479,479,0.7625,1,1,0,0
1,509,509,0.7176,1,1,0,0
1,539,539,0.6776,1,1,0,0
1,272,272,1.0,1,1,0,0
1,302,302,1.0,1,1,0,0
1,332,332,1.0,1,1,0,0
1,362,362,1.0,1,1,0,0
2,20,392,1.8635,1,1,0,0
2,50,422,1.731,1,1,0,0
2,80,452,1.6162,1,1,0,0
2,110,482,1.5156,1,1,0,0
2,140,512,1.4268,1,1,0,0
2,170,542,1.3478,1,1,0,0
2,200,572,1.2771,1,1,0,0
2,230,602,1.2135,1,1,0,0
2,260,632,1.1559,1,1,0,0
2,290,662,1.1035,1,1,0,0
2,320,692,1.0556,1,1,0,0
2,350,722,1.0118,1,1,0,0
2,380,752,0.9714,1,1,0,0
2,410,782,0.9341,1,1,0,0
3,16,812,1.3494,2,1,0,0
4,3,209,4.0,3,4,1,0
4,33,239,4.0,3,4,1,0
4,63,269,4.0,3,4,1,0
4,93,299,4.0,3,4,1,0
4,123,329,4.0,3,4,1,0
5,10,359,5.0,3,4,1,0
6,8,389,5.6337,3,4,1,0
6,38,419,5.2303,3,4,1,0
6,68,449,4.8808,3,4,1,0
7,15,479,5.3377,4,4,1,0
7,45,509,5.0231,4,4,1,0
8,26,539,5.4212,4,4,1,0
8,56,569,5.1353,4,4,1,0
8,86,599,4.8781,4,4,1,0
9,23,629,5.2262,5,5,1,0
9,53,659,4.9882,5,5,1,0
10,10,689,5.3012,6,5,1,0
10,40,719,5.08,6,5,1,0
10,70,749,4.8765,6,5,1,0
1,231,231,1.0,1,1,0,0
1,261,261,1.0,1,1,0,0
1,291,291,1.0,1,1,0,0
1,321,321,1.0,1,1,0,0
1,351,351,1.0,1,1,0,0
1,381,381,0.9587,1,1,0,0
1,411,411,0.8887,1,1,0,0
1,441,441,0.8282,1,1,0,0
1,471,471,0.7755,1,1,0,0
1,501,501,0.729,1,1,0,0
1,531,531,0.6879,1,1,0,0
1,561,561,0.6511,1,1,0,0
1,591,591,0.618,1,1,0,0
1,621,621,0.5882,1,1,0,0
1,651,651,0.5611,1,1,0,0
1,681,681,0.5363,1,1,0,0
1,711,711,0.5137,1,1,0,0
1,741,741,0.4929,1,1,0,0
1,771,771,0.4737,1,1,0,0
1,15,15,1.0,1,1,0,0
1,45,45,1.0,1,1,0,0
1,75,75,1.0,1,1,0,0
2,27,105,2.0,2,1,0,0
2,57,135,2.0,2,1,0,0
2,87,165,2.0,2,1,0,0
2,117,195,2.0,2,1,0,0
2,147,225,2.0,2,1,0,0
2,177,255,2.0,2,1,0,0
2,207,285,2.0,2,1,0,0
2,237,315,2.0,2,1,0,0
3,6,345,3.0,3,1,0,0
3,36,375,2.922,3,1,0,0
3,66,405,2.7056,3,1,0,0
3,96,435,2.519,3,1,0,0
3,126,465,2.3565,3,1,0,0
3,156,495,2.2136,3,1,0,0
3,186,525,2.0871,3,1,0,0
1,19,19,1.0,1,1,0,0
1,49,49,1.0,1,1,0,0
1,79,79,1.0,1,1,0,0
1,109,109,1.0,1,1,0,0
1,139,139,1.0,1,1,0,0
1,169,169,1.0,1,1,0,0
1,199,199,1.0,1,1,0,0
1,229,229,1.0,1,1,0,0
1,259,259,1.0,1,1,0,0
1,289,289,1.0,1,1,0,0
1,319,319,1.0,1,1,0,0
1,349,349,1.0,1,1,0,0
1,379,379,0.9637,1,1,0,0
2,0,409,1.7861,2,2,0,0
2,30,439,1.664,2,2,0,0
2,60,469,1.5576,2,2,0,0
1,24,24,1.0,1,1,0,0
1,54,54,1.0,1,1,0,0
1,84,84,1.0,1,1,0,1
1,114,114,1.0,1,1,0,1
1,144,144,1.0,1,1,0,1
1,174,174,1.0,1,1,0,1
1,204,204,1.0,1,1,0,1
1,234,234,1.0,1,1,0,1
1,264,264,1.0,1,1,0,1
1,294,294,1.0,1,1,0,1
1,324,324,1.0,1,1,0,1
1,354,354,1.0,1,1,0,1
1,384,384,0.9512,1,1,0,1
1,4,4,1.0,1,1,1,0
1,34,34,1.0,1,1,1,0
1,64,64,1.0,1,1,1,0
1,94,94,1.0,1,1,1,0
1,124,124,1.0,1,1,1,0
1,154,154,1.0,1,1,1,0
2,15,184,2.0,2,2,1,0
2,45,214,2.0,2,2,1,0
2,75,244,2.0,2,2,1,0
2,103,205,2.0,2,2,0,0
2,133,235,2.0,2,2,0,0
2,163,265,2.0,2,2,0,0
2,193,295,2.0,2,2,0,0
2,223,325,2.0,2,2,0,0
2,253,355,2.0,2,2,0,0
2,283,385,1.8974,2,2,0,0
2,313,415,1.7602,2,2,0,0
2,343,445,1.6416,2,2,0,0
2,373,475,1.5379,2,2,0,0
2,403,505,1.4465,2,2,0,0
2,433,535,1.3654,2,2,0,0
2,463,565,1.2929,2,2,0,0
2,493,595,1.2277,2,2,0,0
2,523,625,1.1688,2,2,0,0
2,553,655,1.1153,2,2,0,0
2,583,685,1.0664,2,2,0,0
2,613,715,1.0217,2,2,0,0
2,643,745,0.9805,2,2,0,0
1,101,101,1.0,1,1,0,0
2,23,131,2.0,2,2,1,0
4,26,161,4.0,2,2,1,0
4,56,191,4.0,2,2,1,0
4,86,221,4.0,2,2,1,0
4,116,251,4.0,2,2,1,0
4,146,281,4.0,2,2,1,0
4,176,311,4.0,2,2,1,0
4,206,341,4.0,2,2,1,0
4,236,371,3.938,2,2,1,0
4,266,401,3.6434,2,2,1,0
4,296,431,3.3898,2,2,1,0
4,326,461,3.1692,2,2,1,0
4,356,491,2.9756,2,2,1,0
4,386,521,2.8042,2,2,1,0
4,416,551,2.6515,2,2,1,0
4,446,581,2.5146,2,2,1,0
4,476,611,2.3912,2,2,1,0
4,506,641,2.2793,2,2,1,0
1,5,5,1.0,1,1,1,0
1,35,35,1.0,1,1,1,0
1,65,65,1.0,1,1,1,0
1,95,95,1.0,1,1,1,0
1,125,125,1.0,1,1,1,0
1,155,155,1.0,1,1,1,0
1,185,185,1.0,1,1,1,0
1,215,215,1.0,1,1,1,0
1,245,245,1.0,1,1,1,0
1,275,275,1.0,1,1,1,0
1,305,305,1.0,1,1,1,0
1,335,335,1.0,1,1,1,0
1,365,365,1.0,1,1,1,0
1,395,395,0.9247,1,1,1,0
1,425,425,0.8594,1,1,1,0
1,177,177,1.0,1,1,0,0
1,207,207,1.0,1,1,0,0
1,237,237,1.0,1,1,0,0
1,267,267,1.0,1,1,0,0
1,297,297,1.0,1,1,0,0
1,327,327,1.0,1,1,0,0
1,357,357,1.0,1,1,0,0
1,387,387,0.9438,1,1,0,0
1,417,417,0.8759,1,1,0,0
1,447,447,0.8171,1,1,0,0
1,477,477,0.7657,1,1,0,0
1,507,507,0.7204,1,1,0,0
1,537,537,0.6802,1,1,0,0
1,567,567,0.6442,1,1,0,0
1,597,597,0.6118,1,1,0,0
1,627,627,0.5825,1,1,0,0
1,657,657,0.5559,1,1,0,0
1,687,687,0.5317,1,1,0,0
1,717,717,0.5094,1,1,0,0
1,5,5,1.0,1,1,0,0
1,35,35,1.0,1,1,0,0
1,65,65,1.0,1,1,0,0
1,95,95,1.0,1,1,0,0
1,125,125,1.0,1,1,0,0
1,155,155,1.0,1,1,0,0
1,185,185,1.0,1,1,0,0
1,215,215,1.0,1,1,0,0
1,245,245,1.0,1,1,0,0
1,275,275,1.0,1,1,0,0
1,305,305,1.0,1,1,0,0
1,335,335,1.0,1,1,0,0
1,365,365,1.0,1,1,0,0
1,395,395,0.9247,1,1,0,1
1,425,425,0.8594,1,1,0,1
1,9,9,1.0,1,1,0,0
1,39,39,1.0,1,1,0,0
1,69,69,1.0,1,1,0,0
1,99,99,1.0,1,1,0,0
1,129,129,1.0,1,1,0,0
1,159,159,1.0,1,1,0,0
2,6,189,2.0,2,2,0,0
2,36,219,2.0,2,2,0,0
2,66,249,2.0,2,2,0,0
2,96,279,2.0,2,2,0,0
2,126,309,2.0,2,2,0,0
2,156,339,2.0,2,2,0,0
2,186,369,1.9797,2,2,0,0
2,216,399,1.8308,2,2,0,0
2,246,429,1.7028,2,2,0,0
2,276,459,1.5915,2,2,0,0
2,306,489,1.4939,2,2,0,0
2,336,519,1.4075,2,2,0,0
1,0,0,1.0,1,1,0,0
1,30,30,1.0,1,1,0,0
1,60,60,1.0,1,1,0,0
1,90,90,1.0,1,1,0,0
1,120,120,1.0,1,1,0,0
1,150,150,1.0,1,1,0,0
1,180,180,1.0,1,1,0,0
1,210,210,1.0,1,1,0,0
1,240,240,1.0,1,1,0,0
1,270,270,1.0,1,1,0,0
1,300,300,1.0,1,1,0,0
1,330,330,1.0,1,1,0,0
1,360,360,1.0,1,1,0,0
1,390,390,0.9365,1,1,0,0
1,420,420,0.8696,1,1,0,0
2,11,450,1.6233,2,2,0,0
1,62,62,1.0,1,1,0,0
1,92,92,1.0,1,1,0,0
1,122,122,1.0,1,1,0,0
1,152,152,1.0,1,1,0,1
1,182,182,1.0,1,1,0,1
1,212,212,1.0,1,1,0,1
1,242,242,1.0,1,1,0,1
1,272,272,1.0,1,1,0,1
1,302,302,1.0,1,1,0,1
1,332,332,1.0,1,1,0,1
1,362,362,1.0,1,1,0,1
1,392,392,0.9318,1,1,0,1
1,422,422,0.8655,1,1,0,1
1,452,452,0.8081,1,1,0,1
1,482,482,0.7578,1,1,0,1
2,19,512,1.4268,2,2,1,0
3,11,542,2.0217,3,3,1,0
3,41,572,1.9156,3,3,1,0
3,71,602,1.8202,3,3,1,0
1,20,20,1.0,1,1,1,0
1,50,50,1.0,1,1,1,0
1,80,80,1.0,1,1,1,0
1,110,110,1.0,1,1,1,0
1,140,140,1.0,1,1,1,0
1,170,170,1.0,1,1,1,0
2,8,200,2.0,2,1,1,0
2,38,230,2.0,2,1,1,0
2,68,260,2.0,2,1,1,0
2,98,290,2.0,2,1,1,0
2,128,320,2.0,2,1,1,0
1,0,0,1.0,1,1,0,0
1,30,30,1.0,1,1,0,0
1,60,60,1.0,1,1,0,0
1,90,90,1.0,1,1,0,0
1,120,120,1.0,1,1,0,0
1,150,150,1.0,1,1,0,0
1,176,176,1.0,1,1,0,0
1,206,206,1.0,1,1,0,0
1,236,236,1.0,1,1,0,0
1,266,266,1.0,1,1,0,0
1,296,296,1.0,1,1,0,0
1,326,326,1.0,1,1,0,0
1,356,356,1.0,1,1,0,0
1,386,386,0.9462,1,1,0,0
1,416,416,0.878,1,1,0,0
1,446,446,0.8189,1,1,0,0
1,476,476,0.7673,1,1,0,0
1,506,506,0.7218,1,1,0,0
1,536,536,0.6814,1,1,0,0
1,566,566,0.6453,1,1,0,0
1,596,596,0.6128,1,1,0,0
2,25,626,1.1669,2,2,0,0
2,55,656,1.1136,2,2,0,0
2,85,686,1.0649,2,2,0,0
2,115,716,1.0203,2,2,0,0
4,132,246,4.0,4,4,1,0
4,162,276,4.0,4,4,1,0
4,192,306,4.0,4,4,1,0
5,12,336,5.0,4,4,1,0
5,42,366,4.9898,4,4,1,0
5,72,396,4.6117,4,4,1,0
5,102,426,4.287,4,4,1,0
6,23,456,4.8059,4,4,1,0
6,53,486,4.5093,4,4,1,0
6,83,516,4.2471,4,4,1,0
8,9,546,5.3516,4,4,1,0
9,13,576,5.707,4,4,1,0
9,43,606,5.4245,4,4,1,0
9,73,636,5.1686,4,4,1,0
9,103,666,4.9358,4,4,1,0
9,133,696,4.7231,4,4,1,0
9,163,726,4.5279,4,4,1,0
9,193,756,4.3482,4,4,1,0
10,21,786,4.6469,5,5,1,0
2,5,87,2.0,2,2,1,0
2,35,117,2.0,2,2,1,0
2,65,147,2.0,2,2,1,0
2,95,177,2.0,2,2,1,0
2,125,207,2.0,2,2,1,0
2,155,237,2.0,2,2,1,0
2,185,267,2.0,2,2,1,0
2,215,297,2.0,2,2,1,0
2,245,327,2.0,2,2,1,0
2,275,357,2.0,2,2,1,0
2,305,387,1.8876,2,2,1,0
2,335,417,1.7518,2,2,1,0
2,365,447,1.6342,2,2,1,0
2,395,477,1.5314,2,2,1,0
2,425,507,1.4408,2,2,1,0
2,455,537,1.3603,2,2,1,0
2,485,567,1.2884,2,2,1,0
2,515,597,1.2236,2,2,1,0
2,545,627,1.1651,2,2,1,0
1,51,51,1.0,1,1,0,0
1,81,81,1.0,1,1,0,0
1,111,111,1.0,1,1,0,0
1,141,141,1.0,1,1,0,0
1,171,171,1.0,1,1,0,0
1,201,201,1.0,1,1,0,0
1,231,231,1.0,1,1,0,0
1,261,261,1.0,1,1,0,0
1,291,291,1.0,1,1,0,0
1,321,321,1.0,1,1,0,0
1,351,351,1.0,1,1,0,0
1,381,381,0.9587,1,1,0,0
1,411,411,0.8887,1,1,0,0
1,441,441,0.8282,1,1,0,0
1,471,471,0.7755,1,1,0,0
1,501,501,0.729,1,1,0,0
1,531,531,0.6879,1,1,0,0
2,22,561,1.3021,2,1,0,0
2,52,591,1.236,2,1,0,0
1,52,52,1.0,1,1,0,0
1,82,82,1.0,1,1,0,0
1,112,112,1.0,1,1,0,0
1,142,142,1.0,1,1,0,0
2,20,172,2.0,1,2,0,0
2,50,202,2.0,1,2,0,0
2,80,232,2.0,1,2,0,0
2,110,262,2.0,1,2,0,0
2,140,292,2.0,1,2,0,0
2,170,322,2.0,1,2,0,0
2,200,352,2.0,1,2,0,0
2,230,382,1.9123,1,2,0,0
2,260,412,1.7731,1,2,0,0
2,290,442,1.6527,1,2,0,0
2,320,472,1.5477,1,2,0,0
2,350,502,1.4552,1,2,0,0
2,380,532,1.3731,1,2,0,0
3,1,562,1.9497,1,2,0,0
3,31,592,1.8509,1,2,0,0
1,80,80,1.0,1,1,1,0
1,110,110,1.0,1,1,1,0
1,140,140,1.0,1,1,1,0
2,22,170,2.0,1,2,1,0
2,52,200,2.0,1,2,1,0
2,82,230,2.0,1,2,1,0
3,14,260,3.0,2,2,1,0
3,44,290,3.0,2,2,1,0
3,74,320,3.0,2,2,1,0
3,104,350,3.0,2,2,1,0
3,134,380,2.8836,2,2,1,0
3,164,410,2.6726,2,2,1,0
3,194,440,2.4903,2,2,1,0
3,224,470,2.3314,2,2,1,0
4,16,500,2.922,3,3,1,1
4,46,530,2.7566,3,3,1,1
4,76,560,2.6089,3,3,1,1
4,106,590,2.4763,3,3,1,1
4,136,620,2.3565,3,3,1,1
1,230,230,1.0,1,1,0,1
2,28,260,2.0,2,2,0,0
2,58,290,2.0,2,2,0,0
2,88,320,2.0,2,2,0,0
2,118,350,2.0,2,2,0,0
2,148,380,1.9224,2,2,0,0
2,178,410,1.7817,2,2,0,0
2,208,440,1.6602,2,2,0,0
2,238,470,1.5543,2,2,0,0
2,268,500,1.461,2,2,0,0
2,298,530,1.3783,2,2,0,0
2,328,560,1.3045,2,2,0,0
2,358,590,1.2381,2,2,0,0
2,388,620,1.1782,2,2,0,0
2,418,650,1.1238,2,2,0,0
2,448,680,1.0743,2,2,0,0
3,12,710,1.5433,3,3,0,0
3,42,740,1.4807,3,3,0,0
3,72,770,1.4231,3,3,0,0
1,207,207,1.0,1,1,0,0
1,237,237,1.0,1,1,0,0
1,267,267,1.0,1,1,0,0
1,297,297,1.0,1,1,0,0
1,327,327,1.0,1,1,0,0
1,357,357,1.0,1,1,0,0
1,387,387,0.9438,1,1,0,0
1,417,417,0.8759,1,1,0,0
1,447,447,0.8171,1,1,0,0
1,477,477,0.7657,1,1,0,0
1,507,507,0.7204,1,1,0,0
1,537,537,0.6802,1,1,0,0
1,567,567,0.6442,1,1,0,0
1,597,597,0.6118,1,1,0,0
1,627,627,0.5825,1,1,0,0
1,657,657,0.5559,1,1,0,0
1,687,687,0.5317,1,1,0,0
1,717,717,0.5094,1,1,0,0
1,747,747,0.489,1,1,0,0
2,15,355,2.0,2,2,0,0
2,45,385,1.8974,2,2,0,0
2,75,415,1.7602,2,2,0,0
2,105,445,1.6416,2,2,0,0
2,135,475,1.5379,2,2,0,0
2,165,505,1.4465,2,2,0,0
2,195,535,1.3654,2,2,0,0
2,225,565,1.2929,2,2,0,0
2,255,595,1.2277,2,2,0,0
2,285,625,1.1688,2,2,0,0
2,315,655,1.1153,2,2,0,0
2,345,685,1.0664,2,2,0,0
2,375,715,1.0217,2,2,0,0
2,405,745,0.9805,2,2,0,0
2,435,775,0.9426,2,2,0,0
2,465,805,0.9075,2,2,0,0
2,495,835,0.8749,2,2,0,0
2,525,865,0.8445,2,2,0,0
2,555,895,0.8162,2,2,0,0
1,9,9,1.0,1,1,0,0
1,39,39,1.0,1,1,0,0
1,69,69,1.0,1,1,0,0
1,99,99,1.0,1,1,0,0
1,129,129,1.0,1,1,0,0
1,159,159,1.0,1,1,0,0
1,189,189,1.0,1,1,0,0
1,219,219,1.0,1,1,0,0
1,249,249,1.0,1,1,0,0
1,279,279,1.0,1,1,0,0
2,294,356,2.0,2,2,0,0
2,324,386,1.8925,2,2,0,0
2,354,416,1.756,2,2,0,0
2,384,446,1.6379,2,2,0,0
2,414,476,1.5347,2,2,0,0
2,444,506,1.4437,2,2,0,0
2,474,536,1.3629,2,2,0,0
2,504,566,1.2906,2,2,0,0
2,534,596,1.2257,2,2,0,0
2,564,626,1.1669,2,2,0,0
2,594,656,1.1136,2,2,0,0
2,624,686,1.0649,2,2,0,0
2,654,716,1.0203,2,2,0,0
2,684,746,0.9792,2,2,0,0
2,714,776,0.9414,2,2,0,0
2,744,806,0.9063,2,2,0,0
2,774,836,0.8738,2,2,0,0
2,804,866,0.8435,2,2,0,0
2,834,896,0.8153,2,2,0,0
1,14,14,1.0,1,1,0,0
1,44,44,1.0,1,1,0,0
1,17,17,1.0,1,1,0,0
1,47,47,1.0,1,1,0,0
1,77,77,1.0,1,1,0,0
1,107,107,1.0,1,1,0,0
1,137,137,1.0,1,1,0,0
1,167,167,1.0,1,1,0,0
1,197,197,1.0,1,1,0,0
1,227,227,1.0,1,1,0,0
1,257,257,1.0,1,1,0,0
1,287,287,1.0,1,1,0,0
1,317,317,1.0,1,1,0,0
1,347,347,1.0,1,1,0,0
1,377,377,0.9688,1,1,0,0
1,407,407,0.8974,1,1,0,0
1,437,437,0.8358,1,1,0,0
1,467,467,0.7821,1,1,0,0
1,497,497,0.7349,1,1,0,0
1,527,527,0.6931,1,1,0,0
1,557,557,0.6557,1,1,0,0
2,0,9,2.0,2,2,0,0
2,30,39,2.0,2,2,0,0
2,60,69,2.0,2,2,0,0
2,90,99,2.0,2,2,0,0
2,120,129,2.0,2,2,0,0
2,150,159,2.0,2,2,0,0
2,180,189,2.0,2,2,0,0
2,210,219,2.0,2,2,0,0
2,240,249,2.0,2,2,0,0
2,270,279,2.0,2,2,0,0
2,300,309,2.0,2,2,0,0
2,330,339,2.0,2,2,0,0
2,360,369,1.9797,2,2,0,0
2,390,399,1.8308,2,2,0,0
1,5,5,1.0,1,1,0,0
1,35,35,1.0,1,1,0,0
1,65,65,1.0,1,1,0,0
1,95,95,1.0,1,1,0,0
1,125,125,1.0,1,1,0,0
1,155,155,1.0,1,1,0,0
1,185,185,1.0,1,1,0,0
1,215,215,1.0,1,1,0,0
2,17,245,2.0,2,2,0,0
2,47,275,2.0,2,2,0,0
2,77,305,2.0,2,2,0,0
2,107,335,2.0,2,2,0,0
1,73,73,1.0,1,1,0,0
1,103,103,1.0,1,1,0,0
1,133,133,1.0,1,1,0,0
1,163,163,1.0,1,1,0,0
1,193,193,1.0,1,1,0,0
1,223,223,1.0,1,1,0,0
1,253,253,1.0,1,1,0,0
1,283,283,1.0,1,1,0,0
1,313,313,1.0,1,1,0,0
2,26,343,2.0,2,2,0,0
2,56,373,1.9584,2,2,0,0
3,5,403,2.719,3,2,0,0
3,35,433,2.5306,3,2,0,0
3,65,463,2.3666,3,2,0,0
3,95,493,2.2226,3,2,0,0
3,125,523,2.0951,3,2,0,0
3,155,553,1.9815,3,2,0,0
3,185,583,1.8795,3,2,0,0
3,215,613,1.7875,3,2,0,0
1,25,25,1.0,1,1,0,0
1,55,55,1.0,1,1,0,0
2,48,142,2.0,2,2,0,0
2,78,172,2.0,2,2,0,0
2,108,202,2.0,2,2,0,0
2,138,232,2.0,2,2,0,0
2,168,262,2.0,2,2,0,0
2,198,292,2.0,2,2,0,0
2,228,322,2.0,2,2,0,0
2,258,352,2.0,2,2,0,0
2,288,382,1.9123,2,2,0,0
2,318,412,1.7731,2,2,0,0
2,348,442,1.6527,2,2,0,0
2,378,472,1.5477,2,2,0,0
2,408,502,1.4552,2,2,0,0
2,438,532,1.3731,2,2,0,0
2,468,562,1.2998,2,2,0,0
2,498,592,1.234,2,2,0,0
2,528,622,1.1744,2,2,0,0
2,558,652,1.1204,2,2,0,0
2,588,682,1.0711,2,2,0,0
2,53,166,2.0,2,2,0,0
2,83,196,2.0,2,2,0,0
2,113,226,2.0,2,2,0,0
2,143,256,2.0,2,2,0,0
2,173,286,2.0,2,2,0,0
2,203,316,2.0,2,2,0,0
2,233,346,2.0,2,2,0,0
2,263,376,1.9428,2,2,0,0
2,293,406,1.7993,2,2,0,0
2,323,436,1.6755,2,2,0,0
2,353,466,1.5676,2,2,0,0
2,383,496,1.4728,2,2,0,0
2,413,526,1.3888,2,2,0,0
2,443,556,1.3138,2,2,0,0
2,473,586,1.2466,2,2,0,0
2,503,616,1.1859,2,2,0,0
2,533,646,1.1308,2,2,0,0
2,563,676,1.0806,2,2,0,0
2,593,706,1.0347,2,2,0,0
1,282,282,1.0,1,1,0,0
1,312,312,1.0,1,1,0,0
2,20,342,2.0,2,1,0,1
2,50,372,1.9637,2,1,0,1
2,80,402,1.8172,2,1,0,1
2,110,432,1.691,2,1,0,1
3,6,462,2.3718,3,2,0,1
4,17,492,2.9695,4,2,1,0
4,47,522,2.7989,4,2,1,0
4,77,552,2.6467,4,2,1,0
4,107,582,2.5103,4,2,1,0
4,137,612,2.3873,4,2,1,0
4,167,642,2.2757,4,2,1,0
4,197,672,2.1741,4,2,1,0
4,227,702,2.0812,4,2,1,0
4,257,732,1.9959,4,2,1,0
4,287,762,1.9173,4,2,1,0
4,317,792,1.8447,4,2,1,0
4,347,822,1.7774,4,2,1,0
3,52,216,3.0,3,3,0,0
3,82,246,3.0,3,3,0,0
3,112,276,3.0,3,3,0,0
3,142,306,3.0,3,3,0,0
3,172,336,3.0,3,3,0,0
3,202,366,2.9939,3,3,0,0
3,232,396,2.767,3,3,0,0
3,262,426,2.5722,3,3,0,0
3,292,456,2.403,3,3,0,0
3,322,486,2.2546,3,3,0,0
3,352,516,2.1235,3,3,0,0
3,382,546,2.0069,3,3,0,0
3,412,576,1.9023,3,3,0,0
3,442,606,1.8082,3,3,0,0
3,472,636,1.7229,3,3,0,0
3,502,666,1.6453,3,3,0,0
3,532,696,1.5744,3,3,0,0
3,562,726,1.5093,3,3,0,0
3,592,756,1.4494,3,3,0,0
1,82,82,1.0,1,1,1,0
1,112,112,1.0,1,1,1,0
1,142,142,1.0,1,1,1,0
1,172,172,1.0,1,1,1,0
1,202,202,1.0,1,1,1,0
1,232,232,1.0,1,1,1,0
1,262,262,1.0,1,1,1,0
1,292,292,1.0,1,1,1,0
1,322,322,1.0,1,1,1,0
1,352,352,1.0,1,1,1,0
1,382,382,0.9562,1,1,1,0
1,412,412,0.8865,1,1,1,0
1,442,442,0.8264,1,1,1,0
2,25,472,1.5477,2,2,1,0
3,12,502,2.1828,3,3,1,0
3,42,532,2.0597,3,3,1,0
3,72,562,1.9497,3,3,1,0
3,102,592,1.8509,3,3,1,0
3,132,622,1.7617,3,3,1,0
2,255,266,2.0,2,2,1,0
3,23,296,3.0,2,3,1,0
3,53,326,3.0,2,3,1,0
3,83,356,3.0,2,3,1,0
3,113,386,2.8387,2,3,1,0
3,143,416,2.634,2,3,1,0
3,173,446,2.4568,2,3,1,0
3,203,476,2.302,2,3,1,0
3,233,506,2.1655,2,3,1,0
3,263,536,2.0443,2,3,1,0
3,293,566,1.936,2,3,1,0
3,323,596,1.8385,2,3,1,0
3,353,626,1.7504,2,3,1,0
3,383,656,1.6704,2,3,1,0
3,413,686,1.5973,2,3,1,0
3,443,716,1.5304,2,3,1,0
3,473,746,1.4688,2,3,1,0
3,503,776,1.412,2,3,1,0
3,533,806,1.3595,2,3,1,0
1,243,243,1.0,1,1,0,0
2,2,273,2.0,2,2,0,0
2,32,303,2.0,2,2,0,0
2,62,333,2.0,2,2,0,0
2,92,363,2.0,2,2,0,0
2,122,393,1.8588,2,2,0,0
2,152,423,1.727,2,2,0,0
2,182,453,1.6126,2,2,0,0
2,212,483,1.5124,2,2,0,0
2,242,513,1.424,2,2,0,0
2,272,543,1.3453,2,2,0,0
2,302,573,1.2749,2,2,0,0
2,332,603,1.2114,2,2,0,0
2,362,633,1.154,2,2,0,0
2,392,663,1.1018,2,2,0,0
2,422,693,1.0541,2,2,0,0
2,452,723,1.0104,2,2,0,0
2,482,753,0.9701,2,2,0,0
2,512,783,0.933,2,2,0,0
3,111,240,3.0,3,2,1,0
3,141,270,3.0,3,2,1,0
3,171,300,3.0,3,2,1,0
3,201,330,3.0,3,2,1,0
3,231,360,3.0,3,2,1,0
3,261,390,2.8096,3,2,1,0
4,12,420,3.4786,3,3,1,0
4,42,450,3.2467,3,3,1,0
4,72,480,3.0438,3,3,1,0
4,102,510,2.8647,3,3,1,0
4,132,540,2.7056,3,3,1,0
4,162,570,2.5632,3,3,1,0
5,25,600,3.0438,3,3,2,0
8,1,630,4.6381,6,3,2,0
8,31,660,4.4273,6,3,2,0
10,17,690,5.2935,8,3,2,0
10,47,720,5.0729,8,3,2,0
10,77,750,4.87,8,3,2,0
11,19,780,5.151,8,4,2,0
2,61,145,2.0,2,2,0,0
2,91,175,2.0,2,2,0,0
2,121,205,2.0,2,2,0,0
2,151,235,2.0,2,2,0,0
2,181,265,2.0,2,2,0,0
3,6,295,3.0,3,2,0,0
3,36,325,3.0,3,2,0,0
3,66,355,3.0,3,2,0,0
3,96,385,2.8461,3,2,0,0
3,126,415,2.6404,3,2,0,0
3,156,445,2.4624,3,2,0,0
3,186,475,2.3068,3,2,0,0
3,216,505,2.1698,3,2,0,0
3,246,535,2.0481,3,2,0,0
3,276,565,1.9394,3,2,0,0
3,306,595,1.8416,3,2,0,0
3,336,625,1.7532,3,2,0,0
3,366,655,1.6729,3,2,0,0
3,396,685,1.5996,3,2,0,0
1,161,161,1.0,1,1,0,0
2,16,191,2.0,1,2,0,0
3,22,221,3.0,1,2,0,0
3,52,251,3.0,1,2,0,0
3,82,281,3.0,1,2,0,0
3,112,311,3.0,1,2,0,0
3,142,341,3.0,1,2,0,0
3,172,371,2.9535,1,2,0,0
3,202,401,2.7325,1,2,0,0
3,232,431,2.5423,1,2,0,0
3,262,461,2.3769,1,2,0,0
3,292,491,2.2317,1,2,0,0
3,322,521,2.1032,1,2,0,0
3,352,551,1.9887,1,2,0,0
3,382,581,1.886,1,2,0,0
3,412,611,1.7934,1,2,0,0
3,442,641,1.7094,1,2,0,0
3,472,671,1.633,1,2,0,0
3,502,701,1.5631,1,2,0,0
1,18,18,1.0,1,1,0,0
1,48,48,1.0,1,1,0,0
1,78,78,1.0,1,1,0,0
2,26,108,2.0,2,2,0,0
2,56,138,2.0,2,2,0,0
2,86,168,2.0,2,2,0,0
2,4,10,2.0,2,2,0,0
2,34,40,2.0,2,2,0,0
2,64,70,2.0,2,2,0,0
2,94,100,2.0,2,2,0,0
2,124,130,2.0,2,2,0,0
2,154,160,2.0,2,2,0,0
2,184,190,2.0,2,2,0,0
2,214,220,2.0,2,2,0,0
2,244,250,2.0,2,2,0,0
2,274,280,2.0,2,2,0,0
2,304,310,2.0,2,2,0,0
2,334,340,2.0,2,2,0,0
2,364,370,1.9743,2,2,0,0
2,394,400,1.8263,2,2,0,0
2,424,430,1.6988,2,2,0,0
2,454,460,1.588,2,2,0,0
2,484,490,1.4908,2,2,0,0
2,514,520,1.4048,2,2,0,0
2,544,550,1.3282,2,2,0,0
1,2,2,1.0,1,1,0,0
1,32,32,1.0,1,1,0,0
1,62,62,1.0,1,1,0,0
1,92,92,1.0,1,1,0,0
1,122,122,1.0,1,1,0,0
1,152,152,1.0,1,1,0,0
1,182,182,1.0,1,1,0,0
1,212,212,1.0,1,1,0,0
1,242,242,1.0,1,1,0,0
1,272,272,1.0,1,1,0,0
1,302,302,1.0,1,1,0,0
1,332,332,1.0,1,1,0,0
1,362,362,1.0,1,1,0,0
1,392,392,0.9318,1,1,0,0
1,422,422,0.8655,1,1,0,0
1,452,452,0.8081,1,1,0,0
1,482,482,0.7578,1,1,0,0
1,512,512,0.7134,1,1,0,0
1,4,4,1.0,1,1,0,0
1,34,34,1.0,1,1,0,0
1,64,64,1.0,1,1,0,0
1,94,94,1.0,1,1,0,0
1,124,124,1.0,1,1,0,0
1,154,154,1.0,1,1,0,0
1,184,184,1.0,1,1,0,0
2,15,214,2.0,2,2,0,0
2,45,244,2.0,2,2,0,0
2,75,274,2.0,2,2,0,0
2,105,304,2.0,2,2,0,0
2,135,334,2.0,2,2,0,0
2,165,364,2.0,2,2,0,0
3,15,394,2.7811,2,2,0,0
3,45,424,2.5843,2,2,0,0
3,75,454,2.4135,2,2,0,0
3,105,484,2.2639,2,2,0,0
3,135,514,2.1318,2,2,0,0
3,165,544,2.0142,2,2,0,0
1,199,199,1.0,1,1,0,0
1,229,229,1.0,1,1,0,0
1,259,259,1.0,1,1,0,0
1,289,289,1.0,1,1,0,0
1,319,319,1.0,1,1,0,0
1,349,349,1.0,1,1,0,0
1,379,379,0.9637,1,1,0,0
1,409,409,0.893,1,1,0,0
1,439,439,0.832,1,1,0,0
1,469,469,0.7788,1,1,0,0
1,499,499,0.732,1,1,0,0
1,529,529,0.6905,1,1,0,0
1,559,559,0.6534,1,1,0,0
1,589,589,0.6201,1,1,0,0
1,619,619,0.5901,1,1,0,0
1,649,649,0.5628,1,1,0,0
1,679,679,0.5379,1,1,0,0
1,709,709,0.5152,1,1,0,0
1,739,739,0.4942,1,1,0,0
1,218,218,1.0,1,1,0,1
1,248,248,1.0,1,1,0,1
1,278,278,1.0,1,1,0,1
1,308,308,1.0,1,1,0,1
1,338,338,1.0,1,1,0,1
1,368,368,0.9925,1,1,0,1
2,10,398,1.8354,2,2,0,0
2,40,428,1.7068,2,2,0,0
2,70,458,1.595,2,2,0,0
2,100,488,1.4969,2,2,0,0
2,130,518,1.4102,2,2,0,0
2,160,548,1.333,2,2,0,0
2,190,578,1.2638,2,2,0,0
2,220,608,1.2015,2,2,0,0
2,250,638,1.145,2,2,0,0
2,280,668,1.0936,2,2,0,0
2,310,698,1.0466,2,2,0,0
2,340,728,1.0034,2,2,0,0
2,370,758,0.9637,2,2,0,0
1,300,300,1.0,1,1,0,0
1,330,330,1.0,1,1,0,0
1,360,360,1.0,1,1,0,0
1,390,390,0.9365,1,1,0,0
1,420,420,0.8696,1,1,0,0
1,450,450,0.8117,1,1,0,0
1,480,480,0.7609,1,1,0,0
1,510,510,0.7162,1,1,0,0
1,540,540,0.6764,1,1,0,0
1,570,570,0.6408,1,1,0,0
1,600,600,0.6088,1,1,0,0
1,630,630,0.5798,1,1,0,0
1,660,660,0.5534,1,1,0,0
2,23,690,1.0587,1,2,0,0
2,53,720,1.0146,1,2,0,0
2,83,750,0.974,1,2,0,0
2,113,780,0.9365,1,2,0,0
2,143,810,0.9019,1,2,0,0
2,173,840,0.8696,1,2,0,0
4,69,237,4.0,2,4,1,0
4,99,267,4.0,2,4,1,0
4,129,297,4.0,2,4,1,0
4,159,327,4.0,2,4,1,0
4,189,357,4.0,2,4,1,0
4,219,387,3.7752,2,4,1,0
4,249,417,3.5036,2,4,1,0
4,279,447,3.2685,2,4,1,0
4,309,477,3.0629,2,4,1,0
4,339,507,2.8817,2,4,1,0
4,369,537,2.7207,2,4,1,0
4,399,567,2.5767,2,4,1,0
4,429,597,2.4472,2,4,1,0
4,459,627,2.3301,2,4,1,0
4,489,657,2.2237,2,4,1,0
4,519,687,2.1266,2,4,1,0
4,549,717,2.0377,2,4,1,0
5,26,747,2.4448,2,5,1,0
5,56,777,2.3504,2,5,1,0
1,27,27,1.0,1,1,0,0
1,57,57,1.0,1,1,0,0
1,87,87,1.0,1,1,0,0
1,117,117,1.0,1,1,0,0
1,147,147,1.0,1,1,0,0
1,177,177,1.0,1,1,0,0
1,207,207,1.0,1,1,0,0
1,21,21,1.0,1,1,0,0
1,51,51,1.0,1,1,0,0
1,81,81,1.0,1,1,0,0
1,111,111,1.0,1,1,0,0
1,141,141,1.0,1,1,0,0
1,171,171,1.0,1,1,0,0
1,201,201,1.0,1,1,0,0
1,231,231,1.0,1,1,0,0
1,261,261,1.0,1,1,0,0
1,291,291,1.0,1,1,0,0
1,321,321,1.0,1,1,0,0
1,351,351,1.0,1,1,0,0
1,381,381,0.9587,1,1,0,0
1,411,411,0.8887,1,1,0,0
1,441,441,0.8282,1,1,0,0
1,471,471,0.7755,1,1,0,0
1,501,501,0.729,1,1,0,0
1,290,290,1.0,1,1,0,0
1,320,320,1.0,1,1,0,0
1,350,350,1.0,1,1,0,0
2,16,380,1.9224,2,2,0,0
2,46,410,1.7817,2,2,0,0
2,76,440,1.6602,2,2,0,0
2,106,470,1.5543,2,2,0,0
2,136,500,1.461,2,2,0,0
2,166,530,1.3783,2,2,0,0
2,196,560,1.3045,2,2,0,0
2,226,590,1.2381,2,2,0,0
2,256,620,1.1782,2,2,0,0
2,286,650,1.1238,2,2,0,0
2,316,680,1.0743,2,2,0,0
2,346,710,1.0289,2,2,0,0
2,376,740,0.9872,2,2,0,0
2,406,770,0.9487,2,2,0,0
2,436,800,0.9131,2,2,0,0
2,466,830,0.8801,2,2,0,0
1,10,10,1.0,1,1,0,0
1,40,40,1.0,1,1,0,0
1,70,70,1.0,1,1,0,0
1,100,100,1.0,1,1,0,0
1,130,130,1.0,1,1,0,0
1,160,160,1.0,1,1,0,0
1,190,190,1.0,1,1,0,0
1,220,220,1.0,1,1,0,0
1,250,250,1.0,1,1,0,0
1,280,280,1.0,1,1,0,0
1,310,310,1.0,1,1,0,0
2,12,340,2.0,1,2,0,0
3,72,313,3.0,2,3,1,0
3,102,343,3.0,2,3,1,0
3,132,373,2.9377,2,3,1,0
4,13,403,3.6253,2,3,1,0
4,43,433,3.3741,2,3,1,0
4,73,463,3.1555,2,3,1,0
4,103,493,2.9635,2,3,1,0
4,133,523,2.7935,2,3,1,0
4,163,553,2.642,2,3,1,0
4,193,583,2.506,2,3,1,0
4,223,613,2.3834,2,3,1,0
4,253,643,2.2722,2,3,1,0
5,8,673,2.7136,3,3,2,0
5,38,703,2.5978,3,3,2,0
5,68,733,2.4915,3,3,2,0
5,98,763,2.3935,3,3,2,0
5,128,793,2.303,3,3,2,0
5,158,823,2.219,3,3,2,0
5,188,853,2.141,3,3,2,0
1,27,27,1.0,1,1,0,0
1,57,57,1.0,1,1,0,0
1,87,87,1.0,1,1,0,0
1,117,117,1.0,1,1,0,0
2,8,147,2.0,1,2,0,0
3,11,177,3.0,1,3,0,0
3,41,207,3.0,1,3,0,0
3,71,237,3.0,1,3,0,0
3,101,267,3.0,1,3,0,0
4,29,297,4.0,1,3,0,0
4,59,327,4.0,1,3,0,0
4,89,357,4.0,1,3,0,0
4,119,387,3.7752,1,3,0,0
4,149,417,3.5036,1,3,0,0
4,179,447,3.2685,1,3,0,0
4,209,477,3.0629,1,3,0,0
4,239,507,2.8817,1,3,0,0
4,269,537,2.7207,1,3,0,0
5,29,567,3.2209,2,3,0,0
2,47,71,2.0,2,2,0,0
2,77,101,2.0,2,2,0,0
2,107,131,2.0,2,2,0,0
2,137,161,2.0,2,2,0,0
2,167,191,2.0,2,2,0,0
2,197,221,2.0,2,2,0,0
2,227,251,2.0,2,2,0,0
2,257,281,2.0,2,2,0,0
2,287,311,2.0,2,2,0,0
2,317,341,2.0,2,2,0,0
2,347,371,1.969,2,2,0,0
2,377,401,1.8217,2,2,0,0
2,407,431,1.6949,2,2,0,0
2,437,461,1.5846,2,2,0,0
2,467,491,1.4878,2,2,0,0
2,497,521,1.4021,2,2,0,0
2,527,551,1.3258,2,2,0,0
2,557,581,1.2573,2,2,0,0
2,587,611,1.1956,2,2,0,0
1,79,79,1.0,1,1,0,0
1,109,109,1.0,1,1,0,0
1,139,139,1.0,1,1,0,0
1,169,169,1.0,1,1,0,0
1,199,199,1.0,1,1,0,0
1,229,229,1.0,1,1,0,0
1,259,259,1.0,1,1,0,0
1,289,289,1.0,1,1,0,0
1,319,319,1.0,1,1,0,0
1,349,349,1.0,1,1,0,0
2,23,379,1.9274,2,2,0,0
2,53,409,1.7861,2,2,0,0
2,83,439,1.664,2,2,0,0
2,113,469,1.5576,2,2,0,0
2,143,499,1.4639,2,2,0,0
2,173,529,1.3809,2,2,0,0
2,203,559,1.3068,2,2,0,0
2,233,589,1.2402,2,2,0,0
2,263,619,1.1801,2,2,0,0
1,7,7,1.0,1,1,0,0
1,37,37,1.0,1,1,0,0
1,67,67,1.0,1,1,0,0
1,97,97,1.0,1,1,0,0
1,127,127,1.0,1,1,0,0
1,157,157,1.0,1,1,0,0
1,187,187,1.0,1,1,0,0
1,217,217,1.0,1,1,0,0
1,247,247,1.0,1,1,0,0
1,277,277,1.0,1,1,0,0
1,307,307,1.0,1,1,0,0
1,337,337,1.0,1,1,0,0
1,367,367,0.9952,1,1,0,0
1,397,397,0.92,1,1,0,0
1,159,159,1.0,1,1,0,0
1,189,189,1.0,1,1,0,0
1,219,219,1.0,1,1,0,0
1,249,249,1.0,1,1,0,0
1,279,279,1.0,1,1,0,0
1,309,309,1.0,1,1,0,0
1,339,339,1.0,1,1,0,0
1,369,369,0.9898,1,1,0,0
2,25,399,1.8308,2,1,1,0
2,55,429,1.7028,2,1,1,0
2,85,459,1.5915,2,1,1,0
2,115,489,1.4939,2,1,1,0
2,145,519,1.4075,2,1,1,0
2,175,549,1.3306,2,1,1,0
2,205,579,1.2617,2,1,1,0
2,235,609,1.1995,2,1,1,0
2,265,639,1.1432,2,1,1,0
2,295,669,1.0919,2,1,1,0
2,325,699,1.0451,2,1,1,0
2,69,324,2.0,2,2,0,0
2,99,354,2.0,2,2,0,0
2,129,384,1.9023,2,2,0,0
2,159,414,1.7645,2,2,0,0
2,189,444,1.6453,2,2,0,0
2,219,474,1.5411,2,2,0,0
2,249,504,1.4494,2,2,0,0
2,279,534,1.368,2,2,0,0
2,309,564,1.2952,2,2,0,0
2,339,594,1.2298,2,2,0,0
2,369,624,1.1707,2,2,0,0
2,399,654,1.117,2,2,0,0
2,429,684,1.068,2,2,0,0
2,459,714,1.0231,2,2,0,0
2,489,744,0.9819,2,2,0,0
2,519,774,0.9438,2,2,0,0
2,549,804,0.9086,2,2,0,0
2,579,834,0.8759,2,2,0,0
2,609,864,0.8455,2,2,0,0
1,107,107,1.0,1,1,1,0
1,137,137,1.0,1,1,1,0
1,167,167,1.0,1,1,1,0
1,197,197,1.0,1,1,1,0
1,227,227,1.0,1,1,1,0
1,257,257,1.0,1,1,1,0
1,287,287,1.0,1,1,1,0
1,317,317,1.0,1,1,1,0
1,347,347,1.0,1,1,1,0
1,377,377,0.9688,1,1,1,0
1,407,407,0.8974,1,1,1,0
1,437,437,0.8358,1,1,1,0
1,467,467,0.7821,1,1,1,0
1,497,497,0.7349,1,1,1,0
1,527,527,0.6931,1,1,1,0
1,557,557,0.6557,1,1,1,0
2,2,587,1.2445,2,2,1,0
2,32,617,1.184,2,2,1,0
2,62,647,1.1291,2,2,1,0
1,62,62,1.0,1,1,0,0
1,92,92,1.0,1,1,0,0
1,122,122,1.0,1,1,0,0
1,152,152,1.0,1,1,0,0
1,182,182,1.0,1,1,0,0
1,212,212,1.0,1,1,0,0
1,242,242,1.0,1,1,0,0
1,272,272,1.0,1,1,0,0
1,302,302,1.0,1,1,0,0
1,332,332,1.0,1,1,0,0
1,362,362,1.0,1,1,0,0
1,392,392,0.9318,1,1,0,0
1,422,422,0.8655,1,1,0,0
1,452,452,0.8081,1,1,0,0
1,482,482,0.7578,1,1,0,0
1,512,512,0.7134,1,1,0,0
1,542,542,0.6739,1,1,0,0
1,572,572,0.6385,1,1,0,0
1,602,602,0.6067,1,1,0,0
1,29,29,1.0,1,1,0,0
1,59,59,1.0,1,1,0,0
1,89,89,1.0,1,1,0,0
1,119,119,1.0,1,1,0,0
1,149,149,1.0,1,1,0,0
1,179,179,1.0,1,1,0,0
1,52,52,1.0,1,1,0,0
1,82,82,1.0,1,1,0,0
1,112,112,1.0,1,1,0,0
1,142,142,1.0,1,1,0,0
1,172,172,1.0,1,1,0,0
1,202,202,1.0,1,1,0,0
1,232,232,1.0,1,1,0,0
1,262,262,1.0,1,1,0,0
1,292,292,1.0,1,1,0,0
1,322,322,1.0,1,1,0,0
1,352,352,1.0,1,1,0,0
1,382,382,0.9562,1,1,0,0
1,412,412,0.8865,1,1,0,0
1,442,442,0.8264,1,1,0,0
1,472,472,0.7738,1,1,0,0
1,502,502,0.7276,1,1,0,0
1,532,532,0.6866,1,1,0,0
1,562,562,0.6499,1,1,0,0
1,592,592,0.617,1,1,0,0
1,216,216,1.0,1,1,0,1
1,246,246,1.0,1,1,0,1
1,276,276,1.0,1,1,0,1
1,306,306,1.0,1,1,0,1
1,336,336,1.0,1,1,0,1
2,17,366,1.9959,2,2,0,0
2,47,396,1.8447,2,2,0,0
2,77,426,1.7148,2,2,0,0
2,107,456,1.602,2,2,0,0
2,137,486,1.5031,2,2,0,0
2,167,516,1.4157,2,2,0,0
2,197,546,1.3379,2,2,0,0
3,19,576,1.9023,3,3,0,0
3,49,606,1.8082,3,3,0,0
3,79,636,1.7229,3,3,0,0
3,109,666,1.6453,3,3,0,0
3,139,696,1.5744,3,3,0,0
3,169,726,1.5093,3,3,0,0
3,199,756,1.4494,3,3,0,0
2,29,173,2.0,2,2,0,0
2,59,203,2.0,2,2,0,0
2,89,233,2.0,2,2,0,0
2,119,263,2.0,2,2,0,0
2,149,293,2.0,2,2,0,0
2,179,323,2.0,2,2,0,0
2,209,353,2.0,2,2,0,0
2,239,383,1.9073,2,2,0,0
2,269,413,1.7688,2,2,0,0
2,299,443,1.649,2,2,0,0
2,329,473,1.5444,2,2,0,0
2,359,503,1.4523,2,2,0,0
2,389,533,1.3705,2,2,0,0
2,419,563,1.2975,2,2,0,0
2,449,593,1.2319,2,2,0,0
2,479,623,1.1726,2,2,0,0
2,509,653,1.1187,2,2,0,0
2,539,683,1.0695,2,2,0,0
2,569,713,1.0245,2,2,0,0
1,54,54,1.0,1,1,0,0
1,84,84,1.0,1,1,0,0
1,114,114,1.0,1,1,0,0
1,144,144,1.0,1,1,0,0
1,174,174,1.0,1,1,0,0
1,204,204,1.0,1,1,0,0
2,28,234,2.0,2,1,0,0
2,58,264,2.0,2,1,0,0
2,88,294,2.0,2,1,0,0
2,118,324,2.0,2,1,0,0
2,148,354,2.0,2,1,0,0
3,2,384,2.8535,3,2,0,0
3,32,414,2.6467,3,2,0,0
3,62,444,2.4679,3,2,0,0
3,92,474,2.3117,3,2,0,0
3,122,504,2.1741,3,2,0,0
3,152,534,2.052,3,2,0,0
3,182,564,1.9428,3,2,0,0
3,212,594,1.8447,3,2,0,0
1,60,60,1.0,1,1,0,0
1,90,90,1.0,1,1,0,0
1,120,120,1.0,1,1,0,0
1,150,150,1.0,1,1,0,0
1,180,180,1.0,1,1,0,0
1,210,210,1.0,1,1,0,0
1,240,240,1.0,1,1,0,0
1,270,270,1.0,1,1,0,0
1,300,300,1.0,1,1,0,0
1,330,330,1.0,1,1,0,0
1,360,360,1.0,1,1,0,0
1,390,390,0.9365,1,1,0,0
1,420,420,0.8696,1,1,0,0
1,450,450,0.8117,1,1,0,0
1,480,480,0.7609,1,1,0,0
1,510,510,0.7162,1,1,0,0
1,540,540,0.6764,1,1,0,0
1,570,570,0.6408,1,1,0,0
1,600,600,0.6088,1,1,0,0
1,63,63,1.0,1,1,0,0
1,93,93,1.0,1,1,0,0
1,123,123,1.0,1,1,0,0
1,153,153,1.0,1,1,0,0
1,183,183,1.0,1,1,0,0
1,213,213,1.0,1,1,0,0
1,243,243,1.0,1,1,0,0
1,273,273,1.0,1,1,0,0
1,303,303,1.0,1,1,0,0
1,333,333,1.0,1,1,0,0
1,363,363,1.0,1,1,0,0
1,393,393,0.9294,1,1,0,0
1,423,423,0.8635,1,1,0,0
1,453,453,0.8063,1,1,0,0
1,483,483,0.7562,1,1,0,0
1,513,513,0.712,1,1,0,0
1,543,543,0.6727,1,1,0,0
1,573,573,0.6374,1,1,0,0
1,603,603,0.6057,1,1,0,0
2,92,324,2.0,2,2,0,0
2,122,354,2.0,2,2,0,0
2,152,384,1.9023,2,2,0,0
2,182,414,1.7645,2,2,0,0
2,212,444,1.6453,2,2,0,0
2,242,474,1.5411,2,2,0,0
2,272,504,1.4494,2,2,0,0
2,302,534,1.368,2,2,0,0
2,332,564,1.2952,2,2,0,0
2,362,594,1.2298,2,2,0,0
2,392,624,1.1707,2,2,0,0
2,422,654,1.117,2,2,0,0
2,452,684,1.068,2,2,0,0
2,482,714,1.0231,2,2,0,0
2,512,744,0.9819,2,2,0,0
2,542,774,0.9438,2,2,0,0
3,14,804,1.3629,3,3,0,0
3,44,834,1.3138,3,3,0,0
3,74,864,1.2682,3,3,0,0
1,96,96,1.0,1,1,0,0
1,126,126,1.0,1,1,0,0
1,156,156,1.0,1,1,0,0
1,186,186,1.0,1,1,0,0
1,216,216,1.0,1,1,0,0
1,246,246,1.0,1,1,0,0
1,276,276,1.0,1,1,0,0
1,306,306,1.0,1,1,0,0
1,336,336,1.0,1,1,0,0
1,366,366,0.998,1,1,0,0
1,396,396,0.9223,1,1,0,0
1,426,426,0.8574,1,1,0,1
1,456,456,0.801,1,1,0,1
1,486,486,0.7515,1,1,0,1
1,516,516,0.7078,1,1,0,1
1,546,546,0.669,1,1,0,1
1,576,576,0.6341,1,1,0,1
1,606,606,0.6027,1,1,0,1
1,636,636,0.5743,1,1,0,1
1,12,12,1.0,1,1,0,0
1,42,42,1.0,1,1,0,0
1,72,72,1.0,1,1,0,0
1,102,102,1.0,1,1,0,0
1,132,132,1.0,1,1,0,0
1,162,162,1.0,1,1,0,0
1,192,192,1.0,1,1,0,0
1,222,222,1.0,1,1,0,0
1,252,252,1.0,1,1,0,0
1,282,282,1.0,1,1,0,0
1,36,36,1.0,1,1,1,0
1,66,66,1.0,1,1,1,0
1,96,96,1.0,1,1,1,0
1,126,126,1.0,1,1,1,0
1,156,156,1.0,1,1,1,0
1,186,186,1.0,1,1,1,0
1,216,216,1.0,1,1,1,0
1,246,246,1.0,1,1,1,0
1,276,276,1.0,1,1,1,0
1,306,306,1.0,1,1,1,0
1,336,336,1.0,1,1,1,0
1,366,366,0.998,1,1,1,0
1,396,396,0.9223,1,1,1,0
2,4,426,1.7148,2,1,1,0
2,34,456,1.602,2,1,1,0
2,64,486,1.5031,2,1,1,0
2,94,516,1.4157,2,1,1,0
2,124,546,1.3379,2,1,1,0
2,154,576,1.2682,2,1,1,0
1,2,2,1.0,1,1,0,0
1,32,32,1.0,1,1,0,0
1,62,62,1.0,1,1,0,0
1,92,92,1.0,1,1,0,0
1,122,122,1.0,1,1,0,0
1,152,152,1.0,1,1,0,0
1,182,182,1.0,1,1,0,0
1,212,212,1.0,1,1,0,0
1,242,242,1.0,1,1,0,0
1,272,272,1.0,1,1,0,0
1,302,302,1.0,1,1,0,0
2,5,332,2.0,1,2,0,0
2,35,362,2.0,1,2,0,0
2,65,392,1.8635,1,2,0,0
2,95,422,1.731,1,2,0,0
2,125,452,1.6162,1,2,0,0
2,155,482,1.5156,1,2,0,0
3,23,512,2.1401,1,2,1,0
2,332,356,2.0,2,2,0,0
2,362,386,1.8925,2,2,0,0
2,392,416,1.756,2,2,0,0
2,422,446,1.6379,2,2,0,0
2,452,476,1.5347,2,2,0,0
2,482,506,1.4437,2,2,0,0
2,512,536,1.3629,2,2,0,0
2,542,566,1.2906,2,2,0,0
3,22,596,1.8385,3,2,0,0
3,52,626,1.7504,3,2,0,0
3,82,656,1.6704,3,2,0,0
3,112,686,1.5973,3,2,0,0
3,142,716,1.5304,3,2,0,0
3,172,746,1.4688,3,2,0,0
3,202,776,1.412,3,2,0,0
3,232,806,1.3595,3,2,0,0
3,262,836,1.3107,3,2,0,0
3,292,866,1.2653,3,2,0,0
3,322,896,1.2229,3,2,0,0
1,82,82,1.0,1,1,1,0
1,112,112,1.0,1,1,1,0
2,3,142,2.0,2,2,2,0
2,33,172,2.0,2,2,2,0
2,63,202,2.0,2,2,2,0
2,93,232,2.0,2,2,2,0
2,123,262,2.0,2,2,2,0
2,153,292,2.0,2,2,2,0
2,183,322,2.0,2,2,2,0
2,213,352,2.0,2,2,2,0
2,243,382,1.9123,2,2,2,0
2,273,412,1.7731,2,2,2,0
2,303,442,1.6527,2,2,2,0
2,333,472,1.5477,2,2,2,0
2,363,502,1.4552,2,2,2,0
2,393,532,1.3731,2,2,2,0
2,423,562,1.2998,2,2,2,0
2,453,592,1.234,2,2,2,0
2,483,622,1.1744,2,2,2,0
1,3,3,1.0,1,1,1,0
1,33,33,1.0,1,1,1,0
1,63,63,1.0,1,1,1,0
1,93,93,1.0,1,1,1,0
1,123,123,1.0,1,1,1,0
1,153,153,1.0,1,1,1,0
1,183,183,1.0,1,1,1,0
1,213,213,1.0,1,1,1,0
1,243,243,1.0,1,1,1,0
1,273,273,1.0,1,1,1,0
1,303,303,1.0,1,1,1,0
1,333,333,1.0,1,1,1,0
1,363,363,1.0,1,1,1,0
1,393,393,0.9294,1,1,1,0
1,423,423,0.8635,1,1,1,0
1,453,453,0.8063,1,1,1,0
3,54,320,3.0,3,3,0,0
4,27,350,4.0,4,3,0,0
4,57,380,3.8447,4,3,0,0
4,87,410,3.5634,4,3,0,0
4,117,440,3.3205,4,3,0,0
4,147,470,3.1085,4,3,0,0
4,177,500,2.922,4,3,0,0
4,207,530,2.7566,4,3,0,0
4,237,560,2.6089,4,3,0,0
4,267,590,2.4763,4,3,0,0
4,297,620,2.3565,4,3,0,0
4,327,650,2.2477,4,3,0,0
4,357,680,2.1485,4,3,0,0
4,387,710,2.0577,4,3,0,0
4,417,740,1.9743,4,3,0,0
4,447,770,1.8974,4,3,0,0
4,477,800,1.8263,4,3,0,0
4,507,830,1.7602,4,3,0,0
4,537,860,1.6988,4,3,0,0
1,23,23,1.0,1,1,0,0
1,53,53,1.0,1,1,0,0
1,83,83,1.0,1,1,0,0
1,113,113,1.0,1,1,0,0
1,143,143,1.0,1,1,0,0
2,4,173,2.0,1,1,0,0
2,34,203,2.0,1,1,0,0
2,64,233,2.0,1,1,0,0
2,94,263,2.0,1,1,0,0
2,124,293,2.0,1,1,0,0
2,154,323,2.0,1,1,0,0
2,184,353,2.0,1,1,0,0
1,33,33,1.0,1,1,0,0
1,63,63,1.0,1,1,0,0
1,93,93,1.0,1,1,0,0
1,123,123,1.0,1,1,0,0
1,153,153,1.0,1,1,0,0
1,183,183,1.0,1,1,0,0
1,213,213,1.0,1,1,0,0
1,243,243,1.0,1,1,0,0
1,273,273,1.0,1,1,0,0
1,303,303,1.0,1,1,0,0
1,333,333,1.0,1,1,0,0
1,363,363,1.0,1,1,0,0
1,393,393,0.9294,1,1,0,0
1,423,423,0.8635,1,1,0,0
1,453,453,0.8063,1,1,0,0
1,483,483,0.7562,1,1,0,0
1,513,513,0.712,1,1,0,0
1,543,543,0.6727,1,1,0,0
2,0,573,1.2749,1,2,0,0
1,339,339,1.0,1,1,0,0
1,369,369,0.9898,1,1,0,0
1,399,399,0.9154,1,1,0,0
1,429,429,0.8514,1,1,0,0
1,459,459,0.7958,1,1,0,0
2,23,489,1.4939,2,2,0,0
2,53,519,1.4075,2,2,0,0
2,83,549,1.3306,2,2,0,0
2,113,579,1.2617,2,2,0,0
2,143,609,1.1995,2,2,0,0
2,173,639,1.1432,2,2,0,0
2,203,669,1.0919,2,2,0,0
2,233,699,1.0451,2,2,0,0
2,263,729,1.0021,2,2,0,0
2,293,759,0.9625,2,2,0,0
2,323,789,0.9259,2,2,0,0
2,353,819,0.8919,2,2,0,0
2,383,849,0.8604,2,2,0,0
2,413,879,0.8311,2,2,0,0
1,10,10,1.0,1,1,0,0
1,40,40,1.0,1,1,0,0
1,70,70,1.0,1,1,0,0
1,100,100,1.0,1,1,0,0
1,130,130,1.0,1,1,0,0
2,26,160,2.0,1,2,1,0
2,56,190,2.0,1,2,1,0
2,86,220,2.0,1,2,1,0
2,116,250,2.0,1,2,1,0
2,146,280,2.0,1,2,1,0
2,176,310,2.0,1,2,1,0
3,27,340,3.0,2,2,1,0
3,57,370,2.9615,2,2,1,0
3,87,400,2.7394,2,2,1,0
3,117,430,2.5483,2,2,1,0
3,147,460,2.3821,2,2,1,0
3,177,490,2.2362,2,2,1,0
3,207,520,2.1072,2,2,1,0
1,23,23,1.0,1,1,0,0
1,53,53,1.0,1,1,0,0
1,83,83,1.0,1,1,0,0
1,113,113,1.0,1,1,0,0
1,143,143,1.0,1,1,0,0
1,173,173,1.0,1,1,0,0
1,203,203,1.0,1,1,0,0
1,233,233,1.0,1,1,0,0
1,263,263,1.0,1,1,0,0
1,293,293,1.0,1,1,0,0
1,323,323,1.0,1,1,0,0
1,353,353,1.0,1,1,0,0
2,22,383,1.9073,2,2,1,0
2,52,413,1.7688,2,2,1,0
1,88,88,1.0,1,1,0,0
1,118,118,1.0,1,1,0,0
1,148,148,1.0,1,1,0,0
1,178,178,1.0,1,1,0,0
1,208,208,1.0,1,1,0,0
1,238,238,1.0,1,1,0,0
1,268,268,1.0,1,1,0,0
1,298,298,1.0,1,1,0,0
1,328,328,1.0,1,1,0,0
1,358,358,1.0,1,1,0,0
1,388,388,0.9414,1,1,0,0
1,418,418,0.8738,1,1,0,0
1,448,448,0.8153,1,1,0,0
1,478,478,0.7641,1,1,0,0
1,508,508,0.719,1,1,0,0
1,538,538,0.6789,1,1,0,0
1,568,568,0.643,1,1,0,0
1,598,598,0.6108,1,1,0,0
1,628,628,0.5816,1,1,0,0
1,51,51,1.0,1,1,0,0
1,81,81,1.0,1,1,0,0
1,111,111,1.0,1,1,0,0
1,141,141,1.0,1,1,0,0
2,16,171,2.0,2,2,0,0
2,46,201,2.0,2,2,0,0
2,76,231,2.0,2,2,0,0
2,106,261,2.0,2,2,0,0
2,136,291,2.0,2,2,0,0
2,166,321,2.0,2,2,0,0
2,196,351,2.0,2,2,0,0
2,226,381,1.9173,2,2,0,0
2,256,411,1.7774,2,2,0,0
2,286,441,1.6565,2,2,0,0
2,316,471,1.551,2,2,0,0
2,346,501,1.4581,2,2,0,0
2,376,531,1.3757,2,2,0,0
2,406,561,1.3021,2,2,0,0
2,436,591,1.236,2,2,0,0
1,88,88,1.0,1,1,1,0
1,118,118,1.0,1,1,1,0
1,148,148,1.0,1,1,1,0
1,178,178,1.0,1,1,1,0
1,208,208,1.0,1,1,1,0
1,238,238,1.0,1,1,1,0
1,268,268,1.0,1,1,1,0
1,298,298,1.0,1,1,1,0
1,328,328,1.0,1,1,1,0
1,358,358,1.0,1,1,1,0
1,388,388,0.9414,1,1,1,0
1,418,418,0.8738,1,1,1,0
1,448,448,0.8153,1,1,1,0
1,478,478,0.7641,1,1,1,0
1,508,508,0.719,1,1,1,0
1,538,538,0.6789,1,1,1,0
1,568,568,0.643,1,1,1,0
1,598,598,0.6108,1,1,1,0
1,628,628,0.5816,1,1,1,0
2,38,323,2.0,2,2,0,0
2,68,353,2.0,2,2,0,0
2,98,383,1.9073,2,2,0,0
2,128,413,1.7688,2,2,0,0
2,158,443,1.649,2,2,0,0
2,188,473,1.5444,2,2,0,0
2,218,503,1.4523,2,2,0,0
2,248,533,1.3705,2,2,0,0
2,278,563,1.2975,2,2,0,0
2,308,593,1.2319,2,2,0,0
2,338,623,1.1726,2,2,0,0
2,368,653,1.1187,2,2,0,0
3,28,683,1.6043,3,2,1,0
3,58,713,1.5368,3,2,1,0
3,88,743,1.4748,3,2,1,0
3,118,773,1.4175,3,2,1,0
3,148,803,1.3646,3,2,1,0
4,13,833,1.7539,4,3,1,0
4,43,863,1.6929,4,3,1,0
1,26,26,1.0,1,1,0,0
1,56,56,1.0,1,1,0,0
1,86,86,1.0,1,1,0,0
1,116,116,1.0,1,1,0,0
2,101,178,2.0,1,1,0,0
2,131,208,2.0,1,1,0,0
2,161,238,2.0,1,1,0,0
2,191,268,2.0,1,1,0,0
3,12,298,3.0,1,2,0,0
3,42,328,3.0,1,2,0,0
3,72,358,3.0,1,2,0,0
3,102,388,2.8241,1,2,0,0
3,132,418,2.6214,1,2,0,0
3,162,448,2.4459,1,2,0,0
3,192,478,2.2924,1,2,0,0
3,222,508,2.157,1,2,0,0
3,252,538,2.0367,1,2,0,0
3,282,568,1.9291,1,2,0,0
3,312,598,1.8324,1,2,0,0
3,342,628,1.7448,1,2,0,0
3,372,658,1.6653,1,2,0,0
3,402,688,1.5927,1,2,0,0
3,432,718,1.5261,1,2,0,0
2,159,357,2.0,2,2,0,0
2,189,387,1.8876,2,2,0,0
2,219,417,1.7518,2,2,0,0
2,249,447,1.6342,2,2,0,0
2,279,477,1.5314,2,2,0,0
2,309,507,1.4408,2,2,0,0
2,339,537,1.3603,2,2,0,0
2,369,567,1.2884,2,2,0,0
2,399,597,1.2236,2,2,0,0
2,429,627,1.1651,2,2,0,0
2,459,657,1.1119,2,2,0,0
2,489,687,1.0633,2,2,0,0
2,519,717,1.0188,2,2,0,0
3,24,747,1.4669,3,3,0,0
3,54,777,1.4102,3,3,0,0
3,84,807,1.3578,3,3,0,0
3,114,837,1.3091,3,3,0,0
3,144,867,1.2638,3,3,0,0
3,174,897,1.2216,3,3,0,0
1,58,58,1.0,1,1,0,0
1,88,88,1.0,1,1,0,0
1,118,118,1.0,1,1,0,0
1,148,148,1.0,1,1,0,0
2,19,178,2.0,2,2,0,0
2,49,208,2.0,2,2,0,0
2,79,238,2.0,2,2,0,0
2,109,268,2.0,2,2,0,0
2,139,298,2.0,2,2,0,0
2,169,328,2.0,2,2,0,0
2,199,358,2.0,2,2,0,0
2,229,388,1.8827,2,2,0,0
2,259,418,1.7476,2,2,0,0
2,289,448,1.6306,2,2,0,0
2,319,478,1.5282,2,2,0,0
2,349,508,1.438,2,2,0,0
2,379,538,1.3578,2,2,0,0
2,409,568,1.2861,2,2,0,0
2,439,598,1.2216,2,2,0,0
1,58,58,1.0,1,1,0,0
1,88,88,1.0,1,1,0,0
2,29,118,2.0,1,2,0,0
2,59,148,2.0,1,2,0,0
2,89,178,2.0,1,2,0,0
2,119,208,2.0,1,2,0,0
2,149,238,2.0,1,2,0,0
2,179,268,2.0,1,2,0,0
2,209,298,2.0,1,2,0,0
3,18,328,3.0,1,2,0,0
3,48,358,3.0,1,2,0,0
4,20,388,3.7655,2,2,1,0
4,50,418,3.4952,2,2,1,0
4,80,448,3.2612,2,2,1,0
4,110,478,3.0565,2,2,1,0
4,140,508,2.876,2,2,1,0
4,170,538,2.7156,2,2,1,0
4,200,568,2.5722,2,2,1,0
4,230,598,2.4431,2,2,1,0
2,56,214,2.0,1,1,1,0
2,86,244,2.0,1,1,1,0
2,116,274,2.0,1,1,1,0
2,146,304,2.0,1,1,1,0
2,176,334,2.0,1,1,1,0
2,206,364,2.0,1,1,1,0
3,3,394,2.7811,1,2,1,0
3,33,424,2.5843,1,2,1,0
3,63,454,2.4135,1,2,1,0
3,93,484,2.2639,1,2,1,0
3,123,514,2.1318,1,2,1,0
4,10,544,2.6857,1,2,1,0
4,40,574,2.5453,1,2,1,0
5,14,604,3.0236,1,2,1,0
5,44,634,2.8805,1,2,1,0
5,74,664,2.7504,1,2,1,0
5,104,694,2.6315,1,2,1,0
5,134,724,2.5224,1,2,1,0
5,164,754,2.4221,1,2,1,0
1,4,4,1.0,1,1,0,0
1,34,34,1.0,1,1,0,0
1,64,64,1.0,1,1,0,0
1,94,94,1.0,1,1,0,0
1,124,124,1.0,1,1,0,0
1,154,154,1.0,1,1,0,0
1,184,184,1.0,1,1,0,0
1,214,214,1.0,1,1,0,0
1,244,244,1.0,1,1,0,0
1,274,274,1.0,1,1,0,0
2,27,304,2.0,1,2,0,0
2,57,334,2.0,1,2,0,0
2,87,364,2.0,1,2,0,0
2,117,394,1.8541,1,2,0,0
2,147,424,1.7229,1,2,0,0
2,177,454,1.609,1,2,0,0
2,207,484,1.5093,1,2,0,0
2,237,514,1.4212,1,2,0,0
1,20,20,1.0,1,1,0,0
1,50,50,1.0,1,1,0,0
1,80,80,1.0,1,1,0,0
1,110,110,1.0,1,1,0,0
1,140,140,1.0,1,1,0,0
1,170,170,1.0,1,1,0,0
1,200,200,1.0,1,1,0,0
1,230,230,1.0,1,1,0,0
1,260,260,1.0,1,1,0,0
1,290,290,1.0,1,1,0,0
1,320,320,1.0,1,1,0,0
1,350,350,1.0,1,1,0,0
1,380,380,0.9612,1,1,0,0
1,410,410,0.8909,1,1,0,0
1,440,440,0.8301,1,1,0,0
1,28,28,1.0,1,1,1,0
1,58,58,1.0,1,1,1,0
1,88,88,1.0,1,1,1,0
1,118,118,1.0,1,1,1,0
1,148,148,1.0,1,1,1,0
1,178,178,1.0,1,1,1,0
1,208,208,1.0,1,1,1,0
2,16,238,2.0,2,2,1,0
2,46,268,2.0,2,2,1,0
2,76,298,2.0,2,2,1,0
2,106,328,2.0,2,2,1,0
2,136,358,2.0,2,2,1,0
1,29,29,1.0,1,1,0,0
1,59,59,1.0,1,1,0,0
2,53,223,2.0,1,2,0,0
2,83,253,2.0,1,2,0,0
2,113,283,2.0,1,2,0,0
2,143,313,2.0,1,2,0,0
2,173,343,2.0,1,2,0,0
2,203,373,1.9584,1,2,0,0
2,233,403,1.8127,1,2,0,0
2,263,433,1.6871,1,2,0,0
2,293,463,1.5778,1,2,0,0
2,323,493,1.4817,1,2,0,0
2,353,523,1.3967,1,2,0,0
2,383,553,1.321,1,2,0,0
2,413,583,1.253,1,2,0,0
3,11,613,1.7875,2,3,0,0
3,41,643,1.7041,2,3,0,0
3,71,673,1.6282,2,3,0,0
3,101,703,1.5587,2,3,0,0
3,131,733,1.4949,2,3,0,0
3,161,763,1.4361,2,3,0,0
2,87,116,2.0,2,1,0,0
2,117,146,2.0,2,1,0,0
2,147,176,2.0,2,1,0,0
2,177,206,2.0,2,1,0,0
2,207,236,2.0,2,1,0,0
2,237,266,2.0,2,1,0,0
2,267,296,2.0,2,1,0,0
2,297,326,2.0,2,1,0,0
2,327,356,2.0,2,1,0,0
2,357,386,1.8925,2,1,0,0
2,387,416,1.756,2,1,0,0
3,5,446,2.4568,3,2,0,0
3,35,476,2.302,3,2,0,0
3,65,506,2.1655,3,2,0,0
3,95,536,2.0443,3,2,0,0
3,125,566,1.936,3,2,0,0
3,155,596,1.8385,3,2,0,0
3,185,626,1.7504,3,2,0,0
3,215,656,1.6704,3,2,0,0
1,315,315,1.0,1,1,1,0
1,345,345,1.0,1,1,1,0
1,375,375,0.974,1,1,1,0
1,405,405,0.9019,1,1,1,0
1,435,435,0.8397,1,1,1,0
1,465,465,0.7855,1,1,1,0
1,495,495,0.7379,1,1,1,0
1,525,525,0.6957,1,1,1,0
1,555,555,0.6581,1,1,1,0
1,585,585,0.6244,1,1,1,0
2,11,615,1.1878,2,1,1,0
2,41,645,1.1326,2,1,1,0
2,71,675,1.0822,2,1,1,0
2,101,705,1.0362,2,1,1,0
2,131,735,0.9939,2,1,1,0
2,161,765,0.9549,2,1,1,0
2,191,795,0.9189,2,1,1,0
2,221,825,0.8855,2,1,1,0
2,251,855,0.8544,2,1,1,0
1,80,80,1.0,1,1,0,0
1,110,110,1.0,1,1,0,0
1,140,140,1.0,1,1,0,0
1,170,170,1.0,1,1,0,0
1,200,200,1.0,1,1,0,0
1,230,230,1.0,1,1,0,0
1,260,260,1.0,1,1,0,0
1,290,290,1.0,1,1,0,0
1,320,320,1.0,1,1,0,0
1,350,350,1.0,1,1,0,0
1,380,380,0.9612,1,1,0,0
1,410,410,0.8909,1,1,0,0
1,440,440,0.8301,1,1,0,0
1,470,470,0.7771,1,1,0,0
1,500,500,0.7305,1,1,0,0
1,530,530,0.6892,1,1,0,0
2,24,560,1.3045,2,1,0,0
2,54,590,1.2381,2,1,0,0
2,84,620,1.1782,2,1,0,0
3,82,351,3.0,3,2,0,0
3,112,381,2.876,3,2,0,0
3,142,411,2.6661,3,2,0,0
3,172,441,2.4847,3,2,0,0
3,202,471,2.3264,3,2,0,0
3,232,501,2.1871,3,2,0,0
3,262,531,2.0636,3,2,0,0
3,292,561,1.9532,3,2,0,0
3,322,591,1.8541,3,2,0,0
3,352,621,1.7645,3,2,0,0
4,10,651,2.2442,4,2,1,0
4,40,681,2.1454,4,2,1,0
4,70,711,2.0549,4,2,1,0
4,100,741,1.9717,4,2,1,0
4,130,771,1.8949,4,2,1,0
4,160,801,1.824,4,2,1,0
4,190,831,1.7581,4,2,1,0
4,220,861,1.6969,4,2,1,0
4,250,891,1.6397,4,2,1,0
1,5,5,1.0,1,1,0,0
1,35,35,1.0,1,1,0,0
1,65,65,1.0,1,1,0,0
1,95,95,1.0,1,1,0,0
1,125,125,1.0,1,1,0,0
1,155,155,1.0,1,1,0,0
1,185,185,1.0,1,1,0,0
1,215,215,1.0,1,1,0,0
1,20,20,1.0,1,1,0,0
1,50,50,1.0,1,1,0,0
1,80,80,1.0,1,1,0,0
1,110,110,1.0,1,1,0,0
1,298,298,1.0,1,1,0,0
1,328,328,1.0,1,1,0,0
1,358,358,1.0,1,1,0,0
1,388,388,0.9414,1,1,0,0
1,418,418,0.8738,1,1,0,0
1,448,448,0.8153,1,1,0,0
1,478,478,0.7641,1,1,0,0
1,508,508,0.719,1,1,0,0
1,538,538,0.6789,1,1,0,0
1,568,568,0.643,1,1,0,0
1,598,598,0.6108,1,1,0,0
1,628,628,0.5816,1,1,0,0
1,658,658,0.5551,1,1,0,0
1,688,688,0.5309,1,1,0,0
2,11,718,1.0174,2,2,1,0
2,41,748,0.9766,2,2,1,0
2,71,778,0.9389,2,2,1,0
2,101,808,0.9041,2,2,1,0
2,131,838,0.8717,2,2,1,0
2,224,305,2.0,2,2,1,0
2,254,335,2.0,2,2,1,0
2,284,365,2.0,2,2,1,1
2,314,395,1.8494,2,2,1,1
2,344,425,1.7188,2,2,1,1
2,374,455,1.6055,2,2,1,1
2,404,485,1.5062,2,2,1,1
2,434,515,1.4184,2,2,1,1
2,464,545,1.3404,2,2,1,1
2,494,575,1.2704,2,2,1,1
2,524,605,1.2074,2,2,1,1
2,554,635,1.1504,2,2,1,1
2,584,665,1.0985,2,2,1,1
2,614,695,1.0511,2,2,1,1
3,20,725,1.5114,2,2,1,0
3,50,755,1.4513,2,2,1,0
4,1,785,1.8611,2,3,1,0
5,9,815,2.2408,3,4,1,0
6,6,845,2.5935,4,4,1,0
2,79,109,2.0,2,1,0,0
2,109,139,2.0,2,1,0,0
2,139,169,2.0,2,1,0,0
2,169,199,2.0,2,1,0,0
2,199,229,2.0,2,1,0,0
2,229,259,2.0,2,1,0,0
2,259,289,2.0,2,1,0,0
2,289,319,2.0,2,1,0,0
2,319,349,2.0,2,1,0,0
2,349,379,1.9274,2,1,0,0
2,379,409,1.7861,2,1,0,0
2,409,439,1.664,2,1,0,0
3,23,469,2.3364,2,2,0,0
3,53,499,2.1959,2,2,0,0
3,83,529,2.0714,2,2,0,0
3,113,559,1.9602,2,2,0,0
3,143,589,1.8604,2,2,0,0
3,173,619,1.7702,2,2,0,0
4,4,649,2.2512,2,2,1,0
1,348,348,1.0,1,1,0,1
1,378,378,0.9663,1,1,0,1
1,408,408,0.8952,1,1,0,1
1,438,438,0.8339,1,1,0,1
1,468,468,0.7804,1,1,0,1
1,498,498,0.7334,1,1,0,1
2,8,528,1.3835,1,2,1,0
2,38,558,1.3091,1,2,1,0
2,68,588,1.2423,1,2,1,0
2,98,618,1.182,1,2,1,0
2,128,648,1.1273,1,2,1,0
2,158,678,1.0774,1,2,1,0
2,188,708,1.0318,1,2,1,0
2,218,738,0.9898,1,2,1,0
2,248,768,0.9512,1,2,1,0
2,278,798,0.9154,1,2,1,0
2,308,828,0.8822,1,2,1,0
2,338,858,0.8514,1,2,1,0
2,368,888,0.8226,1,2,1,0
2,122,172,2.0,2,2,0,0
2,152,202,2.0,2,2,0,0
3,5,232,3.0,2,2,0,0
3,35,262,3.0,2,2,0,0
3,65,292,3.0,2,2,0,0
3,95,322,3.0,2,2,0,0
3,125,352,3.0,2,2,0,0
3,155,382,2.8685,2,2,0,0
3,185,412,2.6596,2,2,0,0
3,215,442,2.4791,2,2,0,0
3,245,472,2.3215,2,2,0,0
3,275,502,2.1828,2,2,0,0
3,305,532,2.0597,2,2,0,0
3,335,562,1.9497,2,2,0,0
3,365,592,1.8509,2,2,0,0
3,395,622,1.7617,2,2,0,0
4,28,652,2.2408,2,3,0,0
4,58,682,2.1422,2,3,0,0
4,88,712,2.052,2,3,0,0
1,191,191,1.0,1,1,0,0
1,221,221,1.0,1,1,0,0
1,251,251,1.0,1,1,0,0
1,281,281,1.0,1,1,0,0
1,311,311,1.0,1,1,0,0
1,341,341,1.0,1,1,0,0
1,371,371,0.9845,1,1,0,0
1,401,401,0.9108,1,1,0,0
1,431,431,0.8474,1,1,0,0
1,461,461,0.7923,1,1,0,0
1,491,491,0.7439,1,1,0,0
2,12,521,1.4021,2,2,0,0
2,42,551,1.3258,2,2,0,0
2,72,581,1.2573,2,2,0,0
2,102,611,1.1956,2,2,0,0
2,132,641,1.1396,2,2,0,0
2,162,671,1.0887,2,2,0,0
2,192,701,1.0421,2,2,0,0
2,222,731,0.9993,2,2,0,0
2,40,245,2.0,2,1,0,0
2,70,275,2.0,2,1,0,0
2,100,305,2.0,2,1,0,0
2,130,335,2.0,2,1,0,0
2,160,365,2.0,2,1,0,0
2,190,395,1.8494,2,1,0,0
2,220,425,1.7188,2,1,0,0
2,250,455,1.6055,2,1,0,0
2,280,485,1.5062,2,1,0,0
2,310,515,1.4184,2,1,0,0
2,340,545,1.3404,2,1,0,0
2,370,575,1.2704,2,1,0,0
2,400,605,1.2074,2,1,0,0
2,430,635,1.1504,2,1,0,0
2,460,665,1.0985,2,1,0,0
2,490,695,1.0511,2,1,0,0
2,520,725,1.0076,2,1,0,0
2,550,755,0.9675,2,1,0,0
2,580,785,0.9306,2,1,0,0
1,101,101,1.0,1,1,1,0
1,131,131,1.0,1,1,1,0
1,161,161,1.0,1,1,1,1
1,191,191,1.0,1,1,1,1
1,221,221,1.0,1,1,1,1
1,251,251,1.0,1,1,1,1
1,281,281,1.0,1,1,1,1
1,311,311,1.0,1,1,1,1
1,341,341,1.0,1,1,1,1
1,371,371,0.9845,1,1,1,1
1,401,401,0.9108,1,1,1,1
1,431,431,0.8474,1,1,1,1
1,461,461,0.7923,1,1,1,1
1,491,491,0.7439,1,1,1,1
1,521,521,0.7011,1,1,1,1
2,26,551,1.3258,2,2,2,0
2,56,581,1.2573,2,2,2,0
2,86,611,1.1956,2,2,2,0
2,116,641,1.1396,2,2,2,0
1,218,218,1.0,1,1,0,0
1,248,248,1.0,1,1,0,0
1,278,278,1.0,1,1,0,0
1,308,308,1.0,1,1,0,0
1,338,338,1.0,1,1,0,0
1,368,368,0.9925,1,1,0,0
2,11,398,1.8354,2,2,0,0
2,41,428,1.7068,2,2,0,0
2,71,458,1.595,2,2,0,0
2,101,488,1.4969,2,2,0,0
2,131,518,1.4102,2,2,0,0
2,161,548,1.333,2,2,0,0
2,191,578,1.2638,2,2,0,0
2,221,608,1.2015,2,2,0,0
2,251,638,1.145,2,2,0,0
2,281,668,1.0936,2,2,0,0
2,311,698,1.0466,2,2,0,0
2,341,728,1.0034,2,2,0,0
2,371,758,0.9637,2,2,0,0
1,171,171,1.0,1,1,0,0
1,201,201,1.0,1,1,0,0
1,231,231,1.0,1,1,0,0
1,261,261,1.0,1,1,0,0
1,291,291,1.0,1,1,0,0
1,321,321,1.0,1,1,0,0
2,6,351,2.0,2,2,0,0
3,7,381,2.876,3,3,0,0
3,37,411,2.6661,3,3,0,0
3,67,441,2.4847,3,3,0,0
3,97,471,2.3264,3,3,0,0
3,127,501,2.1871,3,3,0,0
3,157,531,2.0636,3,3,0,0
4,4,561,2.6043,3,3,0,0
5,0,591,3.0901,4,3,0,0
5,30,621,2.9408,4,3,0,0
5,60,651,2.8053,4,3,0,0
5,90,681,2.6817,4,3,0,0
5,120,711,2.5686,4,3,0,0
6,87,349,6.0,4,4,3,0
6,117,379,5.7823,4,4,3,0
6,147,409,5.3582,4,4,3,0
6,177,439,4.992,4,4,3,0
7,8,469,5.4515,5,4,3,0
7,38,499,5.1237,5,4,3,0
7,68,529,4.8332,5,4,3,0
7,98,559,4.5738,5,4,3,0
7,128,589,4.3408,5,4,3,0
9,5,619,5.3106,5,4,3,0
9,35,649,5.0651,5,4,3,0
10,23,679,5.3792,6,4,4,0
10,53,709,5.1516,6,4,4,0
11,10,739,5.4367,6,4,4,0
11,40,769,5.2246,6,4,4,0
12,23,799,5.4856,6,4,4,0
12,53,829,5.2871,6,4,4,0
12,83,859,5.1024,6,4,4,0
12,113,889,4.9303,6,4,4,0
1,7,7,1.0,1,1,0,1
2,7,37,2.0,2,2,0,0
2,37,67,2.0,2,2,0,0
1,358,358,1.0,1,1,0,0
1,388,388,0.9414,1,1,0,0
1,418,418,0.8738,1,1,0,0
1,448,448,0.8153,1,1,0,0
1,478,478,0.7641,1,1,0,0
1,508,508,0.719,1,1,0,0
1,538,538,0.6789,1,1,0,0
1,568,568,0.643,1,1,0,0
1,598,598,0.6108,1,1,0,0
1,628,628,0.5816,1,1,0,0
1,658,658,0.5551,1,1,0,0
1,688,688,0.5309,1,1,0,0
2,15,718,1.0174,2,2,0,0
2,45,748,0.9766,2,2,0,0
2,75,778,0.9389,2,2,0,0
2,105,808,0.9041,2,2,0,0
2,135,838,0.8717,2,2,0,0
2,165,868,0.8416,2,2,0,0
2,195,898,0.8135,2,2,0,0
1,100,100,1.0,1,1,0,0
1,130,130,1.0,1,1,0,0
2,17,160,2.0,1,1,0,0
2,47,190,2.0,1,1,0,0
3,3,220,3.0,2,2,0,0
3,33,250,3.0,2,2,0,0
3,63,280,3.0,2,2,0,0
3,93,310,3.0,2,2,0,0
3,123,340,3.0,2,2,0,0
3,153,370,2.9615,2,2,0,0
3,183,400,2.7394,2,2,0,0
4,7,430,3.3977,2,2,0,0
4,37,460,3.1761,2,2,0,0
4,67,490,2.9816,2,2,0,0
4,97,520,2.8096,2,2,0,0
4,127,550,2.6564,2,2,0,0
4,157,580,2.519,2,2,0,0
4,187,610,2.3951,2,2,0,0
4,217,640,2.2828,2,2,0,0
1,289,289,1.0,1,1,0,0
1,319,319,1.0,1,1,0,0
1,349,349,1.0,1,1,0,0
1,379,379,0.9637,1,1,0,0
1,409,409,0.893,1,1,0,0
1,439,439,0.832,1,1,0,0
1,469,469,0.7788,1,1,0,0
1,499,499,0.732,1,1,0,0
2,18,529,1.3809,1,1,0,0
2,48,559,1.3068,1,1,0,0
2,78,589,1.2402,1,1,0,0
2,108,619,1.1801,1,1,0,0
2,138,649,1.1256,1,1,0,0
2,168,679,1.0758,1,1,0,0
2,198,709,1.0303,1,1,0,0
2,228,739,0.9885,1,1,0,0
2,258,769,0.9499,1,1,0,0
2,288,799,0.9143,1,1,0,0
2,318,829,0.8812,1,1,0,0
1,5,5,1.0,1,1,0,0
1,35,35,1.0,1,1,0,0
1,65,65,1.0,1,1,0,0
1,95,95,1.0,1,1,0,0
1,125,125,1.0,1,1,0,0
2,0,155,2.0,2,2,0,0
3,0,185,3.0,2,2,0,0
3,30,215,3.0,2,2,0,0
3,60,245,3.0,2,2,0,0
3,90,275,3.0,2,2,0,0
3,120,305,3.0,2,2,0,0
3,150,335,3.0,2,2,0,0
3,180,365,3.0,2,2,0,1
3,210,395,2.7741,2,2,0,1
3,240,425,2.5782,2,2,0,1
3,270,455,2.4082,2,2,0,1
3,300,485,2.2593,2,2,0,1
1,81,81,1.0,1,1,0,0
1,111,111,1.0,1,1,0,0
1,141,141,1.0,1,1,0,0
1,171,171,1.0,1,1,0,0
1,201,201,1.0,1,1,0,0
1,231,231,1.0,1,1,0,0
1,261,261,1.0,1,1,0,0
1,291,291,1.0,1,1,0,0
1,321,321,1.0,1,1,0,0
1,351,351,1.0,1,1,0,0
1,381,381,0.9587,1,1,0,0
1,411,411,0.8887,1,1,0,0
1,441,441,0.8282,1,1,0,0
1,471,471,0.7755,1,1,0,0
1,501,501,0.729,1,1,0,0
1,531,531,0.6879,1,1,0,0
1,561,561,0.6511,1,1,0,0
1,591,591,0.618,1,1,0,0
1,621,621,0.5882,1,1,0,0
2,45,268,2.0,2,2,0,0
2,75,298,2.0,2,2,0,0
2,105,328,2.0,2,2,0,0
2,135,358,2.0,2,2,0,0
2,165,388,1.8827,2,2,0,0
2,195,418,1.7476,2,2,0,0
2,225,448,1.6306,2,2,0,0
2,255,478,1.5282,2,2,0,0
2,285,508,1.438,2,2,0,0
2,315,538,1.3578,2,2,0,0
2,345,568,1.2861,2,2,0,0
2,375,598,1.2216,2,2,0,0
2,405,628,1.1632,2,2,0,0
3,0,658,1.6653,3,2,0,1
3,30,688,1.5927,3,2,0,1
3,60,718,1.5261,3,2,0,1
3,90,748,1.4649,3,2,0,1
3,120,778,1.4084,3,2,0,1
3,150,808,1.3561,3,2,0,1
2,204,345,2.0,2,2,0,0
2,234,375,1.948,2,2,0,0
2,264,405,1.8037,2,2,0,0
2,294,435,1.6793,2,2,0,0
2,324,465,1.571,2,2,0,0
2,354,495,1.4758,2,2,0,0
2,384,525,1.3914,2,2,0,0
2,414,555,1.3162,2,2,0,0
2,444,585,1.2487,2,2,0,0
2,474,615,1.1878,2,2,0,0
2,504,645,1.1326,2,2,0,0
2,534,675,1.0822,2,2,0,0
2,564,705,1.0362,2,2,0,0
2,594,735,0.9939,2,2,0,0
2,624,765,0.9549,2,2,0,0
2,654,795,0.9189,2,2,0,0
2,684,825,0.8855,2,2,0,0
2,714,855,0.8544,2,2,0,0
2,744,885,0.8254,2,2,0,0
1,28,28,1.0,1,1,0,0
1,58,58,1.0,1,1,0,0
1,88,88,1.0,1,1,0,0
1,118,118,1.0,1,1,0,0
1,148,148,1.0,1,1,0,0
1,178,178,1.0,1,1,0,0
1,208,208,1.0,1,1,0,0
1,238,238,1.0,1,1,0,0
1,268,268,1.0,1,1,0,0
1,298,298,1.0,1,1,0,0
1,328,328,1.0,1,1,0,0
1,358,358,1.0,1,1,0,0
1,388,388,0.9414,1,1,0,0
1,418,418,0.8738,1,1,0,0
2,14,448,1.6306,2,2,0,0
2,44,478,1.5282,2,2,0,0
2,74,508,1.438,2,2,0,0
3,53,134,3.0,2,1,0,0
3,83,164,3.0,2,1,0,0
3,113,194,3.0,2,1,0,0
3,143,224,3.0,2,1,0,0
3,173,254,3.0,2,1,0,0
3,203,284,3.0,2,1,0,0
3,233,314,3.0,2,1,0,0
3,263,344,3.0,2,1,0,0
3,293,374,2.9298,2,1,0,0
3,323,404,2.7123,2,1,0,0
3,353,434,2.5248,2,1,0,0
3,383,464,2.3615,2,1,0,0
4,19,494,2.9575,3,2,0,0
4,49,524,2.7882,3,2,0,0
5,12,554,3.2965,4,3,0,0
5,42,584,3.1271,4,3,0,0
5,72,614,2.9743,4,3,0,0
5,102,644,2.8358,4,3,0,0
5,132,674,2.7096,4,3,0,0
1,26,26,1.0,1,1,0,0
1,56,56,1.0,1,1,0,0
1,86,86,1.0,1,1,0,0
1,116,116,1.0,1,1,0,0
1,146,146,1.0,1,1,0,0
1,176,176,1.0,1,1,0,0
1,206,206,1.0,1,1,0,0
1,236,236,1.0,1,1,0,0
1,266,266,1.0,1,1,0,0
1,296,296,1.0,1,1,0,0
1,326,326,1.0,1,1,0,0
2,48,236,2.0,1,2,0,0
2,78,266,2.0,1,2,0,0
2,108,296,2.0,1,2,0,0
2,138,326,2.0,1,2,0,0
2,168,356,2.0,1,2,0,0
2,198,386,1.8925,1,2,0,0
2,228,416,1.756,1,2,0,0
2,258,446,1.6379,1,2,0,0
2,288,476,1.5347,1,2,0,0
2,318,506,1.4437,1,2,0,0
2,348,536,1.3629,1,2,0,0
3,7,566,1.936,2,3,0,1
3,37,596,1.8385,2,3,0,1
4,9,626,2.3339,2,4,1,0
4,39,656,2.2271,2,4,1,0
4,69,686,2.1297,2,4,1,0
4,99,716,2.0405,2,4,1,0
4,129,746,1.9584,2,4,1,0
4,159,776,1.8827,2,4,1,0
1,25,25,1.0,1,1,0,0
1,55,55,1.0,1,1,0,0
1,85,85,1.0,1,1,0,0
1,115,115,1.0,1,1,0,0
1,145,145,1.0,1,1,0,0
1,175,175,1.0,1,1,0,0
1,205,205,1.0,1,1,0,0
1,235,235,1.0,1,1,0,0
1,265,265,1.0,1,1,0,0
1,295,295,1.0,1,1,0,0
1,325,325,1.0,1,1,0,0
1,355,355,1.0,1,1,0,0
1,385,385,0.9487,1,1,0,0
1,415,415,0.8801,1,1,0,0
1,445,445,0.8208,1,1,0,0
1,475,475,0.7689,1,1,0,0
2,22,505,1.4465,2,2,0,0
2,52,535,1.3654,2,2,0,0
2,86,359,2.0,2,2,0,0
2,116,389,1.8779,2,2,0,0
2,146,419,1.7434,2,2,0,0
2,176,449,1.6269,2,2,0,0
2,206,479,1.5251,2,2,0,0
2,236,509,1.4352,2,2,0,0
2,266,539,1.3553,2,2,0,0
2,296,569,1.2838,2,2,0,0
2,326,599,1.2195,2,2,0,0
2,356,629,1.1614,2,2,0,0
2,386,659,1.1085,2,2,0,0
2,416,689,1.0602,2,2,0,0
3,2,719,1.524,3,3,0,0
3,32,749,1.463,3,3,0,0
3,62,779,1.4066,3,3,0,0
3,92,809,1.3544,3,3,0,0
3,122,839,1.306,3,3,0,0
3,152,869,1.2609,3,3,0,0
3,182,899,1.2189,3,3,0,0
2,11,64,2.0,1,2,0,0
3,7,94,3.0,1,2,0,0
3,37,124,3.0,1,2,0,0
3,67,154,3.0,1,2,0,0
3,97,184,3.0,1,2,0,0
3,127,214,3.0,1,2,0,0
3,157,244,3.0,1,2,0,0
3,187,274,3.0,1,2,0,0
3,217,304,3.0,1,2,0,0
3,247,334,3.0,1,2,0,0
3,277,364,3.0,1,2,0,0
3,307,394,2.7811,1,2,0,0
3,337,424,2.5843,1,2,0,0
3,367,454,2.4135,1,2,0,0
3,397,484,2.2639,1,2,0,0
3,427,514,2.1318,1,2,0,0
3,457,544,2.0142,1,2,0,0
3,487,574,1.909,1,2,0,0
4,22,604,2.4189,2,2,0,0
3,107,217,3.0,2,2,1,0
3,137,247,3.0,2,2,1,0
3,167,277,3.0,2,2,1,0
3,197,307,3.0,2,2,1,0
3,227,337,3.0,2,2,1,0
3,257,367,2.9857,2,2,1,0
3,287,397,2.7601,2,2,1,0
3,317,427,2.5662,2,2,1,0
3,347,457,2.3977,2,2,1,0
3,377,487,2.25,2,2,1,0
3,407,517,2.1194,2,2,1,0
3,437,547,2.0032,2,2,1,0
3,467,577,1.899,2,2,1,0
3,497,607,1.8052,2,2,1,0
3,527,637,1.7202,2,2,1,0
3,557,667,1.6428,2,2,1,0
3,587,697,1.5721,2,2,1,0
3,617,727,1.5072,2,2,1,0
3,647,757,1.4475,2,2,1,0
2,3,29,2.0,2,2,0,0
2,33,59,2.0,2,2,0,0
2,63,89,2.0,2,2,0,0
2,93,119,2.0,2,2,0,0
2,123,149,2.0,2,2,0,0
2,153,179,2.0,2,2,0,0
2,183,209,2.0,2,2,0,0
2,213,239,2.0,2,2,0,0
2,243,269,2.0,2,2,0,0
2,273,299,2.0,2,2,0,0
1,59,59,1.0,1,1,0,0
1,89,89,1.0,1,1,0,0
1,119,119,1.0,1,1,0,0
1,149,149,1.0,1,1,0,0
1,179,179,1.0,1,1,0,0
1,209,209,1.0,1,1,0,0
1,239,239,1.0,1,1,0,0
1,269,269,1.0,1,1,0,0
1,299,299,1.0,1,1,0,0
1,329,329,1.0,1,1,0,0
2,17,359,2.0,2,2,0,0
2,47,389,1.8779,2,2,0,0
2,77,419,1.7434,2,2,0,0
2,107,449,1.6269,2,2,0,0
2,137,479,1.5251,2,2,0,0
2,167,509,1.4352,2,2,0,0
2,197,539,1.3553,2,2,0,0
2,227,569,1.2838,2,2,0,0
2,257,599,1.2195,2,2,0,0
3,39,357,3.0,3,2,0,0
3,69,387,2.8314,3,2,0,0
3,99,417,2.6277,3,2,0,0
3,129,447,2.4513,3,2,0,0
3,159,477,2.2972,3,2,0,0
3,189,507,2.1612,3,2,0,0
3,219,537,2.0405,3,2,0,0
3,249,567,1.9325,3,2,0,0
3,279,597,1.8354,3,2,0,0
3,309,627,1.7476,3,2,0,0
4,17,657,2.2237,4,2,0,0
4,47,687,2.1266,4,2,0,0
4,77,717,2.0377,4,2,0,0
5,5,747,2.4448,4,3,1,0
5,35,777,2.3504,4,3,1,0
5,65,807,2.263,4,3,1,0
7,3,837,3.0547,5,5,1,0
7,33,867,2.949,5,5,1,0
7,63,897,2.8503,5,5,1,0
1,222,222,1.0,1,1,0,0
1,252,252,1.0,1,1,0,0
1,282,282,1.0,1,1,0,0
1,312,312,1.0,1,1,0,0
1,342,342,1.0,1,1,0,0
1,372,372,0.9819,1,1,0,0
1,402,402,0.9086,1,1,0,0
1,432,432,0.8455,1,1,0,0
1,462,462,0.7906,1,1,0,0
1,492,492,0.7424,1,1,0,0
1,522,522,0.6997,1,1,0,0
1,552,552,0.6617,1,1,0,0
1,582,582,0.6276,1,1,0,0
1,612,612,0.5968,1,1,0,0
1,642,642,0.5689,1,1,0,0
1,672,672,0.5435,1,1,0,0
1,702,702,0.5203,1,1,0,0
1,732,732,0.499,1,1,0,0
1,762,762,0.4793,1,1,0,0
1,2,2,1.0,1,1,0,0
1,32,32,1.0,1,1,0,0
1,62,62,1.0,1,1,0,0
2,13,92,2.0,2,2,0,0
2,43,122,2.0,2,2,0,0
2,73,152,2.0,2,2,0,0
2,103,182,2.0,2,2,0,0
2,133,212,2.0,2,2,0,0
2,163,242,2.0,2,2,0,0
2,193,272,2.0,2,2,0,0
3,3,302,3.0,3,3,0,0
3,33,332,3.0,3,3,0,0
3,63,362,3.0,3,3,0,0
1,170,170,1.0,1,1,1,0
1,200,200,1.0,1,1,1,0
1,230,230,1.0,1,1,1,0
1,260,260,1.0,1,1,1,0
1,290,290,1.0,1,1,1,0
1,320,320,1.0,1,1,1,0
1,350,350,1.0,1,1,1,0
1,380,380,0.9612,1,1,1,0
1,410,410,0.8909,1,1,1,0
1,440,440,0.8301,1,1,1,0
1,470,470,0.7771,1,1,1,0
1,500,500,0.7305,1,1,1,0
1,530,530,0.6892,1,1,1,0
1,560,560,0.6522,1,1,1,0
1,590,590,0.6191,1,1,1,0
1,620,620,0.5891,1,1,1,0
1,650,650,0.5619,1,1,1,0
1,680,680,0.5371,1,1,1,0
1,710,710,0.5144,1,1,1,0
1,92,92,1.0,1,1,0,0
1,122,122,1.0,1,1,0,0
1,152,152,1.0,1,1,0,0
1,182,182,1.0,1,1,0,0
1,212,212,1.0,1,1,0,0
1,242,242,1.0,1,1,0,0
1,272,272,1.0,1,1,0,0
1,302,302,1.0,1,1,0,0
1,332,332,1.0,1,1,0,0
1,362,362,1.0,1,1,0,0
1,392,392,0.9318,1,1,0,0
1,422,422,0.8655,1,1,0,0
1,452,452,0.8081,1,1,0,0
1,482,482,0.7578,1,1,0,0
1,512,512,0.7134,1,1,0,0
1,542,542,0.6739,1,1,0,0
1,572,572,0.6385,1,1,0,0
1,602,602,0.6067,1,1,0,0
1,632,632,0.5779,1,1,0,0
1,147,147,1.0,1,1,1,0
1,177,177,1.0,1,1,1,0
1,207,207,1.0,1,1,1,0
1,237,237,1.0,1,1,1,0
1,267,267,1.0,1,1,1,0
1,297,297,1.0,1,1,1,0
1,327,327,1.0,1,1,1,0
2,3,357,2.0,1,2,1,0
2,33,387,1.8876,1,2,1,0
2,63,417,1.7518,1,2,1,0
2,93,447,1.6342,1,2,1,0
2,123,477,1.5314,1,2,1,0
2,153,507,1.4408,1,2,1,0
2,183,537,1.3603,1,2,1,0
2,213,567,1.2884,1,2,1,0
2,243,597,1.2236,1,2,1,0
2,273,627,1.1651,1,2,1,0
2,303,657,1.1119,1,2,1,0
2,333,687,1.0633,1,2,1,0
1,11,11,1.0,1,1,0,0
1,41,41,1.0,1,1,0,0
1,71,71,1.0,1,1,0,0
1,101,101,1.0,1,1,0,0
2,12,131,2.0,1,1,0,0
2,42,161,2.0,1,1,0,0
2,72,191,2.0,1,1,0,0
1,18,18,1.0,1,1,0,0
1,48,48,1.0,1,1,0,0
1,78,78,1.0,1,1,0,0
1,108,108,1.0,1,1,0,0
1,138,138,1.0,1,1,0,0
1,168,168,1.0,1,1,0,0
1,198,198,1.0,1,1,0,0
1,228,228,1.0,1,1,0,0
1,258,258,1.0,1,1,0,0
1,288,288,1.0,1,1,0,0
1,318,318,1.0,1,1,0,0
1,348,348,1.0,1,1,0,0
1,378,378,0.9663,1,1,0,0
1,26,26,1.0,1,1,0,0
1,56,56,1.0,1,1,0,0
1,86,86,1.0,1,1,0,0
1,116,116,1.0,1,1,0,0
1,146,146,1.0,1,1,0,0
1,176,176,1.0,1,1,0,0
1,206,206,1.0,1,1,0,0
1,236,236,1.0,1,1,0,0
1,266,266,1.0,1,1,0,0
1,296,296,1.0,1,1,0,1
1,326,326,1.0,1,1,0,1
2,267,306,2.0,2,2,1,0
2,297,336,2.0,2,2,1,0
2,327,366,1.9959,2,2,1,0
2,357,396,1.8447,2,2,1,0
2,387,426,1.7148,2,2,1,0
2,417,456,1.602,2,2,1,0
2,447,486,1.5031,2,2,1,0
2,477,516,1.4157,2,2,1,0
2,507,546,1.3379,2,2,1,0
2,537,576,1.2682,2,2,1,0
2,567,606,1.2054,2,2,1,0
2,597,636,1.1486,2,2,1,0
2,627,666,1.0968,2,2,1,0
2,657,696,1.0496,2,2,1,0
2,687,726,1.0062,2,2,1,0
2,717,756,0.9663,2,2,1,0
2,747,786,0.9294,2,2,1,0
2,777,816,0.8952,2,2,1,0
2,807,846,0.8635,2,2,1,0
1,166,166,1.0,1,1,0,0
1,196,196,1.0,1,1,0,0
1,226,226,1.0,1,1,0,0
1,256,256,1.0,1,1,0,0
1,286,286,1.0,1,1,0,0
1,316,316,1.0,1,1,0,0
1,346,346,1.0,1,1,0,0
1,376,376,0.9714,1,1,0,0
1,406,406,0.8996,1,1,0,0
1,436,436,0.8377,1,1,0,0
1,466,466,0.7838,1,1,0,0
1,496,496,0.7364,1,1,0,0
1,526,526,0.6944,1,1,0,0
1,556,556,0.6569,1,1,0,0
1,586,586,0.6233,1,1,0,0
1,616,616,0.5929,1,1,0,0
1,646,646,0.5654,1,1,0,0
1,676,676,0.5403,1,1,0,0
1,706,706,0.5174,1,1,0,0
1,226,226,1.0,1,1,0,0
1,256,256,1.0,1,1,0,0
2,6,286,2.0,2,2,0,0
2,36,316,2.0,2,2,0,0
2,66,346,2.0,2,2,0,0
2,96,376,1.9428,2,2,0,0
2,126,406,1.7993,2,2,0,0
2,156,436,1.6755,2,2,0,0
2,186,466,1.5676,2,2,0,0
2,216,496,1.4728,2,2,0,0
3,22,526,2.0832,3,2,0,0
3,52,556,1.9708,3,2,0,0
4,28,586,2.4932,3,2,0,0
4,58,616,2.3718,3,2,0,0
4,88,646,2.2616,3,2,0,0
4,118,676,2.1612,3,2,0,0
5,8,706,2.5868,3,2,0,0
5,38,736,2.4813,3,2,0,0
5,68,766,2.3841,3,2,0,0
1,20,20,1.0,1,1,0,0
1,50,50,1.0,1,1,0,0
1,80,80,1.0,1,1,0,0
1,110,110,1.0,1,1,0,0
1,140,140,1.0,1,1,0,0
1,170,170,1.0,1,1,0,0
1,200,200,1.0,1,1,0,0
1,230,230,1.0,1,1,0,0
1,260,260,1.0,1,1,0,0
1,290,290,1.0,1,1,0,0
1,320,320,1.0,1,1,0,0
2,10,350,2.0,2,2,0,0
2,40,380,1.9224,2,2,0,0
2,70,410,1.7817,2,2,0,0
2,100,440,1.6602,2,2,0,0
2,130,470,1.5543,2,2,0,0
2,160,500,1.461,2,2,0,0
2,190,530,1.3783,2,2,0,0
3,28,560,1.9567,2,3,0,0
1,291,291,1.0,1,1,0,0
1,321,321,1.0,1,1,0,0
1,351,351,1.0,1,1,0,0
1,381,381,0.9587,1,1,0,0
1,411,411,0.8887,1,1,0,0
1,441,441,0.8282,1,1,0,0
1,471,471,0.7755,1,1,0,0
1,501,501,0.729,1,1,0,0
1,531,531,0.6879,1,1,0,0
1,561,561,0.6511,1,1,0,0
1,591,591,0.618,1,1,0,0
1,621,621,0.5882,1,1,0,0
1,651,651,0.5611,1,1,0,0
1,681,681,0.5363,1,1,0,0
1,711,711,0.5137,1,1,0,0
1,741,741,0.4929,1,1,0,0
1,771,771,0.4737,1,1,0,0
1,801,801,0.456,1,1,0,0
2,26,831,0.8791,2,2,0,0
1,5,5,1.0,1,1,0,0
1,35,35,1.0,1,1,0,0
1,65,65,1.0,1,1,0,0
1,95,95,1.0,1,1,0,0
1,125,125,1.0,1,1,0,0
1,155,155,1.0,1,1,0,0
1,185,185,1.0,1,1,0,0
1,215,215,1.0,1,1,0,0
1,245,245,1.0,1,1,0,0
1,275,275,1.0,1,1,0,0
1,305,305,1.0,1,1,0,0
1,335,335,1.0,1,1,0,0
1,365,365,1.0,1,1,0,0
1,86,86,1.0,1,1,0,0
1,116,116,1.0,1,1,0,0
2,10,146,2.0,1,1,0,0
2,40,176,2.0,1,1,0,0
2,70,206,2.0,1,1,0,0
2,100,236,2.0,1,1,0,0
2,130,266,2.0,1,1,0,0
2,160,296,2.0,1,1,0,0
2,190,326,2.0,1,1,0,0
2,220,356,2.0,1,1,0,0
2,250,386,1.8925,1,1,0,0
2,280,416,1.756,1,1,0,0
2,310,446,1.6379,1,1,0,0
2,340,476,1.5347,1,1,0,0
2,370,506,1.4437,1,1,0,0
2,400,536,1.3629,1,1,0,0
2,430,566,1.2906,1,1,0,0
3,7,596,1.8385,1,2,0,0
3,37,626,1.7504,1,2,0,0
3,41,275,3.0,1,3,0,0
3,71,305,3.0,1,3,0,0
3,101,335,3.0,1,3,0,0
4,24,365,4.0,2,3,0,0
4,54,395,3.6987,2,3,0,0
4,84,425,3.4376,2,3,0,0
4,114,455,3.211,2,3,0,0
4,144,485,3.0124,2,3,0,0
4,174,515,2.8369,2,3,0,0
5,18,545,3.3509,3,3,0,0
5,48,575,3.1761,3,3,0,0
5,78,605,3.0186,3,3,0,0
5,108,635,2.876,3,3,0,0
5,138,665,2.7462,3,3,0,0
5,168,695,2.6277,3,3,0,0
5,198,725,2.519,3,3,0,0
5,228,755,2.4189,3,3,0,0
5,258,785,2.3264,3,3,0,0
5,288,815,2.2408,3,3,0,0
1,26,26,1.0,1,1,0,0
1,56,56,1.0,1,1,0,0
1,86,86,1.0,1,1,0,0
1,116,116,1.0,1,1,0,0
1,146,146,1.0,1,1,0,0
1,176,176,1.0,1,1,0,0
1,206,206,1.0,1,1,0,0
1,236,236,1.0,1,1,0,0
1,266,266,1.0,1,1,0,0
1,296,296,1.0,1,1,0,0
1,326,326,1.0,1,1,0,0
1,356,356,1.0,1,1,0,0
1,386,386,0.9462,1,1,0,0
1,416,416,0.878,1,1,0,0
1,446,446,0.8189,1,1,0,0
1,476,476,0.7673,1,1,0,0
1,506,506,0.7218,1,1,0,0
1,59,59,1.0,1,1,0,0
1,89,89,1.0,1,1,0,0
1,119,119,1.0,1,1,0,0
1,149,149,1.0,1,1,0,0
2,7,179,2.0,2,2,0,0
2,37,209,2.0,2,2,0,0
2,67,239,2.0,2,2,0,0
2,97,269,2.0,2,2,0,0
2,127,299,2.0,2,2,0,0
2,157,329,2.0,2,2,0,0
2,187,359,2.0,2,2,0,0
2,217,389,1.8779,2,2,0,0
2,247,419,1.7434,2,2,0,0
2,277,449,1.6269,2,2,0,0
2,307,479,1.5251,2,2,0,0
2,337,509,1.4352,2,2,0,0
2,367,539,1.3553,2,2,0,0
2,397,569,1.2838,2,2,0,0
2,427,599,1.2195,2,2,0,0
1,2,2,1.0,1,1,1,0
1,32,32,1.0,1,1,1,0
1,62,62,1.0,1,1,1,0
1,92,92,1.0,1,1,1,0
1,122,122,1.0,1,1,1,0
1,152,152,1.0,1,1,1,0
1,182,182,1.0,1,1,1,0
1,212,212,1.0,1,1,1,0
1,242,242,1.0,1,1,1,0
1,272,272,1.0,1,1,1,0
1,302,302,1.0,1,1,1,0
1,332,332,1.0,1,1,1,0
1,362,362,1.0,1,1,1,0
1,392,392,0.9318,1,1,1,0
1,422,422,0.8655,1,1,1,0
1,452,452,0.8081,1,1,1,0
1,482,482,0.7578,1,1,1,0
1,512,512,0.7134,1,1,1,0
1,12,12,1.0,1,1,0,0
1,42,42,1.0,1,1,0,0
1,72,72,1.0,1,1,0,0
1,102,102,1.0,1,1,0,0
1,132,132,1.0,1,1,0,0
1,162,162,1.0,1,1,0,0
1,192,192,1.0,1,1,0,0
1,222,222,1.0,1,1,0,0
1,252,252,1.0,1,1,0,0
1,282,282,1.0,1,1,0,0
1,312,312,1.0,1,1,0,0
2,8,10,2.0,2,1,0,0
2,38,40,2.0,2,1,0,0
2,68,70,2.0,2,1,0,0
2,98,100,2.0,2,1,0,0
2,128,130,2.0,2,1,0,0
2,158,160,2.0,2,1,0,0
2,35,109,2.0,2,2,0,0
2,65,139,2.0,2,2,0,0
2,95,169,2.0,2,2,0,0
2,125,199,2.0,2,2,0,0
2,155,229,2.0,2,2,0,0
2,185,259,2.0,2,2,0,0
2,215,289,2.0,2,2,0,0
2,245,319,2.0,2,2,0,0
2,275,349,2.0,2,2,0,0
2,305,379,1.9274,2,2,0,0
2,335,409,1.7861,2,2,0,0
2,365,439,1.664,2,2,0,0
2,395,469,1.5576,2,2,0,0
2,425,499,1.4639,2,2,0,0
2,455,529,1.3809,2,2,0,0
2,485,559,1.3068,2,2,0,0
2,515,589,1.2402,2,2,0,0
2,545,619,1.1801,2,2,0,0
2,575,649,1.1256,2,2,0,0
1,135,135,1.0,1,1,0,0
2,11,165,2.0,2,2,0,0
2,41,195,2.0,2,2,0,0
2,71,225,2.0,2,2,0,0
2,101,255,2.0,2,2,0,0
2,131,285,2.0,2,2,0,0
2,161,315,2.0,2,2,0,0
2,191,345,2.0,2,2,0,0
2,221,375,1.948,2,2,0,0
2,251,405,1.8037,2,2,0,0
2,281,435,1.6793,2,2,0,0
2,311,465,1.571,2,2,0,0
2,341,495,1.4758,2,2,0,0
2,371,525,1.3914,2,2,0,0
2,401,555,1.3162,2,2,0,0
2,431,585,1.2487,2,2,0,0
2,461,615,1.1878,2,2,0,0
2,491,645,1.1326,2,2,0,0
2,521,675,1.0822,2,2,0,0
2,334,338,2.0,2,1,0,0
2,364,368,1.9851,2,1,0,0
3,20,398,2.7531,3,1,0,0
3,50,428,2.5602,3,1,0,0
4,1,458,3.19,3,2,0,0
4,31,488,2.9939,3,2,0,0
4,61,518,2.8205,3,2,0,0
4,91,548,2.6661,3,2,0,0
4,121,578,2.5277,3,2,0,0
4,151,608,2.403,3,2,0,0
4,181,638,2.29,3,2,0,0
4,211,668,2.1871,3,2,0,0
4,241,698,2.0931,3,2,0,0
4,271,728,2.0069,3,2,0,0
4,301,758,1.9274,3,2,0,0
4,331,788,1.8541,3,2,0,0
4,361,818,1.7861,3,2,0,0
4,391,848,1.7229,3,2,0,0
4,421,878,1.664,3,2,0,0
1,82,82,1.0,1,1,0,0
1,112,112,1.0,1,1,0,0
1,142,142,1.0,1,1,0,0
1,172,172,1.0,1,1,0,0
1,202,202,1.0,1,1,0,0
1,232,232,1.0,1,1,0,0
1,262,262,1.0,1,1,0,0
1,292,292,1.0,1,1,0,0
1,322,322,1.0,1,1,0,0
1,352,352,1.0,1,1,0,0
1,382,382,0.9562,1,1,0,0
1,412,412,0.8865,1,1,0,0
1,442,442,0.8264,1,1,0,0
1,472,472,0.7738,1,1,0,0
2,24,502,1.4552,2,2,0,0
2,54,532,1.3731,2,2,0,0
2,84,562,1.2998,2,2,0,0
2,114,592,1.234,2,2,0,0
2,144,622,1.1744,2,2,0,0
2,92,297,2.0,2,1,0,0
2,122,327,2.0,2,1,0,0
2,152,357,2.0,2,1,0,0
2,182,387,1.8876,2,1,0,0
2,212,417,1.7518,2,1,0,0
2,242,447,1.6342,2,1,0,0
2,272,477,1.5314,2,1,0,0
2,302,507,1.4408,2,1,0,0
2,332,537,1.3603,2,1,0,0
2,362,567,1.2884,2,1,0,0
2,392,597,1.2236,2,1,0,0
2,422,627,1.1651,2,1,0,0
2,452,657,1.1119,2,1,0,0
2,482,687,1.0633,2,1,0,0
2,512,717,1.0188,2,1,0,0
2,542,747,0.9779,2,1,0,0
2,572,777,0.9402,2,1,0,0
2,602,807,0.9052,2,1,0,0
2,632,837,0.8728,2,1,0,0
1,77,77,1.0,1,1,0,0
3,12,107,3.0,2,3,0,0
3,42,137,3.0,2,3,0,0
3,72,167,3.0,2,3,0,0
3,102,197,3.0,2,3,0,0
3,132,227,3.0,2,3,0,0
3,162,257,3.0,2,3,0,0
3,192,287,3.0,2,3,0,0
3,222,317,3.0,2,3,0,0
3,252,347,3.0,2,3,0,0
3,282,377,2.9065,2,3,0,0
3,312,407,2.6923,2,3,0,0
3,342,437,2.5074,2,3,0,0
3,372,467,2.3464,2,3,0,0
3,402,497,2.2047,2,3,0,0
3,432,527,2.0792,2,3,0,0
3,462,557,1.9672,2,3,0,0
3,492,587,1.8667,2,3,0,0
3,522,617,1.7759,2,3,0,0
1,25,25,1.0,1,1,1,0
1,55,55,1.0,1,1,1,0
1,85,85,1.0,1,1,1,0
1,115,115,1.0,1,1,1,0
1,145,145,1.0,1,1,1,0
1,175,175,1.0,1,1,1,0
1,205,205,1.0,1,1,1,0
1,235,235,1.0,1,1,1,0
1,265,265,1.0,1,1,1,0
2,25,295,2.0,2,2,1,0
2,55,325,2.0,2,2,1,0
2,85,355,2.0,2,2,1,0
2,115,385,1.8974,2,2,1,0
2,145,415,1.7602,2,2,1,0
2,175,445,1.6416,2,2,1,0
2,205,475,1.5379,2,2,1,0
2,235,505,1.4465,2,2,1,0
1,4,4,1.0,1,1,0,0
1,34,34,1.0,1,1,0,0
1,64,64,1.0,1,1,0,0
1,94,94,1.0,1,1,0,0
1,124,124,1.0,1,1,0,0
2,5,154,2.0,2,2,0,0
2,35,184,2.0,2,2,0,0
2,65,214,2.0,2,2,0,0
3,13,244,3.0,2,3,0,0
3,43,274,3.0,2,3,0,0
3,73,304,3.0,2,3,0,0
4,3,334,4.0,2,3,0,0
4,33,364,4.0,2,3,0,0
4,63,394,3.7081,2,3,0,0
4,93,424,3.4458,2,3,0,0
4,123,454,3.2181,2,3,0,0
4,153,484,3.0186,2,3,0,0
1,147,147,1.0,1,1,0,0
1,177,177,1.0,1,1,0,0
1,207,207,1.0,1,1,0,0
1,237,237,1.0,1,1,0,0
1,267,267,1.0,1,1,0,0
1,297,297,1.0,1,1,0,0
1,327,327,1.0,1,1,0,0
1,357,357,1.0,1,1,0,0
1,387,387,0.9438,1,1,0,0
1,417,417,0.8759,1,1,0,0
1,447,447,0.8171,1,1,0,0
1,477,477,0.7657,1,1,0,0
1,507,507,0.7204,1,1,0,0
1,537,537,0.6802,1,1,0,0
2,12,567,1.2884,1,2,1,0
2,42,597,1.2236,1,2,1,0
2,72,627,1.1651,1,2,1,0
2,102,657,1.1119,1,2,1,0
2,132,687,1.0633,1,2,1,0
1,106,106,1.0,1,1,0,0
1,136,136,1.0,1,1,0,0
1,166,166,1.0,1,1,0,0
1,196,196,1.0,1,1,0,1
1,226,226,1.0,1,1,0,1
1,256,256,1.0,1,1,0,1
1,286,286,1.0,1,1,0,1
1,316,316,1.0,1,1,0,1
1,346,346,1.0,1,1,0,1
1,376,376,0.9714,1,1,0,1
1,406,406,0.8996,1,1,0,1
1,436,436,0.8377,1,1,0,1
1,466,466,0.7838,1,1,0,1
1,496,496,0.7364,1,1,0,1
1,526,526,0.6944,1,1,0,1
2,20,556,1.3138,1,2,1,0
2,50,586,1.2466,1,2,1,0
2,80,616,1.1859,1,2,1,0
2,110,646,1.1308,1,2,1,0
1,10,10,1.0,1,1,0,0
1,40,40,1.0,1,1,0,0
1,70,70,1.0,1,1,0,0
1,100,100,1.0,1,1,0,0
1,130,130,1.0,1,1,0,0
2,12,160,2.0,1,1,0,0
2,42,190,2.0,1,1,0,0
2,72,220,2.0,1,1,0,0
2,102,250,2.0,1,1,0,0
3,29,280,3.0,1,2,0,0
3,59,310,3.0,1,2,0,0
3,89,340,3.0,1,2,0,0
3,119,370,2.9615,1,2,0,0
1,137,137,1.0,1,1,0,0
1,167,167,1.0,1,1,0,0
1,197,197,1.0,1,1,0,0
1,227,227,1.0,1,1,0,0
1,257,257,1.0,1,1,0,0
1,287,287,1.0,1,1,0,0
1,317,317,1.0,1,1,0,0
1,347,347,1.0,1,1,0,0
1,377,377,0.9688,1,1,0,0
1,407,407,0.8974,1,1,0,0
1,437,437,0.8358,1,1,0,0
1,467,467,0.7821,1,1,0,0
2,17,497,1.4698,1,1,0,0
2,47,527,1.3861,1,1,0,0
2,77,557,1.3115,1,1,0,0
3,17,587,1.8667,2,1,0,0
3,47,617,1.7759,2,1,0,0
3,77,647,1.6936,2,1,0,0
3,107,677,1.6185,2,1,0,0
1,189,189,1.0,1,1,0,0
1,219,219,1.0,1,1,0,0
1,249,249,1.0,1,1,0,0
1,279,279,1.0,1,1,0,0
1,309,309,1.0,1,1,0,0
1,339,339,1.0,1,1,0,0
1,369,369,0.9898,1,1,0,0
1,399,399,0.9154,1,1,0,0
1,429,429,0.8514,1,1,0,0
1,459,459,0.7958,1,1,0,0
2,4,489,1.4939,2,2,1,0
2,34,519,1.4075,2,2,1,0
2,64,549,1.3306,2,2,1,0
2,94,579,1.2617,2,2,1,0
2,124,609,1.1995,2,2,1,0
2,154,639,1.1432,2,2,1,0
2,184,669,1.0919,2,2,1,0
2,214,699,1.0451,2,2,1,0
2,244,729,1.0021,2,2,1,0
1,341,341,1.0,1,1,1,0
1,371,371,0.9845,1,1,1,0
1,401,401,0.9108,1,1,1,0
1,431,431,0.8474,1,1,1,0
1,461,461,0.7923,1,1,1,0
1,491,491,0.7439,1,1,1,0
1,521,521,0.7011,1,1,1,0
1,551,551,0.6629,1,1,1,0
1,581,581,0.6287,1,1,1,0
1,611,611,0.5978,1,1,1,0
1,641,641,0.5698,1,1,1,0
1,671,671,0.5443,1,1,1,0
1,701,701,0.521,1,1,1,0
1,731,731,0.4997,1,1,1,0
1,761,761,0.48,1,1,1,0
1,791,791,0.4618,1,1,1,0
1,821,821,0.4449,1,1,1,0
1,851,851,0.4292,1,1,1,0
1,881,881,0.4146,1,1,1,0
1,287,287,1.0,1,1,1,0
1,317,317,1.0,1,1,1,0
1,347,347,1.0,1,1,1,0
1,377,377,0.9688,1,1,1,0
2,19,407,1.7948,2,1,1,0
2,49,437,1.6716,2,1,1,0
2,79,467,1.5642,2,1,1,0
2,109,497,1.4698,2,1,1,0
2,139,527,1.3861,2,1,1,0
2,169,557,1.3115,2,1,1,0
2,199,587,1.2445,2,1,1,0
2,229,617,1.184,2,1,1,0
3,13,647,1.6936,2,2,1,0
3,43,677,1.6185,2,2,1,0
3,73,707,1.5499,2,2,1,0
3,103,737,1.4868,2,2,1,0
3,133,767,1.4286,2,2,1,0
3,163,797,1.3748,2,2,1,0
3,193,827,1.325,2,2,1,0
2,190,226,2.0,2,2,0,1
2,220,256,2.0,2,2,0,1
2,250,286,2.0,2,2,0,1
2,280,316,2.0,2,2,0,1
3,12,346,3.0,2,3,1,0
3,42,376,2.9142,2,3,1,0
3,72,406,2.6989,2,3,1,0
3,102,436,2.5132,2,3,1,0
3,132,466,2.3514,2,3,1,0
3,162,496,2.2092,2,3,1,0
3,192,526,2.0832,2,3,1,0
3,222,556,1.9708,2,3,1,0
3,252,586,1.8699,2,3,1,0
3,282,616,1.7788,2,3,1,0
3,312,646,1.6962,2,3,1,0
4,14,676,2.1612,3,3,1,0
4,44,706,2.0694,3,3,1,0
4,74,736,1.9851,3,3,1,0
4,104,766,1.9073,3,3,1,0
1,51,51,1.0,1,1,1,0
1,81,81,1.0,1,1,1,0
1,111,111,1.0,1,1,1,0
1,141,141,1.0,1,1,1,0
1,171,171,1.0,1,1,1,0
1,201,201,1.0,1,1,1,0
1,231,231,1.0,1,1,1,0
1,261,261,1.0,1,1,1,0
2,9,291,2.0,2,1,2,0
2,39,321,2.0,2,1,2,0
2,69,351,2.0,2,1,2,0
2,99,381,1.9173,2,1,2,0
2,129,411,1.7774,2,1,2,0
2,159,441,1.6565,2,1,2,0
2,189,471,1.551,2,1,2,0
3,10,501,2.1871,3,2,2,0
3,40,531,2.0636,3,2,2,0
3,70,561,1.9532,3,2,2,0
3,100,591,1.8541,3,2,2,0
1,98,98,1.0,1,1,0,1
1,128,128,1.0,1,1,0,1
2,15,158,2.0,2,2,1,0
2,45,188,2.0,2,2,1,0
2,75,218,2.0,2,2,1,0
2,105,248,2.0,2,2,1,0
3,0,278,3.0,3,3,1,0
3,30,308,3.0,3,3,1,0
3,60,338,3.0,3,3,1,0
3,90,368,2.9776,3,3,1,0
3,120,398,2.7531,3,3,1,0
3,150,428,2.5602,3,3,1,0
3,180,458,2.3925,3,3,1,0
3,210,488,2.2454,3,3,1,0
3,240,518,2.1153,3,3,1,0
3,270,548,1.9995,3,3,1,0
3,300,578,1.8958,3,3,1,0
3,330,608,1.8022,3,3,1,0
3,360,638,1.7175,3,3,1,0
1,280,280,1.0,1,1,0,0
1,310,310,1.0,1,1,0,0
1,340,340,1.0,1,1,0,0
1,370,370,0.9872,1,1,0,0
1,400,400,0.9131,1,1,0,0
1,430,430,0.8494,1,1,0,0
1,460,460,0.794,1,1,0,0
1,490,490,0.7454,1,1,0,0
1,520,520,0.7024,1,1,0,0
1,550,550,0.6641,1,1,0,0
1,580,580,0.6297,1,1,0,0
1,610,610,0.5988,1,1,0,0
1,640,640,0.5707,1,1,0,0
1,670,670,0.5451,1,1,0,0
1,700,700,0.5218,1,1,0,0
1,730,730,0.5003,1,1,0,0
1,760,760,0.4806,1,1,0,0
1,790,790,0.4623,1,1,0,0
1,820,820,0.4454,1,1,0,1
1,79,79,1.0,1,1,0,0
1,109,109,1.0,1,1,0,0
1,139,139,1.0,1,1,0,0
1,169,169,1.0,1,1,0,0
1,199,199,1.0,1,1,0,0
1,229,229,1.0,1,1,0,0
1,259,259,1.0,1,1,0,0
1,289,289,1.0,1,1,0,0
1,319,319,1.0,1,1,0,0
1,349,349,1.0,1,1,0,0
1,379,379,0.9637,1,1,0,0
1,409,409,0.893,1,1,0,0
1,439,439,0.832,1,1,0,0
1,469,469,0.7788,1,1,0,0
1,499,499,0.732,1,1,0,0
1,529,529,0.6905,1,1,0,0
1,559,559,0.6534,1,1,0,0
1,589,589,0.6201,1,1,0,0
1,619,619,0.5901,1,1,0,0
1,5,5,1.0,1,1,0,0
1,35,35,1.0,1,1,0,0
1,65,65,1.0,1,1,0,0
1,95,95,1.0,1,1,0,0
1,313,313,1.0,1,1,0,0
1,343,343,1.0,1,1,0,0
1,373,373,0.9792,1,1,0,0
1,403,403,0.9063,1,1,0,0
1,433,433,0.8435,1,1,0,0
1,463,463,0.7889,1,1,0,0
1,493,493,0.7409,1,1,0,0
1,523,523,0.6984,1,1,0,0
2,26,553,1.321,1,2,0,0
2,56,583,1.253,1,2,0,0
3,16,613,1.7875,2,2,0,0
3,46,643,1.7041,2,2,0,0
3,76,673,1.6282,2,2,0,0
3,106,703,1.5587,2,2,0,0
3,136,733,1.4949,2,2,0,0
3,166,763,1.4361,2,2,0,0
3,196,793,1.3818,2,2,0,0
3,226,823,1.3314,2,2,0,0
3,256,853,1.2846,2,2,0,0
2,43,140,2.0,1,2,0,0
2,73,170,2.0,1,2,0,0
2,103,200,2.0,1,2,0,0
2,133,230,2.0,1,2,0,0
3,16,260,3.0,1,3,1,0
3,46,290,3.0,1,3,1,0
3,76,320,3.0,1,3,1,0
3,106,350,3.0,1,3,1,0
3,136,380,2.8836,1,3,1,0
3,166,410,2.6726,1,3,1,0
3,196,440,2.4903,1,3,1,0
3,226,470,2.3314,1,3,1,0
3,256,500,2.1915,1,3,1,0
4,28,530,2.7566,1,3,2,0
4,58,560,2.6089,1,3,2,0
4,88,590,2.4763,1,3,2,0
5,4,620,2.9456,1,3,3,0
5,34,650,2.8096,1,3,3,0
5,64,680,2.6857,1,3,3,0
1,25,25,1.0,1,1,0,0
1,55,55,1.0,1,1,0,0
1,85,85,1.0,1,1,0,0
1,115,115,1.0,1,1,0,0
1,145,145,1.0,1,1,0,0
2,244,288,2.0,2,2,0,0
3,27,318,3.0,3,2,0,0
3,57,348,3.0,3,2,0,0
4,13,378,3.8651,3,2,0,0
4,43,408,3.5809,3,2,0,0
4,73,438,3.3356,3,2,0,0
4,103,468,3.1218,3,2,0,0
4,133,498,2.9337,3,2,0,0
4,163,528,2.767,3,2,0,0
4,193,558,2.6183,3,2,0,0
5,10,588,3.1059,3,2,0,0
5,40,618,2.9551,3,2,0,0
5,70,648,2.8183,3,2,0,0
5,100,678,2.6936,3,2,0,0
6,9,708,3.0953,4,2,0,0
6,39,738,2.9695,4,2,0,0
6,69,768,2.8535,4,2,0,0
6,99,798,2.7462,4,2,0,0
6,129,828,2.6467,4,2,0,0
1,92,92,1.0,1,1,0,0
1,122,122,1.0,1,1,0,0
1,152,152,1.0,1,1,0,0
1,182,182,1.0,1,1,0,0
1,212,212,1.0,1,1,0,0
1,242,242,1.0,1,1,0,0
1,272,272,1.0,1,1,0,0
1,302,302,1.0,1,1,0,0
1,332,332,1.0,1,1,0,0
1,362,362,1.0,1,1,0,0
1,392,392,0.9318,1,1,0,0
1,422,422,0.8655,1,1,0,0
1,452,452,0.8081,1,1,0,0
1,482,482,0.7578,1,1,0,0
1,512,512,0.7134,1,1,0,0
1,542,542,0.6739,1,1,0,0
1,572,572,0.6385,1,1,0,0
1,602,602,0.6067,1,1,0,0
1,632,632,0.5779,1,1,0,0
1,18,18,1.0,1,1,0,0
1,48,48,1.0,1,1,0,0
1,78,78,1.0,1,1,0,0
1,108,108,1.0,1,1,0,0
1,138,138,1.0,1,1,0,0
1,168,168,1.0,1,1,0,0
1,198,198,1.0,1,1,0,0
1,228,228,1.0,1,1,0,0
1,258,258,1.0,1,1,0,0
1,288,288,1.0,1,1,0,0
1,318,318,1.0,1,1,0,0
1,348,348,1.0,1,1,0,0
1,378,378,0.9663,1,1,0,0
1,408,408,0.8952,1,1,0,0
1,438,438,0.8339,1,1,0,0
4,85,306,4.0,4,2,1,0
4,115,336,4.0,4,2,1,0
4,145,366,3.9918,4,2,1,0
4,175,396,3.6894,4,2,1,0
4,205,426,3.4296,4,2,1,0
4,235,456,3.2039,4,2,1,0
4,265,486,3.0062,4,2,1,0
4,295,516,2.8314,4,2,1,0
4,325,546,2.6758,4,2,1,0
4,355,576,2.5365,4,2,1,0
4,385,606,2.4109,4,2,1,0
5,27,636,2.8715,5,2,2,0
5,57,666,2.7421,5,2,2,0
5,87,696,2.6239,5,2,2,0
6,28,726,3.0186,6,3,2,0
7,23,756,3.3819,6,4,2,0
7,53,786,3.2529,6,4,2,0
8,8,816,3.5809,7,4,2,0
9,17,846,3.8856,7,4,2,0
1,28,28,1.0,1,1,0,0
1,58,58,1.0,1,1,0,0
1,88,88,1.0,1,1,0,0
1,118,118,1.0,1,1,0,0
1,148,148,1.0,1,1,0,0
1,178,178,1.0,1,1,0,0
1,208,208,1.0,1,1,0,0
1,238,238,1.0,1,1,0,0
1,268,268,1.0,1,1,0,0
1,298,298,1.0,1,1,0,0
1,328,328,1.0,1,1,0,0
1,358,358,1.0,1,1,0,0
1,46,46,1.0,1,1,0,0
1,76,76,1.0,1,1,0,0
1,106,106,1.0,1,1,0,0
1,136,136,1.0,1,1,0,0
1,166,166,1.0,1,1,0,0
1,196,196,1.0,1,1,0,0
1,226,226,1.0,1,1,0,0
1,256,256,1.0,1,1,0,0
1,286,286,1.0,1,1,0,0
1,316,316,1.0,1,1,0,0
1,346,346,1.0,1,1,0,0
1,376,376,0.9714,1,1,0,0
1,406,406,0.8996,1,1,0,0
1,436,436,0.8377,1,1,0,0
1,466,466,0.7838,1,1,0,0
1,496,496,0.7364,1,1,0,0
1,526,526,0.6944,1,1,0,0
1,556,556,0.6569,1,1,0,0
1,586,586,0.6233,1,1,0,0
1,66,66,1.0,1,1,0,0
1,96,96,1.0,1,1,0,0
1,126,126,1.0,1,1,0,0
1,156,156,1.0,1,1,0,0
1,186,186,1.0,1,1,0,0
1,216,216,1.0,1,1,0,0
1,246,246,1.0,1,1,0,0
1,276,276,1.0,1,1,0,0
1,306,306,1.0,1,1,0,0
1,336,336,1.0,1,1,0,0
1,366,366,0.998,1,1,0,0
1,396,396,0.9223,1,1,0,0
1,426,426,0.8574,1,1,0,0
1,456,456,0.801,1,1,0,0
1,486,486,0.7515,1,1,0,0
1,516,516,0.7078,1,1,0,0
1,546,546,0.669,1,1,0,0
1,576,576,0.6341,1,1,0,0
1,606,606,0.6027,1,1,0,0
1,6,6,1.0,1,1,0,0
1,36,36,1.0,1,1,0,0
1,66,66,1.0,1,1,0,0
1,96,96,1.0,1,1,0,0
1,126,126,1.0,1,1,0,0
1,156,156,1.0,1,1,0,0
1,186,186,1.0,1,1,0,0
1,216,216,1.0,1,1,0,0
1,246,246,1.0,1,1,0,0
1,276,276,1.0,1,1,0,0
1,306,306,1.0,1,1,0,0
1,336,336,1.0,1,1,0,0
1,366,366,0.998,1,1,0,0
1,396,396,0.9223,1,1,0,0
1,426,426,0.8574,1,1,0,0
1,456,456,0.801,1,1,0,0
1,486,486,0.7515,1,1,0,0
1,516,516,0.7078,1,1,0,0
1,546,546,0.669,1,1,0,0
2,24,292,2.0,2,1,0,0
2,54,322,2.0,2,1,0,0
2,84,352,2.0,2,1,0,0
2,114,382,1.9123,2,1,0,0
2,144,412,1.7731,2,1,0,0
2,174,442,1.6527,2,1,0,0
2,204,472,1.5477,2,1,0,0
2,234,502,1.4552,2,1,0,0
2,264,532,1.3731,2,1,0,0
2,294,562,1.2998,2,1,0,0
2,324,592,1.234,2,1,0,0
2,354,622,1.1744,2,1,0,0
2,384,652,1.1204,2,1,0,0
2,414,682,1.0711,2,1,0,0
2,444,712,1.026,2,1,0,0
2,474,742,0.9845,2,1,0,0
2,504,772,0.9462,2,1,0,0
2,534,802,0.9108,2,1,0,0
2,564,832,0.878,2,1,0,0
1,18,18,1.0,1,1,0,1
2,6,48,2.0,2,2,1,0
2,36,78,2.0,2,2,1,0
2,66,108,2.0,2,2,1,0
2,96,138,2.0,2,2,1,0
2,126,168,2.0,2,2,1,0
2,156,198,2.0,2,2,1,0
2,186,228,2.0,2,2,1,0
2,216,258,2.0,2,2,1,0
2,246,288,2.0,2,2,1,0
2,276,318,2.0,2,2,1,0
1,15,15,1.0,1,1,0,0
1,45,45,1.0,1,1,0,0
1,75,75,1.0,1,1,0,0
2,23,105,2.0,2,2,0,0
2,53,135,2.0,2,2,0,0
2,83,165,2.0,2,2,0,0
2,113,195,2.0,2,2,0,0
2,143,225,2.0,2,2,0,0
2,173,255,2.0,2,2,0,0
2,203,285,2.0,2,2,0,0
2,233,315,2.0,2,2,0,0
2,263,345,2.0,2,2,0,0
2,293,375,1.948,2,2,0,0
2,323,405,1.8037,2,2,0,0
2,353,435,1.6793,2,2,0,0
2,383,465,1.571,2,2,0,0
1,13,13,1.0,1,1,0,0
1,43,43,1.0,1,1,0,0
1,73,73,1.0,1,1,0,0
2,15,103,2.0,2,2,0,0
2,45,133,2.0,2,2,0,0
2,75,163,2.0,2,2,0,0
2,105,193,2.0,2,2,0,0
2,135,223,2.0,2,2,0,0
2,165,253,2.0,2,2,0,0
2,195,283,2.0,2,2,0,0
1,15,15,1.0,1,1,0,0
1,45,45,1.0,1,1,0,0
1,75,75,1.0,1,1,0,0
1,4,4,1.0,1,1,0,0
1,34,34,1.0,1,1,0,0
1,64,64,1.0,1,1,0,0
1,94,94,1.0,1,1,0,0
1,124,124,1.0,1,1,0,0
1,154,154,1.0,1,1,0,0
1,184,184,1.0,1,1,0,0
1,214,214,1.0,1,1,0,0
1,244,244,1.0,1,1,0,0
1,274,274,1.0,1,1,0,0
1,304,304,1.0,1,1,0,0
1,9,9,1.0,1,1,0,0
1,39,39,1.0,1,1,0,0
1,69,69,1.0,1,1,0,0
1,99,99,1.0,1,1,0,0
1,129,129,1.0,1,1,0,0
1,159,159,1.0,1,1,0,0
1,189,189,1.0,1,1,0,0
1,219,219,1.0,1,1,0,0
1,249,249,1.0,1,1,0,0
1,279,279,1.0,1,1,0,0
1,20,20,1.0,1,1,0,0
1,50,50,1.0,1,1,0,0
1,80,80,1.0,1,1,0,0
1,110,110,1.0,1,1,0,0
1,140,140,1.0,1,1,0,0
1,170,170,1.0,1,1,0,0
1,200,200,1.0,1,1,0,0
1,230,230,1.0,1,1,0,0
1,260,260,1.0,1,1,0,0
1,290,290,1.0,1,1,0,0
1,320,320,1.0,1,1,0,0
1,350,350,1.0,1,1,0,0
1,380,380,0.9612,1,1,0,0
2,20,410,1.7817,2,2,0,0
2,50,440,1.6602,2,2,0,0
2,5,273,2.0,2,2,0,0
2,35,303,2.0,2,2,0,0
2,65,333,2.0,2,2,0,0
3,16,363,3.0,2,2,1,0
3,46,393,2.7882,2,2,1,0
3,76,423,2.5904,2,2,1,0
3,106,453,2.4189,2,2,1,0
3,136,483,2.2686,2,2,1,0
3,166,513,2.136,2,2,1,0
3,196,543,2.018,2,2,1,0
3,226,573,1.9123,2,2,1,0
3,256,603,1.8172,2,2,1,0
3,286,633,1.731,2,2,1,0
3,316,663,1.6527,2,2,1,0
3,346,693,1.5812,2,2,1,0
3,376,723,1.5156,2,2,1,0
3,406,753,1.4552,2,2,1,0
3,436,783,1.3994,2,2,1,0
3,466,813,1.3478,2,2,1,0
1,11,11,1.0,1,1,0,0
1,41,41,1.0,1,1,0,0
1,71,71,1.0,1,1,0,0
1,101,101,1.0,1,1,0,0
1,131,131,1.0,1,1,0,0
1,161,161,1.0,1,1,0,0
1,191,191,1.0,1,1,0,0
1,221,221,1.0,1,1,0,0
1,82,82,1.0,1,1,0,1
2,10,112,2.0,2,2,1,0
2,40,142,2.0,2,2,1,0
2,70,172,2.0,2,2,1,0
2,100,202,2.0,2,2,1,0
2,130,232,2.0,2,2,1,0
2,160,262,2.0,2,2,1,0
2,190,292,2.0,2,2,1,0
2,220,322,2.0,2,2,1,0
2,250,352,2.0,2,2,1,0
2,280,382,1.9123,2,2,1,0
2,310,412,1.7731,2,2,1,0
2,340,442,1.6527,2,2,1,0
2,370,472,1.5477,2,2,1,0
2,400,502,1.4552,2,2,1,0
2,430,532,1.3731,2,2,1,0
2,460,562,1.2998,2,2,1,0
2,490,592,1.234,2,2,1,0
2,520,622,1.1744,2,2,1,0
2,52,248,2.0,2,2,1,0
2,82,278,2.0,2,2,1,0
2,112,308,2.0,2,2,1,0
2,142,338,2.0,2,2,1,0
2,172,368,1.9851,2,2,1,0
2,202,398,1.8354,2,2,1,0
2,232,428,1.7068,2,2,1,0
2,262,458,1.595,2,2,1,0
2,292,488,1.4969,2,2,1,0
2,322,518,1.4102,2,2,1,0
2,352,548,1.333,2,2,1,0
2,382,578,1.2638,2,2,1,0
2,412,608,1.2015,2,2,1,0
2,442,638,1.145,2,2,1,0
2,472,668,1.0936,2,2,1,0
2,502,698,1.0466,2,2,1,0
2,532,728,1.0034,2,2,1,0
2,562,758,0.9637,2,2,1,0
2,592,788,0.927,2,2,1,0
1,14,14,1.0,1,1,0,0
2,87,356,2.0,2,1,0,0
2,117,386,1.8925,2,1,0,0
3,13,416,2.634,2,2,1,0
3,43,446,2.4568,2,2,1,0
3,73,476,2.302,2,2,1,0
3,103,506,2.1655,2,2,1,0
3,133,536,2.0443,2,2,1,0
3,163,566,1.936,2,2,1,0
3,193,596,1.8385,2,2,1,0
3,223,626,1.7504,2,2,1,0
3,253,656,1.6704,2,2,1,0
3,283,686,1.5973,2,2,1,0
4,12,716,2.0405,3,3,1,0
4,42,746,1.9584,3,3,1,0
4,72,776,1.8827,3,3,1,0
6,24,806,2.719,5,4,2,0
6,54,836,2.6214,5,4,2,0
6,84,866,2.5306,5,4,2,0
6,114,896,2.4459,5,4,2,0
1,273,273,1.0,1,1,0,0
1,303,303,1.0,1,1,0,0
1,333,333,1.0,1,1,0,0
1,363,363,1.0,1,1,0,0
1,393,393,0.9294,1,1,0,0
1,423,423,0.8635,1,1,0,0
1,453,453,0.8063,1,1,0,0
1,483,483,0.7562,1,1,0,0
2,25,513,1.424,2,2,0,0
2,55,543,1.3453,2,2,0,0
2,85,573,1.2749,2,2,0,0
2,115,603,1.2114,2,2,0,0
2,145,633,1.154,2,2,0,0
2,175,663,1.1018,2,2,0,0
3,23,693,1.5812,2,2,0,0
3,53,723,1.5156,2,2,0,0
3,83,753,1.4552,2,2,0,0
3,113,783,1.3994,2,2,0,0
3,143,813,1.3478,2,2,0,0
1,38,38,1.0,1,1,0,0
1,68,68,1.0,1,1,0,0
1,98,98,1.0,1,1,0,0
1,128,128,1.0,1,1,0,0
1,158,158,1.0,1,1,0,0
1,188,188,1.0,1,1,0,0
1,218,218,1.0,1,1,0,0
1,248,248,1.0,1,1,0,0
1,278,278,1.0,1,1,0,0
1,308,308,1.0,1,1,0,0
1,338,338,1.0,1,1,0,0
1,368,368,0.9925,1,1,0,0
1,398,398,0.9177,1,1,0,0
1,428,428,0.8534,1,1,0,0
1,458,458,0.7975,1,1,0,0
1,488,488,0.7485,1,1,0,0
1,518,518,0.7051,1,1,0,0
1,548,548,0.6665,1,1,0,0
1,578,578,0.6319,1,1,0,0
2,150,166,2.0,2,2,0,0
2,180,196,2.0,2,2,0,0
2,210,226,2.0,2,2,0,0
2,240,256,2.0,2,2,0,0
2,270,286,2.0,2,2,0,0
2,300,316,2.0,2,2,0,0
2,330,346,2.0,2,2,0,0
2,360,376,1.9428,2,2,0,0
2,390,406,1.7993,2,2,0,0
2,420,436,1.6755,2,2,0,0
2,450,466,1.5676,2,2,0,0
2,480,496,1.4728,2,2,0,0
2,510,526,1.3888,2,2,0,0
2,540,556,1.3138,2,2,0,0
2,570,586,1.2466,2,2,0,0
2,600,616,1.1859,2,2,0,0
2,630,646,1.1308,2,2,0,0
2,660,676,1.0806,2,2,0,0
2,690,706,1.0347,2,2,0,0
1,22,22,1.0,1,1,0,0
1,52,52,1.0,1,1,0,0
1,82,82,1.0,1,1,0,0
1,112,112,1.0,1,1,0,0
1,142,142,1.0,1,1,0,0
1,172,172,1.0,1,1,0,0
1,202,202,1.0,1,1,0,0
1,232,232,1.0,1,1,0,0
1,262,262,1.0,1,1,0,0
1,292,292,1.0,1,1,0,0
1,322,322,1.0,1,1,0,0
1,352,352,1.0,1,1,0,0
1,382,382,0.9562,1,1,0,0
1,412,412,0.8865,1,1,0,0
1,442,442,0.8264,1,1,0,0
1,472,472,0.7738,1,1,0,0
2,4,502,1.4552,2,2,0,0
2,39,121,2.0,2,2,0,0
2,69,151,2.0,2,2,0,0
2,99,181,2.0,2,2,0,0
2,129,211,2.0,2,2,0,0
3,2,241,3.0,2,3,0,0
3,32,271,3.0,2,3,0,0
3,62,301,3.0,2,3,0,0
3,92,331,3.0,2,3,0,0
3,122,361,3.0,2,3,0,0
3,152,391,2.8024,2,3,0,0
3,182,421,2.6027,2,3,0,0
3,212,451,2.4296,2,3,0,0
3,242,481,2.2781,2,3,0,0
3,272,511,2.1443,2,3,0,0
4,17,541,2.7006,2,3,0,0
4,47,571,2.5587,2,3,0,0
4,77,601,2.4309,2,3,0,0
4,107,631,2.3154,2,3,0,0
4,137,661,2.2103,2,3,0,0
1,131,131,1.0,1,1,1,0
1,161,161,1.0,1,1,1,0
1,191,191,1.0,1,1,1,0
1,221,221,1.0,1,1,1,0
1,251,251,1.0,1,1,1,0
1,281,281,1.0,1,1,1,0
1,311,311,1.0,1,1,1,0
1,341,341,1.0,1,1,1,0
1,371,371,0.9845,1,1,1,0
1,401,401,0.9108,1,1,1,0
1,431,431,0.8474,1,1,1,0
1,461,461,0.7923,1,1,1,0
1,491,491,0.7439,1,1,1,0
1,521,521,0.7011,1,1,1,0
2,20,551,1.3258,2,2,1,0
2,50,581,1.2573,2,2,1,0
2,80,611,1.1956,2,2,1,0
2,110,641,1.1396,2,2,1,0
2,140,671,1.0887,2,2,1,0
1,157,157,1.0,1,1,0,0
1,187,187,1.0,1,1,0,0
1,217,217,1.0,1,1,0,0
1,247,247,1.0,1,1,0,0
1,277,277,1.0,1,1,0,0
1,307,307,1.0,1,1,0,0
1,337,337,1.0,1,1,0,0
1,367,367,0.9952,1,1,0,0
1,397,397,0.92,1,1,0,0
1,427,427,0.8554,1,1,0,0
1,457,457,0.7992,1,1,0,0
1,487,487,0.75,1,1,0,0
1,517,517,0.7065,1,1,0,0
1,547,547,0.6677,1,1,0,0
1,577,577,0.633,1,1,0,0
1,607,607,0.6017,1,1,0,0
1,637,637,0.5734,1,1,0,0
2,15,667,1.0952,1,2,0,0
2,45,697,1.0481,1,2,0,0
1,10,10,1.0,1,1,0,0
1,40,40,1.0,1,1,0,0
1,70,70,1.0,1,1,0,0
1,100,100,1.0,1,1,0,0
1,130,130,1.0,1,1,0,0
1,160,160,1.0,1,1,0,0
1,190,190,1.0,1,1,0,0
1,220,220,1.0,1,1,0,0
1,250,250,1.0,1,1,0,0
2,137,152,2.0,2,2,1,0
2,167,182,2.0,2,2,1,0
2,197,212,2.0,2,2,1,0
2,227,242,2.0,2,2,1,0
2,257,272,2.0,2,2,1,0
2,287,302,2.0,2,2,1,0
2,317,332,2.0,2,2,1,0
2,347,362,2.0,2,2,1,0
2,377,392,1.8635,2,2,1,0
2,407,422,1.731,2,2,1,0
2,437,452,1.6162,2,2,1,0
3,3,482,2.2733,3,2,1,0
3,33,512,2.1401,3,2,1,0
3,63,542,2.0217,3,2,1,0
3,93,572,1.9156,3,2,1,0
3,123,602,1.8202,3,2,1,0
3,153,632,1.7338,3,2,1,0
3,183,662,1.6552,3,2,1,0
3,213,692,1.5835,3,2,1,0
1,8,8,1.0,1,1,0,0
2,9,38,2.0,2,2,0,0
2,39,68,2.0,2,2,0,0
2,69,98,2.0,2,2,0,0
2,99,128,2.0,2,2,0,0
2,129,158,2.0,2,2,0,0
2,159,188,2.0,2,2,0,0
2,189,218,2.0,2,2,0,0
2,219,248,2.0,2,2,0,0
2,249,278,2.0,2,2,0,0
2,279,308,2.0,2,2,0,0
2,309,338,2.0,2,2,0,0
2,339,368,1.9851,2,2,0,0
2,369,398,1.8354,2,2,0,0
2,399,428,1.7068,2,2,0,0
2,429,458,1.595,2,2,0,0
2,459,488,1.4969,2,2,0,0
2,489,518,1.4102,2,2,0,0
2,519,548,1.333,2,2,0,0
1,25,25,1.0,1,1,0,0
1,55,55,1.0,1,1,0,0
1,85,85,1.0,1,1,0,0
1,115,115,1.0,1,1,0,0
1,145,145,1.0,1,1,0,0
1,175,175,1.0,1,1,0,0
1,205,205,1.0,1,1,0,0
2,44,340,2.0,2,2,0,0
2,74,370,1.9743,2,2,0,0
2,104,400,1.8263,2,2,0,0
2,134,430,1.6988,2,2,0,0
2,164,460,1.588,2,2,0,0
2,194,490,1.4908,2,2,0,0
2,224,520,1.4048,2,2,0,0
2,254,550,1.3282,2,2,0,0
2,284,580,1.2595,2,2,0,0
2,314,610,1.1975,2,2,0,0
2,344,640,1.1414,2,2,0,0
3,23,670,1.6354,3,2,0,0
3,53,700,1.5654,3,2,0,0
3,83,730,1.501,3,2,0,0
3,113,760,1.4418,3,2,0,0
3,143,790,1.387,3,2,0,0
3,173,820,1.3363,3,2,0,0
3,203,850,1.2891,3,2,0,0
3,233,880,1.2452,3,2,0,0
1,207,207,1.0,1,1,0,0
1,237,237,1.0,1,1,0,0
1,267,267,1.0,1,1,0,0
1,297,297,1.0,1,1,0,0
1,327,327,1.0,1,1,0,0
1,357,357,1.0,1,1,0,0
1,387,387,0.9438,1,1,0,0
1,417,417,0.8759,1,1,0,0
1,447,447,0.8171,1,1,0,0
1,477,477,0.7657,1,1,0,0
1,507,507,0.7204,1,1,0,0
1,537,537,0.6802,1,1,0,0
1,567,567,0.6442,1,1,0,0
1,597,597,0.6118,1,1,0,0
1,627,627,0.5825,1,1,0,0
1,657,657,0.5559,1,1,0,0
1,687,687,0.5317,1,1,0,0
1,717,717,0.5094,1,1,0,0
1,747,747,0.489,1,1,0,0
1,173,173,1.0,1,1,0,0
1,203,203,1.0,1,1,0,0
1,233,233,1.0,1,1,0,0
1,263,263,1.0,1,1,0,0
1,293,293,1.0,1,1,0,0
1,323,323,1.0,1,1,0,0
1,353,353,1.0,1,1,0,0
1,383,383,0.9537,1,1,0,0
1,413,413,0.8844,1,1,0,0
1,443,443,0.8245,1,1,0,0
1,473,473,0.7722,1,1,0,0
1,503,503,0.7261,1,1,0,0
1,533,533,0.6853,1,1,0,0
1,563,563,0.6488,1,1,0,0
1,593,593,0.6159,1,1,0,0
1,623,623,0.5863,1,1,0,0
1,653,653,0.5593,1,1,0,0
1,683,683,0.5348,1,1,0,0
1,713,713,0.5123,1,1,0,0
1,268,268,1.0,1,1,1,0
1,298,298,1.0,1,1,1,0
1,328,328,1.0,1,1,1,0
1,358,358,1.0,1,1,1,0
1,388,388,0.9414,1,1,1,0
1,418,418,0.8738,1,1,1,0
1,448,448,0.8153,1,1,1,0
1,478,478,0.7641,1,1,1,0
1,508,508,0.719,1,1,1,0
1,538,538,0.6789,1,1,1,0
1,568,568,0.643,1,1,1,0
1,598,598,0.6108,1,1,1,0
1,628,628,0.5816,1,1,1,0
1,658,658,0.5551,1,1,1,0
1,688,688,0.5309,1,1,1,0
1,718,718,0.5087,1,1,1,0
1,748,748,0.4883,1,1,1,0
1,778,778,0.4695,1,1,1,0
1,808,808,0.452,1,1,1,0
2,182,291,2.0,2,2,1,0
3,27,321,3.0,2,3,1,0
3,57,351,3.0,2,3,1,0
4,4,381,3.8346,3,3,1,0
4,34,411,3.5547,3,3,1,0
4,64,441,3.3129,3,3,1,0
4,94,471,3.1019,3,3,1,0
5,26,501,3.6452,3,4,1,0
5,56,531,3.4393,3,4,1,0
5,86,561,3.2553,3,4,1,0
5,116,591,3.0901,3,4,1,0
5,146,621,2.9408,3,4,1,0
5,176,651,2.8053,3,4,1,0
6,16,681,3.2181,3,4,1,0
6,46,711,3.0823,3,4,1,0
6,76,741,2.9575,3,4,1,0
6,106,771,2.8424,3,4,1,0
6,136,801,2.736,3,4,1,0
6,166,831,2.6372,3,4,1,0
1,10,10,1.0,1,1,0,1
1,40,40,1.0,1,1,0,1
1,70,70,1.0,1,1,0,1
1,75,75,1.0,1,1,0,0
1,105,105,1.0,1,1,0,0
1,135,135,1.0,1,1,0,0
1,165,165,1.0,1,1,0,0
1,195,195,1.0,1,1,0,0
1,225,225,1.0,1,1,0,0
1,255,255,1.0,1,1,0,0
1,285,285,1.0,1,1,0,0
1,315,315,1.0,1,1,0,0
1,345,345,1.0,1,1,0,0
1,375,375,0.974,1,1,0,0
1,405,405,0.9019,1,1,0,0
1,435,435,0.8397,1,1,0,0
1,465,465,0.7855,1,1,0,0
1,495,495,0.7379,1,1,0,0
1,525,525,0.6957,1,1,0,0
1,555,555,0.6581,1,1,0,0
1,585,585,0.6244,1,1,0,0
1,615,615,0.5939,1,1,0,0
3,6,317,3.0,3,2,0,0
3,36,347,3.0,3,2,0,0
3,66,377,2.9065,3,2,0,0
3,96,407,2.6923,3,2,0,0
3,126,437,2.5074,3,2,0,0
3,156,467,2.3464,3,2,0,0
3,186,497,2.2047,3,2,0,0
3,216,527,2.0792,3,2,0,0
3,246,557,1.9672,3,2,0,0
3,276,587,1.8667,3,2,0,0
3,306,617,1.7759,3,2,0,0
3,336,647,1.6936,3,2,0,0
3,366,677,1.6185,3,2,0,0
3,396,707,1.5499,3,2,0,0
3,426,737,1.4868,3,2,0,0
3,456,767,1.4286,3,2,0,0
3,486,797,1.3748,3,2,0,0
3,516,827,1.325,3,2,0,0
3,546,857,1.2786,3,2,0,0
1,17,17,1.0,1,1,0,0
1,47,47,1.0,1,1,0,0
1,77,77,1.0,1,1,0,0
1,107,107,1.0,1,1,0,0
1,137,137,1.0,1,1,0,0
1,167,167,1.0,1,1,0,0
1,197,197,1.0,1,1,0,0
1,227,227,1.0,1,1,0,0
1,257,257,1.0,1,1,0,0
1,287,287,1.0,1,1,0,0
1,317,317,1.0,1,1,0,0
1,347,347,1.0,1,1,0,0
1,377,377,0.9688,1,1,0,0
1,407,407,0.8974,1,1,0,0
2,4,437,1.6716,2,2,0,0
1,26,26,1.0,1,1,1,0
1,56,56,1.0,1,1,1,0
1,86,86,1.0,1,1,1,0
1,116,116,1.0,1,1,1,0
2,17,146,2.0,2,2,1,0
2,47,176,2.0,2,2,1,0
2,77,206,2.0,2,2,1,0
2,107,236,2.0,2,2,1,0
1,14,14,1.0,1,1,0,0
1,44,44,1.0,1,1,0,0
1,74,74,1.0,1,1,0,0
1,104,104,1.0,1,1,0,0
1,134,134,1.0,1,1,0,0
1,164,164,1.0,1,1,0,0
1,194,194,1.0,1,1,0,0
1,224,224,1.0,1,1,0,0
1,254,254,1.0,1,1,0,0
2,3,284,2.0,2,1,0,0
3,12,314,3.0,3,2,0,0
3,42,344,3.0,3,2,0,0
3,72,374,2.9298,3,2,0,0
3,102,404,2.7123,3,2,0,0
3,132,434,2.5248,3,2,0,0
3,162,464,2.3615,3,2,0,0
4,18,494,2.9575,4,2,0,0
1,13,13,1.0,1,1,1,0
1,43,43,1.0,1,1,1,0
1,73,73,1.0,1,1,1,0
1,103,103,1.0,1,1,1,0
1,133,133,1.0,1,1,1,0
1,163,163,1.0,1,1,1,0
1,193,193,1.0,1,1,1,0
1,223,223,1.0,1,1,1,0
1,253,253,1.0,1,1,1,0
1,283,283,1.0,1,1,1,0
1,313,313,1.0,1,1,1,0
1,343,343,1.0,1,1,1,0
1,373,373,0.9792,1,1,1,0
2,20,403,1.8127,2,2,1,0
2,8,28,2.0,1,1,0,0
2,38,58,2.0,1,1,0,0
2,68,88,2.0,1,1,0,0
2,98,118,2.0,1,1,0,0
2,128,148,2.0,1,1,0,0
2,158,178,2.0,1,1,0,0
2,188,208,2.0,1,1,0,0
2,218,238,2.0,1,1,0,0
2,248,268,2.0,1,1,0,0
2,278,298,2.0,1,1,0,0
2,308,328,2.0,1,1,0,0
2,338,358,2.0,1,1,0,0
2,368,388,1.8827,1,1,0,0
4,16,214,4.0,3,2,0,0
4,46,244,4.0,3,2,0,0
4,76,274,4.0,3,2,0,0
4,106,304,4.0,3,2,0,0
4,136,334,4.0,3,2,0,0
4,166,364,4.0,3,2,0,0
4,196,394,3.7081,3,2,0,0
4,226,424,3.4458,3,2,0,0
4,256,454,3.2181,3,2,0,0
4,286,484,3.0186,3,2,0,0
4,316,514,2.8424,3,2,0,0
4,346,544,2.6857,3,2,0,0
4,376,574,2.5453,3,2,0,0
4,406,604,2.4189,3,2,0,0
4,436,634,2.3044,3,2,0,0
4,466,664,2.2003,3,2,0,0
4,496,694,2.1052,3,2,0,0
4,526,724,2.018,3,2,0,0
4,556,754,1.9377,3,2,0,0
1,29,29,1.0,1,1,0,0
1,59,59,1.0,1,1,0,0
2,28,89,2.0,2,2,0,0
2,58,119,2.0,2,2,0,0
2,88,149,2.0,2,2,0,0
2,118,179,2.0,2,2,0,0
2,148,209,2.0,2,2,0,0
2,178,239,2.0,2,2,0,0
2,208,269,2.0,2,2,0,0
2,238,299,2.0,2,2,0,0
3,18,329,3.0,3,2,0,0
3,48,359,3.0,3,2,0,0
3,78,389,2.8168,3,2,0,0
3,108,419,2.6152,3,2,0,0
3,138,449,2.4404,3,2,0,0
3,168,479,2.2876,3,2,0,0
3,198,509,2.1528,3,2,0,0
1,0,0,1.0,1,1,0,0
1,30,30,1.0,1,1,0,0
1,60,60,1.0,1,1,0,0
1,90,90,1.0,1,1,0,0
1,120,120,1.0,1,1,0,0
1,150,150,1.0,1,1,0,0
1,180,180,1.0,1,1,0,0
1,210,210,1.0,1,1,0,0
1,240,240,1.0,1,1,0,0
1,270,270,1.0,1,1,0,0
1,300,300,1.0,1,1,0,0
1,330,330,1.0,1,1,0,0
1,360,360,1.0,1,1,0,0
1,390,390,0.9365,1,1,0,0
1,420,420,0.8696,1,1,0,0
1,450,450,0.8117,1,1,0,0
1,480,480,0.7609,1,1,0,0
1,6,6,1.0,1,1,1,0
1,36,36,1.0,1,1,1,0
1,66,66,1.0,1,1,1,0
1,96,96,1.0,1,1,1,0
1,126,126,1.0,1,1,1,0
1,156,156,1.0,1,1,1,0
2,11,186,2.0,2,2,1,0
2,41,216,2.0,2,2,1,0
2,71,246,2.0,2,2,1,0
2,101,276,2.0,2,2,1,0
2,131,306,2.0,2,2,1,0
2,161,336,2.0,2,2,1,0
1,92,92,1.0,1,1,0,0
1,122,122,1.0,1,1,0,0
1,152,152,1.0,1,1,0,0
1,182,182,1.0,1,1,0,0
1,212,212,1.0,1,1,0,0
1,242,242,1.0,1,1,0,0
1,272,272,1.0,1,1,0,0
1,302,302,1.0,1,1,0,0
1,332,332,1.0,1,1,0,0
1,362,362,1.0,1,1,0,0
1,392,392,0.9318,1,1,0,0
1,422,422,0.8655,1,1,0,0
1,452,452,0.8081,1,1,0,0
1,482,482,0.7578,1,1,0,0
1,512,512,0.7134,1,1,0,0
1,542,542,0.6739,1,1,0,0
1,572,572,0.6385,1,1,0,0
1,602,602,0.6067,1,1,0,0
1,632,632,0.5779,1,1,0,0
1,25,25,1.0,1,1,0,0
1,55,55,1.0,1,1,0,0
1,85,85,1.0,1,1,0,0
1,115,115,1.0,1,1,0,0
1,145,145,1.0,1,1,0,0
1,175,175,1.0,1,1,0,0
1,205,205,1.0,1,1,0,0
1,235,235,1.0,1,1,0,0
1,265,265,1.0,1,1,0,0
1,295,295,1.0,1,1,0,0
1,325,325,1.0,1,1,0,0
1,355,355,1.0,1,1,0,0
1,385,385,0.9487,1,1,0,0
1,415,415,0.8801,1,1,0,0
1,445,445,0.8208,1,1,0,0
1,475,475,0.7689,1,1,0,0
1,505,505,0.7233,1,1,0,0
1,535,535,0.6827,1,1,0,0
1,565,565,0.6465,1,1,0,0
2,67,98,2.0,2,2,1,0
2,97,128,2.0,2,2,1,0
2,127,158,2.0,2,2,1,0
2,157,188,2.0,2,2,1,0
2,187,218,2.0,2,2,1,0
2,217,248,2.0,2,2,1,0
2,247,278,2.0,2,2,1,0
2,277,308,2.0,2,2,1,0
2,307,338,2.0,2,2,1,0
2,337,368,1.9851,2,2,1,0
2,367,398,1.8354,2,2,1,0
2,397,428,1.7068,2,2,1,0
2,427,458,1.595,2,2,1,0
2,457,488,1.4969,2,2,1,1
2,487,518,1.4102,2,2,1,1
2,517,548,1.333,2,2,1,1
2,547,578,1.2638,2,2,1,1
2,577,608,1.2015,2,2,1,1
2,607,638,1.145,2,2,1,1
1,4,4,1.0,1,1,0,0
1,34,34,1.0,1,1,0,0
1,64,64,1.0,1,1,0,0
1,94,94,1.0,1,1,0,0
1,124,124,1.0,1,1,0,0
1,154,154,1.0,1,1,0,0
1,184,184,1.0,1,1,0,0
1,214,214,1.0,1,1,0,0
1,244,244,1.0,1,1,0,0
1,274,274,1.0,1,1,0,0
1,304,304,1.0,1,1,0,0
1,334,334,1.0,1,1,0,0
1,364,364,1.0,1,1,0,0
1,394,394,0.927,1,1,0,0
1,424,424,0.8614,1,1,0,0
1,454,454,0.8045,1,1,0,0
1,484,484,0.7546,1,1,0,0
1,514,514,0.7106,1,1,0,0
1,544,544,0.6714,1,1,0,0
1,319,319,1.0,1,1,0,0
2,2,349,2.0,2,1,0,0
2,32,379,1.9274,2,1,0,0
2,62,409,1.7861,2,1,0,0
2,92,439,1.664,2,1,0,0
2,122,469,1.5576,2,1,0,0
2,152,499,1.4639,2,1,0,0
2,182,529,1.3809,2,1,0,0
2,212,559,1.3068,2,1,0,0
2,242,589,1.2402,2,1,0,0
2,272,619,1.1801,2,1,0,0
2,302,649,1.1256,2,1,0,0
2,332,679,1.0758,2,1,0,0
2,362,709,1.0303,2,1,0,0
2,392,739,0.9885,2,1,0,0
2,422,769,0.9499,2,1,0,0
2,452,799,0.9143,2,1,0,0
2,482,829,0.8812,2,1,0,0
2,512,859,0.8504,2,1,0,0
2,10,148,2.0,1,1,0,0
2,40,178,2.0,1,1,0,0
2,70,208,2.0,1,1,0,0
2,100,238,2.0,1,1,0,0
2,130,268,2.0,1,1,0,0
2,160,298,2.0,1,1,0,0
2,190,328,2.0,1,1,0,0
2,220,358,2.0,1,1,0,0
2,250,388,1.8827,1,1,0,0
2,280,418,1.7476,1,1,0,0
2,310,448,1.6306,1,1,0,0
2,340,478,1.5282,1,1,0,0
2,370,508,1.438,1,1,0,0
2,400,538,1.3578,1,1,0,0
2,430,568,1.2861,1,1,0,0
2,460,598,1.2216,1,1,0,0
2,490,628,1.1632,1,1,0,0
2,520,658,1.1102,1,1,0,0
2,550,688,1.0618,1,1,0,0
1,22,22,1.0,1,1,0,0
1,52,52,1.0,1,1,0,0
1,82,82,1.0,1,1,0,0
1,112,112,1.0,1,1,0,0
1,142,142,1.0,1,1,0,0
1,172,172,1.0,1,1,0,0
1,202,202,1.0,1,1,0,0
1,232,232,1.0,1,1,0,1
1,262,262,1.0,1,1,0,1
1,292,292,1.0,1,1,0,1
1,322,322,1.0,1,1,0,1
1,352,352,1.0,1,1,0,1
1,382,382,0.9562,1,1,0,1
1,412,412,0.8865,1,1,0,1
1,442,442,0.8264,1,1,0,1
1,472,472,0.7738,1,1,0,1
1,502,502,0.7276,1,1,0,1
1,532,532,0.6866,1,1,0,1
5,50,287,5.0,3,2,0,0
5,80,317,5.0,3,2,0,0
5,110,347,5.0,3,2,0,0
6,28,377,5.813,3,3,0,0
6,58,407,5.3845,3,3,0,0
6,88,437,5.0149,3,3,0,0
6,118,467,4.6927,3,3,0,0
6,148,497,4.4095,3,3,0,0
7,26,527,4.8515,4,3,0,0
7,56,557,4.5902,4,3,0,0
7,86,587,4.3556,4,3,0,0
7,116,617,4.1438,4,3,0,0
7,146,647,3.9517,4,3,0,0
7,176,677,3.7766,4,3,0,0
7,206,707,3.6163,4,3,0,0
7,236,737,3.4691,4,3,0,0
7,266,767,3.3334,4,3,0,0
7,296,797,3.208,4,3,0,0
7,326,827,3.0916,4,3,0,0
2,97,262,2.0,1,1,1,0
2,127,292,2.0,1,1,1,0
2,157,322,2.0,1,1,1,0
3,13,352,3.0,1,1,2,0
3,43,382,2.8685,1,1,2,0
3,73,412,2.6596,1,1,2,0
3,103,442,2.4791,1,1,2,0
3,133,472,2.3215,1,1,2,0
3,163,502,2.1828,1,1,2,0
3,193,532,2.0597,1,1,2,0
3,223,562,1.9497,1,1,2,0
3,253,592,1.8509,1,1,2,0
3,283,622,1.7617,1,1,2,0
3,313,652,1.6806,1,1,2,0
3,343,682,1.6067,1,1,2,0
3,373,712,1.539,1,1,2,0
3,403,742,1.4768,1,1,2,0
3,433,772,1.4194,1,1,2,0
4,11,802,1.8217,1,1,2,0
1,54,54,1.0,1,1,0,0
1,84,84,1.0,1,1,0,0
1,114,114,1.0,1,1,0,0
1,144,144,1.0,1,1,0,0
1,174,174,1.0,1,1,0,0
1,204,204,1.0,1,1,0,0
2,12,234,2.0,1,1,0,0
2,42,264,2.0,1,1,0,0
3,9,294,3.0,1,1,0,0
3,39,324,3.0,1,1,0,0
3,69,354,3.0,1,1,0,0
3,99,384,2.8535,1,1,0,0
3,129,414,2.6467,1,1,0,0
3,159,444,2.4679,1,1,0,0
3,189,474,2.3117,1,1,0,0
4,11,504,2.8988,1,2,0,0
4,41,534,2.736,1,2,0,0
4,71,564,2.5904,1,2,0,0
5,15,594,3.0745,1,2,0,0
1,35,35,1.0,1,1,0,0
1,65,65,1.0,1,1,0,0
1,95,95,1.0,1,1,0,0
1,125,125,1.0,1,1,0,0
1,155,155,1.0,1,1,0,0
1,185,185,1.0,1,1,0,0
1,215,215,1.0,1,1,0,0
1,245,245,1.0,1,1,0,0
2,14,275,2.0,1,1,1,0
2,44,305,2.0,1,1,1,0
2,74,335,2.0,1,1,1,0
2,104,365,2.0,1,1,1,0
2,134,395,1.8494,1,1,1,0
2,164,425,1.7188,1,1,1,0
3,11,455,2.4082,1,1,1,0
3,41,485,2.2593,1,1,1,0
3,71,515,2.1277,1,1,1,0
3,101,545,2.0106,1,1,1,0
3,131,575,1.9057,1,1,1,0
1,35,35,1.0,1,1,0,0
1,65,65,1.0,1,1,0,0
1,95,95,1.0,1,1,0,0
1,125,125,1.0,1,1,0,0
1,155,155,1.0,1,1,0,0
1,185,185,1.0,1,1,0,0
1,215,215,1.0,1,1,0,0
1,245,245,1.0,1,1,0,0
1,275,275,1.0,1,1,0,0
1,305,305,1.0,1,1,0,0
1,335,335,1.0,1,1,0,0
1,365,365,1.0,1,1,0,0
1,395,395,0.9247,1,1,0,0
1,425,425,0.8594,1,1,0,0
2,11,455,1.6055,1,1,0,0
2,41,485,1.5062,1,1,0,0
2,71,515,1.4184,1,1,0,0
2,101,545,1.3404,1,1,0,0
2,131,575,1.2704,1,1,0,0
1,27,27,1.0,1,1,0,0
1,57,57,1.0,1,1,0,0
1,87,87,1.0,1,1,0,0
1,117,117,1.0,1,1,0,0
1,147,147,1.0,1,1,0,0
1,177,177,1.0,1,1,0,0
2,24,207,2.0,1,2,1,0
2,54,237,2.0,1,2,1,0
2,84,267,2.0,1,2,1,0
2,114,297,2.0,1,2,1,0
2,144,327,2.0,1,2,1,0
2,174,357,2.0,1,2,1,0
2,204,387,1.8876,1,2,1,0
2,234,417,1.7518,1,2,1,0
3,19,447,2.4513,1,2,1,0
1,38,38,1.0,1,1,0,0
1,68,68,1.0,1,1,0,0
1,98,98,1.0,1,1,0,0
1,128,128,1.0,1,1,0,0
2,13,158,2.0,1,1,0,0
2,43,188,2.0,1,1,0,0
2,73,218,2.0,1,1,0,0
2,103,248,2.0,1,1,0,0
2,133,278,2.0,1,1,0,0
2,163,308,2.0,1,1,0,0
2,193,338,2.0,1,1,0,0
2,223,368,1.9851,1,1,0,0
2,253,398,1.8354,1,1,0,0
2,283,428,1.7068,1,1,0,0
2,313,458,1.595,1,1,0,0
2,343,488,1.4969,1,1,0,0
2,373,518,1.4102,1,1,0,0
2,403,548,1.333,1,1,0,0
2,433,578,1.2638,1,1,0,0
1,34,34,1.0,1,1,0,0
1,64,64,1.0,1,1,0,0
1,94,94,1.0,1,1,0,0
1,124,124,1.0,1,1,0,0
1,154,154,1.0,1,1,0,0
1,184,184,1.0,1,1,0,0
1,214,214,1.0,1,1,0,0
1,244,244,1.0,1,1,0,0
1,274,274,1.0,1,1,0,0
1,304,304,1.0,1,1,0,0
1,334,334,1.0,1,1,0,0
2,14,364,2.0,1,2,0,0
2,44,394,1.8541,1,2,0,0
2,74,424,1.7229,1,2,0,0
2,104,454,1.609,1,2,0,0
2,134,484,1.5093,1,2,0,0
2,164,514,1.4212,1,2,0,0
2,194,544,1.3428,1,2,0,0
2,224,574,1.2726,1,2,0,0
1,21,21,1.0,1,1,0,0
1,51,51,1.0,1,1,0,0
1,81,81,1.0,1,1,0,0
1,111,111,1.0,1,1,0,0
1,141,141,1.0,1,1,0,0
1,171,171,1.0,1,1,0,0
1,201,201,1.0,1,1,0,0
2,13,231,2.0,1,2,0,0
2,43,261,2.0,1,2,0,0
2,73,291,2.0,1,2,0,0
2,103,321,2.0,1,2,0,0
2,133,351,2.0,1,2,0,0
3,15,381,2.876,1,2,1,0
3,45,411,2.6661,1,2,1,0
3,75,441,2.4847,1,2,1,0
3,105,471,2.3264,1,2,1,0
3,135,501,2.1871,1,2,1,0
4,13,531,2.7514,1,3,1,0
4,43,561,2.6043,1,3,1,0
1,21,21,1.0,1,1,0,0
1,51,51,1.0,1,1,0,0
1,81,81,1.0,1,1,0,0
1,111,111,1.0,1,1,0,0
1,141,141,1.0,1,1,0,0
1,171,171,1.0,1,1,0,0
1,201,201,1.0,1,1,0,0
1,231,231,1.0,1,1,0,0
1,261,261,1.0,1,1,0,0
1,291,291,1.0,1,1,0,0
1,321,321,1.0,1,1,0,0
1,351,351,1.0,1,1,0,0
2,15,381,1.9173,1,1,1,0
2,45,411,1.7774,1,1,1,0
2,75,441,1.6565,1,1,1,0
2,105,471,1.551,1,1,1,0
2,135,501,1.4581,1,1,1,0
3,13,531,2.0636,1,2,1,0
3,43,561,1.9532,1,2,1,0
1,82,82,1.0,1,1,0,0
1,112,112,1.0,1,1,0,0
1,142,142,1.0,1,1,0,0
2,13,172,2.0,1,2,0,0
2,43,202,2.0,1,2,0,0
2,73,232,2.0,1,2,0,0
2,103,262,2.0,1,2,0,0
2,133,292,2.0,1,2,0,0
2,163,322,2.0,1,2,0,0
2,193,352,2.0,1,2,0,0
3,12,382,2.8685,1,3,0,0
3,42,412,2.6596,1,3,0,0
3,72,442,2.4791,1,3,0,0
3,102,472,2.3215,1,3,0,0
3,132,502,2.1828,1,3,0,0
3,162,532,2.0597,1,3,0,0
3,192,562,1.9497,1,3,0,0
4,24,592,2.4679,1,3,0,0
4,54,622,2.3489,1,3,0,0
1,45,45,1.0,1,1,0,0
1,75,75,1.0,1,1,0,0
1,105,105,1.0,1,1,0,0
1,135,135,1.0,1,1,0,0
2,29,165,2.0,1,1,1,0
2,59,195,2.0,1,1,1,0
2,89,225,2.0,1,1,1,0
2,119,255,2.0,1,1,1,0
2,149,285,2.0,1,1,1,0
3,2,315,3.0,1,1,1,0
3,32,345,3.0,1,1,1,0
3,62,375,2.922,1,1,1,0
3,92,405,2.7056,1,1,1,0
3,122,435,2.519,1,1,1,0
4,2,465,3.1419,1,1,1,0
4,32,495,2.9515,1,1,1,0
4,62,525,2.7829,1,1,1,0
4,92,555,2.6324,1,1,1,0
4,122,585,2.4974,1,1,1,0
1,18,18,1.0,1,1,1,0
1,48,48,1.0,1,1,1,0
1,78,78,1.0,1,1,1,0
1,108,108,1.0,1,1,1,0
1,138,138,1.0,1,1,1,0
2,14,168,2.0,1,2,1,0
2,44,198,2.0,1,2,1,0
2,74,228,2.0,1,2,1,0
2,104,258,2.0,1,2,1,0
2,134,288,2.0,1,2,1,0
3,20,318,3.0,1,2,1,0
3,50,348,3.0,1,2,1,0
3,80,378,2.8988,1,2,1,0
3,110,408,2.6857,1,2,1,0
3,140,438,2.5017,1,2,1,0
3,170,468,2.3413,1,2,1,0
3,200,498,2.2003,1,2,1,0
3,230,528,2.0753,1,2,1,0
3,260,558,1.9637,1,2,1,0
1,66,66,1.0,1,1,0,0
1,96,96,1.0,1,1,0,0
1,126,126,1.0,1,1,0,0
1,156,156,1.0,1,1,0,0
1,186,186,1.0,1,1,0,0
1,216,216,1.0,1,1,0,0
1,246,246,1.0,1,1,0,0
2,29,276,2.0,1,2,0,0
2,59,306,2.0,1,2,0,0
2,89,336,2.0,1,2,0,0
2,119,366,1.9959,1,2,0,0
2,149,396,1.8447,1,2,0,0
2,179,426,1.7148,1,2,0,0
2,209,456,1.602,1,2,0,0
2,239,486,1.5031,1,2,0,0
2,269,516,1.4157,1,2,0,0
2,299,546,1.3379,1,2,0,0
2,329,576,1.2682,1,2,0,0
2,359,606,1.2054,1,2,0,0
1,88,88,1.0,1,1,0,0
2,22,118,2.0,1,2,0,0
2,52,148,2.0,1,2,0,0
2,82,178,2.0,1,2,0,0
2,112,208,2.0,1,2,0,0
2,142,238,2.0,1,2,0,0
2,172,268,2.0,1,2,0,0
2,202,298,2.0,1,2,0,0
3,16,328,3.0,1,2,0,0
3,46,358,3.0,1,2,0,0
3,76,388,2.8241,1,2,0,0
3,106,418,2.6214,1,2,0,0
3,136,448,2.4459,1,2,0,0
3,166,478,2.2924,1,2,0,0
3,196,508,2.157,1,2,0,0
4,8,538,2.7156,1,3,0,0
4,38,568,2.5722,1,3,0,0
4,68,598,2.4431,1,3,0,0
4,98,628,2.3264,1,3,0,0
2,39,136,2.0,1,1,0,0
2,69,166,2.0,1,1,0,0
2,99,196,2.0,1,1,0,0
2,129,226,2.0,1,1,0,0
2,159,256,2.0,1,1,0,0
2,189,286,2.0,1,1,0,0
2,219,316,2.0,1,1,0,0
3,23,346,3.0,1,2,0,0
3,53,376,2.9142,1,2,0,0
3,83,406,2.6989,1,2,0,0
3,113,436,2.5132,1,2,0,0
3,143,466,2.3514,1,2,0,0
4,18,496,2.9456,1,2,0,0
4,48,526,2.7776,1,2,0,0
4,78,556,2.6277,1,2,0,0
4,108,586,2.4932,1,2,0,0
4,138,616,2.3718,1,2,0,0
4,168,646,2.2616,1,2,0,0
4,198,676,2.1612,1,2,0,0
2,39,136,2.0,1,1,0,0
2,69,166,2.0,1,1,0,0
2,99,196,2.0,1,1,0,0
2,129,226,2.0,1,1,0,0
2,159,256,2.0,1,1,0,0
2,189,286,2.0,1,1,0,0
2,219,316,2.0,1,1,0,0
3,23,346,3.0,1,2,0,0
3,53,376,2.9142,1,2,0,0
3,83,406,2.6989,1,2,0,0
3,113,436,2.5132,1,2,0,0
3,143,466,2.3514,1,2,0,0
4,18,496,2.9456,1,2,0,0
4,48,526,2.7776,1,2,0,0
4,78,556,2.6277,1,2,0,0
4,108,586,2.4932,1,2,0,0
4,138,616,2.3718,1,2,0,0
4,168,646,2.2616,1,2,0,0
4,198,676,2.1612,1,2,0,0
1,9,9,1.0,1,1,0,0
1,39,39,1.0,1,1,0,0
1,69,69,1.0,1,1,0,0
1,99,99,1.0,1,1,0,0
1,129,129,1.0,1,1,0,0
1,159,159,1.0,1,1,0,0
2,19,189,2.0,1,2,0,0
2,49,219,2.0,1,2,0,0
2,79,249,2.0,1,2,0,0
2,109,279,2.0,1,2,0,0
2,139,309,2.0,1,2,0,0
2,169,339,2.0,1,2,0,0
2,199,369,1.9797,1,2,0,0
2,229,399,1.8308,1,2,0,0
1,51,51,1.0,1,1,0,0
1,81,81,1.0,1,1,0,0
1,111,111,1.0,1,1,0,0
2,13,141,2.0,1,2,0,0
2,43,171,2.0,1,2,0,0
2,73,201,2.0,1,2,0,0
2,103,231,2.0,1,2,0,0
2,133,261,2.0,1,2,0,0
2,163,291,2.0,1,2,0,0
2,193,321,2.0,1,2,0,0
2,223,351,2.0,1,2,0,0
2,253,381,1.9173,1,2,0,0
2,283,411,1.7774,1,2,0,0
2,313,441,1.6565,1,2,0,0
2,343,471,1.551,1,2,0,0
2,373,501,1.4581,1,2,0,0
2,403,531,1.3757,1,2,0,0
2,433,561,1.3021,1,2,0,0
2,463,591,1.236,1,2,0,0
1,18,18,1.0,1,1,0,0
1,48,48,1.0,1,1,0,0
1,78,78,1.0,1,1,0,0
1,108,108,1.0,1,1,0,0
1,138,138,1.0,1,1,0,0
2,12,168,2.0,1,2,0,0
2,42,198,2.0,1,2,0,0
2,72,228,2.0,1,2,0,0
2,102,258,2.0,1,2,0,0
2,132,288,2.0,1,2,0,0
2,162,318,2.0,1,2,0,0
3,10,348,3.0,1,2,0,0
3,40,378,2.8988,1,2,0,0
1,18,18,1.0,1,1,0,0
1,48,48,1.0,1,1,0,0
1,78,78,1.0,1,1,0,0
1,108,108,1.0,1,1,0,0
1,138,138,1.0,1,1,0,0
2,12,168,2.0,1,2,0,0
2,42,198,2.0,1,2,0,0
2,72,228,2.0,1,2,0,0
2,102,258,2.0,1,2,0,0
2,132,288,2.0,1,2,0,0
2,162,318,2.0,1,2,0,0
3,10,348,3.0,1,2,0,0
3,40,378,2.8988,1,2,0,0
1,108,108,1.0,1,1,1,0
2,8,138,2.0,1,2,1,0
2,38,168,2.0,1,2,1,0
3,15,198,3.0,1,2,1,0
3,45,228,3.0,1,2,1,0
3,75,258,3.0,1,2,1,0
3,105,288,3.0,1,2,1,0
3,135,318,3.0,1,2,1,0
3,165,348,3.0,1,2,1,0
3,195,378,2.8988,1,2,1,0
3,225,408,2.6857,1,2,1,0
4,11,438,3.3356,1,3,1,0
4,41,468,3.1218,1,3,1,0
4,71,498,2.9337,1,3,1,0
4,101,528,2.767,1,3,1,0
4,131,558,2.6183,1,3,1,0
4,161,588,2.4847,1,3,1,0
4,191,618,2.3641,1,3,1,0
4,221,648,2.2546,1,3,1,0
2,61,189,2.0,1,2,0,0
2,91,219,2.0,1,2,0,0
2,121,249,2.0,1,2,0,0
2,151,279,2.0,1,2,0,0
2,181,309,2.0,1,2,0,0
2,211,339,2.0,1,2,0,0
2,241,369,1.9797,1,2,0,0
2,271,399,1.8308,1,2,0,0
2,301,429,1.7028,1,2,0,0
2,331,459,1.5915,1,2,0,0
2,361,489,1.4939,1,2,0,0
2,391,519,1.4075,1,2,0,0
2,421,549,1.3306,1,2,0,0
2,451,579,1.2617,1,2,0,0
2,481,609,1.1995,1,2,0,0
2,511,639,1.1432,1,2,0,0
2,541,669,1.0919,1,2,0,0
2,571,699,1.0451,1,2,0,0
2,601,729,1.0021,1,2,0,0
1,52,52,1.0,1,1,0,0
1,82,82,1.0,1,1,0,0
1,112,112,1.0,1,1,0,0
1,142,142,1.0,1,1,0,0
1,172,172,1.0,1,1,0,0
1,202,202,1.0,1,1,0,0
1,232,232,1.0,1,1,0,0
2,17,262,2.0,1,2,0,0
2,47,292,2.0,1,2,0,0
2,77,322,2.0,1,2,0,0
2,107,352,2.0,1,2,0,0
3,22,382,2.8685,1,2,0,0
3,52,412,2.6596,1,2,0,0
3,82,442,2.4791,1,2,0,0
3,112,472,2.3215,1,2,0,0
3,142,502,2.1828,1,2,0,0
3,172,532,2.0597,1,2,0,0
3,202,562,1.9497,1,2,0,0
3,232,592,1.8509,1,2,0,0
1,10,10,1.0,1,1,0,0
1,40,40,1.0,1,1,0,0
1,70,70,1.0,1,1,0,0
1,100,100,1.0,1,1,0,0
1,130,130,1.0,1,1,0,0
1,160,160,1.0,1,1,0,0
1,190,190,1.0,1,1,0,0
2,11,220,2.0,1,2,0,0
2,41,250,2.0,1,2,0,0
2,71,280,2.0,1,2,0,0
2,101,310,2.0,1,2,0,0
2,131,340,2.0,1,2,0,0
2,161,370,1.9743,1,2,0,0
2,191,400,1.8263,1,2,0,0
3,10,430,2.5483,1,2,0,0
3,40,460,2.3821,1,2,0,0
3,70,490,2.2362,1,2,0,0
1,11,11,1.0,1,1,0,0
1,41,41,1.0,1,1,0,0
1,71,71,1.0,1,1,0,0
1,101,101,1.0,1,1,0,0
1,131,131,1.0,1,1,0,0
1,161,161,1.0,1,1,0,0
1,191,191,1.0,1,1,0,0
1,221,221,1.0,1,1,0,0
2,17,251,2.0,1,1,1,0
2,47,281,2.0,1,1,1,0
2,77,311,2.0,1,1,1,0
2,107,341,2.0,1,1,1,0
3,3,371,2.9535,1,1,1,0
3,33,401,2.7325,1,1,1,0
3,63,431,2.5423,1,1,1,0
3,93,461,2.3769,1,1,1,0
3,123,491,2.2317,1,1,1,0
1,11,11,1.0,1,1,0,0
1,41,41,1.0,1,1,0,0
1,71,71,1.0,1,1,0,0
1,101,101,1.0,1,1,0,0
1,131,131,1.0,1,1,0,0
1,161,161,1.0,1,1,0,0
1,191,191,1.0,1,1,0,0
1,221,221,1.0,1,1,0,0
2,17,251,2.0,1,1,1,0
2,47,281,2.0,1,1,1,0
2,77,311,2.0,1,1,1,0
2,107,341,2.0,1,1,1,0
3,3,371,2.9535,1,1,1,0
3,33,401,2.7325,1,1,1,0
3,63,431,2.5423,1,1,1,0
3,93,461,2.3769,1,1,1,0
3,123,491,2.2317,1,1,1,0
2,13,155,2.0,1,1,0,0
2,43,185,2.0,1,1,0,0
2,73,215,2.0,1,1,0,0
2,103,245,2.0,1,1,0,0
2,133,275,2.0,1,1,0,0
2,163,305,2.0,1,1,0,0
2,193,335,2.0,1,1,0,0
2,223,365,2.0,1,1,0,0
2,253,395,1.8494,1,1,0,0
2,283,425,1.7188,1,1,0,0
2,313,455,1.6055,1,1,0,0
2,343,485,1.5062,1,1,0,0
2,373,515,1.4184,1,1,0,0
2,403,545,1.3404,1,1,0,0
2,433,575,1.2704,1,1,0,0
2,463,605,1.2074,1,1,0,0
2,493,635,1.1504,1,1,0,0
2,523,665,1.0985,1,1,0,0
2,553,695,1.0511,1,1,0,0
2,13,155,2.0,1,1,0,0
2,43,185,2.0,1,1,0,0
2,73,215,2.0,1,1,0,0
2,103,245,2.0,1,1,0,0
2,133,275,2.0,1,1,0,0
2,163,305,2.0,1,1,0,0
2,193,335,2.0,1,1,0,0
2,223,365,2.0,1,1,0,0
2,253,395,1.8494,1,1,0,0
2,283,425,1.7188,1,1,0,0
2,313,455,1.6055,1,1,0,0
2,343,485,1.5062,1,1,0,0
2,373,515,1.4184,1,1,0,0
2,403,545,1.3404,1,1,0,0
2,433,575,1.2704,1,1,0,0
2,463,605,1.2074,1,1,0,0
2,493,635,1.1504,1,1,0,0
2,523,665,1.0985,1,1,0,0
2,553,695,1.0511,1,1,0,0
1,22,22,1.0,1,1,0,0
1,52,52,1.0,1,1,0,0
1,82,82,1.0,1,1,0,0
1,112,112,1.0,1,1,0,0
2,26,142,2.0,1,2,0,0
2,56,172,2.0,1,2,0,0
2,86,202,2.0,1,2,0,0
2,116,232,2.0,1,2,0,0
2,146,262,2.0,1,2,0,0
2,176,292,2.0,1,2,0,0
2,206,322,2.0,1,2,0,0
3,21,352,3.0,1,3,0,0
3,51,382,2.8685,1,3,0,0
3,81,412,2.6596,1,3,0,0
1,54,54,1.0,1,1,0,0
1,84,84,1.0,1,1,0,0
1,114,114,1.0,1,1,0,0
1,144,144,1.0,1,1,0,0
2,28,174,2.0,1,1,0,0
2,58,204,2.0,1,1,0,0
2,88,234,2.0,1,1,0,0
2,118,264,2.0,1,1,0,0
2,148,294,2.0,1,1,0,0
2,178,324,2.0,1,1,0,0
2,208,354,2.0,1,1,0,0
2,238,384,1.9023,1,1,0,0
2,268,414,1.7645,1,1,0,0
2,298,444,1.6453,1,1,0,0
2,328,474,1.5411,1,1,0,0
2,358,504,1.4494,1,1,0,0
2,388,534,1.368,1,1,0,0
2,418,564,1.2952,1,1,0,0
2,448,594,1.2298,1,1,0,0
2,28,133,2.0,1,1,0,0
2,58,163,2.0,1,1,0,0
2,88,193,2.0,1,1,0,0
2,118,223,2.0,1,1,0,0
2,148,253,2.0,1,1,0,0
2,178,283,2.0,1,1,0,0
2,208,313,2.0,1,1,0,0
2,238,343,2.0,1,1,0,0
2,268,373,1.9584,1,1,0,0
2,298,403,1.8127,1,1,0,0
2,328,433,1.6871,1,1,0,0
2,358,463,1.5778,1,1,0,0
2,388,493,1.4817,1,1,0,0
2,418,523,1.3967,1,1,0,0
2,448,553,1.321,1,1,0,0
2,478,583,1.253,1,1,0,0
2,508,613,1.1917,1,1,0,0
2,538,643,1.1361,1,1,0,0
2,568,673,1.0854,1,1,0,0
1,15,15,1.0,1,1,0,0
1,45,45,1.0,1,1,0,0
1,75,75,1.0,1,1,0,0
2,16,105,2.0,1,1,0,0
2,46,135,2.0,1,1,0,0
2,76,165,2.0,1,1,0,0
2,106,195,2.0,1,1,0,0
2,136,225,2.0,1,1,0,0
2,166,255,2.0,1,1,0,0
2,196,285,2.0,1,1,0,0
2,226,315,2.0,1,1,0,0
2,256,345,2.0,1,1,0,0
2,286,375,1.948,1,1,0,0
2,316,405,1.8037,1,1,0,0
2,346,435,1.6793,1,1,0,0
2,376,465,1.571,1,1,0,0
2,406,495,1.4758,1,1,0,0
2,13,102,2.0,1,2,1,0
2,43,132,2.0,1,2,1,0
2,73,162,2.0,1,2,1,0
2,103,192,2.0,1,2,1,0
2,133,222,2.0,1,2,1,0
2,163,252,2.0,1,2,1,0
2,193,282,2.0,1,2,1,0
2,223,312,2.0,1,2,1,0
2,253,342,2.0,1,2,1,0
2,283,372,1.9637,1,2,1,0
2,313,402,1.8172,1,2,1,0
2,343,432,1.691,1,2,1,0
2,373,462,1.5812,1,2,1,0
2,403,492,1.4848,1,2,1,0
2,433,522,1.3994,1,2,1,0
2,463,552,1.3234,1,2,1,0
2,493,582,1.2552,1,2,1,0
2,523,612,1.1936,1,2,1,0
2,553,642,1.1379,1,2,1,0
1,126,126,1.0,1,1,0,0
2,15,156,2.0,1,2,0,0
2,45,186,2.0,1,2,0,0
2,75,216,2.0,1,2,0,0
2,105,246,2.0,1,2,0,0
2,135,276,2.0,1,2,0,0
2,165,306,2.0,1,2,0,0
2,195,336,2.0,1,2,0,0
2,225,366,1.9959,1,2,0,0
2,255,396,1.8447,1,2,0,0
2,285,426,1.7148,1,2,0,0
2,315,456,1.602,1,2,0,0
2,345,486,1.5031,1,2,0,0
2,375,516,1.4157,1,2,0,0
2,405,546,1.3379,1,2,0,0
2,435,576,1.2682,1,2,0,0
2,465,606,1.2054,1,2,0,0
2,495,636,1.1486,1,2,0,0
2,525,666,1.0968,1,2,0,0
1,21,21,1.0,1,1,0,0
1,51,51,1.0,1,1,0,0
1,81,81,1.0,1,1,0,0
2,21,111,2.0,1,2,0,0
2,51,141,2.0,1,2,0,0
2,81,171,2.0,1,2,0,0
2,111,201,2.0,1,2,0,0
2,141,231,2.0,1,2,0,0
2,171,261,2.0,1,2,0,0
3,9,291,3.0,1,2,0,0
3,39,321,3.0,1,2,0,0
3,69,351,3.0,1,2,0,0
3,99,381,2.876,1,2,0,0
1,123,123,1.0,1,1,0,0
1,153,153,1.0,1,1,0,0
1,183,183,1.0,1,1,0,0
2,19,213,2.0,1,1,0,0
2,49,243,2.0,1,1,0,0
2,79,273,2.0,1,1,0,0
2,109,303,2.0,1,1,0,0
2,139,333,2.0,1,1,0,0
2,169,363,2.0,1,1,0,0
2,199,393,1.8588,1,1,0,0
2,229,423,1.727,1,1,0,0
2,259,453,1.6126,1,1,0,0
2,289,483,1.5124,1,1,0,0
2,319,513,1.424,1,1,0,0
2,349,543,1.3453,1,1,0,0
2,379,573,1.2749,1,1,0,0
2,409,603,1.2114,1,1,0,0
2,439,633,1.154,1,1,0,0
2,469,663,1.1018,1,1,0,0
1,72,72,1.0,1,1,0,0
2,1,102,2.0,1,2,0,0
2,31,132,2.0,1,2,0,0
2,61,162,2.0,1,2,0,0
2,91,192,2.0,1,2,0,0
2,121,222,2.0,1,2,0,0
2,151,252,2.0,1,2,0,0
3,26,282,3.0,1,2,0,0
3,56,312,3.0,1,2,0,0
3,86,342,3.0,1,2,0,0
3,116,372,2.9456,1,2,0,0
3,146,402,2.7257,1,2,0,0
3,176,432,2.5365,1,2,0,0
3,206,462,2.3718,1,2,0,0
3,236,492,2.2271,1,2,0,0
3,266,522,2.0991,1,2,0,0
3,296,552,1.9851,1,2,0,0
3,326,582,1.8827,1,2,0,0
3,356,612,1.7904,1,2,0,0
1,123,123,1.0,1,1,0,0
1,153,153,1.0,1,1,0,0
1,183,183,1.0,1,1,0,0
1,213,213,1.0,1,1,0,0
2,1,243,2.0,1,2,0,0
2,31,273,2.0,1,2,0,0
2,61,303,2.0,1,2,0,0
2,91,333,2.0,1,2,0,0
2,121,363,2.0,1,2,0,0
3,2,393,2.7882,1,2,0,0
3,32,423,2.5904,1,2,0,0
3,62,453,2.4189,1,2,0,0
3,92,483,2.2686,1,2,0,0
3,122,513,2.136,1,2,0,0
3,152,543,2.018,1,2,0,0
4,12,573,2.5497,1,2,0,0
4,42,603,2.4229,1,2,0,0
4,72,633,2.3081,1,2,0,0
4,102,663,2.2036,1,2,0,0
1,176,176,1.0,1,1,0,0
2,24,206,2.0,1,1,0,0
2,54,236,2.0,1,1,0,0
3,26,266,3.0,1,1,0,0
3,56,296,3.0,1,1,0,0
3,86,326,3.0,1,1,0,0
3,116,356,3.0,1,1,0,0
3,146,386,2.8387,1,1,0,0
3,176,416,2.634,1,1,0,0
4,17,446,3.2758,1,1,1,0
4,47,476,3.0693,1,1,1,0
4,77,506,2.8874,1,1,1,0
4,107,536,2.7257,1,1,1,0
4,137,566,2.5813,1,1,1,0
4,167,596,2.4513,1,1,1,0
4,197,626,2.3339,1,1,1,0
4,227,656,2.2271,1,1,1,0
4,257,686,2.1297,1,1,1,0
4,287,716,2.0405,1,1,1,0
2,52,146,2.0,1,2,0,0
2,82,176,2.0,1,2,0,0
2,112,206,2.0,1,2,0,0
2,142,236,2.0,1,2,0,0
2,172,266,2.0,1,2,0,0
2,202,296,2.0,1,2,0,0
3,26,326,3.0,1,2,0,0
3,56,356,3.0,1,2,0,0
3,86,386,2.8387,1,2,0,0
4,2,416,3.512,1,2,0,0
5,3,446,4.0947,2,2,0,0
5,33,476,3.8367,2,2,0,0
5,63,506,3.6092,2,2,0,0
5,93,536,3.4072,2,2,0,0
5,123,566,3.2266,2,2,0,0
5,153,596,3.0642,2,2,0,0
5,183,626,2.9173,2,2,0,0
5,213,656,2.7839,2,2,0,0
5,243,686,2.6622,2,2,0,0
1,13,13,1.0,1,1,0,0
1,43,43,1.0,1,1,0,0
1,73,73,1.0,1,1,0,0
2,27,103,2.0,1,2,0,0
2,57,133,2.0,1,2,0,0
3,2,163,3.0,1,2,0,0
3,32,193,3.0,1,2,0,0
3,62,223,3.0,1,2,0,0
3,92,253,3.0,1,2,0,0
3,122,283,3.0,1,2,0,0
3,152,313,3.0,1,2,0,0
3,182,343,3.0,1,2,0,0
3,212,373,2.9377,1,2,0,0
4,14,403,3.6253,1,3,0,0
4,44,433,3.3741,1,3,0,0
1,87,87,1.0,1,1,0,0
1,117,117,1.0,1,1,0,0
2,15,147,2.0,1,1,0,0
2,45,177,2.0,1,1,0,0
2,75,207,2.0,1,1,0,0
2,105,237,2.0,1,1,0,0
2,135,267,2.0,1,1,0,0
2,165,297,2.0,1,1,0,0
2,195,327,2.0,1,1,0,0
2,225,357,2.0,1,1,0,0
3,29,387,2.8314,1,2,0,0
3,59,417,2.6277,1,2,0,0
3,89,447,2.4513,1,2,0,0
3,119,477,2.2972,1,2,0,0
4,27,507,2.8817,1,3,0,0
4,57,537,2.7207,1,3,0,0
4,87,567,2.5767,1,3,0,0
4,117,597,2.4472,1,3,0,0
4,147,627,2.3301,1,3,0,0
2,22,83,2.0,1,2,0,0
2,52,113,2.0,1,2,0,0
2,82,143,2.0,1,2,0,0
2,112,173,2.0,1,2,0,0
2,142,203,2.0,1,2,0,0
2,172,233,2.0,1,2,0,0
2,202,263,2.0,1,2,0,0
3,17,293,3.0,1,2,1,0
3,47,323,3.0,1,2,1,0
3,77,353,3.0,1,2,1,0
3,107,383,2.861,1,2,1,0
3,137,413,2.6531,1,2,1,0
3,167,443,2.4735,1,2,1,0
4,14,473,3.0888,1,2,2,0
4,44,503,2.9046,1,2,2,0
4,74,533,2.7411,1,2,2,0
4,104,563,2.595,1,2,2,0
4,134,593,2.4637,1,2,2,0
4,164,623,2.3451,1,2,2,0
2,22,83,2.0,1,2,0,0
2,52,113,2.0,1,2,0,0
2,82,143,2.0,1,2,0,0
2,112,173,2.0,1,2,0,0
2,142,203,2.0,1,2,0,0
2,172,233,2.0,1,2,0,0
2,202,263,2.0,1,2,0,0
3,17,293,3.0,1,2,1,0
3,47,323,3.0,1,2,1,0
3,77,353,3.0,1,2,1,0
3,107,383,2.861,1,2,1,0
3,137,413,2.6531,1,2,1,0
3,167,443,2.4735,1,2,1,0
3,197,473,2.3166,1,2,1,0
3,227,503,2.1784,1,2,1,0
3,257,533,2.0558,1,2,1,0
3,287,563,1.9463,1,2,1,0
3,317,593,1.8478,1,2,1,0
3,347,623,1.7588,1,2,1,0
1,6,6,1.0,1,1,1,0
1,36,36,1.0,1,1,1,0
1,66,66,1.0,1,1,1,0
1,96,96,1.0,1,1,1,0
1,126,126,1.0,1,1,1,0
1,156,156,1.0,1,1,1,0
1,186,186,1.0,1,1,1,0
2,8,216,2.0,1,1,2,0
2,38,246,2.0,1,1,2,0
2,68,276,2.0,1,1,2,0
2,98,306,2.0,1,1,2,0
2,128,336,2.0,1,1,2,0
2,158,366,1.9959,1,1,2,0
2,188,396,1.8447,1,1,2,0
2,218,426,1.7148,1,1,2,0
2,248,456,1.602,1,1,2,0
2,278,486,1.5031,1,1,2,0
2,308,516,1.4157,1,1,2,0
1,25,25,1.0,1,1,0,0
1,55,55,1.0,1,1,0,0
1,85,85,1.0,1,1,0,0
2,24,115,2.0,1,1,0,0
2,54,145,2.0,1,1,0,0
2,84,175,2.0,1,1,0,0
3,6,205,3.0,1,2,0,0
3,36,235,3.0,1,2,0,0
3,66,265,3.0,1,2,0,0
3,96,295,3.0,1,2,0,0
3,126,325,3.0,1,2,0,0
3,156,355,3.0,1,2,0,0
4,17,385,3.7948,1,3,0,0
4,47,415,3.5205,1,3,0,0
1,26,26,1.0,1,1,0,0
1,56,56,1.0,1,1,0,0
2,20,86,2.0,1,2,0,0
2,50,116,2.0,1,2,0,0
2,80,146,2.0,1,2,0,0
2,110,176,2.0,1,2,0,0
2,140,206,2.0,1,2,0,0
2,170,236,2.0,1,2,0,0
2,200,266,2.0,1,2,0,0
2,230,296,2.0,1,2,0,0
3,12,326,3.0,1,3,0,0
1,24,24,1.0,1,1,0,0
1,54,54,1.0,1,1,0,0
1,84,84,1.0,1,1,0,0
1,114,114,1.0,1,1,0,0
2,28,144,2.0,1,2,1,0
2,58,174,2.0,1,2,1,0
2,88,204,2.0,1,2,1,0
2,118,234,2.0,1,2,1,0
3,6,264,3.0,1,3,1,0
3,36,294,3.0,1,3,1,0
3,66,324,3.0,1,3,1,0
3,96,354,3.0,1,3,1,0
3,126,384,2.8535,1,3,1,0
3,156,414,2.6467,1,3,1,0
3,186,444,2.4679,1,3,1,0
1,24,24,1.0,1,1,0,0
1,54,54,1.0,1,1,0,0
1,84,84,1.0,1,1,0,0
1,114,114,1.0,1,1,0,0
2,28,144,2.0,1,2,1,0
2,58,174,2.0,1,2,1,0
2,88,204,2.0,1,2,1,0
2,118,234,2.0,1,2,1,0
3,6,264,3.0,1,3,1,0
3,36,294,3.0,1,3,1,0
3,66,324,3.0,1,3,1,0
3,96,354,3.0,1,3,1,0
3,126,384,2.8535,1,3,1,0
3,156,414,2.6467,1,3,1,0
3,186,444,2.4679,1,3,1,0
1,15,15,1.0,1,1,0,0
1,45,45,1.0,1,1,0,0
1,75,75,1.0,1,1,0,0
1,105,105,1.0,1,1,0,0
1,135,135,1.0,1,1,0,0
1,165,165,1.0,1,1,0,0
2,29,195,2.0,1,1,0,0
2,59,225,2.0,1,1,0,0
2,89,255,2.0,1,1,0,0
3,18,285,3.0,1,1,0,0
3,48,315,3.0,1,1,0,0
3,78,345,3.0,1,1,0,0
3,108,375,2.922,1,1,0,0
3,138,405,2.7056,1,1,0,0
3,168,435,2.519,1,1,0,0
3,198,465,2.3565,1,1,0,0
4,23,495,2.9515,1,1,1,0
1,17,17,1.0,1,1,0,0
1,47,47,1.0,1,1,0,0
1,77,77,1.0,1,1,0,0
1,107,107,1.0,1,1,0,0
1,137,137,1.0,1,1,0,0
1,167,167,1.0,1,1,0,0
2,11,197,2.0,1,2,0,0
2,41,227,2.0,1,2,0,0
3,12,257,3.0,1,2,0,0
3,42,287,3.0,1,2,0,0
3,72,317,3.0,1,2,0,0
3,102,347,3.0,1,2,0,0
3,132,377,2.9065,1,2,0,0
3,162,407,2.6923,1,2,0,0
4,0,437,3.3432,1,3,0,0
1,17,17,1.0,1,1,0,0
1,47,47,1.0,1,1,0,0
1,77,77,1.0,1,1,0,0
1,107,107,1.0,1,1,0,0
1,137,137,1.0,1,1,0,0
1,167,167,1.0,1,1,0,0
2,11,197,2.0,1,2,0,0
2,41,227,2.0,1,2,0,0
3,12,257,3.0,1,2,0,0
3,42,287,3.0,1,2,0,0
3,72,317,3.0,1,2,0,0
3,102,347,3.0,1,2,0,0
3,132,377,2.9065,1,2,0,0
3,162,407,2.6923,1,2,0,0
3,192,437,2.5074,1,2,0,0
1,55,55,1.0,1,1,0,0
1,85,85,1.0,1,1,0,0
1,115,115,1.0,1,1,0,0
1,145,145,1.0,1,1,0,0
1,175,175,1.0,1,1,0,0
2,6,205,2.0,1,1,0,0
2,36,235,2.0,1,1,0,0
2,66,265,2.0,1,1,0,0
2,96,295,2.0,1,1,0,0
2,126,325,2.0,1,1,0,0
2,156,355,2.0,1,1,0,0
3,13,385,2.8461,1,2,0,0
3,43,415,2.6404,1,2,0,0
3,73,445,2.4624,1,2,0,0
3,103,475,2.3068,1,2,0,0
3,133,505,2.1698,1,2,0,0
3,163,535,2.0481,1,2,0,0
4,17,565,2.5858,1,2,1,0
4,47,595,2.4555,1,2,1,0
1,10,10,1.0,1,1,0,0
1,40,40,1.0,1,1,0,0
1,70,70,1.0,1,1,0,0
1,100,100,1.0,1,1,0,0
1,130,130,1.0,1,1,0,0
1,160,160,1.0,1,1,0,0
1,190,190,1.0,1,1,0,0
2,4,220,2.0,1,2,0,0
2,34,250,2.0,1,2,0,0
2,64,280,2.0,1,2,0,0
2,94,310,2.0,1,2,0,0
2,124,340,2.0,1,2,0,0
2,154,370,1.9743,1,2,0,0
3,12,400,2.7394,1,2,0,0
3,42,430,2.5483,1,2,0,0
3,72,460,2.3821,1,2,0,0
3,102,490,2.2362,1,2,0,0
3,132,520,2.1072,1,2,0,0
3,162,550,1.9923,1,2,0,0
1,10,10,1.0,1,1,0,0
1,40,40,1.0,1,1,0,0
1,70,70,1.0,1,1,0,0
1,100,100,1.0,1,1,0,0
1,130,130,1.0,1,1,0,0
1,160,160,1.0,1,1,0,0
1,190,190,1.0,1,1,0,0
1,220,220,1.0,1,1,0,0
1,250,250,1.0,1,1,0,0
1,280,280,1.0,1,1,0,0
1,310,310,1.0,1,1,0,0
1,340,340,1.0,1,1,0,0
1,370,370,0.9872,1,1,0,0
2,12,400,1.8263,1,2,0,0
2,42,430,1.6988,1,2,0,0
2,72,460,1.588,1,2,0,0
2,102,490,1.4908,1,2,0,0
2,132,520,1.4048,1,2,0,0
2,162,550,1.3282,1,2,0,0
1,28,28,1.0,1,1,0,0
1,58,58,1.0,1,1,0,0
1,88,88,1.0,1,1,0,0
1,118,118,1.0,1,1,0,0
1,148,148,1.0,1,1,0,0
1,178,178,1.0,1,1,0,0
1,208,208,1.0,1,1,0,0
2,8,238,2.0,1,2,0,0
2,38,268,2.0,1,2,0,0
2,68,298,2.0,1,2,0,0
2,98,328,2.0,1,2,0,0
2,128,358,2.0,1,2,0,0
2,158,388,1.8827,1,2,0,0
1,21,21,1.0,1,1,1,0
1,51,51,1.0,1,1,1,0
2,21,81,2.0,1,2,1,0
2,51,111,2.0,1,2,1,0
2,81,141,2.0,1,2,1,0
2,111,171,2.0,1,2,1,0
2,141,201,2.0,1,2,1,0
2,171,231,2.0,1,2,1,0
2,201,261,2.0,1,2,1,0
2,231,291,2.0,1,2,1,0
2,261,321,2.0,1,2,1,0
1,57,57,1.0,1,1,0,0
1,87,87,1.0,1,1,0,0
2,3,117,2.0,1,2,0,0
2,33,147,2.0,1,2,0,0
2,63,177,2.0,1,2,0,0
2,93,207,2.0,1,2,0,0
2,123,237,2.0,1,2,0,0
2,153,267,2.0,1,2,0,0
2,183,297,2.0,1,2,0,0
2,213,327,2.0,1,2,0,0
2,243,357,2.0,1,2,0,0
2,273,387,1.8876,1,2,0,0
2,303,417,1.7518,1,2,0,0
2,333,447,1.6342,1,2,0,0
2,363,477,1.5314,1,2,0,0
2,393,507,1.4408,1,2,0,0
2,423,537,1.3603,1,2,0,0
2,453,567,1.2884,1,2,0,0
2,483,597,1.2236,1,2,0,0
1,57,57,1.0,1,1,0,0
1,87,87,1.0,1,1,0,0
2,3,117,2.0,1,2,0,0
2,33,147,2.0,1,2,0,0
2,63,177,2.0,1,2,0,0
2,93,207,2.0,1,2,0,0
2,123,237,2.0,1,2,0,0
2,153,267,2.0,1,2,0,0
2,183,297,2.0,1,2,0,0
2,213,327,2.0,1,2,0,0
2,243,357,2.0,1,2,0,0
2,273,387,1.8876,1,2,0,0
2,303,417,1.7518,1,2,0,0
2,333,447,1.6342,1,2,0,0
2,363,477,1.5314,1,2,0,0
2,393,507,1.4408,1,2,0,0
2,423,537,1.3603,1,2,0,0
2,453,567,1.2884,1,2,0,0
2,483,597,1.2236,1,2,0,0
1,16,16,1.0,1,1,0,0
1,46,46,1.0,1,1,0,0
1,76,76,1.0,1,1,0,0
1,106,106,1.0,1,1,0,0
1,136,136,1.0,1,1,0,0
1,166,166,1.0,1,1,0,0
1,196,196,1.0,1,1,0,0
1,226,226,1.0,1,1,0,0
2,9,256,2.0,1,2,0,0
2,39,286,2.0,1,2,0,0
2,69,316,2.0,1,2,0,0
2,99,346,2.0,1,2,0,0
2,129,376,1.9428,1,2,0,0
3,0,406,2.6989,1,3,0,0
1,170,170,1.0,1,1,0,0
1,200,200,1.0,1,1,0,0
2,10,230,2.0,1,1,1,0
2,40,260,2.0,1,1,1,0
2,70,290,2.0,1,1,1,0
2,100,320,2.0,1,1,1,0
2,130,350,2.0,1,1,1,0
2,160,380,1.9224,1,1,1,0
2,190,410,1.7817,1,1,1,0
2,220,440,1.6602,1,1,1,0
2,250,470,1.5543,1,1,1,0
2,280,500,1.461,1,1,1,0
2,310,530,1.3783,1,1,1,0
2,340,560,1.3045,1,1,1,0
2,370,590,1.2381,1,1,1,0
2,400,620,1.1782,1,1,1,0
2,430,650,1.1238,1,1,1,0
2,460,680,1.0743,1,1,1,0
2,490,710,1.0289,1,1,1,0
1,170,170,1.0,1,1,0,0
1,200,200,1.0,1,1,0,0
2,10,230,2.0,1,1,1,0
2,40,260,2.0,1,1,1,0
2,70,290,2.0,1,1,1,0
2,100,320,2.0,1,1,1,0
2,130,350,2.0,1,1,1,0
2,160,380,1.9224,1,1,1,0
2,190,410,1.7817,1,1,1,0
2,220,440,1.6602,1,1,1,0
2,250,470,1.5543,1,1,1,0
2,280,500,1.461,1,1,1,0
2,310,530,1.3783,1,1,1,0
2,340,560,1.3045,1,1,1,0
2,370,590,1.2381,1,1,1,0
2,400,620,1.1782,1,1,1,0
2,430,650,1.1238,1,1,1,0
2,460,680,1.0743,1,1,1,0
2,490,710,1.0289,1,1,1,0
1,71,71,1.0,1,1,0,0
1,101,101,1.0,1,1,0,0
2,3,131,2.0,1,1,0,0
2,33,161,2.0,1,1,0,0
2,63,191,2.0,1,1,0,0
2,93,221,2.0,1,1,0,0
2,123,251,2.0,1,1,0,0
2,153,281,2.0,1,1,0,0
2,183,311,2.0,1,1,0,0
2,213,341,2.0,1,1,0,0
2,243,371,1.969,1,1,0,0
3,22,401,2.7325,1,2,0,0
3,52,431,2.5423,1,2,0,0
4,11,461,3.1692,1,2,1,0
4,41,491,2.9756,1,2,1,0
4,71,521,2.8042,1,2,1,0
4,101,551,2.6515,1,2,1,0
4,131,581,2.5146,1,2,1,0
4,161,611,2.3912,1,2,1,0
1,26,26,1.0,1,1,0,0
1,56,56,1.0,1,1,0,0
1,86,86,1.0,1,1,0,0
1,116,116,1.0,1,1,0,0
1,146,146,1.0,1,1,0,0
1,176,176,1.0,1,1,0,0
1,206,206,1.0,1,1,0,0
1,236,236,1.0,1,1,0,0
2,27,266,2.0,1,2,0,0
2,57,296,2.0,1,2,0,0
2,87,326,2.0,1,2,0,0
2,117,356,2.0,1,2,0,0
1,8,8,1.0,1,1,0,0
1,38,38,1.0,1,1,0,0
1,68,68,1.0,1,1,0,0
2,24,98,2.0,1,1,0,0
2,54,128,2.0,1,1,0,0
2,84,158,2.0,1,1,0,0
2,114,188,2.0,1,1,0,0
2,144,218,2.0,1,1,0,0
2,174,248,2.0,1,1,0,0
3,15,278,3.0,1,2,0,0
3,45,308,3.0,1,2,0,0
3,75,338,3.0,1,2,0,0
3,105,368,2.9776,1,2,0,0
3,135,398,2.7531,1,2,0,0
3,165,428,2.5602,1,2,0,0
3,195,458,2.3925,1,2,0,0
4,14,488,2.9939,1,3,0,0
1,21,21,1.0,1,1,0,0
1,51,51,1.0,1,1,0,0
1,81,81,1.0,1,1,0,0
1,111,111,1.0,1,1,0,0
1,141,141,1.0,1,1,0,0
1,171,171,1.0,1,1,0,0
1,201,201,1.0,1,1,0,0
1,231,231,1.0,1,1,0,0
2,2,261,2.0,1,2,0,0
2,32,291,2.0,1,2,0,0
2,62,321,2.0,1,2,0,0
2,92,351,2.0,1,2,0,0
2,122,381,1.9173,1,2,0,0
2,152,411,1.7774,1,2,0,0
2,182,441,1.6565,1,2,0,0
2,212,471,1.551,1,2,0,0
2,242,501,1.4581,1,2,0,0
2,272,531,1.3757,1,2,0,0
2,302,561,1.3021,1,2,0,0
1,185,185,1.0,1,1,0,0
1,215,215,1.0,1,1,0,0
2,3,245,2.0,1,2,0,0
2,33,275,2.0,1,2,0,0
2,63,305,2.0,1,2,0,0
2,93,335,2.0,1,2,0,0
2,123,365,2.0,1,2,0,0
2,153,395,1.8494,1,2,0,0
2,183,425,1.7188,1,2,0,0
2,213,455,1.6055,1,2,0,0
2,243,485,1.5062,1,2,0,0
2,273,515,1.4184,1,2,0,0
2,303,545,1.3404,1,2,0,0
2,333,575,1.2704,1,2,0,0
2,363,605,1.2074,1,2,0,0
2,393,635,1.1504,1,2,0,0
2,423,665,1.0985,1,2,0,0
2,453,695,1.0511,1,2,0,0
2,483,725,1.0076,1,2,0,0
1,20,20,1.0,1,1,1,0
1,50,50,1.0,1,1,1,0
1,80,80,1.0,1,1,1,0
2,29,110,2.0,1,1,2,0
2,59,140,2.0,1,1,2,0
2,89,170,2.0,1,1,2,0
3,6,200,3.0,1,1,2,0
3,36,230,3.0,1,1,2,0
3,66,260,3.0,1,1,2,0
3,96,290,3.0,1,1,2,0
3,126,320,3.0,1,1,2,0
3,156,350,3.0,1,1,2,0
3,186,380,2.8836,1,1,2,0
3,216,410,2.6726,1,1,2,0
3,246,440,2.4903,1,1,2,0
3,276,470,2.3314,1,1,2,0
3,306,500,2.1915,1,1,2,0
3,336,530,2.0675,1,1,2,0
1,39,39,1.0,1,1,0,0
1,69,69,1.0,1,1,0,0
2,18,99,2.0,1,2,1,0
2,48,129,2.0,1,2,1,0
2,78,159,2.0,1,2,1,0
2,108,189,2.0,1,2,1,0
2,138,219,2.0,1,2,1,0
2,168,249,2.0,1,2,1,0
2,198,279,2.0,1,2,1,0
3,10,309,3.0,1,2,1,0
3,40,339,3.0,1,2,1,0
3,70,369,2.9695,1,2,1,0
4,23,399,3.6617,1,2,1,0
4,53,429,3.4056,1,2,1,0
4,83,459,3.183,1,2,1,0
4,113,489,2.9877,1,2,1,0
4,143,519,2.815,1,2,1,0
4,173,549,2.6612,1,2,1,0
4,203,579,2.5233,1,2,1,0
1,17,17,1.0,1,1,0,0
1,47,47,1.0,1,1,0,0
1,77,77,1.0,1,1,0,0
1,107,107,1.0,1,1,0,0
1,137,137,1.0,1,1,0,0
1,167,167,1.0,1,1,0,0
1,197,197,1.0,1,1,0,0
2,24,227,2.0,1,2,0,0
2,54,257,2.0,1,2,0,0
2,84,287,2.0,1,2,0,0
2,114,317,2.0,1,2,0,0
2,144,347,2.0,1,2,0,0
2,174,377,1.9377,1,2,0,0
2,204,407,1.7948,1,2,0,0
3,3,437,2.5074,1,2,0,0
3,33,467,2.3464,1,2,0,0
3,63,497,2.2047,1,2,0,0
3,93,527,2.0792,1,2,0,0
3,123,557,1.9672,1,2,0,0
1,17,17,1.0,1,1,0,0
1,47,47,1.0,1,1,0,0
1,77,77,1.0,1,1,0,0
1,107,107,1.0,1,1,0,0
1,137,137,1.0,1,1,0,0
1,167,167,1.0,1,1,0,0
1,197,197,1.0,1,1,0,0
2,24,227,2.0,1,2,0,0
2,54,257,2.0,1,2,0,0
2,84,287,2.0,1,2,0,0
2,114,317,2.0,1,2,0,0
2,144,347,2.0,1,2,0,0
2,174,377,1.9377,1,2,0,0
2,204,407,1.7948,1,2,0,0
3,3,437,2.5074,1,2,0,0
3,33,467,2.3464,1,2,0,0
3,63,497,2.2047,1,2,0,0
3,93,527,2.0792,1,2,0,0
3,123,557,1.9672,1,2,0,0
1,41,41,1.0,1,1,0,0
1,71,71,1.0,1,1,0,0
1,101,101,1.0,1,1,0,0
2,21,131,2.0,1,2,0,0
2,51,161,2.0,1,2,0,0
2,81,191,2.0,1,2,0,0
2,111,221,2.0,1,2,0,0
2,141,251,2.0,1,2,0,0
2,171,281,2.0,1,2,0,0
2,201,311,2.0,1,2,0,0
2,231,341,2.0,1,2,0,0
2,261,371,1.969,1,2,0,0
2,291,401,1.8217,1,2,0,0
2,321,431,1.6949,1,2,0,0
2,351,461,1.5846,1,2,0,0
2,381,491,1.4878,1,2,0,0
2,411,521,1.4021,1,2,0,0
2,441,551,1.3258,1,2,0,0
2,471,581,1.2573,1,2,0,0
1,8,8,1.0,1,1,0,0
1,38,38,1.0,1,1,0,0
2,7,68,2.0,1,2,0,0
2,37,98,2.0,1,2,0,0
2,67,128,2.0,1,2,0,0
2,97,158,2.0,1,2,0,0
2,127,188,2.0,1,2,0,0
2,157,218,2.0,1,2,0,0
3,14,248,3.0,1,3,0,0
3,44,278,3.0,1,3,0,0
3,74,308,3.0,1,3,0,0
3,104,338,3.0,1,3,0,0
3,134,368,2.9776,1,3,0,0
1,16,16,1.0,1,1,0,0
1,46,46,1.0,1,1,0,0
1,76,76,1.0,1,1,0,0
1,106,106,1.0,1,1,0,0
1,136,136,1.0,1,1,0,0
2,7,166,2.0,1,2,0,0
2,37,196,2.0,1,2,0,0
2,67,226,2.0,1,2,0,0
2,97,256,2.0,1,2,0,0
2,127,286,2.0,1,2,0,0
2,157,316,2.0,1,2,0,0
2,187,346,2.0,1,2,0,0
2,217,376,1.9428,1,2,0,0
1,16,16,1.0,1,1,0,0
1,46,46,1.0,1,1,0,0
1,76,76,1.0,1,1,0,0
1,106,106,1.0,1,1,0,0
1,136,136,1.0,1,1,0,0
2,7,166,2.0,1,2,0,0
2,37,196,2.0,1,2,0,0
2,67,226,2.0,1,2,0,0
2,97,256,2.0,1,2,0,0
2,127,286,2.0,1,2,0,0
2,157,316,2.0,1,2,0,0
2,187,346,2.0,1,2,0,0
2,217,376,1.9428,1,2,0,0
2,64,242,2.0,1,1,0,0
2,94,272,2.0,1,1,0,0
3,21,302,3.0,1,1,1,0
3,51,332,3.0,1,1,1,0
3,81,362,3.0,1,1,1,0
3,111,392,2.7953,1,1,1,0
3,141,422,2.5966,1,1,1,0
3,171,452,2.4242,1,1,1,0
3,201,482,2.2733,1,1,1,0
3,231,512,2.1401,1,1,1,0
3,261,542,2.0217,1,1,1,0
3,291,572,1.9156,1,1,1,0
3,321,602,1.8202,1,1,1,0
3,351,632,1.7338,1,1,1,0
3,381,662,1.6552,1,1,1,0
3,411,692,1.5835,1,1,1,0
3,441,722,1.5177,1,1,1,0
3,471,752,1.4571,1,1,1,0
3,501,782,1.4012,1,1,1,0
2,64,242,2.0,1,1,0,0
2,94,272,2.0,1,1,0,0
3,21,302,3.0,1,1,1,0
3,51,332,3.0,1,1,1,0
3,81,362,3.0,1,1,1,0
3,111,392,2.7953,1,1,1,0
3,141,422,2.5966,1,1,1,0
3,171,452,2.4242,1,1,1,0
3,201,482,2.2733,1,1,1,0
3,231,512,2.1401,1,1,1,0
3,261,542,2.0217,1,1,1,0
3,291,572,1.9156,1,1,1,0
3,321,602,1.8202,1,1,1,0
3,351,632,1.7338,1,1,1,0
3,381,662,1.6552,1,1,1,0
3,411,692,1.5835,1,1,1,0
3,441,722,1.5177,1,1,1,0
3,471,752,1.4571,1,1,1,0
3,501,782,1.4012,1,1,1,0
1,10,10,1.0,1,1,0,0
1,40,40,1.0,1,1,0,0
1,70,70,1.0,1,1,0,0
1,100,100,1.0,1,1,0,0
1,130,130,1.0,1,1,0,0
1,160,160,1.0,1,1,0,0
1,190,190,1.0,1,1,0,0
1,220,220,1.0,1,1,0,0
2,3,250,2.0,1,2,0,0
2,33,280,2.0,1,2,0,0
2,63,310,2.0,1,2,0,0
2,93,340,2.0,1,2,0,0
2,123,370,1.9743,1,2,0,0
2,153,400,1.8263,1,2,0,0
2,183,430,1.6988,1,2,0,0
1,97,97,1.0,1,1,1,0
2,19,127,2.0,1,2,1,0
2,49,157,2.0,1,2,1,0
2,79,187,2.0,1,2,1,0
2,109,217,2.0,1,2,1,0
2,139,247,2.0,1,2,1,0
2,169,277,2.0,1,2,1,0
2,199,307,2.0,1,2,1,0
2,229,337,2.0,1,2,1,0
2,259,367,1.9905,1,2,1,0
2,289,397,1.8401,1,2,1,0
2,319,427,1.7108,1,2,1,0
2,349,457,1.5985,1,2,1,0
2,379,487,1.5,1,2,1,0
2,409,517,1.413,1,2,1,0
2,439,547,1.3355,1,2,1,0
2,469,577,1.266,1,2,1,0
2,499,607,1.2035,1,2,1,0
2,529,637,1.1468,1,2,1,0
1,97,97,1.0,1,1,1,0
2,19,127,2.0,1,2,1,0
2,49,157,2.0,1,2,1,0
2,79,187,2.0,1,2,1,0
2,109,217,2.0,1,2,1,0
2,139,247,2.0,1,2,1,0
2,169,277,2.0,1,2,1,0
2,199,307,2.0,1,2,1,0
2,229,337,2.0,1,2,1,0
2,259,367,1.9905,1,2,1,0
2,289,397,1.8401,1,2,1,0
2,319,427,1.7108,1,2,1,0
2,349,457,1.5985,1,2,1,0
2,379,487,1.5,1,2,1,0
2,409,517,1.413,1,2,1,0
2,439,547,1.3355,1,2,1,0
2,469,577,1.266,1,2,1,0
2,499,607,1.2035,1,2,1,0
2,529,637,1.1468,1,2,1,0
1,0,0,1.0,1,1,0,0
1,30,30,1.0,1,1,0,0
1,60,60,1.0,1,1,0,0
1,90,90,1.0,1,1,0,0
1,120,120,1.0,1,1,0,0
1,150,150,1.0,1,1,0,0
1,180,180,1.0,1,1,0,0
2,7,210,2.0,1,2,0,0
2,37,240,2.0,1,2,0,0
2,67,270,2.0,1,2,0,0
2,97,300,2.0,1,2,0,0
2,127,330,2.0,1,2,0,0
2,157,360,2.0,1,2,0,0
3,17,390,2.8096,1,2,0,0
3,47,420,2.6089,1,2,0,0
1,28,28,1.0,1,1,0,0
1,58,58,1.0,1,1,0,0
1,88,88,1.0,1,1,0,0
1,118,118,1.0,1,1,0,0
2,23,148,2.0,1,1,0,0
2,53,178,2.0,1,1,0,0
2,83,208,2.0,1,1,0,0
2,113,238,2.0,1,1,0,0
2,143,268,2.0,1,1,0,0
3,8,298,3.0,1,2,0,0
3,38,328,3.0,1,2,0,0
3,68,358,3.0,1,2,0,0
3,98,388,2.8241,1,2,0,0
4,29,418,3.4952,1,2,0,0
4,59,448,3.2612,1,2,0,0
4,89,478,3.0565,1,2,0,0
4,119,508,2.876,1,2,0,0
1,163,163,1.0,1,1,0,0
1,193,193,1.0,1,1,0,0
1,223,223,1.0,1,1,0,0
2,29,253,2.0,1,2,0,0
2,59,283,2.0,1,2,0,0
2,89,313,2.0,1,2,0,0
2,119,343,2.0,1,2,0,0
2,149,373,1.9584,1,2,0,0
2,179,403,1.8127,1,2,0,0
2,209,433,1.6871,1,2,0,0
2,239,463,1.5778,1,2,0,0
2,269,493,1.4817,1,2,0,0
2,299,523,1.3967,1,2,0,0
2,329,553,1.321,1,2,0,0
2,359,583,1.253,1,2,0,0
2,389,613,1.1917,1,2,0,0
2,419,643,1.1361,1,2,0,0
2,449,673,1.0854,1,2,0,0
2,479,703,1.0391,1,2,0,0
1,1,1,1.0,1,1,0,0
1,31,31,1.0,1,1,0,0
1,61,61,1.0,1,1,0,0
1,91,91,1.0,1,1,0,0
2,7,121,2.0,1,2,0,0
2,37,151,2.0,1,2,0,0
2,67,181,2.0,1,2,0,0
2,97,211,2.0,1,2,0,0
2,127,241,2.0,1,2,0,0
3,29,271,3.0,1,2,0,0
3,59,301,3.0,1,2,0,0
3,89,331,3.0,1,2,0,0
3,119,361,3.0,1,2,0,0
4,2,391,3.7366,1,3,0,0
1,45,45,1.0,1,1,0,0
1,75,75,1.0,1,1,0,0
2,14,105,2.0,1,2,0,0
2,44,135,2.0,1,2,0,0
2,74,165,2.0,1,2,0,0
2,104,195,2.0,1,2,0,0
2,134,225,2.0,1,2,0,0
2,164,255,2.0,1,2,0,0
2,194,285,2.0,1,2,0,0
2,224,315,2.0,1,2,0,0
2,254,345,2.0,1,2,0,0
2,284,375,1.948,1,2,0,0
2,314,405,1.8037,1,2,0,0
2,344,435,1.6793,1,2,0,0
2,374,465,1.571,1,2,0,0
2,404,495,1.4758,1,2,0,0
2,434,525,1.3914,1,2,0,0
2,464,555,1.3162,1,2,0,0
2,494,585,1.2487,1,2,0,0
1,7,7,1.0,1,1,0,0
1,37,37,1.0,1,1,0,0
1,67,67,1.0,1,1,0,0
1,97,97,1.0,1,1,0,0
1,127,127,1.0,1,1,0,0
1,157,157,1.0,1,1,0,0
1,187,187,1.0,1,1,0,0
1,217,217,1.0,1,1,0,0
2,29,247,2.0,1,1,0,0
2,59,277,2.0,1,1,0,0
2,89,307,2.0,1,1,0,0
2,119,337,2.0,1,1,0,0
2,149,367,1.9905,1,1,0,0
2,179,397,1.8401,1,1,0,0
2,209,427,1.7108,1,1,0,0
2,239,457,1.5985,1,1,0,0
2,269,487,1.5,1,1,0,0
1,18,18,1.0,1,1,0,0
1,48,48,1.0,1,1,0,0
1,78,78,1.0,1,1,0,0
1,108,108,1.0,1,1,0,0
1,138,138,1.0,1,1,0,0
1,168,168,1.0,1,1,0,0
1,198,198,1.0,1,1,0,0
1,228,228,1.0,1,1,0,0
2,9,258,2.0,1,2,0,0
2,39,288,2.0,1,2,0,0
2,69,318,2.0,1,2,0,0
3,21,348,3.0,1,2,0,0
3,51,378,2.8988,1,2,0,0
3,81,408,2.6857,1,2,0,0
3,111,438,2.5017,1,2,0,0
3,141,468,2.3413,1,2,0,0
3,171,498,2.2003,1,2,0,0
4,22,528,2.767,1,2,0,0
4,52,558,2.6183,1,2,0,0
1,13,13,1.0,1,1,0,0
1,43,43,1.0,1,1,0,0
1,73,73,1.0,1,1,0,0
1,103,103,1.0,1,1,0,0
1,133,133,1.0,1,1,0,0
1,163,163,1.0,1,1,0,0
2,3,193,2.0,1,1,0,0
2,33,223,2.0,1,1,0,0
2,63,253,2.0,1,1,0,0
2,93,283,2.0,1,1,0,0
2,123,313,2.0,1,1,0,0
2,153,343,2.0,1,1,0,0
2,183,373,1.9584,1,1,0,0
2,213,403,1.8127,1,1,0,0
2,243,433,1.6871,1,1,0,0
1,120,120,1.0,1,1,0,0
2,15,150,2.0,1,2,0,0
2,45,180,2.0,1,2,0,0
2,75,210,2.0,1,2,0,0
2,105,240,2.0,1,2,0,0
2,135,270,2.0,1,2,0,0
2,165,300,2.0,1,2,0,0
3,7,330,3.0,1,2,0,0
3,37,360,3.0,1,2,0,0
3,67,390,2.8096,1,2,0,0
3,97,420,2.6089,1,2,0,0
3,127,450,2.435,1,2,0,0
4,7,480,3.0438,1,3,0,0
4,37,510,2.8647,1,3,0,0
4,67,540,2.7056,1,3,0,0
4,97,570,2.5632,1,3,0,0
4,127,600,2.435,1,3,0,0
4,157,630,2.319,1,3,0,0
4,187,660,2.2136,1,3,0,0
1,15,15,1.0,1,1,0,0
1,45,45,1.0,1,1,0,0
1,75,75,1.0,1,1,0,0
1,105,105,1.0,1,1,0,0
1,135,135,1.0,1,1,0,0
1,165,165,1.0,1,1,0,0
1,195,195,1.0,1,1,0,0
1,225,225,1.0,1,1,0,0
1,255,255,1.0,1,1,0,0
1,285,285,1.0,1,1,0,0
1,315,315,1.0,1,1,0,0
2,7,345,2.0,1,2,0,0
2,37,375,1.948,1,2,0,0
2,67,405,1.8037,1,2,0,0
2,97,435,1.6793,1,2,0,0
2,127,465,1.571,1,2,0,0
2,157,495,1.4758,1,2,0,0
2,187,525,1.3914,1,2,0,0
1,123,123,1.0,1,1,0,0
1,153,153,1.0,1,1,0,0
1,183,183,1.0,1,1,0,0
1,213,213,1.0,1,1,0,0
1,243,243,1.0,1,1,0,0
2,19,273,2.0,1,2,0,0
2,49,303,2.0,1,2,0,0
2,79,333,2.0,1,2,0,0
2,109,363,2.0,1,2,0,0
2,139,393,1.8588,1,2,0,0
2,169,423,1.727,1,2,0,0
2,199,453,1.6126,1,2,0,0
2,229,483,1.5124,1,2,0,0
2,259,513,1.424,1,2,0,0
2,289,543,1.3453,1,2,0,0
2,319,573,1.2749,1,2,0,0
2,349,603,1.2114,1,2,0,0
2,379,633,1.154,1,2,0,0
2,409,663,1.1018,1,2,0,0
1,106,106,1.0,1,1,0,0
1,136,136,1.0,1,1,0,0
1,166,166,1.0,1,1,0,0
1,196,196,1.0,1,1,0,0
1,226,226,1.0,1,1,0,0
2,2,256,2.0,1,1,0,0
2,32,286,2.0,1,1,0,0
2,62,316,2.0,1,1,0,0
2,92,346,2.0,1,1,0,0
2,122,376,1.9428,1,1,0,0
3,12,406,2.6989,1,2,0,0
3,42,436,2.5132,1,2,0,0
3,72,466,2.3514,1,2,0,0
3,102,496,2.2092,1,2,0,0
3,132,526,2.0832,1,2,0,0
3,162,556,1.9708,1,2,0,0
3,192,586,1.8699,1,2,0,0
3,222,616,1.7788,1,2,0,0
3,252,646,1.6962,1,2,0,0
2,115,229,2.0,1,2,0,0
2,145,259,2.0,1,2,0,0
2,175,289,2.0,1,2,0,0
2,205,319,2.0,1,2,0,0
2,235,349,2.0,1,2,0,0
2,265,379,1.9274,1,2,0,0
2,295,409,1.7861,1,2,0,0
2,325,439,1.664,1,2,0,0
2,355,469,1.5576,1,2,0,0
2,385,499,1.4639,1,2,0,0
2,415,529,1.3809,1,2,0,0
2,445,559,1.3068,1,2,0,0
2,475,589,1.2402,1,2,0,0
2,505,619,1.1801,1,2,0,0
2,535,649,1.1256,1,2,0,0
2,565,679,1.0758,1,2,0,0
2,595,709,1.0303,1,2,0,0
2,625,739,0.9885,1,2,0,0
2,655,769,0.9499,1,2,0,0
1,26,26,1.0,1,1,0,0
1,56,56,1.0,1,1,0,0
1,86,86,1.0,1,1,0,0
1,116,116,1.0,1,1,0,0
1,146,146,1.0,1,1,0,0
2,15,176,2.0,1,2,0,0
2,45,206,2.0,1,2,0,0
2,75,236,2.0,1,2,0,0
2,105,266,2.0,1,2,0,0
2,135,296,2.0,1,2,0,0
2,165,326,2.0,1,2,0,0
3,25,356,3.0,1,2,1,0
3,55,386,2.8387,1,2,1,0
3,85,416,2.634,1,2,1,0
3,115,446,2.4568,1,2,1,0
3,145,476,2.302,1,2,1,0
3,175,506,2.1655,1,2,1,0
3,205,536,2.0443,1,2,1,0
3,235,566,1.936,1,2,1,0
1,11,11,1.0,1,1,1,0
1,41,41,1.0,1,1,1,0
1,71,71,1.0,1,1,1,0
1,101,101,1.0,1,1,1,0
1,131,131,1.0,1,1,1,0
1,161,161,1.0,1,1,1,0
1,191,191,1.0,1,1,1,0
2,0,221,2.0,1,1,1,0
2,30,251,2.0,1,1,1,0
2,60,281,2.0,1,1,1,0
2,90,311,2.0,1,1,1,0
2,120,341,2.0,1,1,1,0
1,81,81,1.0,1,1,1,0
2,11,111,2.0,1,2,1,0
2,41,141,2.0,1,2,1,0
2,71,171,2.0,1,2,1,0
2,101,201,2.0,1,2,1,0
2,131,231,2.0,1,2,1,0
3,7,261,3.0,1,2,1,0
3,37,291,3.0,1,2,1,0
3,67,321,3.0,1,2,1,0
3,97,351,3.0,1,2,1,0
3,127,381,2.876,1,2,1,0
3,157,411,2.6661,1,2,1,0
3,187,441,2.4847,1,2,1,0
3,217,471,2.3264,1,2,1,0
3,247,501,2.1871,1,2,1,0
3,277,531,2.0636,1,2,1,0
3,307,561,1.9532,1,2,1,0
3,337,591,1.8541,1,2,1,0
3,367,621,1.7645,1,2,1,0
1,154,154,1.0,1,1,0,0
1,184,184,1.0,1,1,0,0
1,214,214,1.0,1,1,0,0
1,244,244,1.0,1,1,0,0
2,28,274,2.0,1,2,0,0
2,58,304,2.0,1,2,0,0
2,88,334,2.0,1,2,0,0
2,118,364,2.0,1,2,0,0
2,148,394,1.8541,1,2,0,0
3,21,424,2.5843,1,2,0,0
3,51,454,2.4135,1,2,0,0
3,81,484,2.2639,1,2,0,0
3,111,514,2.1318,1,2,0,0
3,141,544,2.0142,1,2,0,0
3,171,574,1.909,1,2,0,0
3,201,604,1.8142,1,2,0,0
3,231,634,1.7283,1,2,0,0
3,261,664,1.6502,1,2,0,0
3,291,694,1.5789,1,2,0,0
1,28,28,1.0,1,1,0,0
1,58,58,1.0,1,1,0,0
1,88,88,1.0,1,1,0,0
1,118,118,1.0,1,1,0,0
1,148,148,1.0,1,1,0,0
2,21,178,2.0,1,2,0,0
2,51,208,2.0,1,2,0,0
2,81,238,2.0,1,2,0,0
2,111,268,2.0,1,2,0,0
2,141,298,2.0,1,2,0,0
2,171,328,2.0,1,2,0,0
2,201,358,2.0,1,2,0,0
2,231,388,1.8827,1,2,0,0
2,261,418,1.7476,1,2,0,0
2,291,448,1.6306,1,2,0,0
1,149,149,1.0,1,1,0,0
1,179,179,1.0,1,1,0,0
1,209,209,1.0,1,1,0,0
1,239,239,1.0,1,1,0,0
2,16,269,2.0,1,1,0,0
2,46,299,2.0,1,1,0,0
2,76,329,2.0,1,1,0,0
2,106,359,2.0,1,1,0,0
2,136,389,1.8779,1,1,0,0
2,166,419,1.7434,1,1,0,0
2,196,449,1.6269,1,1,0,0
3,5,479,2.2876,1,2,0,0
3,35,509,2.1528,1,2,0,0
3,65,539,2.0329,1,2,0,0
3,95,569,1.9257,1,2,0,0
3,125,599,1.8293,1,2,0,0
3,155,629,1.7421,1,2,0,0
3,185,659,1.6627,1,2,0,0
3,215,689,1.5903,1,2,0,0
2,15,158,2.0,1,2,0,0
2,45,188,2.0,1,2,0,0
2,75,218,2.0,1,2,0,0
2,105,248,2.0,1,2,0,0
2,135,278,2.0,1,2,0,0
2,165,308,2.0,1,2,0,0
2,195,338,2.0,1,2,0,0
2,225,368,1.9851,1,2,0,0
2,255,398,1.8354,1,2,0,0
2,285,428,1.7068,1,2,0,0
2,315,458,1.595,1,2,0,0
2,345,488,1.4969,1,2,0,0
2,375,518,1.4102,1,2,0,0
2,405,548,1.333,1,2,0,0
2,435,578,1.2638,1,2,0,0
2,465,608,1.2015,1,2,0,0
2,495,638,1.145,1,2,0,0
2,525,668,1.0936,1,2,0,0
2,555,698,1.0466,1,2,0,0
1,16,16,1.0,1,1,1,0
1,46,46,1.0,1,1,1,0
2,17,76,2.0,1,1,1,0
2,47,106,2.0,1,1,1,0
2,77,136,2.0,1,1,1,0
2,107,166,2.0,1,1,1,0
2,137,196,2.0,1,1,1,0
2,167,226,2.0,1,1,1,0
2,197,256,2.0,1,1,1,0
2,227,286,2.0,1,1,1,0
2,257,316,2.0,1,1,1,0
2,287,346,2.0,1,1,1,0
2,317,376,1.9428,1,1,1,0
2,347,406,1.7993,1,1,1,0
2,377,436,1.6755,1,1,1,0
2,407,466,1.5676,1,1,1,0
2,437,496,1.4728,1,1,1,0
2,467,526,1.3888,1,1,1,0
1,26,26,1.0,1,1,0,0
1,56,56,1.0,1,1,0,0
1,86,86,1.0,1,1,0,0
1,116,116,1.0,1,1,0,0
1,146,146,1.0,1,1,0,0
2,6,176,2.0,1,2,0,0
2,36,206,2.0,1,2,0,0
2,66,236,2.0,1,2,0,0
3,27,266,3.0,1,2,1,0
3,57,296,3.0,1,2,1,0
3,87,326,3.0,1,2,1,0
4,1,356,4.0,1,2,1,0
4,31,386,3.785,1,2,1,0
4,61,416,3.512,1,2,1,0
4,91,446,3.2758,1,2,1,0
4,121,476,3.0693,1,2,1,0
4,151,506,2.8874,1,2,1,0
1,28,28,1.0,1,1,0,0
1,58,58,1.0,1,1,0,0
1,88,88,1.0,1,1,0,0
1,118,118,1.0,1,1,0,0
1,148,148,1.0,1,1,0,0
1,178,178,1.0,1,1,0,0
1,208,208,1.0,1,1,0,0
1,238,238,1.0,1,1,0,0
2,18,268,2.0,1,2,0,0
2,48,298,2.0,1,2,0,0
2,78,328,2.0,1,2,0,0
2,108,358,2.0,1,2,0,0
2,138,388,1.8827,1,2,0,0
2,168,418,1.7476,1,2,0,0
2,198,448,1.6306,1,2,0,0
2,228,478,1.5282,1,2,0,0
2,258,508,1.438,1,2,0,0
2,288,538,1.3578,1,2,0,0
2,318,568,1.2861,1,2,0,0
1,28,28,1.0,1,1,0,0
1,58,58,1.0,1,1,0,0
1,88,88,1.0,1,1,0,0
1,118,118,1.0,1,1,0,0
1,148,148,1.0,1,1,0,0
1,178,178,1.0,1,1,0,0
1,208,208,1.0,1,1,0,0
1,238,238,1.0,1,1,0,0
2,18,268,2.0,1,2,0,0
2,48,298,2.0,1,2,0,0
2,78,328,2.0,1,2,0,0
2,108,358,2.0,1,2,0,0
2,138,388,1.8827,1,2,0,0
2,168,418,1.7476,1,2,0,0
2,198,448,1.6306,1,2,0,0
2,228,478,1.5282,1,2,0,0
2,258,508,1.438,1,2,0,0
2,288,538,1.3578,1,2,0,0
2,318,568,1.2861,1,2,0,0
2,161,240,2.0,1,2,0,0
2,191,270,2.0,1,2,0,0
2,221,300,2.0,1,2,0,0
2,251,330,2.0,1,2,0,0
2,281,360,2.0,1,2,0,0
2,311,390,1.8731,1,2,0,0
2,341,420,1.7393,1,2,0,0
2,371,450,1.6233,1,2,0,0
2,401,480,1.5219,1,2,0,0
2,431,510,1.4324,1,2,0,0
2,461,540,1.3528,1,2,0,0
2,491,570,1.2816,1,2,0,0
2,521,600,1.2175,1,2,0,0
2,551,630,1.1595,1,2,0,0
2,581,660,1.1068,1,2,0,0
2,611,690,1.0587,1,2,0,0
2,641,720,1.0146,1,2,0,0
2,671,750,0.974,1,2,0,0
2,701,780,0.9365,1,2,0,0
1,107,107,1.0,1,1,0,0
1,137,137,1.0,1,1,0,0
2,1,167,2.0,1,2,0,0
2,31,197,2.0,1,2,0,0
2,61,227,2.0,1,2,0,0
2,91,257,2.0,1,2,0,0
3,27,287,3.0,1,2,0,0
3,57,317,3.0,1,2,0,0
3,87,347,3.0,1,2,0,0
3,117,377,2.9065,1,2,0,0
3,147,407,2.6923,1,2,0,0
3,177,437,2.5074,1,2,0,0
3,207,467,2.3464,1,2,0,0
3,237,497,2.2047,1,2,0,0
3,267,527,2.0792,1,2,0,0
3,297,557,1.9672,1,2,0,0
3,327,587,1.8667,1,2,0,0
3,357,617,1.7759,1,2,0,0
3,387,647,1.6936,1,2,0,0
1,107,107,1.0,1,1,0,0
1,137,137,1.0,1,1,0,0
1,167,167,1.0,1,1,0,0
1,197,197,1.0,1,1,0,0
1,227,227,1.0,1,1,0,0
1,257,257,1.0,1,1,0,0
2,27,287,2.0,1,2,0,0
2,57,317,2.0,1,2,0,0
2,87,347,2.0,1,2,0,0
2,117,377,1.9377,1,2,0,0
2,147,407,1.7948,1,2,0,0
2,177,437,1.6716,1,2,0,0
2,207,467,1.5642,1,2,0,0
2,237,497,1.4698,1,2,0,0
2,267,527,1.3861,1,2,0,0
2,297,557,1.3115,1,2,0,0
2,327,587,1.2445,1,2,0,0
2,357,617,1.184,1,2,0,0
2,387,647,1.1291,1,2,0,0
1,139,139,1.0,1,1,1,0
1,169,169,1.0,1,1,1,0
1,199,199,1.0,1,1,1,0
1,229,229,1.0,1,1,1,0
2,9,259,2.0,1,1,2,0
2,39,289,2.0,1,1,2,0
2,69,319,2.0,1,1,2,0
2,99,349,2.0,1,1,2,0
3,10,379,2.8912,1,2,2,0
3,40,409,2.6791,1,2,2,0
3,70,439,2.496,1,2,2,0
3,100,469,2.3364,1,2,2,0
3,130,499,2.1959,1,2,2,0
3,160,529,2.0714,1,2,2,0
3,190,559,1.9602,1,2,2,0
4,1,589,2.4805,1,2,2,0
4,31,619,2.3603,1,2,2,0
4,61,649,2.2512,1,2,2,0
4,91,679,2.1517,1,2,2,0
1,0,0,1.0,1,1,0,0
1,30,30,1.0,1,1,0,0
1,60,60,1.0,1,1,0,0
2,19,90,2.0,1,1,0,0
2,49,120,2.0,1,1,0,0
2,79,150,2.0,1,1,0,0
2,109,180,2.0,1,1,0,0
2,139,210,2.0,1,1,0,0
2,169,240,2.0,1,1,0,0
2,199,270,2.0,1,1,0,0
2,229,300,2.0,1,1,0,0
2,259,330,2.0,1,1,0,0
2,289,360,2.0,1,1,0,0
2,319,390,1.8731,1,1,0,0
2,349,420,1.7393,1,1,0,0
2,379,450,1.6233,1,1,0,0
1,1,1,1.0,1,1,0,0
1,31,31,1.0,1,1,0,0
1,61,61,1.0,1,1,0,0
1,91,91,1.0,1,1,0,0
1,121,121,1.0,1,1,0,0
1,151,151,1.0,1,1,0,0
1,181,181,1.0,1,1,0,0
1,211,211,1.0,1,1,0,0
2,12,241,2.0,1,1,0,0
2,42,271,2.0,1,1,0,0
2,72,301,2.0,1,1,0,0
2,102,331,2.0,1,1,0,0
2,132,361,2.0,1,1,0,0
2,162,391,1.8683,1,1,0,0
2,192,421,1.7352,1,1,0,0
2,222,451,1.6197,1,1,0,0
2,71,209,2.0,1,2,0,0
3,4,239,3.0,1,2,0,0
3,34,269,3.0,1,2,0,0
3,64,299,3.0,1,2,0,0
3,94,329,3.0,1,2,0,0
3,124,359,3.0,1,2,0,0
3,154,389,2.8168,1,2,0,0
4,13,419,3.4869,1,2,0,0
4,43,449,3.2539,1,2,0,0
4,73,479,3.0501,1,2,0,0
4,103,509,2.8703,1,2,0,0
4,133,539,2.7106,1,2,0,0
4,163,569,2.5677,1,2,0,0
5,22,599,3.0488,1,3,1,0
5,52,629,2.9034,1,3,1,0
5,82,659,2.7712,1,3,1,0
5,112,689,2.6506,1,3,1,0
5,142,719,2.54,1,3,1,0
5,172,749,2.4383,1,3,1,0
1,6,6,1.0,1,1,0,0
1,36,36,1.0,1,1,0,0
1,66,66,1.0,1,1,0,0
1,96,96,1.0,1,1,0,0
1,126,126,1.0,1,1,0,0
1,156,156,1.0,1,1,0,0
1,186,186,1.0,1,1,0,0
1,216,216,1.0,1,1,0,0
2,29,246,2.0,1,2,0,0
2,59,276,2.0,1,2,0,0
3,11,306,3.0,1,2,0,0
3,41,336,3.0,1,2,0,0
3,71,366,2.9939,1,2,0,0
3,101,396,2.767,1,2,0,0
3,131,426,2.5722,1,2,0,0
3,161,456,2.403,1,2,0,0
3,191,486,2.2546,1,2,0,0
2,67,145,2.0,1,2,0,0
2,97,175,2.0,1,2,0,0
2,127,205,2.0,1,2,0,0
2,157,235,2.0,1,2,0,0
2,187,265,2.0,1,2,0,0
2,217,295,2.0,1,2,0,0
2,247,325,2.0,1,2,0,0
2,277,355,2.0,1,2,0,0
2,307,385,1.8974,1,2,0,0
2,337,415,1.7602,1,2,0,0
2,367,445,1.6416,1,2,0,0
2,397,475,1.5379,1,2,0,0
2,427,505,1.4465,1,2,0,0
2,457,535,1.3654,1,2,0,0
2,487,565,1.2929,1,2,0,0
2,517,595,1.2277,1,2,0,0
2,547,625,1.1688,1,2,0,0
2,577,655,1.1153,1,2,0,0
2,607,685,1.0664,1,2,0,0
1,123,123,1.0,1,1,0,0
1,153,153,1.0,1,1,0,0
1,183,183,1.0,1,1,0,0
1,213,213,1.0,1,1,0,0
1,243,243,1.0,1,1,0,0
2,24,273,2.0,1,1,0,0
2,54,303,2.0,1,1,0,0
2,84,333,2.0,1,1,0,0
2,114,363,2.0,1,1,0,0
2,144,393,1.8588,1,1,0,0
2,174,423,1.727,1,1,0,0
2,204,453,1.6126,1,1,0,0
2,234,483,1.5124,1,1,0,0
2,264,513,1.424,1,1,0,0
3,24,543,2.018,1,1,0,0
3,54,573,1.9123,1,1,0,0
3,84,603,1.8172,1,1,0,0
3,114,633,1.731,1,1,0,0
3,144,663,1.6527,1,1,0,0
1,113,113,1.0,1,1,0,0
2,13,143,2.0,1,2,0,0
2,43,173,2.0,1,2,0,0
2,73,203,2.0,1,2,0,0
2,103,233,2.0,1,2,0,0
2,133,263,2.0,1,2,0,0
2,163,293,2.0,1,2,0,0
2,193,323,2.0,1,2,0,0
2,223,353,2.0,1,2,0,0
2,253,383,1.9073,1,2,0,0
2,283,413,1.7688,1,2,0,0
2,313,443,1.649,1,2,0,0
2,343,473,1.5444,1,2,0,0
2,373,503,1.4523,1,2,0,0
2,403,533,1.3705,1,2,0,0
2,433,563,1.2975,1,2,0,0
2,463,593,1.2319,1,2,0,0
2,493,623,1.1726,1,2,0,0
2,523,653,1.1187,1,2,0,0
1,115,115,1.0,1,1,0,0
1,145,145,1.0,1,1,0,0
1,175,175,1.0,1,1,0,0
2,16,205,2.0,1,2,0,0
2,46,235,2.0,1,2,0,0
2,76,265,2.0,1,2,0,0
2,106,295,2.0,1,2,0,0
3,3,325,3.0,1,2,0,0
3,33,355,3.0,1,2,0,0
3,63,385,2.8461,1,2,0,0
3,93,415,2.6404,1,2,0,0
3,123,445,2.4624,1,2,0,0
3,153,475,2.3068,1,2,0,0
3,183,505,2.1698,1,2,0,0
3,213,535,2.0481,1,2,0,0
3,243,565,1.9394,1,2,0,0
3,273,595,1.8416,1,2,0,0
3,303,625,1.7532,1,2,0,0
3,333,655,1.6729,1,2,0,0
1,4,4,1.0,1,1,0,0
1,34,34,1.0,1,1,0,0
2,10,64,2.0,1,2,1,0
2,40,94,2.0,1,2,1,0
2,70,124,2.0,1,2,1,0
2,100,154,2.0,1,2,1,0
2,130,184,2.0,1,2,1,0
2,160,214,2.0,1,2,1,0
2,190,244,2.0,1,2,1,0
2,220,274,2.0,1,2,1,0
2,250,304,2.0,1,2,1,0
2,280,334,2.0,1,2,1,0
2,310,364,2.0,1,2,1,0
1,4,4,1.0,1,1,0,0
1,34,34,1.0,1,1,0,0
2,10,64,2.0,1,2,1,0
2,40,94,2.0,1,2,1,0
2,70,124,2.0,1,2,1,0
2,100,154,2.0,1,2,1,0
2,130,184,2.0,1,2,1,0
2,160,214,2.0,1,2,1,0
2,190,244,2.0,1,2,1,0
2,220,274,2.0,1,2,1,0
2,250,304,2.0,1,2,1,0
2,280,334,2.0,1,2,1,0
2,310,364,2.0,1,2,1,0
1,21,21,1.0,1,1,0,0
1,51,51,1.0,1,1,0,0
1,81,81,1.0,1,1,0,0
1,111,111,1.0,1,1,0,0
2,9,141,2.0,1,2,0,0
2,39,171,2.0,1,2,0,0
2,69,201,2.0,1,2,0,0
2,99,231,2.0,1,2,0,0
3,19,261,3.0,1,2,0,0
3,49,291,3.0,1,2,0,0
3,79,321,3.0,1,2,0,0
3,109,351,3.0,1,2,0,0
1,83,83,1.0,1,1,0,0
1,113,113,1.0,1,1,0,0
1,143,143,1.0,1,1,0,0
2,2,173,2.0,1,2,0,0
2,32,203,2.0,1,2,0,0
2,62,233,2.0,1,2,0,0
2,92,263,2.0,1,2,0,0
2,122,293,2.0,1,2,0,0
2,152,323,2.0,1,2,0,0
3,24,353,3.0,1,3,0,0
3,54,383,2.861,1,3,0,0
3,84,413,2.6531,1,3,0,0
4,5,443,3.298,1,4,0,0
4,35,473,3.0888,1,4,0,0
4,65,503,2.9046,1,4,0,0
4,95,533,2.7411,1,4,0,0
4,125,563,2.595,1,4,0,0
4,155,593,2.4637,1,4,0,0
4,185,623,2.3451,1,4,0,0
1,1,1,1.0,1,1,0,0
1,31,31,1.0,1,1,0,0
1,61,61,1.0,1,1,0,0
1,91,91,1.0,1,1,0,0
1,121,121,1.0,1,1,0,0
1,151,151,1.0,1,1,0,0
1,181,181,1.0,1,1,0,0
2,8,211,2.0,1,1,0,0
2,38,241,2.0,1,1,0,0
2,68,271,2.0,1,1,0,0
2,98,301,2.0,1,1,0,0
2,30,263,2.0,1,2,1,0
2,60,293,2.0,1,2,1,0
2,90,323,2.0,1,2,1,0
2,120,353,2.0,1,2,1,0
2,150,383,1.9073,1,2,1,0
2,180,413,1.7688,1,2,1,0
2,210,443,1.649,1,2,1,0
2,240,473,1.5444,1,2,1,0
2,270,503,1.4523,1,2,1,0
2,300,533,1.3705,1,2,1,0
2,330,563,1.2975,1,2,1,0
2,360,593,1.2319,1,2,1,0
2,390,623,1.1726,1,2,1,0
2,420,653,1.1187,1,2,1,0
2,450,683,1.0695,1,2,1,0
2,480,713,1.0245,1,2,1,0
2,510,743,0.9832,1,2,1,0
2,540,773,0.945,1,2,1,0
2,570,803,0.9097,1,2,1,0
1,6,6,1.0,1,1,0,0
1,36,36,1.0,1,1,0,0
1,66,66,1.0,1,1,0,0
1,96,96,1.0,1,1,0,0
1,126,126,1.0,1,1,0,0
2,15,156,2.0,1,1,0,0
2,45,186,2.0,1,1,0,0
2,75,216,2.0,1,1,0,0
2,105,246,2.0,1,1,0,0
2,135,276,2.0,1,1,0,0
2,165,306,2.0,1,1,0,0
2,195,336,2.0,1,1,0,0
2,225,366,1.9959,1,1,0,0
2,255,396,1.8447,1,1,0,0
2,285,426,1.7148,1,1,0,0
2,315,456,1.602,1,1,0,0
1,114,114,1.0,1,1,0,0
1,144,144,1.0,1,1,0,0
1,174,174,1.0,1,1,0,0
1,204,204,1.0,1,1,0,0
2,16,234,2.0,1,2,0,0
2,46,264,2.0,1,2,0,0
2,76,294,2.0,1,2,0,0
2,106,324,2.0,1,2,0,0
2,136,354,2.0,1,2,0,0
3,16,384,2.8535,1,3,0,0
3,46,414,2.6467,1,3,0,0
3,76,444,2.4679,1,3,0,0
4,17,474,3.0823,1,4,0,0
4,47,504,2.8988,1,4,0,0
4,77,534,2.736,1,4,0,0
4,107,564,2.5904,1,4,0,0
4,137,594,2.4596,1,4,0,0
4,167,624,2.3413,1,4,0,0
4,197,654,2.2339,1,4,0,0
1,79,79,1.0,1,1,0,0
1,109,109,1.0,1,1,0,0
1,139,139,1.0,1,1,0,0
1,169,169,1.0,1,1,0,0
1,199,199,1.0,1,1,0,0
2,20,229,2.0,1,2,0,0
2,50,259,2.0,1,2,0,0
2,80,289,2.0,1,2,0,0
2,110,319,2.0,1,2,0,0
2,140,349,2.0,1,2,0,0
2,170,379,1.9274,1,2,0,0
2,200,409,1.7861,1,2,0,0
2,230,439,1.664,1,2,0,0
2,260,469,1.5576,1,2,0,0
2,290,499,1.4639,1,2,0,0
2,320,529,1.3809,1,2,0,0
2,350,559,1.3068,1,2,0,0
2,380,589,1.2402,1,2,0,0
2,410,619,1.1801,1,2,0,0
1,43,43,1.0,1,1,0,0
1,73,73,1.0,1,1,0,0
1,103,103,1.0,1,1,0,0
1,133,133,1.0,1,1,0,0
2,16,163,2.0,1,2,1,0
2,46,193,2.0,1,2,1,0
2,76,223,2.0,1,2,1,0
2,106,253,2.0,1,2,1,0
2,136,283,2.0,1,2,1,0
2,166,313,2.0,1,2,1,0
2,196,343,2.0,1,2,1,0
2,226,373,1.9584,1,2,1,0
2,256,403,1.8127,1,2,1,0
2,286,433,1.6871,1,2,1,0
2,316,463,1.5778,1,2,1,0
2,346,493,1.4817,1,2,1,0
3,4,523,2.0951,1,2,2,0
3,34,553,1.9815,1,2,2,0
3,64,583,1.8795,1,2,2,0
1,23,23,1.0,1,1,0,0
1,53,53,1.0,1,1,0,0
1,83,83,1.0,1,1,0,0
1,113,113,1.0,1,1,0,0
1,143,143,1.0,1,1,0,0
1,173,173,1.0,1,1,0,0
2,26,203,2.0,1,1,0,0
2,56,233,2.0,1,1,0,0
2,86,263,2.0,1,1,0,0
2,116,293,2.0,1,1,0,0
3,16,323,3.0,1,2,1,0
3,46,353,3.0,1,2,1,0
3,76,383,2.861,1,2,1,0
4,15,413,3.5375,1,3,1,0
4,45,443,3.298,1,3,1,0
1,14,14,1.0,1,1,0,0
1,44,44,1.0,1,1,0,0
1,74,74,1.0,1,1,0,0
1,104,104,1.0,1,1,0,0
2,18,134,2.0,1,2,0,0
2,48,164,2.0,1,2,0,0
2,78,194,2.0,1,2,0,0
3,9,224,3.0,1,2,0,0
3,39,254,3.0,1,2,0,0
4,3,284,4.0,1,2,1,0
4,33,314,4.0,1,2,1,0
4,63,344,4.0,1,2,1,0
4,93,374,3.9064,1,2,1,0
4,123,404,3.6163,1,2,1,0
4,153,434,3.3664,1,2,1,0
4,183,464,3.1487,1,2,1,0
4,213,494,2.9575,1,2,1,0
1,3,3,1.0,1,1,0,0
1,33,33,1.0,1,1,0,0
1,63,63,1.0,1,1,0,0
2,20,93,2.0,1,1,0,0
2,50,123,2.0,1,1,0,0
2,80,153,2.0,1,1,0,0
2,110,183,2.0,1,1,0,0
2,140,213,2.0,1,1,0,0
2,170,243,2.0,1,1,0,0
2,200,273,2.0,1,1,0,0
2,230,303,2.0,1,1,0,0
2,260,333,2.0,1,1,0,0
2,290,363,2.0,1,1,0,0
2,320,393,1.8588,1,1,0,0
2,350,423,1.727,1,1,0,0
2,380,453,1.6126,1,1,0,0
2,410,483,1.5124,1,1,0,0
2,440,513,1.424,1,1,0,0
1,17,17,1.0,1,1,0,0
1,47,47,1.0,1,1,0,0
1,77,77,1.0,1,1,0,0
1,107,107,1.0,1,1,0,0
1,137,137,1.0,1,1,0,0
1,167,167,1.0,1,1,0,0
2,10,197,2.0,1,2,0,0
2,40,227,2.0,1,2,0,0
2,70,257,2.0,1,2,0,0
2,100,287,2.0,1,2,0,0
2,130,317,2.0,1,2,0,0
2,160,347,2.0,1,2,0,0
2,190,377,1.9377,1,2,0,0
2,220,407,1.7948,1,2,0,0
2,250,437,1.6716,1,2,0,0
2,280,467,1.5642,1,2,0,0
1,7,7,1.0,1,1,0,0
1,37,37,1.0,1,1,0,0
1,67,67,1.0,1,1,0,0
1,97,97,1.0,1,1,0,0
1,127,127,1.0,1,1,0,0
1,157,157,1.0,1,1,0,0
1,187,187,1.0,1,1,0,0
2,8,217,2.0,1,1,0,0
2,38,247,2.0,1,1,0,0
2,68,277,2.0,1,1,0,0
2,98,307,2.0,1,1,0,0
2,128,337,2.0,1,1,0,0
2,158,367,1.9905,1,1,0,0
1,7,7,1.0,1,1,0,0
1,37,37,1.0,1,1,0,0
1,67,67,1.0,1,1,0,0
1,97,97,1.0,1,1,0,0
1,127,127,1.0,1,1,0,0
1,157,157,1.0,1,1,0,0
1,187,187,1.0,1,1,0,0
2,8,217,2.0,1,1,0,0
2,38,247,2.0,1,1,0,0
2,68,277,2.0,1,1,0,0
2,98,307,2.0,1,1,0,0
2,128,337,2.0,1,1,0,0
2,158,367,1.9905,1,1,0,0
2,13,137,2.0,1,2,1,0
2,43,167,2.0,1,2,1,0
2,73,197,2.0,1,2,1,0
2,103,227,2.0,1,2,1,0
2,133,257,2.0,1,2,1,0
3,3,287,3.0,1,2,1,0
3,33,317,3.0,1,2,1,0
3,63,347,3.0,1,2,1,0
3,93,377,2.9065,1,2,1,0
3,123,407,2.6923,1,2,1,0
4,5,437,3.3432,1,3,1,0
4,35,467,3.1285,1,3,1,0
4,65,497,2.9396,1,3,1,0
4,95,527,2.7723,1,3,1,0
4,125,557,2.623,1,3,1,0
4,155,587,2.4889,1,3,1,0
4,185,617,2.3679,1,3,1,0
4,215,647,2.2581,1,3,1,0
4,245,677,2.1581,1,3,1,0
2,13,137,2.0,1,2,1,0
2,43,167,2.0,1,2,1,0
2,73,197,2.0,1,2,1,0
2,103,227,2.0,1,2,1,0
2,133,257,2.0,1,2,1,0
2,163,287,2.0,1,2,1,0
2,193,317,2.0,1,2,1,0
2,223,347,2.0,1,2,1,0
2,253,377,1.9377,1,2,1,0
2,283,407,1.7948,1,2,1,0
3,5,437,2.5074,1,3,1,0
3,35,467,2.3464,1,3,1,0
3,65,497,2.2047,1,3,1,0
3,95,527,2.0792,1,3,1,0
3,125,557,1.9672,1,3,1,0
3,155,587,1.8667,1,3,1,0
3,185,617,1.7759,1,3,1,0
3,215,647,1.6936,1,3,1,0
3,245,677,1.6185,1,3,1,0
1,2,2,1.0,1,1,0,0
1,32,32,1.0,1,1,0,0
1,62,62,1.0,1,1,0,0
1,92,92,1.0,1,1,0,0
1,122,122,1.0,1,1,0,0
1,152,152,1.0,1,1,0,0
2,0,182,2.0,1,2,0,0
2,30,212,2.0,1,2,0,0
2,60,242,2.0,1,2,0,0
2,90,272,2.0,1,2,0,0
2,120,302,2.0,1,2,0,0
2,150,332,2.0,1,2,0,0
2,180,362,2.0,1,2,0,0
2,210,392,1.8635,1,2,0,0
3,1,422,2.5966,1,2,0,0
3,31,452,2.4242,1,2,0,0
3,61,482,2.2733,1,2,0,0
3,91,512,2.1401,1,2,0,0
3,121,542,2.0217,1,2,0,0
2,79,213,2.0,1,2,0,0
2,109,243,2.0,1,2,0,0
3,3,273,3.0,1,2,0,0
3,33,303,3.0,1,2,0,0
3,63,333,3.0,1,2,0,0
3,93,363,3.0,1,2,0,0
3,123,393,2.7882,1,2,0,0
3,153,423,2.5904,1,2,0,0
3,183,453,2.4189,1,2,0,0
3,213,483,2.2686,1,2,0,0
3,243,513,2.136,1,2,0,0
3,273,543,2.018,1,2,0,0
3,303,573,1.9123,1,2,0,0
3,333,603,1.8172,1,2,0,0
3,363,633,1.731,1,2,0,0
3,393,663,1.6527,1,2,0,0
3,423,693,1.5812,1,2,0,0
3,453,723,1.5156,1,2,0,0
3,483,753,1.4552,1,2,0,0
1,3,3,1.0,1,1,0,0
1,33,33,1.0,1,1,0,0
1,63,63,1.0,1,1,0,0
1,93,93,1.0,1,1,0,0
2,20,123,2.0,1,1,0,0
2,50,153,2.0,1,1,0,0
2,80,183,2.0,1,1,0,0
2,110,213,2.0,1,1,0,0
2,140,243,2.0,1,1,0,0
2,170,273,2.0,1,1,0,0
2,200,303,2.0,1,1,0,0
2,230,333,2.0,1,1,0,0
2,260,363,2.0,1,1,0,0
2,290,393,1.8588,1,1,0,0
2,320,423,1.727,1,1,0,0
1,132,132,1.0,1,1,0,0
2,15,162,2.0,1,2,0,0
2,45,192,2.0,1,2,0,0
3,14,222,3.0,1,3,0,0
3,44,252,3.0,1,3,0,0
3,74,282,3.0,1,3,0,0
3,104,312,3.0,1,3,0,0
3,134,342,3.0,1,3,0,0
3,164,372,2.9456,1,3,0,0
3,194,402,2.7257,1,3,0,0
3,224,432,2.5365,1,3,0,0
3,254,462,2.3718,1,3,0,0
3,284,492,2.2271,1,3,0,0
3,314,522,2.0991,1,3,0,0
3,344,552,1.9851,1,3,0,0
3,374,582,1.8827,1,3,0,0
3,404,612,1.7904,1,3,0,0
3,434,642,1.7068,1,3,0,0
3,464,672,1.6306,1,3,0,0
1,15,15,1.0,1,1,0,0
1,45,45,1.0,1,1,0,0
1,75,75,1.0,1,1,0,0
1,105,105,1.0,1,1,0,0
1,135,135,1.0,1,1,0,0
1,165,165,1.0,1,1,0,0
1,195,195,1.0,1,1,0,0
1,225,225,1.0,1,1,0,0
2,0,255,2.0,1,2,0,0
2,30,285,2.0,1,2,0,0
2,60,315,2.0,1,2,0,0
2,90,345,2.0,1,2,0,0
2,120,375,1.948,1,2,0,0
1,76,76,1.0,1,1,1,0
1,106,106,1.0,1,1,1,0
1,136,136,1.0,1,1,1,0
1,166,166,1.0,1,1,1,0
2,0,196,2.0,1,2,1,0
2,30,226,2.0,1,2,1,0
2,60,256,2.0,1,2,1,0
2,90,286,2.0,1,2,1,0
2,120,316,2.0,1,2,1,0
2,150,346,2.0,1,2,1,0
2,180,376,1.9428,1,2,1,0
2,210,406,1.7993,1,2,1,0
2,240,436,1.6755,1,2,1,0
2,270,466,1.5676,1,2,1,0
2,300,496,1.4728,1,2,1,0
2,330,526,1.3888,1,2,1,0
2,360,556,1.3138,1,2,1,0
2,390,586,1.2466,1,2,1,0
2,420,616,1.1859,1,2,1,0
1,13,13,1.0,1,1,0,0
1,43,43,1.0,1,1,0,0
1,73,73,1.0,1,1,0,0
1,103,103,1.0,1,1,0,0
1,133,133,1.0,1,1,0,0
2,9,163,2.0,1,2,0,0
2,39,193,2.0,1,2,0,0
2,69,223,2.0,1,2,0,0
2,99,253,2.0,1,2,0,0
2,129,283,2.0,1,2,0,0
1,13,13,1.0,1,1,0,0
1,43,43,1.0,1,1,0,0
1,73,73,1.0,1,1,0,0
1,103,103,1.0,1,1,0,0
1,133,133,1.0,1,1,0,0
2,9,163,2.0,1,2,0,0
2,39,193,2.0,1,2,0,0
2,69,223,2.0,1,2,0,0
2,99,253,2.0,1,2,0,0
2,129,283,2.0,1,2,0,0
1,20,20,1.0,1,1,0,0
1,50,50,1.0,1,1,0,0
1,80,80,1.0,1,1,0,0
1,110,110,1.0,1,1,0,0
1,140,140,1.0,1,1,0,0
1,170,170,1.0,1,1,0,0
1,200,200,1.0,1,1,0,0
1,230,230,1.0,1,1,0,0
2,7,260,2.0,1,2,0,0
2,37,290,2.0,1,2,0,0
2,67,320,2.0,1,2,0,0
2,97,350,2.0,1,2,0,0
2,127,380,1.9224,1,2,0,0
2,157,410,1.7817,1,2,0,0
2,187,440,1.6602,1,2,0,0
2,217,470,1.5543,1,2,0,0
2,247,500,1.461,1,2,0,0
3,20,530,2.0675,1,3,1,0
3,50,560,1.9567,1,3,1,0
1,107,107,1.0,1,1,0,0
2,28,137,2.0,1,1,0,0
2,58,167,2.0,1,1,0,0
2,88,197,2.0,1,1,0,0
2,118,227,2.0,1,1,0,0
2,148,257,2.0,1,1,0,0
2,178,287,2.0,1,1,0,0
2,208,317,2.0,1,1,0,0
2,238,347,2.0,1,1,0,0
2,268,377,1.9377,1,1,0,0
2,298,407,1.7948,1,1,0,0
2,328,437,1.6716,1,1,0,0
2,358,467,1.5642,1,1,0,0
2,388,497,1.4698,1,1,0,0
2,418,527,1.3861,1,1,0,0
2,448,557,1.3115,1,1,0,0
2,478,587,1.2445,1,1,0,0
2,508,617,1.184,1,1,0,0
2,538,647,1.1291,1,1,0,0
2,140,231,2.0,1,1,0,0
2,170,261,2.0,1,1,0,0
2,200,291,2.0,1,1,0,0
2,230,321,2.0,1,1,0,0
2,260,351,2.0,1,1,0,0
2,290,381,1.9173,1,1,0,0
2,320,411,1.7774,1,1,0,0
2,350,441,1.6565,1,1,0,0
2,380,471,1.551,1,1,0,0
2,410,501,1.4581,1,1,0,0
2,440,531,1.3757,1,1,0,0
2,470,561,1.3021,1,1,0,0
2,500,591,1.236,1,1,0,0
2,530,621,1.1763,1,1,0,0
2,560,651,1.1221,1,1,0,0
2,590,681,1.0727,1,1,0,0
2,620,711,1.0274,1,1,0,0
2,650,741,0.9858,1,1,0,0
2,680,771,0.9475,1,1,0,0
1,11,11,1.0,1,1,0,0
1,41,41,1.0,1,1,0,0
1,71,71,1.0,1,1,0,0
1,101,101,1.0,1,1,0,0
1,131,131,1.0,1,1,0,0
2,13,161,2.0,1,1,0,0
2,43,191,2.0,1,1,0,0
2,73,221,2.0,1,1,0,0
2,103,251,2.0,1,1,0,0
2,133,281,2.0,1,1,0,0
2,163,311,2.0,1,1,0,0
2,193,341,2.0,1,1,0,0
3,26,371,2.9535,1,2,1,0
3,56,401,2.7325,1,2,1,0
3,86,431,2.5423,1,2,1,0
3,116,461,2.3769,1,2,1,0
1,11,11,1.0,1,1,0,0
1,41,41,1.0,1,1,0,0
1,71,71,1.0,1,1,0,0
1,101,101,1.0,1,1,0,0
1,131,131,1.0,1,1,0,0
2,13,161,2.0,1,1,0,0
2,43,191,2.0,1,1,0,0
2,73,221,2.0,1,1,0,0
2,103,251,2.0,1,1,0,0
2,133,281,2.0,1,1,0,0
2,163,311,2.0,1,1,0,0
2,193,341,2.0,1,1,0,0
3,26,371,2.9535,1,2,1,0
3,56,401,2.7325,1,2,1,0
3,86,431,2.5423,1,2,1,0
3,116,461,2.3769,1,2,1,0
1,5,5,1.0,1,1,1,0
1,35,35,1.0,1,1,1,0
2,7,65,2.0,1,1,1,0
2,37,95,2.0,1,1,1,0
2,67,125,2.0,1,1,1,0
2,97,155,2.0,1,1,1,0
2,127,185,2.0,1,1,1,0
2,157,215,2.0,1,1,1,0
2,187,245,2.0,1,1,1,0
2,217,275,2.0,1,1,1,0
2,247,305,2.0,1,1,1,0
2,277,335,2.0,1,1,1,0
2,307,365,2.0,1,1,1,0
2,337,395,1.8494,1,1,1,0
2,367,425,1.7188,1,1,1,0
2,397,455,1.6055,1,1,1,0
2,427,485,1.5062,1,1,1,0
2,457,515,1.4184,1,1,1,0
1,151,151,1.0,1,1,1,0
2,20,181,2.0,1,2,1,0
2,50,211,2.0,1,2,1,0
2,80,241,2.0,1,2,1,0
2,110,271,2.0,1,2,1,0
2,140,301,2.0,1,2,1,0
2,170,331,2.0,1,2,1,0
3,22,361,3.0,1,2,1,0
3,52,391,2.8024,1,2,1,0
3,82,421,2.6027,1,2,1,0
3,112,451,2.4296,1,2,1,0
3,142,481,2.2781,1,2,1,0
3,172,511,2.1443,1,2,1,0
3,202,541,2.0254,1,2,1,0
3,232,571,1.919,1,2,1,0
3,262,601,1.8232,1,2,1,0
3,292,631,1.7365,1,2,1,0
3,322,661,1.6577,1,2,1,0
3,352,691,1.5857,1,2,1,0
1,28,28,1.0,1,1,0,0
1,58,58,1.0,1,1,0,0
1,88,88,1.0,1,1,0,0
1,118,118,1.0,1,1,0,0
1,148,148,1.0,1,1,0,0
1,178,178,1.0,1,1,0,0
2,19,208,2.0,1,2,0,0
2,49,238,2.0,1,2,0,0
2,79,268,2.0,1,2,0,0
2,109,298,2.0,1,2,0,0
2,139,328,2.0,1,2,0,0
2,169,358,2.0,1,2,0,0
3,29,388,2.8241,1,2,1,0
3,59,418,2.6214,1,2,1,0
3,89,448,2.4459,1,2,1,0
1,85,85,1.0,1,1,0,0
2,27,115,2.0,1,2,0,0
2,57,145,2.0,1,2,0,0
2,87,175,2.0,1,2,0,0
2,117,205,2.0,1,2,0,0
2,147,235,2.0,1,2,0,0
3,27,265,3.0,1,3,0,0
3,57,295,3.0,1,3,0,0
3,87,325,3.0,1,3,0,0
3,117,355,3.0,1,3,0,0
3,147,385,2.8461,1,3,0,0
3,177,415,2.6404,1,3,0,0
3,207,445,2.4624,1,3,0,0
3,237,475,2.3068,1,3,0,0
3,267,505,2.1698,1,3,0,0
3,297,535,2.0481,1,3,0,0
3,327,565,1.9394,1,3,0,0
3,357,595,1.8416,1,3,0,0
3,387,625,1.7532,1,3,0,0
1,7,7,1.0,1,1,0,0
1,37,37,1.0,1,1,0,0
1,67,67,1.0,1,1,0,0
1,97,97,1.0,1,1,0,0
1,127,127,1.0,1,1,0,0
1,157,157,1.0,1,1,0,0
1,187,187,1.0,1,1,0,0
2,28,217,2.0,1,2,0,0
2,58,247,2.0,1,2,0,0
2,88,277,2.0,1,2,0,0
3,11,307,3.0,1,2,0,0
3,41,337,3.0,1,2,0,0
3,71,367,2.9857,1,2,0,0
3,101,397,2.7601,1,2,0,0
3,131,427,2.5662,1,2,0,0
3,161,457,2.3977,1,2,0,0
3,191,487,2.25,1,2,0,0
3,221,517,2.1194,1,2,0,0
3,251,547,2.0032,1,2,0,0
2,18,141,2.0,1,1,0,0
2,48,171,2.0,1,1,0,0
2,78,201,2.0,1,1,0,0
2,108,231,2.0,1,1,0,0
3,6,261,3.0,1,1,1,0
3,36,291,3.0,1,1,1,0
3,66,321,3.0,1,1,1,0
3,96,351,3.0,1,1,1,0
3,126,381,2.876,1,1,1,0
3,156,411,2.6661,1,1,1,0
4,11,441,3.3129,1,2,1,0
4,41,471,3.1019,1,2,1,0
4,71,501,2.9162,1,2,1,0
4,101,531,2.7514,1,2,1,0
4,131,561,2.6043,1,2,1,0
4,161,591,2.4721,1,2,1,0
4,191,621,2.3527,1,2,1,0
4,221,651,2.2442,1,2,1,0
4,251,681,2.1454,1,2,1,0
1,59,59,1.0,1,1,0,0
1,89,89,1.0,1,1,0,0
1,119,119,1.0,1,1,0,0
1,149,149,1.0,1,1,0,0
2,8,179,2.0,1,1,0,0
2,38,209,2.0,1,1,0,0
2,68,239,2.0,1,1,0,0
2,98,269,2.0,1,1,0,0
2,128,299,2.0,1,1,0,0
3,17,329,3.0,1,2,0,0
3,47,359,3.0,1,2,0,0
3,77,389,2.8168,1,2,0,0
3,107,419,2.6152,1,2,0,0
3,137,449,2.4404,1,2,0,0
3,167,479,2.2876,1,2,0,0
3,197,509,2.1528,1,2,0,0
3,227,539,2.0329,1,2,0,0
3,257,569,1.9257,1,2,0,0
3,287,599,1.8293,1,2,0,0
1,59,59,1.0,1,1,0,0
1,89,89,1.0,1,1,0,0
1,119,119,1.0,1,1,0,0
1,149,149,1.0,1,1,0,0
2,8,179,2.0,1,1,0,0
2,38,209,2.0,1,1,0,0
2,68,239,2.0,1,1,0,0
2,98,269,2.0,1,1,0,0
2,128,299,2.0,1,1,0,0
3,17,329,3.0,1,2,0,0
3,47,359,3.0,1,2,0,0
3,77,389,2.8168,1,2,0,0
3,107,419,2.6152,1,2,0,0
3,137,449,2.4404,1,2,0,0
3,167,479,2.2876,1,2,0,0
3,197,509,2.1528,1,2,0,0
3,227,539,2.0329,1,2,0,0
3,257,569,1.9257,1,2,0,0
3,287,599,1.8293,1,2,0,0
1,6,6,1.0,1,1,0,0
1,36,36,1.0,1,1,0,0
1,66,66,1.0,1,1,0,0
1,96,96,1.0,1,1,0,0
2,25,126,2.0,1,2,0,0
2,55,156,2.0,1,2,0,0
2,85,186,2.0,1,2,0,0
2,115,216,2.0,1,2,0,0
2,145,246,2.0,1,2,0,0
2,175,276,2.0,1,2,0,0
2,205,306,2.0,1,2,0,0
2,235,336,2.0,1,2,0,0
2,265,366,1.9959,1,2,0,0
2,295,396,1.8447,1,2,0,0
2,325,426,1.7148,1,2,0,0
2,355,456,1.602,1,2,0,0
2,385,486,1.5031,1,2,0,0
1,6,6,1.0,1,1,0,0
1,36,36,1.0,1,1,0,0
1,66,66,1.0,1,1,0,0
1,96,96,1.0,1,1,0,0
1,126,126,1.0,1,1,0,0
2,14,156,2.0,1,2,0,0
2,44,186,2.0,1,2,0,0
3,6,216,3.0,1,3,0,0
3,36,246,3.0,1,3,0,0
3,66,276,3.0,1,3,0,0
3,96,306,3.0,1,3,0,0
3,126,336,3.0,1,3,0,0
3,156,366,2.9939,1,3,0,0
1,6,6,1.0,1,1,0,0
1,36,36,1.0,1,1,0,0
1,66,66,1.0,1,1,0,0
1,96,96,1.0,1,1,0,0
1,126,126,1.0,1,1,0,0
2,14,156,2.0,1,2,0,0
2,44,186,2.0,1,2,0,0
3,6,216,3.0,1,3,0,0
3,36,246,3.0,1,3,0,0
3,66,276,3.0,1,3,0,0
3,96,306,3.0,1,3,0,0
3,126,336,3.0,1,3,0,0
3,156,366,2.9939,1,3,0,0
1,7,7,1.0,1,1,0,0
1,37,37,1.0,1,1,0,0
1,67,67,1.0,1,1,0,0
1,97,97,1.0,1,1,0,0
1,127,127,1.0,1,1,0,0
1,157,157,1.0,1,1,0,0
2,4,187,2.0,1,1,0,0
2,34,217,2.0,1,1,0,0
2,64,247,2.0,1,1,0,0
2,94,277,2.0,1,1,0,0
2,124,307,2.0,1,1,0,0
2,154,337,2.0,1,1,0,0
2,184,367,1.9905,1,1,0,0
2,214,397,1.8401,1,1,0,0
2,244,427,1.7108,1,1,0,0
2,274,457,1.5985,1,1,0,0
2,304,487,1.5,1,1,0,0
2,334,517,1.413,1,1,0,0
1,10,10,1.0,1,1,0,0
1,40,40,1.0,1,1,0,0
1,70,70,1.0,1,1,0,0
1,100,100,1.0,1,1,0,0
1,130,130,1.0,1,1,0,0
1,160,160,1.0,1,1,0,0
1,190,190,1.0,1,1,0,0
1,220,220,1.0,1,1,0,0
1,250,250,1.0,1,1,0,0
2,2,280,2.0,1,2,0,0
2,32,310,2.0,1,2,0,0
2,62,340,2.0,1,2,0,0
3,21,370,2.9615,1,2,0,0
3,51,400,2.7394,1,2,0,0
3,81,430,2.5483,1,2,0,0
3,111,460,2.3821,1,2,0,0
3,141,490,2.2362,1,2,0,0
3,171,520,2.1072,1,2,0,0
3,201,550,1.9923,1,2,0,0
2,12,94,2.0,1,2,1,0
2,42,124,2.0,1,2,1,0
2,72,154,2.0,1,2,1,0
2,102,184,2.0,1,2,1,0
2,132,214,2.0,1,2,1,0
2,162,244,2.0,1,2,1,0
3,21,274,3.0,1,3,1,0
3,51,304,3.0,1,3,1,0
3,81,334,3.0,1,3,1,0
3,111,364,3.0,1,3,1,0
3,141,394,2.7811,1,3,1,0
3,171,424,2.5843,1,3,1,0
3,201,454,2.4135,1,3,1,0
3,231,484,2.2639,1,3,1,0
3,261,514,2.1318,1,3,1,0
3,291,544,2.0142,1,3,1,0
3,321,574,1.909,1,3,1,0
3,351,604,1.8142,1,3,1,0
3,381,634,1.7283,1,3,1,0
1,84,84,1.0,1,1,0,0
1,114,114,1.0,1,1,0,0
2,11,144,2.0,1,2,0,0
2,41,174,2.0,1,2,0,0
2,71,204,2.0,1,2,0,0
3,7,234,3.0,1,2,1,0
3,37,264,3.0,1,2,1,0
3,67,294,3.0,1,2,1,0
3,97,324,3.0,1,2,1,0
4,0,354,4.0,1,2,2,0
4,30,384,3.8047,1,2,2,0
4,60,414,3.529,1,2,2,0
4,90,444,3.2905,1,2,2,0
5,22,474,3.8528,1,3,2,0
5,52,504,3.6235,1,3,2,0
5,82,534,3.4199,1,3,2,0
5,112,564,3.238,1,3,2,0
5,142,594,3.0745,1,3,2,0
5,172,624,2.9267,1,3,2,0
1,84,84,1.0,1,1,0,0
1,114,114,1.0,1,1,0,0
2,11,144,2.0,1,2,0,0
2,41,174,2.0,1,2,0,0
2,71,204,2.0,1,2,0,0
3,7,234,3.0,1,2,1,0
3,37,264,3.0,1,2,1,0
3,67,294,3.0,1,2,1,0
3,97,324,3.0,1,2,1,0
4,0,354,4.0,1,2,2,0
4,30,384,3.8047,1,2,2,0
4,60,414,3.529,1,2,2,0
4,90,444,3.2905,1,2,2,0
4,120,474,3.0823,1,2,2,0
4,150,504,2.8988,1,2,2,0
4,180,534,2.736,1,2,2,0
4,210,564,2.5904,1,2,2,0
4,240,594,2.4596,1,2,2,0
4,270,624,2.3413,1,2,2,0
1,18,18,1.0,1,1,0,0
1,48,48,1.0,1,1,0,0
1,78,78,1.0,1,1,0,0
2,7,108,2.0,1,1,0,0
2,37,138,2.0,1,1,0,0
2,67,168,2.0,1,1,0,0
2,97,198,2.0,1,1,0,0
2,127,228,2.0,1,1,0,0
2,157,258,2.0,1,1,0,0
2,187,288,2.0,1,1,0,0
3,29,318,3.0,1,2,0,0
3,59,348,3.0,1,2,0,0
3,89,378,2.8988,1,2,0,0
3,119,408,2.6857,1,2,0,0
3,149,438,2.5017,1,2,0,0
3,179,468,2.3413,1,2,0,0
3,209,498,2.2003,1,2,0,0
3,239,528,2.0753,1,2,0,0
3,269,558,1.9637,1,2,0,0
1,21,21,1.0,1,1,0,0
1,51,51,1.0,1,1,0,0
1,81,81,1.0,1,1,0,0
1,111,111,1.0,1,1,0,0
1,141,141,1.0,1,1,0,0
1,171,171,1.0,1,1,0,0
1,201,201,1.0,1,1,0,0
1,231,231,1.0,1,1,0,0
1,261,261,1.0,1,1,0,0
2,23,291,2.0,1,2,0,0
2,53,321,2.0,1,2,0,0
3,8,351,3.0,1,3,0,0
3,38,381,2.876,1,3,0,0
3,68,411,2.6661,1,3,0,0
3,98,441,2.4847,1,3,0,0
3,128,471,2.3264,1,3,0,0
2,151,217,2.0,1,2,1,0
2,181,247,2.0,1,2,1,0
2,211,277,2.0,1,2,1,0
2,241,307,2.0,1,2,1,0
2,271,337,2.0,1,2,1,0
2,301,367,1.9905,1,2,1,0
2,331,397,1.8401,1,2,1,0
2,361,427,1.7108,1,2,1,0
2,391,457,1.5985,1,2,1,0
2,421,487,1.5,1,2,1,0
2,451,517,1.413,1,2,1,0
2,481,547,1.3355,1,2,1,0
2,511,577,1.266,1,2,1,0
2,541,607,1.2035,1,2,1,0
2,571,637,1.1468,1,2,1,0
2,601,667,1.0952,1,2,1,0
2,631,697,1.0481,1,2,1,0
2,661,727,1.0048,1,2,1,0
2,691,757,0.965,1,2,1,0
1,29,29,1.0,1,1,0,0
1,59,59,1.0,1,1,0,0
1,89,89,1.0,1,1,0,0
1,119,119,1.0,1,1,0,0
1,149,149,1.0,1,1,0,0
1,179,179,1.0,1,1,0,0
2,11,209,2.0,1,2,0,0
2,41,239,2.0,1,2,0,0
2,71,269,2.0,1,2,0,0
2,101,299,2.0,1,2,0,0
2,131,329,2.0,1,2,0,0
3,28,359,3.0,1,3,0,0
3,58,389,2.8168,1,3,0,0
4,17,419,3.4869,1,4,0,0
4,47,449,3.2539,1,4,0,0
4,77,479,3.0501,1,4,0,0
1,29,29,1.0,1,1,0,0
1,59,59,1.0,1,1,0,0
1,89,89,1.0,1,1,0,0
1,119,119,1.0,1,1,0,0
1,149,149,1.0,1,1,0,0
1,179,179,1.0,1,1,0,0
2,11,209,2.0,1,2,0,0
2,41,239,2.0,1,2,0,0
2,71,269,2.0,1,2,0,0
2,101,299,2.0,1,2,0,0
2,131,329,2.0,1,2,0,0
3,28,359,3.0,1,3,0,0
3,58,389,2.8168,1,3,0,0
4,17,419,3.4869,1,4,0,0
4,47,449,3.2539,1,4,0,0
4,77,479,3.0501,1,4,0,0
2,21,237,2.0,1,2,0,0
2,51,267,2.0,1,2,0,0
2,81,297,2.0,1,2,0,0
2,111,327,2.0,1,2,0,0
2,141,357,2.0,1,2,0,0
2,171,387,1.8876,1,2,0,0
2,201,417,1.7518,1,2,0,0
2,231,447,1.6342,1,2,0,0
3,5,477,2.2972,1,3,0,0
3,35,507,2.1612,1,3,0,0
3,65,537,2.0405,1,3,0,0
3,95,567,1.9325,1,3,0,0
3,125,597,1.8354,1,3,0,0
3,155,627,1.7476,1,3,0,0
3,185,657,1.6678,1,3,0,0
3,215,687,1.595,1,3,0,0
3,245,717,1.5282,1,3,0,0
3,275,747,1.4669,1,3,0,0
3,305,777,1.4102,1,3,0,0
1,49,49,1.0,1,1,0,0
1,79,79,1.0,1,1,0,0
1,109,109,1.0,1,1,0,0
1,139,139,1.0,1,1,0,0
1,169,169,1.0,1,1,0,0
1,199,199,1.0,1,1,0,0
1,229,229,1.0,1,1,0,0
2,15,259,2.0,1,1,0,0
2,45,289,2.0,1,1,0,0
2,75,319,2.0,1,1,0,0
2,105,349,2.0,1,1,0,0
2,135,379,1.9274,1,1,0,0
3,8,409,2.6791,1,2,0,0
3,38,439,2.496,1,2,0,0
3,68,469,2.3364,1,2,0,0
3,98,499,2.1959,1,2,0,0
3,128,529,2.0714,1,2,0,0
3,158,559,1.9602,1,2,0,0
3,188,589,1.8604,1,2,0,0
1,0,0,1.0,1,1,0,0
1,30,30,1.0,1,1,0,0
1,60,60,1.0,1,1,0,0
1,90,90,1.0,1,1,0,0
1,120,120,1.0,1,1,0,0
1,150,150,1.0,1,1,0,0
1,180,180,1.0,1,1,0,0
2,19,210,2.0,1,2,0,0
2,49,240,2.0,1,2,0,0
2,79,270,2.0,1,2,0,0
2,109,300,2.0,1,2,0,0
2,139,330,2.0,1,2,0,0
2,169,360,2.0,1,2,0,0
2,199,390,1.8731,1,2,0,0
2,229,420,1.7393,1,2,0,0
3,14,450,2.435,1,2,0,0
1,0,0,1.0,1,1,0,0
1,30,30,1.0,1,1,0,0
1,60,60,1.0,1,1,0,0
1,90,90,1.0,1,1,0,0
1,120,120,1.0,1,1,0,0
1,150,150,1.0,1,1,0,0
1,180,180,1.0,1,1,0,0
2,19,210,2.0,1,2,0,0
2,49,240,2.0,1,2,0,0
2,79,270,2.0,1,2,0,0
2,109,300,2.0,1,2,0,0
2,139,330,2.0,1,2,0,0
2,169,360,2.0,1,2,0,0
2,199,390,1.8731,1,2,0,0
2,229,420,1.7393,1,2,0,0
3,14,450,2.435,1,2,0,0
1,27,27,1.0,1,1,0,0
1,57,57,1.0,1,1,0,0
1,87,87,1.0,1,1,0,0
1,117,117,1.0,1,1,0,0
1,147,147,1.0,1,1,0,0
1,177,177,1.0,1,1,0,0
2,2,207,2.0,1,2,0,0
2,32,237,2.0,1,2,0,0
2,62,267,2.0,1,2,0,0
2,92,297,2.0,1,2,0,0
3,5,327,3.0,1,3,0,0
3,35,357,3.0,1,3,0,0
2,67,165,2.0,1,2,0,0
2,97,195,2.0,1,2,0,0
2,127,225,2.0,1,2,0,0
2,157,255,2.0,1,2,0,0
2,187,285,2.0,1,2,0,0
2,217,315,2.0,1,2,0,0
2,247,345,2.0,1,2,0,0
2,277,375,1.948,1,2,0,0
2,307,405,1.8037,1,2,0,0
2,337,435,1.6793,1,2,0,0
2,367,465,1.571,1,2,0,0
2,397,495,1.4758,1,2,0,0
2,427,525,1.3914,1,2,0,0
2,457,555,1.3162,1,2,0,0
2,487,585,1.2487,1,2,0,0
2,517,615,1.1878,1,2,0,0
2,547,645,1.1326,1,2,0,0
2,577,675,1.0822,1,2,0,0
2,607,705,1.0362,1,2,0,0
1,179,179,1.0,1,1,0,0
2,10,209,2.0,1,1,0,0
2,40,239,2.0,1,1,0,0
2,70,269,2.0,1,1,0,0
2,100,299,2.0,1,1,0,0
2,130,329,2.0,1,1,0,0
2,160,359,2.0,1,1,0,0
2,190,389,1.8779,1,1,0,0
3,12,419,2.6152,1,2,0,0
3,42,449,2.4404,1,2,0,0
3,72,479,2.2876,1,2,0,0
3,102,509,2.1528,1,2,0,0
3,132,539,2.0329,1,2,0,0
3,162,569,1.9257,1,2,0,0
3,192,599,1.8293,1,2,0,0
3,222,629,1.7421,1,2,0,0
3,252,659,1.6627,1,2,0,0
3,282,689,1.5903,1,2,0,0
3,312,719,1.524,1,2,0,0
1,43,43,1.0,1,1,0,0
1,73,73,1.0,1,1,0,0
1,103,103,1.0,1,1,0,0
1,133,133,1.0,1,1,0,0
1,163,163,1.0,1,1,0,0
2,12,193,2.0,1,1,0,0
2,42,223,2.0,1,1,0,0
2,72,253,2.0,1,1,0,0
2,102,283,2.0,1,1,0,0
2,132,313,2.0,1,1,0,0
2,162,343,2.0,1,1,0,0
2,192,373,1.9584,1,1,0,0
3,15,403,2.719,1,1,0,0
3,45,433,2.5306,1,1,0,0
3,75,463,2.3666,1,1,0,0
3,105,493,2.2226,1,1,0,0
3,135,523,2.0951,1,1,0,0
3,165,553,1.9815,1,1,0,0
3,195,583,1.8795,1,1,0,0
1,26,26,1.0,1,1,0,0
1,56,56,1.0,1,1,0,0
1,86,86,1.0,1,1,0,0
2,11,116,2.0,1,1,0,0
2,41,146,2.0,1,1,0,0
2,71,176,2.0,1,1,0,0
2,101,206,2.0,1,1,0,0
2,131,236,2.0,1,1,0,0
2,161,266,2.0,1,1,0,0
2,191,296,2.0,1,1,0,0
2,221,326,2.0,1,1,0,0
2,251,356,2.0,1,1,0,0
2,281,386,1.8925,1,1,0,0
2,311,416,1.756,1,1,0,0
2,341,446,1.6379,1,1,0,0
2,371,476,1.5347,1,1,0,0
2,401,506,1.4437,1,1,0,0
2,431,536,1.3629,1,1,0,0
2,461,566,1.2906,1,1,0,0
1,26,26,1.0,1,1,0,0
1,56,56,1.0,1,1,0,0
1,86,86,1.0,1,1,0,0
2,11,116,2.0,1,1,0,0
2,41,146,2.0,1,1,0,0
2,71,176,2.0,1,1,0,0
2,101,206,2.0,1,1,0,0
2,131,236,2.0,1,1,0,0
2,161,266,2.0,1,1,0,0
2,191,296,2.0,1,1,0,0
2,221,326,2.0,1,1,0,0
2,251,356,2.0,1,1,0,0
2,281,386,1.8925,1,1,0,0
2,311,416,1.756,1,1,0,0
2,341,446,1.6379,1,1,0,0
2,371,476,1.5347,1,1,0,0
2,401,506,1.4437,1,1,0,0
2,431,536,1.3629,1,1,0,0
2,461,566,1.2906,1,1,0,0
1,119,119,1.0,1,1,0,0
2,16,149,2.0,1,1,0,0
2,46,179,2.0,1,1,0,0
2,76,209,2.0,1,1,0,0
3,22,239,3.0,1,1,0,0
3,52,269,3.0,1,1,0,0
3,82,299,3.0,1,1,0,0
3,112,329,3.0,1,1,0,0
3,142,359,3.0,1,1,0,0
3,172,389,2.8168,1,1,0,0
3,202,419,2.6152,1,1,0,0
4,18,449,3.2539,1,1,1,0
4,48,479,3.0501,1,1,1,0
4,78,509,2.8703,1,1,1,0
4,108,539,2.7106,1,1,1,0
4,138,569,2.5677,1,1,1,0
5,18,599,3.0488,1,2,1,0
5,48,629,2.9034,1,2,1,0
5,78,659,2.7712,1,2,1,0
1,119,119,1.0,1,1,0,0
1,149,149,1.0,1,1,0,0
1,179,179,1.0,1,1,0,0
1,209,209,1.0,1,1,0,0
2,22,239,2.0,1,1,0,0
2,52,269,2.0,1,1,0,0
2,82,299,2.0,1,1,0,0
2,112,329,2.0,1,1,0,0
2,142,359,2.0,1,1,0,0
2,172,389,1.8779,1,1,0,0
2,202,419,1.7434,1,1,0,0
2,232,449,1.6269,1,1,0,0
2,262,479,1.5251,1,1,0,0
2,292,509,1.4352,1,1,0,0
2,322,539,1.3553,1,1,0,0
2,352,569,1.2838,1,1,0,0
3,18,599,1.8293,1,2,0,0
3,48,629,1.7421,1,2,0,0
3,78,659,1.6627,1,2,0,0
1,25,25,1.0,1,1,0,0
1,55,55,1.0,1,1,0,0
1,85,85,1.0,1,1,0,0
1,115,115,1.0,1,1,0,0
1,145,145,1.0,1,1,0,0
1,175,175,1.0,1,1,0,0
2,1,205,2.0,1,1,0,0
2,31,235,2.0,1,1,0,0
2,61,265,2.0,1,1,0,0
2,91,295,2.0,1,1,0,0
2,121,325,2.0,1,1,0,0
2,151,355,2.0,1,1,0,0
2,181,385,1.8974,1,1,0,0
2,211,415,1.7602,1,1,0,0
2,241,445,1.6416,1,1,0,0
2,271,475,1.5379,1,1,0,0
2,301,505,1.4465,1,1,0,0
2,23,142,2.0,1,2,0,0
2,53,172,2.0,1,2,0,0
2,83,202,2.0,1,2,0,0
2,113,232,2.0,1,2,0,0
2,143,262,2.0,1,2,0,0
2,173,292,2.0,1,2,0,0
2,203,322,2.0,1,2,0,0
2,233,352,2.0,1,2,0,0
2,263,382,1.9123,1,2,0,0
2,293,412,1.7731,1,2,0,0
2,323,442,1.6527,1,2,0,0
2,353,472,1.5477,1,2,0,0
2,383,502,1.4552,1,2,0,0
2,413,532,1.3731,1,2,0,0
2,443,562,1.2998,1,2,0,0
2,473,592,1.234,1,2,0,0
2,503,622,1.1744,1,2,0,0
2,533,652,1.1204,1,2,0,0
2,563,682,1.0711,1,2,0,0
2,23,142,2.0,1,2,0,0
2,53,172,2.0,1,2,0,0
2,83,202,2.0,1,2,0,0
2,113,232,2.0,1,2,0,0
2,143,262,2.0,1,2,0,0
2,173,292,2.0,1,2,0,0
2,203,322,2.0,1,2,0,0
2,233,352,2.0,1,2,0,0
2,263,382,1.9123,1,2,0,0
2,293,412,1.7731,1,2,0,0
2,323,442,1.6527,1,2,0,0
2,353,472,1.5477,1,2,0,0
2,383,502,1.4552,1,2,0,0
2,413,532,1.3731,1,2,0,0
2,443,562,1.2998,1,2,0,0
2,473,592,1.234,1,2,0,0
2,503,622,1.1744,1,2,0,0
2,533,652,1.1204,1,2,0,0
2,563,682,1.0711,1,2,0,0
1,25,25,1.0,1,1,1,0
1,55,55,1.0,1,1,1,0
2,1,85,2.0,1,1,1,0
2,31,115,2.0,1,1,1,0
2,61,145,2.0,1,1,1,0
2,91,175,2.0,1,1,1,0
2,121,205,2.0,1,1,1,0
2,151,235,2.0,1,1,1,0
1,25,25,1.0,1,1,1,0
1,55,55,1.0,1,1,1,0
2,1,85,2.0,1,1,1,0
2,31,115,2.0,1,1,1,0
2,61,145,2.0,1,1,1,0
2,91,175,2.0,1,1,1,0
2,121,205,2.0,1,1,1,0
2,151,235,2.0,1,1,1,0
1,6,6,1.0,1,1,0,0
1,36,36,1.0,1,1,0,0
1,66,66,1.0,1,1,0,0
2,23,96,2.0,1,2,0,0
2,53,126,2.0,1,2,0,0
2,83,156,2.0,1,2,0,0
2,113,186,2.0,1,2,0,0
2,143,216,2.0,1,2,0,0
2,173,246,2.0,1,2,0,0
2,203,276,2.0,1,2,0,0
2,233,306,2.0,1,2,0,0
1,6,6,1.0,1,1,0,0
1,36,36,1.0,1,1,0,0
1,66,66,1.0,1,1,0,0
2,23,96,2.0,1,2,0,0
2,53,126,2.0,1,2,0,0
2,83,156,2.0,1,2,0,0
2,113,186,2.0,1,2,0,0
2,143,216,2.0,1,2,0,0
2,173,246,2.0,1,2,0,0
2,203,276,2.0,1,2,0,0
2,233,306,2.0,1,2,0,0
2,112,204,2.0,1,2,0,0
2,142,234,2.0,1,2,0,0
2,172,264,2.0,1,2,0,0
2,202,294,2.0,1,2,0,0
2,232,324,2.0,1,2,0,0
2,262,354,2.0,1,2,0,0
2,292,384,1.9023,1,2,0,0
2,322,414,1.7645,1,2,0,0
2,352,444,1.6453,1,2,0,0
2,382,474,1.5411,1,2,0,0
2,412,504,1.4494,1,2,0,0
2,442,534,1.368,1,2,0,0
2,472,564,1.2952,1,2,0,0
2,502,594,1.2298,1,2,0,0
2,532,624,1.1707,1,2,0,0
2,562,654,1.117,1,2,0,0
2,592,684,1.068,1,2,0,0
2,622,714,1.0231,1,2,0,0
2,652,744,0.9819,1,2,0,0
2,112,204,2.0,1,2,0,0
2,142,234,2.0,1,2,0,0
2,172,264,2.0,1,2,0,0
2,202,294,2.0,1,2,0,0
2,232,324,2.0,1,2,0,0
2,262,354,2.0,1,2,0,0
2,292,384,1.9023,1,2,0,0
2,322,414,1.7645,1,2,0,0
2,352,444,1.6453,1,2,0,0
2,382,474,1.5411,1,2,0,0
2,412,504,1.4494,1,2,0,0
2,442,534,1.368,1,2,0,0
2,472,564,1.2952,1,2,0,0
2,502,594,1.2298,1,2,0,0
2,532,624,1.1707,1,2,0,0
2,562,654,1.117,1,2,0,0
2,592,684,1.068,1,2,0,0
2,622,714,1.0231,1,2,0,0
2,652,744,0.9819,1,2,0,0
1,8,8,1.0,1,1,1,0
1,38,38,1.0,1,1,1,0
1,68,68,1.0,1,1,1,0
1,98,98,1.0,1,1,1,0
1,128,128,1.0,1,1,1,0
1,158,158,1.0,1,1,1,0
1,188,188,1.0,1,1,1,0
1,218,218,1.0,1,1,1,0
1,248,248,1.0,1,1,1,0
2,8,278,2.0,1,1,1,0
2,38,308,2.0,1,1,1,0
2,68,338,2.0,1,1,1,0
2,98,368,1.9851,1,1,1,0
2,128,398,1.8354,1,1,1,0
3,21,428,2.5602,1,1,1,0
3,51,458,2.3925,1,1,1,0
3,81,488,2.2454,1,1,1,0
1,119,119,1.0,1,1,0,0
1,149,149,1.0,1,1,0,0
1,179,179,1.0,1,1,0,0
2,28,209,2.0,1,2,0,0
2,58,239,2.0,1,2,0,0
2,88,269,2.0,1,2,0,0
2,118,299,2.0,1,2,0,0
2,148,329,2.0,1,2,0,0
2,178,359,2.0,1,2,0,0
2,208,389,1.8779,1,2,0,0
2,238,419,1.7434,1,2,0,0
2,268,449,1.6269,1,2,0,0
2,298,479,1.5251,1,2,0,0
2,328,509,1.4352,1,2,0,0
2,358,539,1.3553,1,2,0,0
2,388,569,1.2838,1,2,0,0
2,418,599,1.2195,1,2,0,0
2,448,629,1.1614,1,2,0,0
2,478,659,1.1085,1,2,0,0
1,119,119,1.0,1,1,0,0
1,149,149,1.0,1,1,0,0
1,179,179,1.0,1,1,0,0
2,28,209,2.0,1,2,0,0
2,58,239,2.0,1,2,0,0
2,88,269,2.0,1,2,0,0
2,118,299,2.0,1,2,0,0
2,148,329,2.0,1,2,0,0
2,178,359,2.0,1,2,0,0
2,208,389,1.8779,1,2,0,0
2,238,419,1.7434,1,2,0,0
2,268,449,1.6269,1,2,0,0
2,298,479,1.5251,1,2,0,0
2,328,509,1.4352,1,2,0,0
2,358,539,1.3553,1,2,0,0
2,388,569,1.2838,1,2,0,0
2,418,599,1.2195,1,2,0,0
2,448,629,1.1614,1,2,0,0
2,478,659,1.1085,1,2,0,0
1,1,1,1.0,1,1,0,0
1,31,31,1.0,1,1,0,0
1,61,61,1.0,1,1,0,0
1,91,91,1.0,1,1,0,0
1,121,121,1.0,1,1,0,0
1,151,151,1.0,1,1,0,0
1,181,181,1.0,1,1,0,0
1,211,211,1.0,1,1,0,0
2,13,241,2.0,1,2,0,0
2,43,271,2.0,1,2,0,0
2,73,301,2.0,1,2,0,0
2,103,331,2.0,1,2,0,0
2,133,361,2.0,1,2,0,0
2,163,391,1.8683,1,2,0,0
2,193,421,1.7352,1,2,0,0
2,223,451,1.6197,1,2,0,0
2,253,481,1.5187,1,2,0,0
2,283,511,1.4295,1,2,0,0
2,313,541,1.3503,1,2,0,0
2,135,243,2.0,1,2,1,0
2,165,273,2.0,1,2,1,0
2,195,303,2.0,1,2,1,0
3,18,333,3.0,1,2,1,0
3,48,363,3.0,1,2,1,0
3,78,393,2.7882,1,2,1,0
3,108,423,2.5904,1,2,1,0
3,138,453,2.4189,1,2,1,0
3,168,483,2.2686,1,2,1,0
3,198,513,2.136,1,2,1,0
3,228,543,2.018,1,2,1,0
3,258,573,1.9123,1,2,1,0
4,29,603,2.4229,1,2,1,0
4,59,633,2.3081,1,2,1,0
4,89,663,2.2036,1,2,1,0
4,119,693,2.1082,1,2,1,0
4,149,723,2.0207,1,2,1,0
4,179,753,1.9402,1,2,1,0
4,209,783,1.8659,1,2,1,0
2,135,243,2.0,1,2,1,0
2,165,273,2.0,1,2,1,0
2,195,303,2.0,1,2,1,0
3,18,333,3.0,1,2,1,0
3,48,363,3.0,1,2,1,0
3,78,393,2.7882,1,2,1,0
3,108,423,2.5904,1,2,1,0
3,138,453,2.4189,1,2,1,0
3,168,483,2.2686,1,2,1,0
3,198,513,2.136,1,2,1,0
3,228,543,2.018,1,2,1,0
3,258,573,1.9123,1,2,1,0
4,29,603,2.4229,1,2,1,0
4,59,633,2.3081,1,2,1,0
4,89,663,2.2036,1,2,1,0
4,119,693,2.1082,1,2,1,0
4,149,723,2.0207,1,2,1,0
4,179,753,1.9402,1,2,1,0
4,209,783,1.8659,1,2,1,0
1,77,77,1.0,1,1,0,0
2,12,107,2.0,1,2,0,0
2,42,137,2.0,1,2,0,0
2,72,167,2.0,1,2,0,0
2,102,197,2.0,1,2,0,0
2,132,227,2.0,1,2,0,0
2,162,257,2.0,1,2,0,0
2,192,287,2.0,1,2,0,0
2,222,317,2.0,1,2,0,0
2,252,347,2.0,1,2,0,0
2,282,377,1.9377,1,2,0,0
2,312,407,1.7948,1,2,0,0
2,342,437,1.6716,1,2,0,0
2,372,467,1.5642,1,2,0,0
2,402,497,1.4698,1,2,0,0
2,432,527,1.3861,1,2,0,0
2,462,557,1.3115,1,2,0,0
2,492,587,1.2445,1,2,0,0
2,522,617,1.184,1,2,0,0
2,31,164,2.0,1,1,0,0
2,61,194,2.0,1,1,0,0
2,91,224,2.0,1,1,0,0
2,121,254,2.0,1,1,0,0
2,151,284,2.0,1,1,0,0
2,181,314,2.0,1,1,0,0
2,211,344,2.0,1,1,0,0
2,241,374,1.9532,1,1,0,0
2,271,404,1.8082,1,1,0,0
2,301,434,1.6832,1,1,0,0
2,331,464,1.5744,1,1,0,0
2,361,494,1.4787,1,1,0,0
2,391,524,1.3941,1,1,0,0
2,421,554,1.3186,1,1,0,0
2,451,584,1.2509,1,1,0,0
2,481,614,1.1897,1,1,0,0
2,511,644,1.1343,1,1,0,0
2,541,674,1.0838,1,1,0,0
2,571,704,1.0376,1,1,0,0
2,16,186,2.0,1,2,0,0
2,46,216,2.0,1,2,0,0
2,76,246,2.0,1,2,0,0
2,106,276,2.0,1,2,0,0
2,136,306,2.0,1,2,0,0
2,166,336,2.0,1,2,0,0
3,3,366,2.9939,1,2,0,0
3,33,396,2.767,1,2,0,0
3,63,426,2.5722,1,2,0,0
3,93,456,2.403,1,2,0,0
3,123,486,2.2546,1,2,0,0
3,153,516,2.1235,1,2,0,0
3,183,546,2.0069,1,2,0,0
3,213,576,1.9023,1,2,0,0
3,243,606,1.8082,1,2,0,0
3,273,636,1.7229,1,2,0,0
3,303,666,1.6453,1,2,0,0
3,333,696,1.5744,1,2,0,0
3,363,726,1.5093,1,2,0,0
1,89,89,1.0,1,1,0,0
1,119,119,1.0,1,1,0,0
1,149,149,1.0,1,1,0,0
1,179,179,1.0,1,1,0,0
1,209,209,1.0,1,1,0,0
1,239,239,1.0,1,1,0,0
1,269,269,1.0,1,1,0,0
1,299,299,1.0,1,1,0,0
1,329,329,1.0,1,1,0,0
1,359,359,1.0,1,1,0,0
1,389,389,0.9389,1,1,0,0
1,419,419,0.8717,1,1,0,0
1,449,449,0.8135,1,1,0,0
1,479,479,0.7625,1,1,0,0
1,509,509,0.7176,1,1,0,0
1,539,539,0.6776,1,1,0,0
1,569,569,0.6419,1,1,0,0
1,599,599,0.6098,1,1,0,0
1,629,629,0.5807,1,1,0,0
1,125,125,1.0,1,1,0,0
1,155,155,1.0,1,1,0,0
1,185,185,1.0,1,1,0,0
1,215,215,1.0,1,1,0,0
1,245,245,1.0,1,1,0,0
2,15,275,2.0,1,2,0,0
2,45,305,2.0,1,2,0,0
2,75,335,2.0,1,2,0,0
2,105,365,2.0,1,2,0,0
2,135,395,1.8494,1,2,0,0
3,17,425,2.5782,1,3,0,0
3,47,455,2.4082,1,3,0,0
3,77,485,2.2593,1,3,0,0
3,107,515,2.1277,1,3,0,0
3,137,545,2.0106,1,3,0,0
3,167,575,1.9057,1,3,0,0
3,197,605,1.8112,1,3,0,0
3,227,635,1.7256,1,3,0,0
3,257,665,1.6477,1,3,0,0
1,125,125,1.0,1,1,0,0
1,155,155,1.0,1,1,0,0
1,185,185,1.0,1,1,0,0
1,215,215,1.0,1,1,0,0
1,245,245,1.0,1,1,0,0
2,15,275,2.0,1,2,0,0
2,45,305,2.0,1,2,0,0
2,75,335,2.0,1,2,0,0
2,105,365,2.0,1,2,0,0
2,135,395,1.8494,1,2,0,0
3,17,425,2.5782,1,3,0,0
3,47,455,2.4082,1,3,0,0
3,77,485,2.2593,1,3,0,0
3,107,515,2.1277,1,3,0,0
3,137,545,2.0106,1,3,0,0
3,167,575,1.9057,1,3,0,0
3,197,605,1.8112,1,3,0,0
3,227,635,1.7256,1,3,0,0
3,257,665,1.6477,1,3,0,0
1,16,16,1.0,1,1,0,0
1,46,46,1.0,1,1,0,0
1,76,76,1.0,1,1,0,0
1,106,106,1.0,1,1,0,0
1,136,136,1.0,1,1,0,0
1,166,166,1.0,1,1,0,0
1,196,196,1.0,1,1,0,0
1,226,226,1.0,1,1,0,0
2,14,256,2.0,1,2,0,0
2,44,286,2.0,1,2,0,0
2,74,316,2.0,1,2,0,0
1,12,12,1.0,1,1,0,0
1,42,42,1.0,1,1,0,0
1,72,72,1.0,1,1,0,0
1,102,102,1.0,1,1,0,0
1,132,132,1.0,1,1,0,0
1,162,162,1.0,1,1,0,0
1,192,192,1.0,1,1,0,0
1,222,222,1.0,1,1,0,0
2,1,252,2.0,1,1,0,0
2,31,282,2.0,1,1,0,0
2,61,312,2.0,1,1,0,0
2,91,342,2.0,1,1,0,0
2,121,372,1.9637,1,1,0,0
1,15,15,1.0,1,1,0,0
1,45,45,1.0,1,1,0,0
1,75,75,1.0,1,1,0,0
1,105,105,1.0,1,1,0,0
1,135,135,1.0,1,1,0,0
1,165,165,1.0,1,1,0,0
1,195,195,1.0,1,1,0,0
1,225,225,1.0,1,1,0,0
2,0,255,2.0,1,1,0,0
2,30,285,2.0,1,1,0,0
2,60,315,2.0,1,1,0,0
2,90,345,2.0,1,1,0,0
2,120,375,1.948,1,1,0,0
3,10,405,2.7056,1,1,1,0
3,40,435,2.519,1,1,1,0
1,231,231,1.0,1,1,0,0
1,261,261,1.0,1,1,0,0
2,29,291,2.0,1,2,0,0
2,59,321,2.0,1,2,0,0
3,9,351,3.0,1,2,0,0
3,39,381,2.876,1,2,0,0
3,69,411,2.6661,1,2,0,0
3,99,441,2.4847,1,2,0,0
3,129,471,2.3264,1,2,0,0
3,159,501,2.1871,1,2,0,0
3,189,531,2.0636,1,2,0,0
3,219,561,1.9532,1,2,0,0
3,249,591,1.8541,1,2,0,0
3,279,621,1.7645,1,2,0,0
3,309,651,1.6832,1,2,0,0
3,339,681,1.609,1,2,0,0
3,369,711,1.5411,1,2,0,0
3,399,741,1.4787,1,2,0,0
3,429,771,1.4212,1,2,0,0
1,12,12,1.0,1,1,0,0
1,42,42,1.0,1,1,0,0
1,72,72,1.0,1,1,0,0
1,102,102,1.0,1,1,0,0
1,132,132,1.0,1,1,0,0
1,162,162,1.0,1,1,0,0
2,11,192,2.0,1,2,0,0
2,41,222,2.0,1,2,0,0
2,71,252,2.0,1,2,0,0
2,101,282,2.0,1,2,0,0
2,131,312,2.0,1,2,0,0
3,26,342,3.0,1,3,0,0
3,56,372,2.9456,1,3,0,0
4,2,402,3.6343,1,4,0,0
1,12,12,1.0,1,1,0,0
1,42,42,1.0,1,1,0,0
1,72,72,1.0,1,1,0,0
1,102,102,1.0,1,1,0,0
1,132,132,1.0,1,1,0,0
1,162,162,1.0,1,1,0,0
2,11,192,2.0,1,2,0,0
2,41,222,2.0,1,2,0,0
2,71,252,2.0,1,2,0,0
2,101,282,2.0,1,2,0,0
2,131,312,2.0,1,2,0,0
3,26,342,3.0,1,3,0,0
3,56,372,2.9456,1,3,0,0
4,2,402,3.6343,1,4,0,0
1,82,82,1.0,1,1,0,0
2,24,112,2.0,1,1,0,0
2,54,142,2.0,1,1,0,0
2,84,172,2.0,1,1,0,0
3,19,202,3.0,1,2,0,0
3,49,232,3.0,1,2,0,0
3,79,262,3.0,1,2,0,0
4,25,292,4.0,1,2,0,0
4,55,322,4.0,1,2,0,0
4,85,352,4.0,1,2,0,0
4,115,382,3.8246,1,2,0,0
4,145,412,3.5461,1,2,0,0
4,175,442,3.3054,1,2,0,0
4,205,472,3.0953,1,2,0,0
5,12,502,3.6379,1,2,0,0
5,42,532,3.4328,1,2,0,0
5,72,562,3.2496,1,2,0,0
5,102,592,3.0849,1,2,0,0
5,132,622,2.9361,1,2,0,0
2,89,205,2.0,1,2,1,0
2,119,235,2.0,1,2,1,0
2,149,265,2.0,1,2,1,0
2,179,295,2.0,1,2,1,0
3,15,325,3.0,1,2,1,0
3,45,355,3.0,1,2,1,0
3,75,385,2.8461,1,2,1,0
3,105,415,2.6404,1,2,1,0
3,135,445,2.4624,1,2,1,0
3,165,475,2.3068,1,2,1,0
3,195,505,2.1698,1,2,1,0
3,225,535,2.0481,1,2,1,0
4,11,565,2.5858,1,2,1,0
4,41,595,2.4555,1,2,1,0
4,71,625,2.3376,1,2,1,0
4,101,655,2.2305,1,2,1,0
4,131,685,2.1328,1,2,1,0
4,161,715,2.0434,1,2,1,0
4,191,745,1.9611,1,2,1,0
2,89,205,2.0,1,2,1,0
2,119,235,2.0,1,2,1,0
2,149,265,2.0,1,2,1,0
2,179,295,2.0,1,2,1,0
2,209,325,2.0,1,2,1,0
2,239,355,2.0,1,2,1,0
2,269,385,1.8974,1,2,1,0
2,299,415,1.7602,1,2,1,0
2,329,445,1.6416,1,2,1,0
2,359,475,1.5379,1,2,1,0
2,389,505,1.4465,1,2,1,0
2,419,535,1.3654,1,2,1,0
3,11,565,1.9394,1,2,1,0
3,41,595,1.8416,1,2,1,0
3,71,625,1.7532,1,2,1,0
3,101,655,1.6729,1,2,1,0
3,131,685,1.5996,1,2,1,0
3,161,715,1.5325,1,2,1,0
3,191,745,1.4708,1,2,1,0
1,6,6,1.0,1,1,0,0
1,36,36,1.0,1,1,0,0
1,66,66,1.0,1,1,0,0
1,96,96,1.0,1,1,0,0
2,9,126,2.0,1,2,0,0
2,39,156,2.0,1,2,0,0
3,0,186,3.0,1,3,0,0
3,30,216,3.0,1,3,0,0
3,60,246,3.0,1,3,0,0
3,90,276,3.0,1,3,0,0
3,120,306,3.0,1,3,0,0
3,150,336,3.0,1,3,0,0
3,180,366,2.9939,1,3,0,0
4,28,396,3.6894,1,3,0,0
4,58,426,3.4296,1,3,0,0
4,88,456,3.2039,1,3,0,0
4,118,486,3.0062,1,3,0,0
1,146,146,1.0,1,1,1,0
1,176,176,1.0,1,1,1,0
2,28,206,2.0,1,1,2,0
2,58,236,2.0,1,1,2,0
2,88,266,2.0,1,1,2,0
2,118,296,2.0,1,1,2,0
2,148,326,2.0,1,1,2,0
2,178,356,2.0,1,1,2,0
2,208,386,1.8925,1,1,2,0
2,238,416,1.756,1,1,2,0
2,268,446,1.6379,1,1,2,0
2,298,476,1.5347,1,1,2,0
2,328,506,1.4437,1,1,2,0
2,358,536,1.3629,1,1,2,0
2,388,566,1.2906,1,1,2,0
2,418,596,1.2257,1,1,2,0
2,448,626,1.1669,1,1,2,0
2,478,656,1.1136,1,1,2,0
2,508,686,1.0649,1,1,2,0
1,17,17,1.0,1,1,0,0
1,47,47,1.0,1,1,0,0
1,77,77,1.0,1,1,0,0
1,107,107,1.0,1,1,0,0
1,137,137,1.0,1,1,0,0
2,14,167,2.0,1,2,0,0
2,44,197,2.0,1,2,0,0
2,74,227,2.0,1,2,0,0
2,104,257,2.0,1,2,0,0
2,134,287,2.0,1,2,0,0
2,164,317,2.0,1,2,0,0
3,15,347,3.0,1,3,0,0
3,45,377,2.9065,1,3,0,0
3,75,407,2.6923,1,3,0,0
3,105,437,2.5074,1,3,0,0
3,135,467,2.3464,1,3,0,0
3,165,497,2.2047,1,3,0,0
1,6,6,1.0,1,1,0,0
1,36,36,1.0,1,1,0,0
1,66,66,1.0,1,1,0,0
1,96,96,1.0,1,1,0,0
1,126,126,1.0,1,1,0,0
1,156,156,1.0,1,1,0,0
1,186,186,1.0,1,1,0,0
1,216,216,1.0,1,1,0,0
1,246,246,1.0,1,1,0,0
1,276,276,1.0,1,1,0,0
1,306,306,1.0,1,1,0,0
1,336,336,1.0,1,1,0,0
2,26,366,1.9959,1,2,0,0
2,56,396,1.8447,1,2,0,0
2,86,426,1.7148,1,2,0,0
1,6,6,1.0,1,1,0,0
1,36,36,1.0,1,1,0,0
1,66,66,1.0,1,1,0,0
1,96,96,1.0,1,1,0,0
1,126,126,1.0,1,1,0,0
1,156,156,1.0,1,1,0,0
1,186,186,1.0,1,1,0,0
1,216,216,1.0,1,1,0,0
1,246,246,1.0,1,1,0,0
1,276,276,1.0,1,1,0,0
1,306,306,1.0,1,1,0,0
1,336,336,1.0,1,1,0,0
2,26,366,1.9959,1,2,0,0
2,56,396,1.8447,1,2,0,0
2,86,426,1.7148,1,2,0,0
1,0,0,1.0,1,1,0,0
1,30,30,1.0,1,1,0,0
1,60,60,1.0,1,1,0,0
1,90,90,1.0,1,1,0,0
1,120,120,1.0,1,1,0,0
1,150,150,1.0,1,1,0,0
1,180,180,1.0,1,1,0,0
2,5,210,2.0,2,2,0,0
2,35,240,2.0,2,2,0,0
2,65,270,2.0,2,2,0,0
1,70,70,1.0,1,1,0,0
1,100,100,1.0,1,1,0,0
2,9,130,2.0,2,2,0,0
2,39,160,2.0,2,2,0,0
2,69,190,2.0,2,2,0,0
3,14,220,3.0,3,3,0,0
3,44,250,3.0,3,3,0,0
3,74,280,3.0,3,3,0,0
3,104,310,3.0,3,3,0,0
4,13,340,4.0,4,3,0,0
4,43,370,3.9486,4,3,0,0
5,23,400,4.5656,4,3,0,0
5,53,430,4.2471,4,3,0,0
5,83,460,3.9701,4,3,0,0
5,113,490,3.727,4,3,0,0
5,143,520,3.512,4,3,0,0
5,173,550,3.3205,4,3,0,0
5,203,580,3.1487,4,3,0,0
6,18,610,3.5926,4,3,0,0
1,107,107,1.0,1,1,1,0
1,137,137,1.0,1,1,1,0
1,167,167,1.0,1,1,1,0
1,197,197,1.0,1,1,1,0
1,227,227,1.0,1,1,1,0
1,257,257,1.0,1,1,1,0
1,287,287,1.0,1,1,1,0
1,317,317,1.0,1,1,1,0
2,1,347,2.0,2,1,1,0
2,31,377,1.9377,2,1,1,0
2,61,407,1.7948,2,1,1,0
2,91,437,1.6716,2,1,1,0
2,121,467,1.5642,2,1,1,0
2,151,497,1.4698,2,1,1,0
2,181,527,1.3861,2,1,1,0
2,211,557,1.3115,2,1,1,0
3,8,587,1.8667,3,2,1,0
4,3,617,2.3679,4,3,1,0
4,33,647,2.2581,4,3,1,0
1,290,290,1.0,1,1,0,0
1,320,320,1.0,1,1,0,0
2,23,350,2.0,2,2,0,0
2,53,380,1.9224,2,2,0,0
2,83,410,1.7817,2,2,0,0
2,113,440,1.6602,2,2,0,0
2,143,470,1.5543,2,2,0,0
3,16,500,2.1915,3,3,1,0
3,46,530,2.0675,3,3,1,0
3,76,560,1.9567,3,3,1,0
3,106,590,1.8572,3,3,1,0
3,136,620,1.7673,3,3,1,0
3,166,650,1.6858,3,3,1,0
3,196,680,1.6114,3,3,1,0
3,226,710,1.5433,3,3,1,0
3,256,740,1.4807,3,3,1,0
4,17,770,1.8974,4,3,1,1
4,47,800,1.8263,4,3,1,1
5,11,830,2.2003,5,4,2,0
1,20,20,1.0,1,1,0,0
1,50,50,1.0,1,1,0,0
1,80,80,1.0,1,1,0,0
1,110,110,1.0,1,1,0,0
1,140,140,1.0,1,1,0,0
3,7,170,3.0,3,3,0,0
4,0,200,4.0,4,3,0,0
4,30,230,4.0,4,3,0,0
4,60,260,4.0,4,3,0,0
4,90,290,4.0,4,3,0,0
4,120,320,4.0,4,3,0,0
4,150,350,4.0,4,3,0,0
4,180,380,3.8447,4,3,0,0
4,210,410,3.5634,4,3,0,0
1,5,5,1.0,1,1,0,0
1,35,35,1.0,1,1,0,0
1,65,65,1.0,1,1,0,0
1,95,95,1.0,1,1,0,1
1,125,125,1.0,1,1,0,1
1,155,155,1.0,1,1,0,1
1,185,185,1.0,1,1,0,1
1,215,215,1.0,1,1,0,1
1,302,302,1.0,1,1,0,0
1,332,332,1.0,1,1,0,0
1,362,362,1.0,1,1,0,0
1,392,392,0.9318,1,1,0,0
1,422,422,0.8655,1,1,0,0
1,452,452,0.8081,1,1,0,0
1,482,482,0.7578,1,1,0,0
1,512,512,0.7134,1,1,0,0
1,542,542,0.6739,1,1,0,0
1,572,572,0.6385,1,1,0,0
1,602,602,0.6067,1,1,0,0
1,632,632,0.5779,1,1,0,0
1,662,662,0.5517,1,1,0,0
1,692,692,0.5278,1,1,0,0
1,722,722,0.5059,1,1,0,0
1,752,752,0.4857,1,1,0,0
1,782,782,0.4671,1,1,0,0
1,812,812,0.4498,1,1,0,0
2,6,842,0.8676,2,2,0,0
1,8,8,1.0,1,1,0,0
1,38,38,1.0,1,1,0,0
1,68,68,1.0,1,1,0,0
1,98,98,1.0,1,1,0,0
1,128,128,1.0,1,1,0,0
1,158,158,1.0,1,1,0,0
2,22,188,2.0,2,2,0,0
2,52,218,2.0,2,2,0,0
2,82,248,2.0,2,2,0,0
2,112,278,2.0,2,2,0,0
2,142,308,2.0,2,2,0,0
2,172,338,2.0,2,2,0,0
2,202,368,1.9851,2,2,0,0
2,232,398,1.8354,2,2,0,0
3,1,428,2.5602,3,3,0,0
3,31,458,2.3925,3,3,0,0
3,61,488,2.2454,3,3,0,0
3,91,518,2.1153,3,3,0,0
3,121,548,1.9995,3,3,0,0
3,44,353,3.0,2,3,2,0
3,74,383,2.861,2,3,2,0
3,104,413,2.6531,2,3,2,0
3,134,443,2.4735,2,3,2,0
3,164,473,2.3166,2,3,2,0
3,194,503,2.1784,2,3,2,0
3,224,533,2.0558,2,3,2,0
3,254,563,1.9463,2,3,2,0
3,284,593,1.8478,2,3,2,0
3,314,623,1.7588,2,3,2,0
3,344,653,1.678,2,3,2,0
3,374,683,1.6043,2,3,2,0
3,404,713,1.5368,2,3,2,0
3,434,743,1.4748,2,3,2,0
3,464,773,1.4175,2,3,2,0
3,494,803,1.3646,2,3,2,0
3,524,833,1.3154,2,3,2,0
3,554,863,1.2697,2,3,2,0
3,584,893,1.227,2,3,2,0
1,23,23,1.0,1,1,0,0
1,53,53,1.0,1,1,0,0
1,83,83,1.0,1,1,0,0
1,113,113,1.0,1,1,0,0
1,143,143,1.0,1,1,0,0
1,173,173,1.0,1,1,0,0
1,203,203,1.0,1,1,0,0
1,233,233,1.0,1,1,0,0
1,263,263,1.0,1,1,0,0
2,27,293,2.0,2,2,0,0
2,57,323,2.0,2,2,0,0
2,87,353,2.0,2,2,0,0
2,117,383,1.9073,2,2,0,0
2,147,413,1.7688,2,2,0,0
2,177,443,1.649,2,2,0,0
2,207,473,1.5444,2,2,0,0
2,237,503,1.4523,2,2,0,0
1,330,330,1.0,1,1,0,0
1,360,360,1.0,1,1,0,0
1,390,390,0.9365,1,1,0,0
1,420,420,0.8696,1,1,0,0
1,450,450,0.8117,1,1,0,0
1,480,480,0.7609,1,1,0,0
1,510,510,0.7162,1,1,0,0
1,540,540,0.6764,1,1,0,0
1,570,570,0.6408,1,1,0,0
1,600,600,0.6088,1,1,0,0
1,630,630,0.5798,1,1,0,0
1,660,660,0.5534,1,1,0,0
1,690,690,0.5293,1,1,0,0
2,7,720,1.0146,2,2,0,0
2,37,750,0.974,2,2,0,0
2,67,780,0.9365,2,2,0,0
2,97,810,0.9019,2,2,0,0
2,127,840,0.8696,2,2,0,0
2,157,870,0.8397,2,2,0,0
1,107,107,1.0,1,1,0,0
1,137,137,1.0,1,1,0,0
1,167,167,1.0,1,1,0,0
1,197,197,1.0,1,1,0,0
1,227,227,1.0,1,1,0,0
1,257,257,1.0,1,1,0,0
1,287,287,1.0,1,1,0,0
1,317,317,1.0,1,1,0,0
1,347,347,1.0,1,1,0,0
1,377,377,0.9688,1,1,0,0
1,407,407,0.8974,1,1,0,0
2,27,437,1.6716,2,2,0,0
2,57,467,1.5642,2,2,0,0
2,87,497,1.4698,2,2,0,0
2,117,527,1.3861,2,2,0,0
2,147,557,1.3115,2,2,0,0
2,177,587,1.2445,2,2,0,0
2,207,617,1.184,2,2,0,0
2,237,647,1.1291,2,2,0,0
1,333,333,1.0,1,1,1,0
2,19,363,2.0,2,2,1,0
2,49,393,1.8588,2,2,1,0
2,79,423,1.727,2,2,1,0
2,109,453,1.6126,2,2,1,0
2,139,483,1.5124,2,2,1,0
2,169,513,1.424,2,2,1,0
2,199,543,1.3453,2,2,1,0
3,16,573,1.9123,3,3,1,0
4,2,603,2.4229,4,3,1,0
5,23,633,2.8851,5,4,2,0
5,53,663,2.7545,5,4,2,0
5,83,693,2.6353,5,4,2,0
5,113,723,2.5259,5,4,2,0
5,143,753,2.4253,5,4,2,0
6,18,783,2.7989,5,4,2,0
9,0,813,4.0434,5,5,3,0
9,30,843,3.8995,5,5,3,0
9,60,873,3.7655,5,5,3,0
1,20,20,1.0,1,1,0,0
1,50,50,1.0,1,1,0,0
1,80,80,1.0,1,1,0,0
1,110,110,1.0,1,1,0,0
1,140,140,1.0,1,1,0,0
1,170,170,1.0,1,1,0,0
1,200,200,1.0,1,1,0,0
1,230,230,1.0,1,1,0,0
2,0,260,2.0,2,2,0,0
2,155,236,2.0,2,2,0,0
2,185,266,2.0,2,2,0,0
4,5,296,4.0,4,3,0,0
4,35,326,4.0,4,3,0,0
4,65,356,4.0,4,3,0,0
4,95,386,3.785,4,3,0,0
4,125,416,3.512,4,3,0,0
4,155,446,3.2758,4,3,0,0
4,185,476,3.0693,4,3,0,0
4,215,506,2.8874,4,3,0,0
4,245,536,2.7257,4,3,0,0
4,275,566,2.5813,4,3,0,0
4,305,596,2.4513,4,3,0,0
4,335,626,2.3339,4,3,0,0
4,365,656,2.2271,4,3,0,0
4,395,686,2.1297,4,3,0,0
4,425,716,2.0405,4,3,0,0
4,455,746,1.9584,4,3,0,0
4,485,776,1.8827,4,3,0,0
1,117,117,1.0,1,1,1,0
1,147,147,1.0,1,1,1,0
1,177,177,1.0,1,1,1,0
1,207,207,1.0,1,1,1,0
1,237,237,1.0,1,1,1,0
1,267,267,1.0,1,1,1,0
1,297,297,1.0,1,1,1,0
1,327,327,1.0,1,1,1,0
1,357,357,1.0,1,1,1,0
1,387,387,0.9438,1,1,1,0
1,417,417,0.8759,1,1,1,0
1,447,447,0.8171,1,1,1,0
1,477,477,0.7657,1,1,1,0
1,507,507,0.7204,1,1,1,0
1,537,537,0.6802,1,1,1,0
2,11,567,1.2884,1,2,1,0
2,41,597,1.2236,1,2,1,0
2,71,627,1.1651,1,2,1,0
2,101,657,1.1119,1,2,1,0
1,67,67,1.0,1,1,0,0
1,97,97,1.0,1,1,0,0
1,127,127,1.0,1,1,0,0
1,157,157,1.0,1,1,0,0
1,187,187,1.0,1,1,0,0
1,217,217,1.0,1,1,0,0
1,247,247,1.0,1,1,0,0
1,277,277,1.0,1,1,0,0
1,307,307,1.0,1,1,0,0
1,337,337,1.0,1,1,0,0
1,367,367,0.9952,1,1,0,0
1,397,397,0.92,1,1,0,0
1,427,427,0.8554,1,1,0,0
1,457,457,0.7992,1,1,0,0
1,487,487,0.75,1,1,0,0
1,517,517,0.7065,1,1,0,0
1,547,547,0.6677,1,1,0,0
1,577,577,0.633,1,1,0,0
1,607,607,0.6017,1,1,0,0
2,139,348,2.0,2,2,0,0
2,169,378,1.9325,2,2,0,0
2,199,408,1.7904,2,2,0,0
2,229,438,1.6678,2,2,0,0
2,259,468,1.5609,2,2,0,0
2,289,498,1.4669,2,2,0,0
2,319,528,1.3835,2,2,0,0
2,349,558,1.3091,2,2,0,0
2,379,588,1.2423,2,2,0,0
2,409,618,1.182,2,2,0,0
2,439,648,1.1273,2,2,0,0
2,469,678,1.0774,2,2,0,0
2,499,708,1.0318,2,2,0,0
2,529,738,0.9898,2,2,0,0
3,1,768,1.4268,2,2,0,0
3,31,798,1.3731,2,2,0,0
3,61,828,1.3234,2,2,0,0
3,91,858,1.2771,2,2,0,0
3,121,888,1.234,2,2,0,0
1,55,55,1.0,1,1,0,0
1,85,85,1.0,1,1,0,0
1,115,115,1.0,1,1,0,0
1,145,145,1.0,1,1,0,0
2,4,175,2.0,2,2,0,0
2,34,205,2.0,2,2,0,0
2,64,235,2.0,2,2,0,0
2,94,265,2.0,2,2,0,0
2,124,295,2.0,2,2,0,0
2,154,325,2.0,2,2,0,0
2,184,355,2.0,2,2,0,0
2,214,385,1.8974,2,2,0,0
2,244,415,1.7602,2,2,0,0
2,274,445,1.6416,2,2,0,0
3,11,475,2.3068,3,2,0,0
3,41,505,2.1698,3,2,0,0
3,71,535,2.0481,3,2,0,0
3,101,565,1.9394,3,2,0,0
3,131,595,1.8416,3,2,0,0
2,89,245,2.0,1,2,0,0
2,119,275,2.0,1,2,0,0
2,149,305,2.0,1,2,0,0
2,179,335,2.0,1,2,0,0
2,209,365,2.0,1,2,0,0
2,239,395,1.8494,1,2,0,0
2,269,425,1.7188,1,2,0,0
2,299,455,1.6055,1,2,0,0
2,329,485,1.5062,1,2,0,0
2,359,515,1.4184,1,2,0,0
2,389,545,1.3404,1,2,0,0
3,29,575,1.9057,1,3,0,0
3,59,605,1.8112,1,3,0,0
4,18,635,2.3008,1,3,0,0
4,48,665,2.197,1,3,0,0
4,78,695,2.1022,1,3,0,0
4,108,725,2.0152,1,3,0,0
4,138,755,1.9351,1,3,0,0
4,168,785,1.8611,1,3,0,0
1,17,17,1.0,1,1,0,0
1,47,47,1.0,1,1,0,0
1,77,77,1.0,1,1,0,0
1,107,107,1.0,1,1,0,0
1,3,3,1.0,1,1,0,0
2,21,33,2.0,1,2,0,0
2,51,63,2.0,1,2,0,0
2,81,93,2.0,1,2,0,0
1,28,28,1.0,1,1,0,0
1,58,58,1.0,1,1,0,0
1,88,88,1.0,1,1,0,0
1,118,118,1.0,1,1,0,0
2,11,148,2.0,2,2,0,0
2,41,178,2.0,2,2,0,0
2,71,208,2.0,2,2,0,0
2,101,238,2.0,2,2,0,0
3,6,268,3.0,3,3,0,0
3,36,298,3.0,3,3,0,0
3,66,328,3.0,3,3,0,0
3,96,358,3.0,3,3,0,0
3,126,388,2.8241,3,3,0,0
3,156,418,2.6214,3,3,0,0
3,186,448,2.4459,3,3,0,0
3,216,478,2.2924,3,3,0,0
3,246,508,2.157,3,3,0,0
3,276,538,2.0367,3,3,0,0
2,269,337,2.0,2,2,0,0
2,299,367,1.9905,2,2,0,0
2,329,397,1.8401,2,2,0,0
3,9,427,2.5662,2,3,0,0
3,39,457,2.3977,2,3,0,0
3,69,487,2.25,2,3,0,0
3,99,517,2.1194,2,3,0,0
3,129,547,2.0032,2,3,0,0
3,159,577,1.899,2,3,0,0
3,189,607,1.8052,2,3,0,0
3,219,637,1.7202,2,3,0,0
3,249,667,1.6428,2,3,0,0
3,279,697,1.5721,2,3,0,0
3,309,727,1.5072,2,3,0,0
4,28,757,1.93,3,3,0,0
4,58,787,1.8564,3,3,0,0
4,88,817,1.7882,3,3,0,0
4,118,847,1.7249,3,3,0,0
4,148,877,1.6659,3,3,0,0
2,46,136,2.0,2,2,1,0
2,76,166,2.0,2,2,1,0
2,106,196,2.0,2,2,1,0
2,136,226,2.0,2,2,1,0
2,166,256,2.0,2,2,1,0
2,196,286,2.0,2,2,1,0
2,226,316,2.0,2,2,1,0
3,12,346,3.0,3,3,1,0
3,42,376,2.9142,3,3,1,0
4,4,406,3.5985,3,3,1,0
4,34,436,3.3509,3,3,1,0
5,8,466,3.919,4,3,1,0
5,38,496,3.682,4,3,1,0
5,68,526,3.472,4,3,1,0
5,98,556,3.2846,4,3,1,0
5,128,586,3.1165,4,3,1,0
5,158,616,2.9647,4,3,1,0
5,188,646,2.827,4,3,1,0
5,218,676,2.7016,4,3,1,0
1,34,34,1.0,1,1,0,0
1,64,64,1.0,1,1,0,0
1,94,94,1.0,1,1,0,0
1,124,124,1.0,1,1,0,0
1,154,154,1.0,1,1,0,0
1,184,184,1.0,1,1,0,0
1,214,214,1.0,1,1,0,0
2,20,244,2.0,1,2,0,1
2,50,274,2.0,1,2,0,1
2,80,304,2.0,1,2,0,1
2,110,334,2.0,1,2,0,1
4,14,364,4.0,2,4,1,1
4,44,394,3.7081,2,4,1,1
4,74,424,3.4458,2,4,1,1
4,104,454,3.2181,2,4,1,1
4,134,484,3.0186,2,4,1,1
4,164,514,2.8424,2,4,1,1
4,194,544,2.6857,2,4,1,1
4,224,574,2.5453,2,4,1,1
3,35,217,3.0,3,3,2,0
3,65,247,3.0,3,3,2,0
3,95,277,3.0,3,3,2,0
3,125,307,3.0,3,3,2,0
3,155,337,3.0,3,3,2,0
3,185,367,2.9857,3,3,2,0
3,215,397,2.7601,3,3,2,0
4,1,427,3.4215,4,4,2,0
5,19,457,3.9962,5,4,2,0
5,49,487,3.75,5,4,2,0
5,79,517,3.5324,5,4,2,0
5,109,547,3.3387,5,4,2,0
5,139,577,3.1651,5,4,2,0
5,169,607,3.0086,5,4,2,0
5,199,637,2.867,5,4,2,0
5,229,667,2.738,5,4,2,0
5,259,697,2.6202,5,4,2,0
5,289,727,2.512,5,4,2,0
5,319,757,2.4125,5,4,2,0
1,13,13,1.0,1,1,0,0
1,43,43,1.0,1,1,0,0
1,73,73,1.0,1,1,0,0
1,103,103,1.0,1,1,0,0
1,133,133,1.0,1,1,0,0
1,163,163,1.0,1,1,0,0
1,193,193,1.0,1,1,0,0
1,223,223,1.0,1,1,0,0
1,253,253,1.0,1,1,0,0
1,283,283,1.0,1,1,0,0
1,313,313,1.0,1,1,0,0
1,343,343,1.0,1,1,0,0
1,373,373,0.9792,1,1,0,0
1,403,403,0.9063,1,1,0,0
1,433,433,0.8435,1,1,0,0
2,27,463,1.5778,2,1,0,0
2,57,493,1.4817,2,1,0,0
2,87,523,1.3967,2,1,0,0
3,42,245,3.0,3,2,0,0
3,72,275,3.0,3,2,0,0
3,102,305,3.0,3,2,0,0
3,132,335,3.0,3,2,0,0
4,10,365,4.0,4,3,0,0
4,40,395,3.6987,4,3,0,0
4,70,425,3.4376,4,3,0,0
4,100,455,3.211,4,3,0,0
4,130,485,3.0124,4,3,0,0
4,160,515,2.8369,4,3,0,0
4,190,545,2.6807,4,3,0,0
4,220,575,2.5409,4,3,0,0
4,250,605,2.4149,4,3,0,0
4,280,635,2.3008,4,3,0,0
4,310,665,2.197,4,3,0,0
4,340,695,2.1022,4,3,0,0
4,370,725,2.0152,4,3,0,0
4,400,755,1.9351,4,3,0,0
5,7,785,2.3264,5,3,0,0
1,43,43,1.0,1,1,1,0
1,73,73,1.0,1,1,1,0
1,103,103,1.0,1,1,1,0
1,133,133,1.0,1,1,1,0
1,163,163,1.0,1,1,1,0
1,193,193,1.0,1,1,1,0
1,223,223,1.0,1,1,1,0
2,19,253,2.0,2,2,1,0
2,49,283,2.0,2,2,1,0
2,79,313,2.0,2,2,1,0
2,109,343,2.0,2,2,1,0
2,139,373,1.9584,2,2,1,0
2,169,403,1.8127,2,2,1,0
2,199,433,1.6871,2,2,1,0
2,229,463,1.5778,2,2,1,0
2,259,493,1.4817,2,2,1,0
2,289,523,1.3967,2,2,1,0
2,319,553,1.321,2,2,1,0
2,349,583,1.253,2,2,1,0
2,44,49,2.0,2,1,0,0
2,74,79,2.0,2,1,0,0
2,104,109,2.0,2,1,0,0
2,134,139,2.0,2,1,0,0
2,164,169,2.0,2,1,0,0
3,22,199,3.0,3,1,0,0
3,52,229,3.0,3,1,0,0
3,82,259,3.0,3,1,0,0
3,112,289,3.0,3,1,0,0
4,26,319,4.0,3,2,0,0
4,56,349,4.0,3,2,0,0
4,86,379,3.8549,3,2,0,0
4,116,409,3.5721,3,2,0,0
4,146,439,3.328,3,2,0,0
4,176,469,3.1151,3,2,0,0
4,206,499,2.9279,3,2,0,0
5,21,529,3.4523,3,3,0,0
5,51,559,3.267,3,3,0,0
5,81,589,3.1006,3,3,0,0
2,43,140,2.0,2,2,1,0
2,73,170,2.0,2,2,1,0
2,103,200,2.0,2,2,1,0
2,133,230,2.0,2,2,1,0
2,163,260,2.0,2,2,1,0
2,193,290,2.0,2,2,1,0
2,223,320,2.0,2,2,1,0
2,253,350,2.0,2,2,1,0
2,283,380,1.9224,2,2,1,0
2,313,410,1.7817,2,2,1,0
2,343,440,1.6602,2,2,1,0
2,373,470,1.5543,2,2,1,0
2,403,500,1.461,2,2,1,0
2,433,530,1.3783,2,2,1,0
2,463,560,1.3045,2,2,1,0
2,493,590,1.2381,2,2,1,0
2,523,620,1.1782,2,2,1,0
2,553,650,1.1238,2,2,1,0
2,583,680,1.0743,2,2,1,0
1,23,23,1.0,1,1,0,0
1,53,53,1.0,1,1,0,0
1,83,83,1.0,1,1,0,0
1,113,113,1.0,1,1,0,0
1,143,143,1.0,1,1,0,0
1,173,173,1.0,1,1,0,0
1,203,203,1.0,1,1,0,0
1,233,233,1.0,1,1,0,0
1,263,263,1.0,1,1,0,0
1,293,293,1.0,1,1,0,0
1,323,323,1.0,1,1,0,0
1,353,353,1.0,1,1,0,0
1,383,383,0.9537,1,1,0,0
1,413,413,0.8844,1,1,0,0
1,443,443,0.8245,1,1,0,0
1,473,473,0.7722,1,1,0,0
1,503,503,0.7261,1,1,0,0
1,533,533,0.6853,1,1,0,0
2,23,563,1.2975,2,1,0,0
1,22,22,1.0,1,1,0,0
1,52,52,1.0,1,1,0,0
1,82,82,1.0,1,1,0,0
1,112,112,1.0,1,1,0,0
1,142,142,1.0,1,1,0,0
1,172,172,1.0,1,1,0,0
1,202,202,1.0,1,1,0,0
2,12,232,2.0,1,1,1,0
2,42,262,2.0,1,1,1,0
2,66,251,2.0,1,2,0,0
2,96,281,2.0,1,2,0,0
2,126,311,2.0,1,2,0,0
3,17,341,3.0,1,3,1,0
3,47,371,2.9535,1,3,1,0
3,77,401,2.7325,1,3,1,0
3,107,431,2.5423,1,3,1,0
3,137,461,2.3769,1,3,1,0
3,167,491,2.2317,1,3,1,0
3,197,521,2.1032,1,3,1,0
3,227,551,1.9887,1,3,1,0
5,3,581,3.1433,2,3,2,0
5,33,611,2.989,2,3,2,0
5,63,641,2.8491,2,3,2,0
5,93,671,2.7217,2,3,2,0
5,123,701,2.6052,2,3,2,0
5,153,731,2.4983,2,3,2,0
5,183,761,2.3998,2,3,2,0
5,213,791,2.3088,2,3,2,0
1,9,9,1.0,1,1,0,0
1,39,39,1.0,1,1,0,0
1,69,69,1.0,1,1,0,0
1,99,99,1.0,1,1,0,0
1,129,129,1.0,1,1,0,0
1,159,159,1.0,1,1,0,0
1,189,189,1.0,1,1,0,0
1,219,219,1.0,1,1,0,0
1,249,249,1.0,1,1,0,0
1,279,279,1.0,1,1,0,0
1,309,309,1.0,1,1,0,0
1,13,13,1.0,1,1,0,0
1,43,43,1.0,1,1,0,0
2,16,73,2.0,2,2,0,0
2,46,103,2.0,2,2,0,0
2,76,133,2.0,2,2,0,0
2,106,163,2.0,2,2,0,0
2,136,193,2.0,2,2,0,0
2,166,223,2.0,2,2,0,0
2,196,253,2.0,2,2,0,0
2,226,283,2.0,2,2,0,0
2,256,313,2.0,2,2,0,0
2,286,343,2.0,2,2,0,0
2,316,373,1.9584,2,2,0,0
2,346,403,1.8127,2,2,0,0
2,101,160,2.0,2,2,1,0
2,131,190,2.0,2,2,1,0
3,2,220,3.0,3,3,2,0
3,32,250,3.0,3,3,2,0
3,62,280,3.0,3,3,2,0
3,92,310,3.0,3,3,2,0
3,122,340,3.0,3,3,2,0
3,152,370,2.9615,3,3,2,0
3,182,400,2.7394,3,3,2,0
3,212,430,2.5483,3,3,2,0
3,242,460,2.3821,3,3,2,0
3,272,490,2.2362,3,3,2,0
3,302,520,2.1072,3,3,2,0
3,332,550,1.9923,3,3,2,0
3,362,580,1.8892,3,3,2,0
3,392,610,1.7963,3,3,2,0
3,422,640,1.7121,3,3,2,0
3,452,670,1.6354,3,3,2,0
3,482,700,1.5654,3,3,2,0
2,57,196,2.0,1,2,1,0
2,87,226,2.0,1,2,1,0
2,117,256,2.0,1,2,1,0
2,147,286,2.0,1,2,1,0
2,177,316,2.0,1,2,1,0
2,207,346,2.0,1,2,1,0
2,237,376,1.9428,1,2,1,0
2,267,406,1.7993,1,2,1,0
2,297,436,1.6755,1,2,1,0
2,327,466,1.5676,1,2,1,0
2,357,496,1.4728,1,2,1,0
2,387,526,1.3888,1,2,1,0
2,417,556,1.3138,1,2,1,0
2,447,586,1.2466,1,2,1,0
2,477,616,1.1859,1,2,1,0
2,507,646,1.1308,1,2,1,0
2,537,676,1.0806,1,2,1,0
2,567,706,1.0347,1,2,1,0
2,597,736,0.9925,1,2,1,0
2,62,207,2.0,2,2,0,0
2,92,237,2.0,2,2,0,0
2,122,267,2.0,2,2,0,0
2,152,297,2.0,2,2,0,0
2,182,327,2.0,2,2,0,0
2,212,357,2.0,2,2,0,0
2,242,387,1.8876,2,2,0,0
2,272,417,1.7518,2,2,0,0
2,302,447,1.6342,2,2,0,0
2,332,477,1.5314,2,2,0,0
2,362,507,1.4408,2,2,0,0
2,392,537,1.3603,2,2,0,0
2,422,567,1.2884,2,2,0,0
2,452,597,1.2236,2,2,0,0
2,482,627,1.1651,2,2,0,0
3,11,657,1.6678,3,3,0,0
3,41,687,1.595,3,3,0,0
3,71,717,1.5282,3,3,0,0
3,101,747,1.4669,3,3,0,0
1,27,27,1.0,1,1,0,0
1,57,57,1.0,1,1,0,0
1,87,87,1.0,1,1,0,0
1,117,117,1.0,1,1,0,0
1,147,147,1.0,1,1,0,0
1,177,177,1.0,1,1,0,0
2,12,207,2.0,2,1,1,0
2,42,237,2.0,2,1,1,0
3,14,267,3.0,2,2,1,0
3,44,297,3.0,2,2,1,0
3,74,327,3.0,2,2,1,0
3,104,357,3.0,2,2,1,0
3,134,387,2.8314,2,2,1,0
3,164,417,2.6277,2,2,1,0
3,194,447,2.4513,2,2,1,0
3,224,477,2.2972,2,2,1,0
3,254,507,2.1612,2,2,1,0
3,284,537,2.0405,2,2,1,0
3,314,567,1.9325,2,2,1,0
1,6,6,1.0,1,1,0,0
1,36,36,1.0,1,1,0,0
1,66,66,1.0,1,1,0,0
1,96,96,1.0,1,1,0,0
1,126,126,1.0,1,1,0,0
1,156,156,1.0,1,1,0,0
1,186,186,1.0,1,1,0,0
2,5,216,2.0,2,2,0,0
2,35,246,2.0,2,2,0,0
2,65,276,2.0,2,2,0,0
2,95,306,2.0,2,2,0,0
2,125,336,2.0,2,2,0,0
2,155,366,1.9959,2,2,0,0
2,185,396,1.8447,2,2,0,0
2,215,426,1.7148,2,2,0,0
2,245,456,1.602,2,2,0,0
2,275,486,1.5031,2,2,0,0
1,17,17,1.0,1,1,0,0
1,47,47,1.0,1,1,0,0
1,77,77,1.0,1,1,0,0
1,107,107,1.0,1,1,0,0
1,137,137,1.0,1,1,0,0
1,167,167,1.0,1,1,0,0
1,197,197,1.0,1,1,0,0
1,227,227,1.0,1,1,0,0
1,257,257,1.0,1,1,0,0
1,287,287,1.0,1,1,0,0
1,317,317,1.0,1,1,0,0
1,347,347,1.0,1,1,0,0
1,377,377,0.9688,1,1,0,0
1,407,407,0.8974,1,1,0,0
1,437,437,0.8358,1,1,0,0
1,467,467,0.7821,1,1,0,0
1,497,497,0.7349,1,1,0,0
1,527,527,0.6931,1,1,0,0
3,16,33,3.0,2,2,0,0
3,46,63,3.0,2,2,0,0
4,22,93,4.0,2,2,0,0
4,52,123,4.0,2,2,0,0
4,82,153,4.0,2,2,0,0
5,20,183,5.0,2,2,0,0
5,50,213,5.0,2,2,0,0
6,0,243,6.0,2,3,0,0
6,30,273,6.0,2,3,0,0
6,60,303,6.0,2,3,0,0
6,90,333,6.0,2,3,0,0
6,120,363,6.0,2,3,0,0
6,150,393,5.5763,2,3,0,0
6,180,423,5.1809,2,3,0,0
6,210,453,4.8377,2,3,0,0
6,240,483,4.5373,2,3,0,0
6,270,513,4.2719,2,3,0,0
6,300,543,4.0359,2,3,0,0
6,330,573,3.8246,2,3,0,0
2,293,348,2.0,2,2,1,0
2,323,378,1.9325,2,2,1,0
2,353,408,1.7904,2,2,1,0
2,383,438,1.6678,2,2,1,0
2,413,468,1.5609,2,2,1,0
3,1,498,2.2003,3,3,1,1
3,31,528,2.0753,3,3,1,1
3,61,558,1.9637,3,3,1,1
3,91,588,1.8635,3,3,1,1
3,121,618,1.7731,3,3,1,1
3,151,648,1.691,3,3,1,1
3,181,678,1.6162,3,3,1,1
3,211,708,1.5477,3,3,1,1
3,241,738,1.4848,3,3,1,1
3,271,768,1.4268,3,3,1,1
4,6,798,1.8308,4,4,1,0
4,36,828,1.7645,4,4,1,0
4,66,858,1.7028,4,4,1,0
4,96,888,1.6453,4,4,1,0
1,7,7,1.0,1,1,0,1
1,37,37,1.0,1,1,0,1
1,67,67,1.0,1,1,0,1
1,97,97,1.0,1,1,0,1
1,127,127,1.0,1,1,0,1
1,157,157,1.0,1,1,0,1
2,4,187,2.0,2,2,1,1
3,17,217,3.0,3,2,1,0
3,47,247,3.0,3,2,1,0
3,77,277,3.0,3,2,1,0
3,107,307,3.0,3,2,1,0
3,137,337,3.0,3,2,1,0
1,57,57,1.0,1,1,1,0
1,87,87,1.0,1,1,1,0
1,117,117,1.0,1,1,1,0
1,147,147,1.0,1,1,1,0
1,177,177,1.0,1,1,1,0
1,207,207,1.0,1,1,1,0
1,237,237,1.0,1,1,1,0
1,267,267,1.0,1,1,1,0
1,297,297,1.0,1,1,1,0
1,327,327,1.0,1,1,1,0
1,357,357,1.0,1,1,1,0
1,387,387,0.9438,1,1,1,0
2,1,417,1.7518,2,1,1,0
2,31,447,1.6342,2,1,1,0
2,61,477,1.5314,2,1,1,0
2,91,507,1.4408,2,1,1,0
2,121,537,1.3603,2,1,1,0
2,151,567,1.2884,2,1,1,0
2,181,597,1.2236,2,1,1,0
1,353,353,1.0,1,1,0,0
1,383,383,0.9537,1,1,0,0
1,413,413,0.8844,1,1,0,0
1,443,443,0.8245,1,1,0,0
1,473,473,0.7722,1,1,0,0
1,503,503,0.7261,1,1,0,0
1,533,533,0.6853,1,1,0,0
1,563,563,0.6488,1,1,0,0
1,593,593,0.6159,1,1,0,0
1,623,623,0.5863,1,1,0,0
1,653,653,0.5593,1,1,0,0
1,683,683,0.5348,1,1,0,0
1,713,713,0.5123,1,1,0,0
1,743,743,0.4916,1,1,0,0
1,773,773,0.4725,1,1,0,0
2,12,803,0.9097,1,2,0,0
2,42,833,0.877,1,2,0,0
2,72,863,0.8465,1,2,0,0
2,102,893,0.818,1,2,0,0
1,0,0,1.0,1,1,0,0
1,30,30,1.0,1,1,0,0
1,60,60,1.0,1,1,0,0
1,90,90,1.0,1,1,0,0
1,336,336,1.0,1,1,0,0
1,366,366,0.998,1,1,0,0
1,396,396,0.9223,1,1,0,0
1,426,426,0.8574,1,1,0,0
1,456,456,0.801,1,1,0,0
2,29,486,1.5031,2,2,0,0
2,59,516,1.4157,2,2,0,0
2,89,546,1.3379,2,2,0,0
2,119,576,1.2682,2,2,0,0
3,18,606,1.8082,2,3,0,0
3,48,636,1.7229,2,3,0,0
4,16,666,2.1937,3,3,0,0
4,46,696,2.0991,3,3,0,0
4,76,726,2.0124,3,3,0,0
4,106,756,1.9325,3,3,0,0
5,5,786,2.3235,3,4,0,0
5,35,816,2.2381,3,4,0,0
6,14,846,2.5904,3,5,0,0
6,44,876,2.5017,3,5,0,0
1,27,27,1.0,1,1,0,0
1,57,57,1.0,1,1,0,0
1,87,87,1.0,1,1,0,0
1,117,117,1.0,1,1,0,0
1,147,147,1.0,1,1,0,0
1,177,177,1.0,1,1,0,0
1,207,207,1.0,1,1,0,0
2,19,237,2.0,2,2,0,0
2,49,267,2.0,2,2,0,0
3,12,297,3.0,3,2,0,0
3,42,327,3.0,3,2,0,0
3,72,357,3.0,3,2,0,0
4,7,387,3.7752,3,3,0,0
4,37,417,3.5036,3,3,0,0
4,67,447,3.2685,3,3,0,0
4,97,477,3.0629,3,3,0,0
4,127,507,2.8817,3,3,0,0
4,157,537,2.7207,3,3,0,0
1,14,14,1.0,1,1,0,0
1,44,44,1.0,1,1,0,0
1,154,154,1.0,1,1,0,0
1,184,184,1.0,1,1,0,0
2,2,214,2.0,1,2,0,0
2,32,244,2.0,1,2,0,0
2,62,274,2.0,1,2,0,0
2,92,304,2.0,1,2,0,0
2,122,334,2.0,1,2,0,0
2,152,364,2.0,1,2,0,0
2,182,394,1.8541,1,2,0,0
2,212,424,1.7229,1,2,0,0
2,242,454,1.609,1,2,0,0
2,272,484,1.5093,1,2,0,0
2,302,514,1.4212,1,2,0,0
2,332,544,1.3428,1,2,0,0
2,362,574,1.2726,1,2,0,0
2,392,604,1.2094,1,2,0,0
2,422,634,1.1522,1,2,0,0
2,452,664,1.1002,1,2,0,0
2,482,694,1.0526,1,2,0,0
2,220,265,2.0,2,2,0,0
2,250,295,2.0,2,2,0,0
2,280,325,2.0,2,2,0,0
2,310,355,2.0,2,2,0,0
2,340,385,1.8974,2,2,0,0
2,370,415,1.7602,2,2,0,0
2,400,445,1.6416,2,2,0,0
3,0,475,2.3068,2,3,0,0
5,7,505,3.6163,3,3,0,0
5,37,535,3.4136,3,3,0,0
6,2,565,3.8788,4,3,0,0
6,32,595,3.6832,4,3,0,0
6,62,625,3.5064,4,3,0,0
6,92,655,3.3458,4,3,0,0
6,122,685,3.1993,4,3,0,0
6,152,715,3.065,4,3,0,0
6,182,745,2.9416,4,3,0,0
8,13,775,3.7703,5,3,0,0
8,43,805,3.6298,5,3,0,0
1,14,14,1.0,1,1,0,0
1,44,44,1.0,1,1,0,0
1,74,74,1.0,1,1,0,0
1,104,104,1.0,1,1,0,0
1,134,134,1.0,1,1,0,0
1,164,164,1.0,1,1,0,0
1,194,194,1.0,1,1,0,0
2,240,271,2.0,2,2,0,0
2,270,301,2.0,2,2,0,0
2,300,331,2.0,2,2,0,0
2,330,361,2.0,2,2,0,0
2,360,391,1.8683,2,2,0,0
2,390,421,1.7352,2,2,0,0
2,420,451,1.6197,2,2,0,0
2,450,481,1.5187,2,2,0,0
2,480,511,1.4295,2,2,0,0
2,510,541,1.3503,2,2,0,0
2,540,571,1.2793,2,2,0,0
2,570,601,1.2155,2,2,0,0
2,600,631,1.1577,2,2,0,0
2,630,661,1.1051,2,2,0,0
2,660,691,1.0572,2,2,0,0
2,690,721,1.0132,2,2,0,0
2,720,751,0.9727,2,2,0,0
2,750,781,0.9353,2,2,0,0
2,780,811,0.9007,2,2,0,0
1,22,22,1.0,1,1,1,0
1,52,52,1.0,1,1,1,0
1,82,82,1.0,1,1,1,0
2,0,15,2.0,2,2,0,0
2,30,45,2.0,2,2,0,0
2,60,75,2.0,2,2,0,0
2,90,105,2.0,2,2,0,0
2,120,135,2.0,2,2,0,0
2,150,165,2.0,2,2,0,0
2,180,195,2.0,2,2,0,0
2,210,225,2.0,2,2,0,0
2,240,255,2.0,2,2,0,0
2,270,285,2.0,2,2,0,0
