row_key,district_id,crime_head_id,month_index,month_of_year,lag_1,lag_2,lag_3,lag_12,roll_3,roll_6,roll_12,district_lag_1,head_share,std_6,std_12,accel_3_12,accel_1_12,head_state_lag_1,head_state_roll_3,state_lag_1,state_roll_3,head_state_share,district_roll_3,district_accel,detected_share_lag_1,detected_roll_6,population_m,literacy_pct,urban_pct,pop_density_k,days_in_month,target_spike
1-1-2024-02,1,1,24289,2,49,79,64,66,64.0,65.167,63.75,500,0.098,9.191,7.562,1.0039,0.7686,146,158.67,1240,1432.33,0.1177,595.33,0.9575,0.5918,35.0,9.945,88.7,98.0,13.421,28,0
1-1-2024-03,1,1,24290,3,56,49,79,67,61.333,64.0,62.917,481,0.1164,9.815,7.815,0.9748,0.8901,168,162.33,1148,1225.0,0.1463,505.33,0.9179,0.625,35.0,9.945,88.7,98.0,13.421,31,0
1-1-2024-04,1,1,24291,4,61,56,49,65,55.333,62.167,62.417,481,0.1268,9.155,7.729,0.8865,0.9773,170,161.33,1171,1186.33,0.1452,487.33,0.9203,0.5902,34.33,9.945,88.7,98.0,13.421,30,0
1-1-2024-05,1,1,24292,5,62,61,56,58,59.667,61.833,62.167,489,0.1268,9.118,7.69,0.9598,0.9973,182,173.33,1175,1164.67,0.1549,483.67,0.9304,0.5323,34.5,9.945,88.7,98.0,13.421,31,0
1-1-2024-06,1,1,24293,6,83,62,61,65,68.667,65.0,64.25,536,0.1549,12.124,9.462,1.0687,1.2918,174,175.33,1270,1205.33,0.137,502.0,1.0115,0.6024,38.17,9.945,88.7,98.0,13.421,30,0
1-1-2024-07,1,1,24294,7,64,83,62,53,69.667,62.5,64.167,485,0.132,10.404,9.459,1.0857,0.9974,147,167.67,1177,1207.33,0.1249,503.33,0.9092,0.5312,36.17,9.945,88.7,98.0,13.421,31,0
1-1-2024-08,1,1,24295,8,59,64,83,63,68.667,64.167,64.667,439,0.1344,8.783,9.003,1.0619,0.9124,149,156.67,1103,1183.33,0.1351,486.67,0.8278,0.661,37.83,9.945,88.7,98.0,13.421,31,0
1-1-2024-09,1,1,24296,9,65,59,64,72,62.667,65.667,64.833,517,0.1257,7.993,8.989,0.9666,1.0026,169,155.0,1214,1164.67,0.1392,480.33,0.9685,0.6154,38.67,9.945,88.7,98.0,13.421,30,0
1-1-2024-10,1,1,24297,10,63,65,59,64,62.333,66.0,64.083,491,0.1283,7.832,8.732,0.9727,0.9831,135,151.0,1190,1169.0,0.1134,482.33,0.9165,0.5556,38.5,9.945,88.7,98.0,13.421,31,0
1-1-2024-11,1,1,24298,11,72,63,65,64,66.667,67.667,64.75,716,0.1006,7.867,9.001,1.0296,1.112,154,152.67,1701,1368.33,0.0905,574.67,1.3381,0.5417,39.5,9.945,88.7,98.0,13.421,30,0
1-1-2024-12,1,1,24299,12,71,72,63,79,68.667,65.667,65.333,685,0.1036,4.534,9.159,1.051,1.0867,175,154.67,1744,1545.0,0.1003,630.67,1.2935,0.4789,36.83,9.945,88.7,98.0,13.421,31,0
1-1-2025-01,1,1,24300,1,61,71,72,49,68.0,65.167,63.833,517,0.118,4.845,8.224,1.0653,0.9556,151,160.0,1290,1578.33,0.1171,639.33,0.979,0.6557,37.83,9.945,88.7,98.0,13.421,31,0
1-1-2025-02,1,1,24301,2,63,61,71,56,65.0,65.833,65.0,501,0.1257,4.18,6.928,1.0,0.9692,162,162.67,1210,1414.67,0.1339,567.67,0.9486,0.5079,36.67,9.945,88.7,98.0,13.421,28,0
1-1-2025-03,1,1,24302,3,59,63,61,61,61.0,64.833,65.25,474,0.1245,4.913,6.647,0.9349,0.9042,131,148.0,1077,1192.33,0.1216,497.33,0.8984,0.5593,35.5,9.945,88.7,98.0,13.421,31,0
1-1-2025-04,1,1,24303,4,68,59,63,62,63.333,65.667,65.833,473,0.1438,4.955,6.555,0.962,1.0329,159,150.67,1168,1151.67,0.1361,482.67,0.8977,0.5441,35.83,9.945,88.7,98.0,13.421,30,1
1-1-2025-05,1,1,24304,5,95,68,59,83,74.0,69.5,68.583,481,0.1975,12.107,10.251,1.079,1.3852,199,163.0,1168,1137.67,0.1704,476.0,0.914,0.4842,37.0,9.945,88.7,98.0,13.421,31,0
1-1-2025-06,1,1,24305,6,76,95,68,64,79.667,70.333,68.0,493,0.1542,12.351,9.592,1.1716,1.1176,183,180.33,1190,1175.33,0.1538,482.33,0.9432,0.6053,39.0,9.945,88.7,98.0,13.421,30,0
1-1-2025-07,1,1,24306,7,60,76,95,59,77.0,70.167,67.667,487,0.1232,12.482,9.792,1.1379,0.8867,149,177.0,1187,1181.67,0.1255,487.0,0.9315,0.5167,37.5,9.945,88.7,98.0,13.421,31,0
1-1-2025-08,1,1,24307,8,90,60,76,65,75.333,74.667,70.25,514,0.1751,13.876,11.159,1.0724,1.2811,171,167.67,1190,1189.0,0.1437,498.0,0.9715,0.5556,40.5,9.945,88.7,98.0,13.421,31,0
1-1-2025-09,1,1,24308,9,48,90,60,63,66.0,72.833,68.833,484,0.0992,16.334,12.707,0.9588,0.6973,146,155.33,1214,1197.0,0.1203,495.0,0.9196,0.5208,39.17,9.945,88.7,98.0,13.421,30,0
1-1-2025-10,1,1,24309,10,59,48,90,72,65.667,71.333,68.5,465,0.1269,17.104,12.907,0.9586,0.8613,155,157.33,1104,1169.33,0.1404,487.67,0.8871,0.4746,37.67,9.945,88.7,98.0,13.421,31,0
1-1-2025-11,1,1,24310,11,60,59,48,71,55.667,65.5,67.5,660,0.0909,13.66,13.061,0.8247,0.8889,160,153.67,1707,1341.67,0.0937,536.33,1.2705,0.6,36.0,9.945,88.7,98.0,13.421,30,0
1-1-2025-12,1,1,24311,12,61,60,59,61,60.0,63.0,66.667,668,0.0913,12.858,13.13,0.9,0.915,157,157.33,1697,1502.67,0.0925,597.67,1.2894,0.5246,33.67,9.945,88.7,98.0,13.421,31,0
1-1-2026-01,1,1,24312,1,52,61,60,63,57.667,61.667,65.917,529,0.0983,13.499,13.678,0.8748,0.7889,152,156.33,1284,1562.67,0.1184,619.0,1.0191,0.6538,34.17,9.945,88.7,98.0,13.421,31,1
1-1-2026-02,1,1,24313,2,139,52,61,59,84.0,69.833,72.25,931,0.1493,31.281,24.318,1.1626,1.9239,331,213.33,2265,1748.67,0.1461,709.33,1.6777,0.5468,38.5,9.945,88.7,98.0,13.421,28,0
1-1-2026-03,1,1,24314,3,114,139,52,68,101.667,80.833,76.833,849,0.1343,33.214,26.476,1.3232,1.4837,291,258.0,2094,1881.0,0.139,769.67,1.4484,0.5263,44.33,9.945,88.7,98.0,13.421,31,1
1-1-2026-04,1,1,24315,4,153,114,139,95,135.333,96.5,83.917,996,0.1536,40.574,33.582,1.6127,1.8232,371,331.0,2455,2271.33,0.1511,925.33,1.5816,0.5098,52.67,9.945,88.7,98.0,13.421,30,0
1-1-2026-05,1,1,24316,5,142,153,114,76,136.333,110.167,87.833,947,0.1499,39.78,37.193,1.5522,1.6167,331,331.0,2324,2291.0,0.1424,930.67,1.4164,0.5352,59.33,9.945,88.7,98.0,13.421,31,0
1-1-2026-06,1,1,24317,6,138,142,153,60,144.333,123.0,93.0,1026,0.1345,33.823,39.429,1.552,1.4839,356,352.67,2456,2411.67,0.145,989.67,1.439,0.529,66.17,9.945,88.7,98.0,13.421,30,0
1-2-2024-02,1,2,24289,2,207,200,451,176,286.0,271.833,224.333,500,0.414,111.049,92.212,1.2749,0.9227,492,690.0,1240,1432.33,0.3968,595.33,0.9575,0.5024,143.17,9.945,88.7,98.0,13.421,28,0
1-2-2024-03,1,2,24290,3,198,207,200,196,201.667,272.167,226.167,481,0.4116,110.823,91.448,0.8917,0.8755,425,477.67,1148,1225.0,0.3702,505.33,0.9179,0.5657,146.33,9.945,88.7,98.0,13.421,31,0
1-2-2024-04,1,2,24291,4,184,198,207,173,196.333,273.833,225.167,481,0.3825,109.401,91.838,0.8719,0.8172,437,451.33,1171,1186.33,0.3732,487.33,0.9203,0.5543,148.33,9.945,88.7,98.0,13.421,30,0
1-2-2024-05,1,2,24292,5,177,184,198,177,186.333,236.167,225.5,489,0.362,96.601,91.655,0.8263,0.7849,421,427.67,1175,1164.67,0.3583,483.67,0.9304,0.5593,127.67,9.945,88.7,98.0,13.421,31,0
1-2-2024-06,1,2,24293,6,228,177,184,154,196.333,199.0,229.75,536,0.4254,16.411,90.482,0.8546,0.9924,495,451.0,1270,1205.33,0.3898,502.0,1.0115,0.5263,105.83,9.945,88.7,98.0,13.421,30,0
1-2-2024-07,1,2,24294,7,181,228,177,185,195.333,195.833,232.0,485,0.3732,17.696,88.892,0.842,0.7802,451,455.67,1177,1207.33,0.3832,503.33,0.9092,0.4917,104.33,9.945,88.7,98.0,13.421,31,0
1-2-2024-08,1,2,24295,8,170,181,228,196,193.0,189.667,230.75,439,0.3872,19.12,89.647,0.8364,0.7367,424,456.67,1103,1183.33,0.3844,486.67,0.8278,0.5353,102.17,9.945,88.7,98.0,13.421,31,0
1-2-2024-09,1,2,24296,9,204,170,181,174,185.0,190.667,231.417,517,0.3946,19.678,89.415,0.7994,0.8815,472,449.0,1214,1164.67,0.3888,480.33,0.9685,0.4755,99.67,9.945,88.7,98.0,13.421,30,0
1-2-2024-10,1,2,24297,10,180,204,170,403,184.667,190.0,231.917,491,0.3666,19.958,89.109,0.7963,0.7761,445,447.0,1190,1169.0,0.3739,482.33,0.9165,0.5556,99.33,9.945,88.7,98.0,13.421,31,1
1-2-2024-11,1,2,24298,11,391,180,204,451,258.333,225.667,230.917,716,0.5461,76.365,87.231,1.1187,1.6933,967,628.0,1701,1368.33,0.5685,574.67,1.3381,0.5192,116.67,9.945,88.7,98.0,13.421,30,1
1-2-2024-12,1,2,24299,12,382,391,180,200,317.667,251.333,225.167,685,0.5577,96.152,73.77,1.4108,1.6965,992,801.33,1744,1545.0,0.5688,630.67,1.2935,0.5236,130.0,9.945,88.7,98.0,13.421,31,0
1-2-2025-01,1,2,24300,1,213,382,391,207,328.667,256.667,226.25,517,0.412,92.937,73.487,1.4527,0.9414,553,837.33,1290,1578.33,0.4287,639.33,0.979,0.5775,135.67,9.945,88.7,98.0,13.421,31,0
1-2-2025-02,1,2,24301,2,185,213,382,198,260.0,259.167,224.417,501,0.3693,90.748,74.215,1.1586,0.8244,452,665.67,1210,1414.67,0.3736,567.67,0.9486,0.5081,136.17,9.945,88.7,98.0,13.421,28,0
1-2-2025-03,1,2,24302,3,186,185,213,184,194.667,256.167,223.417,474,0.3924,92.796,74.644,0.8713,0.8325,425,476.67,1077,1192.33,0.3946,497.33,0.8984,0.5161,136.0,9.945,88.7,98.0,13.421,31,0
1-2-2025-04,1,2,24303,4,161,186,185,177,177.333,253.0,221.5,473,0.3404,95.623,75.916,0.8006,0.7269,407,428.0,1168,1151.67,0.3485,482.67,0.8977,0.5404,133.83,9.945,88.7,98.0,13.421,30,0
1-2-2025-05,1,2,24304,5,165,161,186,228,170.667,215.333,220.5,481,0.343,76.43,76.572,0.774,0.7483,426,419.33,1168,1137.67,0.3647,476.0,0.914,0.503,113.83,9.945,88.7,98.0,13.421,31,0
1-2-2025-06,1,2,24305,6,184,165,161,181,170.0,182.333,216.833,493,0.3732,16.928,77.176,0.784,0.8486,427,420.0,1190,1175.33,0.3588,482.33,0.9432,0.5435,97.17,9.945,88.7,98.0,13.421,30,0
1-2-2025-07,1,2,24306,7,178,184,165,170,175.667,176.5,216.583,487,0.3655,9.946,77.296,0.8111,0.8219,450,434.33,1187,1181.67,0.3791,487.0,0.9315,0.5674,93.5,9.945,88.7,98.0,13.421,31,0
1-2-2025-08,1,2,24307,8,186,178,184,204,182.667,176.667,217.917,514,0.3619,10.094,76.616,0.8382,0.8535,440,439.0,1190,1189.0,0.3697,498.0,0.9715,0.5161,93.83,9.945,88.7,98.0,13.421,31,0
1-2-2025-09,1,2,24308,9,170,186,178,180,178.0,174.0,215.083,484,0.3512,9.363,77.7,0.8276,0.7904,434,441.33,1214,1197.0,0.3575,495.0,0.9196,0.5353,93.0,9.945,88.7,98.0,13.421,30,0
1-2-2025-10,1,2,24309,10,175,170,186,391,177.0,176.333,214.667,465,0.3763,7.364,77.9,0.8245,0.8152,394,422.67,1104,1169.33,0.3569,487.67,0.8871,0.5371,94.17,9.945,88.7,98.0,13.421,31,1
1-2-2025-11,1,2,24310,11,377,175,170,382,240.667,211.667,213.5,660,0.5712,74.132,75.312,1.1272,1.7658,979,602.33,1707,1341.67,0.5735,536.33,1.2705,0.5385,114.17,9.945,88.7,98.0,13.421,30,1
1-2-2025-12,1,2,24311,12,385,377,175,213,312.333,245.167,213.75,668,0.5763,96.193,75.874,1.4612,1.8012,1016,796.33,1697,1502.67,0.5987,597.67,1.2894,0.5117,130.33,9.945,88.7,98.0,13.421,31,0
1-2-2026-01,1,2,24312,1,209,385,377,185,323.667,250.333,213.417,529,0.3951,93.234,75.885,1.5166,0.9793,513,836.0,1284,1562.67,0.3995,619.0,1.0191,0.4354,128.67,9.945,88.7,98.0,13.421,31,0
1-2-2026-02,1,2,24313,2,350,209,385,186,314.667,277.667,227.167,931,0.3759,94.399,84.005,1.3852,1.5407,860,796.33,2265,1748.67,0.3797,709.33,1.6777,0.5371,144.0,9.945,88.7,98.0,13.421,28,0
1-2-2026-03,1,2,24314,3,312,350,209,161,290.333,301.333,237.667,849,0.3675,81.336,86.053,1.2216,1.3128,793,722.0,2094,1881.0,0.3787,769.67,1.4484,0.5449,157.17,9.945,88.7,98.0,13.421,31,0
1-2-2026-04,1,2,24315,4,367,312,350,165,343.0,333.333,254.833,996,0.3685,60.417,89.524,1.346,1.4402,904,852.33,2455,2271.33,0.3682,925.33,1.5816,0.545,174.83,9.945,88.7,98.0,13.421,30,0
1-2-2026-05,1,2,24316,5,351,367,312,184,343.333,329.0,270.333,947,0.3706,58.014,88.726,1.27,1.2984,870,855.67,2324,2291.0,0.3744,930.67,1.4164,0.5271,171.83,9.945,88.7,98.0,13.421,31,0
1-2-2026-06,1,2,24317,6,404,351,367,178,374.0,332.167,288.667,1026,0.3938,61.404,91.674,1.2956,1.3995,953,909.0,2456,2411.67,0.388,989.67,1.439,0.4802,171.33,9.945,88.7,98.0,13.421,30,0
1-3-2024-02,1,3,24289,2,36,39,46,38,40.333,38.5,37.417,500,0.072,6.946,6.144,1.078,0.9621,105,102.0,1240,1432.33,0.0847,595.33,0.9575,0.5556,21.17,9.945,88.7,98.0,13.421,28,0
1-3-2024-03,1,3,24290,3,29,36,39,32,34.667,39.167,36.667,481,0.0603,5.698,6.562,0.9455,0.7909,80,96.67,1148,1225.0,0.0697,505.33,0.9179,0.5517,22.0,9.945,88.7,98.0,13.421,31,0
1-3-2024-04,1,3,24291,4,40,29,36,44,35.0,39.167,37.333,481,0.0832,5.698,6.459,0.9375,1.0714,100,95.0,1171,1186.33,0.0854,487.33,0.9203,0.55,21.83,9.945,88.7,98.0,13.421,30,0
1-3-2024-05,1,3,24292,5,42,40,29,40,37.0,38.667,37.167,489,0.0859,5.281,6.309,0.9955,1.13,92,90.67,1175,1164.67,0.0783,483.67,0.9304,0.5,21.0,9.945,88.7,98.0,13.421,31,0
1-3-2024-06,1,3,24293,6,35,42,40,35,39.0,36.833,36.75,536,0.0653,4.22,6.273,1.0612,0.9524,87,93.0,1270,1205.33,0.0685,502.0,1.0115,0.6,19.17,9.945,88.7,98.0,13.421,30,0
1-3-2024-07,1,3,24294,7,45,35,42,29,40.667,37.833,37.583,485,0.0928,5.209,6.639,1.082,1.1973,105,94.67,1177,1207.33,0.0892,503.33,0.9092,0.5111,20.5,9.945,88.7,98.0,13.421,31,0
1-3-2024-08,1,3,24295,8,37,45,35,25,39.0,38.0,38.25,439,0.0843,5.164,6.125,1.0196,0.9673,94,95.33,1103,1183.33,0.0852,486.67,0.8278,0.5135,20.33,9.945,88.7,98.0,13.421,31,0
1-3-2024-09,1,3,24296,9,34,37,45,40,38.667,38.833,39.0,517,0.0658,3.891,4.882,0.9915,0.8718,95,98.0,1214,1164.67,0.0783,480.33,0.9685,0.6471,21.33,9.945,88.7,98.0,13.421,30,0
1-3-2024-10,1,3,24297,10,24,34,37,45,31.667,36.167,37.667,491,0.0489,6.669,6.381,0.8407,0.6372,78,89.0,1190,1169.0,0.0655,482.33,0.9165,0.4583,19.5,9.945,88.7,98.0,13.421,31,0
1-3-2024-11,1,3,24298,11,41,24,34,46,33.0,36.0,37.333,716,0.0573,6.532,6.087,0.8839,1.0982,102,91.67,1701,1368.33,0.06,574.67,1.3381,0.6098,20.17,9.945,88.7,98.0,13.421,30,0
1-3-2024-12,1,3,24299,12,41,41,24,39,35.333,37.0,36.917,685,0.0599,6.758,5.634,0.9571,1.1106,116,98.67,1744,1545.0,0.0665,630.67,1.2935,0.4146,19.5,9.945,88.7,98.0,13.421,31,0
1-3-2025-01,1,3,24300,1,42,41,41,36,41.333,36.5,37.167,517,0.0812,6.238,5.786,1.1121,1.13,91,103.0,1290,1578.33,0.0705,639.33,0.979,0.6667,20.33,9.945,88.7,98.0,13.421,31,0
1-3-2025-02,1,3,24301,2,37,42,41,29,40.0,36.5,37.25,501,0.0739,6.238,5.775,1.0738,0.9933,90,99.0,1210,1414.67,0.0744,567.67,0.9486,0.5405,20.5,9.945,88.7,98.0,13.421,28,0
1-3-2025-03,1,3,24302,3,31,37,42,40,36.667,36.0,37.417,474,0.0654,6.532,5.56,0.98,0.8285,86,89.0,1077,1192.33,0.0799,497.33,0.8984,0.5806,19.83,9.945,88.7,98.0,13.421,31,0
1-3-2025-04,1,3,24303,4,48,31,37,42,38.667,40.0,38.083,473,0.1015,5.164,6.264,1.0153,1.2604,109,95.0,1168,1151.67,0.0933,482.67,0.8977,0.5625,22.5,9.945,88.7,98.0,13.421,30,0
1-3-2025-05,1,3,24304,5,26,48,31,35,35.0,37.5,36.75,481,0.0541,7.274,6.954,0.9524,0.7075,73,89.33,1168,1137.67,0.0625,476.0,0.914,0.5769,20.83,9.945,88.7,98.0,13.421,31,0
1-3-2025-06,1,3,24305,6,30,26,48,45,34.667,35.667,36.333,493,0.0609,7.542,7.192,0.9541,0.8257,90,90.67,1190,1175.33,0.0756,482.33,0.9432,0.3667,19.83,9.945,88.7,98.0,13.421,30,0
1-3-2025-07,1,3,24306,7,39,30,26,37,31.667,35.167,35.833,487,0.0801,7.198,6.768,0.8837,1.0884,83,82.0,1187,1181.67,0.0699,487.0,0.9315,0.6667,19.5,9.945,88.7,98.0,13.421,31,0
1-3-2025-08,1,3,24307,8,38,39,30,34,35.667,35.333,35.917,514,0.0739,7.25,6.788,0.993,1.058,88,87.0,1190,1189.0,0.0739,498.0,0.9715,0.6053,20.0,9.945,88.7,98.0,13.421,31,0
1-3-2025-09,1,3,24308,9,41,38,39,24,39.333,37.0,36.5,484,0.0847,7.211,6.898,1.0776,1.1233,115,95.33,1214,1197.0,0.0947,495.0,0.9196,0.6341,21.33,9.945,88.7,98.0,13.421,30,0
1-3-2025-10,1,3,24309,10,38,41,38,41,39.0,35.333,37.667,465,0.0817,5.406,5.778,1.0354,1.0088,83,95.33,1104,1169.33,0.0752,487.67,0.8871,0.6053,20.67,9.945,88.7,98.0,13.421,31,0
1-3-2025-11,1,3,24310,11,45,38,41,41,41.333,38.5,38.0,660,0.0682,4.5,6.069,1.0877,1.1842,104,100.67,1707,1341.67,0.0609,536.33,1.2705,0.5556,22.33,9.945,88.7,98.0,13.421,30,0
1-3-2025-12,1,3,24311,12,36,45,38,42,39.667,39.5,37.583,668,0.0539,2.872,6.02,1.0554,0.9579,81,89.33,1697,1502.67,0.0477,597.67,1.2894,0.6389,24.33,9.945,88.7,98.0,13.421,31,0
1-3-2026-01,1,3,24312,1,43,36,45,37,41.333,40.167,37.667,529,0.0813,3.131,6.087,1.0973,1.1416,104,96.33,1284,1562.67,0.081,619.0,1.0191,0.5814,24.17,9.945,88.7,98.0,13.421,31,1
1-3-2026-02,1,3,24313,2,75,43,36,31,51.333,46.333,40.833,931,0.0806,13.161,11.964,1.2571,1.8367,200,128.33,2265,1748.67,0.0883,709.33,1.6777,0.48,26.33,9.945,88.7,98.0,13.421,28,1
1-3-2026-03,1,3,24314,3,74,75,43,48,64.0,51.833,44.417,849,0.0872,16.304,14.626,1.4409,1.666,164,156.0,2094,1881.0,0.0783,769.67,1.4484,0.5946,29.33,9.945,88.7,98.0,13.421,31,0
1-3-2026-04,1,3,24315,4,78,74,75,26,75.667,58.5,46.917,996,0.0783,17.424,17.337,1.6128,1.6625,191,185.0,2455,2271.33,0.0778,925.33,1.5816,0.4487,31.33,9.945,88.7,98.0,13.421,30,0
1-3-2026-05,1,3,24316,5,78,78,74,30,76.667,64.0,51.25,947,0.0824,17.502,18.051,1.4959,1.522,193,182.67,2324,2291.0,0.083,930.67,1.4164,0.5,33.67,9.945,88.7,98.0,13.421,31,0
1-3-2026-06,1,3,24317,6,91,78,78,39,82.333,73.167,56.333,1026,0.0887,14.599,19.851,1.4615,1.6154,180,188.0,2456,2411.67,0.0733,989.67,1.439,0.5934,38.83,9.945,88.7,98.0,13.421,30,0
1-4-2024-02,1,4,24289,2,83,103,87,74,91.0,92.0,89.167,500,0.166,7.916,8.345,1.0206,0.9308,220,220.33,1240,1432.33,0.1774,595.33,0.9575,0.5422,46.33,9.945,88.7,98.0,13.421,28,0
1-4-2024-03,1,4,24290,3,105,83,103,81,97.0,95.333,91.75,481,0.2183,8.459,8.043,1.0572,1.1444,236,228.0,1148,1225.0,0.2056,505.33,0.9179,0.5048,48.17,9.945,88.7,98.0,13.421,31,0
1-4-2024-04,1,4,24291,4,88,105,83,85,92.0,94.667,92.333,481,0.183,8.844,7.476,0.9964,0.9531,210,222.0,1171,1186.33,0.1793,487.33,0.9203,0.5114,47.67,9.945,88.7,98.0,13.421,30,0
1-4-2024-05,1,4,24292,5,89,88,105,89,94.0,92.5,92.667,489,0.182,8.362,7.226,1.0144,0.9604,214,220.0,1175,1164.67,0.1821,483.67,0.9304,0.4494,46.33,9.945,88.7,98.0,13.421,31,0
1-4-2024-06,1,4,24293,6,91,89,88,90,89.333,93.167,92.833,536,0.1698,8.05,7.163,0.9623,0.9803,244,222.67,1270,1205.33,0.1921,502.0,1.0115,0.5385,48.0,9.945,88.7,98.0,13.421,30,0
1-4-2024-07,1,4,24294,7,93,91,89,99,91.0,91.5,93.083,485,0.1918,6.776,7.112,0.9776,0.9991,214,224.0,1177,1207.33,0.1818,503.33,0.9092,0.6559,48.83,9.945,88.7,98.0,13.421,31,0
1-4-2024-08,1,4,24295,8,80,93,91,85,88.0,91.0,91.5,439,0.1822,7.461,7.708,0.9617,0.8743,189,215.67,1103,1183.33,0.1714,486.67,0.8278,0.5875,49.17,9.945,88.7,98.0,13.421,31,0
1-4-2024-09,1,4,24296,9,99,80,93,92,90.667,90.0,92.667,517,0.1915,5.715,7.696,0.9784,1.0683,224,209.0,1214,1164.67,0.1845,480.33,0.9685,0.404,47.0,9.945,88.7,98.0,13.421,30,0
1-4-2024-10,1,4,24297,10,95,99,80,102,91.333,91.167,92.917,491,0.1935,5.9,7.719,0.983,1.0224,229,214.0,1190,1169.0,0.1924,482.33,0.9165,0.4947,47.33,9.945,88.7,98.0,13.421,31,0
1-4-2024-11,1,4,24298,11,92,95,99,87,95.333,91.667,92.083,716,0.1285,5.821,7.216,1.0353,0.9991,215,222.67,1701,1368.33,0.1264,574.67,1.3381,0.5217,48.67,9.945,88.7,98.0,13.421,30,0
1-4-2024-12,1,4,24299,12,85,92,95,103,90.667,90.667,91.917,685,0.1241,6.342,7.354,0.9864,0.9248,202,215.33,1744,1545.0,0.1158,630.67,1.2935,0.4353,46.67,9.945,88.7,98.0,13.421,31,0
1-4-2025-01,1,4,24300,1,101,85,92,83,92.667,92.0,91.75,517,0.1954,7.439,7.12,1.01,1.1008,238,218.33,1290,1578.33,0.1845,639.33,0.979,0.5842,46.33,9.945,88.7,98.0,13.421,31,0
1-4-2025-02,1,4,24301,2,101,101,85,105,95.667,95.5,93.25,501,0.2016,5.708,7.013,1.0259,1.0831,229,223.0,1210,1414.67,0.1893,567.67,0.9486,0.505,47.0,9.945,88.7,98.0,13.421,28,0
1-4-2025-03,1,4,24302,3,100,101,101,88,100.667,95.667,92.833,474,0.211,5.821,6.427,1.0844,1.0772,209,225.33,1077,1192.33,0.1941,497.33,0.8984,0.52,49.0,9.945,88.7,98.0,13.421,31,0
1-4-2025-04,1,4,24303,4,97,100,101,89,99.333,96.0,93.583,473,0.2051,5.831,6.344,1.0614,1.0365,221,219.67,1168,1151.67,0.1892,482.67,0.8977,0.567,50.33,9.945,88.7,98.0,13.421,30,0
1-4-2025-05,1,4,24304,5,88,97,100,91,95.0,95.333,93.5,481,0.183,6.446,6.41,1.016,0.9412,211,213.67,1168,1137.67,0.1807,476.0,0.914,0.5455,50.33,9.945,88.7,98.0,13.421,31,0
1-4-2025-06,1,4,24305,6,83,88,97,93,89.333,95.0,92.833,493,0.1684,7.0,7.022,0.9623,0.8941,194,208.67,1190,1175.33,0.163,482.33,0.9432,0.4819,50.83,9.945,88.7,98.0,13.421,30,0
1-4-2025-07,1,4,24306,7,89,83,88,80,86.667,93.0,92.5,487,0.1828,6.708,7.1,0.9369,0.9622,214,206.33,1187,1181.67,0.1803,487.0,0.9315,0.5506,49.17,9.945,88.7,98.0,13.421,31,0
1-4-2025-08,1,4,24307,8,99,89,83,99,90.333,92.667,94.083,514,0.1926,6.342,6.198,0.9601,1.0523,214,207.33,1190,1189.0,0.1798,498.0,0.9715,0.5051,49.0,9.945,88.7,98.0,13.421,31,0
1-4-2025-09,1,4,24308,9,101,99,89,95,96.333,92.833,94.25,484,0.2087,6.543,6.352,1.0221,1.0716,237,221.67,1214,1197.0,0.1952,495.0,0.9196,0.5644,49.83,9.945,88.7,98.0,13.421,30,0
1-4-2025-10,1,4,24309,10,83,101,99,92,94.333,90.5,93.25,465,0.1785,7.112,7.061,1.0116,0.8901,215,222.0,1104,1169.33,0.1947,487.67,0.8871,0.506,47.67,9.945,88.7,98.0,13.421,31,0
1-4-2025-11,1,4,24310,11,80,83,101,85,88.0,89.167,92.25,660,0.1212,8.133,7.96,0.9539,0.8672,210,220.67,1707,1341.67,0.123,536.33,1.2705,0.55,47.0,9.945,88.7,98.0,13.421,30,0
1-4-2025-12,1,4,24311,12,85,80,83,101,82.667,89.5,92.25,668,0.1272,7.911,7.96,0.8961,0.9214,185,203.33,1697,1502.67,0.109,597.67,1.2894,0.5176,47.67,9.945,88.7,98.0,13.421,31,0
1-4-2026-01,1,4,24312,1,105,85,80,101,90.0,92.167,92.583,529,0.1985,9.771,8.391,0.9721,1.1341,229,208.0,1284,1562.67,0.1783,619.0,1.0191,0.5333,48.83,9.945,88.7,98.0,13.421,31,1
1-4-2026-02,1,4,24313,2,166,105,85,100,118.667,103.333,98.0,931,0.1783,29.522,22.008,1.2109,1.6939,390,268.0,2265,1748.67,0.1722,709.33,1.6777,0.5241,55.0,9.945,88.7,98.0,13.421,28,0
1-4-2026-03,1,4,24314,3,164,166,105,97,145.0,113.833,103.333,849,0.1932,37.065,28.61,1.4032,1.5871,375,331.33,2094,1881.0,0.1791,769.67,1.4484,0.5427,60.33,9.945,88.7,98.0,13.421,31,0
1-4-2026-04,1,4,24315,4,176,164,166,88,168.667,129.333,109.917,996,0.1767,40.24,34.812,1.5345,1.6012,465,410.0,2455,2271.33,0.1894,925.33,1.5816,0.6023,71.0,9.945,88.7,98.0,13.421,30,0
1-4-2026-05,1,4,24316,5,175,176,164,83,171.667,145.167,117.167,947,0.1848,36.2,38.371,1.4651,1.4936,431,423.67,2324,2291.0,0.1855,930.67,1.4164,0.5943,81.0,9.945,88.7,98.0,13.421,31,0
1-4-2026-06,1,4,24317,6,188,175,176,89,179.667,162.333,125.917,1026,0.1832,26.8,41.432,1.4269,1.4931,434,443.33,2456,2411.67,0.1767,989.67,1.439,0.5798,91.83,9.945,88.7,98.0,13.421,30,0
1-5-2024-02,1,5,24289,2,48,48,39,34,45.0,40.333,39.333,500,0.096,6.018,6.799,1.1441,1.2203,100,99.33,1240,1432.33,0.0806,595.33,0.9575,0.4792,21.67,9.945,88.7,98.0,13.421,28,0
1-5-2024-03,1,5,24290,3,33,48,48,48,43.0,39.167,39.25,481,0.0686,6.619,6.869,1.0955,0.8408,86,96.0,1148,1225.0,0.0749,505.33,0.9179,0.697,21.33,9.945,88.7,98.0,13.421,31,0
1-5-2024-04,1,5,24291,4,42,33,48,27,41.0,40.833,38.75,481,0.0873,5.814,6.418,1.0581,1.0839,101,95.67,1171,1186.33,0.0863,487.33,0.9203,0.4762,21.67,9.945,88.7,98.0,13.421,30,0
1-5-2024-05,1,5,24292,5,45,42,33,41,40.0,42.5,40.25,489,0.092,5.315,5.54,0.9938,1.118,99,95.33,1175,1164.67,0.0843,483.67,0.9304,0.6222,23.17,9.945,88.7,98.0,13.421,31,0
1-5-2024-06,1,5,24293,6,36,45,42,34,41.0,42.0,39.833,536,0.0672,5.745,5.654,1.0293,0.9038,92,97.33,1270,1205.33,0.0724,502.0,1.0115,0.4722,23.33,9.945,88.7,98.0,13.421,30,0
1-5-2024-07,1,5,24294,7,31,36,45,46,37.333,39.167,39.583,485,0.0639,6.256,5.965,0.9432,0.7832,86,92.33,1177,1207.33,0.0731,503.33,0.9092,0.4516,20.83,9.945,88.7,98.0,13.421,31,0
1-5-2024-08,1,5,24295,8,35,31,36,40,34.0,37.0,38.667,439,0.0797,4.933,5.749,0.8793,0.9052,89,89.0,1103,1183.33,0.0807,486.67,0.8278,0.4857,19.83,9.945,88.7,98.0,13.421,31,0
1-5-2024-09,1,5,24296,9,44,35,31,32,36.667,38.833,39.0,517,0.0851,5.145,5.93,0.9402,1.1282,90,88.33,1214,1164.67,0.0741,480.33,0.9685,0.4773,19.5,9.945,88.7,98.0,13.421,30,0
1-5-2024-10,1,5,24297,10,47,44,35,35,42.0,39.667,40.25,491,0.0957,5.935,5.904,1.0435,1.1677,114,97.67,1190,1169.0,0.0958,482.33,0.9165,0.6596,21.33,9.945,88.7,98.0,13.421,31,0
1-5-2024-11,1,5,24298,11,49,47,44,39,46.667,40.333,41.417,716,0.0684,6.675,6.13,1.1268,1.1831,101,101.67,1701,1368.33,0.0594,574.67,1.3381,0.5714,21.33,9.945,88.7,98.0,13.421,30,0
1-5-2024-12,1,5,24299,12,34,49,47,48,43.333,40.0,41.0,685,0.0496,6.928,6.442,1.0569,0.8293,82,99.0,1744,1545.0,0.047,630.67,1.2935,0.5882,21.83,9.945,88.7,98.0,13.421,31,0
1-5-2025-01,1,5,24300,1,38,34,49,48,40.333,41.167,40.167,517,0.0735,5.814,6.121,1.0041,0.9461,93,92.0,1290,1578.33,0.0721,639.33,0.979,0.3684,21.83,9.945,88.7,98.0,13.421,31,0
1-5-2025-02,1,5,24301,2,45,38,34,33,39.0,42.833,39.917,501,0.0898,5.209,5.852,0.977,1.1273,105,93.33,1210,1414.67,0.0868,567.67,0.9486,0.5778,23.33,9.945,88.7,98.0,13.421,28,0
1-5-2025-03,1,5,24302,3,33,45,38,42,38.667,41.0,39.917,474,0.0696,6.298,5.852,0.9687,0.8267,78,92.0,1077,1192.33,0.0724,497.33,0.8984,0.4242,22.17,9.945,88.7,98.0,13.421,31,0
1-5-2025-04,1,5,24303,4,40,33,45,45,39.333,39.833,39.75,473,0.0846,5.698,5.818,0.9895,1.0063,107,96.67,1168,1151.67,0.0916,482.67,0.8977,0.45,20.0,9.945,88.7,98.0,13.421,30,0
1-5-2025-05,1,5,24304,5,43,40,33,36,38.667,38.833,39.583,481,0.0894,4.375,5.693,0.9768,1.0863,106,97.0,1168,1137.67,0.0908,476.0,0.914,0.5581,19.33,9.945,88.7,98.0,13.421,31,0
1-5-2025-06,1,5,24305,6,47,43,40,31,43.333,41.0,40.5,493,0.0953,4.655,5.923,1.07,1.1605,98,103.67,1190,1175.33,0.0824,482.33,0.9432,0.5957,20.67,9.945,88.7,98.0,13.421,30,0
1-5-2025-07,1,5,24306,7,51,47,43,35,47.0,43.167,42.167,487,0.1047,5.669,5.829,1.1146,1.2095,111,105.0,1187,1181.67,0.0935,487.0,0.9315,0.4902,22.5,9.945,88.7,98.0,13.421,31,0
1-5-2025-08,1,5,24307,8,40,51,47,44,46.0,42.333,42.583,514,0.0778,5.706,5.469,1.0802,0.9393,105,104.67,1190,1189.0,0.0882,498.0,0.9715,0.55,21.83,9.945,88.7,98.0,13.421,31,0
1-5-2025-09,1,5,24308,9,47,40,51,47,46.0,44.667,42.833,484,0.0971,4.028,5.595,1.0739,1.0973,100,105.33,1214,1197.0,0.0824,495.0,0.9196,0.5957,24.17,9.945,88.7,98.0,13.421,30,0
1-5-2025-10,1,5,24309,10,38,47,40,49,41.667,44.333,42.083,465,0.0817,4.46,5.59,0.9901,0.903,89,98.0,1104,1169.33,0.0806,487.67,0.8871,0.5526,24.67,9.945,88.7,98.0,13.421,31,0
1-5-2025-11,1,5,24310,11,42,38,47,34,42.333,44.167,41.5,660,0.0636,4.525,5.188,1.0201,1.012,95,94.67,1707,1341.67,0.0557,536.33,1.2705,0.4762,24.0,9.945,88.7,98.0,13.421,30,0
1-5-2025-12,1,5,24311,12,23,42,38,38,34.333,40.167,40.583,668,0.0344,8.821,7.065,0.846,0.5667,76,86.67,1697,1502.67,0.0448,597.67,1.2894,0.3043,20.5,9.945,88.7,98.0,13.421,31,0
1-5-2026-01,1,5,24312,1,43,23,42,45,36.0,38.833,41.0,529,0.0813,7.603,7.047,0.878,1.0488,116,95.67,1284,1562.67,0.0903,619.0,1.0191,0.5349,20.17,9.945,88.7,98.0,13.421,31,1
1-5-2026-02,1,5,24313,2,70,43,23,33,45.333,43.833,43.083,931,0.0752,13.945,10.681,1.0522,1.6248,175,122.33,2265,1748.67,0.0773,709.33,1.6777,0.5429,22.83,9.945,88.7,98.0,13.421,28,1
1-5-2026-03,1,5,24314,3,65,70,43,40,59.333,46.833,45.75,849,0.0766,16.077,11.769,1.2969,1.4208,161,150.67,2094,1881.0,0.0769,769.67,1.4484,0.4769,23.33,9.945,88.7,98.0,13.421,31,0
1-5-2026-04,1,5,24315,4,75,65,70,43,70.0,53.0,48.667,996,0.0753,18.43,14.091,1.4384,1.5411,185,173.67,2455,2271.33,0.0754,925.33,1.5816,0.4533,25.5,9.945,88.7,98.0,13.421,30,0
1-5-2026-05,1,5,24316,5,66,75,65,47,68.667,57.0,50.583,947,0.0697,18.212,14.739,1.3575,1.3048,170,172.0,2324,2291.0,0.0731,930.67,1.4164,0.5303,28.0,9.945,88.7,98.0,13.421,31,0
1-5-2026-06,1,5,24317,6,71,66,75,51,70.667,65.0,52.583,1026,0.0692,10.376,15.713,1.3439,1.3502,179,178.0,2456,2411.67,0.0729,989.67,1.439,0.4648,32.33,9.945,88.7,98.0,13.421,30,0
1-6-2024-02,1,6,24289,2,17,14,14,13,15.0,15.0,15.333,500,0.034,1.0,2.925,0.9783,1.1087,40,36.33,1240,1432.33,0.0323,595.33,0.9575,0.5294,7.5,9.945,88.7,98.0,13.421,28,0
1-6-2024-03,1,6,24290,3,13,17,14,20,14.667,14.667,15.333,481,0.027,1.247,2.925,0.9565,0.8478,35,37.33,1148,1225.0,0.0305,505.33,0.9179,0.3846,7.17,9.945,88.7,98.0,13.421,31,0
1-6-2024-04,1,6,24291,4,13,13,17,14,14.333,14.333,14.75,481,0.027,1.374,2.618,0.9718,0.8814,27,34.0,1171,1186.33,0.0231,487.33,0.9203,0.7692,7.5,9.945,88.7,98.0,13.421,30,1
1-6-2024-05,1,6,24292,5,22,13,13,19,16.0,15.5,15.417,489,0.045,3.202,3.278,1.0378,1.427,40,34.0,1175,1164.67,0.034,483.67,0.9304,0.4545,7.5,9.945,88.7,98.0,13.421,31,0
1-6-2024-06,1,6,24293,6,12,22,13,9,15.667,15.167,14.833,536,0.0224,3.436,3.21,1.0562,0.809,35,34.0,1270,1205.33,0.0276,502.0,1.0115,0.8333,8.33,9.945,88.7,98.0,13.421,30,0
1-6-2024-07,1,6,24294,7,17,12,22,19,17.0,15.667,15.5,485,0.0351,3.448,2.723,1.0968,1.0968,43,39.33,1177,1207.33,0.0365,503.33,0.9092,0.4118,8.5,9.945,88.7,98.0,13.421,31,0
1-6-2024-08,1,6,24295,8,10,17,12,15,13.0,14.5,14.75,439,0.0228,3.948,2.89,0.8814,0.678,37,38.33,1103,1183.33,0.0335,486.67,0.8278,0.3,7.5,9.945,88.7,98.0,13.421,31,1
1-6-2024-09,1,6,24296,9,21,10,17,15,16.0,15.833,15.25,517,0.0406,4.525,3.37,1.0492,1.377,47,42.33,1214,1164.67,0.0387,480.33,0.9685,0.2857,7.67,9.945,88.7,98.0,13.421,30,1
1-6-2024-10,1,6,24297,10,28,21,10,15,19.667,18.333,16.333,491,0.057,6.128,4.871,1.2041,1.7143,56,46.67,1190,1169.0,0.0471,482.33,0.9165,0.5714,8.67,9.945,88.7,98.0,13.421,31,0
1-6-2024-11,1,6,24298,11,17,28,21,14,22.0,17.5,16.5,716,0.0237,5.909,4.856,1.3333,1.0303,39,47.33,1701,1368.33,0.0229,574.67,1.3381,0.5294,8.5,9.945,88.7,98.0,13.421,30,0
1-6-2024-12,1,6,24299,12,18,17,28,14,21.0,18.5,16.833,685,0.0263,5.377,4.81,1.2475,1.0693,40,45.0,1744,1545.0,0.0229,630.67,1.2935,0.5,8.33,9.945,88.7,98.0,13.421,31,0
1-6-2025-01,1,6,24300,1,10,18,17,17,15.0,17.333,16.5,517,0.0193,6.263,5.123,0.9091,0.6061,37,38.67,1290,1578.33,0.0287,639.33,0.979,0.8,8.5,9.945,88.7,98.0,13.421,31,0
1-6-2025-02,1,6,24301,2,18,10,18,13,15.333,18.667,16.583,501,0.0359,5.344,5.139,0.9246,1.0854,42,39.67,1210,1414.67,0.0347,567.67,0.9486,0.2778,8.83,9.945,88.7,98.0,13.421,28,0
1-6-2025-03,1,6,24302,3,19,18,10,13,15.667,18.333,17.083,474,0.0401,5.249,5.057,0.9171,1.1122,38,39.0,1077,1192.33,0.0353,497.33,0.8984,0.6316,9.83,9.945,88.7,98.0,13.421,31,0
1-6-2025-04,1,6,24303,4,16,19,18,22,17.667,16.333,17.333,473,0.0338,2.981,4.922,1.0192,0.9231,38,39.33,1168,1151.67,0.0325,482.67,0.8977,0.4375,8.33,9.945,88.7,98.0,13.421,30,0
1-6-2025-05,1,6,24304,5,16,16,19,12,17.0,16.167,16.833,481,0.0333,2.967,4.723,1.0099,0.9505,31,35.67,1168,1137.67,0.0265,476.0,0.914,0.5625,8.33,9.945,88.7,98.0,13.421,31,0
1-6-2025-06,1,6,24305,6,21,16,16,17,17.667,16.667,17.583,493,0.0426,3.448,4.609,1.0047,1.1943,49,39.33,1190,1175.33,0.0412,482.33,0.9432,0.5238,8.67,9.945,88.7,98.0,13.421,30,0
1-6-2025-07,1,6,24306,7,14,21,16,10,17.0,17.333,17.333,487,0.0287,2.285,4.714,0.9808,0.8077,47,42.33,1187,1181.67,0.0396,487.0,0.9315,0.4286,8.33,9.945,88.7,98.0,13.421,31,0
1-6-2025-08,1,6,24307,8,14,14,21,21,16.333,16.667,17.667,514,0.0272,2.56,4.308,0.9245,0.7925,37,44.33,1190,1189.0,0.0311,498.0,0.9715,0.6429,9.0,9.945,88.7,98.0,13.421,31,0
1-6-2025-09,1,6,24308,9,17,14,14,28,15.0,16.333,17.333,484,0.0351,2.357,4.19,0.8654,0.9808,38,40.67,1214,1197.0,0.0313,495.0,0.9196,0.4706,8.33,9.945,88.7,98.0,13.421,30,0
1-6-2025-10,1,6,24309,10,8,17,14,17,13.0,15.0,15.667,465,0.0172,3.916,3.543,0.8298,0.5106,28,34.33,1104,1169.33,0.0254,487.67,0.8871,0.25,7.5,9.945,88.7,98.0,13.421,31,0
1-6-2025-11,1,6,24310,11,15,8,17,18,13.333,14.833,15.5,660,0.0227,3.891,3.524,0.8602,0.9677,40,35.33,1707,1341.67,0.0234,536.33,1.2705,0.7333,7.83,9.945,88.7,98.0,13.421,30,0
1-6-2025-12,1,6,24311,12,14,15,8,10,12.333,13.667,15.167,668,0.021,2.749,3.46,0.8132,0.9231,38,35.33,1697,1502.67,0.0224,597.67,1.2894,0.6429,7.5,9.945,88.7,98.0,13.421,31,1
1-6-2026-01,1,6,24312,1,19,14,15,18,16.0,14.5,15.917,529,0.0359,3.403,3.226,1.0052,1.1937,46,41.33,1284,1562.67,0.0358,619.0,1.0191,0.3684,7.67,9.945,88.7,98.0,13.421,31,0
1-6-2026-02,1,6,24313,2,19,19,14,19,17.333,15.333,16.0,931,0.0204,3.771,3.291,1.0833,1.1875,54,46.0,2265,1748.67,0.0238,709.33,1.6777,0.6842,8.33,9.945,88.7,98.0,13.421,28,1
1-6-2026-03,1,6,24314,3,31,19,19,16,23.0,17.667,17.0,849,0.0365,7.016,5.276,1.3529,1.8235,72,57.33,2094,1881.0,0.0344,769.67,1.4484,0.5161,9.67,9.945,88.7,98.0,13.421,31,0
1-6-2026-04,1,6,24315,4,31,31,19,16,27.0,21.5,18.25,996,0.0311,6.97,6.521,1.4795,1.6986,82,69.33,2455,2271.33,0.0334,925.33,1.5816,0.6774,12.83,9.945,88.7,98.0,13.421,30,0
1-6-2026-05,1,6,24316,5,27,31,31,21,29.667,23.5,19.167,947,0.0285,6.526,6.902,1.5478,1.4087,76,76.67,2324,2291.0,0.0327,930.67,1.4164,0.4815,13.17,9.945,88.7,98.0,13.421,31,0
1-6-2026-06,1,6,24317,6,38,27,31,14,32.0,27.5,20.583,1026,0.037,6.825,8.655,1.5547,1.8462,84,80.67,2456,2411.67,0.0342,989.67,1.439,0.5263,15.0,9.945,88.7,98.0,13.421,30,0
1-7-2024-02,1,7,24289,2,32,22,23,33,25.667,26.5,28.833,500,0.064,4.992,4.598,0.8902,1.1098,67,59.67,1240,1432.33,0.054,595.33,0.9575,0.625,14.0,9.945,88.7,98.0,13.421,28,0
1-7-2024-03,1,7,24290,3,28,32,22,28,27.333,25.5,28.417,481,0.0582,3.862,4.425,0.9619,0.9853,59,62.0,1148,1225.0,0.0514,505.33,0.9179,0.4643,13.83,9.945,88.7,98.0,13.421,31,0
1-7-2024-04,1,7,24291,4,29,28,32,28,29.667,26.833,28.5,481,0.0603,3.436,4.425,1.0409,1.0175,62,62.67,1171,1186.33,0.0529,487.33,0.9203,0.5517,15.17,9.945,88.7,98.0,13.421,30,0
1-7-2024-05,1,7,24292,5,27,29,28,32,28.0,26.833,28.417,489,0.0552,3.436,4.443,0.9853,0.9501,57,59.33,1175,1164.67,0.0485,483.67,0.9304,0.6296,15.33,9.945,88.7,98.0,13.421,31,0
1-7-2024-06,1,7,24293,6,31,27,29,35,29.0,28.167,28.333,536,0.0578,3.236,4.384,1.0235,1.0941,78,65.67,1270,1205.33,0.0614,502.0,1.0115,0.5161,15.83,9.945,88.7,98.0,13.421,30,0
1-7-2024-07,1,7,24294,7,27,31,27,31,28.333,29.0,27.667,485,0.0557,1.915,3.902,1.0241,0.9759,63,66.0,1177,1207.33,0.0535,503.33,0.9092,0.6667,16.67,9.945,88.7,98.0,13.421,31,0
1-7-2024-08,1,7,24295,8,24,27,31,34,27.333,27.667,27.083,439,0.0547,2.134,3.883,1.0092,0.8862,51,64.0,1103,1183.33,0.0462,486.67,0.8278,0.7917,16.5,9.945,88.7,98.0,13.421,31,0
1-7-2024-09,1,7,24296,9,24,24,27,21,25.0,27.0,26.25,517,0.0464,2.517,3.345,0.9524,0.9143,66,60.0,1214,1164.67,0.0544,480.33,0.9685,0.5417,16.5,9.945,88.7,98.0,13.421,30,0
1-7-2024-10,1,7,24297,10,33,24,24,27,27.0,27.667,27.25,491,0.0672,3.35,3.419,0.9908,1.211,71,62.67,1190,1169.0,0.0597,482.33,0.9165,0.4848,16.5,9.945,88.7,98.0,13.421,31,0
1-7-2024-11,1,7,24298,11,29,33,24,23,28.667,28.0,27.417,716,0.0405,3.367,3.451,1.0456,1.0578,56,64.33,1701,1368.33,0.0329,574.67,1.3381,0.5862,16.5,9.945,88.7,98.0,13.421,30,0
1-7-2024-12,1,7,24299,12,28,29,33,22,30.0,27.5,27.833,685,0.0409,3.096,3.184,1.0778,1.006,68,65.0,1744,1545.0,0.039,630.67,1.2935,0.5,16.17,9.945,88.7,98.0,13.421,31,0
1-7-2025-01,1,7,24300,1,32,28,29,32,29.667,28.333,28.667,517,0.0619,3.496,2.838,1.0349,1.1163,71,65.0,1290,1578.33,0.055,639.33,0.979,0.6562,16.67,9.945,88.7,98.0,13.421,31,0
1-7-2025-02,1,7,24301,2,28,32,28,28,29.333,29.0,28.333,501,0.0559,2.944,2.656,1.0353,0.9882,65,68.0,1210,1414.67,0.0537,567.67,0.9486,0.4643,15.67,9.945,88.7,98.0,13.421,28,0
1-7-2025-03,1,7,24302,3,27,28,32,29,29.0,29.5,28.25,474,0.057,2.217,2.681,1.0265,0.9558,65,67.0,1077,1192.33,0.0604,497.33,0.8984,0.5926,16.17,9.945,88.7,98.0,13.421,31,0
1-7-2025-04,1,7,24303,4,18,27,28,27,24.333,27.0,27.333,473,0.0381,4.32,3.88,0.8902,0.6585,61,63.67,1168,1151.67,0.0522,482.67,0.8977,0.4444,14.83,9.945,88.7,98.0,13.421,30,0
1-7-2025-05,1,7,24304,5,24,18,27,31,23.0,26.167,27.083,481,0.0499,4.337,3.989,0.8492,0.8862,63,63.0,1168,1137.67,0.0539,476.0,0.914,0.4167,13.67,9.945,88.7,98.0,13.421,31,0
1-7-2025-06,1,7,24305,6,27,24,18,27,23.0,26.0,26.75,493,0.0548,4.282,3.811,0.8598,1.0093,77,67.0,1190,1175.33,0.0647,482.33,0.9432,0.4815,13.5,9.945,88.7,98.0,13.421,30,0
1-7-2025-07,1,7,24306,7,27,27,24,24,26.0,25.167,26.75,487,0.0554,3.436,3.811,0.972,1.0093,57,65.67,1187,1181.67,0.048,487.0,0.9315,0.5556,12.5,9.945,88.7,98.0,13.421,31,0
1-7-2025-08,1,7,24307,8,22,27,27,24,25.333,24.167,26.583,514,0.0428,3.337,3.968,0.953,0.8276,69,67.67,1190,1189.0,0.058,498.0,0.9715,0.5455,12.33,9.945,88.7,98.0,13.421,31,1
1-7-2025-09,1,7,24308,9,36,22,27,33,28.333,25.667,27.583,484,0.0744,5.558,4.645,1.0272,1.3051,74,66.67,1214,1197.0,0.061,495.0,0.9196,0.4722,12.5,9.945,88.7,98.0,13.421,30,0
1-7-2025-10,1,7,24309,10,34,36,22,29,30.667,28.333,27.667,465,0.0731,5.055,4.749,1.1084,1.2289,71,71.33,1104,1169.33,0.0643,487.67,0.8871,0.6765,15.0,9.945,88.7,98.0,13.421,31,0
1-7-2025-11,1,7,24310,11,24,34,36,28,31.333,28.333,27.25,660,0.0364,5.055,4.833,1.1498,0.8807,60,68.33,1707,1341.67,0.0351,536.33,1.2705,0.5833,15.67,9.945,88.7,98.0,13.421,30,0
1-7-2025-12,1,7,24311,12,27,24,34,32,28.333,28.333,27.167,668,0.0404,5.055,4.828,1.0429,0.9939,70,67.0,1697,1502.67,0.0412,597.67,1.2894,0.5926,16.17,9.945,88.7,98.0,13.421,31,0
1-7-2026-01,1,7,24312,1,37,27,24,28,29.333,30.0,27.583,529,0.0699,5.916,5.408,1.0634,1.3414,71,67.0,1284,1562.67,0.0553,619.0,1.0191,0.4595,16.5,9.945,88.7,98.0,13.421,31,1
1-7-2026-02,1,7,24313,2,56,37,27,27,40.0,35.667,29.917,931,0.0602,10.242,9.543,1.337,1.8719,127,89.33,2265,1748.67,0.0561,709.33,1.6777,0.5,19.17,9.945,88.7,98.0,13.421,28,0
1-7-2026-03,1,7,24314,3,45,56,37,18,46.0,37.167,31.417,849,0.053,10.823,10.348,1.4642,1.4324,126,108.0,2094,1881.0,0.0602,769.67,1.4484,0.5556,20.5,9.945,88.7,98.0,13.421,31,0
1-7-2026-04,1,7,24315,4,59,45,56,24,53.333,41.333,34.833,996,0.0592,13.325,11.992,1.5311,1.6938,135,129.33,2455,2271.33,0.055,925.33,1.5816,0.4915,21.5,9.945,88.7,98.0,13.421,30,0
1-7-2026-05,1,7,24316,5,51,59,45,27,51.667,45.833,37.083,947,0.0539,11.082,12.278,1.3933,1.3753,121,127.33,2324,2291.0,0.0521,930.67,1.4164,0.4314,22.83,9.945,88.7,98.0,13.421,31,0
1-7-2026-06,1,7,24317,6,44,51,59,27,51.333,48.667,38.5,1026,0.0429,7.498,12.01,1.3333,1.1429,144,133.33,2456,2411.67,0.0586,989.67,1.439,0.5909,24.5,9.945,88.7,98.0,13.421,30,0
1-8-2024-02,1,8,24289,2,28,30,27,25,28.333,26.167,24.0,500,0.056,5.273,5.462,1.1806,1.1667,70,66.0,1240,1432.33,0.0565,595.33,0.9575,0.5714,14.67,9.945,88.7,98.0,13.421,28,0
1-8-2024-03,1,8,24290,3,19,28,30,25,25.667,26.5,23.5,481,0.0395,4.717,5.62,1.0922,0.8085,59,65.0,1148,1225.0,0.0514,505.33,0.9179,0.4737,14.67,9.945,88.7,98.0,13.421,31,0
1-8-2024-04,1,8,24291,4,24,19,28,18,23.667,26.833,23.417,481,0.0499,4.45,5.604,1.0107,1.0249,64,64.33,1171,1186.33,0.0547,487.33,0.9203,0.5833,15.0,9.945,88.7,98.0,13.421,30,0
1-8-2024-05,1,8,24292,5,25,24,19,28,22.667,25.5,24.0,489,0.0511,3.5,5.37,0.9444,1.0417,70,64.33,1175,1164.67,0.0596,483.67,0.9304,0.56,14.0,9.945,88.7,98.0,13.421,31,0
1-8-2024-06,1,8,24293,6,20,25,24,21,23.0,24.333,23.333,536,0.0373,3.944,5.328,0.9857,0.8571,65,66.33,1270,1205.33,0.0512,502.0,1.0115,0.55,13.17,9.945,88.7,98.0,13.421,30,0
1-8-2024-07,1,8,24294,7,27,20,25,14,24.0,23.833,23.833,485,0.0557,3.337,5.367,1.007,1.1329,68,67.67,1177,1207.33,0.0578,503.33,0.9092,0.5556,13.17,9.945,88.7,98.0,13.421,31,0
1-8-2024-08,1,8,24295,8,24,27,20,17,23.667,23.167,24.667,439,0.0547,2.794,4.478,0.9595,0.973,70,67.67,1103,1183.33,0.0635,486.67,0.8278,0.5,12.5,9.945,88.7,98.0,13.421,31,0
1-8-2024-09,1,8,24296,9,26,24,27,22,25.667,24.333,25.417,517,0.0503,2.211,3.84,1.0098,1.023,51,63.0,1214,1164.67,0.042,480.33,0.9685,0.5,13.17,9.945,88.7,98.0,13.421,30,0
1-8-2024-10,1,8,24297,10,21,26,24,33,23.667,23.833,25.333,491,0.0428,2.544,3.923,0.9342,0.8289,62,61.0,1190,1169.0,0.0521,482.33,0.9165,0.619,13.0,9.945,88.7,98.0,13.421,31,0
1-8-2024-11,1,8,24298,11,25,21,26,27,24.0,23.833,24.667,716,0.0349,2.544,3.171,0.973,1.0135,67,60.0,1701,1368.33,0.0394,574.67,1.3381,0.44,12.5,9.945,88.7,98.0,13.421,30,0
1-8-2024-12,1,8,24299,12,26,25,21,30,24.0,24.833,24.583,685,0.038,1.951,3.121,0.9763,1.0576,69,66.0,1744,1545.0,0.0396,630.67,1.2935,0.3077,12.0,9.945,88.7,98.0,13.421,31,0
1-8-2025-01,1,8,24300,1,20,26,25,28,23.667,23.667,23.75,517,0.0387,2.357,2.89,0.9965,0.8421,56,64.0,1290,1578.33,0.0434,639.33,0.979,0.6,11.5,9.945,88.7,98.0,13.421,31,0
1-8-2025-02,1,8,24301,2,24,20,26,19,23.333,23.667,23.417,501,0.0479,2.357,2.597,0.9964,1.0249,65,63.33,1210,1414.67,0.0537,567.67,0.9486,0.3333,10.83,9.945,88.7,98.0,13.421,28,0
1-8-2025-03,1,8,24302,3,19,24,20,24,21.0,22.5,23.417,474,0.0401,2.63,2.597,0.8968,0.8114,45,55.33,1077,1192.33,0.0418,497.33,0.8984,0.4737,10.17,9.945,88.7,98.0,13.421,31,0
1-8-2025-04,1,8,24303,4,25,19,24,25,22.667,23.167,23.5,473,0.0529,2.672,2.63,0.9645,1.0638,66,58.67,1168,1151.67,0.0565,482.67,0.8977,0.52,10.17,9.945,88.7,98.0,13.421,30,0
1-8-2025-05,1,8,24304,5,24,25,19,20,22.667,23.0,23.417,481,0.0499,2.582,2.597,0.968,1.0249,59,56.67,1168,1137.67,0.0505,476.0,0.914,0.75,11.33,9.945,88.7,98.0,13.421,31,0
1-8-2025-06,1,8,24305,6,25,24,25,27,24.667,22.833,23.833,493,0.0507,2.409,2.409,1.035,1.049,72,65.67,1190,1175.33,0.0605,482.33,0.9432,0.6,12.5,9.945,88.7,98.0,13.421,30,0
1-8-2025-07,1,8,24306,7,29,25,24,24,26.0,24.333,24.0,487,0.0595,2.925,2.677,1.0833,1.2083,76,69.0,1187,1181.67,0.064,487.0,0.9315,0.5862,13.33,9.945,88.7,98.0,13.421,31,0
1-8-2025-08,1,8,24307,8,25,29,25,26,26.333,24.5,24.083,514,0.0486,2.93,2.691,1.0934,1.0381,66,71.33,1190,1189.0,0.0555,498.0,0.9715,0.44,13.83,9.945,88.7,98.0,13.421,31,0
1-8-2025-09,1,8,24308,9,24,25,29,21,26.0,25.333,23.917,484,0.0496,1.7,2.629,1.0871,1.0035,70,70.67,1214,1197.0,0.0577,495.0,0.9196,0.5417,14.5,9.945,88.7,98.0,13.421,30,0
1-8-2025-10,1,8,24309,10,30,24,25,25,26.333,26.167,24.667,465,0.0645,2.409,2.953,1.0676,1.2162,69,68.33,1104,1169.33,0.0625,487.67,0.8871,0.6667,15.67,9.945,88.7,98.0,13.421,31,0
1-8-2025-11,1,8,24310,11,17,30,24,26,23.667,25.0,24.0,660,0.0258,4.203,3.629,0.9861,0.7083,59,66.0,1707,1341.67,0.0346,536.33,1.2705,0.4706,14.0,9.945,88.7,98.0,13.421,30,1
1-8-2025-12,1,8,24311,12,37,17,30,20,28.0,27.0,24.917,668,0.0554,6.137,5.107,1.1237,1.4849,74,67.33,1697,1502.67,0.0436,597.67,1.2894,0.4865,14.5,9.945,88.7,98.0,13.421,31,0
1-8-2026-01,1,8,24312,1,21,37,17,24,25.0,25.667,25.0,529,0.0397,6.42,5.033,1.0,0.84,53,62.0,1284,1562.67,0.0413,619.0,1.0191,0.4762,13.33,9.945,88.7,98.0,13.421,31,1
1-8-2026-02,1,8,24313,2,56,21,37,19,38.0,30.833,27.667,931,0.0602,12.954,9.911,1.3735,2.0241,128,85.0,2265,1748.67,0.0565,709.33,1.6777,0.4286,15.5,9.945,88.7,98.0,13.421,28,0
1-8-2026-03,1,8,24314,3,44,56,21,25,40.333,34.167,29.75,849,0.0518,13.334,10.481,1.3557,1.479,112,97.67,2094,1881.0,0.0535,769.67,1.4484,0.5227,17.17,9.945,88.7,98.0,13.421,31,1
1-8-2026-04,1,8,24315,4,57,44,56,24,52.333,38.667,32.417,996,0.0572,15.542,12.757,1.6144,1.7584,122,120.67,2455,2271.33,0.0497,925.33,1.5816,0.5789,19.33,9.945,88.7,98.0,13.421,30,0
1-8-2026-05,1,8,24316,5,57,57,44,25,52.667,45.333,35.167,947,0.0602,13.225,14.129,1.4976,1.6209,132,122.0,2324,2291.0,0.0568,930.67,1.4164,0.5789,23.5,9.945,88.7,98.0,13.421,31,0
1-8-2026-06,1,8,24317,6,52,57,57,29,55.333,47.833,37.417,1026,0.0507,12.825,14.477,1.4788,1.3898,126,126.67,2456,2411.67,0.0513,989.67,1.439,0.5385,25.17,9.945,88.7,98.0,13.421,30,0
10-1-2024-04,10,1,24291,4,6,6,3,0,5.0,4.667,4.167,24,0.25,1.7,1.908,1.2,1.44,170,161.33,1171,1186.33,0.1452,26.0,0.8944,1.0,3.0,2.051,80.5,35.4,0.242,30,0
10-1-2024-12,10,1,24299,12,4,6,5,3,5.0,3.5,3.583,32,0.125,1.607,1.656,1.3953,1.1163,175,154.67,1744,1545.0,0.1003,29.67,1.2308,0.5,2.17,2.051,80.5,35.4,0.242,31,0
10-1-2025-06,10,1,24305,6,5,7,5,2,5.667,3.833,3.667,29,0.1724,2.192,1.929,1.5455,1.3636,183,180.33,1190,1175.33,0.1538,32.67,1.0708,0.2,1.67,2.051,80.5,35.4,0.242,30,0
10-1-2025-07,10,1,24306,7,5,5,7,2,5.667,4.0,3.917,26,0.1923,2.236,1.891,1.4468,1.2766,149,177.0,1187,1181.67,0.1255,30.0,0.9659,0.8,1.83,2.051,80.5,35.4,0.242,31,0
10-1-2026-04,10,1,24315,4,9,4,4,7,5.667,4.833,4.167,39,0.2308,2.115,2.303,1.36,2.16,371,331.0,2455,2271.33,0.1511,44.0,1.2414,0.4444,2.83,2.051,80.5,35.4,0.242,30,0
10-1-2026-05,10,1,24316,5,4,9,4,5,5.667,4.667,3.917,47,0.0851,2.134,2.139,1.4468,1.0213,331,331.0,2324,2291.0,0.1424,46.67,1.4499,0.75,2.67,2.051,80.5,35.4,0.242,31,0
10-1-2026-06,10,1,24317,6,3,4,9,5,5.333,4.333,3.75,55,0.0545,2.211,2.126,1.4222,0.8,356,352.67,2456,2411.67,0.145,47.0,1.5904,1.0,2.67,2.051,80.5,35.4,0.242,30,0
10-2-2024-02,10,2,24289,2,10,11,14,14,11.667,12.5,11.667,28,0.3571,3.304,3.091,1.0,0.8571,492,690.0,1240,1432.33,0.3968,28.0,1.037,0.4,6.17,2.051,80.5,35.4,0.242,28,0
10-2-2024-03,10,2,24290,3,12,10,11,12,11.0,12.5,11.5,26,0.4615,3.304,3.014,0.9565,1.0435,425,477.67,1148,1225.0,0.3702,27.0,0.972,0.8333,6.67,2.051,80.5,35.4,0.242,31,0
10-2-2024-04,10,2,24291,4,10,12,10,10,10.667,12.667,11.333,24,0.4167,3.145,3.037,0.9412,0.8824,437,451.33,1171,1186.33,0.3732,26.0,0.8944,0.7,6.83,2.051,80.5,35.4,0.242,30,0
10-2-2024-05,10,2,24292,5,12,10,12,6,11.333,11.5,11.5,26,0.4615,1.384,3.014,0.9855,1.0435,421,427.67,1175,1164.67,0.3583,25.33,0.9781,0.3333,5.5,2.051,80.5,35.4,0.242,31,0
10-2-2024-06,10,2,24293,6,8,12,10,13,10.0,10.5,11.667,18,0.4444,1.384,2.749,0.8571,0.6857,495,451.0,1270,1205.33,0.3898,22.67,0.6901,0.625,5.67,2.051,80.5,35.4,0.242,30,0
10-2-2024-07,10,2,24294,7,13,8,12,10,11.0,10.833,11.667,28,0.4643,1.675,2.749,0.9429,1.1143,451,455.67,1177,1207.33,0.3832,24.0,1.0839,0.4615,6.0,2.051,80.5,35.4,0.242,31,0
10-2-2024-08,10,2,24295,8,7,13,8,12,9.333,10.333,11.417,25,0.28,2.211,3.013,0.8175,0.6131,424,456.67,1103,1183.33,0.3844,23.67,0.9494,0.4286,5.83,2.051,80.5,35.4,0.242,31,0
10-2-2024-09,10,2,24296,9,12,7,13,9,10.667,10.333,11.417,21,0.5714,2.211,3.013,0.9343,1.0511,472,449.0,1214,1164.67,0.3888,24.67,0.8129,0.4167,5.0,2.051,80.5,35.4,0.242,30,0
10-2-2024-10,10,2,24297,10,10,12,7,19,9.667,10.333,11.5,22,0.4545,2.211,2.958,0.8406,0.8696,445,447.0,1190,1169.0,0.3739,22.67,0.8462,0.3,4.33,2.051,80.5,35.4,0.242,31,1
10-2-2024-11,10,2,24298,11,19,10,12,14,13.667,11.5,11.5,35,0.5429,3.948,2.958,1.1884,1.6522,967,628.0,1701,1368.33,0.5685,26.0,1.3592,0.5263,5.33,2.051,80.5,35.4,0.242,30,0
10-2-2024-12,10,2,24299,12,15,19,10,11,14.667,12.667,11.583,32,0.4688,3.771,3.04,1.2662,1.295,992,801.33,1744,1545.0,0.5688,29.67,1.2308,0.7333,6.33,2.051,80.5,35.4,0.242,31,0
10-2-2025-01,10,2,24300,1,12,15,19,10,15.333,12.5,11.667,22,0.5455,3.775,3.037,1.3143,1.0286,553,837.33,1290,1578.33,0.4287,29.67,0.8599,0.5833,6.5,2.051,80.5,35.4,0.242,31,0
10-2-2025-02,10,2,24301,2,12,12,15,12,13.0,13.333,11.833,25,0.48,2.925,2.995,1.0986,1.0141,452,665.67,1210,1414.67,0.3736,26.33,0.9868,0.6667,7.33,2.051,80.5,35.4,0.242,28,0
10-2-2025-03,10,2,24302,3,8,12,12,10,10.667,12.667,11.5,17,0.4706,3.543,3.175,0.9275,0.6957,425,476.67,1077,1192.33,0.3946,21.33,0.6915,0.625,7.33,2.051,80.5,35.4,0.242,31,0
10-2-2025-04,10,2,24303,4,14,8,12,12,11.333,13.333,11.833,34,0.4118,3.35,3.21,0.9577,1.1831,407,428.0,1168,1151.67,0.3485,25.33,1.3377,0.5714,8.17,2.051,80.5,35.4,0.242,30,1
10-2-2025-05,10,2,24304,5,17,14,8,8,13.0,13.0,12.25,35,0.4857,2.828,3.515,1.0612,1.3878,426,419.33,1168,1137.67,0.3647,28.67,1.3376,0.2941,7.33,2.051,80.5,35.4,0.242,31,0
10-2-2025-06,10,2,24305,6,14,17,14,13,15.0,12.833,12.75,29,0.4828,2.734,3.295,1.1765,1.098,427,420.0,1190,1175.33,0.3588,32.67,1.0708,0.3571,6.33,2.051,80.5,35.4,0.242,30,0
10-2-2025-07,10,2,24306,7,10,14,17,7,13.667,12.5,12.5,26,0.3846,2.93,3.379,1.0933,0.8,450,434.33,1187,1181.67,0.3791,30.0,0.9659,0.4,5.83,2.051,80.5,35.4,0.242,31,0
10-2-2025-08,10,2,24307,8,10,10,14,12,11.333,12.167,12.75,23,0.4348,3.078,3.058,0.8889,0.7843,440,439.0,1190,1189.0,0.3697,26.0,0.8598,0.4,5.17,2.051,80.5,35.4,0.242,31,0
10-2-2025-09,10,2,24308,9,8,10,10,10,9.333,12.167,12.417,22,0.3636,3.078,3.328,0.7517,0.6443,434,441.33,1214,1197.0,0.3575,23.67,0.8199,0.625,5.17,2.051,80.5,35.4,0.242,30,0
10-2-2025-10,10,2,24309,10,4,8,10,19,7.333,10.5,11.917,18,0.2222,4.153,4.03,0.6154,0.3357,394,422.67,1104,1169.33,0.3569,21.0,0.6792,0.5,4.17,2.051,80.5,35.4,0.242,31,1
10-2-2025-11,10,2,24310,11,16,4,8,15,9.333,10.333,11.667,31,0.5161,3.902,3.659,0.8,1.3714,979,602.33,1707,1341.67,0.5735,23.67,1.1847,0.5,4.67,2.051,80.5,35.4,0.242,30,1
10-2-2025-12,10,2,24311,12,19,16,4,12,13.0,11.167,12.0,37,0.5135,4.981,4.103,1.0833,1.5833,1016,796.33,1697,1502.67,0.5987,28.67,1.3918,0.3684,5.0,2.051,80.5,35.4,0.242,31,0
10-2-2026-01,10,2,24312,1,8,19,16,12,14.333,10.833,11.667,24,0.3333,5.113,4.249,1.2286,0.6857,513,836.0,1284,1562.67,0.3995,30.67,0.8972,0.625,5.17,2.051,80.5,35.4,0.242,31,0
10-2-2026-02,10,2,24313,2,18,8,19,8,15.0,12.167,12.167,39,0.4615,5.728,4.598,1.2329,1.4795,860,796.33,2265,1748.67,0.3797,33.33,1.397,0.4444,5.83,2.051,80.5,35.4,0.242,28,0
10-2-2026-03,10,2,24314,3,19,18,8,14,15.0,14.0,13.083,54,0.3519,5.859,4.769,1.1465,1.4522,793,722.0,2094,1881.0,0.3787,39.0,1.7419,0.5263,6.67,2.051,80.5,35.4,0.242,31,0
10-2-2026-04,10,2,24315,4,14,19,18,17,17.0,15.667,13.083,39,0.359,3.859,4.769,1.2994,1.0701,904,852.33,2455,2271.33,0.3682,44.0,1.2414,0.5,7.5,2.051,80.5,35.4,0.242,30,0
10-2-2026-05,10,2,24316,5,20,14,19,14,17.667,16.333,13.333,47,0.4255,4.19,5.039,1.325,1.5,870,855.67,2324,2291.0,0.3744,46.67,1.4499,0.55,8.0,2.051,80.5,35.4,0.242,31,0
10-2-2026-06,10,2,24317,6,18,20,14,10,17.333,16.167,13.667,55,0.3273,4.099,5.201,1.2683,1.3171,953,909.0,2456,2411.67,0.388,47.0,1.5904,0.5556,8.5,2.051,80.5,35.4,0.242,30,0
10-4-2024-02,10,4,24289,2,5,6,4,5,5.0,3.167,4.25,28,0.1786,2.115,2.087,1.1765,1.1765,220,220.33,1240,1432.33,0.1774,28.0,1.037,0.8,1.5,2.051,80.5,35.4,0.242,28,0
10-4-2024-03,10,4,24290,3,4,5,6,7,5.0,3.833,4.167,26,0.1538,1.572,2.075,1.2,0.96,236,228.0,1148,1225.0,0.2056,27.0,0.972,0.5,1.83,2.051,80.5,35.4,0.242,31,0
10-4-2025-02,10,4,24301,2,6,5,5,4,5.333,4.167,4.083,25,0.24,1.572,1.32,1.3061,1.4694,229,223.0,1210,1414.67,0.1893,26.33,0.9868,0.5,2.67,2.051,80.5,35.4,0.242,28,0
10-4-2025-03,10,4,24302,3,4,6,5,3,5.0,4.167,4.083,17,0.2353,1.572,1.32,1.2245,0.9796,209,225.33,1077,1192.33,0.1941,21.33,0.6915,0.5,2.33,2.051,80.5,35.4,0.242,31,0
10-4-2026-02,10,4,24313,2,5,5,5,4,5.0,4.667,4.083,39,0.1282,0.943,1.115,1.2245,1.2245,390,268.0,2265,1748.67,0.1722,33.33,1.397,1.0,3.33,2.051,80.5,35.4,0.242,28,1
10-4-2026-03,10,4,24314,3,8,5,5,4,6.0,5.0,4.417,54,0.1481,1.528,1.552,1.3585,1.8113,375,331.33,2094,1881.0,0.1791,39.0,1.7419,0.25,2.67,2.051,80.5,35.4,0.242,31,0
10-4-2026-04,10,4,24315,4,8,8,5,5,7.0,5.667,4.75,39,0.2051,1.795,1.831,1.4737,1.6842,465,410.0,2455,2271.33,0.1894,44.0,1.2414,0.75,3.33,2.051,80.5,35.4,0.242,30,1
10-4-2026-05,10,4,24316,5,10,8,8,2,8.667,6.833,5.167,47,0.2128,1.951,2.339,1.6774,1.9355,431,423.67,2324,2291.0,0.1855,46.67,1.4499,0.4,3.83,2.051,80.5,35.4,0.242,31,0
10-4-2026-06,10,4,24317,6,9,10,8,3,9.0,7.5,5.75,55,0.1636,1.893,2.35,1.5652,1.5652,434,443.33,2456,2411.67,0.1767,47.0,1.5904,0.7778,4.67,2.051,80.5,35.4,0.242,30,0
10-5-2026-06,10,5,24317,6,9,4,2,1,5.0,4.333,3.333,55,0.1636,2.809,2.392,1.5,2.7,179,178.0,2456,2411.67,0.0729,47.0,1.5904,0.6667,2.83,2.051,80.5,35.4,0.242,30,0
11-1-2026-02,11,1,24313,2,5,6,6,4,5.667,4.333,3.583,42,0.119,1.795,1.801,1.5814,1.3953,331,213.33,2265,1748.67,0.1461,34.33,1.4483,0.8,2.33,3.134,75.1,22.3,0.296,28,1
11-1-2026-03,11,1,24314,3,8,5,6,1,6.333,4.833,3.917,42,0.1905,2.267,2.178,1.617,2.0426,291,258.0,2094,1881.0,0.139,37.0,1.3846,0.5,2.5,3.134,75.1,22.3,0.296,31,1
11-1-2026-04,11,1,24315,4,10,8,5,3,7.667,6.0,4.667,48,0.2083,2.769,2.56,1.6429,2.1429,371,331.0,2455,2271.33,0.1511,44.0,1.4769,0.6,3.0,3.134,75.1,22.3,0.296,30,0
11-1-2026-05,11,1,24316,5,5,10,8,3,7.667,6.667,4.833,36,0.1389,1.795,2.511,1.5862,1.0345,331,331.0,2324,2291.0,0.1424,42.0,1.08,0.6,3.33,3.134,75.1,22.3,0.296,31,0
11-1-2026-06,11,1,24317,6,6,5,10,1,7.0,6.667,5.083,46,0.1304,1.795,2.465,1.377,1.1803,356,352.67,2456,2411.67,0.145,43.33,1.3112,0.6667,4.0,3.134,75.1,22.3,0.296,30,0
11-2-2024-02,11,2,24289,2,5,12,18,7,11.667,11.333,9.5,18,0.2778,4.069,4.031,1.2281,0.5263,492,690.0,1240,1432.33,0.3968,26.0,0.7059,0.2,5.83,3.134,75.1,22.3,0.296,28,0
11-2-2024-03,11,2,24290,3,7,5,12,9,8.0,11.0,9.5,24,0.2917,4.32,4.031,0.8421,0.7368,425,477.67,1148,1225.0,0.3702,21.33,0.9351,0.5714,5.5,3.134,75.1,22.3,0.296,31,0
11-2-2024-04,11,2,24291,4,10,7,5,7,7.333,11.0,9.583,20,0.5,4.32,4.03,0.7652,1.0435,437,451.33,1171,1186.33,0.3732,20.67,0.7973,0.4,5.33,3.134,75.1,22.3,0.296,30,0
11-2-2024-05,11,2,24292,5,6,10,7,12,7.667,9.667,9.5,22,0.2727,4.422,4.093,0.807,0.6316,421,427.67,1175,1164.67,0.3583,22.0,0.8627,0.6667,4.83,3.134,75.1,22.3,0.296,31,0
11-2-2024-06,11,2,24293,6,5,6,10,2,7.0,7.5,8.917,22,0.2273,2.63,4.192,0.785,0.5607,495,451.0,1270,1205.33,0.3898,21.33,0.9041,0.6,3.67,3.134,75.1,22.3,0.296,30,0
11-2-2024-07,11,2,24294,7,7,5,6,9,6.0,6.667,9.333,26,0.2692,1.7,3.704,0.6429,0.75,451,455.67,1177,1207.33,0.3832,23.33,1.0263,0.4286,3.17,3.134,75.1,22.3,0.296,31,0
11-2-2024-08,11,2,24295,8,6,7,5,9,6.0,6.833,9.083,24,0.25,1.572,3.818,0.6606,0.6606,424,456.67,1103,1183.33,0.3844,24.0,0.9412,0.8333,3.83,3.134,75.1,22.3,0.296,31,1
11-2-2024-09,11,2,24296,9,9,6,7,10,7.333,7.167,9.083,23,0.3913,1.772,3.818,0.8073,0.9908,472,449.0,1214,1164.67,0.3888,24.33,0.9109,0.6667,4.17,3.134,75.1,22.3,0.296,30,1
11-2-2024-10,11,2,24297,10,12,9,6,14,9.0,7.5,9.25,26,0.4615,2.363,3.897,0.973,1.2973,445,447.0,1190,1169.0,0.3739,24.33,1.0365,0.5,4.5,3.134,75.1,22.3,0.296,31,1
11-2-2024-11,11,2,24298,11,17,12,9,18,12.667,9.333,9.5,32,0.5312,4.11,4.272,1.3333,1.7895,967,628.0,1701,1368.33,0.5685,27.0,1.2929,0.5882,5.5,3.134,75.1,22.3,0.296,30,1
11-2-2024-12,11,2,24299,12,28,17,12,12,19.0,13.167,10.333,42,0.6667,7.559,6.329,1.8387,2.7097,992,801.33,1744,1545.0,0.5688,33.33,1.6744,0.5714,7.67,3.134,75.1,22.3,0.296,31,0
11-2-2025-01,11,2,24300,1,11,28,17,5,18.667,13.833,10.25,35,0.3143,7.151,6.313,1.8211,1.0732,553,837.33,1290,1578.33,0.4287,36.33,1.3376,0.5455,8.17,3.134,75.1,22.3,0.296,31,0
11-2-2025-02,11,2,24301,2,10,11,28,7,16.333,14.5,10.667,28,0.3571,6.551,6.115,1.5312,0.9375,452,665.67,1210,1414.67,0.3736,35.0,1.037,0.5,8.17,3.134,75.1,22.3,0.296,28,0
11-2-2025-03,11,2,24302,3,6,10,11,10,9.0,14.0,10.583,26,0.2308,7.047,6.171,0.8504,0.5669,425,476.67,1077,1192.33,0.3946,29.67,0.9571,0.5,7.67,3.134,75.1,22.3,0.296,31,0
11-2-2025-04,11,2,24303,4,7,6,10,6,7.667,13.167,10.333,22,0.3182,7.515,6.249,0.7419,0.6774,407,428.0,1168,1151.67,0.3485,25.33,0.8049,0.4286,7.17,3.134,75.1,22.3,0.296,30,1
11-2-2025-05,11,2,24304,5,13,7,6,5,8.667,12.5,10.917,26,0.5,7.32,6.144,0.7939,1.1908,426,419.33,1168,1137.67,0.3647,24.67,0.9398,0.6923,7.0,3.134,75.1,22.3,0.296,31,1
11-2-2025-06,11,2,24305,6,13,13,7,7,11.0,10.0,11.583,25,0.52,2.708,5.894,0.9496,1.1223,427,420.0,1190,1175.33,0.3588,24.33,0.8955,0.6154,5.67,3.134,75.1,22.3,0.296,30,0
11-2-2025-07,11,2,24306,7,12,13,13,6,12.667,10.167,12.0,34,0.3529,2.794,5.73,1.0556,1.0,450,434.33,1187,1181.67,0.3791,28.33,1.1895,0.9167,6.5,3.134,75.1,22.3,0.296,31,0
11-2-2025-08,11,2,24307,8,10,12,13,9,11.667,10.167,12.333,22,0.4545,2.794,5.482,0.9459,0.8108,440,439.0,1190,1189.0,0.3697,27.0,0.7742,0.2,6.0,3.134,75.1,22.3,0.296,31,0
11-2-2025-09,11,2,24308,9,11,10,12,12,11.0,11.0,12.5,23,0.4783,2.082,5.408,0.88,0.88,434,441.33,1214,1197.0,0.3575,26.33,0.8094,0.7273,6.83,3.134,75.1,22.3,0.296,30,0
11-2-2025-10,11,2,24309,10,8,11,10,17,9.667,11.167,12.167,25,0.32,1.772,5.55,0.7945,0.6575,394,422.67,1104,1169.33,0.3569,23.33,0.8824,0.5,7.0,3.134,75.1,22.3,0.296,31,1
11-2-2025-11,11,2,24310,11,24,8,11,28,14.333,13.0,12.75,42,0.5714,5.164,6.339,1.1242,1.8824,979,602.33,1707,1341.67,0.5735,30.0,1.44,0.5,7.5,3.134,75.1,22.3,0.296,30,0
11-2-2025-12,11,2,24311,12,17,24,8,11,16.333,13.667,11.833,34,0.5,5.375,4.634,1.3803,1.4366,1016,796.33,1697,1502.67,0.5987,33.67,1.193,0.5294,7.67,3.134,75.1,22.3,0.296,31,0
11-2-2026-01,11,2,24312,1,14,17,24,10,18.333,14.0,12.083,27,0.5185,5.323,4.663,1.5172,1.1586,513,836.0,1284,1562.67,0.3995,34.33,0.9701,0.5,7.0,3.134,75.1,22.3,0.296,31,0
11-2-2026-02,11,2,24313,2,12,14,17,6,14.333,14.333,12.25,42,0.2857,5.121,4.621,1.1701,0.9796,860,796.33,2265,1748.67,0.3797,34.33,1.4483,0.75,8.17,3.134,75.1,22.3,0.296,28,0
11-2-2026-03,11,2,24314,3,17,12,14,7,14.333,15.333,13.167,42,0.4048,4.955,4.375,1.0886,1.2911,793,722.0,2094,1881.0,0.3787,37.0,1.3846,0.5882,8.5,3.134,75.1,22.3,0.296,31,0
11-2-2026-04,11,2,24315,4,14,17,12,13,14.333,16.333,13.75,48,0.2917,3.859,3.961,1.0424,1.0182,904,852.33,2455,2271.33,0.3682,44.0,1.4769,0.5714,9.17,3.134,75.1,22.3,0.296,30,0
11-2-2026-05,11,2,24316,5,14,14,17,13,15.0,14.667,13.833,36,0.3889,1.795,3.955,1.0843,1.012,870,855.67,2324,2291.0,0.3744,42.0,1.08,0.6429,8.67,3.134,75.1,22.3,0.296,31,0
11-2-2026-06,11,2,24317,6,21,14,14,12,16.333,15.333,14.5,46,0.4565,2.925,4.406,1.1264,1.4483,953,909.0,2456,2411.67,0.388,43.33,1.3112,0.6667,9.5,3.134,75.1,22.3,0.296,30,0
11-4-2024-07,11,4,24294,7,8,5,5,3,6.0,5.167,5.5,26,0.3077,1.772,2.723,1.0909,1.4545,214,224.0,1177,1207.33,0.1818,23.33,1.0263,0.375,2.17,3.134,75.1,22.3,0.296,31,0
11-4-2024-08,11,4,24295,8,4,8,5,5,5.667,5.0,5.583,24,0.1667,1.826,2.66,1.0149,0.7164,189,215.67,1103,1183.33,0.1714,24.0,0.9412,0.0,2.0,3.134,75.1,22.3,0.296,31,0
11-4-2024-09,11,4,24296,9,5,4,8,9,5.667,4.833,5.583,23,0.2174,1.772,2.66,1.0149,0.8955,224,209.0,1214,1164.67,0.1845,24.33,0.9109,0.8,2.0,3.134,75.1,22.3,0.296,30,0
11-4-2024-10,11,4,24297,10,6,5,4,11,5.0,5.5,5.333,26,0.2308,1.258,2.461,0.9375,1.125,229,214.0,1190,1169.0,0.1924,24.33,1.0365,0.6667,2.5,3.134,75.1,22.3,0.296,31,1
11-4-2024-11,11,4,24298,11,8,6,5,6,6.333,6.0,5.083,32,0.25,1.528,1.977,1.2459,1.5738,215,222.67,1701,1368.33,0.1264,27.0,1.2929,0.75,3.17,3.134,75.1,22.3,0.296,30,0
11-4-2024-12,11,4,24299,12,2,8,6,1,5.333,5.5,4.75,42,0.0476,2.141,2.126,1.1228,0.4211,202,215.33,1744,1545.0,0.1158,33.33,1.6744,0.5,3.0,3.134,75.1,22.3,0.296,31,1
11-4-2025-01,11,4,24300,1,9,2,8,5,6.333,5.667,5.417,35,0.2571,2.357,2.1,1.1692,1.6615,238,218.33,1290,1578.33,0.1845,36.33,1.3376,0.4444,3.17,3.134,75.1,22.3,0.296,31,0
11-4-2025-02,11,4,24301,2,4,9,2,6,5.0,5.667,5.333,28,0.1429,2.357,2.134,0.9375,0.75,229,223.0,1210,1414.67,0.1893,35.0,1.037,0.75,3.67,3.134,75.1,22.3,0.296,28,0
11-4-2025-03,11,4,24302,3,6,4,9,2,6.333,5.833,5.333,26,0.2308,2.339,2.134,1.1875,1.125,209,225.33,1077,1192.33,0.1941,29.67,0.9571,0.6667,3.67,3.134,75.1,22.3,0.296,31,0
11-4-2025-12,11,4,24311,12,3,3,9,9,5.0,4.333,4.667,34,0.0882,2.427,2.248,1.0714,0.6429,185,203.33,1697,1502.67,0.109,33.67,1.193,0.6667,3.0,3.134,75.1,22.3,0.296,31,0
11-4-2026-03,11,4,24314,3,4,9,2,4,5.0,5.0,4.333,42,0.0952,2.887,2.321,1.1538,0.9231,375,331.33,2094,1881.0,0.1791,37.0,1.3846,0.75,3.17,3.134,75.1,22.3,0.296,31,1
11-4-2026-04,11,4,24315,4,10,4,9,4,7.667,5.167,4.833,48,0.2083,3.131,2.794,1.5862,2.069,465,410.0,2455,2271.33,0.1894,44.0,1.4769,0.5,3.17,3.134,75.1,22.3,0.296,30,0
11-4-2026-05,11,4,24316,5,9,10,4,3,7.667,6.167,5.25,36,0.25,3.236,3.003,1.4603,1.7143,431,423.67,2324,2291.0,0.1855,42.0,1.08,0.5556,3.67,3.134,75.1,22.3,0.296,31,0
11-4-2026-06,11,4,24317,6,8,9,10,6,9.0,7.0,5.667,46,0.1739,2.944,3.009,1.5882,1.4118,434,443.33,2456,2411.67,0.1767,43.33,1.3112,0.625,4.17,3.134,75.1,22.3,0.296,30,0
12-1-2026-04,12,1,24315,4,3,5,7,2,5.0,3.333,2.833,42,0.0714,2.357,1.863,1.7647,1.0588,371,331.0,2455,2271.33,0.1511,43.67,1.4566,0.3333,1.83,2.276,75.7,32.3,0.384,30,0
12-2-2024-02,12,2,24289,2,15,3,26,4,14.667,12.0,9.0,31,0.4839,8.641,6.904,1.6296,1.6667,492,690.0,1240,1432.33,0.3968,32.0,1.2653,0.5333,5.67,2.276,75.7,32.3,0.384,28,0
12-2-2024-03,12,2,24290,3,4,15,3,6,7.333,11.833,9.0,15,0.2667,8.783,6.904,0.8148,0.4444,425,477.67,1148,1225.0,0.3702,23.0,0.6207,0.5,5.67,2.276,75.7,32.3,0.384,31,0
12-2-2024-04,12,2,24291,4,9,4,15,6,9.333,12.667,9.25,23,0.3913,8.219,6.845,1.009,0.973,437,451.33,1171,1186.33,0.3732,23.0,0.9583,0.6667,6.33,2.276,75.7,32.3,0.384,30,0
12-2-2024-05,12,2,24292,5,6,9,4,8,6.333,10.5,9.25,19,0.3158,7.974,6.845,0.6847,0.6486,421,427.67,1175,1164.67,0.3583,19.0,0.8,0.5,5.33,2.276,75.7,32.3,0.384,31,1
12-2-2024-06,12,2,24293,6,11,6,9,4,8.667,8.0,9.5,28,0.3929,4.163,6.85,0.9123,1.1579,495,451.0,1270,1205.33,0.3898,23.33,1.1546,0.9091,4.83,2.276,75.7,32.3,0.384,30,0
12-2-2024-07,12,2,24294,7,9,11,6,8,8.667,9.0,9.917,25,0.36,3.512,6.652,0.8739,0.9076,451,455.67,1177,1207.33,0.3832,24.0,0.9901,0.4444,5.5,2.276,75.7,32.3,0.384,31,0
12-2-2024-08,12,2,24295,8,11,9,11,5,10.333,8.333,10.167,24,0.4583,2.56,6.631,1.0164,1.082,424,456.67,1103,1183.33,0.3844,25.67,0.9412,0.5455,5.17,2.276,75.7,32.3,0.384,31,0
12-2-2024-09,12,2,24296,9,7,11,9,4,9.0,8.833,10.333,20,0.35,1.863,6.523,0.871,0.6774,472,449.0,1214,1164.67,0.3888,23.0,0.8,0.2857,5.17,2.276,75.7,32.3,0.384,30,0
12-2-2024-10,12,2,24297,10,8,7,11,19,8.667,8.667,10.667,23,0.3478,1.886,6.289,0.8125,0.75,445,447.0,1190,1169.0,0.3739,22.33,0.9169,0.75,5.17,2.276,75.7,32.3,0.384,31,1
12-2-2024-11,12,2,24298,11,25,8,7,26,13.333,11.833,11.167,38,0.6579,6.067,7.116,1.194,2.2388,967,628.0,1701,1368.33,0.5685,27.0,1.4662,0.48,6.67,2.276,75.7,32.3,0.384,30,0
12-2-2024-12,12,2,24299,12,16,25,8,3,16.333,12.667,10.333,30,0.5333,6.236,5.793,1.5806,1.5484,992,801.33,1744,1545.0,0.5688,30.33,1.204,0.5625,6.5,2.276,75.7,32.3,0.384,31,0
12-2-2025-01,12,2,24300,1,9,16,25,15,16.667,12.667,10.833,19,0.4737,6.236,5.383,1.5385,0.8308,553,837.33,1290,1578.33,0.4287,29.0,0.7729,1.0,7.33,2.276,75.7,32.3,0.384,31,0
12-2-2025-02,12,2,24301,2,8,9,16,4,11.0,12.167,10.25,24,0.3333,6.466,5.278,1.0732,0.7805,452,665.67,1210,1414.67,0.3736,24.33,1.0,0.25,6.67,2.276,75.7,32.3,0.384,28,0
12-2-2025-03,12,2,24302,3,7,8,9,9,8.0,12.167,10.5,22,0.3182,6.466,5.041,0.7619,0.6667,425,476.67,1077,1192.33,0.3946,21.67,0.8949,0.7143,7.17,2.276,75.7,32.3,0.384,31,0
12-2-2025-04,12,2,24303,4,7,7,8,6,7.333,12.0,10.333,19,0.3684,6.583,5.121,0.7097,0.6774,407,428.0,1168,1151.67,0.3485,21.67,0.7835,0.7143,7.0,2.276,75.7,32.3,0.384,30,0
12-2-2025-05,12,2,24304,5,6,7,7,11,6.667,8.833,10.333,15,0.4,3.337,5.121,0.6452,0.5806,426,419.33,1168,1137.67,0.3647,18.67,0.6272,0.3333,5.33,2.276,75.7,32.3,0.384,31,1
12-2-2025-06,12,2,24305,6,11,6,7,9,8.0,8.0,10.333,20,0.55,1.633,5.121,0.7742,1.0645,427,420.0,1190,1175.33,0.3588,18.0,0.8602,0.5455,4.83,2.276,75.7,32.3,0.384,30,0
12-2-2025-07,12,2,24306,7,5,11,6,11,7.333,7.333,10.0,24,0.2083,1.886,5.323,0.7333,0.5,450,434.33,1187,1181.67,0.3791,19.67,1.036,0.6,3.83,2.276,75.7,32.3,0.384,31,0
12-2-2025-08,12,2,24307,8,7,5,11,7,7.667,7.167,9.667,22,0.3182,1.863,5.375,0.7931,0.7241,440,439.0,1190,1189.0,0.3697,22.0,0.9565,0.4286,4.0,2.276,75.7,32.3,0.384,31,1
12-2-2025-09,12,2,24308,9,11,7,5,8,7.667,7.833,10.0,23,0.4783,2.339,5.323,0.7667,1.1,434,441.33,1214,1197.0,0.3575,23.0,0.9892,0.1818,3.5,2.276,75.7,32.3,0.384,30,1
12-2-2025-10,12,2,24309,10,13,11,7,25,10.333,8.833,10.417,23,0.5652,2.967,5.346,0.992,1.248,394,422.67,1104,1169.33,0.3569,22.67,0.9892,0.6923,4.17,2.276,75.7,32.3,0.384,31,1
12-2-2025-11,12,2,24310,11,24,13,11,16,16.0,11.833,10.333,33,0.7273,6.067,5.121,1.5484,2.3226,979,602.33,1707,1341.67,0.5735,26.33,1.4453,0.5833,6.17,2.276,75.7,32.3,0.384,30,0
12-2-2025-12,12,2,24311,12,15,24,13,9,17.333,12.5,10.25,29,0.5172,6.158,5.035,1.6911,1.4634,1016,796.33,1697,1502.67,0.5987,28.33,1.2747,0.5333,6.5,2.276,75.7,32.3,0.384,31,0
12-2-2026-01,12,2,24312,1,16,15,24,8,18.333,14.333,10.833,26,0.6154,5.217,5.257,1.6923,1.4769,513,836.0,1284,1562.67,0.3995,29.33,1.1143,0.5625,7.5,2.276,75.7,32.3,0.384,31,0
12-2-2026-02,12,2,24313,2,15,16,15,7,15.333,15.667,11.417,46,0.3261,4.069,5.299,1.3431,1.3139,860,796.33,2265,1748.67,0.3797,33.67,1.8278,0.4667,8.17,2.276,75.7,32.3,0.384,28,0
12-2-2026-03,12,2,24314,3,15,15,16,7,15.333,16.333,12.083,43,0.3488,3.543,5.203,1.269,1.2414,793,722.0,2094,1881.0,0.3787,38.33,1.5975,0.5333,9.17,2.276,75.7,32.3,0.384,31,0
12-2-2026-04,12,2,24315,4,19,15,15,6,16.333,17.333,13.083,42,0.4524,3.3,5.283,1.2484,1.4522,904,852.33,2455,2271.33,0.3682,43.67,1.4566,0.3684,8.83,2.276,75.7,32.3,0.384,30,0
12-2-2026-05,12,2,24316,5,13,19,15,11,15.667,15.5,13.667,44,0.2955,1.803,4.836,1.1463,0.9512,870,855.67,2324,2291.0,0.3744,43.0,1.408,0.3846,7.33,2.276,75.7,32.3,0.384,31,0
12-2-2026-06,12,2,24317,6,15,13,19,5,15.667,15.5,14.0,30,0.5,1.803,4.778,1.119,1.0714,953,909.0,2456,2411.67,0.388,38.67,0.9351,0.5333,7.33,2.276,75.7,32.3,0.384,30,0
12-4-2024-02,12,4,24289,2,6,5,6,6,5.667,4.667,4.333,31,0.1935,1.106,1.65,1.3077,1.3846,220,220.33,1240,1432.33,0.1774,32.0,1.2653,0.5,3.17,2.276,75.7,32.3,0.384,28,0
12-4-2024-08,12,4,24295,8,5,4,9,4,6.0,4.167,4.417,24,0.2083,2.544,1.977,1.3585,1.1321,189,215.67,1103,1183.33,0.1714,25.67,0.9412,0.4,2.5,2.276,75.7,32.3,0.384,31,0
12-4-2024-09,12,4,24296,9,6,5,4,4,5.0,4.833,4.583,20,0.3,2.409,2.019,1.0909,1.3091,224,209.0,1214,1164.67,0.1845,23.0,0.8,0.3333,2.5,2.276,75.7,32.3,0.384,30,0
12-4-2025-08,12,4,24307,8,9,6,1,6,5.333,4.167,3.75,22,0.4091,2.794,2.241,1.4222,2.4,214,207.33,1190,1189.0,0.1798,22.0,0.9565,0.5556,2.0,2.276,75.7,32.3,0.384,31,0
12-4-2025-09,12,4,24308,9,4,9,6,2,6.333,4.0,3.583,23,0.1739,2.769,2.139,1.7674,1.1163,237,221.67,1214,1197.0,0.1952,23.0,0.9892,0.75,2.0,2.276,75.7,32.3,0.384,30,0
12-4-2025-10,12,4,24309,10,2,4,9,3,5.0,4.0,3.583,23,0.087,2.769,2.139,1.3953,0.5581,215,222.0,1104,1169.33,0.1947,22.67,0.9892,1.0,2.0,2.276,75.7,32.3,0.384,31,0
12-4-2026-01,12,4,24312,1,6,3,7,3,5.333,5.167,4.167,26,0.2308,2.409,2.339,1.28,1.44,229,208.0,1284,1562.67,0.1783,29.33,1.1143,0.5,2.83,2.276,75.7,32.3,0.384,31,1
12-4-2026-02,12,4,24313,2,10,6,3,5,6.333,5.333,4.75,46,0.2174,2.687,2.803,1.3333,2.1053,390,268.0,2265,1748.67,0.1722,33.67,1.8278,0.3,2.5,2.276,75.7,32.3,0.384,28,1
12-4-2026-03,12,4,24314,3,9,10,6,2,8.333,6.167,5.083,43,0.2093,2.911,3.04,1.6393,1.7705,375,331.33,2094,1881.0,0.1791,38.33,1.5975,0.5556,2.83,2.276,75.7,32.3,0.384,31,1
12-4-2026-04,12,4,24315,4,13,9,10,2,10.667,8.0,6.0,42,0.3095,3.162,3.582,1.7778,2.1667,465,410.0,2455,2271.33,0.1894,43.67,1.4566,0.6154,3.83,2.276,75.7,32.3,0.384,30,0
12-4-2026-05,12,4,24316,5,8,13,9,1,10.0,8.167,6.5,44,0.1818,3.131,3.403,1.5385,1.2308,431,423.67,2324,2291.0,0.1855,43.0,1.408,0.125,3.67,2.276,75.7,32.3,0.384,31,0
12-4-2026-06,12,4,24317,6,3,8,13,6,8.0,8.167,6.667,30,0.1,3.131,3.171,1.2,0.45,434,443.33,2456,2411.67,0.1767,38.67,0.9351,1.0,3.83,2.276,75.7,32.3,0.384,30,0
13-1-2026-06,13,1,24317,6,8,4,4,2,5.333,4.167,3.5,36,0.2222,2.339,2.432,1.5238,2.2857,356,352.67,2456,2411.67,0.145,40.33,1.245,0.5,2.0,1.378,86.2,28.5,0.355,30,0
13-2-2024-02,13,2,24289,2,8,15,14,9,12.333,10.833,9.5,19,0.4211,2.967,2.901,1.2982,0.8421,492,690.0,1240,1432.33,0.3968,22.67,0.9157,0.75,6.83,1.378,86.2,28.5,0.355,28,0
13-2-2024-03,13,2,24290,3,10,8,15,8,11.0,11.167,9.583,22,0.4545,2.734,2.9,1.1478,1.0435,425,477.67,1148,1225.0,0.3702,21.67,1.0394,0.6,7.0,1.378,86.2,28.5,0.355,31,0
13-2-2024-04,13,2,24291,4,3,10,8,4,7.0,10.333,9.167,13,0.2308,4.028,3.412,0.7636,0.3273,437,451.33,1171,1186.33,0.3732,18.0,0.6393,0.3333,6.5,1.378,86.2,28.5,0.355,30,1
13-2-2024-05,13,2,24292,5,11,3,10,9,8.0,10.167,9.75,22,0.5,3.976,3.058,0.8205,1.1282,421,427.67,1175,1164.67,0.3583,19.0,1.0435,0.5455,6.33,1.378,86.2,28.5,0.355,31,0
13-2-2024-06,13,2,24293,6,7,11,3,8,7.0,9.0,9.583,22,0.3182,3.697,3.148,0.7304,0.7304,495,451.0,1270,1205.33,0.3898,19.0,1.0602,0.2857,5.33,1.378,86.2,28.5,0.355,30,1
13-2-2024-07,13,2,24294,7,11,7,11,11,9.667,8.333,9.833,15,0.7333,2.809,3.131,0.9831,1.1186,451,455.67,1177,1207.33,0.3832,19.67,0.7229,0.6364,4.67,1.378,86.2,28.5,0.355,31,0
13-2-2024-08,13,2,24295,8,6,11,7,8,8.0,8.0,9.417,11,0.5455,2.944,3.278,0.8496,0.6372,424,456.67,1103,1183.33,0.3844,16.0,0.569,0.6667,4.33,1.378,86.2,28.5,0.355,31,0
13-2-2024-09,13,2,24296,9,8,6,11,8,8.333,7.667,9.417,17,0.4706,2.809,3.278,0.885,0.8496,472,449.0,1214,1164.67,0.3888,14.33,0.8987,0.75,4.33,1.378,86.2,28.5,0.355,30,0
13-2-2024-10,13,2,24297,10,10,8,6,12,8.0,8.833,9.583,27,0.3704,1.951,3.252,0.8348,1.0435,445,447.0,1190,1169.0,0.3739,18.33,1.3671,0.7,5.33,1.378,86.2,28.5,0.355,31,0
13-2-2024-11,13,2,24298,11,11,10,8,14,9.667,8.833,9.5,23,0.4783,1.951,3.202,1.0175,1.1579,967,628.0,1701,1368.33,0.5685,22.33,1.15,0.6364,5.5,1.378,86.2,28.5,0.355,30,1
13-2-2024-12,13,2,24299,12,17,11,10,15,12.667,10.5,9.75,27,0.6296,3.403,3.631,1.2991,1.7436,992,801.33,1744,1545.0,0.5688,25.67,1.3388,0.4706,6.5,1.378,86.2,28.5,0.355,31,0
13-2-2025-01,13,2,24300,1,5,17,11,8,11.0,9.5,8.917,24,0.2083,3.948,3.475,1.2336,0.5607,553,837.33,1290,1578.33,0.4287,24.67,1.1901,0.4,5.67,1.378,86.2,28.5,0.355,31,0
13-2-2025-02,13,2,24301,2,4,5,17,10,8.667,9.167,8.583,16,0.25,4.298,3.73,1.0097,0.466,452,665.67,1210,1414.67,0.3736,22.33,0.8033,0.75,5.5,1.378,86.2,28.5,0.355,28,0
13-2-2025-04,13,2,24303,4,11,4,4,11,6.333,8.667,8.75,18,0.6111,4.784,3.654,0.7238,1.2571,407,428.0,1168,1151.67,0.3485,15.33,0.9231,0.5455,4.5,1.378,86.2,28.5,0.355,30,1
13-2-2025-05,13,2,24304,5,9,11,4,7,8.0,8.333,8.583,12,0.75,4.679,3.593,0.932,1.0485,426,419.33,1168,1137.67,0.3647,14.0,0.6429,0.3333,3.83,1.378,86.2,28.5,0.355,31,0
13-2-2025-06,13,2,24305,6,4,9,11,11,8.0,6.167,8.333,18,0.2222,2.794,3.793,0.96,0.48,427,420.0,1190,1175.33,0.3588,16.0,0.9818,0.5,2.83,1.378,86.2,28.5,0.355,30,0
13-2-2025-07,13,2,24306,7,9,4,9,6,7.333,6.833,8.167,20,0.45,2.911,3.716,0.898,1.102,450,434.33,1187,1181.67,0.3791,16.67,1.0667,0.7778,3.67,1.378,86.2,28.5,0.355,31,0
13-2-2025-08,13,2,24307,8,9,9,4,8,7.333,7.667,8.417,19,0.4737,2.687,3.662,0.8713,1.0693,440,439.0,1190,1189.0,0.3697,19.0,0.9785,0.8889,4.5,1.378,86.2,28.5,0.355,31,1
13-2-2025-09,13,2,24308,9,13,9,9,10,10.333,9.167,8.833,26,0.5,2.734,3.869,1.1698,1.4717,434,441.33,1214,1197.0,0.3575,21.67,1.2893,0.5385,5.5,1.378,86.2,28.5,0.355,30,0
13-2-2025-10,13,2,24309,10,5,13,9,11,9.0,8.167,8.417,14,0.3571,2.967,3.989,1.0693,0.5941,394,422.67,1104,1169.33,0.3569,19.67,0.7336,0.4,4.83,1.378,86.2,28.5,0.355,31,1
13-2-2025-11,13,2,24310,11,20,5,13,17,12.667,10.0,9.167,38,0.5263,5.354,5.096,1.3818,2.1818,979,602.33,1707,1341.67,0.5735,26.0,1.8689,0.7,6.67,1.378,86.2,28.5,0.355,30,0
13-2-2025-12,13,2,24311,12,14,20,5,5,13.0,11.667,8.917,21,0.6667,4.749,4.769,1.4579,1.5701,1016,796.33,1697,1502.67,0.5987,24.33,1.0588,0.3571,7.17,1.378,86.2,28.5,0.355,31,0
13-2-2026-01,13,2,24312,1,5,14,20,4,13.0,11.0,8.917,14,0.3571,5.323,4.769,1.4579,0.5607,513,836.0,1284,1562.67,0.3995,24.33,0.7368,0.8,6.67,1.378,86.2,28.5,0.355,31,1
13-2-2026-02,13,2,24313,2,20,5,14,4,13.0,12.833,10.25,42,0.4762,6.149,5.403,1.2683,1.9512,860,796.33,2265,1748.67,0.3797,25.67,1.9843,0.55,7.17,1.378,86.2,28.5,0.355,28,1
13-2-2026-03,13,2,24314,3,20,20,5,11,15.0,14.0,11.583,32,0.625,6.708,5.664,1.295,1.7266,793,722.0,2094,1881.0,0.3787,29.33,1.4015,0.6,8.0,1.378,86.2,28.5,0.355,31,0
13-2-2026-04,13,2,24315,4,20,20,20,9,20.0,16.5,12.333,42,0.4762,5.59,6.115,1.6216,1.6216,904,852.33,2455,2271.33,0.3682,38.67,1.6913,0.6,9.67,1.378,86.2,28.5,0.355,30,0
13-2-2026-05,13,2,24316,5,15,20,20,4,18.333,15.667,12.833,43,0.3488,5.375,6.067,1.4286,1.1688,870,855.67,2324,2291.0,0.3744,39.0,1.5684,0.3333,8.17,1.378,86.2,28.5,0.355,31,0
13-2-2026-06,13,2,24317,6,12,15,20,9,15.667,15.333,13.5,36,0.3333,5.528,5.47,1.1605,0.8889,953,909.0,2456,2411.67,0.388,40.33,1.245,0.6667,8.67,1.378,86.2,28.5,0.355,30,0
13-3-2026-04,13,3,24315,4,7,4,5,0,5.333,3.333,2.083,42,0.1667,2.357,2.178,2.56,3.36,191,185.0,2455,2271.33,0.0778,38.67,1.6913,0.5714,1.83,1.378,86.2,28.5,0.355,30,0
13-3-2026-05,13,3,24316,5,7,7,4,2,6.0,4.0,2.667,43,0.1628,2.708,2.461,2.25,2.625,193,182.67,2324,2291.0,0.083,39.0,1.5684,0.8571,2.5,1.378,86.2,28.5,0.355,31,0
13-3-2026-06,13,3,24317,6,3,7,7,2,5.667,4.333,2.75,36,0.0833,2.427,2.454,2.0606,1.0909,180,188.0,2456,2411.67,0.0733,40.33,1.245,0.6667,2.67,1.378,86.2,28.5,0.355,30,0
13-4-2025-09,13,4,24308,9,9,3,4,4,5.333,3.333,3.5,26,0.3462,2.867,2.255,1.5238,2.5714,237,221.67,1214,1197.0,0.1952,21.67,1.2893,0.4444,1.33,1.378,86.2,28.5,0.355,30,0
13-4-2025-10,13,4,24309,10,4,9,3,4,5.333,3.5,3.5,14,0.2857,2.872,2.255,1.5238,1.1429,215,222.0,1104,1169.33,0.1947,19.67,0.7336,0.5,1.5,1.378,86.2,28.5,0.355,31,0
13-4-2025-11,13,4,24310,11,5,4,9,4,6.0,4.333,3.583,38,0.1316,2.427,2.29,1.6744,1.3953,210,220.67,1707,1341.67,0.123,26.0,1.8689,0.2,1.67,1.378,86.2,28.5,0.355,30,0
13-4-2026-05,13,4,24316,5,8,6,2,1,5.333,4.167,4.25,43,0.186,2.339,2.385,1.2549,1.8824,431,423.67,2324,2291.0,0.1855,39.0,1.5684,0.625,2.0,1.378,86.2,28.5,0.355,31,0
13-4-2026-06,13,4,24317,6,4,8,6,4,6.0,4.5,4.5,36,0.1111,2.141,2.179,1.3333,0.8889,434,443.33,2456,2411.67,0.1767,40.33,1.245,0.25,2.17,1.378,86.2,28.5,0.355,30,0
14-1-2025-04,14,1,24303,4,4,5,6,2,5.0,2.833,2.583,18,0.2222,2.339,1.801,1.9355,1.5484,159,150.67,1168,1151.67,0.1361,16.33,0.9686,0.5,1.33,2.078,75.9,21.4,0.305,30,0
14-1-2026-04,14,1,24315,4,10,2,7,4,6.333,4.333,3.917,40,0.25,3.091,2.396,1.617,2.5532,371,331.0,2455,2271.33,0.1511,39.33,1.5738,0.5,3.0,2.078,75.9,21.4,0.305,30,0
14-1-2026-05,14,1,24316,5,4,10,2,1,5.333,4.667,3.917,34,0.1176,2.925,2.396,1.3617,1.0213,331,331.0,2324,2291.0,0.1424,35.33,1.2994,1.0,3.33,2.078,75.9,21.4,0.305,31,0
14-1-2026-06,14,1,24317,6,6,4,10,3,6.667,5.167,4.333,54,0.1111,2.853,2.285,1.5385,1.3846,356,352.67,2456,2411.67,0.145,42.67,1.7901,0.1667,3.17,2.078,75.9,21.4,0.305,30,0
14-2-2024-02,14,2,24289,2,6,7,27,7,13.333,11.5,8.583,21,0.2857,7.544,6.304,1.5534,0.699,492,690.0,1240,1432.33,0.3968,27.33,0.9882,0.5,5.67,2.078,75.9,21.4,0.305,28,0
14-2-2024-03,14,2,24290,3,6,6,7,4,6.333,10.833,8.5,22,0.2727,7.819,6.331,0.7451,0.7059,425,477.67,1148,1225.0,0.3702,22.0,1.0076,0.6667,5.5,2.078,75.9,21.4,0.305,31,1
14-2-2024-04,14,2,24291,4,11,6,6,3,7.667,11.833,9.083,27,0.4074,7.381,6.211,0.844,1.211,437,451.33,1171,1186.33,0.3732,23.33,1.2,0.6364,6.33,2.078,75.9,21.4,0.305,30,0
14-2-2024-05,14,2,24292,5,6,11,6,10,7.667,10.5,9.333,17,0.3529,7.588,6.018,0.8214,0.6429,421,427.67,1175,1164.67,0.3583,22.0,0.7528,1.0,5.83,2.078,75.9,21.4,0.305,31,0
14-2-2024-06,14,2,24293,6,6,6,11,6,7.667,7.0,9.0,15,0.4,1.826,6.083,0.8519,0.6667,495,451.0,1270,1205.33,0.3898,19.67,0.6897,0.6667,4.5,2.078,75.9,21.4,0.305,30,0
14-2-2024-07,14,2,24294,7,5,6,6,4,5.667,6.667,8.917,16,0.3125,1.972,6.13,0.6355,0.5607,451,455.67,1177,1207.33,0.3832,16.0,0.7385,0.6,4.5,2.078,75.9,21.4,0.305,31,0
14-2-2024-08,14,2,24295,8,6,5,6,10,5.667,6.667,9.083,18,0.3333,1.972,6.02,0.6239,0.6606,424,456.67,1103,1183.33,0.3844,16.33,0.8182,0.3333,4.33,2.078,75.9,21.4,0.305,31,1
14-2-2024-09,14,2,24296,9,9,6,5,5,6.667,7.167,9.0,17,0.5294,2.115,6.014,0.7407,1.0,472,449.0,1214,1164.67,0.3888,17.0,0.8063,0.5556,4.5,2.078,75.9,21.4,0.305,30,1
14-2-2024-10,14,2,24297,10,10,9,6,14,8.333,7.0,9.417,22,0.4545,1.826,5.894,0.885,1.0619,445,447.0,1190,1169.0,0.3739,19.0,1.0154,0.5,4.17,2.078,75.9,21.4,0.305,31,1
14-2-2024-11,14,2,24298,11,19,10,9,27,12.667,9.167,9.833,29,0.6552,4.74,6.362,1.2881,1.9322,967,628.0,1701,1368.33,0.5685,22.67,1.3132,0.6316,5.17,2.078,75.9,21.4,0.305,30,0
14-2-2024-12,14,2,24299,12,13,19,10,7,14.0,10.333,8.667,21,0.619,4.679,3.923,1.6154,1.5,992,801.33,1744,1545.0,0.5688,24.0,1.0161,0.4615,5.5,2.078,75.9,21.4,0.305,31,0
14-2-2025-01,14,2,24300,1,7,13,19,6,13.0,10.667,8.667,19,0.3684,4.346,3.923,1.5,0.8077,553,837.33,1290,1578.33,0.4287,23.0,0.9344,0.5714,5.67,2.078,75.9,21.4,0.305,31,0
14-2-2025-02,14,2,24301,2,8,7,13,6,9.333,11.0,8.833,23,0.3478,4.041,3.848,1.0566,0.9057,452,665.67,1210,1414.67,0.3736,21.0,1.122,0.75,6.33,2.078,75.9,21.4,0.305,28,0
14-2-2025-03,14,2,24302,3,0,8,7,11,5.0,9.5,8.333,8,0.0,5.795,4.515,0.6,0.0,425,476.67,1077,1192.33,0.3946,16.67,0.4138,0.0,5.5,2.078,75.9,21.4,0.305,31,0
14-2-2025-07,14,2,24306,7,8,3,7,6,6.0,4.833,7.75,17,0.4706,3.023,4.746,0.7742,1.0323,450,434.33,1187,1181.67,0.3791,16.0,0.9148,0.375,2.67,2.078,75.9,21.4,0.305,31,0
14-2-2025-08,14,2,24307,8,4,8,3,9,5.0,4.167,7.583,20,0.2,2.672,4.838,0.6593,0.5275,440,439.0,1190,1189.0,0.3697,14.33,1.0667,0.5,2.0,2.078,75.9,21.4,0.305,31,1
14-2-2025-09,14,2,24308,9,13,4,8,10,8.333,6.333,7.917,28,0.4643,3.543,5.057,1.0526,1.6421,434,441.33,1214,1197.0,0.3575,21.67,1.4237,0.4615,3.0,2.078,75.9,21.4,0.305,30,0
14-2-2025-10,14,2,24309,10,8,13,4,19,8.333,7.167,7.75,22,0.3636,3.236,5.019,1.0753,1.0323,394,422.67,1104,1169.33,0.3569,23.33,1.1186,0.625,3.67,2.078,75.9,21.4,0.305,31,1
14-2-2025-11,14,2,24310,11,15,8,13,13,12.0,8.5,7.417,22,0.6818,4.349,4.349,1.618,2.0225,979,602.33,1707,1341.67,0.5735,24.0,1.1528,0.8,5.0,2.078,75.9,21.4,0.305,30,1
14-2-2025-12,14,2,24311,12,18,15,8,7,13.667,11.0,7.833,27,0.6667,4.761,5.047,1.7447,2.2979,1016,796.33,1697,1502.67,0.5987,23.67,1.3787,0.6667,6.67,2.078,75.9,21.4,0.305,31,0
14-2-2026-01,14,2,24312,1,7,18,15,8,13.333,10.833,7.833,20,0.35,4.879,5.047,1.7021,0.8936,513,836.0,1284,1562.67,0.3995,23.0,1.0169,0.4286,6.67,2.078,75.9,21.4,0.305,31,0
14-2-2026-02,14,2,24313,2,13,7,18,0,12.667,12.333,8.25,46,0.2826,3.815,5.246,1.5354,1.5758,860,796.33,2265,1748.67,0.3797,31.0,2.1313,0.6154,7.67,2.078,75.9,21.4,0.305,28,0
14-2-2026-03,14,2,24314,3,17,13,7,3,12.333,13.0,9.667,32,0.5312,4.203,5.121,1.2759,1.7586,793,722.0,2094,1881.0,0.3787,32.67,1.3569,0.4706,8.0,2.078,75.9,21.4,0.305,31,0
14-2-2026-04,14,2,24315,4,13,17,13,7,14.333,13.833,10.5,40,0.325,3.578,4.77,1.3651,1.2381,904,852.33,2455,2271.33,0.3682,39.33,1.5738,0.3846,8.0,2.078,75.9,21.4,0.305,30,0
14-2-2026-05,14,2,24316,5,19,13,17,3,16.333,14.5,11.5,34,0.5588,4.072,5.172,1.4203,1.6522,870,855.67,2324,2291.0,0.3744,35.33,1.2994,0.3158,7.0,2.078,75.9,21.4,0.305,31,1
14-2-2026-06,14,2,24317,6,24,19,13,8,18.667,15.5,13.25,54,0.4444,5.346,5.54,1.4088,1.8113,953,909.0,2456,2411.67,0.388,42.67,1.7901,0.5,7.0,2.078,75.9,21.4,0.305,30,0
14-4-2024-04,14,4,24291,4,5,8,5,3,6.0,4.333,4.333,27,0.1852,2.134,1.972,1.3846,1.1538,210,222.0,1171,1186.33,0.1793,23.33,1.2,0.4,1.5,2.078,75.9,21.4,0.305,30,0
14-4-2024-05,14,4,24292,5,4,5,8,8,5.667,4.5,4.417,17,0.2353,2.062,1.935,1.283,0.9057,214,220.0,1175,1164.67,0.1821,22.0,0.7528,0.5,1.67,2.078,75.9,21.4,0.305,31,0
14-4-2026-02,14,4,24313,2,11,3,1,2,5.0,4.167,3.333,46,0.2391,3.76,3.197,1.5,3.3,390,268.0,2265,1748.67,0.1722,31.0,2.1313,0.5455,1.67,2.078,75.9,21.4,0.305,28,0
14-4-2026-03,14,4,24314,3,4,11,3,3,6.0,3.667,3.5,32,0.125,3.543,3.175,1.7143,1.1429,375,331.33,2094,1881.0,0.1791,32.67,1.3569,0.75,1.67,2.078,75.9,21.4,0.305,31,0
14-4-2026-04,14,4,24315,4,8,4,11,7,7.667,4.5,3.917,40,0.2,3.862,3.402,1.9574,2.0426,465,410.0,2455,2271.33,0.1894,39.33,1.5738,0.375,2.0,2.078,75.9,21.4,0.305,30,0
14-4-2026-06,14,4,24317,6,7,1,8,1,5.333,5.667,4.0,54,0.1296,3.35,3.317,1.3333,1.75,434,443.33,2456,2411.67,0.1767,42.67,1.7901,0.4286,2.5,2.078,75.9,21.4,0.305,30,0
15-1-2025-12,15,1,24311,12,7,3,6,1,5.333,3.667,3.25,34,0.2059,2.134,1.689,1.641,2.1538,157,157.33,1697,1502.67,0.0925,28.0,1.5573,0.5714,2.0,2.113,70.1,17.1,0.426,31,0
15-1-2026-02,15,1,24313,2,6,2,7,3,5.0,4.333,3.583,38,0.1579,2.055,1.754,1.3953,1.6744,331,213.33,2265,1748.67,0.1461,30.33,1.6522,0.3333,2.33,2.113,70.1,17.1,0.426,28,0
15-1-2026-04,15,1,24315,4,10,4,6,3,6.667,5.333,4.25,46,0.2174,2.687,2.454,1.5686,2.3529,371,331.0,2455,2271.33,0.1511,39.33,1.8039,0.3,2.5,2.113,70.1,17.1,0.426,30,0
15-1-2026-05,15,1,24316,5,4,10,4,4,6.0,5.5,4.333,43,0.093,2.566,2.427,1.3846,0.9231,331,331.0,2324,2291.0,0.1424,41.0,1.5449,0.25,2.5,2.113,70.1,17.1,0.426,31,0
15-1-2026-06,15,1,24317,6,4,4,10,1,6.0,5.0,4.333,39,0.1026,2.517,2.427,1.3846,0.9231,356,352.67,2456,2411.67,0.145,42.67,1.3295,0.5,2.17,2.113,70.1,17.1,0.426,30,0
15-2-2024-02,15,2,24289,2,7,4,8,6,6.333,8.5,7.5,21,0.3333,2.754,4.031,0.8444,0.9333,492,690.0,1240,1432.33,0.3968,19.33,1.1101,0.5714,3.83,2.113,70.1,17.1,0.426,28,0
15-2-2024-03,15,2,24290,3,5,7,4,4,5.333,7.833,7.417,15,0.3333,3.023,4.071,0.7191,0.6742,425,477.67,1148,1225.0,0.3702,17.67,0.786,0.2,3.33,2.113,70.1,17.1,0.426,31,0
15-2-2024-04,15,2,24291,4,6,5,7,5,6.0,7.167,7.583,28,0.2143,2.911,3.968,0.7912,0.7912,437,451.33,1171,1186.33,0.3732,21.33,1.377,0.3333,2.67,2.113,70.1,17.1,0.426,30,0
15-2-2024-05,15,2,24292,5,5,6,5,4,5.333,5.833,7.583,17,0.2941,1.344,3.968,0.7033,0.6593,421,427.67,1175,1164.67,0.3583,20.0,0.8127,0.6,2.5,2.113,70.1,17.1,0.426,31,1
15-2-2024-06,15,2,24293,6,8,5,6,3,6.333,5.833,7.917,16,0.5,1.344,3.818,0.8,1.0105,495,451.0,1270,1205.33,0.3898,20.33,0.7649,0.5,2.67,2.113,70.1,17.1,0.426,30,1
15-2-2024-07,15,2,24294,7,13,8,5,17,8.667,7.333,8.75,33,0.3939,2.749,3.744,0.9905,1.4857,451,455.67,1177,1207.33,0.3832,22.0,1.4453,0.6154,3.67,2.113,70.1,17.1,0.426,31,0
15-2-2024-08,15,2,24295,8,8,13,8,9,9.667,7.5,8.0,16,0.5,2.754,2.799,1.2083,1.0,424,456.67,1103,1183.33,0.3844,21.67,0.7442,0.5,3.67,2.113,70.1,17.1,0.426,31,0
15-2-2024-09,15,2,24296,9,12,8,13,10,11.0,8.667,8.25,30,0.4,2.925,3.003,1.3333,1.4545,472,449.0,1214,1164.67,0.3888,26.33,1.3534,0.4167,4.33,2.113,70.1,17.1,0.426,30,0
15-2-2024-10,15,2,24297,10,4,12,8,13,8.0,8.333,7.75,22,0.1818,3.3,3.166,1.0323,0.5161,445,447.0,1190,1169.0,0.3739,22.67,1.0038,0.25,4.17,2.113,70.1,17.1,0.426,31,1
15-2-2024-11,15,2,24298,11,21,4,12,8,12.333,11.0,8.417,32,0.6562,5.354,4.681,1.4653,2.495,967,628.0,1701,1368.33,0.5685,28.0,1.4382,0.6667,6.0,2.113,70.1,17.1,0.426,30,1
15-2-2024-12,15,2,24299,12,20,21,4,4,15.0,13.0,9.417,37,0.5405,6.055,5.664,1.5929,2.1239,992,801.33,1744,1545.0,0.5688,30.33,1.5634,0.6,7.33,2.113,70.1,17.1,0.426,31,0
15-2-2025-01,15,2,24300,1,10,20,21,7,17.0,12.5,9.917,19,0.5263,6.158,5.423,1.7143,1.0084,553,837.33,1290,1578.33,0.4287,29.33,0.7972,0.4,6.67,2.113,70.1,17.1,0.426,31,0
15-2-2025-02,15,2,24301,2,10,10,20,5,13.333,12.833,10.167,24,0.4167,5.956,5.352,1.3115,0.9836,452,665.67,1210,1414.67,0.3736,26.67,0.9965,0.7,7.17,2.113,70.1,17.1,0.426,28,0
15-2-2025-03,15,2,24302,3,7,10,10,6,9.0,12.0,10.333,19,0.3684,6.351,5.217,0.871,0.6774,425,476.67,1077,1192.33,0.3946,20.67,0.7782,0.4286,6.83,2.113,70.1,17.1,0.426,31,0
15-2-2025-04,15,2,24303,4,12,7,10,5,9.667,13.333,10.833,31,0.3871,5.281,5.063,0.8923,1.1077,407,428.0,1168,1151.67,0.3485,24.67,1.2568,0.75,8.17,2.113,70.1,17.1,0.426,30,0
15-2-2025-05,15,2,24304,5,5,12,7,8,8.0,10.667,10.833,15,0.3333,4.749,5.063,0.7385,0.4615,426,419.33,1168,1137.67,0.3647,21.67,0.6122,0.6,6.33,2.113,70.1,17.1,0.426,31,0
15-2-2025-06,15,2,24305,6,4,5,12,13,7.0,8.0,10.5,21,0.1905,2.887,5.362,0.6667,0.381,427,420.0,1190,1175.33,0.3588,22.33,0.8428,1.0,5.0,2.113,70.1,17.1,0.426,30,0
15-2-2025-08,15,2,24307,8,9,4,4,12,5.667,6.833,9.833,21,0.4286,2.911,5.565,0.5763,0.9153,440,439.0,1190,1189.0,0.3697,18.33,0.8873,0.1111,3.67,2.113,70.1,17.1,0.426,31,0
15-2-2025-09,15,2,24308,9,5,9,4,4,6.0,6.5,9.25,15,0.3333,2.986,5.673,0.6486,0.5405,434,441.33,1214,1197.0,0.3575,16.33,0.6691,0.4,3.5,2.113,70.1,17.1,0.426,30,0
15-2-2025-10,15,2,24309,10,5,5,9,21,6.333,5.333,9.333,25,0.2,1.7,5.603,0.6786,0.5357,394,422.67,1104,1169.33,0.3569,20.33,1.1029,0.6,2.5,2.113,70.1,17.1,0.426,31,1
15-2-2025-11,15,2,24310,11,10,5,5,20,6.667,6.167,8.417,25,0.4,2.409,4.387,0.7921,1.1881,979,602.33,1707,1341.67,0.5735,21.67,1.1321,0.6,3.0,2.113,70.1,17.1,0.426,30,1
15-2-2025-12,15,2,24311,12,22,10,5,10,12.333,9.167,8.583,34,0.6471,6.149,4.838,1.4369,2.5631,1016,796.33,1697,1502.67,0.5987,28.0,1.5573,0.5455,4.33,2.113,70.1,17.1,0.426,31,0
15-2-2026-01,15,2,24312,1,8,22,10,10,13.333,9.833,8.417,19,0.4211,5.757,4.821,1.5842,0.9505,513,836.0,1284,1562.67,0.3995,26.0,0.8702,0.625,4.83,2.113,70.1,17.1,0.426,31,0
15-2-2026-02,15,2,24313,2,11,8,22,7,13.667,10.167,8.5,38,0.2895,5.757,4.856,1.6078,1.2941,860,796.33,2265,1748.67,0.3797,30.33,1.6522,0.3636,5.33,2.113,70.1,17.1,0.426,28,0
15-2-2026-03,15,2,24314,3,14,11,8,12,11.0,11.667,9.083,34,0.4118,5.375,5.057,1.211,1.5413,793,722.0,2094,1881.0,0.3787,30.33,1.4021,0.5,6.17,2.113,70.1,17.1,0.426,31,0
15-2-2026-04,15,2,24315,4,11,14,11,5,12.0,12.667,9.0,46,0.2391,4.534,5.017,1.3333,1.2222,904,852.33,2455,2271.33,0.3682,39.33,1.8039,0.2727,6.17,2.113,70.1,17.1,0.426,30,0
15-2-2026-05,15,2,24316,5,9,11,14,4,11.333,12.5,9.333,43,0.2093,4.646,4.871,1.2143,0.9643,870,855.67,2324,2291.0,0.3744,41.0,1.5449,0.5556,6.0,2.113,70.1,17.1,0.426,31,1
15-2-2026-06,15,2,24317,6,17,9,11,4,12.333,11.667,10.417,39,0.4359,3.037,5.008,1.184,1.632,953,909.0,2456,2411.67,0.388,42.67,1.3295,0.5294,5.5,2.113,70.1,17.1,0.426,30,0
15-4-2024-05,15,4,24292,5,5,7,3,6,5.0,4.333,4.167,17,0.2941,1.374,1.772,1.2,1.2,214,220.0,1175,1164.67,0.1821,20.0,0.8127,0.6,2.17,2.113,70.1,17.1,0.426,31,0
15-4-2024-09,15,4,24296,9,9,4,5,4,6.0,5.333,4.75,30,0.3,2.211,1.92,1.2632,1.8947,224,209.0,1214,1164.67,0.1845,26.33,1.3534,0.3333,2.5,2.113,70.1,17.1,0.426,30,0
15-4-2024-10,15,4,24297,10,8,9,4,7,7.0,5.5,5.083,22,0.3636,2.363,2.1,1.377,1.5738,229,214.0,1190,1169.0,0.1924,22.67,1.0038,0.5,2.5,2.113,70.1,17.1,0.426,31,0
15-4-2024-11,15,4,24298,11,5,8,9,3,7.333,5.5,4.917,32,0.1562,2.363,2.019,1.4915,1.0169,215,222.67,1701,1368.33,0.1264,28.0,1.4382,0.8,2.67,2.113,70.1,17.1,0.426,30,0
15-4-2024-12,15,4,24299,12,5,5,8,4,6.0,6.0,5.083,37,0.1351,1.826,1.935,1.1803,0.9836,202,215.33,1744,1545.0,0.1158,30.33,1.5634,0.4,2.83,2.113,70.1,17.1,0.426,31,0
15-4-2025-11,15,4,24310,11,6,8,3,5,5.667,4.5,4.25,25,0.24,1.893,1.639,1.3333,1.4118,210,220.67,1707,1341.67,0.123,21.67,1.1321,0.5,2.0,2.113,70.1,17.1,0.426,30,0
15-4-2025-12,15,4,24311,12,2,6,8,4,5.333,4.167,4.0,34,0.0588,2.115,1.732,1.3333,0.5,185,203.33,1697,1502.67,0.109,28.0,1.5573,0.0,1.83,2.113,70.1,17.1,0.426,31,0
15-4-2026-02,15,4,24313,2,9,4,2,2,5.0,5.333,4.417,38,0.2368,2.56,2.216,1.1321,2.0377,390,268.0,2265,1748.67,0.1722,30.33,1.6522,0.5556,2.33,2.113,70.1,17.1,0.426,28,0
15-4-2026-03,15,4,24314,3,7,9,4,6,6.667,6.0,4.833,34,0.2059,2.38,2.192,1.3793,1.4483,375,331.33,2094,1881.0,0.1791,30.33,1.4021,1.0,3.33,2.113,70.1,17.1,0.426,31,0
15-4-2026-04,15,4,24315,4,9,7,9,3,8.333,6.167,5.083,46,0.1957,2.544,2.465,1.6393,1.7705,465,410.0,2455,2271.33,0.1894,39.33,1.8039,0.6667,3.83,2.113,70.1,17.1,0.426,30,1
15-4-2026-05,15,4,24316,5,12,9,7,4,9.333,7.167,5.833,43,0.2791,3.337,3.023,1.6,2.0571,431,423.67,2324,2291.0,0.1855,41.0,1.5449,0.6667,4.67,2.113,70.1,17.1,0.426,31,0
15-4-2026-06,15,4,24317,6,5,12,9,3,8.667,7.667,5.917,39,0.1282,2.687,2.985,1.4648,0.8451,434,443.33,2456,2411.67,0.1767,42.67,1.3295,0.6,5.17,2.113,70.1,17.1,0.426,30,0
15-7-2026-06,15,7,24317,6,6,5,4,2,5.0,3.0,1.917,39,0.1538,2.082,1.935,2.6087,3.1304,144,133.33,2456,2411.67,0.0586,42.67,1.3295,0.5,1.5,2.113,70.1,17.1,0.426,30,0
16-2-2024-02,16,2,24289,2,7,8,8,4,7.667,7.667,6.0,20,0.35,4.714,3.742,1.2778,1.1667,492,690.0,1240,1432.33,0.3968,18.0,1.326,0.8571,4.5,1.942,73.7,19.5,0.23,28,0
16-2-2024-03,16,2,24290,3,8,7,8,4,7.667,8.667,6.333,17,0.4706,3.986,3.727,1.2105,1.2632,425,477.67,1148,1225.0,0.3702,16.67,1.1027,0.25,4.5,1.942,73.7,19.5,0.23,31,0
16-2-2024-04,16,2,24291,4,10,8,7,4,8.333,9.667,6.833,15,0.6667,3.399,3.782,1.2195,1.4634,437,451.33,1171,1186.33,0.3732,17.33,0.9326,0.5,4.83,1.942,73.7,19.5,0.23,30,0
16-2-2024-05,16,2,24292,5,1,10,8,5,6.333,7.0,6.583,15,0.0667,2.828,4.051,0.962,0.1519,421,427.67,1175,1164.67,0.3583,15.67,0.8911,1.0,4.17,1.942,73.7,19.5,0.23,31,0
16-2-2024-06,16,2,24293,6,5,1,10,5,5.333,6.5,6.583,14,0.3571,2.872,4.051,0.8101,0.7595,495,451.0,1270,1205.33,0.3898,14.67,0.84,0.8,3.83,1.942,73.7,19.5,0.23,30,0
16-2-2024-08,16,2,24295,8,7,3,5,2,5.0,5.667,6.667,18,0.3889,3.037,4.089,0.75,1.05,424,456.67,1103,1183.33,0.3844,13.67,1.0854,0.4286,2.67,1.942,73.7,19.5,0.23,31,0
16-2-2024-09,16,2,24296,9,6,7,3,4,5.333,5.333,7.0,16,0.375,2.867,3.851,0.7619,0.8571,472,449.0,1214,1164.67,0.3888,14.33,0.932,0.5,2.83,1.942,73.7,19.5,0.23,30,0
16-2-2024-10,16,2,24297,10,2,6,7,17,5.0,4.0,6.833,8,0.25,2.16,4.017,0.7317,0.2927,445,447.0,1190,1169.0,0.3739,14.0,0.5,0.5,2.17,1.942,73.7,19.5,0.23,31,1
16-2-2024-11,16,2,24298,11,16,2,6,8,8.0,6.5,6.75,23,0.6957,4.573,3.811,1.1852,2.3704,967,628.0,1701,1368.33,0.5685,15.67,1.4603,0.375,3.0,1.942,73.7,19.5,0.23,30,0
16-2-2024-12,16,2,24299,12,6,16,2,8,8.0,6.667,6.583,19,0.3158,4.534,3.796,1.2152,0.9114,992,801.33,1744,1545.0,0.5688,16.67,1.2193,0.1667,2.5,1.942,73.7,19.5,0.23,31,0
16-2-2025-01,16,2,24300,1,8,6,16,7,10.0,7.5,6.583,18,0.4444,4.233,3.796,1.519,1.2152,553,837.33,1290,1578.33,0.4287,20.0,1.125,0.875,3.5,1.942,73.7,19.5,0.23,31,0
16-2-2025-02,16,2,24301,2,6,8,6,8,6.667,7.333,6.5,16,0.375,4.269,3.797,1.0256,0.9231,452,665.67,1210,1414.67,0.3736,17.67,1.0213,0.1667,3.17,1.942,73.7,19.5,0.23,28,0
16-2-2025-03,16,2,24302,3,5,6,8,10,6.333,7.167,6.25,13,0.3846,4.337,3.789,1.0133,0.8,425,476.67,1077,1192.33,0.3946,15.67,0.8478,0.6,3.17,1.942,73.7,19.5,0.23,31,0
16-2-2025-04,16,2,24303,4,6,5,6,1,5.667,7.833,5.917,17,0.3529,3.76,3.616,0.9577,1.0141,407,428.0,1168,1151.67,0.3485,15.33,1.0968,0.6667,3.67,1.942,73.7,19.5,0.23,30,0
16-2-2025-06,16,2,24305,6,7,2,6,3,5.0,5.667,6.167,14,0.5,1.886,3.508,0.8108,1.1351,427,420.0,1190,1175.33,0.3588,15.0,0.9081,0.5714,3.33,1.942,73.7,19.5,0.23,30,0
16-2-2025-07,16,2,24306,7,6,7,2,7,5.0,5.333,6.417,17,0.3529,1.599,3.378,0.7792,0.9351,450,434.33,1187,1181.67,0.3791,15.0,1.057,0.5,2.67,1.942,73.7,19.5,0.23,31,0
16-2-2025-08,16,2,24307,8,4,6,7,6,5.667,5.0,6.167,16,0.25,1.633,3.436,0.9189,0.6486,440,439.0,1190,1189.0,0.3697,15.67,1.0052,0.5,2.83,1.942,73.7,19.5,0.23,31,0
16-2-2025-11,16,2,24310,11,15,5,4,6,8.0,6.833,6.167,28,0.5357,3.804,3.051,1.2973,2.4324,979,602.33,1707,1341.67,0.5735,17.67,1.7056,0.6,4.0,1.942,73.7,19.5,0.23,30,1
16-2-2025-12,16,2,24311,12,16,15,5,8,12.0,8.333,7.0,27,0.5926,5.121,4.082,1.7143,2.2857,1016,796.33,1697,1502.67,0.5987,22.0,1.5805,0.1875,3.83,1.942,73.7,19.5,0.23,31,0
16-2-2026-01,16,2,24312,1,6,16,15,6,12.333,8.333,6.833,14,0.4286,5.121,4.079,1.8049,0.878,513,836.0,1284,1562.67,0.3995,23.0,0.8358,0.0,3.33,1.942,73.7,19.5,0.23,31,0
16-2-2026-02,16,2,24313,2,17,6,16,5,13.0,10.5,7.75,31,0.5484,5.56,4.935,1.6774,2.1935,860,796.33,2265,1748.67,0.3797,24.0,1.7222,0.3529,4.0,1.942,73.7,19.5,0.23,28,0
16-2-2026-03,16,2,24314,3,10,17,6,6,11.0,11.5,8.167,28,0.3571,4.787,4.896,1.3469,1.2245,793,722.0,2094,1881.0,0.3787,24.33,1.4545,0.5,4.17,1.942,73.7,19.5,0.23,31,0
16-2-2026-04,16,2,24315,4,11,10,17,2,12.667,12.5,8.583,35,0.3143,3.862,4.907,1.4757,1.2816,904,852.33,2455,2271.33,0.3682,31.33,1.6867,0.5455,4.83,1.942,73.7,19.5,0.23,30,0
16-2-2026-05,16,2,24316,5,12,11,10,7,11.0,12.0,9.417,28,0.4286,3.697,4.554,1.1681,1.2743,870,855.67,2324,2291.0,0.3744,30.33,1.2776,0.75,4.83,1.942,73.7,19.5,0.23,31,0
16-2-2026-06,16,2,24317,6,10,12,11,6,11.0,11.0,9.667,29,0.3448,3.266,4.497,1.1379,1.0345,953,909.0,2456,2411.67,0.388,30.67,1.2518,0.5,5.17,1.942,73.7,19.5,0.23,30,0
16-4-2026-04,16,4,24315,4,10,4,4,3,6.0,4.167,3.75,35,0.2857,2.853,2.42,1.6,2.6667,465,410.0,2455,2271.33,0.1894,31.33,1.6867,0.6,2.5,1.942,73.7,19.5,0.23,30,0
16-4-2026-05,16,4,24316,5,2,10,4,4,5.333,4.167,3.667,28,0.0714,2.853,2.461,1.4545,0.5455,431,423.67,2324,2291.0,0.1855,30.33,1.2776,0.5,2.5,1.942,73.7,19.5,0.23,31,0
16-4-2026-06,16,4,24317,6,3,2,10,6,5.0,4.5,3.583,29,0.1034,2.566,2.465,1.3953,0.8372,434,443.33,2456,2411.67,0.1767,30.67,1.2518,1.0,2.83,1.942,73.7,19.5,0.23,30,0
17-1-2026-03,17,1,24314,3,6,6,3,1,5.0,3.833,2.5,35,0.1714,1.951,2.021,2.0,2.4,291,258.0,2094,1881.0,0.139,36.0,1.6031,0.5,1.83,1.798,74.4,32.5,0.448,31,0
17-1-2026-04,17,1,24315,4,6,6,6,3,6.0,4.667,2.917,41,0.1463,1.599,2.178,2.0571,2.0571,371,331.0,2455,2271.33,0.1511,40.67,1.7143,0.6667,2.5,1.798,74.4,32.5,0.448,30,0
17-2-2024-02,17,2,24289,2,7,8,14,4,9.667,9.667,7.667,18,0.3889,3.859,3.727,1.2609,0.913,492,690.0,1240,1432.33,0.3968,18.33,1.0141,0.2857,4.67,1.798,74.4,32.5,0.448,28,0
17-2-2024-03,17,2,24290,3,3,7,8,3,6.0,9.167,7.583,11,0.2727,4.45,3.818,0.7912,0.3956,425,477.67,1148,1225.0,0.3702,15.67,0.614,0.6667,4.5,1.798,74.4,32.5,0.448,31,0
17-2-2024-06,17,2,24293,6,8,5,3,8,5.333,5.667,7.417,24,0.3333,2.134,3.84,0.7191,1.0787,495,451.0,1270,1205.33,0.3898,19.0,1.2522,0.625,2.83,1.798,74.4,32.5,0.448,30,0
17-2-2024-07,17,2,24294,7,4,8,5,4,5.667,5.0,7.083,15,0.2667,1.915,3.947,0.8,0.5647,451,455.67,1177,1207.33,0.3832,18.0,0.7965,0.5,2.5,1.798,74.4,32.5,0.448,31,0
17-2-2024-08,17,2,24295,8,3,4,8,6,5.0,4.333,7.0,8,0.375,1.795,4.021,0.7143,0.4286,424,456.67,1103,1183.33,0.3844,15.67,0.4404,1.0,2.67,1.798,74.4,32.5,0.448,31,1
17-2-2024-09,17,2,24296,9,8,3,4,7,5.0,5.167,7.167,20,0.4,2.115,4.017,0.6977,1.1163,472,449.0,1214,1164.67,0.3888,14.33,1.0811,0.375,2.83,1.798,74.4,32.5,0.448,30,0
17-2-2024-11,17,2,24298,11,10,1,8,14,6.333,5.667,6.167,16,0.625,3.197,3.532,1.027,1.6216,967,628.0,1701,1368.33,0.5685,15.0,1.0052,0.7,3.5,1.798,74.4,32.5,0.448,30,1
17-2-2024-12,17,2,24299,12,10,10,1,8,7.0,6.0,5.833,19,0.5263,3.512,2.911,1.2,1.7143,992,801.33,1744,1545.0,0.5688,14.67,1.1937,0.7,3.83,1.798,74.4,32.5,0.448,31,0
17-2-2025-01,17,2,24300,1,9,10,10,7,9.667,6.833,5.917,14,0.6429,3.532,2.985,1.6338,1.5211,553,837.33,1290,1578.33,0.4287,16.33,0.8984,0.6667,4.5,1.798,74.4,32.5,0.448,31,0
17-2-2025-02,17,2,24301,2,4,9,10,3,7.667,7.0,5.667,11,0.3636,3.367,3.009,1.3529,0.7059,452,665.67,1210,1414.67,0.3736,14.67,0.7333,0.5,4.33,1.798,74.4,32.5,0.448,28,0
17-2-2025-03,17,2,24302,3,7,4,9,3,6.667,6.833,6.0,10,0.7,3.337,2.915,1.1111,1.1667,425,476.67,1077,1192.33,0.3946,11.67,0.6704,0.7143,4.67,1.798,74.4,32.5,0.448,31,0
17-2-2025-04,17,2,24303,4,9,7,4,5,6.667,8.167,6.5,16,0.5625,2.115,2.872,1.0256,1.3846,407,428.0,1168,1151.67,0.3485,12.33,1.0847,0.4444,5.17,1.798,74.4,32.5,0.448,30,0
17-2-2025-05,17,2,24304,5,7,9,7,8,7.667,7.667,6.667,20,0.35,1.972,2.838,1.15,1.05,426,419.33,1168,1137.67,0.3647,15.33,1.3187,0.7143,4.83,1.798,74.4,32.5,0.448,31,0
17-2-2025-06,17,2,24305,6,3,7,9,4,6.333,6.5,6.25,11,0.2727,2.291,2.976,1.0133,0.48,427,420.0,1190,1175.33,0.3588,15.67,0.7811,0.6667,4.0,1.798,74.4,32.5,0.448,30,0
17-2-2025-07,17,2,24306,7,8,3,7,3,6.0,6.333,6.583,16,0.5,2.134,2.929,0.9114,1.2152,450,434.33,1187,1181.67,0.3791,15.67,1.1294,0.625,3.83,1.798,74.4,32.5,0.448,31,0
17-2-2025-09,17,2,24308,9,6,2,8,1,5.333,5.833,6.333,11,0.5455,2.544,3.009,0.8421,0.9474,434,441.33,1214,1197.0,0.3575,11.33,0.825,0.8333,3.5,1.798,74.4,32.5,0.448,30,1
17-2-2025-10,17,2,24309,10,8,6,2,10,5.333,5.667,6.917,22,0.3636,2.357,2.564,0.7711,1.1566,394,422.67,1104,1169.33,0.3569,13.33,1.526,0.75,3.83,1.798,74.4,32.5,0.448,31,1
17-2-2025-11,17,2,24310,11,14,8,6,10,9.333,6.833,7.25,25,0.56,3.933,3.139,1.2874,1.931,979,602.33,1707,1341.67,0.5735,19.33,1.6484,0.6429,4.5,1.798,74.4,32.5,0.448,30,0
17-2-2025-12,17,2,24311,12,13,14,8,9,11.667,8.5,7.5,26,0.5,4.072,3.452,1.5556,1.7333,1016,796.33,1697,1502.67,0.5987,24.33,1.6508,0.5385,5.33,1.798,74.4,32.5,0.448,31,0
17-2-2026-01,17,2,24312,1,10,13,14,4,12.333,8.833,7.583,27,0.3704,4.099,3.499,1.6264,1.3187,513,836.0,1284,1562.67,0.3995,26.0,1.604,0.8,5.83,1.798,74.4,32.5,0.448,31,1
17-2-2026-02,17,2,24313,2,19,10,13,7,14.0,11.667,8.833,46,0.413,4.269,4.525,1.5849,2.1509,860,796.33,2265,1748.67,0.3797,33.0,2.3291,0.6316,7.83,1.798,74.4,32.5,0.448,28,1
17-2-2026-03,17,2,24314,3,21,19,10,9,16.667,14.167,10.0,35,0.6,4.598,5.583,1.6667,2.1,793,722.0,2094,1881.0,0.3787,36.0,1.6031,0.3333,8.17,1.798,74.4,32.5,0.448,31,0
17-2-2026-04,17,2,24315,4,22,21,19,7,20.667,16.5,11.083,41,0.5366,4.425,6.474,1.8647,1.985,904,852.33,2455,2271.33,0.3682,40.67,1.7143,0.4091,8.67,1.798,74.4,32.5,0.448,30,0
17-2-2026-05,17,2,24316,5,9,22,21,3,17.333,15.667,11.25,22,0.4091,5.217,6.392,1.5407,0.8,870,855.67,2324,2291.0,0.3744,32.67,0.9135,0.5556,8.0,1.798,74.4,32.5,0.448,31,0
17-2-2026-06,17,2,24317,6,13,9,22,8,14.667,15.667,12.083,37,0.3514,5.217,5.894,1.2138,1.0759,953,909.0,2456,2411.67,0.388,33.33,1.4095,0.3077,7.5,1.798,74.4,32.5,0.448,30,0
17-4-2026-02,17,4,24313,2,5,8,2,1,5.0,3.833,3.333,46,0.1087,2.409,2.055,1.5,1.5,390,268.0,2265,1748.67,0.1722,33.0,2.3291,0.8,1.83,1.798,74.4,32.5,0.448,28,0
17-4-2026-03,17,4,24314,3,2,5,8,3,5.0,4.0,3.417,35,0.0571,2.236,1.977,1.4634,0.5854,375,331.33,2094,1881.0,0.1791,36.0,1.6031,0.5,2.0,1.798,74.4,32.5,0.448,31,1
17-4-2026-04,17,4,24315,4,10,2,5,4,5.667,4.833,4.0,41,0.2439,3.184,2.677,1.4167,2.5,465,410.0,2455,2271.33,0.1894,40.67,1.7143,0.3,2.33,1.798,74.4,32.5,0.448,30,0
17-4-2026-05,17,4,24316,5,4,10,2,5,5.333,5.167,4.0,22,0.1818,2.967,2.677,1.3333,1.0,431,423.67,2324,2291.0,0.1855,32.67,0.9135,0.25,2.5,1.798,74.4,32.5,0.448,31,0
17-4-2026-06,17,4,24317,6,6,4,10,3,6.667,5.833,4.083,37,0.1622,2.609,2.722,1.6327,1.4694,434,443.33,2456,2411.67,0.1767,33.33,1.4095,0.0,2.17,1.798,74.4,32.5,0.448,30,1
18-1-2026-03,18,1,24314,3,3,12,2,0,5.667,3.0,2.417,29,0.1034,4.163,3.252,2.3448,1.2414,291,258.0,2094,1881.0,0.139,24.33,1.6186,1.0,2.5,2.257,59.6,22.4,0.269,31,0
18-1-2026-04,18,1,24315,4,5,3,12,3,6.667,3.833,2.833,35,0.1429,3.976,3.236,2.3529,1.7647,371,331.0,2455,2271.33,0.1511,34.0,1.7213,0.4,2.83,2.257,59.6,22.4,0.269,30,0
18-2-2024-02,18,2,24289,2,4,8,8,6,6.667,8.0,7.083,20,0.2,4.865,4.232,0.9412,0.5647,492,690.0,1240,1432.33,0.3968,16.33,1.25,0.5,4.83,2.257,59.6,22.4,0.269,28,0
18-2-2024-06,18,2,24293,6,7,8,4,3,6.333,5.167,6.5,19,0.3684,2.853,4.291,0.9744,1.0769,495,451.0,1270,1205.33,0.3898,14.33,1.2391,0.4286,2.67,2.257,59.6,22.4,0.269,30,0
18-2-2024-07,18,2,24294,7,3,7,8,8,6.0,4.333,6.5,10,0.3,2.625,4.291,0.9231,0.4615,451,455.67,1177,1207.33,0.3832,14.67,0.6593,0.6667,2.33,2.257,59.6,22.4,0.269,31,0
18-2-2024-08,18,2,24295,8,7,3,7,7,5.667,4.833,6.417,14,0.5,2.794,4.271,0.8831,1.0909,424,456.67,1103,1183.33,0.3844,14.33,0.9492,0.7143,2.83,2.257,59.6,22.4,0.269,31,0
18-2-2024-11,18,2,24298,11,11,6,1,8,6.0,5.833,5.583,26,0.4231,3.184,3.095,1.0746,1.9701,967,628.0,1701,1368.33,0.5685,16.33,1.7727,0.6364,3.5,2.257,59.6,22.4,0.269,30,0
18-2-2024-12,18,2,24299,12,8,11,6,8,8.333,6.0,5.583,18,0.4444,3.266,3.095,1.4925,1.4328,992,801.33,1744,1545.0,0.5688,20.0,1.1934,0.5,3.67,2.257,59.6,22.4,0.269,31,0
18-2-2025-01,18,2,24300,1,8,8,11,4,9.0,6.833,5.583,14,0.5714,3.023,3.095,1.6119,1.4328,553,837.33,1290,1578.33,0.4287,19.33,0.9385,0.5,4.0,2.257,59.6,22.4,0.269,31,0
18-2-2025-02,18,2,24301,2,7,8,8,0,7.667,6.833,5.833,18,0.3889,3.023,3.078,1.3143,1.2,452,665.67,1210,1414.67,0.3736,16.67,1.2203,0.7143,4.0,2.257,59.6,22.4,0.269,28,0
18-2-2025-03,18,2,24302,3,8,7,8,4,7.667,8.0,6.5,15,0.5333,1.528,2.566,1.1795,1.2308,425,476.67,1077,1192.33,0.3946,15.67,0.9945,0.5,4.67,2.257,59.6,22.4,0.269,31,0
18-2-2025-04,18,2,24303,4,1,8,7,8,5.333,7.167,6.25,6,0.1667,3.023,2.919,0.8533,0.16,407,428.0,1168,1151.67,0.3485,13.0,0.4045,0.0,4.0,2.257,59.6,22.4,0.269,30,0
18-2-2025-05,18,2,24304,5,6,1,8,7,5.0,6.333,6.083,20,0.3,2.494,2.871,0.8219,0.9863,426,419.33,1168,1137.67,0.3647,13.67,1.3115,0.5,3.33,2.257,59.6,22.4,0.269,31,1
18-2-2025-06,18,2,24305,6,8,6,1,3,5.0,6.333,6.167,16,0.5,2.494,2.911,0.8108,1.2973,427,420.0,1190,1175.33,0.3588,14.0,1.0667,0.5,3.33,2.257,59.6,22.4,0.269,30,1
18-2-2025-07,18,2,24306,7,8,8,6,7,7.333,6.333,6.583,13,0.6154,2.494,2.783,1.1139,1.2152,450,434.33,1187,1181.67,0.3791,16.33,0.8525,0.75,3.67,2.257,59.6,22.4,0.269,31,0
18-2-2025-08,18,2,24307,8,5,8,8,1,7.0,6.0,6.417,15,0.3333,2.517,2.812,1.0909,0.7792,440,439.0,1190,1189.0,0.3697,14.67,0.9783,0.4,3.17,2.257,59.6,22.4,0.269,31,0
18-2-2025-09,18,2,24308,9,5,5,8,6,6.0,5.5,6.75,22,0.2273,2.363,2.35,0.8889,0.7407,434,441.33,1214,1197.0,0.3575,16.67,1.3266,0.2,2.67,2.257,59.6,22.4,0.269,30,0
18-2-2025-11,18,2,24310,11,12,4,5,8,7.0,7.0,6.667,18,0.6667,2.708,2.625,1.05,1.8,979,602.33,1707,1341.67,0.5735,18.67,1.1309,0.5,3.5,2.257,59.6,22.4,0.269,30,1
18-2-2025-12,18,2,24311,12,11,12,4,8,9.0,7.5,6.917,16,0.6875,3.096,2.871,1.3012,1.5904,1016,796.33,1697,1502.67,0.5987,16.67,1.0159,0.7273,4.17,2.257,59.6,22.4,0.269,31,0
18-2-2026-01,18,2,24312,1,1,11,12,7,8.0,6.333,6.333,6,0.1667,3.902,3.274,1.2632,0.1579,513,836.0,1284,1562.67,0.3995,13.33,0.3978,0.0,3.17,2.257,59.6,22.4,0.269,31,0
18-2-2026-02,18,2,24313,2,11,1,11,8,7.667,7.333,6.667,38,0.2895,4.19,3.52,1.15,1.65,860,796.33,2265,1748.67,0.3797,20.0,2.2687,0.7273,4.17,2.257,59.6,22.4,0.269,28,0
18-2-2026-03,18,2,24314,3,9,11,1,1,7.0,8.0,6.75,29,0.3103,4.082,3.562,1.037,1.3333,793,722.0,2094,1881.0,0.3787,24.33,1.6186,0.4444,4.67,2.257,59.6,22.4,0.269,31,1
18-2-2026-04,18,2,24315,4,10,9,11,6,10.0,9.0,7.5,35,0.2857,3.697,3.202,1.3333,1.3333,904,852.33,2455,2271.33,0.3682,34.0,1.7213,0.5,5.17,2.257,59.6,22.4,0.269,30,0
18-2-2026-05,18,2,24316,5,11,10,9,8,10.0,8.833,7.917,27,0.4074,3.578,3.303,1.2632,1.3895,870,855.67,2324,2291.0,0.3744,30.33,1.2908,0.6364,5.33,2.257,59.6,22.4,0.269,31,0
18-2-2026-06,18,2,24317,6,7,11,10,8,9.333,8.167,7.833,20,0.35,3.484,3.312,1.1915,0.8936,953,909.0,2456,2411.67,0.388,27.33,0.9412,0.7143,4.83,2.257,59.6,22.4,0.269,30,0
18-4-2026-04,18,4,24315,4,11,7,5,2,7.667,4.5,3.5,35,0.3143,3.686,3.122,2.1905,3.1429,465,410.0,2455,2271.33,0.1894,34.0,1.7213,0.5455,2.67,2.257,59.6,22.4,0.269,30,0
18-4-2026-05,18,4,24316,5,4,11,7,2,7.333,4.833,3.667,27,0.1481,3.532,3.091,2.0,1.0909,431,423.67,2324,2291.0,0.1855,30.33,1.2908,0.5,2.83,2.257,59.6,22.4,0.269,31,0
18-4-2026-06,18,4,24317,6,0,4,11,0,5.0,4.5,3.5,20,0.0,3.862,3.227,1.4286,0.0,434,443.33,2456,2411.67,0.1767,27.33,0.9412,0.0,2.5,2.257,59.6,22.4,0.269,30,0
19-2-2024-02,19,2,24289,2,5,1,14,2,6.667,8.5,6.75,10,0.5,4.717,4.003,0.9877,0.7407,492,690.0,1240,1432.33,0.3968,14.33,0.6557,0.4,4.67,1.993,70.5,24.4,0.366,28,0
19-2-2024-12,19,2,24299,12,12,7,2,1,7.0,4.833,4.25,13,0.9231,3.67,2.919,1.6471,2.8235,992,801.33,1744,1545.0,0.5688,12.67,1.1471,0.5,2.83,1.993,70.5,24.4,0.366,31,0
19-2-2025-01,19,2,24300,1,3,12,7,5,7.333,5.0,4.417,12,0.25,3.559,2.783,1.6604,0.6792,553,837.33,1290,1578.33,0.4287,13.67,1.0435,0.3333,3.0,1.993,70.5,24.4,0.366,31,0
19-2-2025-02,19,2,24301,2,8,3,12,2,7.667,6.0,4.667,18,0.4444,3.416,2.953,1.6429,1.7143,452,665.67,1210,1414.67,0.3736,14.33,1.4795,0.5,3.33,1.993,70.5,24.4,0.366,28,0
19-2-2025-03,19,2,24302,3,5,8,3,4,5.333,6.167,4.917,10,0.5,3.337,2.842,1.0847,1.0169,425,476.67,1077,1192.33,0.3946,13.33,0.8276,0.8,3.5,1.993,70.5,24.4,0.366,31,0
19-2-2025-04,19,2,24303,4,3,5,8,4,5.333,6.333,4.833,10,0.3,3.145,2.882,1.1034,0.6207,407,428.0,1168,1151.67,0.3485,12.67,0.8451,0.6667,3.5,1.993,70.5,24.4,0.366,30,0
19-2-2025-11,19,2,24310,11,7,4,4,12,5.0,4.333,5.167,18,0.3889,1.886,2.734,0.9677,1.3548,979,602.33,1707,1341.67,0.5735,14.33,1.3846,0.7143,2.5,1.993,70.5,24.4,0.366,30,1
19-2-2025-12,19,2,24311,12,10,7,4,3,7.0,5.833,5.0,17,0.5882,2.192,2.345,1.4,2.0,1016,796.33,1697,1502.67,0.5987,16.33,1.275,0.8,3.67,1.993,70.5,24.4,0.366,31,0
19-2-2026-01,19,2,24312,1,6,10,7,8,7.667,6.167,5.25,15,0.4,2.034,2.278,1.4603,1.1429,513,836.0,1284,1562.67,0.3995,16.67,1.1043,0.1667,3.5,1.993,70.5,24.4,0.366,31,0
19-2-2026-02,19,2,24313,2,6,6,10,5,7.333,6.167,5.083,17,0.3529,2.034,2.139,1.4426,1.1803,860,796.33,2265,1748.67,0.3797,16.33,1.2593,0.5,3.5,1.993,70.5,24.4,0.366,28,0
19-2-2026-03,19,2,24314,3,8,6,6,3,6.667,6.833,5.333,21,0.381,1.863,2.285,1.25,1.5,793,722.0,2094,1881.0,0.3787,17.67,1.4566,0.625,4.0,1.993,70.5,24.4,0.366,31,0
19-2-2026-04,19,2,24315,4,6,8,6,5,6.667,7.167,5.583,20,0.3,1.462,2.178,1.194,1.0746,904,852.33,2455,2271.33,0.3682,19.33,1.3115,0.3333,4.0,1.993,70.5,24.4,0.366,30,0
19-2-2026-05,19,2,24316,5,7,6,8,1,7.0,7.167,5.75,25,0.28,1.462,2.203,1.2174,1.2174,870,855.67,2324,2291.0,0.3744,22.0,1.5385,0.4286,3.67,1.993,70.5,24.4,0.366,31,1
19-2-2026-06,19,2,24317,6,12,7,6,4,8.333,7.5,6.667,21,0.5714,2.141,2.321,1.25,1.8,953,909.0,2456,2411.67,0.388,22.0,1.2537,0.5833,3.5,1.993,70.5,24.4,0.366,30,0
2-1-2024-02,2,1,24289,2,8,12,5,9,8.333,8.5,7.75,70,0.1143,2.217,2.42,1.0753,1.0323,146,158.67,1240,1432.33,0.1177,74.0,1.1053,0.875,6.17,2.472,77.9,30.6,1.075,28,1
2-1-2024-03,2,1,24290,3,12,8,12,5,10.667,8.833,8.0,64,0.1875,2.544,2.677,1.3333,1.5,168,162.33,1148,1225.0,0.1463,68.67,1.0105,0.8333,7.17,2.472,77.9,30.6,1.075,31,0
2-1-2024-04,2,1,24291,4,9,12,8,7,9.667,8.833,8.333,80,0.1125,2.544,2.528,1.16,1.08,170,161.33,1171,1186.33,0.1452,71.33,1.2245,0.5556,7.0,2.472,77.9,30.6,1.075,30,1
2-1-2024-05,2,1,24292,5,18,9,12,4,13.0,10.667,9.25,64,0.2812,4.069,3.631,1.4054,1.9459,182,173.33,1175,1164.67,0.1549,69.33,0.96,0.3333,7.0,2.472,77.9,30.6,1.075,31,0
2-1-2024-06,2,1,24293,6,7,18,9,6,11.333,11.0,9.5,65,0.1077,3.651,3.354,1.193,0.7368,174,175.33,1270,1205.33,0.137,69.67,0.9535,0.5714,7.33,2.472,77.9,30.6,1.075,30,0
2-1-2024-07,2,1,24294,7,10,7,18,11,11.667,10.667,9.833,78,0.1282,3.636,3.184,1.1864,1.0169,147,167.67,1177,1207.33,0.1249,69.0,1.109,0.7,6.5,2.472,77.9,30.6,1.075,31,0
2-1-2024-08,2,1,24295,8,11,10,7,10,9.333,11.167,9.833,69,0.1594,3.436,3.184,0.9492,1.1186,149,156.67,1103,1183.33,0.1351,70.67,0.9764,0.6364,6.5,2.472,77.9,30.6,1.075,31,0
2-1-2024-09,2,1,24296,9,11,11,10,9,10.667,11.0,9.917,65,0.1692,3.416,3.2,1.0756,1.1092,169,155.0,1214,1164.67,0.1392,70.67,0.9059,0.5455,5.83,2.472,77.9,30.6,1.075,30,0
2-1-2024-10,2,1,24297,10,6,11,11,7,9.333,10.5,9.667,71,0.0845,3.862,3.375,0.9655,0.6207,135,151.0,1190,1169.0,0.1134,68.33,0.9726,0.5,5.5,2.472,77.9,30.6,1.075,31,0
2-1-2024-11,2,1,24298,11,5,6,11,5,7.333,8.333,9.5,79,0.0633,2.427,3.547,0.7719,0.5263,154,152.67,1701,1368.33,0.0905,71.67,1.1062,0.4,4.83,2.472,77.9,30.6,1.075,30,0
2-1-2024-12,2,1,24299,12,7,5,6,12,6.0,8.333,9.667,99,0.0707,2.427,3.375,0.6207,0.7241,175,154.67,1744,1545.0,0.1003,83.0,1.3562,0.4286,4.67,2.472,77.9,30.6,1.075,31,1
2-1-2025-01,2,1,24300,1,13,7,5,8,8.333,8.833,9.75,78,0.1667,2.967,3.443,0.8547,1.3333,151,160.0,1290,1578.33,0.1171,85.33,1.0612,0.5385,4.67,2.472,77.9,30.6,1.075,31,0
2-1-2025-02,2,1,24301,2,7,13,7,12,9.0,8.167,9.667,51,0.1373,2.853,3.496,0.931,0.7241,162,162.67,1210,1414.67,0.1339,76.0,0.7092,0.4286,4.0,2.472,77.9,30.6,1.075,28,0
2-1-2025-03,2,1,24302,3,9,7,13,9,9.667,7.833,9.417,62,0.1452,2.609,3.427,1.0265,0.9558,131,148.0,1077,1192.33,0.1216,63.67,0.8641,0.4444,3.67,2.472,77.9,30.6,1.075,31,0
2-1-2025-04,2,1,24303,4,10,9,7,18,8.667,8.5,9.5,57,0.1754,2.566,3.428,0.9123,1.0526,159,150.67,1168,1151.67,0.1361,56.67,0.8162,0.5,4.0,2.472,77.9,30.6,1.075,30,0
2-1-2025-05,2,1,24304,5,6,10,9,7,8.333,8.667,8.5,48,0.125,2.357,2.398,0.9804,0.7059,199,163.0,1168,1137.67,0.1704,55.67,0.7007,0.1667,3.83,2.472,77.9,30.6,1.075,31,0
2-1-2025-06,2,1,24305,6,10,6,10,10,8.667,9.167,8.75,73,0.137,2.267,2.385,0.9905,1.1429,183,180.33,1190,1175.33,0.1538,59.33,1.0554,0.4,4.0,2.472,77.9,30.6,1.075,30,0
2-1-2025-07,2,1,24306,7,11,10,6,11,9.0,8.833,8.833,59,0.1864,1.772,2.444,1.0189,1.2453,149,177.0,1187,1181.67,0.1255,60.0,0.873,0.4545,3.67,2.472,77.9,30.6,1.075,31,0
2-1-2025-08,2,1,24307,8,7,11,10,11,9.333,8.833,8.5,63,0.1111,1.772,2.398,1.098,0.8235,171,167.67,1190,1189.0,0.1437,65.0,0.9391,0.7143,4.0,2.472,77.9,30.6,1.075,31,0
2-1-2025-09,2,1,24308,9,6,7,11,6,8.0,8.333,8.083,64,0.0938,2.055,2.361,0.9897,0.7423,146,155.33,1214,1197.0,0.1203,62.0,0.9552,0.5,3.83,2.472,77.9,30.6,1.075,30,0
2-1-2025-10,2,1,24309,10,3,6,7,5,5.333,7.167,7.833,53,0.0566,2.672,2.703,0.6809,0.383,155,157.33,1104,1169.33,0.1404,60.0,0.8092,0.0,3.0,2.472,77.9,30.6,1.075,31,0
2-1-2025-11,2,1,24310,11,7,3,6,7,5.333,7.333,8.0,91,0.0769,2.625,2.582,0.6667,0.875,160,153.67,1707,1341.67,0.0937,69.33,1.3684,0.5714,3.5,2.472,77.9,30.6,1.075,30,0
2-1-2025-12,2,1,24311,12,5,7,3,13,5.0,6.5,7.833,96,0.0521,2.432,2.703,0.6383,0.6383,157,157.33,1697,1502.67,0.0925,80.0,1.4491,0.4,3.17,2.472,77.9,30.6,1.075,31,1
2-1-2026-01,2,1,24312,1,8,5,7,7,6.667,6.0,7.417,56,0.1429,1.633,2.216,0.8989,1.0787,152,156.33,1284,1562.67,0.1184,81.0,0.8693,0.5,3.0,2.472,77.9,30.6,1.075,31,1
2-1-2026-02,2,1,24313,2,17,8,5,9,10.0,7.667,8.25,117,0.1453,4.46,3.443,1.2121,2.0606,331,213.33,2265,1748.67,0.1461,89.67,1.6734,0.6471,4.0,2.472,77.9,30.6,1.075,28,0
2-1-2026-03,2,1,24314,3,12,17,8,10,12.333,8.667,8.5,104,0.1154,4.643,3.594,1.451,1.4118,291,258.0,2094,1881.0,0.139,92.33,1.4166,0.5,4.5,2.472,77.9,30.6,1.075,31,0
2-1-2026-04,2,1,24315,4,17,12,17,6,15.333,11.0,9.083,133,0.1278,4.726,4.291,1.6881,1.8716,371,331.0,2455,2271.33,0.1511,118.0,1.6677,0.4118,5.67,2.472,77.9,30.6,1.075,30,0
2-1-2026-05,2,1,24316,5,19,17,12,10,16.0,13.0,10.167,126,0.1508,5.132,4.964,1.5738,1.8689,331,331.0,2324,2291.0,0.1424,121.0,1.4609,0.4211,6.33,2.472,77.9,30.6,1.075,31,1
2-1-2026-06,2,1,24317,6,24,19,17,11,20.0,16.167,11.333,137,0.1752,5.08,6.263,1.7647,2.1176,356,352.67,2456,2411.67,0.145,132.0,1.4959,0.5417,8.17,2.472,77.9,30.6,1.075,30,0
2-2-2024-02,2,2,24289,2,34,26,53,29,37.667,35.333,27.667,70,0.4857,15.542,13.792,1.3614,1.2289,492,690.0,1240,1432.33,0.3968,74.0,1.1053,0.5294,18.0,2.472,77.9,30.6,1.075,28,0
2-2-2024-03,2,2,24290,3,25,34,26,21,28.333,36.667,27.333,64,0.3906,14.197,13.804,1.0366,0.9146,425,477.67,1148,1225.0,0.3702,68.67,1.0105,0.72,19.33,2.472,77.9,30.6,1.075,31,0
2-2-2024-04,2,2,24291,4,35,25,34,18,31.333,38.667,28.5,80,0.4375,12.919,13.811,1.0994,1.2281,437,451.33,1171,1186.33,0.3732,71.33,1.2245,0.5429,20.67,2.472,77.9,30.6,1.075,30,0
2-2-2024-05,2,2,24292,5,19,35,25,15,26.333,32.0,28.583,64,0.2969,10.863,13.751,0.9213,0.6647,421,427.67,1175,1164.67,0.3583,69.33,0.96,0.6316,17.5,2.472,77.9,30.6,1.075,31,0
2-2-2024-06,2,2,24293,6,27,19,35,16,27.0,27.667,29.583,65,0.4154,5.467,13.15,0.9127,0.9127,495,451.0,1270,1205.33,0.3898,69.67,0.9535,0.5926,15.5,2.472,77.9,30.6,1.075,30,0
2-2-2024-07,2,2,24294,7,27,27,19,21,24.333,27.833,30.5,78,0.3462,5.429,12.54,0.7978,0.8852,451,455.67,1177,1207.33,0.3832,69.0,1.109,0.4444,15.83,2.472,77.9,30.6,1.075,31,0
2-2-2024-08,2,2,24295,8,28,27,27,17,27.333,26.833,31.083,69,0.4058,4.705,12.244,0.8794,0.9008,424,456.67,1103,1183.33,0.3844,70.67,0.9764,0.5357,15.33,2.472,77.9,30.6,1.075,31,0
2-2-2024-09,2,2,24296,9,24,28,27,23,26.333,26.667,31.667,65,0.3692,4.784,11.714,0.8316,0.7579,472,449.0,1214,1164.67,0.3888,70.67,0.9059,0.5833,14.67,2.472,77.9,30.6,1.075,30,0
2-2-2024-10,2,2,24297,10,23,24,28,59,25.0,24.667,31.667,71,0.3239,3.091,11.714,0.7895,0.7263,445,447.0,1190,1169.0,0.3739,68.33,0.9726,0.4348,13.17,2.472,77.9,30.6,1.075,31,1
2-2-2024-11,2,2,24298,11,48,23,24,53,31.667,29.5,30.75,79,0.6076,8.461,9.816,1.0298,1.561,967,628.0,1701,1368.33,0.5685,71.67,1.1062,0.375,14.17,2.472,77.9,30.6,1.075,30,1
2-2-2024-12,2,2,24299,12,65,48,23,26,45.333,35.833,31.75,99,0.6566,15.507,12.323,1.4278,2.0472,992,801.33,1744,1545.0,0.5688,83.0,1.3562,0.5538,17.5,2.472,77.9,30.6,1.075,31,0
2-2-2025-01,2,2,24300,1,32,65,48,34,48.333,36.667,32.25,78,0.4103,15.14,12.201,1.4987,0.9922,553,837.33,1290,1578.33,0.4287,85.33,1.0612,0.5312,18.33,2.472,77.9,30.6,1.075,31,0
2-2-2025-02,2,2,24301,2,19,32,65,25,38.667,35.167,31.0,51,0.3725,16.324,12.715,1.2473,0.6129,452,665.67,1210,1414.67,0.3736,76.0,0.7092,0.3684,17.0,2.472,77.9,30.6,1.075,28,0
2-2-2025-03,2,2,24302,3,22,19,32,35,24.333,34.833,30.75,62,0.3548,16.567,12.859,0.7913,0.7154,425,476.67,1077,1192.33,0.3946,63.67,0.8641,0.5455,16.67,2.472,77.9,30.6,1.075,31,0
2-2-2025-04,2,2,24303,4,22,22,19,19,21.0,34.667,29.667,57,0.386,16.69,13.002,0.7079,0.7416,407,428.0,1168,1151.67,0.3485,56.67,0.8162,0.5,16.83,2.472,77.9,30.6,1.075,30,0
2-2-2025-05,2,2,24304,5,18,22,22,27,20.667,29.667,29.583,48,0.375,16.438,13.073,0.6986,0.6085,426,419.33,1168,1137.67,0.3647,55.67,0.7007,0.5,15.33,2.472,77.9,30.6,1.075,31,1
2-2-2025-06,2,2,24305,6,29,18,22,27,23.0,23.667,29.75,73,0.3973,5.121,13.052,0.7731,0.9748,427,420.0,1190,1175.33,0.3588,59.33,1.0554,0.5172,11.83,2.472,77.9,30.6,1.075,30,0
2-2-2025-07,2,2,24306,7,21,29,18,28,22.667,21.833,29.25,59,0.3559,3.532,13.261,0.7749,0.7179,450,434.33,1187,1181.67,0.3791,60.0,0.873,0.381,10.33,2.472,77.9,30.6,1.075,31,0
2-2-2025-08,2,2,24307,8,23,21,29,24,24.333,22.5,28.833,63,0.3651,3.304,13.372,0.8439,0.7977,440,439.0,1190,1189.0,0.3697,65.0,0.9391,0.6087,11.5,2.472,77.9,30.6,1.075,31,0
2-2-2025-09,2,2,24308,9,30,23,21,23,24.667,23.833,29.333,64,0.4688,4.298,13.294,0.8409,1.0227,434,441.33,1214,1197.0,0.3575,62.0,0.9552,0.5667,12.33,2.472,77.9,30.6,1.075,30,0
2-2-2025-10,2,2,24309,10,19,30,23,48,24.0,23.333,29.0,53,0.3585,4.643,13.497,0.8276,0.6552,394,422.67,1104,1169.33,0.3569,60.0,0.8092,0.4737,12.0,2.472,77.9,30.6,1.075,31,1
2-2-2025-11,2,2,24310,11,49,19,30,65,32.667,28.5,29.083,91,0.5385,9.996,13.617,1.1232,1.6848,979,602.33,1707,1341.67,0.5735,69.33,1.3684,0.5918,15.33,2.472,77.9,30.6,1.075,30,1
2-2-2025-12,2,2,24311,12,59,49,19,32,42.333,33.5,28.583,96,0.6146,15.163,12.339,1.481,2.0641,1016,796.33,1697,1502.67,0.5987,80.0,1.4491,0.5254,18.0,2.472,77.9,30.6,1.075,31,0
2-2-2026-01,2,2,24312,1,23,59,49,19,43.667,33.833,27.833,56,0.4107,14.904,12.382,1.5689,0.8263,513,836.0,1284,1562.67,0.3995,81.0,0.8693,0.5217,18.67,2.472,77.9,30.6,1.075,31,0
2-2-2026-02,2,2,24313,2,47,23,59,22,43.0,37.833,30.167,117,0.4017,14.679,13.114,1.4254,1.558,860,796.33,2265,1748.67,0.3797,89.67,1.6734,0.5106,20.33,2.472,77.9,30.6,1.075,28,0
2-2-2026-03,2,2,24314,3,42,47,23,22,37.333,39.833,31.833,104,0.4038,14.288,13.24,1.1728,1.3194,793,722.0,2094,1881.0,0.3787,92.33,1.4166,0.5476,21.33,2.472,77.9,30.6,1.075,31,0
2-2-2026-04,2,2,24315,4,51,42,47,18,46.667,45.167,34.25,133,0.3835,11.142,13.857,1.3625,1.4891,904,852.33,2455,2271.33,0.3682,118.0,1.6677,0.5098,24.17,2.472,77.9,30.6,1.075,30,0
2-2-2026-05,2,2,24316,5,47,51,42,29,46.667,44.833,36.667,126,0.373,11.052,13.331,1.2727,1.2818,870,855.67,2324,2291.0,0.3744,121.0,1.4609,0.5957,24.0,2.472,77.9,30.6,1.075,31,0
2-2-2026-06,2,2,24317,6,53,47,51,21,50.333,43.833,38.667,137,0.3869,9.94,13.822,1.3017,1.3707,953,909.0,2456,2411.67,0.388,132.0,1.4959,0.6604,24.67,2.472,77.9,30.6,1.075,30,0
2-3-2024-04,2,3,24291,4,12,3,1,2,5.333,4.5,3.917,80,0.15,3.5,2.66,1.3617,3.0638,100,95.0,1171,1186.33,0.0854,71.33,1.2245,0.6667,2.83,2.472,77.9,30.6,1.075,30,0
2-3-2024-05,2,3,24292,5,3,12,3,4,6.0,4.333,4.0,64,0.0469,3.543,2.614,1.5,0.75,92,90.67,1175,1164.67,0.0783,69.33,0.96,0.6667,2.83,2.472,77.9,30.6,1.075,31,0
2-3-2024-06,2,3,24293,6,4,3,12,4,6.333,4.333,4.0,65,0.0615,3.543,2.614,1.5833,1.0,87,93.0,1270,1205.33,0.0685,69.67,0.9535,0.25,2.67,2.472,77.9,30.6,1.075,30,1
2-3-2024-07,2,3,24294,7,9,4,3,3,5.333,5.333,4.417,78,0.1154,3.859,2.957,1.2075,2.0377,105,94.67,1177,1207.33,0.0892,69.0,1.109,0.6667,3.17,2.472,77.9,30.6,1.075,31,0
2-3-2024-08,2,3,24295,8,6,9,4,2,6.333,6.167,4.667,69,0.087,3.337,2.953,1.3571,1.2857,94,95.33,1103,1183.33,0.0852,70.67,0.9764,0.3333,3.5,2.472,77.9,30.6,1.075,31,0
2-3-2024-09,2,3,24296,9,6,6,9,5,7.0,6.667,5.0,65,0.0923,3.037,2.858,1.4,1.2,95,98.0,1214,1164.67,0.0783,70.67,0.9059,0.1667,3.33,2.472,77.9,30.6,1.075,30,0
2-3-2024-10,2,3,24297,10,4,6,6,4,5.333,5.333,4.917,71,0.0563,1.972,2.871,1.0847,0.8136,78,89.0,1190,1169.0,0.0655,68.33,0.9726,0.75,2.5,2.472,77.9,30.6,1.075,31,0
2-3-2024-11,2,3,24298,11,7,4,6,4,5.667,6.0,5.167,79,0.0886,1.732,2.911,1.0968,1.3548,102,91.67,1701,1368.33,0.06,71.67,1.1062,0.5714,2.83,2.472,77.9,30.6,1.075,30,0
2-3-2024-12,2,3,24299,12,5,7,4,3,5.333,6.167,5.25,99,0.0505,1.572,2.89,1.0159,0.9524,116,98.67,1744,1545.0,0.0665,83.0,1.3562,0.6,3.17,2.472,77.9,30.6,1.075,31,0
2-3-2025-01,2,3,24300,1,3,5,7,1,5.0,5.167,5.25,78,0.0385,1.344,2.89,0.9524,0.5714,91,103.0,1290,1578.33,0.0705,85.33,1.0612,0.6667,2.5,2.472,77.9,30.6,1.075,31,0
2-3-2025-07,2,3,24306,7,4,10,3,6,5.667,4.333,4.75,59,0.0678,3.249,2.521,1.193,0.8421,83,82.0,1187,1181.67,0.0699,60.0,0.873,0.25,2.5,2.472,77.9,30.6,1.075,31,1
2-3-2025-08,2,3,24307,8,10,4,10,6,8.0,5.833,5.083,63,0.1587,3.436,2.9,1.5738,1.9672,88,87.0,1190,1189.0,0.0739,65.0,0.9391,0.6,3.5,2.472,77.9,30.6,1.075,31,0
2-3-2025-09,2,3,24308,9,4,10,4,4,6.0,5.333,4.917,64,0.0625,3.448,2.9,1.2203,0.8136,115,95.33,1214,1197.0,0.0947,62.0,0.9552,0.25,3.0,2.472,77.9,30.6,1.075,30,0
2-3-2025-10,2,3,24309,10,7,4,10,7,7.0,6.333,5.167,53,0.1321,2.867,2.939,1.3548,1.3548,83,95.33,1104,1169.33,0.0752,60.0,0.8092,0.4286,3.33,2.472,77.9,30.6,1.075,31,0
2-3-2025-11,2,3,24310,11,6,7,4,5,5.667,6.833,5.083,91,0.0659,2.478,2.9,1.1148,1.1803,104,100.67,1707,1341.67,0.0609,69.33,1.3684,0.3333,3.5,2.472,77.9,30.6,1.075,30,0
2-3-2025-12,2,3,24311,12,4,6,7,3,5.667,5.833,5.0,96,0.0417,2.192,2.915,1.1333,0.8,81,89.33,1697,1502.67,0.0477,80.0,1.4491,0.75,2.67,2.472,77.9,30.6,1.075,31,0
2-3-2026-02,2,3,24313,2,7,4,4,7,5.0,5.333,5.583,117,0.0598,1.374,2.629,0.8955,1.2537,200,128.33,2265,1748.67,0.0883,89.67,1.6734,0.5714,2.67,2.472,77.9,30.6,1.075,28,0
2-3-2026-03,2,3,24314,3,7,7,4,1,6.0,5.833,5.583,104,0.0673,1.344,2.629,1.0746,1.2537,164,156.0,2094,1881.0,0.0783,92.33,1.4166,0.2857,2.83,2.472,77.9,30.6,1.075,31,1
2-3-2026-04,2,3,24315,4,12,7,7,3,8.667,6.667,6.5,133,0.0902,2.687,2.784,1.3333,1.8462,191,185.0,2455,2271.33,0.0778,118.0,1.6677,0.75,3.83,2.472,77.9,30.6,1.075,30,0
2-3-2026-05,2,3,24316,5,10,12,7,10,9.667,7.333,7.083,126,0.0794,2.925,2.722,1.3647,1.4118,193,182.67,2324,2291.0,0.083,121.0,1.4609,0.5,4.33,2.472,77.9,30.6,1.075,31,0
2-3-2026-06,2,3,24317,6,7,10,12,4,9.667,7.833,6.833,137,0.0511,2.544,2.577,1.4146,1.0244,180,188.0,2456,2411.67,0.0733,132.0,1.4959,0.7143,4.67,2.472,77.9,30.6,1.075,30,0
2-4-2024-02,2,4,24289,2,15,10,8,13,11.0,11.833,11.0,70,0.2143,2.339,3.342,1.0,1.3636,220,220.33,1240,1432.33,0.1774,74.0,1.1053,0.7333,7.0,2.472,77.9,30.6,1.075,28,0
2-4-2024-03,2,4,24290,3,11,15,10,5,12.0,11.667,10.833,64,0.1719,2.357,3.287,1.1077,1.0154,236,228.0,1148,1225.0,0.2056,68.67,1.0105,0.3636,6.5,2.472,77.9,30.6,1.075,31,0
2-4-2024-04,2,4,24291,4,9,11,15,10,11.667,11.167,11.167,80,0.1125,2.544,2.853,1.0448,0.806,210,222.0,1171,1186.33,0.1793,71.33,1.2245,0.5556,6.17,2.472,77.9,30.6,1.075,30,0
2-4-2024-05,2,4,24292,5,8,9,11,5,9.333,10.167,11.0,64,0.125,2.409,2.972,0.8485,0.7273,214,220.0,1175,1164.67,0.1821,69.33,0.96,0.5,5.67,2.472,77.9,30.6,1.075,31,0
2-4-2024-06,2,4,24293,6,12,8,9,15,9.667,10.833,11.583,65,0.1846,2.267,2.361,0.8345,1.036,244,222.67,1270,1205.33,0.1921,69.67,0.9535,0.75,6.33,2.472,77.9,30.6,1.075,30,0
2-4-2024-07,2,4,24294,7,9,12,8,13,9.667,10.667,11.083,78,0.1154,2.357,2.216,0.8722,0.812,214,224.0,1177,1207.33,0.1818,69.0,1.109,0.6667,6.5,2.472,77.9,30.6,1.075,31,0
2-4-2024-08,2,4,24295,8,11,9,12,12,10.667,10.0,10.917,69,0.1594,1.414,2.139,0.9771,1.0076,189,215.67,1103,1183.33,0.1714,70.67,0.9764,0.6364,5.83,2.472,77.9,30.6,1.075,31,0
2-4-2024-09,2,4,24296,9,10,11,9,12,10.0,9.833,10.75,65,0.1538,1.344,2.126,0.9302,0.9302,224,209.0,1214,1164.67,0.1845,70.67,0.9059,0.4,5.83,2.472,77.9,30.6,1.075,30,0
2-4-2024-10,2,4,24297,10,14,10,11,14,11.667,10.667,10.917,71,0.1972,1.972,2.29,1.0687,1.2824,229,214.0,1190,1169.0,0.1924,68.33,0.9726,0.7143,6.67,2.472,77.9,30.6,1.075,31,0
2-4-2024-11,2,4,24298,11,10,14,10,8,11.333,11.0,10.583,79,0.1266,1.633,2.1,1.0709,0.9449,215,222.67,1701,1368.33,0.1264,71.67,1.1062,0.2,6.33,2.472,77.9,30.6,1.075,30,0
2-4-2024-12,2,4,24299,12,10,10,14,10,11.333,10.667,10.75,99,0.101,1.599,1.963,1.0543,0.9302,202,215.33,1744,1545.0,0.1158,83.0,1.3562,0.1,5.0,2.472,77.9,30.6,1.075,31,0
2-4-2025-01,2,4,24300,1,14,10,10,15,11.333,11.5,11.083,78,0.1795,1.803,2.139,1.0226,1.2632,238,218.33,1290,1578.33,0.1845,85.33,1.0612,0.6429,5.5,2.472,77.9,30.6,1.075,31,0
2-4-2025-02,2,4,24301,2,9,14,10,11,11.0,11.167,10.583,51,0.1765,2.034,1.847,1.0394,0.8504,229,223.0,1210,1414.67,0.1893,76.0,0.7092,0.4444,5.0,2.472,77.9,30.6,1.075,28,0
2-4-2025-03,2,4,24302,3,13,9,14,9,12.0,11.667,10.75,62,0.2097,2.055,1.963,1.1163,1.2093,209,225.33,1077,1192.33,0.1941,63.67,0.8641,0.3846,5.17,2.472,77.9,30.6,1.075,31,0
2-4-2025-04,2,4,24303,4,11,13,9,8,11.0,11.167,10.917,57,0.193,1.772,1.891,1.0076,1.0076,221,219.67,1168,1151.67,0.1892,56.67,0.8162,0.7273,4.83,2.472,77.9,30.6,1.075,30,0
2-4-2025-05,2,4,24304,5,6,11,13,12,10.0,10.5,10.75,48,0.125,2.63,2.203,0.9302,0.5581,211,213.67,1168,1137.67,0.1807,55.67,0.7007,0.1667,4.67,2.472,77.9,30.6,1.075,31,0
2-4-2025-06,2,4,24305,6,8,6,11,9,8.333,10.167,10.417,73,0.1096,2.794,2.29,0.8,0.768,194,208.67,1190,1175.33,0.163,59.33,1.0554,0.375,5.0,2.472,77.9,30.6,1.075,30,0
2-4-2025-07,2,4,24306,7,9,8,6,11,7.667,9.333,10.417,59,0.1525,2.211,2.29,0.736,0.864,214,206.33,1187,1181.67,0.1803,60.0,0.873,0.7778,4.67,2.472,77.9,30.6,1.075,31,0
2-4-2025-08,2,4,24307,8,8,9,8,10,8.333,9.167,10.167,63,0.127,2.267,2.375,0.8197,0.7869,214,207.33,1190,1189.0,0.1798,65.0,0.9391,0.25,4.33,2.472,77.9,30.6,1.075,31,0
2-4-2025-09,2,4,24308,9,10,8,9,14,9.0,8.667,10.167,64,0.1562,1.599,2.375,0.8852,0.9836,237,221.67,1214,1197.0,0.1952,62.0,0.9552,0.4,4.17,2.472,77.9,30.6,1.075,30,0
2-4-2025-10,2,4,24309,10,8,10,8,10,8.667,8.167,9.667,53,0.1509,1.213,2.134,0.8966,0.8276,215,222.0,1104,1169.33,0.1947,60.0,0.8092,0.5,3.5,2.472,77.9,30.6,1.075,31,1
2-4-2025-11,2,4,24310,11,16,8,10,10,11.333,9.833,10.167,91,0.1758,2.853,2.764,1.1148,1.5738,210,220.67,1707,1341.67,0.123,69.33,1.3684,0.4375,4.5,2.472,77.9,30.6,1.075,30,0
2-4-2025-12,2,4,24311,12,10,16,8,14,11.333,10.167,10.167,96,0.1042,2.734,2.764,1.1148,0.9836,185,203.33,1697,1502.67,0.109,80.0,1.4491,0.8,5.33,2.472,77.9,30.6,1.075,31,0
2-4-2026-01,2,4,24312,1,10,10,16,9,12.0,10.333,9.833,56,0.1786,2.687,2.511,1.2203,1.0169,229,208.0,1284,1562.67,0.1783,81.0,0.8693,0.6,5.17,2.472,77.9,30.6,1.075,31,1
2-4-2026-02,2,4,24313,2,19,10,10,13,13.0,12.167,10.667,117,0.1624,3.933,3.543,1.2188,1.7812,390,268.0,2265,1748.67,0.1722,89.67,1.6734,0.4737,6.33,2.472,77.9,30.6,1.075,28,1
2-4-2026-03,2,4,24314,3,19,19,10,11,16.0,13.667,11.167,104,0.1827,4.497,4.2,1.4328,1.7015,375,331.33,2094,1881.0,0.1791,92.33,1.4166,0.6316,7.67,2.472,77.9,30.6,1.075,31,0
2-4-2026-04,2,4,24315,4,22,19,19,6,20.0,16.0,12.083,133,0.1654,4.583,5.155,1.6552,1.8207,465,410.0,2455,2271.33,0.1894,118.0,1.6677,0.4545,8.67,2.472,77.9,30.6,1.075,30,0
2-4-2026-05,2,4,24316,5,23,22,19,8,21.333,17.167,13.5,126,0.1825,5.273,5.605,1.5802,1.7037,431,423.67,2324,2291.0,0.1855,121.0,1.4609,0.6957,10.17,2.472,77.9,30.6,1.075,31,0
2-4-2026-06,2,4,24317,6,21,23,22,9,22.0,19.0,14.583,137,0.1533,4.282,5.693,1.5086,1.44,434,443.33,2456,2411.67,0.1767,132.0,1.4959,0.5714,10.83,2.472,77.9,30.6,1.075,30,0
2-5-2024-03,2,5,24290,3,6,4,6,6,5.333,4.167,4.583,64,0.0938,1.462,1.552,1.1636,1.3091,86,96.0,1148,1225.0,0.0749,68.67,1.0105,0.3333,1.5,2.472,77.9,30.6,1.075,31,0
2-5-2024-04,2,5,24291,4,7,6,4,3,5.667,5.0,4.667,80,0.0875,1.414,1.65,1.2143,1.5,101,95.67,1171,1186.33,0.0863,71.33,1.2245,0.7143,2.0,2.472,77.9,30.6,1.075,30,1
2-5-2024-05,2,5,24292,5,8,7,6,7,7.0,5.667,5.083,64,0.125,1.7,1.801,1.377,1.5738,99,95.33,1175,1164.67,0.0843,69.33,0.96,0.625,2.67,2.472,77.9,30.6,1.075,31,0
2-5-2024-06,2,5,24293,6,5,8,7,6,6.667,6.0,4.917,65,0.0769,1.291,1.706,1.3559,1.0169,92,97.33,1270,1205.33,0.0724,69.67,0.9535,0.2,2.5,2.472,77.9,30.6,1.075,30,0
2-5-2024-07,2,5,24294,7,6,5,8,5,6.333,6.0,4.917,78,0.0769,1.291,1.706,1.2881,1.2203,86,92.33,1177,1207.33,0.0731,69.0,1.109,0.5,2.67,2.472,77.9,30.6,1.075,31,0
2-5-2024-08,2,5,24295,8,7,6,5,3,6.0,6.5,5.083,69,0.1014,0.957,1.801,1.1803,1.377,89,89.0,1103,1183.33,0.0807,70.67,0.9764,0.7143,3.5,2.472,77.9,30.6,1.075,31,0
2-5-2024-09,2,5,24296,9,4,7,6,2,5.667,6.167,5.167,65,0.0615,1.344,1.724,1.0968,0.7742,90,88.33,1214,1164.67,0.0741,70.67,0.9059,0.5,3.5,2.472,77.9,30.6,1.075,30,1
2-5-2024-10,2,5,24297,10,10,4,7,4,7.0,6.667,5.833,71,0.1408,1.972,1.908,1.2,1.7143,114,97.67,1190,1169.0,0.0958,68.33,0.9726,0.3,3.17,2.472,77.9,30.6,1.075,31,0
2-5-2024-11,2,5,24298,11,2,10,4,3,5.333,5.667,5.667,79,0.0253,2.494,2.134,0.9412,0.3529,101,101.67,1701,1368.33,0.0594,71.67,1.1062,0.5,2.5,2.472,77.9,30.6,1.075,30,0
2-5-2024-12,2,5,24299,12,5,2,10,6,5.667,5.667,5.833,99,0.0505,2.494,1.993,0.9714,0.8571,82,99.0,1744,1545.0,0.047,83.0,1.3562,0.6,2.83,2.472,77.9,30.6,1.075,31,0
2-5-2025-02,2,5,24301,2,5,5,5,6,5.0,5.167,5.833,51,0.098,2.409,1.951,0.8571,0.8571,105,93.33,1210,1414.67,0.0868,76.0,0.7092,0.4,2.17,2.472,77.9,30.6,1.075,28,0
2-5-2025-03,2,5,24302,3,6,5,5,7,5.333,5.5,5.833,62,0.0968,2.363,1.951,0.9143,1.0286,78,92.0,1077,1192.33,0.0724,63.67,0.8641,0.8333,2.67,2.472,77.9,30.6,1.075,31,0
2-5-2025-04,2,5,24303,4,6,6,5,8,5.667,4.833,5.75,57,0.1053,1.344,1.92,0.9855,1.0435,107,96.67,1168,1151.67,0.0916,56.67,0.8162,0.3333,2.5,2.472,77.9,30.6,1.075,30,1
2-5-2025-05,2,5,24304,5,10,6,6,5,7.333,6.167,5.917,48,0.2083,1.772,2.178,1.2394,1.6901,106,97.0,1168,1137.67,0.0908,55.67,0.7007,0.5,3.17,2.472,77.9,30.6,1.075,31,0
2-5-2025-06,2,5,24305,6,1,10,6,6,5.667,5.5,5.583,73,0.0137,2.63,2.564,1.0149,0.1791,98,103.67,1190,1175.33,0.0824,59.33,1.0554,1.0,2.83,2.472,77.9,30.6,1.075,30,1
2-5-2025-07,2,5,24306,7,9,1,10,7,6.667,6.167,5.833,59,0.1525,2.911,2.734,1.1429,1.5429,111,105.0,1187,1181.67,0.0935,60.0,0.873,0.3333,3.0,2.472,77.9,30.6,1.075,31,0
2-5-2025-08,2,5,24307,8,5,9,1,4,5.0,6.167,5.667,63,0.0794,2.911,2.718,0.8824,0.8824,105,104.67,1190,1189.0,0.0882,65.0,0.9391,0.2,2.83,2.472,77.9,30.6,1.075,31,0
2-5-2025-09,2,5,24308,9,6,5,9,10,6.667,6.167,5.833,64,0.0938,2.911,2.672,1.1429,1.0286,100,105.33,1214,1197.0,0.0824,62.0,0.9552,0.6667,2.67,2.472,77.9,30.6,1.075,30,0
2-5-2025-10,2,5,24309,10,6,6,5,2,5.667,6.167,5.5,53,0.1132,2.911,2.363,1.0303,1.0909,89,98.0,1104,1169.33,0.0806,60.0,0.8092,0.5,2.83,2.472,77.9,30.6,1.075,31,0
2-5-2025-11,2,5,24310,11,6,6,6,5,6.0,5.5,5.833,91,0.0659,2.363,2.115,1.0286,1.0286,95,94.67,1707,1341.67,0.0557,69.33,1.3684,0.5,2.5,2.472,77.9,30.6,1.075,30,0
2-5-2025-12,2,5,24311,12,3,6,6,5,5.0,5.833,5.667,96,0.0312,1.772,2.248,0.8824,0.5294,76,86.67,1697,1502.67,0.0448,80.0,1.4491,0.6667,2.67,2.472,77.9,30.6,1.075,31,0
2-5-2026-02,2,5,24313,2,12,3,3,6,6.0,6.0,6.083,117,0.1026,3.0,2.957,0.9863,1.9726,175,122.33,2265,1748.67,0.0773,89.67,1.6734,0.4167,3.33,2.472,77.9,30.6,1.075,28,0
2-5-2026-03,2,5,24314,3,6,12,3,6,7.0,6.0,6.083,104,0.0577,3.0,2.957,1.1507,0.9863,161,150.67,2094,1881.0,0.0769,92.33,1.4166,0.6667,3.33,2.472,77.9,30.6,1.075,31,1
2-5-2026-04,2,5,24315,4,14,6,12,10,10.667,7.333,6.75,133,0.1053,4.23,3.677,1.5802,2.0741,185,173.67,2455,2271.33,0.0754,118.0,1.6677,0.5714,4.17,2.472,77.9,30.6,1.075,30,0
2-5-2026-05,2,5,24316,5,6,14,6,1,8.667,7.333,6.417,126,0.0476,4.23,3.546,1.3506,0.9351,170,172.0,2324,2291.0,0.0731,121.0,1.4609,0.3333,4.0,2.472,77.9,30.6,1.075,31,0
2-5-2026-06,2,5,24317,6,8,6,14,9,9.333,8.167,7.0,137,0.0584,3.76,3.162,1.3333,1.1429,179,178.0,2456,2411.67,0.0729,132.0,1.4959,0.875,4.83,2.472,77.9,30.6,1.075,30,0
2-6-2026-05,2,6,24316,5,8,5,3,4,5.333,3.5,2.583,126,0.0635,2.432,2.1,2.0645,3.0968,76,76.67,2324,2291.0,0.0327,121.0,1.4609,0.875,2.83,2.472,77.9,30.6,1.075,31,0
2-6-2026-06,2,6,24317,6,5,8,5,1,6.0,3.833,2.667,137,0.0365,2.478,2.173,2.25,1.875,84,80.67,2456,2411.67,0.0342,132.0,1.4959,0.2,2.5,2.472,77.9,30.6,1.075,30,0
2-7-2024-09,2,7,24296,9,5,2,9,4,5.333,4.0,3.5,65,0.0769,2.517,2.363,1.5238,1.4286,66,60.0,1214,1164.67,0.0544,70.67,0.9059,0.4,2.0,2.472,77.9,30.6,1.075,30,1
2-7-2024-10,2,7,24297,10,8,5,2,7,5.0,4.667,3.833,71,0.1127,2.925,2.672,1.3043,2.087,71,62.67,1190,1169.0,0.0597,68.33,0.9726,0.625,2.33,2.472,77.9,30.6,1.075,31,0
2-7-2024-11,2,7,24298,11,2,8,5,2,5.0,4.667,3.417,79,0.0253,2.925,2.532,1.4634,0.5854,56,64.33,1701,1368.33,0.0329,71.67,1.1062,1.0,2.33,2.472,77.9,30.6,1.075,30,0
2-7-2025-08,2,7,24307,8,6,2,8,5,5.333,4.0,4.167,63,0.0952,2.517,2.23,1.28,1.44,69,67.67,1190,1189.0,0.058,65.0,0.9391,0.5,1.5,2.472,77.9,30.6,1.075,31,0
2-7-2026-02,2,7,24313,2,7,5,4,2,5.333,4.5,4.25,117,0.0598,1.384,2.046,1.2549,1.6471,127,89.33,2265,1748.67,0.0561,89.67,1.6734,0.7143,3.0,2.472,77.9,30.6,1.075,28,1
2-7-2026-03,2,7,24314,3,10,7,5,5,7.333,5.667,4.917,104,0.0962,2.285,2.465,1.4915,2.0339,126,108.0,2094,1881.0,0.0602,92.33,1.4166,0.8,4.0,2.472,77.9,30.6,1.075,31,0
2-7-2026-04,2,7,24315,4,8,10,7,1,8.333,6.167,5.167,133,0.0602,2.409,2.609,1.6129,1.5484,135,129.33,2455,2271.33,0.055,118.0,1.6677,0.25,3.83,2.472,77.9,30.6,1.075,30,0
2-7-2026-05,2,7,24316,5,6,8,10,8,8.0,6.667,5.583,126,0.0476,1.972,2.29,1.4328,1.0746,121,127.33,2324,2291.0,0.0521,121.0,1.4609,0.6667,4.0,2.472,77.9,30.6,1.075,31,0
2-7-2026-06,2,7,24317,6,8,6,8,2,7.333,7.333,5.583,137,0.0584,1.599,2.29,1.3134,1.4328,144,133.33,2456,2411.67,0.0586,132.0,1.4959,0.375,4.17,2.472,77.9,30.6,1.075,30,0
2-8-2024-02,2,8,24289,2,4,9,5,2,6.0,4.333,4.583,70,0.0571,2.427,2.1,1.3091,0.8727,70,66.0,1240,1432.33,0.0565,74.0,1.1053,0.25,2.33,2.472,77.9,30.6,1.075,28,0
2-8-2024-03,2,8,24290,3,5,4,9,7,6.0,4.5,4.833,64,0.0781,2.432,1.951,1.2414,1.0345,59,65.0,1148,1225.0,0.0514,68.67,1.0105,0.8,2.5,2.472,77.9,30.6,1.075,31,0
2-8-2024-07,2,8,24294,7,6,6,5,6,5.667,4.833,4.75,78,0.0769,1.067,1.92,1.193,1.2632,68,67.67,1177,1207.33,0.0578,69.0,1.109,0.8333,2.83,2.472,77.9,30.6,1.075,31,0
2-8-2024-08,2,8,24295,8,3,6,6,4,5.0,4.667,4.5,69,0.0435,1.247,1.936,1.1111,0.6667,70,67.67,1103,1183.33,0.0635,70.67,0.9764,0.3333,2.83,2.472,77.9,30.6,1.075,31,0
2-8-2025-12,2,8,24311,12,8,3,4,5,5.0,3.833,3.25,96,0.0833,2.034,1.831,1.5385,2.4615,74,67.33,1697,1502.67,0.0436,80.0,1.4491,0.625,2.0,2.472,77.9,30.6,1.075,31,0
2-8-2026-02,2,8,24313,2,7,2,8,1,5.667,4.667,3.333,117,0.0598,2.134,2.095,1.7,2.1,128,85.0,2265,1748.67,0.0565,89.67,1.6734,0.7143,2.67,2.472,77.9,30.6,1.075,28,0
2-8-2026-04,2,8,24315,4,4,5,7,3,5.333,4.833,3.917,133,0.0301,2.115,1.847,1.3617,1.0213,122,120.67,2455,2271.33,0.0497,118.0,1.6677,0.25,2.33,2.472,77.9,30.6,1.075,30,0
2-8-2026-05,2,8,24316,5,7,4,5,3,5.333,5.5,4.25,126,0.0556,2.062,2.005,1.2549,1.6471,132,122.0,2324,2291.0,0.0568,121.0,1.4609,0.5714,2.83,2.472,77.9,30.6,1.075,31,1
2-8-2026-06,2,8,24317,6,11,7,4,2,7.333,6.0,4.917,137,0.0803,2.828,2.691,1.4915,2.2373,126,126.67,2456,2411.67,0.0513,132.0,1.4959,0.4545,2.83,2.472,77.9,30.6,1.075,30,0
20-1-2026-05,20,1,24316,5,7,6,5,0,6.0,4.0,2.75,28,0.25,2.082,2.046,2.1818,2.5455,331,331.0,2324,2291.0,0.1424,25.33,1.4672,0.5714,2.33,1.626,68.1,16.9,0.226,31,0
20-1-2026-06,20,1,24317,6,4,7,6,2,5.667,4.333,3.083,31,0.129,1.886,1.891,1.8378,1.2973,356,352.67,2456,2411.67,0.145,28.67,1.5122,0.5,2.33,1.626,68.1,16.9,0.226,30,0
20-2-2024-02,20,2,24289,2,6,5,16,2,9.0,8.5,6.083,15,0.4,4.349,4.051,1.4795,0.9863,492,690.0,1240,1432.33,0.3968,16.0,1.2,0.5,4.17,1.626,68.1,16.9,0.226,28,0
20-2-2024-03,20,2,24290,3,4,6,5,3,5.0,8.167,6.25,10,0.4,4.598,3.918,0.8,0.64,425,477.67,1148,1225.0,0.3702,12.67,0.7895,0.25,3.83,1.626,68.1,16.9,0.226,31,0
20-2-2024-12,20,2,24299,12,8,6,3,5,5.667,4.667,4.333,16,0.5,1.886,1.65,1.3077,1.8462,992,801.33,1744,1545.0,0.5688,11.0,1.4222,0.875,3.33,1.626,68.1,16.9,0.226,31,0
20-2-2025-01,20,2,24300,1,4,8,6,6,6.0,4.5,4.25,12,0.3333,1.893,1.639,1.4118,0.9412,553,837.33,1290,1578.33,0.4287,13.0,1.0746,0.5,3.17,1.626,68.1,16.9,0.226,31,0
20-2-2025-02,20,2,24301,2,8,4,8,4,6.667,5.333,4.417,17,0.4706,2.134,1.891,1.5094,1.8113,452,665.67,1210,1414.67,0.3736,15.0,1.5,0.5,3.33,1.626,68.1,16.9,0.226,28,0
20-2-2025-03,20,2,24302,3,6,8,4,2,6.0,5.833,4.583,11,0.5455,1.863,1.935,1.3091,1.3091,425,476.67,1077,1192.33,0.3946,13.33,0.9635,1.0,4.17,1.626,68.1,16.9,0.226,31,0
20-2-2025-04,20,2,24303,4,3,6,8,4,5.667,5.833,4.667,6,0.5,1.863,1.841,1.2143,0.6429,407,428.0,1168,1151.67,0.3485,11.33,0.5455,0.3333,4.17,1.626,68.1,16.9,0.226,30,1
20-2-2025-05,20,2,24304,5,8,3,6,3,5.667,6.167,5.0,17,0.4706,2.034,2.041,1.1333,1.6,426,419.33,1168,1137.67,0.3647,11.33,1.5,0.375,3.83,1.626,68.1,16.9,0.226,31,0
20-2-2025-06,20,2,24305,6,6,8,3,5,5.667,5.833,5.25,14,0.4286,1.863,1.963,1.0794,1.1429,427,420.0,1190,1175.33,0.3588,12.33,1.1915,0.5,3.17,1.626,68.1,16.9,0.226,30,0
20-2-2025-07,20,2,24306,7,6,6,8,3,6.667,6.167,5.333,18,0.3333,1.675,1.972,1.25,1.125,450,434.33,1187,1181.67,0.3791,16.33,1.4795,0.8333,3.67,1.626,68.1,16.9,0.226,31,0
20-2-2025-08,20,2,24307,8,3,6,6,3,5.0,5.333,5.333,11,0.2727,1.795,1.972,0.9375,0.5625,440,439.0,1190,1189.0,0.3697,14.33,0.88,0.6667,3.33,1.626,68.1,16.9,0.226,31,0
20-2-2025-11,20,2,24310,11,15,4,4,8,7.667,6.333,6.25,19,0.7895,4.028,3.192,1.2267,2.4,979,602.33,1707,1341.67,0.5735,15.33,1.3571,0.8,4.17,1.626,68.1,16.9,0.226,30,1
20-2-2025-12,20,2,24311,12,18,15,4,4,12.333,8.333,7.083,25,0.72,5.907,4.554,1.7412,2.5412,1016,796.33,1697,1502.67,0.5987,18.33,1.6949,0.5,5.17,1.626,68.1,16.9,0.226,31,0
20-2-2026-01,20,2,24312,1,5,18,15,8,12.667,8.167,7.167,15,0.3333,5.984,4.506,1.7674,0.6977,513,836.0,1284,1562.67,0.3995,19.67,1.0,0.6,4.83,1.626,68.1,16.9,0.226,31,0
20-2-2026-02,20,2,24313,2,8,5,18,6,10.333,9.0,7.167,24,0.3333,5.538,4.506,1.4419,1.1163,860,796.33,2265,1748.67,0.3797,21.33,1.5401,0.75,5.5,1.626,68.1,16.9,0.226,28,0
20-2-2026-03,20,2,24314,3,7,8,5,3,6.667,9.5,7.25,21,0.3333,5.188,4.493,0.9195,0.9655,793,722.0,2094,1881.0,0.3787,20.0,1.2792,0.5714,5.67,1.626,68.1,16.9,0.226,31,0
20-2-2026-04,20,2,24315,4,8,7,8,8,7.667,10.167,7.667,27,0.2963,4.67,4.308,1.0,1.0435,904,852.33,2455,2271.33,0.3682,24.0,1.4862,0.625,6.5,1.626,68.1,16.9,0.226,30,0
20-2-2026-05,20,2,24316,5,8,8,7,6,7.667,9.0,7.667,28,0.2857,4.163,4.308,1.0,1.0435,870,855.67,2324,2291.0,0.3744,25.33,1.4672,0.25,4.83,1.626,68.1,16.9,0.226,31,1
20-2-2026-06,20,2,24317,6,15,8,8,6,10.333,8.5,8.417,31,0.4839,3.096,4.716,1.2277,1.7822,953,909.0,2456,2411.67,0.388,28.67,1.5122,0.6,4.83,1.626,68.1,16.9,0.226,30,0
20-4-2025-07,20,4,24306,7,7,4,5,0,5.333,3.333,3.083,18,0.3889,2.357,2.019,1.7297,2.2703,214,206.33,1187,1181.67,0.1803,16.33,1.4795,0.2857,1.33,1.626,68.1,16.9,0.226,31,0
20-4-2025-09,20,4,24308,9,7,1,7,2,5.0,4.0,3.5,16,0.4375,2.708,2.179,1.4286,2.0,237,221.67,1214,1197.0,0.1952,15.0,1.2387,0.7143,2.0,1.626,68.1,16.9,0.226,30,0
20-4-2026-03,20,4,24314,3,6,9,2,0,5.667,3.833,3.917,21,0.2857,2.794,2.753,1.4468,1.5319,375,331.33,2094,1881.0,0.1791,20.0,1.2792,0.5,2.67,1.626,68.1,16.9,0.226,31,0
20-4-2026-04,20,4,24315,4,5,6,9,5,6.667,4.167,4.333,27,0.1852,2.794,2.494,1.5385,1.1538,465,410.0,2455,2271.33,0.1894,24.0,1.4862,0.6,2.83,1.626,68.1,16.9,0.226,30,0
20-4-2026-05,20,4,24316,5,4,5,6,4,5.0,4.667,4.25,28,0.1429,2.427,2.487,1.1765,0.9412,431,423.67,2324,2291.0,0.1855,25.33,1.4672,1.0,3.33,1.626,68.1,16.9,0.226,31,0
21-1-2026-04,21,1,24315,4,5,6,4,1,5.0,3.167,2.167,28,0.1786,2.115,1.863,2.3077,2.3077,371,331.0,2455,2271.33,0.1511,26.67,1.7231,0.6,2.0,1.869,77.6,21.9,0.388,30,0
21-2-2024-02,21,2,24289,2,4,6,11,5,7.0,7.0,5.917,13,0.3077,2.944,2.396,1.1831,0.6761,492,690.0,1240,1432.33,0.3968,16.0,1.04,0.5,3.0,1.869,77.6,21.9,0.388,28,0
21-2-2024-11,21,2,24298,11,11,3,2,11,5.333,4.5,4.833,15,0.7333,3.202,3.051,1.1034,2.2759,967,628.0,1701,1368.33,0.5685,10.67,1.2162,0.8182,3.5,1.869,77.6,21.9,0.388,30,1
21-2-2024-12,21,2,24299,12,13,11,3,6,9.0,6.333,5.0,19,0.6842,4.23,3.416,1.8,2.6,992,801.33,1744,1545.0,0.5688,14.0,1.52,0.4615,4.17,1.869,77.6,21.9,0.388,31,0
21-2-2025-01,21,2,24300,1,5,13,11,4,9.667,6.167,4.917,10,0.5,4.259,3.402,1.9661,1.0169,553,837.33,1290,1578.33,0.4287,14.67,0.8451,0.4,3.5,1.869,77.6,21.9,0.388,31,0
21-2-2025-02,21,2,24301,2,4,5,13,4,7.333,6.333,4.917,14,0.2857,4.15,3.402,1.4915,0.8136,452,665.67,1210,1414.67,0.3736,14.33,1.1748,1.0,3.83,1.869,77.6,21.9,0.388,28,0
21-2-2025-06,21,2,24305,6,6,6,3,6,5.0,4.333,5.333,10,0.6,1.491,3.325,0.9375,1.125,427,420.0,1190,1175.33,0.3588,12.33,0.8633,0.6667,2.83,1.869,77.6,21.9,0.388,30,0
21-2-2025-07,21,2,24306,7,4,6,6,3,5.333,4.167,5.167,9,0.4444,1.462,3.337,1.0323,0.7742,450,434.33,1187,1181.67,0.3791,11.0,0.806,0.75,3.0,1.869,77.6,21.9,0.388,31,0
21-2-2025-08,21,2,24307,8,6,4,6,2,5.333,4.5,5.417,16,0.375,1.607,3.278,0.9846,1.1077,440,439.0,1190,1189.0,0.3697,11.67,1.3521,0.1667,2.5,1.869,77.6,21.9,0.388,31,0
21-2-2025-12,21,2,24311,12,12,8,3,5,7.667,5.833,5.083,14,0.8571,3.387,2.722,1.5082,2.3607,1016,796.33,1697,1502.67,0.5987,13.33,1.2,0.25,1.83,1.869,77.6,21.9,0.388,31,0
21-2-2026-01,21,2,24312,1,10,12,8,4,10.0,6.833,5.5,17,0.5882,3.578,3.041,1.8182,1.8182,513,836.0,1284,1562.67,0.3995,16.0,1.3878,0.4,2.0,1.869,77.6,21.9,0.388,31,0
21-2-2026-02,21,2,24313,2,9,10,12,2,10.333,7.333,5.917,30,0.3,3.636,3.148,1.7465,1.5211,860,796.33,2265,1748.67,0.3797,20.33,2.2086,0.5556,2.67,1.869,77.6,21.9,0.388,28,0
21-2-2026-03,21,2,24314,3,8,9,10,3,9.0,8.333,6.417,22,0.3636,2.749,2.957,1.4026,1.2468,793,722.0,2094,1881.0,0.3787,23.0,1.4667,0.5,3.33,1.869,77.6,21.9,0.388,31,0
21-2-2026-04,21,2,24315,4,12,8,9,6,9.667,9.833,7.167,28,0.4286,1.675,3.131,1.3488,1.6744,904,852.33,2455,2271.33,0.3682,26.67,1.7231,0.25,3.67,1.869,77.6,21.9,0.388,30,0
21-2-2026-05,21,2,24316,5,11,12,8,6,10.333,10.333,7.583,21,0.5238,1.491,3.278,1.3626,1.4505,870,855.67,2324,2291.0,0.3744,23.67,1.2475,0.4545,4.0,1.869,77.6,21.9,0.388,31,0
21-2-2026-06,21,2,24317,6,12,11,12,4,11.667,10.333,8.083,35,0.3429,1.491,3.451,1.4433,1.4845,953,909.0,2456,2411.67,0.388,28.0,1.8502,0.8333,5.17,1.869,77.6,21.9,0.388,30,0
21-4-2026-06,21,4,24317,6,8,3,6,2,5.667,4.667,3.583,35,0.2286,2.134,2.216,1.5814,2.2326,434,443.33,2456,2411.67,0.1767,28.0,1.8502,0.5,2.5,1.869,77.6,21.9,0.388,30,0
22-2-2024-02,22,2,24289,2,3,6,11,3,6.667,7.0,4.583,11,0.2727,3.109,3.328,1.4545,0.6545,492,690.0,1240,1432.33,0.3968,14.33,0.9706,0.3333,3.17,1.246,75.1,35.6,0.268,28,0
22-2-2024-12,22,2,24299,12,9,6,5,6,6.667,5.5,4.667,18,0.5,2.062,1.841,1.4286,1.9286,992,801.33,1744,1545.0,0.5688,14.0,1.5429,0.5556,3.0,1.246,75.1,35.6,0.268,31,0
22-2-2025-01,22,2,24300,1,5,9,6,3,6.667,5.5,4.583,11,0.4545,2.062,1.801,1.4545,1.0909,553,837.33,1290,1578.33,0.4287,13.33,0.9706,0.4,2.83,1.246,75.1,35.6,0.268,31,0
22-2-2025-02,22,2,24301,2,2,5,9,4,5.333,4.833,4.5,9,0.2222,2.409,1.893,1.1852,0.4444,452,665.67,1210,1414.67,0.3736,12.67,0.806,1.0,2.5,1.246,75.1,35.6,0.268,28,0
22-2-2025-11,22,2,24310,11,10,3,4,9,5.667,4.5,4.417,17,0.5882,2.63,2.465,1.283,2.2642,979,602.33,1707,1341.67,0.5735,11.33,1.5938,0.6,2.17,1.246,75.1,35.6,0.268,30,1
22-2-2025-12,22,2,24311,12,8,10,3,5,7.0,5.5,4.333,13,0.6154,2.63,2.321,1.6154,1.8462,1016,796.33,1697,1502.67,0.5987,13.0,1.2683,0.625,3.0,1.246,75.1,35.6,0.268,31,0
22-2-2026-01,22,2,24312,1,3,8,10,2,7.0,5.167,4.167,12,0.25,2.794,2.339,1.68,0.72,513,836.0,1284,1562.67,0.3995,14.0,1.1613,0.6667,3.0,1.246,75.1,35.6,0.268,31,1
22-2-2026-02,22,2,24313,2,10,3,8,3,7.0,6.333,4.833,20,0.5,3.091,2.734,1.4483,2.069,860,796.33,2265,1748.67,0.3797,15.0,1.7778,0.4,3.5,1.246,75.1,35.6,0.268,28,1
22-2-2026-03,22,2,24314,3,11,10,3,3,8.0,7.5,5.5,24,0.4583,3.304,3.149,1.4545,2.0,793,722.0,2094,1881.0,0.3787,18.67,1.9073,0.7273,4.33,1.246,75.1,35.6,0.268,31,0
22-2-2026-04,22,2,24315,4,8,11,10,4,9.667,8.333,5.917,15,0.5333,2.625,3.121,1.6338,1.3521,904,852.33,2455,2271.33,0.3682,19.67,1.125,0.375,4.67,1.246,75.1,35.6,0.268,30,0
22-2-2026-05,22,2,24316,5,10,8,11,2,9.667,8.333,6.417,25,0.4,2.625,3.252,1.5065,1.5584,870,855.67,2324,2291.0,0.3744,21.33,1.7241,0.6,4.67,1.246,75.1,35.6,0.268,31,0
22-2-2026-06,22,2,24317,6,6,10,8,5,8.0,8.0,6.75,18,0.3333,2.769,2.976,1.1852,0.8889,953,909.0,2456,2411.67,0.388,19.33,1.1676,0.5,4.33,1.246,75.1,35.6,0.268,30,0
23-2-2024-02,23,2,24289,2,5,5,13,3,7.667,7.333,6.417,12,0.4167,3.091,2.66,1.1948,0.7792,492,690.0,1240,1432.33,0.3968,14.33,0.8623,0.6,4.5,1.331,79.3,21.6,0.185,28,0
23-2-2024-04,23,2,24291,4,7,4,5,7,5.333,7.333,6.417,14,0.5,3.197,2.532,0.8312,1.0909,437,451.33,1171,1186.33,0.3732,14.0,1.0,0.7143,4.5,1.331,79.3,21.6,0.185,30,0
23-2-2024-06,23,2,24293,6,10,3,7,5,6.667,5.667,6.417,21,0.4762,2.285,2.9,1.039,1.5584,495,451.0,1270,1205.33,0.3898,14.67,1.4824,0.3,3.0,1.331,79.3,21.6,0.185,30,0
23-2-2024-07,23,2,24294,7,5,10,3,4,6.0,5.667,6.417,13,0.3846,2.285,2.9,0.9351,0.7792,451,455.67,1177,1207.33,0.3832,14.33,0.9017,0.6,3.33,1.331,79.3,21.6,0.185,31,0
23-2-2024-08,23,2,24295,8,5,5,10,5,6.667,5.667,6.5,14,0.3571,2.285,2.843,1.0256,0.7692,424,456.67,1103,1183.33,0.3844,16.0,0.9492,0.8,3.5,1.331,79.3,21.6,0.185,31,0
23-2-2024-11,23,2,24298,11,7,6,3,13,5.333,6.0,6.083,15,0.4667,2.16,2.783,0.8767,1.1507,967,628.0,1701,1368.33,0.5685,13.0,1.0651,0.7143,2.83,1.331,79.3,21.6,0.185,30,1
23-2-2024-12,23,2,24299,12,13,7,6,5,8.667,6.5,6.083,24,0.5417,3.149,2.783,1.4247,2.137,992,801.33,1744,1545.0,0.5688,18.67,1.7041,0.3846,3.17,1.331,79.3,21.6,0.185,31,0
23-2-2025-01,23,2,24300,1,5,13,7,5,8.333,6.5,6.083,11,0.4545,3.149,2.783,1.3699,0.8219,553,837.33,1290,1578.33,0.4287,16.67,0.763,0.6,3.17,1.331,79.3,21.6,0.185,31,0
23-2-2025-02,23,2,24301,2,5,5,13,4,7.667,6.5,6.083,12,0.4167,3.149,2.783,1.2603,0.8219,452,665.67,1210,1414.67,0.3736,15.67,0.8324,0.8,3.17,1.331,79.3,21.6,0.185,28,1
23-2-2025-03,23,2,24302,3,11,5,5,7,7.0,7.833,6.667,24,0.4583,3.078,3.009,1.05,1.65,425,476.67,1077,1192.33,0.3946,15.67,1.5912,0.3636,3.67,1.331,79.3,21.6,0.185,31,0
23-2-2025-04,23,2,24303,4,2,11,5,3,6.0,7.167,6.25,7,0.2857,3.76,3.269,0.96,0.32,407,428.0,1168,1151.67,0.3485,14.33,0.4828,0.5,3.67,1.331,79.3,21.6,0.185,30,0
23-2-2025-05,23,2,24304,5,5,2,11,10,6.0,6.833,6.417,8,0.625,3.848,3.148,0.9351,0.7792,426,419.33,1168,1137.67,0.3647,13.0,0.5549,0.2,3.0,1.331,79.3,21.6,0.185,31,0
23-2-2025-11,23,2,24310,11,12,5,3,13,6.667,5.5,6.167,22,0.5455,3.096,3.555,1.0811,1.9459,979,602.33,1707,1341.67,0.5735,17.0,1.4348,0.5,2.33,1.331,79.3,21.6,0.185,30,1
23-2-2025-12,23,2,24311,12,14,12,5,5,10.333,7.333,6.25,24,0.5833,4.15,3.722,1.6533,2.24,1016,796.33,1697,1502.67,0.5987,20.0,1.5652,0.2143,2.5,1.331,79.3,21.6,0.185,31,0
23-2-2026-01,23,2,24312,1,4,14,12,5,10.0,7.0,6.167,13,0.3077,4.32,3.76,1.6216,0.6486,513,836.0,1284,1562.67,0.3995,19.67,0.8387,0.5,2.83,1.331,79.3,21.6,0.185,31,0
23-2-2026-02,23,2,24313,2,5,4,14,11,7.667,7.167,6.167,19,0.2632,4.22,3.76,1.2432,0.8108,860,796.33,2265,1748.67,0.3797,18.67,1.1813,0.6,3.17,1.331,79.3,21.6,0.185,28,0
23-2-2026-03,23,2,24314,3,10,5,4,2,6.333,8.333,6.083,21,0.4762,3.859,3.662,1.0411,1.6438,793,722.0,2094,1881.0,0.3787,17.67,1.3263,0.7,4.17,1.331,79.3,21.6,0.185,31,0
23-2-2026-04,23,2,24315,4,4,10,5,5,6.333,8.167,6.25,19,0.2105,4.017,3.515,1.0133,0.64,904,852.33,2455,2271.33,0.3682,19.67,1.1287,0.5,3.83,1.331,79.3,21.6,0.185,30,1
23-2-2026-05,23,2,24316,5,14,4,10,3,9.333,8.5,7.0,31,0.4516,4.387,4.082,1.3333,2.0,870,855.67,2324,2291.0,0.3744,23.67,1.6533,0.6429,4.33,1.331,79.3,21.6,0.185,31,0
23-2-2026-06,23,2,24317,6,10,14,4,6,9.333,7.833,7.583,27,0.3704,3.76,3.968,1.2308,1.3187,953,909.0,2456,2411.67,0.388,25.67,1.3613,0.6,4.83,1.331,79.3,21.6,0.185,30,0
24-2-2024-02,24,2,24289,2,2,8,8,3,6.0,5.333,4.333,11,0.1818,3.448,3.009,1.3846,0.4615,492,690.0,1240,1432.33,0.3968,12.67,1.0909,0.5,2.83,1.194,61.4,17.1,0.234,28,0
24-2-2024-11,24,2,24298,11,17,3,4,8,8.0,5.5,5.0,19,0.8947,5.188,4.123,1.6,3.4,967,628.0,1701,1368.33,0.5685,15.0,1.7538,0.4706,3.33,1.194,61.4,17.1,0.234,30,0
24-2-2024-12,24,2,24299,12,4,17,3,8,8.0,5.833,4.667,7,0.5714,5.014,4.028,1.7143,0.8571,992,801.33,1744,1545.0,0.5688,13.0,0.6885,0.5,3.33,1.194,61.4,17.1,0.234,31,0
24-2-2025-01,24,2,24300,1,8,4,17,2,9.667,6.667,4.667,14,0.5714,4.888,4.028,2.0714,1.7143,553,837.33,1290,1578.33,0.4287,13.33,1.3548,0.625,3.83,1.194,61.4,17.1,0.234,31,0
24-2-2025-02,24,2,24301,2,5,8,4,4,5.667,6.833,4.917,12,0.4167,4.81,3.947,1.1525,1.0169,452,665.67,1210,1414.67,0.3736,11.0,1.152,0.8,3.83,1.194,61.4,17.1,0.234,28,0
24-2-2025-03,24,2,24302,3,3,5,8,2,5.333,6.667,4.833,9,0.3333,4.922,3.976,1.1034,0.6207,425,476.67,1077,1192.33,0.3946,11.67,0.864,0.6667,3.67,1.194,61.4,17.1,0.234,31,0
24-2-2025-11,24,2,24310,11,9,4,2,4,5.0,3.667,4.25,10,0.9,2.494,2.165,1.1765,2.1176,979,602.33,1707,1341.67,0.5735,7.33,1.1215,0.6667,1.83,1.194,61.4,17.1,0.234,30,0
24-2-2025-12,24,2,24311,12,4,9,4,8,5.667,4.0,4.25,11,0.3636,2.38,2.165,1.3333,0.9412,1016,796.33,1697,1502.67,0.5987,9.33,1.1892,0.75,2.17,1.194,61.4,17.1,0.234,31,0
24-2-2026-01,24,2,24312,1,2,4,9,5,5.0,3.833,3.75,7,0.2857,2.478,1.92,1.3333,0.5333,513,836.0,1284,1562.67,0.3995,9.33,0.8077,0.5,2.17,1.194,61.4,17.1,0.234,31,1
24-2-2026-02,24,2,24313,2,9,2,4,3,5.0,5.0,4.083,20,0.45,2.944,2.396,1.2245,2.2041,860,796.33,2265,1748.67,0.3797,12.67,2.1429,0.4444,2.83,1.194,61.4,17.1,0.234,28,0
24-2-2026-03,24,2,24314,3,6,9,2,4,5.667,5.667,4.333,15,0.4,2.625,2.427,1.3077,1.3846,793,722.0,2094,1881.0,0.3787,14.0,1.5254,0.3333,2.83,1.194,61.4,17.1,0.234,31,0
24-2-2026-04,24,2,24315,4,3,6,9,5,6.0,5.5,4.25,14,0.2143,2.754,2.454,1.4118,0.7059,904,852.33,2455,2271.33,0.3682,16.33,1.3884,0.6667,3.0,1.194,61.4,17.1,0.234,30,0
24-2-2026-05,24,2,24316,5,7,3,6,2,5.333,5.167,4.417,20,0.35,2.409,2.564,1.2075,1.5849,870,855.67,2324,2291.0,0.3744,16.33,1.8321,0.2857,2.33,1.194,61.4,17.1,0.234,31,0
24-4-2026-06,24,4,24317,6,4,8,4,1,5.333,3.833,2.75,22,0.1818,2.192,2.046,1.9394,1.4545,434,443.33,2456,2411.67,0.1767,18.67,1.7959,0.5,2.0,1.194,61.4,17.1,0.234,30,0
25-2-2024-02,25,2,24289,2,5,7,7,2,6.333,5.833,4.583,8,0.625,2.478,2.326,1.3818,1.0909,492,690.0,1240,1432.33,0.3968,11.0,0.8,1.0,2.33,0.649,82.6,14.6,0.158,28,0
25-2-2024-03,25,2,24290,3,4,5,7,5,5.333,6.0,4.75,12,0.3333,2.309,2.203,1.1228,0.8421,425,477.67,1148,1225.0,0.3702,11.0,1.152,0.5,2.5,0.649,82.6,14.6,0.158,31,0
25-2-2024-04,25,2,24291,4,6,4,5,5,5.0,6.5,4.833,17,0.3529,1.893,2.23,1.0345,1.2414,437,451.33,1171,1186.33,0.3732,12.33,1.5338,0.3333,2.67,0.649,82.6,14.6,0.158,30,0
25-2-2024-05,25,2,24292,5,5,6,4,3,5.0,5.667,4.833,10,0.5,1.106,2.23,1.0345,1.0345,421,427.67,1175,1164.67,0.3583,13.0,0.9023,1.0,3.0,0.649,82.6,14.6,0.158,31,0
25-2-2024-12,25,2,24299,12,11,9,2,7,7.333,5.667,5.333,19,0.5789,3.249,2.494,1.375,2.0625,992,801.33,1744,1545.0,0.5688,13.67,1.617,0.4545,3.0,0.649,82.6,14.6,0.158,31,0
25-2-2025-01,25,2,24300,1,5,11,9,5,8.333,5.667,5.167,9,0.5556,3.249,2.444,1.6129,0.9677,553,837.33,1290,1578.33,0.4287,14.0,0.7883,0.2,2.67,0.649,82.6,14.6,0.158,31,0
25-2-2025-02,25,2,24301,2,3,5,11,4,6.333,5.5,5.0,7,0.4286,3.354,2.517,1.2667,0.6,452,665.67,1210,1414.67,0.3736,11.67,0.6176,0.3333,2.5,0.649,82.6,14.6,0.158,28,0
25-2-2025-11,25,2,24310,11,8,4,5,11,5.667,4.5,4.583,15,0.5333,1.803,2.532,1.2364,1.7455,979,602.33,1707,1341.67,0.5735,12.33,1.3953,0.5,2.17,0.649,82.6,14.6,0.158,30,1
25-2-2025-12,25,2,24311,12,13,8,4,5,8.333,6.333,4.75,23,0.5652,3.3,2.976,1.7544,2.7368,1016,796.33,1697,1502.67,0.5987,15.67,2.0752,0.4615,3.17,0.649,82.6,14.6,0.158,31,0
25-2-2026-01,25,2,24312,1,2,13,8,3,7.667,6.0,4.5,11,0.1818,3.606,3.069,1.7037,0.4444,513,836.0,1284,1562.67,0.3995,16.33,0.9778,0.5,3.0,0.649,82.6,14.6,0.158,31,0
25-2-2026-02,25,2,24313,2,7,2,13,1,7.333,6.5,4.833,20,0.35,3.5,3.105,1.5172,1.4483,860,796.33,2265,1748.67,0.3797,18.0,1.6216,0.5714,3.17,0.649,82.6,14.6,0.158,28,0
25-2-2026-04,25,2,24315,4,9,5,7,4,7.0,7.333,5.583,19,0.4737,3.399,3.04,1.2537,1.6119,904,852.33,2455,2271.33,0.3682,19.33,1.4074,0.4444,3.67,0.649,82.6,14.6,0.158,30,0
25-2-2026-05,25,2,24316,5,3,9,5,2,5.667,6.5,5.5,12,0.25,3.731,3.096,1.0303,0.5455,870,855.67,2324,2291.0,0.3744,16.67,0.8944,1.0,3.5,0.649,82.6,14.6,0.158,31,1
25-2-2026-06,25,2,24317,6,10,3,9,4,7.333,6.0,6.167,26,0.3846,2.944,3.131,1.1892,1.6216,953,909.0,2456,2411.67,0.388,19.0,1.7238,0.6,3.5,0.649,82.6,14.6,0.158,30,0
26-2-2024-07,26,2,24294,7,6,4,6,2,5.333,4.0,5.167,9,0.6667,1.732,2.824,1.0323,1.1613,451,455.67,1177,1207.33,0.3832,12.0,0.7059,0.3333,2.17,2.211,68.8,31.5,0.336,31,0
26-2-2024-09,26,2,24296,9,6,4,6,4,5.333,4.5,5.167,12,0.5,1.803,2.577,1.0323,1.1613,472,449.0,1214,1164.67,0.3888,11.33,0.9172,0.8333,2.83,2.211,68.8,31.5,0.336,30,0
26-2-2024-11,26,2,24298,11,10,2,6,11,6.0,5.333,5.083,20,0.5,2.494,2.842,1.1803,1.9672,967,628.0,1701,1368.33,0.5685,14.0,1.5287,0.5,3.0,2.211,68.8,31.5,0.336,30,0
26-2-2024-12,26,2,24299,12,5,10,2,4,5.667,5.5,4.583,15,0.3333,2.432,2.216,1.2364,1.0909,992,801.33,1744,1545.0,0.5688,15.0,1.1688,0.4,3.33,2.211,68.8,31.5,0.336,31,1
26-2-2025-01,26,2,24300,1,9,5,10,3,8.0,6.0,5.0,17,0.5294,2.769,2.517,1.6,1.8,553,837.33,1290,1578.33,0.4287,17.33,1.2994,0.4444,3.67,2.211,68.8,31.5,0.336,31,0
26-2-2025-02,26,2,24301,2,4,9,5,4,6.0,6.0,5.083,15,0.2667,2.769,2.465,1.1803,0.7869,452,665.67,1210,1414.67,0.3736,15.67,1.1392,0.75,3.5,2.211,68.8,31.5,0.336,28,0
26-2-2025-11,26,2,24310,11,13,4,2,5,6.333,4.833,4.667,18,0.7222,3.933,3.274,1.3571,2.7857,979,602.33,1707,1341.67,0.5735,13.67,1.5,0.6154,2.83,2.211,68.8,31.5,0.336,30,1
26-2-2025-12,26,2,24311,12,12,13,4,9,9.667,5.833,5.25,13,0.9231,4.776,3.854,1.8413,2.2857,1016,796.33,1697,1502.67,0.5987,15.0,1.0986,0.6667,3.83,2.211,68.8,31.5,0.336,31,0
26-2-2026-01,26,2,24312,1,5,12,13,4,10.0,6.333,4.917,12,0.4167,4.497,3.685,2.0339,1.0169,513,836.0,1284,1562.67,0.3995,14.33,1.0511,0.8,4.17,2.211,68.8,31.5,0.336,31,0
26-2-2026-02,26,2,24313,2,5,5,12,1,7.333,6.833,5.0,15,0.3333,4.14,3.674,1.4667,1.0,860,796.33,2265,1748.67,0.3797,13.33,1.3139,0.8,4.5,2.211,68.8,31.5,0.336,28,0
26-2-2026-03,26,2,24314,3,8,5,5,3,6.0,7.833,5.583,12,0.6667,3.532,3.546,1.0746,1.4328,793,722.0,2094,1881.0,0.3787,13.0,1.007,0.75,5.33,2.211,68.8,31.5,0.336,31,1
26-2-2026-04,26,2,24315,4,10,8,5,5,7.667,8.833,6.167,26,0.3846,3.131,3.648,1.2432,1.6216,904,852.33,2455,2271.33,0.3682,17.67,1.95,0.7,6.17,2.211,68.8,31.5,0.336,30,0
26-2-2026-05,26,2,24316,5,4,10,8,6,7.333,7.333,6.083,20,0.2,2.925,3.685,1.2055,0.6575,870,855.67,2324,2291.0,0.3744,19.33,1.4118,0.0,4.83,2.211,68.8,31.5,0.336,31,0
26-2-2026-06,26,2,24317,6,5,4,10,2,6.333,6.167,6.0,18,0.2778,2.115,3.697,1.0556,0.8333,953,909.0,2456,2411.67,0.388,21.33,1.2343,0.8,4.17,2.211,68.8,31.5,0.336,30,0
26-4-2026-05,26,4,24316,5,8,6,1,2,5.0,3.333,2.5,20,0.4,3.145,2.566,2.0,3.2,431,423.67,2324,2291.0,0.1855,19.33,1.4118,0.75,2.17,2.211,68.8,31.5,0.336,31,0
26-4-2026-06,26,4,24317,6,4,8,6,2,6.0,4.0,2.667,18,0.2222,2.769,2.593,2.25,1.5,434,443.33,2456,2411.67,0.1767,21.33,1.2343,0.75,2.67,2.211,68.8,31.5,0.336,30,0
27-2-2024-12,27,2,24299,12,9,4,3,0,5.333,4.5,3.333,18,0.5,2.062,2.392,1.6,2.7,992,801.33,1744,1545.0,0.5688,12.67,2.0377,0.7778,3.17,1.374,51.8,17.2,0.263,31,0
27-2-2025-12,27,2,24311,12,7,10,1,1,6.0,4.333,3.667,12,0.5833,3.249,2.656,1.6364,1.9091,1016,796.33,1697,1502.67,0.5987,10.67,1.3091,0.7143,2.5,1.374,51.8,17.2,0.263,31,0
27-2-2026-01,27,2,24312,1,4,7,10,3,7.0,4.833,3.917,15,0.2667,2.911,2.532,1.7872,1.0213,513,836.0,1284,1562.67,0.3995,14.33,1.5126,0.75,2.83,1.374,51.8,17.2,0.263,31,1
27-2-2026-02,27,2,24313,2,11,4,7,5,7.333,6.0,4.583,24,0.4583,3.651,3.174,1.6,2.4,860,796.33,2265,1748.67,0.3797,17.0,2.087,0.3636,3.17,1.374,51.8,17.2,0.263,28,0
27-2-2026-03,27,2,24314,3,4,11,4,1,6.333,6.167,4.5,17,0.2353,3.532,3.175,1.4074,0.8889,793,722.0,2094,1881.0,0.3787,18.67,1.3878,0.5,3.17,1.374,51.8,17.2,0.263,31,0
27-2-2026-04,27,2,24315,4,7,4,11,3,7.333,7.167,5.0,19,0.3684,2.672,3.055,1.4667,1.4,904,852.33,2455,2271.33,0.3682,20.0,1.443,0.7143,3.83,1.374,51.8,17.2,0.263,30,0
27-2-2026-05,27,2,24316,5,7,7,4,5,6.0,6.667,5.333,15,0.4667,2.357,3.037,1.125,1.3125,870,855.67,2324,2291.0,0.3744,17.0,1.1111,0.4286,3.67,1.374,51.8,17.2,0.263,31,1
27-2-2026-06,27,2,24317,6,12,7,7,1,8.667,7.5,5.917,25,0.48,3.096,3.546,1.4648,2.0282,953,909.0,2456,2411.67,0.388,19.67,1.7045,0.5833,4.0,1.374,51.8,17.2,0.263,30,0
28-2-2024-02,28,2,24289,2,9,5,8,8,7.333,7.667,6.583,20,0.45,1.7,2.019,1.1139,1.3671,492,690.0,1240,1432.33,0.3968,16.0,1.4118,0.7778,4.33,1.468,69.8,22.9,0.349,28,0
28-2-2024-03,28,2,24290,3,4,9,5,6,6.0,7.333,6.25,16,0.25,2.134,2.087,0.96,0.64,425,477.67,1148,1225.0,0.3702,16.33,1.1163,0.25,3.67,1.468,69.8,22.9,0.349,31,0
28-2-2024-04,28,2,24291,4,6,4,9,4,6.333,7.0,6.25,14,0.4286,2.16,2.087,1.0133,0.96,437,451.33,1171,1186.33,0.3732,16.67,0.9545,0.5,3.83,1.468,69.8,22.9,0.349,30,0
28-2-2024-05,28,2,24292,5,6,6,4,3,5.333,6.333,6.417,12,0.5,1.7,1.977,0.8312,0.9351,421,427.67,1175,1164.67,0.3583,14.0,0.8136,0.3333,2.83,1.468,69.8,22.9,0.349,31,0
28-2-2024-06,28,2,24293,6,3,6,6,5,5.0,5.5,6.417,13,0.2308,1.893,1.977,0.7792,0.4675,495,451.0,1270,1205.33,0.3898,13.0,0.8764,0.6667,2.67,1.468,69.8,22.9,0.349,30,0
28-2-2024-11,28,2,24298,11,8,3,4,8,5.0,4.0,5.167,14,0.5714,2.16,2.267,0.9677,1.5484,967,628.0,1701,1368.33,0.5685,12.33,1.0566,0.375,1.67,1.468,69.8,22.9,0.349,30,1
28-2-2024-12,28,2,24299,12,14,8,3,5,8.333,5.833,5.667,20,0.7,4.22,3.274,1.4706,2.4706,992,801.33,1744,1545.0,0.5688,14.67,1.4634,0.5,2.5,1.468,69.8,22.9,0.349,31,0
28-2-2025-01,28,2,24300,1,5,14,8,9,9.0,5.833,5.667,17,0.2941,4.22,3.274,1.5882,0.8824,553,837.33,1290,1578.33,0.4287,17.0,1.2143,0.2,2.5,1.468,69.8,22.9,0.349,31,0
28-2-2025-02,28,2,24301,2,6,5,14,4,8.333,6.667,5.417,9,0.6667,3.636,3.121,1.5385,1.1077,452,665.67,1210,1414.67,0.3736,15.33,0.6879,0.8333,3.17,1.468,69.8,22.9,0.349,28,0
28-2-2025-03,28,2,24302,3,4,6,5,6,5.0,6.667,5.417,11,0.3636,3.636,3.121,0.9231,0.7385,425,476.67,1077,1192.33,0.3946,12.33,0.8684,0.0,3.0,1.468,69.8,22.9,0.349,31,0
28-2-2025-09,28,2,24308,9,6,5,6,3,5.667,4.167,5.417,15,0.4,1.772,3.121,1.0462,1.1077,434,441.33,1214,1197.0,0.3575,14.0,1.1842,0.6667,2.17,1.468,69.8,22.9,0.349,30,0
28-2-2025-11,28,2,24310,11,12,1,6,14,6.333,5.5,5.583,20,0.6,3.403,3.73,1.1343,2.1493,979,602.33,1707,1341.67,0.5735,13.67,1.5584,0.5,3.0,1.468,69.8,22.9,0.349,30,0
28-2-2025-12,28,2,24311,12,8,12,1,5,7.0,6.333,5.083,19,0.4211,3.3,2.871,1.377,1.5738,1016,796.33,1697,1502.67,0.5987,15.0,1.4902,0.625,3.67,1.468,69.8,22.9,0.349,31,0
28-2-2026-01,28,2,24312,1,8,8,12,6,9.333,6.667,5.333,16,0.5,3.35,2.981,1.75,1.5,513,836.0,1284,1562.67,0.3995,18.33,1.2632,0.625,4.0,1.468,69.8,22.9,0.349,31,0
28-2-2026-02,28,2,24313,2,12,8,8,4,9.333,7.833,5.833,27,0.4444,3.76,3.508,1.6,2.0571,860,796.33,2265,1748.67,0.3797,20.67,1.9059,0.5833,4.67,1.468,69.8,22.9,0.349,28,0
28-2-2026-03,28,2,24314,3,5,12,8,4,8.333,7.667,5.917,18,0.2778,3.859,3.475,1.4085,0.8451,793,722.0,2094,1881.0,0.3787,20.33,1.2203,0.2,4.17,1.468,69.8,22.9,0.349,31,0
28-2-2026-04,28,2,24315,4,10,5,12,1,9.0,9.167,6.417,24,0.4167,2.478,3.593,1.4026,1.5584,904,852.33,2455,2271.33,0.3682,23.0,1.5319,0.5,4.83,1.468,69.8,22.9,0.349,30,0
28-2-2026-05,28,2,24316,5,6,10,5,3,7.0,8.167,6.833,14,0.4286,2.339,3.21,1.0244,0.878,870,855.67,2324,2291.0,0.3744,18.67,0.8705,0.6667,4.5,1.468,69.8,22.9,0.349,31,1
28-2-2026-06,28,2,24317,6,11,6,10,6,9.0,8.667,7.5,23,0.4783,2.56,3.175,1.2,1.4667,953,909.0,2456,2411.67,0.388,20.33,1.3206,0.4545,4.5,1.468,69.8,22.9,0.349,30,0
28-4-2025-05,28,4,24304,5,5,6,4,3,5.0,3.5,2.5,9,0.5556,2.217,2.021,2.0,2.0,211,213.67,1168,1137.67,0.1807,11.0,0.7297,0.6,1.67,1.468,69.8,22.9,0.349,31,0
28-4-2026-04,28,4,24315,4,5,6,5,5,5.333,3.667,3.0,24,0.2083,1.972,1.871,1.7778,1.6667,465,410.0,2455,2271.33,0.1894,23.0,1.5319,0.8,2.5,1.468,69.8,22.9,0.349,30,0
29-2-2024-02,29,2,24289,2,3,10,3,2,5.333,6.167,5.0,12,0.25,4.705,3.808,1.0667,0.6,492,690.0,1240,1432.33,0.3968,12.67,0.9,0.6667,2.67,1.267,69.2,25.1,0.354,28,1
29-2-2024-03,29,2,24290,3,9,3,10,8,7.333,7.167,5.583,23,0.3913,4.561,3.84,1.3134,1.6119,425,477.67,1148,1225.0,0.3702,18.0,1.5682,0.4444,3.0,1.267,69.2,25.1,0.354,31,0
29-2-2024-04,29,2,24291,4,3,9,3,2,5.0,7.167,5.167,12,0.25,4.561,3.826,0.9677,0.5806,437,451.33,1171,1186.33,0.3732,15.67,0.8623,0.3333,3.0,1.267,69.2,25.1,0.354,30,0
29-2-2024-07,29,2,24294,7,6,7,2,4,5.0,5.0,5.667,12,0.5,2.517,3.771,0.8824,1.0588,451,455.67,1177,1207.33,0.3832,12.33,0.878,0.6667,2.67,1.267,69.2,25.1,0.354,31,0
29-2-2024-08,29,2,24295,8,4,6,7,3,5.667,5.167,5.667,12,0.3333,2.409,3.771,1.0,0.7059,424,456.67,1103,1183.33,0.3844,13.33,0.8571,1.0,3.0,1.267,69.2,25.1,0.354,31,0
29-2-2024-11,29,2,24298,11,8,3,4,3,5.0,5.333,5.167,15,0.5333,1.795,2.609,0.9677,1.5484,967,628.0,1701,1368.33,0.5685,13.0,1.118,0.625,3.83,1.267,69.2,25.1,0.354,30,1
29-2-2024-12,29,2,24299,12,10,8,3,10,7.0,5.833,5.75,19,0.5263,2.478,2.832,1.2174,1.7391,992,801.33,1744,1545.0,0.5688,15.0,1.3179,0.4,3.67,1.267,69.2,25.1,0.354,31,0
29-2-2025-01,29,2,24300,1,4,10,8,3,7.333,5.5,5.25,12,0.3333,2.566,2.554,1.3968,0.7619,553,837.33,1290,1578.33,0.4287,15.33,0.8675,0.75,3.5,1.267,69.2,25.1,0.354,31,0
29-2-2025-02,29,2,24301,2,6,4,10,9,6.667,5.833,5.5,16,0.375,2.478,2.466,1.2121,1.0909,452,665.67,1210,1414.67,0.3736,15.67,1.1294,0.5,3.33,1.267,69.2,25.1,0.354,28,0
29-2-2025-04,29,2,24303,4,6,4,6,2,5.333,6.333,5.333,13,0.4615,2.134,2.173,1.0,1.125,407,428.0,1168,1151.67,0.3485,12.67,0.9936,0.5,3.5,1.267,69.2,25.1,0.354,30,0
29-2-2025-10,29,2,24309,10,8,5,5,8,6.0,4.5,5.417,19,0.4211,2.062,2.29,1.1077,1.4769,394,422.67,1104,1169.33,0.3569,13.33,1.3988,0.5,2.33,1.267,69.2,25.1,0.354,31,1
29-2-2025-11,29,2,24310,11,9,8,5,10,7.333,5.833,5.5,18,0.5,1.951,2.398,1.3333,1.6364,979,602.33,1707,1341.67,0.5735,16.67,1.3012,0.3333,2.67,1.267,69.2,25.1,0.354,30,0
29-2-2025-12,29,2,24311,12,8,9,8,4,8.333,6.5,5.333,17,0.4706,1.893,2.134,1.5625,1.5,1016,796.33,1697,1502.67,0.5987,18.0,1.2439,0.375,2.83,1.267,69.2,25.1,0.354,31,0
29-2-2026-01,29,2,24312,1,7,8,9,6,8.0,7.0,5.583,8,0.875,1.528,2.139,1.4328,1.2537,513,836.0,1284,1562.67,0.3995,14.33,0.6,0.2857,3.0,1.267,69.2,25.1,0.354,31,0
29-2-2026-02,29,2,24313,2,7,7,8,4,7.333,7.333,5.667,25,0.28,1.247,2.173,1.2941,1.2353,860,796.33,2265,1748.67,0.3797,16.67,1.7751,0.8571,3.5,1.267,69.2,25.1,0.354,28,0
29-2-2026-03,29,2,24314,3,5,7,7,6,6.333,7.333,5.75,19,0.2632,1.247,2.126,1.1014,0.8696,793,722.0,2094,1881.0,0.3787,17.33,1.2737,0.8,3.67,1.267,69.2,25.1,0.354,31,1
29-2-2026-04,29,2,24315,4,13,5,7,1,8.333,8.167,6.333,35,0.3714,2.478,2.925,1.3158,2.0526,904,852.33,2455,2271.33,0.3682,26.33,2.0896,0.6923,4.5,1.267,69.2,25.1,0.354,30,0
29-2-2026-05,29,2,24316,5,6,13,5,4,8.0,7.667,6.75,22,0.2727,2.56,2.454,1.1852,0.8889,870,855.67,2324,2291.0,0.3744,25.33,1.2336,0.6667,4.67,1.267,69.2,25.1,0.354,31,0
29-2-2026-06,29,2,24317,6,10,6,13,4,9.667,8.0,7.25,32,0.3125,2.708,2.454,1.3333,1.3793,953,909.0,2456,2411.67,0.388,29.67,1.6552,0.3,4.67,1.267,69.2,25.1,0.354,30,1
29-4-2026-04,29,4,24315,4,7,6,3,3,5.333,3.5,2.917,35,0.2,2.5,2.178,1.8286,2.4,465,410.0,2455,2271.33,0.1894,26.33,2.0896,0.5714,2.17,1.267,69.2,25.1,0.354,30,0
29-4-2026-05,29,4,24316,5,5,7,6,2,6.0,3.667,3.083,22,0.2273,2.56,2.253,1.9459,1.6216,431,423.67,2324,2291.0,0.1855,25.33,1.2336,0.2,1.83,1.267,69.2,25.1,0.354,31,0
29-4-2026-06,29,4,24317,6,7,5,7,5,6.333,4.667,3.5,32,0.2188,2.494,2.466,1.8095,2.0,434,443.33,2456,2411.67,0.1767,29.67,1.6552,0.5714,2.5,1.267,69.2,25.1,0.354,30,0
3-1-2024-02,3,1,24289,2,15,9,17,12,13.667,12.167,12.0,74,0.2027,3.287,3.342,1.1389,1.25,146,158.67,1240,1432.33,0.1177,94.33,0.9507,0.7333,6.67,3.511,72.8,41.5,0.512,28,0
3-1-2024-03,3,1,24290,3,9,15,9,10,11.0,12.167,11.75,65,0.1385,3.287,3.443,0.9362,0.766,168,162.33,1148,1225.0,0.1463,73.67,0.8423,0.2222,6.0,3.511,72.8,41.5,0.512,31,0
3-1-2024-04,3,1,24291,4,8,9,15,8,10.667,12.0,11.583,64,0.125,3.464,3.57,0.9209,0.6906,170,161.33,1171,1186.33,0.1452,67.67,0.8458,0.375,6.0,3.511,72.8,41.5,0.512,30,0
3-1-2024-05,3,1,24292,5,13,8,9,9,10.0,11.833,12.0,79,0.1646,3.387,3.416,0.8333,1.0833,182,173.33,1175,1164.67,0.1549,69.33,1.0161,0.3077,5.33,3.511,72.8,41.5,0.512,31,0
3-1-2024-06,3,1,24293,6,9,13,8,14,10.0,10.5,12.0,81,0.1111,2.566,3.416,0.8333,0.75,174,175.33,1270,1205.33,0.137,74.67,1.0199,0.6667,5.0,3.511,72.8,41.5,0.512,30,0
3-1-2024-07,3,1,24294,7,7,9,13,18,9.667,10.167,11.417,73,0.0959,2.853,3.616,0.8467,0.6131,147,167.67,1177,1207.33,0.1249,77.67,0.904,0.5714,5.0,3.511,72.8,41.5,0.512,31,0
3-1-2024-08,3,1,24295,8,9,7,9,9,8.333,9.167,10.667,65,0.1385,1.863,3.064,0.7813,0.8438,149,156.67,1103,1183.33,0.1351,73.0,0.8125,0.4444,3.83,3.511,72.8,41.5,0.512,31,0
3-1-2024-09,3,1,24296,9,7,9,7,9,7.667,8.833,10.5,73,0.0959,2.034,3.202,0.7302,0.6667,169,155.0,1214,1164.67,0.1392,70.33,0.9022,0.2857,3.83,3.511,72.8,41.5,0.512,30,0
3-1-2024-10,3,1,24297,10,8,7,9,14,8.0,8.833,10.417,73,0.1096,2.034,3.252,0.768,0.768,135,151.0,1190,1169.0,0.1134,70.33,0.8985,0.875,4.5,3.511,72.8,41.5,0.512,31,0
3-1-2024-11,3,1,24298,11,10,8,7,17,8.333,8.333,10.083,106,0.0943,1.106,3.068,0.8264,0.9917,154,152.67,1701,1368.33,0.0905,84.0,1.3222,0.6,4.83,3.511,72.8,41.5,0.512,30,0
3-1-2024-12,3,1,24299,12,11,10,8,9,9.667,8.667,9.583,119,0.0924,1.491,2.29,1.0087,1.1478,175,154.67,1744,1545.0,0.1003,99.33,1.4969,0.5455,4.83,3.511,72.8,41.5,0.512,31,0
3-1-2025-01,3,1,24300,1,8,11,10,15,9.667,8.833,9.5,84,0.0952,1.344,2.327,1.0175,0.8421,151,160.0,1290,1578.33,0.1171,103.0,1.0544,0.75,5.17,3.511,72.8,41.5,0.512,31,0
3-1-2025-02,3,1,24301,2,7,8,11,9,8.667,8.5,8.833,59,0.1186,1.5,1.724,0.9811,0.7925,162,162.67,1210,1414.67,0.1339,87.33,0.7524,0.5714,5.17,3.511,72.8,41.5,0.512,28,0
3-1-2025-03,3,1,24302,3,5,7,8,8,6.667,8.167,8.5,58,0.0862,1.951,2.021,0.7843,0.5882,131,148.0,1077,1192.33,0.1216,67.0,0.7452,0.6,5.33,3.511,72.8,41.5,0.512,31,1
3-1-2025-04,3,1,24303,4,13,5,7,13,8.333,9.0,8.917,87,0.1494,2.646,2.361,0.9346,1.4579,159,150.67,1168,1151.67,0.1361,68.0,1.0909,0.7692,5.83,3.511,72.8,41.5,0.512,30,1
3-1-2025-05,3,1,24304,5,14,13,5,9,10.667,9.667,9.0,76,0.1842,3.249,2.517,1.1852,1.5556,199,163.0,1168,1137.67,0.1704,73.67,0.956,0.5714,6.17,3.511,72.8,41.5,0.512,31,0
3-1-2025-06,3,1,24305,6,11,14,13,7,12.667,9.667,9.167,70,0.1571,3.249,2.577,1.3818,1.2,183,180.33,1190,1175.33,0.1538,77.67,0.8908,0.6364,6.33,3.511,72.8,41.5,0.512,30,0
3-1-2025-07,3,1,24306,7,9,11,14,9,11.333,9.833,9.333,66,0.1364,3.184,2.494,1.2143,0.9643,149,177.0,1187,1181.67,0.1255,70.67,0.8462,0.5556,6.17,3.511,72.8,41.5,0.512,31,0
3-1-2025-08,3,1,24307,8,5,9,11,7,8.333,9.5,9.0,67,0.0746,3.547,2.769,0.9259,0.5556,171,167.67,1190,1189.0,0.1437,67.67,0.8571,0.2,5.67,3.511,72.8,41.5,0.512,31,0
3-1-2025-09,3,1,24308,9,9,5,9,8,7.667,10.167,9.167,65,0.1385,2.967,2.703,0.8364,0.9818,146,155.33,1214,1197.0,0.1203,66.0,0.8387,0.4444,5.83,3.511,72.8,41.5,0.512,30,1
3-1-2025-10,3,1,24309,10,12,9,5,10,8.667,10.0,9.5,65,0.1846,2.828,2.784,0.9123,1.2632,155,157.33,1104,1169.33,0.1404,65.67,0.846,0.75,5.67,3.511,72.8,41.5,0.512,31,0
3-1-2025-11,3,1,24310,11,10,12,9,11,10.333,9.333,9.5,110,0.0909,2.211,2.784,1.0877,1.0526,160,153.67,1707,1341.67,0.0937,80.0,1.4255,0.6,5.33,3.511,72.8,41.5,0.512,30,0
3-1-2025-12,3,1,24311,12,10,10,12,8,10.667,9.167,9.417,109,0.0917,2.115,2.753,1.1327,1.0619,157,157.33,1697,1502.67,0.0925,94.67,1.4279,0.7,5.33,3.511,72.8,41.5,0.512,31,0
3-1-2026-01,3,1,24312,1,11,10,10,7,10.333,9.5,9.667,84,0.131,2.217,2.749,1.069,1.1379,152,156.33,1284,1562.67,0.1184,101.0,1.1004,0.6364,5.67,3.511,72.8,41.5,0.512,31,1
3-1-2026-02,3,1,24313,2,24,11,10,5,15.0,12.667,11.083,141,0.1702,5.153,4.699,1.3534,2.1654,331,213.33,2265,1748.67,0.1461,111.33,1.6954,0.375,7.0,3.511,72.8,41.5,0.512,28,0
3-1-2026-03,3,1,24314,3,16,24,11,13,17.0,13.833,12.0,115,0.1391,4.981,4.491,1.4167,1.3333,291,258.0,2094,1881.0,0.139,113.33,1.3081,0.8125,8.5,3.511,72.8,41.5,0.512,31,0
3-1-2026-04,3,1,24315,4,21,16,24,14,20.333,15.333,12.667,159,0.1321,5.528,5.137,1.6053,1.6579,371,331.0,2455,2271.33,0.1511,138.33,1.693,0.5714,9.0,3.511,72.8,41.5,0.512,30,0
3-1-2026-05,3,1,24316,5,27,21,16,11,21.333,18.167,13.75,152,0.1776,6.362,6.495,1.5515,1.9636,331,331.0,2324,2291.0,0.1424,142.0,1.5162,0.5185,10.33,3.511,72.8,41.5,0.512,31,0
3-1-2026-06,3,1,24317,6,21,27,21,9,23.0,20.0,14.583,141,0.1489,5.228,6.726,1.5771,1.44,356,352.67,2456,2411.67,0.145,150.67,1.3281,0.381,10.5,3.511,72.8,41.5,0.512,30,0
3-2-2024-02,3,2,24289,2,31,40,71,27,47.333,43.167,33.583,74,0.4189,15.952,14.958,1.4094,0.9231,492,690.0,1240,1432.33,0.3968,94.33,0.9507,0.5484,25.33,3.511,72.8,41.5,0.512,28,0
3-2-2024-03,3,2,24290,3,21,31,40,28,30.667,41.833,33.083,65,0.3231,17.353,15.267,0.927,0.6348,425,477.67,1148,1225.0,0.3702,73.67,0.8423,0.4762,24.17,3.511,72.8,41.5,0.512,31,0
3-2-2024-04,3,2,24291,4,23,21,31,23,25.0,40.667,32.667,64,0.3594,18.318,15.467,0.7653,0.7041,437,451.33,1171,1186.33,0.3732,67.67,0.8458,0.6522,24.0,3.511,72.8,41.5,0.512,30,0
3-2-2024-05,3,2,24292,5,19,23,21,22,21.0,34.167,32.333,79,0.2405,17.93,15.713,0.6495,0.5876,421,427.67,1175,1164.67,0.3583,69.33,1.0161,0.7368,20.0,3.511,72.8,41.5,0.512,31,0
3-2-2024-06,3,2,24293,6,27,19,23,19,23.0,26.833,32.75,81,0.3333,7.081,15.498,0.7023,0.8244,495,451.0,1270,1205.33,0.3898,74.67,1.0199,0.5556,14.83,3.511,72.8,41.5,0.512,30,0
3-2-2024-07,3,2,24294,7,29,27,19,25,25.0,25.0,33.583,73,0.3973,4.32,14.997,0.7444,0.8635,451,455.67,1177,1207.33,0.3832,77.67,0.904,0.4138,13.83,3.511,72.8,41.5,0.512,31,0
3-2-2024-08,3,2,24295,8,20,29,27,29,25.333,23.167,33.167,65,0.3077,3.67,15.296,0.7638,0.603,424,456.67,1103,1183.33,0.3844,73.0,0.8125,0.65,13.17,3.511,72.8,41.5,0.512,31,0
3-2-2024-09,3,2,24296,9,30,20,29,30,26.333,24.667,33.25,73,0.411,4.269,15.276,0.792,0.9023,472,449.0,1214,1164.67,0.3888,70.33,0.9022,0.5667,14.33,3.511,72.8,41.5,0.512,30,0
3-2-2024-10,3,2,24297,10,27,30,20,58,25.667,25.333,33.0,73,0.3699,4.269,15.351,0.7778,0.8182,445,447.0,1190,1169.0,0.3739,70.33,0.8985,0.4815,14.0,3.511,72.8,41.5,0.512,31,1
3-2-2024-11,3,2,24298,11,57,27,30,71,38.0,31.667,32.917,106,0.5377,11.771,15.218,1.1544,1.7316,967,628.0,1701,1368.33,0.5685,84.0,1.3222,0.4386,15.83,3.511,72.8,41.5,0.512,30,1
3-2-2024-12,3,2,24299,12,69,57,27,40,51.0,38.667,32.75,119,0.5798,17.839,14.805,1.5573,2.1069,992,801.33,1744,1545.0,0.5688,99.33,1.4969,0.4783,18.83,3.511,72.8,41.5,0.512,31,0
3-2-2025-01,3,2,24300,1,36,69,57,31,54.0,39.833,32.417,84,0.4286,17.392,14.683,1.6658,1.1105,553,837.33,1290,1578.33,0.4287,103.0,1.0544,0.4722,19.67,3.511,72.8,41.5,0.512,31,0
3-2-2025-02,3,2,24301,2,17,36,69,21,40.667,39.333,31.25,59,0.2881,17.988,15.292,1.3013,0.544,452,665.67,1210,1414.67,0.3736,87.33,0.7524,0.5882,19.17,3.511,72.8,41.5,0.512,28,0
3-2-2025-03,3,2,24302,3,27,17,36,23,26.667,38.833,31.75,58,0.4655,18.279,15.045,0.8399,0.8504,425,476.67,1077,1192.33,0.3946,67.0,0.7452,0.5926,19.0,3.511,72.8,41.5,0.512,31,0
3-2-2025-04,3,2,24303,4,28,27,17,19,24.0,39.0,32.167,87,0.3218,18.175,14.865,0.7461,0.8705,407,428.0,1168,1151.67,0.3485,68.0,1.0909,0.25,18.0,3.511,72.8,41.5,0.512,30,0
3-2-2025-05,3,2,24304,5,20,28,27,27,25.0,32.833,32.25,76,0.2632,17.276,14.794,0.7752,0.6202,426,419.33,1168,1137.67,0.3647,73.67,0.956,0.4,15.17,3.511,72.8,41.5,0.512,31,0
3-2-2025-06,3,2,24305,6,18,20,28,29,22.0,24.333,31.5,70,0.2571,6.7,15.262,0.6984,0.5714,427,420.0,1190,1175.33,0.3588,77.67,0.8908,0.4444,11.0,3.511,72.8,41.5,0.512,30,0
3-2-2025-07,3,2,24306,7,25,18,20,20,21.0,22.5,31.167,66,0.3788,4.349,15.356,0.6738,0.8021,450,434.33,1187,1181.67,0.3791,70.67,0.8462,0.68,11.0,3.511,72.8,41.5,0.512,31,0
3-2-2025-08,3,2,24307,8,23,25,18,30,22.0,23.5,31.417,67,0.3433,3.594,15.196,0.7003,0.7321,440,439.0,1190,1189.0,0.3697,67.67,0.8571,0.5217,11.33,3.511,72.8,41.5,0.512,31,0
3-2-2025-09,3,2,24308,9,24,23,25,27,24.0,23.0,30.917,65,0.3692,3.266,15.332,0.7763,0.7763,434,441.33,1214,1197.0,0.3575,66.0,0.8387,0.375,10.17,3.511,72.8,41.5,0.512,30,0
3-2-2025-10,3,2,24309,10,22,24,23,57,23.0,22.0,30.5,65,0.3385,2.38,15.5,0.7541,0.7213,394,422.67,1104,1169.33,0.3569,65.67,0.846,0.6364,11.33,3.511,72.8,41.5,0.512,31,1
3-2-2025-11,3,2,24310,11,62,22,24,69,36.0,29.0,30.917,110,0.5636,14.922,16.256,1.1644,2.0054,979,602.33,1707,1341.67,0.5735,80.0,1.4255,0.5,15.17,3.511,72.8,41.5,0.512,30,1
3-2-2025-12,3,2,24311,12,68,62,22,36,50.667,37.333,30.833,109,0.6239,19.661,16.062,1.6432,2.2054,1016,796.33,1697,1502.67,0.5987,94.67,1.4279,0.5735,20.33,3.511,72.8,41.5,0.512,31,0
3-2-2026-01,3,2,24312,1,36,68,62,17,55.333,39.167,30.833,84,0.4286,18.925,16.062,1.7946,1.1676,513,836.0,1284,1562.67,0.3995,101.0,1.1004,0.6667,21.5,3.511,72.8,41.5,0.512,31,0
3-2-2026-02,3,2,24313,2,53,36,68,27,52.333,44.167,33.833,141,0.3759,17.93,16.552,1.5468,1.5665,860,796.33,2265,1748.67,0.3797,111.33,1.6954,0.566,24.5,3.511,72.8,41.5,0.512,28,0
3-2-2026-03,3,2,24314,3,49,53,36,28,46.0,48.333,35.667,115,0.4261,15.499,16.908,1.2897,1.3738,793,722.0,2094,1881.0,0.3787,113.33,1.3081,0.5306,27.33,3.511,72.8,41.5,0.512,31,0
3-2-2026-04,3,2,24315,4,59,49,53,20,53.667,54.5,38.25,159,0.3711,10.275,17.88,1.4031,1.5425,904,852.33,2455,2271.33,0.3682,138.33,1.693,0.4746,29.67,3.511,72.8,41.5,0.512,30,0
3-2-2026-05,3,2,24316,5,60,59,49,18,56.0,54.167,41.583,152,0.3947,10.057,17.895,1.3467,1.4429,870,855.67,2324,2291.0,0.3744,142.0,1.5162,0.5333,29.83,3.511,72.8,41.5,0.512,31,0
3-2-2026-06,3,2,24317,6,57,60,59,25,58.667,52.333,44.833,141,0.4043,8.199,16.827,1.3086,1.2714,953,909.0,2456,2411.67,0.388,150.67,1.3281,0.5965,29.0,3.511,72.8,41.5,0.512,30,0
3-3-2024-02,3,3,24289,2,8,8,6,6,7.333,5.667,5.25,74,0.1081,1.886,2.087,1.3968,1.5238,105,102.0,1240,1432.33,0.0847,94.33,0.9507,0.875,3.5,3.511,72.8,41.5,0.512,28,0
3-3-2024-03,3,3,24290,3,6,8,8,8,7.333,6.167,5.25,65,0.0923,1.462,2.087,1.3968,1.1429,80,96.67,1148,1225.0,0.0697,73.67,0.8423,0.6667,3.83,3.511,72.8,41.5,0.512,31,0
3-3-2024-04,3,3,24291,4,9,6,8,4,7.667,6.833,5.333,64,0.1406,1.675,2.211,1.4375,1.6875,100,95.0,1171,1186.33,0.0854,67.67,0.8458,0.6667,4.67,3.511,72.8,41.5,0.512,30,0
3-3-2024-05,3,3,24292,5,8,9,6,4,7.667,7.5,5.667,79,0.1013,1.118,2.285,1.3529,1.4118,92,90.67,1175,1164.67,0.0783,69.33,1.0161,0.75,5.0,3.511,72.8,41.5,0.512,31,0
3-3-2024-06,3,3,24293,6,8,8,9,1,8.333,7.833,6.0,81,0.0988,0.898,2.309,1.3889,1.3333,87,93.0,1270,1205.33,0.0685,74.67,1.0199,0.125,4.67,3.511,72.8,41.5,0.512,30,0
3-3-2024-07,3,3,24294,7,7,8,8,6,7.667,7.667,6.5,73,0.0959,0.943,1.756,1.1795,1.0769,105,94.67,1177,1207.33,0.0892,77.67,0.904,0.7143,4.83,3.511,72.8,41.5,0.512,31,0
3-3-2024-08,3,3,24295,8,6,7,8,3,7.0,7.333,6.5,65,0.0923,1.106,1.756,1.0769,0.9231,94,95.33,1103,1183.33,0.0852,73.0,0.8125,0.3333,4.0,3.511,72.8,41.5,0.512,31,1
3-3-2024-09,3,3,24296,9,10,6,7,5,7.667,8.0,7.083,73,0.137,1.291,1.656,1.0824,1.4118,95,98.0,1214,1164.67,0.0783,70.33,0.9022,0.5,4.17,3.511,72.8,41.5,0.512,30,0
3-3-2024-10,3,3,24297,10,5,10,6,4,7.0,7.333,7.083,73,0.0685,1.599,1.656,0.9882,0.7059,78,89.0,1190,1169.0,0.0655,70.33,0.8985,0.8,3.83,3.511,72.8,41.5,0.512,31,0
3-3-2024-11,3,3,24298,11,8,5,10,6,7.667,7.333,7.417,106,0.0755,1.599,1.382,1.0337,1.0787,102,91.67,1701,1368.33,0.06,84.0,1.3222,0.75,3.83,3.511,72.8,41.5,0.512,30,0
3-3-2024-12,3,3,24299,12,8,8,5,8,7.0,7.333,7.583,119,0.0672,1.599,1.32,0.9231,1.0549,116,98.67,1744,1545.0,0.0665,99.33,1.4969,0.25,4.0,3.511,72.8,41.5,0.512,31,0
3-3-2025-01,3,3,24300,1,9,8,8,8,8.333,7.667,7.667,84,0.1071,1.7,1.374,1.087,1.1739,91,103.0,1290,1578.33,0.0705,103.0,1.0544,0.5556,4.0,3.511,72.8,41.5,0.512,31,0
3-3-2025-02,3,3,24301,2,10,9,8,6,9.0,8.333,7.833,59,0.1695,1.7,1.518,1.1489,1.2766,90,99.0,1210,1414.67,0.0744,87.33,0.7524,0.4,4.33,3.511,72.8,41.5,0.512,28,0
3-3-2025-03,3,3,24302,3,6,10,9,9,8.333,7.667,7.833,58,0.1034,1.7,1.518,1.0638,0.766,86,89.0,1077,1192.33,0.0799,67.0,0.7452,0.5,4.0,3.511,72.8,41.5,0.512,31,0
3-3-2025-04,3,3,24303,4,10,6,10,8,8.667,8.5,7.917,87,0.1149,1.384,1.605,1.0947,1.2632,109,95.0,1168,1151.67,0.0933,68.0,1.0909,0.4,4.0,3.511,72.8,41.5,0.512,30,0
3-3-2025-05,3,3,24304,5,6,10,6,8,7.333,8.167,7.75,76,0.0789,1.675,1.689,0.9462,0.7742,73,89.33,1168,1137.67,0.0625,73.67,0.956,0.3333,3.33,3.511,72.8,41.5,0.512,31,0
3-3-2025-06,3,3,24305,6,4,6,10,7,6.667,7.5,7.417,70,0.0571,2.291,1.977,0.8989,0.5393,90,90.67,1190,1175.33,0.0756,77.67,0.8908,0.5,3.33,3.511,72.8,41.5,0.512,30,0
3-3-2025-07,3,3,24306,7,5,4,6,6,5.0,6.833,7.25,66,0.0758,2.339,2.087,0.6897,0.6897,83,82.0,1187,1181.67,0.0699,70.67,0.8462,0.4,2.83,3.511,72.8,41.5,0.512,31,0
3-3-2025-08,3,3,24307,8,6,5,4,10,5.0,6.167,7.25,67,0.0896,1.863,2.087,0.6897,0.8276,88,87.0,1190,1189.0,0.0739,67.67,0.8571,0.1667,2.33,3.511,72.8,41.5,0.512,31,0
3-3-2025-09,3,3,24308,9,7,6,5,5,6.0,6.333,7.0,65,0.1077,1.886,1.915,0.8571,1.0,115,95.33,1214,1197.0,0.0947,66.0,0.8387,0.5714,2.5,3.511,72.8,41.5,0.512,30,0
3-3-2026-01,3,3,24312,1,7,4,5,10,5.333,5.0,5.917,84,0.0833,2.082,2.396,0.9014,1.1831,104,96.33,1284,1562.67,0.081,101.0,1.1004,0.7143,2.67,3.511,72.8,41.5,0.512,31,1
3-3-2026-02,3,3,24313,2,19,7,4,6,10.0,7.167,6.667,141,0.1348,5.669,4.249,1.5,2.85,200,128.33,2265,1748.67,0.0883,111.33,1.6954,0.6842,4.67,3.511,72.8,41.5,0.512,28,0
3-3-2026-03,3,3,24314,3,8,19,7,10,11.333,7.333,6.833,115,0.0696,5.676,4.259,1.6585,1.1707,164,156.0,2094,1881.0,0.0783,113.33,1.3081,0.375,4.5,3.511,72.8,41.5,0.512,31,0
3-3-2026-04,3,3,24315,4,9,8,19,6,12.0,8.667,6.75,159,0.0566,4.922,4.206,1.7778,1.3333,191,185.0,2455,2271.33,0.0778,138.33,1.693,0.4444,5.17,3.511,72.8,41.5,0.512,30,0
3-3-2026-05,3,3,24316,5,12,9,8,4,9.667,9.833,7.25,152,0.0789,4.74,4.437,1.3333,1.6552,193,182.67,2324,2291.0,0.083,142.0,1.5162,0.5833,5.83,3.511,72.8,41.5,0.512,31,0
3-3-2026-06,3,3,24317,6,8,12,9,5,9.667,10.5,7.583,141,0.0567,4.113,4.329,1.2747,1.0549,180,188.0,2456,2411.67,0.0733,150.67,1.3281,0.75,6.33,3.511,72.8,41.5,0.512,30,0
3-4-2024-02,3,4,24289,2,5,13,18,11,12.0,12.5,12.25,74,0.0676,5.377,5.372,0.9796,0.4082,220,220.33,1240,1432.33,0.1774,94.33,0.9507,0.4,5.5,3.511,72.8,41.5,0.512,28,0
3-4-2024-03,3,4,24290,3,11,5,13,22,9.667,13.167,12.25,65,0.1692,4.879,5.372,0.7891,0.898,236,228.0,1148,1225.0,0.2056,73.67,0.8423,0.4545,5.67,3.511,72.8,41.5,0.512,31,0
3-4-2024-04,3,4,24291,4,8,11,5,5,8.0,12.5,11.083,64,0.125,5.252,4.591,0.7218,0.7218,210,222.0,1171,1186.33,0.1793,67.67,0.8458,0.75,5.67,3.511,72.8,41.5,0.512,30,1
3-4-2024-05,3,4,24292,5,19,8,11,10,12.667,12.333,12.25,79,0.2405,5.022,4.675,1.034,1.551,214,220.0,1175,1164.67,0.1821,69.33,1.0161,0.6842,6.33,3.511,72.8,41.5,0.512,31,1
3-4-2024-06,3,4,24293,6,19,19,8,9,15.333,12.5,13.0,81,0.2346,5.22,4.967,1.1795,1.4615,244,222.67,1270,1205.33,0.1921,74.67,1.0199,0.6842,7.5,3.511,72.8,41.5,0.512,30,0
3-4-2024-07,3,4,24294,7,14,19,19,15,17.333,12.667,13.417,73,0.1918,5.249,4.821,1.2919,1.0435,214,224.0,1177,1207.33,0.1818,77.67,0.904,0.5714,7.83,3.511,72.8,41.5,0.512,31,0
3-4-2024-08,3,4,24295,8,10,14,19,7,14.333,13.5,13.0,65,0.1538,4.272,4.882,1.1026,0.7692,189,215.67,1103,1183.33,0.1714,73.0,0.8125,0.6,8.5,3.511,72.8,41.5,0.512,31,0
3-4-2024-09,3,4,24296,9,10,10,14,12,11.333,13.333,13.25,73,0.137,4.384,4.639,0.8553,0.7547,224,209.0,1214,1164.67,0.1845,70.33,0.9022,0.8,9.0,3.511,72.8,41.5,0.512,30,0
3-4-2024-10,3,4,24297,10,14,10,10,20,11.333,14.333,13.417,73,0.1918,3.682,4.627,0.8447,1.0435,229,214.0,1190,1169.0,0.1924,70.33,0.8985,0.4286,9.0,3.511,72.8,41.5,0.512,31,1
3-4-2024-11,3,4,24298,11,18,14,10,18,14.0,14.167,13.25,106,0.1698,3.484,4.418,1.0566,1.3585,215,222.67,1701,1368.33,0.1264,84.0,1.3222,0.3889,8.0,3.511,72.8,41.5,0.512,30,0
3-4-2024-12,3,4,24299,12,11,18,14,13,14.333,12.833,12.667,119,0.0924,2.853,4.21,1.1316,0.8684,202,215.33,1744,1545.0,0.1158,99.33,1.4969,0.3636,6.5,3.511,72.8,41.5,0.512,31,0
3-4-2025-01,3,4,24300,1,12,11,18,5,13.667,12.5,12.583,84,0.1429,2.814,4.212,1.0861,0.9536,238,218.33,1290,1578.33,0.1845,103.0,1.0544,0.5833,6.33,3.511,72.8,41.5,0.512,31,0
3-4-2025-02,3,4,24301,2,12,12,11,11,11.667,12.833,13.167,59,0.2034,2.609,3.555,0.8861,0.9114,229,223.0,1210,1414.67,0.1893,87.33,0.7524,0.4167,6.17,3.511,72.8,41.5,0.512,28,0
3-4-2025-03,3,4,24302,3,9,12,12,8,11.0,12.667,13.0,58,0.1552,2.809,3.697,0.8462,0.6923,209,225.33,1077,1192.33,0.1941,67.0,0.7452,0.4444,5.5,3.511,72.8,41.5,0.512,31,1
3-4-2025-04,3,4,24303,4,19,9,12,19,13.333,13.5,13.917,87,0.2184,3.686,3.707,0.9581,1.3653,221,219.67,1168,1151.67,0.1892,68.0,1.0909,0.5789,6.33,3.511,72.8,41.5,0.512,30,0
3-4-2025-05,3,4,24304,5,12,19,9,19,13.333,12.5,13.333,76,0.1579,3.096,3.399,1.0,0.9,211,213.67,1168,1137.67,0.1807,73.67,0.956,0.6667,6.5,3.511,72.8,41.5,0.512,31,0
3-4-2025-06,3,4,24305,6,14,12,19,14,15.0,13.0,12.917,70,0.2,3.055,2.957,1.1613,1.0839,194,208.67,1190,1175.33,0.163,77.67,0.8908,0.4286,6.83,3.511,72.8,41.5,0.512,30,0
3-4-2025-07,3,4,24306,7,10,14,12,10,12.0,12.667,12.583,66,0.1515,3.249,3.04,0.9536,0.7947,214,206.33,1187,1181.67,0.1803,70.67,0.8462,0.7,6.83,3.511,72.8,41.5,0.512,31,1
3-4-2025-08,3,4,24307,8,18,10,14,10,14.0,13.667,13.25,67,0.2687,3.771,3.269,1.0566,1.3585,214,207.33,1190,1189.0,0.1798,67.67,0.8571,0.6667,8.0,3.511,72.8,41.5,0.512,31,0
3-4-2025-09,3,4,24308,9,13,18,10,14,13.667,14.333,13.5,65,0.2,3.197,3.122,1.0123,0.963,237,221.67,1214,1197.0,0.1952,66.0,0.8387,0.5385,8.5,3.511,72.8,41.5,0.512,30,0
3-4-2025-10,3,4,24309,10,19,13,18,18,16.667,14.333,13.917,65,0.2923,3.197,3.475,1.1976,1.3653,215,222.0,1104,1169.33,0.1947,65.67,0.846,0.4737,8.17,3.511,72.8,41.5,0.512,31,0
3-4-2025-11,3,4,24310,11,16,19,13,11,16.0,15.0,13.75,110,0.1455,3.055,3.32,1.1636,1.1636,210,220.67,1707,1341.67,0.123,80.0,1.4255,0.4375,8.0,3.511,72.8,41.5,0.512,30,0
3-4-2025-12,3,4,24311,12,12,16,19,12,15.667,14.667,13.833,109,0.1101,3.249,3.262,1.1325,0.8675,185,203.33,1697,1502.67,0.109,94.67,1.4279,0.4167,7.83,3.511,72.8,41.5,0.512,31,0
3-4-2026-01,3,4,24312,1,13,12,16,12,13.667,15.167,13.917,84,0.1548,2.672,3.226,0.982,0.9341,229,208.0,1284,1562.67,0.1783,101.0,1.1004,0.4615,7.67,3.511,72.8,41.5,0.512,31,1
3-4-2026-02,3,4,24313,2,21,13,12,9,15.333,15.667,14.667,141,0.1489,3.35,3.704,1.0455,1.4318,390,268.0,2265,1748.67,0.1722,111.33,1.6954,0.619,7.83,3.511,72.8,41.5,0.512,28,0
3-4-2026-03,3,4,24314,3,20,21,13,19,18.0,16.833,15.583,115,0.1739,3.436,3.546,1.1551,1.2834,375,331.33,2094,1881.0,0.1791,113.33,1.3081,0.7,9.0,3.511,72.8,41.5,0.512,31,1
3-4-2026-04,3,4,24315,4,27,20,21,12,22.667,18.167,16.25,159,0.1698,5.145,4.693,1.3949,1.6615,465,410.0,2455,2271.33,0.1894,138.33,1.693,0.5926,10.17,3.511,72.8,41.5,0.512,30,0
3-4-2026-05,3,4,24316,5,16,27,20,14,21.0,18.167,16.583,152,0.1053,5.145,4.518,1.2663,0.9648,431,423.67,2324,2291.0,0.1855,142.0,1.5162,0.6875,10.83,3.511,72.8,41.5,0.512,31,0
3-4-2026-06,3,4,24317,6,23,16,27,10,22.0,20.0,17.333,141,0.1631,4.546,4.767,1.2692,1.3269,434,443.33,2456,2411.67,0.1767,150.67,1.3281,0.6087,12.33,3.511,72.8,41.5,0.512,30,0
3-5-2024-02,3,5,24289,2,5,5,8,5,6.0,6.833,5.833,74,0.0676,2.192,1.951,1.0286,0.8571,100,99.33,1240,1432.33,0.0806,94.33,0.9507,0.8,4.17,3.511,72.8,41.5,0.512,28,0
3-5-2024-03,3,5,24290,3,5,5,5,5,5.0,6.5,5.833,65,0.0769,2.291,1.951,0.8571,0.8571,86,96.0,1148,1225.0,0.0749,73.67,0.8423,0.6,4.17,3.511,72.8,41.5,0.512,31,0
3-5-2024-04,3,5,24291,4,5,5,5,5,5.0,6.5,5.833,64,0.0781,2.291,1.951,0.8571,0.8571,101,95.67,1171,1186.33,0.0863,67.67,0.8458,0.6,4.0,3.511,72.8,41.5,0.512,30,0
3-5-2024-05,3,5,24292,5,5,5,5,6,5.0,5.5,5.833,79,0.0633,1.118,1.951,0.8571,0.8571,99,95.33,1175,1164.67,0.0843,69.33,1.0161,0.2,3.33,3.511,72.8,41.5,0.512,31,1
3-5-2024-06,3,5,24293,6,9,5,5,5,6.333,5.667,6.083,81,0.1111,1.491,2.139,1.0411,1.4795,92,97.33,1270,1205.33,0.0724,74.67,1.0199,0.5556,3.17,3.511,72.8,41.5,0.512,30,0
3-5-2024-07,3,5,24294,7,4,9,5,3,6.0,5.5,6.0,73,0.0548,1.607,2.198,1.0,0.6667,86,92.33,1177,1207.33,0.0731,77.67,0.904,0.5,3.0,3.511,72.8,41.5,0.512,31,0
3-5-2024-08,3,5,24295,8,5,4,9,7,6.0,5.5,6.167,65,0.0769,1.607,2.034,0.973,0.8108,89,89.0,1103,1183.33,0.0807,73.0,0.8125,0.6,2.83,3.511,72.8,41.5,0.512,31,0
3-5-2024-10,3,5,24297,10,5,5,5,11,5.0,5.5,6.0,73,0.0685,1.607,2.041,0.8333,0.8333,114,97.67,1190,1169.0,0.0958,70.33,0.8985,0.8,3.0,3.511,72.8,41.5,0.512,31,0
3-5-2024-11,3,5,24298,11,6,5,5,8,5.333,5.667,5.583,106,0.0566,1.599,1.382,0.9552,1.0746,101,101.67,1701,1368.33,0.0594,84.0,1.3222,0.1667,3.0,3.511,72.8,41.5,0.512,30,0
3-5-2024-12,3,5,24299,12,7,6,5,5,6.0,5.333,5.5,119,0.0588,0.943,1.258,1.0909,1.2727,82,99.0,1744,1545.0,0.047,99.33,1.4969,0.4286,2.67,3.511,72.8,41.5,0.512,31,1
3-5-2025-01,3,5,24300,1,9,7,6,5,7.333,6.167,5.833,84,0.1071,1.462,1.572,1.2571,1.5429,93,92.0,1290,1578.33,0.0721,103.0,1.0544,0.4444,3.0,3.511,72.8,41.5,0.512,31,0
3-5-2025-02,3,5,24301,2,5,9,7,5,7.0,6.167,5.833,59,0.0847,1.462,1.572,1.2,0.8571,105,93.33,1210,1414.67,0.0868,87.33,0.7524,0.4,2.83,3.511,72.8,41.5,0.512,28,0
3-5-2025-03,3,5,24302,3,3,5,9,5,5.667,5.833,5.667,58,0.0517,1.863,1.748,1.0,0.5294,78,92.0,1077,1192.33,0.0724,67.0,0.7452,0.6667,2.67,3.511,72.8,41.5,0.512,31,0
3-5-2025-06,3,5,24305,6,7,6,5,4,6.0,5.833,5.583,70,0.1,1.863,1.498,1.0746,1.2537,98,103.67,1190,1175.33,0.0824,77.67,0.8908,0.7143,3.67,3.511,72.8,41.5,0.512,30,0
3-5-2025-07,3,5,24306,7,6,7,6,5,6.333,5.333,5.75,66,0.0909,1.247,1.422,1.1014,1.0435,111,105.0,1187,1181.67,0.0935,70.67,0.8462,0.6667,3.67,3.511,72.8,41.5,0.512,31,0
3-5-2025-08,3,5,24307,8,7,6,7,5,6.667,5.667,5.917,67,0.1045,1.374,1.441,1.1268,1.1831,105,104.67,1190,1189.0,0.0882,67.67,0.8571,0.1429,3.5,3.511,72.8,41.5,0.512,31,0
3-5-2025-09,3,5,24308,9,4,7,6,5,5.667,5.833,5.833,65,0.0615,1.067,1.518,0.9714,0.6857,100,105.33,1214,1197.0,0.0824,66.0,0.8387,0.5,3.5,3.511,72.8,41.5,0.512,30,0
3-5-2025-10,3,5,24309,10,4,4,7,6,5.0,5.667,5.75,65,0.0615,1.247,1.588,0.8696,0.6957,89,98.0,1104,1169.33,0.0806,65.67,0.846,0.75,3.17,3.511,72.8,41.5,0.512,31,0
3-5-2026-02,3,5,24313,2,6,4,5,3,5.0,4.167,4.917,141,0.0426,1.213,1.498,1.0169,1.2203,175,122.33,2265,1748.67,0.0773,111.33,1.6954,0.3333,2.17,3.511,72.8,41.5,0.512,28,1
3-5-2026-03,3,5,24314,3,8,6,4,5,6.0,4.833,5.333,115,0.0696,1.863,1.599,1.125,1.5,161,150.67,2094,1881.0,0.0769,113.33,1.3081,0.375,2.33,3.511,72.8,41.5,0.512,31,1
3-5-2026-04,3,5,24315,4,13,8,6,6,9.0,6.333,6.0,159,0.0818,3.496,2.646,1.5,2.1667,185,173.67,2455,2271.33,0.0754,138.33,1.693,0.5385,3.0,3.511,72.8,41.5,0.512,30,1
3-5-2026-05,3,5,24316,5,14,13,8,7,11.667,8.333,6.667,152,0.0921,3.859,3.448,1.75,2.1,170,172.0,2324,2291.0,0.0731,142.0,1.5162,0.4286,3.83,3.511,72.8,41.5,0.512,31,0
3-5-2026-06,3,5,24317,6,12,14,13,6,13.0,9.5,7.083,141,0.0851,3.731,3.752,1.8353,1.6941,179,178.0,2456,2411.67,0.0729,150.67,1.3281,1.0,5.17,3.511,72.8,41.5,0.512,30,0
3-6-2026-02,3,6,24313,2,6,5,4,0,5.0,3.667,3.167,141,0.0426,1.7,1.908,1.5789,1.8947,54,46.0,2265,1748.67,0.0238,111.33,1.6954,0.5,1.67,3.511,72.8,41.5,0.512,28,0
3-6-2026-03,3,6,24314,3,6,6,5,2,5.667,4.333,3.667,115,0.0522,1.7,1.795,1.5455,1.6364,72,57.33,2094,1881.0,0.0344,113.33,1.3081,0.3333,1.83,3.511,72.8,41.5,0.512,31,0
3-6-2026-04,3,6,24315,4,5,6,6,3,5.667,5.0,3.917,159,0.0314,0.816,1.754,1.4468,1.2766,82,69.33,2455,2271.33,0.0334,138.33,1.693,0.6,2.17,3.511,72.8,41.5,0.512,30,0
3-6-2026-05,3,6,24316,5,4,5,6,4,5.0,5.0,4.0,152,0.0263,0.816,1.732,1.25,1.0,76,76.67,2324,2291.0,0.0327,142.0,1.5162,0.75,2.33,3.511,72.8,41.5,0.512,31,0
3-7-2025-05,3,7,24304,5,10,4,3,2,5.667,4.833,3.917,76,0.1316,2.609,2.361,1.4468,2.5532,63,63.0,1168,1137.67,0.0539,73.67,0.956,0.5,2.67,3.511,72.8,41.5,0.512,31,0
3-7-2025-06,3,7,24305,6,2,10,4,2,5.333,4.5,3.917,70,0.0286,2.814,2.361,1.3617,0.5106,77,67.0,1190,1175.33,0.0647,77.67,0.8908,0.0,2.17,3.511,72.8,41.5,0.512,30,0
3-7-2026-04,3,7,24315,4,9,5,4,10,6.0,5.167,4.417,159,0.0566,1.863,2.597,1.3585,2.0377,135,129.33,2455,2271.33,0.055,138.33,1.693,0.3333,2.83,3.511,72.8,41.5,0.512,30,1
3-7-2026-05,3,7,24316,5,9,9,5,2,7.667,5.833,4.333,152,0.0592,2.339,2.427,1.7692,2.0769,121,127.33,2324,2291.0,0.0521,142.0,1.5162,0.4444,3.0,3.511,72.8,41.5,0.512,31,0
3-7-2026-06,3,7,24317,6,10,9,9,1,9.333,7.0,5.0,141,0.0709,2.38,2.769,1.8667,2.0,144,133.33,2456,2411.67,0.0586,150.67,1.3281,0.6,3.67,3.511,72.8,41.5,0.512,30,0
3-8-2024-04,3,8,24291,4,6,5,6,4,5.667,4.167,3.333,64,0.0938,1.675,1.929,1.7,1.8,64,64.33,1171,1186.33,0.0547,67.67,0.8458,1.0,2.83,3.511,72.8,41.5,0.512,30,0
3-8-2024-05,3,8,24292,5,7,6,5,3,6.0,4.667,3.583,79,0.0886,1.972,2.178,1.6744,1.9535,70,64.33,1175,1164.67,0.0596,69.33,1.0161,0.7143,3.17,3.511,72.8,41.5,0.512,31,0
3-8-2024-06,3,8,24293,6,3,7,6,4,5.333,4.833,3.583,81,0.037,1.772,2.178,1.4884,0.8372,65,66.33,1270,1205.33,0.0512,74.67,1.0199,0.6667,3.33,3.511,72.8,41.5,0.512,30,0
3-8-2024-07,3,8,24294,7,6,3,7,0,5.333,5.5,3.75,73,0.0822,1.258,2.278,1.4222,1.6,68,67.67,1177,1207.33,0.0578,77.67,0.904,0.6667,3.83,3.511,72.8,41.5,0.512,31,0
3-8-2024-08,3,8,24295,8,7,6,3,0,5.333,5.667,4.333,65,0.1077,1.374,2.134,1.2308,1.6154,70,67.67,1103,1183.33,0.0635,73.0,0.8125,0.5714,3.83,3.511,72.8,41.5,0.512,31,0
3-8-2024-09,3,8,24296,9,2,7,6,4,5.0,5.167,4.5,73,0.0274,1.951,1.848,1.1111,0.4444,51,63.0,1214,1164.67,0.042,70.33,0.9022,0.5,3.67,3.511,72.8,41.5,0.512,30,0
3-8-2024-10,3,8,24297,10,7,2,7,4,5.333,5.333,4.75,73,0.0959,2.055,1.963,1.1228,1.4737,62,61.0,1190,1169.0,0.0521,70.33,0.8985,0.4286,3.17,3.511,72.8,41.5,0.512,31,0
3-8-2024-12,3,8,24299,12,7,2,7,2,5.333,5.167,5.0,119,0.0588,2.267,2.041,1.0667,1.4,69,66.0,1744,1545.0,0.0396,99.33,1.4969,0.4286,2.67,3.511,72.8,41.5,0.512,31,0
3-8-2025-05,3,8,24304,5,5,6,5,3,5.333,4.833,4.667,76,0.0658,1.462,1.886,1.1429,1.0714,59,56.67,1168,1137.67,0.0505,73.67,0.956,0.8,3.33,3.511,72.8,41.5,0.512,31,1
3-8-2025-06,3,8,24305,6,10,5,6,6,7.0,5.333,5.25,70,0.1429,2.357,2.314,1.3333,1.9048,72,65.67,1190,1175.33,0.0605,77.67,0.8908,0.7,4.0,3.511,72.8,41.5,0.512,30,0
3-8-2025-07,3,8,24306,7,4,10,5,7,6.333,5.5,5.083,66,0.0606,2.217,2.326,1.2459,0.7869,76,69.0,1187,1181.67,0.064,70.67,0.8462,0.0,3.67,3.511,72.8,41.5,0.512,31,0
3-8-2025-08,3,8,24307,8,4,4,10,2,6.0,5.667,4.833,67,0.0597,2.055,2.267,1.2414,0.8276,66,71.33,1190,1189.0,0.0555,67.67,0.8571,0.5,3.67,3.511,72.8,41.5,0.512,31,0
3-8-2026-04,3,8,24315,4,16,3,8,5,9.0,6.5,5.667,159,0.1006,4.646,3.815,1.5882,2.8235,122,120.67,2455,2271.33,0.0497,138.33,1.693,0.625,3.67,3.511,72.8,41.5,0.512,30,0
3-8-2026-05,3,8,24316,5,10,16,3,10,9.667,7.167,6.083,152,0.0658,4.81,3.989,1.589,1.6438,132,122.0,2324,2291.0,0.0568,142.0,1.5162,0.5,4.17,3.511,72.8,41.5,0.512,31,0
3-8-2026-06,3,8,24317,6,8,10,16,4,11.333,8.0,5.917,141,0.0567,4.435,3.861,1.9155,1.3521,126,126.67,2456,2411.67,0.0513,150.67,1.3281,0.75,4.83,3.511,72.8,41.5,0.512,30,0
30-2-2024-02,30,2,24289,2,4,7,13,3,8.0,7.167,6.0,15,0.2667,4.81,3.651,1.3333,0.6667,492,690.0,1240,1432.33,0.3968,15.67,1.0526,0.75,3.67,1.681,84.1,30.0,0.163,28,0
30-2-2024-03,30,2,24290,3,6,4,7,6,5.667,8.0,6.25,11,0.5455,4.041,3.538,0.9067,0.96,425,477.67,1148,1225.0,0.3702,13.67,0.763,0.5,4.0,1.681,84.1,30.0,0.163,31,0
30-2-2024-10,30,2,24297,10,10,6,5,14,7.0,5.5,6.667,10,1.0,2.217,3.567,1.05,1.5,445,447.0,1190,1169.0,0.3739,10.67,0.7843,0.2,2.83,1.681,84.1,30.0,0.163,31,1
30-2-2024-11,30,2,24298,11,14,10,6,13,10.0,7.0,6.667,20,0.7,3.83,3.567,1.5,2.1,967,628.0,1701,1368.33,0.5685,12.67,1.5686,0.2857,3.17,1.681,84.1,30.0,0.163,30,0
30-2-2024-12,30,2,24299,12,10,14,10,7,11.333,8.0,6.417,16,0.625,3.697,3.2,1.7662,1.5584,992,801.33,1744,1545.0,0.5688,15.33,1.2632,0.7,3.83,1.681,84.1,30.0,0.163,31,0
30-2-2025-01,30,2,24300,1,11,10,14,4,11.667,9.333,6.75,20,0.55,3.037,3.443,1.7284,1.6296,553,837.33,1290,1578.33,0.4287,18.67,1.5287,0.6364,4.5,1.681,84.1,30.0,0.163,31,0
30-2-2025-02,30,2,24301,2,7,11,10,6,9.333,9.667,7.0,13,0.5385,2.625,3.342,1.3333,1.0,452,665.67,1210,1414.67,0.3736,16.33,1.0065,0.5714,4.33,1.681,84.1,30.0,0.163,28,0
30-2-2025-03,30,2,24302,3,3,7,11,3,7.0,9.167,6.75,9,0.3333,3.436,3.515,1.037,0.4444,425,476.67,1077,1192.33,0.3946,14.0,0.7059,1.0,4.5,1.681,84.1,30.0,0.163,31,0
30-2-2025-09,30,2,24308,9,7,4,5,10,5.333,4.333,6.75,13,0.5385,1.795,3.654,0.7901,1.037,434,441.33,1214,1197.0,0.3575,10.0,1.0263,0.7143,2.5,1.681,84.1,30.0,0.163,30,0
30-2-2025-11,30,2,24310,11,12,3,7,10,7.333,5.833,6.0,18,0.6667,3.023,3.317,1.2222,2.0,979,602.33,1707,1341.67,0.5735,13.67,1.44,0.4167,2.83,1.681,84.1,30.0,0.163,30,0
30-2-2025-12,30,2,24311,12,9,12,3,11,8.0,6.667,5.917,15,0.6,3.091,3.226,1.3521,1.5211,1016,796.33,1697,1502.67,0.5987,14.33,1.2081,0.8889,3.83,1.681,84.1,30.0,0.163,31,0
30-2-2026-01,30,2,24312,1,2,9,12,7,7.667,6.167,5.167,5,0.4,3.532,2.995,1.4839,0.3871,513,836.0,1284,1562.67,0.3995,12.67,0.4478,0.5,3.5,1.681,84.1,30.0,0.163,31,0
30-2-2026-02,30,2,24313,2,9,2,9,3,6.667,7.0,5.333,18,0.5,3.512,3.145,1.25,1.6875,860,796.33,2265,1748.67,0.3797,12.67,1.554,0.7778,4.5,1.681,84.1,30.0,0.163,28,0
30-2-2026-03,30,2,24314,3,7,9,2,1,6.0,7.0,5.667,20,0.35,3.512,3.091,1.0588,1.2353,793,722.0,2094,1881.0,0.3787,14.33,1.6,0.7143,4.5,1.681,84.1,30.0,0.163,31,0
30-2-2026-04,30,2,24315,4,8,7,9,5,8.0,7.833,6.25,29,0.2759,3.023,2.803,1.28,1.28,904,852.33,2455,2271.33,0.3682,22.33,2.0471,0.625,5.17,1.681,84.1,30.0,0.163,30,1
30-2-2026-05,30,2,24316,5,12,8,7,4,9.0,7.833,6.833,21,0.5714,3.023,3.184,1.3171,1.7561,870,855.67,2324,2291.0,0.3744,23.33,1.3923,0.4167,5.17,1.681,84.1,30.0,0.163,31,0
30-2-2026-06,30,2,24317,6,6,12,8,5,8.667,7.333,7.0,20,0.3,3.037,3.082,1.2381,0.8571,953,909.0,2456,2411.67,0.388,23.33,1.2903,0.5,4.33,1.681,84.1,30.0,0.163,30,0
30-4-2026-06,30,4,24317,6,5,4,7,1,5.333,3.667,2.5,20,0.25,1.972,1.848,2.1333,2.0,434,443.33,2456,2411.67,0.1767,23.33,1.2903,0.4,1.67,1.681,84.1,30.0,0.163,30,0
31-1-2026-04,31,1,24315,4,7,7,4,2,6.0,3.333,2.5,23,0.3043,2.867,2.432,2.4,2.8,371,331.0,2455,2271.33,0.1511,20.67,1.5,0.8571,2.83,0.933,76.5,30.0,0.23,30,0
31-1-2026-05,31,1,24316,5,8,7,7,4,7.333,4.5,3.0,35,0.2286,3.096,2.858,2.4444,2.6667,331,331.0,2324,2291.0,0.1424,25.33,2.0588,0.75,3.67,0.933,76.5,30.0,0.23,31,0
31-1-2026-06,31,1,24317,6,2,8,7,0,5.667,4.667,2.833,26,0.0769,2.925,2.853,2.0,0.7059,356,352.67,2456,2411.67,0.145,28.0,1.4312,0.5,3.67,0.933,76.5,30.0,0.23,30,0
31-2-2024-02,31,2,24289,2,3,7,6,3,5.333,5.167,4.25,11,0.2727,1.951,2.126,1.2549,0.7059,492,690.0,1240,1432.33,0.3968,11.33,1.0394,0.6667,2.83,0.933,76.5,30.0,0.23,28,0
31-2-2024-11,31,2,24298,11,9,4,4,6,5.667,4.167,4.5,19,0.4737,2.544,2.291,1.2593,2.0,967,628.0,1701,1368.33,0.5685,12.33,1.7015,0.8889,3.0,0.933,76.5,30.0,0.23,30,1
31-2-2024-12,31,2,24299,12,12,9,4,7,8.333,5.333,5.0,17,0.7059,3.902,3.082,1.6667,2.4,992,801.33,1744,1545.0,0.5688,15.33,1.4783,0.5833,3.33,0.933,76.5,30.0,0.23,31,0
31-2-2025-01,31,2,24300,1,8,12,9,3,9.667,6.5,5.083,17,0.4706,3.452,3.148,1.9016,1.5738,553,837.33,1290,1578.33,0.4287,17.67,1.4069,0.875,4.5,0.933,76.5,30.0,0.23,31,0
31-2-2025-02,31,2,24301,2,6,8,12,4,8.667,7.167,5.333,17,0.3529,2.853,3.091,1.625,1.125,452,665.67,1210,1414.67,0.3736,17.0,1.351,0.3333,4.67,0.933,76.5,30.0,0.23,28,0
31-2-2025-03,31,2,24302,3,9,6,8,2,7.667,8.0,5.75,12,0.75,2.517,3.218,1.3333,1.5652,425,476.67,1077,1192.33,0.3946,15.33,0.929,0.7778,5.67,0.933,76.5,30.0,0.23,31,0
31-2-2025-04,31,2,24303,4,1,9,6,7,5.333,7.5,5.667,4,0.25,3.403,3.325,0.9412,0.1765,407,428.0,1168,1151.67,0.3485,11.0,0.338,1.0,5.33,0.933,76.5,30.0,0.23,30,0
31-2-2025-05,31,2,24304,5,6,1,9,5,5.333,7.0,5.583,15,0.4,3.367,3.303,0.9552,1.0746,426,419.33,1168,1137.67,0.3647,10.33,1.2414,0.3333,4.33,0.933,76.5,30.0,0.23,31,0
31-2-2025-10,31,2,24309,10,6,6,3,9,5.0,4.667,6.083,12,0.5,1.374,2.957,0.8219,0.9863,394,422.67,1104,1169.33,0.3569,12.0,0.9231,0.3333,2.0,0.933,76.5,30.0,0.23,31,1
31-2-2025-11,31,2,24310,11,8,6,6,12,6.667,5.0,6.0,19,0.4211,1.826,2.887,1.1111,1.3333,979,602.33,1707,1341.67,0.5735,15.0,1.4615,0.5,2.33,0.933,76.5,30.0,0.23,30,1
31-2-2025-12,31,2,24311,12,14,8,6,8,9.333,6.833,6.167,19,0.7368,3.578,3.262,1.5135,2.2703,1016,796.33,1697,1502.67,0.5987,16.67,1.443,0.7143,3.67,0.933,76.5,30.0,0.23,31,0
31-2-2026-01,31,2,24312,1,5,14,8,6,9.0,7.0,5.917,14,0.3571,3.464,3.226,1.5211,0.8451,513,836.0,1284,1562.67,0.3995,17.33,1.0839,0.2,3.67,0.933,76.5,30.0,0.23,31,0
31-2-2026-02,31,2,24313,2,8,5,14,9,9.0,7.833,6.083,21,0.381,2.967,3.278,1.4795,1.3151,860,796.33,2265,1748.67,0.3797,18.0,1.5849,0.375,3.83,0.933,76.5,30.0,0.23,28,0
31-2-2026-03,31,2,24314,3,5,8,5,1,6.0,7.667,5.75,18,0.2778,3.091,3.166,1.0435,0.8696,793,722.0,2094,1881.0,0.3787,17.67,1.3091,0.8,4.0,0.933,76.5,30.0,0.23,31,0
31-2-2026-04,31,2,24315,4,8,5,8,6,7.0,8.0,6.333,23,0.3478,3.0,2.867,1.1053,1.2632,904,852.33,2455,2271.33,0.3682,20.67,1.5,0.75,4.67,0.933,76.5,30.0,0.23,30,1
31-2-2026-05,31,2,24316,5,11,8,5,3,8.0,8.5,6.75,35,0.3143,3.202,3.139,1.1852,1.6296,870,855.67,2324,2291.0,0.3744,25.33,2.0588,0.4545,4.83,0.933,76.5,30.0,0.23,31,0
31-2-2026-06,31,2,24317,6,9,11,8,4,9.333,7.667,7.25,26,0.3462,2.134,2.976,1.2874,1.2414,953,909.0,2456,2411.67,0.388,28.0,1.4312,0.4444,3.83,0.933,76.5,30.0,0.23,30,0
4-1-2024-02,4,1,24289,2,7,9,5,5,7.0,7.667,7.75,55,0.1273,2.211,2.005,0.9032,0.9032,146,158.67,1240,1432.33,0.1177,63.67,0.9551,0.4286,4.17,2.445,88.6,47.7,0.536,28,0
4-1-2024-03,4,1,24290,3,9,7,9,8,8.333,8.333,8.083,49,0.1837,1.886,1.847,1.0309,1.1134,168,162.33,1148,1225.0,0.1463,52.0,0.834,0.8889,5.17,2.445,88.6,47.7,0.536,31,1
4-1-2024-04,4,1,24291,4,12,9,7,8,9.333,8.833,8.417,54,0.2222,2.339,2.139,1.1089,1.4257,170,161.33,1171,1186.33,0.1452,52.67,0.9324,0.5833,5.67,2.445,88.6,47.7,0.536,30,0
4-1-2024-05,4,1,24292,5,9,12,9,11,10.0,8.5,8.5,52,0.1731,2.141,2.141,1.1765,1.0588,182,173.33,1175,1164.67,0.1549,51.67,0.8902,0.3333,5.33,2.445,88.6,47.7,0.536,31,0
4-1-2024-06,4,1,24293,6,5,9,12,8,8.667,8.5,8.0,62,0.0806,2.141,2.198,1.0833,0.625,174,175.33,1270,1205.33,0.137,56.0,1.0479,0.6,5.17,2.445,88.6,47.7,0.536,30,0
4-1-2024-07,4,1,24294,7,7,5,9,7,7.0,8.167,7.917,44,0.1591,2.192,2.216,0.8842,0.8842,147,167.67,1177,1207.33,0.1249,52.67,0.7489,0.4286,4.5,2.445,88.6,47.7,0.536,31,0
4-1-2024-08,4,1,24295,8,6,7,5,5,6.0,8.0,7.833,51,0.1176,2.309,2.267,0.766,0.766,149,156.67,1103,1183.33,0.1351,52.33,0.8632,0.6667,4.67,2.445,88.6,47.7,0.536,31,1
4-1-2024-09,4,1,24296,9,10,6,7,9,7.667,8.167,8.25,68,0.1471,2.409,2.165,0.9293,1.2121,169,155.0,1214,1164.67,0.1392,54.33,1.1349,0.6,4.33,2.445,88.6,47.7,0.536,30,0
4-1-2024-10,4,1,24297,10,5,10,6,11,7.0,7.0,7.917,49,0.102,1.915,2.326,0.8842,0.6316,135,151.0,1190,1169.0,0.1134,56.0,0.8201,1.0,4.0,2.445,88.6,47.7,0.536,31,0
4-1-2024-11,4,1,24298,11,5,5,10,5,6.667,6.333,7.417,78,0.0641,1.795,2.253,0.8989,0.6742,154,152.67,1701,1368.33,0.0905,65.0,1.341,0.4,3.83,2.445,88.6,47.7,0.536,30,0
4-1-2024-12,4,1,24299,12,9,5,5,9,6.333,7.0,7.75,82,0.1098,1.915,2.165,0.8172,1.1613,175,154.67,1744,1545.0,0.1003,69.67,1.4138,0.6667,4.33,2.445,88.6,47.7,0.536,31,0
4-1-2025-01,4,1,24300,1,7,9,5,7,7.0,7.0,7.583,68,0.1029,1.915,2.139,0.9231,0.9231,151,160.0,1290,1578.33,0.1171,76.0,1.1461,0.4286,4.33,2.445,88.6,47.7,0.536,31,0
4-1-2025-02,4,1,24301,2,6,7,9,9,7.333,7.0,7.5,68,0.0882,1.915,2.179,0.9778,0.8,162,162.67,1210,1414.67,0.1339,72.67,1.1255,0.3333,4.0,2.445,88.6,47.7,0.536,28,0
4-1-2025-03,4,1,24302,3,8,6,7,12,7.0,6.667,7.417,53,0.1509,1.491,2.139,0.9438,1.0787,131,148.0,1077,1192.33,0.1216,63.0,0.8724,0.25,3.33,2.445,88.6,47.7,0.536,31,0
4-1-2025-04,4,1,24303,4,6,8,6,9,6.667,6.833,6.917,67,0.0896,1.344,1.656,0.9639,0.8675,159,150.67,1168,1151.67,0.1361,62.67,1.0836,0.3333,2.83,2.445,88.6,47.7,0.536,30,0
4-1-2025-05,4,1,24304,5,6,6,8,5,6.667,7.0,6.667,51,0.1176,1.155,1.546,1.0,0.9,199,163.0,1168,1137.67,0.1704,57.0,0.8259,0.5,3.0,2.445,88.6,47.7,0.536,31,1
4-1-2025-06,4,1,24305,6,12,6,6,7,8.0,7.5,7.25,81,0.1481,2.141,2.046,1.1034,1.6552,183,180.33,1190,1175.33,0.1538,66.33,1.2789,0.6667,3.33,2.445,88.6,47.7,0.536,30,1
4-1-2025-07,4,1,24306,7,12,12,6,6,10.0,8.333,7.667,62,0.1935,2.687,2.427,1.3043,1.5652,149,177.0,1187,1181.67,0.1255,64.67,0.9563,0.4167,3.67,2.445,88.6,47.7,0.536,31,0
4-1-2025-08,4,1,24307,8,6,12,12,10,10.0,8.333,7.667,50,0.12,2.687,2.427,1.3043,0.7826,171,167.67,1190,1189.0,0.1437,64.33,0.7722,0.5,3.83,2.445,88.6,47.7,0.536,31,0
4-1-2025-09,4,1,24308,9,12,6,12,5,10.0,9.0,7.833,70,0.1714,3.0,2.64,1.2766,1.5319,146,155.33,1214,1197.0,0.1203,60.67,1.0783,0.1667,3.83,2.445,88.6,47.7,0.536,30,0
4-1-2025-10,4,1,24309,10,10,12,6,5,9.333,9.667,8.25,57,0.1754,2.687,2.554,1.1313,1.2121,155,157.33,1104,1169.33,0.1404,59.0,0.8691,0.6,4.5,2.445,88.6,47.7,0.536,31,0
4-1-2025-11,4,1,24310,11,8,10,12,9,10.0,10.0,8.5,79,0.1013,2.309,2.363,1.1765,0.9412,160,153.67,1707,1341.67,0.0937,68.67,1.203,0.375,4.5,2.445,88.6,47.7,0.536,30,0
4-1-2025-12,4,1,24311,12,4,8,10,7,7.333,8.667,8.083,74,0.0541,2.981,2.66,0.9072,0.4948,157,157.33,1697,1502.67,0.0925,70.0,1.1385,0.75,3.67,2.445,88.6,47.7,0.536,31,0
4-1-2026-01,4,1,24312,1,6,4,8,6,6.0,7.667,8.0,53,0.1132,2.687,2.708,0.75,0.75,152,156.33,1284,1562.67,0.1184,68.67,0.8314,0.5,3.33,2.445,88.6,47.7,0.536,31,1
4-1-2026-02,4,1,24313,2,19,6,4,8,9.667,9.833,9.083,103,0.1845,4.845,3.989,1.0642,2.0917,331,213.33,2265,1748.67,0.1461,76.67,1.545,0.8421,5.5,2.445,88.6,47.7,0.536,28,0
4-1-2026-03,4,1,24314,3,13,19,6,6,12.667,10.0,9.5,103,0.1262,4.933,4.113,1.3333,1.3684,291,258.0,2094,1881.0,0.139,86.33,1.4541,0.5385,6.33,2.445,88.6,47.7,0.536,31,1
4-1-2026-04,4,1,24315,4,20,13,19,6,17.333,11.667,10.667,118,0.1695,6.182,4.871,1.625,1.875,371,331.0,2455,2271.33,0.1511,108.0,1.5716,0.6,7.33,2.445,88.6,47.7,0.536,30,1
4-1-2026-05,4,1,24316,5,25,20,13,12,19.333,14.5,12.25,121,0.2066,7.588,6.043,1.5782,2.0408,331,331.0,2324,2291.0,0.1424,114.0,1.4954,0.6,9.33,2.445,88.6,47.7,0.536,31,0
4-1-2026-06,4,1,24317,6,21,25,20,12,22.0,17.333,13.0,118,0.178,6.182,6.506,1.6923,1.6154,356,352.67,2456,2411.67,0.145,119.0,1.4048,0.4762,10.5,2.445,88.6,47.7,0.536,30,0
4-2-2024-02,4,2,24289,2,23,17,54,10,31.333,31.5,24.417,55,0.4182,16.132,13.787,1.2833,0.942,492,690.0,1240,1432.33,0.3968,63.67,0.9551,0.4348,18.33,2.445,88.6,47.7,0.536,28,0
4-2-2024-03,4,2,24290,3,17,23,17,19,19.0,31.5,25.0,49,0.3469,16.132,13.304,0.76,0.68,425,477.67,1148,1225.0,0.3702,52.0,0.834,0.4118,17.67,2.445,88.6,47.7,0.536,31,0
4-2-2024-04,4,2,24291,4,18,17,23,23,19.333,30.5,24.917,54,0.3333,16.741,13.345,0.7759,0.7224,437,451.33,1171,1186.33,0.3732,52.67,0.9324,0.5,16.83,2.445,88.6,47.7,0.536,30,0
4-2-2024-05,4,2,24292,5,18,18,17,20,17.667,24.5,24.5,52,0.3462,13.351,13.475,0.7211,0.7347,421,427.67,1175,1164.67,0.3583,51.67,0.8902,0.4444,13.33,2.445,88.6,47.7,0.536,31,0
4-2-2024-06,4,2,24293,6,22,18,18,13,19.333,19.167,24.667,62,0.3548,2.409,13.431,0.7838,0.8919,495,451.0,1270,1205.33,0.3898,56.0,1.0479,0.5909,9.67,2.445,88.6,47.7,0.536,30,0
4-2-2024-07,4,2,24294,7,16,22,18,19,18.667,19.0,24.917,44,0.3636,2.582,13.238,0.7492,0.6421,451,455.67,1177,1207.33,0.3832,52.67,0.7489,0.6875,9.67,2.445,88.6,47.7,0.536,31,0
4-2-2024-08,4,2,24295,8,23,16,22,17,20.333,19.0,25.25,51,0.451,2.582,13.135,0.8053,0.9109,424,456.67,1103,1183.33,0.3844,52.33,0.8632,0.5217,10.0,2.445,88.6,47.7,0.536,31,1
4-2-2024-09,4,2,24296,9,29,23,16,24,22.667,21.0,26.25,68,0.4265,4.32,12.924,0.8635,1.1048,472,449.0,1214,1164.67,0.3888,54.33,1.1349,0.4828,11.17,2.445,88.6,47.7,0.536,30,0
4-2-2024-10,4,2,24297,10,17,29,23,54,23.0,20.833,25.667,49,0.3469,4.45,13.168,0.8961,0.6623,445,447.0,1190,1169.0,0.3739,56.0,0.8201,0.7059,11.67,2.445,88.6,47.7,0.536,31,1
4-2-2024-11,4,2,24298,11,50,17,29,54,32.0,26.167,25.333,78,0.641,11.481,12.479,1.2632,1.9737,967,628.0,1701,1368.33,0.5685,65.0,1.341,0.54,14.83,2.445,88.6,47.7,0.536,30,0
4-2-2024-12,4,2,24299,12,44,50,17,17,37.0,29.833,24.5,82,0.5366,12.98,10.751,1.5102,1.7959,992,801.33,1744,1545.0,0.5688,69.67,1.4138,0.5682,16.83,2.445,88.6,47.7,0.536,31,0
4-2-2025-01,4,2,24300,1,36,44,50,23,43.333,33.167,26.083,68,0.5294,11.481,10.927,1.6613,1.3802,553,837.33,1290,1578.33,0.4287,76.0,1.1461,0.6111,18.67,2.445,88.6,47.7,0.536,31,0
4-2-2025-02,4,2,24301,2,26,36,44,17,35.333,33.667,26.333,68,0.3824,11.086,10.888,1.3418,0.9873,452,665.67,1210,1414.67,0.3736,72.67,1.1255,0.6538,19.5,2.445,88.6,47.7,0.536,28,0
4-2-2025-03,4,2,24302,3,18,26,36,18,26.667,31.833,26.417,53,0.3396,12.522,10.82,1.0095,0.6814,425,476.67,1077,1192.33,0.3946,63.0,0.8724,0.6667,19.17,2.445,88.6,47.7,0.536,31,0
4-2-2025-04,4,2,24303,4,26,18,26,18,23.333,33.333,27.083,67,0.3881,11.116,10.523,0.8615,0.96,407,428.0,1168,1151.67,0.3485,62.67,1.0836,0.5385,19.5,2.445,88.6,47.7,0.536,30,0
4-2-2025-05,4,2,24304,5,22,26,18,22,22.0,28.667,27.417,51,0.4314,8.769,10.291,0.8024,0.8024,426,419.33,1168,1137.67,0.3647,57.0,0.8259,0.5455,17.0,2.445,88.6,47.7,0.536,31,0
4-2-2025-06,4,2,24305,6,25,22,26,16,24.333,25.5,27.667,81,0.3086,5.47,10.193,0.8795,0.9036,427,420.0,1190,1175.33,0.3588,66.33,1.2789,0.52,15.0,2.445,88.6,47.7,0.536,30,0
4-2-2025-07,4,2,24306,7,22,25,22,23,23.0,23.167,28.167,62,0.3548,2.853,9.745,0.8166,0.7811,450,434.33,1187,1181.67,0.3791,64.67,0.9563,0.4091,12.83,2.445,88.6,47.7,0.536,31,0
4-2-2025-08,4,2,24307,8,22,22,25,29,23.0,22.5,28.083,50,0.44,2.566,9.793,0.819,0.7834,440,439.0,1190,1189.0,0.3697,64.33,0.7722,0.2727,11.0,2.445,88.6,47.7,0.536,31,0
4-2-2025-09,4,2,24308,9,21,22,22,17,21.667,23.0,27.417,70,0.3,1.826,9.979,0.7903,0.766,434,441.33,1214,1197.0,0.3575,60.67,1.0783,0.3333,10.17,2.445,88.6,47.7,0.536,30,0
4-2-2025-10,4,2,24309,10,21,21,22,50,21.333,22.167,27.75,57,0.3684,1.344,9.688,0.7688,0.7568,394,422.67,1104,1169.33,0.3569,59.0,0.8691,0.4762,9.5,2.445,88.6,47.7,0.536,31,1
4-2-2025-11,4,2,24310,11,52,21,21,44,31.333,27.167,27.917,79,0.6582,11.187,10.079,1.1224,1.8627,979,602.33,1707,1341.67,0.5735,68.67,1.203,0.5577,12.33,2.445,88.6,47.7,0.536,30,1
4-2-2025-12,4,2,24311,12,51,52,21,36,41.333,31.5,28.5,74,0.6892,14.151,11.139,1.4503,1.7895,1016,796.33,1697,1502.67,0.5987,70.0,1.1385,0.5294,14.67,2.445,88.6,47.7,0.536,31,0
4-2-2026-01,4,2,24312,1,21,51,52,26,41.333,31.333,27.25,53,0.3962,14.267,11.069,1.5168,0.7706,513,836.0,1284,1562.67,0.3995,68.67,0.8314,0.5714,15.17,2.445,88.6,47.7,0.536,31,0
4-2-2026-02,4,2,24313,2,33,21,51,18,35.0,33.167,27.833,103,0.3204,13.643,11.172,1.2575,1.1856,860,796.33,2265,1748.67,0.3797,76.67,1.545,0.5152,17.0,2.445,88.6,47.7,0.536,28,0
4-2-2026-03,4,2,24314,3,40,33,21,26,31.333,36.333,29.667,103,0.3883,12.618,11.213,1.0562,1.3483,793,722.0,2094,1881.0,0.3787,86.33,1.4541,0.525,19.33,2.445,88.6,47.7,0.536,31,0
4-2-2026-04,4,2,24315,4,41,40,33,22,38.0,39.667,30.917,118,0.3475,10.609,11.565,1.2291,1.3261,904,852.33,2455,2271.33,0.3682,108.0,1.5716,0.4146,20.5,2.445,88.6,47.7,0.536,30,0
4-2-2026-05,4,2,24316,5,40,41,40,25,40.333,37.667,32.417,121,0.3306,9.123,11.478,1.2442,1.2339,870,855.67,2324,2291.0,0.3744,114.0,1.4954,0.725,20.5,2.445,88.6,47.7,0.536,31,0
4-2-2026-06,4,2,24317,6,51,40,41,22,44.0,37.667,34.583,118,0.4322,9.123,12.298,1.2723,1.4747,953,909.0,2456,2411.67,0.388,119.0,1.4048,0.5882,21.0,2.445,88.6,47.7,0.536,30,0
4-3-2025-03,4,3,24302,3,4,6,5,5,5.0,4.333,4.333,53,0.0755,0.943,0.85,1.1538,0.9231,86,89.0,1077,1192.33,0.0799,63.0,0.8724,0.5,2.33,2.445,88.6,47.7,0.536,31,0
4-3-2025-04,4,3,24303,4,7,4,6,5,5.667,4.833,4.5,67,0.1045,1.344,1.118,1.2593,1.5556,109,95.0,1168,1151.67,0.0933,62.67,1.0836,0.5714,2.67,2.445,88.6,47.7,0.536,30,0
4-3-2025-05,4,3,24304,5,5,7,4,3,5.333,5.0,4.5,51,0.098,1.291,1.118,1.1852,1.1111,73,89.33,1168,1137.67,0.0625,57.0,0.8259,0.6,2.83,2.445,88.6,47.7,0.536,31,1
4-3-2025-06,4,3,24305,6,15,5,7,4,9.0,7.0,5.5,81,0.1852,3.697,3.041,1.6364,2.7273,90,90.67,1190,1175.33,0.0756,66.33,1.2789,0.6667,4.17,2.445,88.6,47.7,0.536,30,0
4-3-2025-07,4,3,24306,7,6,15,5,4,8.667,7.167,5.667,62,0.0968,3.625,3.009,1.5294,1.0588,83,82.0,1187,1181.67,0.0699,64.67,0.9563,0.5,4.0,2.445,88.6,47.7,0.536,31,0
4-3-2025-08,4,3,24307,8,2,6,15,5,7.667,6.5,5.5,50,0.04,4.113,3.149,1.3939,0.3636,88,87.0,1190,1189.0,0.0739,64.33,0.7722,0.0,3.67,2.445,88.6,47.7,0.536,31,0
4-3-2025-09,4,3,24308,9,9,2,6,4,5.667,7.333,5.833,70,0.1286,4.028,3.287,0.9714,1.5429,115,95.33,1214,1197.0,0.0947,60.67,1.0783,0.6667,4.33,2.445,88.6,47.7,0.536,30,0
4-3-2025-11,4,3,24310,11,4,3,9,3,5.333,6.5,5.75,79,0.0506,4.425,3.345,0.9275,0.6957,104,100.67,1707,1341.67,0.0609,68.67,1.203,0.5,3.83,2.445,88.6,47.7,0.536,30,0
4-3-2026-02,4,3,24313,2,14,1,1,4,5.333,5.333,5.917,103,0.1359,4.714,4.462,0.9014,2.3662,200,128.33,2265,1748.67,0.0883,76.67,1.545,0.5714,3.33,2.445,88.6,47.7,0.536,28,0
4-3-2026-03,4,3,24314,3,7,14,1,7,7.333,5.0,6.167,103,0.068,4.509,4.432,1.1892,1.1351,164,156.0,2094,1881.0,0.0783,86.33,1.4541,0.5714,3.0,2.445,88.6,47.7,0.536,31,0
4-3-2026-04,4,3,24315,4,4,7,14,5,8.333,5.167,5.917,118,0.0339,4.45,4.462,1.4085,0.6761,191,185.0,2455,2271.33,0.0778,108.0,1.5716,0.0,2.67,2.445,88.6,47.7,0.536,30,0
4-3-2026-05,4,3,24316,5,9,4,7,15,6.667,6.0,6.25,121,0.0744,4.619,4.53,1.0667,1.44,193,182.67,2324,2291.0,0.083,114.0,1.4954,0.3333,2.83,2.445,88.6,47.7,0.536,31,0
4-3-2026-06,4,3,24317,6,8,9,4,6,7.0,7.167,5.667,118,0.0678,4.059,3.749,1.2353,1.4118,180,188.0,2456,2411.67,0.0733,119.0,1.4048,0.375,3.17,2.445,88.6,47.7,0.536,30,0
4-4-2024-02,4,4,24289,2,9,11,11,7,10.333,9.667,9.167,55,0.1636,3.35,3.484,1.1273,0.9818,220,220.33,1240,1432.33,0.1774,63.67,0.9551,0.6667,5.17,2.445,88.6,47.7,0.536,28,0
4-4-2024-03,4,4,24290,3,10,9,11,15,10.0,8.833,9.417,49,0.2041,2.409,3.427,1.0619,1.0619,236,228.0,1148,1225.0,0.2056,52.0,0.834,0.7,5.33,2.445,88.6,47.7,0.536,31,0
4-4-2024-04,4,4,24291,4,10,10,9,6,9.667,9.833,9.0,54,0.1852,1.067,3.0,1.0741,1.1111,210,222.0,1171,1186.33,0.1793,52.67,0.9324,0.5,5.83,2.445,88.6,47.7,0.536,30,0
4-4-2024-05,4,4,24292,5,6,10,10,6,8.667,9.5,9.0,52,0.1154,1.708,3.0,0.963,0.6667,214,220.0,1175,1164.67,0.1821,51.67,0.8902,0.3333,5.5,2.445,88.6,47.7,0.536,31,1
4-4-2024-06,4,4,24293,6,14,6,10,6,10.0,10.0,9.667,62,0.2258,2.38,3.145,1.0345,1.4483,244,222.67,1270,1205.33,0.1921,56.0,1.0479,0.8571,6.5,2.445,88.6,47.7,0.536,30,0
4-4-2024-07,4,4,24294,7,3,14,6,12,7.667,8.667,9.417,44,0.0682,3.448,3.523,0.8142,0.3186,214,224.0,1177,1207.33,0.1818,52.67,0.7489,0.3333,5.5,2.445,88.6,47.7,0.536,31,0
4-4-2024-08,4,4,24295,8,8,3,14,15,8.333,8.5,9.083,51,0.1569,3.452,3.451,0.9174,0.8807,189,215.67,1103,1183.33,0.1714,52.33,0.8632,0.375,5.0,2.445,88.6,47.7,0.536,31,0
4-4-2024-09,4,4,24296,9,9,8,3,4,6.667,8.333,8.583,68,0.1324,3.399,2.957,0.7767,1.0485,224,209.0,1214,1164.67,0.1845,54.33,1.1349,0.5556,4.67,2.445,88.6,47.7,0.536,30,0
4-4-2024-10,4,4,24297,10,8,9,8,8,8.333,8.0,8.917,49,0.1633,3.317,2.629,0.9346,0.8972,229,214.0,1190,1169.0,0.1924,56.0,0.8201,0.625,4.67,2.445,88.6,47.7,0.536,31,0
4-4-2024-11,4,4,24298,11,10,8,9,11,9.0,8.667,9.083,78,0.1282,3.249,2.629,0.9908,1.1009,215,222.67,1701,1368.33,0.1264,65.0,1.341,0.6,5.33,2.445,88.6,47.7,0.536,30,0
4-4-2024-12,4,4,24299,12,10,10,8,11,9.333,8.0,9.0,82,0.122,2.38,2.582,1.037,1.1111,202,215.33,1744,1545.0,0.1158,69.67,1.4138,0.5,4.17,2.445,88.6,47.7,0.536,31,0
4-4-2025-01,4,4,24300,1,10,10,10,9,10.0,9.167,8.917,68,0.1471,0.898,2.532,1.1215,1.1215,238,218.33,1290,1578.33,0.1845,76.0,1.1461,0.7,5.17,2.445,88.6,47.7,0.536,31,0
4-4-2025-02,4,4,24301,2,13,10,10,10,11.0,10.0,9.25,68,0.1912,1.528,2.773,1.1892,1.4054,229,223.0,1210,1414.67,0.1893,72.67,1.1255,0.4615,5.67,2.445,88.6,47.7,0.536,28,0
4-4-2025-03,4,4,24302,3,6,13,10,10,9.667,9.5,8.917,53,0.1132,2.141,2.9,1.0841,0.6729,209,225.33,1077,1192.33,0.1941,63.0,0.8724,0.8333,5.67,2.445,88.6,47.7,0.536,31,0
4-4-2025-04,4,4,24303,4,13,6,13,6,10.667,10.333,9.167,67,0.194,2.357,3.105,1.1636,1.4182,221,219.67,1168,1151.67,0.1892,62.67,1.0836,0.3846,5.67,2.445,88.6,47.7,0.536,30,0
4-4-2025-05,4,4,24304,5,11,13,6,14,10.0,10.5,9.583,51,0.2157,2.363,2.985,1.0435,1.1478,211,213.67,1168,1137.67,0.1807,57.0,0.8259,0.4545,5.5,2.445,88.6,47.7,0.536,31,0
4-4-2025-06,4,4,24305,6,11,11,13,3,11.667,10.667,9.333,81,0.1358,2.357,2.718,1.25,1.1786,194,208.67,1190,1175.33,0.163,66.33,1.2789,0.1818,5.0,2.445,88.6,47.7,0.536,30,0
4-4-2025-07,4,4,24306,7,10,11,11,8,10.667,10.667,9.917,62,0.1613,2.357,1.935,1.0756,1.0084,214,206.33,1187,1181.67,0.1803,64.67,0.9563,0.6,4.83,2.445,88.6,47.7,0.536,31,0
4-4-2025-08,4,4,24307,8,5,10,11,9,8.667,9.333,9.667,50,0.1,2.867,2.321,0.8966,0.5172,214,207.33,1190,1189.0,0.1798,64.33,0.7722,0.6,4.33,2.445,88.6,47.7,0.536,31,0
4-4-2025-09,4,4,24308,9,7,5,10,8,7.333,9.5,9.5,70,0.1,2.693,2.432,0.7719,0.7368,237,221.67,1214,1197.0,0.1952,60.67,1.0783,0.5714,4.17,2.445,88.6,47.7,0.536,30,0
4-4-2025-10,4,4,24309,10,9,7,5,10,7.0,8.833,9.583,57,0.1579,2.192,2.396,0.7304,0.9391,215,222.0,1104,1169.33,0.1947,59.0,0.8691,0.6667,4.33,2.445,88.6,47.7,0.536,31,1
4-4-2025-11,4,4,24310,11,10,9,7,10,8.667,8.667,9.583,79,0.1266,2.055,2.396,0.9043,1.0435,210,220.67,1707,1341.67,0.123,68.67,1.203,0.4,4.17,2.445,88.6,47.7,0.536,30,0
4-4-2025-12,4,4,24311,12,10,10,9,10,9.667,8.5,9.583,74,0.1351,1.893,2.396,1.0087,1.0435,185,203.33,1697,1502.67,0.109,70.0,1.1385,0.4,4.5,2.445,88.6,47.7,0.536,31,0
4-4-2026-01,4,4,24312,1,12,10,10,13,10.667,8.833,9.75,53,0.2264,2.267,2.487,1.094,1.2308,229,208.0,1284,1562.67,0.1783,68.67,0.8314,0.5,4.5,2.445,88.6,47.7,0.536,31,0
4-4-2026-02,4,4,24313,2,10,12,10,6,10.667,9.667,9.5,103,0.0971,1.491,2.291,1.1228,1.0526,390,268.0,2265,1748.67,0.1722,76.67,1.545,0.4,4.67,2.445,88.6,47.7,0.536,28,1
4-4-2026-03,4,4,24314,3,21,10,12,13,14.333,12.0,10.75,103,0.2039,4.123,3.7,1.3333,1.9535,375,331.33,2094,1881.0,0.1791,86.33,1.4541,0.619,6.17,2.445,88.6,47.7,0.536,31,1
4-4-2026-04,4,4,24315,4,24,21,10,11,18.333,14.5,11.667,118,0.2034,5.766,5.201,1.5714,2.0571,465,410.0,2455,2271.33,0.1894,108.0,1.5716,0.4583,7.0,2.445,88.6,47.7,0.536,30,0
4-4-2026-05,4,4,24316,5,20,24,21,11,21.667,16.167,12.417,121,0.1653,5.669,5.678,1.745,1.6107,431,423.67,2324,2291.0,0.1855,114.0,1.4954,0.55,8.17,2.445,88.6,47.7,0.536,31,0
4-4-2026-06,4,4,24317,6,19,20,24,10,21.0,17.667,13.083,118,0.161,4.989,5.937,1.6051,1.4522,434,443.33,2456,2411.67,0.1767,119.0,1.4048,0.5263,9.17,2.445,88.6,47.7,0.536,30,0
4-5-2024-09,4,5,24296,9,8,3,4,3,5.0,4.5,4.667,68,0.1176,1.708,2.953,1.0714,1.7143,90,88.33,1214,1164.67,0.0741,54.33,1.1349,0.625,2.33,2.445,88.6,47.7,0.536,30,0
4-5-2024-10,4,5,24297,10,6,8,3,13,5.667,4.667,4.917,49,0.1224,1.795,2.929,1.1525,1.2203,114,97.67,1190,1169.0,0.0958,56.0,0.8201,0.8333,2.83,2.445,88.6,47.7,0.536,31,0
4-5-2024-11,4,5,24298,11,3,6,8,4,5.667,4.667,4.083,78,0.0385,1.795,1.656,1.3878,0.7347,101,101.67,1701,1368.33,0.0594,65.0,1.341,0.6667,3.17,2.445,88.6,47.7,0.536,30,0
4-5-2024-12,4,5,24299,12,6,3,6,4,5.0,5.0,4.25,82,0.0732,1.826,1.738,1.1765,1.4118,82,99.0,1744,1545.0,0.047,69.67,1.4138,0.5,3.33,2.445,88.6,47.7,0.536,31,0
4-5-2025-01,4,5,24300,1,6,6,3,4,5.0,5.333,4.417,68,0.0882,1.795,1.801,1.1321,1.3585,93,92.0,1290,1578.33,0.0721,76.0,1.1461,0.3333,3.17,2.445,88.6,47.7,0.536,31,0
4-5-2025-02,4,5,24301,2,3,6,6,1,5.0,5.333,4.333,68,0.0441,1.795,1.841,1.1538,0.6923,105,93.33,1210,1414.67,0.0868,72.67,1.1255,0.6667,3.17,2.445,88.6,47.7,0.536,28,0
4-5-2025-03,4,5,24302,3,6,3,6,5,5.0,5.0,4.75,53,0.1132,1.414,1.588,1.0526,1.2632,78,92.0,1077,1192.33,0.0724,63.0,0.8724,0.5,2.83,2.445,88.6,47.7,0.536,31,1
4-5-2025-04,4,5,24303,4,8,6,3,3,5.667,5.333,5.0,67,0.1194,1.795,1.826,1.1333,1.6,107,96.67,1168,1151.67,0.0916,62.67,1.0836,0.375,2.5,2.445,88.6,47.7,0.536,30,0
4-5-2025-05,4,5,24304,5,1,8,6,4,5.0,5.0,4.833,51,0.0196,2.309,2.075,1.0345,0.2069,106,97.0,1168,1137.67,0.0908,57.0,0.8259,0.0,2.17,2.445,88.6,47.7,0.536,31,0
4-5-2025-10,4,5,24309,10,8,6,4,3,6.0,4.167,4.75,57,0.1404,2.339,2.165,1.2632,1.6842,89,98.0,1104,1169.33,0.0806,59.0,0.8691,0.375,1.83,2.445,88.6,47.7,0.536,31,0
4-5-2025-11,4,5,24310,11,3,8,6,6,5.667,4.5,4.75,79,0.038,1.979,2.165,1.193,0.6316,95,94.67,1707,1341.67,0.0557,68.67,1.203,0.6667,2.17,2.445,88.6,47.7,0.536,30,0
4-5-2026-02,4,5,24313,2,9,6,0,6,5.0,5.333,4.75,103,0.0874,3.037,2.773,1.0526,1.8947,175,122.33,2265,1748.67,0.0773,76.67,1.545,0.6667,2.5,2.445,88.6,47.7,0.536,28,1
4-5-2026-03,4,5,24314,3,8,9,6,8,7.667,5.667,4.917,103,0.0777,3.197,2.9,1.5593,1.6271,161,150.67,2094,1881.0,0.0769,86.33,1.4541,0.5,2.83,2.445,88.6,47.7,0.536,31,0
4-5-2026-04,4,5,24315,4,9,8,9,1,8.667,5.833,5.0,118,0.0763,3.337,3.0,1.7333,1.8,185,173.67,2455,2271.33,0.0754,108.0,1.5716,0.3333,2.83,2.445,88.6,47.7,0.536,30,0
4-5-2026-05,4,5,24316,5,12,9,8,4,9.667,7.333,5.917,121,0.0992,3.727,3.303,1.6338,2.0282,170,172.0,2324,2291.0,0.0731,114.0,1.4954,0.4167,3.33,2.445,88.6,47.7,0.536,31,0
4-5-2026-06,4,5,24317,6,6,12,9,2,9.0,8.333,6.083,118,0.0508,2.055,3.252,1.4795,0.9863,179,178.0,2456,2411.67,0.0729,119.0,1.4048,0.3333,3.67,2.445,88.6,47.7,0.536,30,0
4-7-2024-07,4,7,24294,7,4,5,6,1,5.0,3.667,3.0,44,0.0909,1.886,1.958,1.6667,1.3333,63,66.0,1177,1207.33,0.0535,52.67,0.7489,1.0,2.33,2.445,88.6,47.7,0.536,31,0
4-7-2026-02,4,7,24313,2,7,2,6,5,5.0,4.167,3.833,103,0.068,1.951,1.772,1.3043,1.8261,127,89.33,2265,1748.67,0.0561,76.67,1.545,0.7143,2.33,2.445,88.6,47.7,0.536,28,0
4-7-2026-04,4,7,24315,4,9,5,7,2,7.0,5.167,4.333,118,0.0763,2.544,2.248,1.6154,2.0769,135,129.33,2455,2271.33,0.055,108.0,1.5716,0.4444,2.83,2.445,88.6,47.7,0.536,30,0
4-7-2026-05,4,7,24316,5,2,9,5,6,5.333,5.167,4.333,121,0.0165,2.544,2.248,1.2308,0.4615,121,127.33,2324,2291.0,0.0521,114.0,1.4954,0.0,2.83,2.445,88.6,47.7,0.536,31,0
4-7-2026-06,4,7,24317,6,7,2,9,2,6.0,5.333,4.417,118,0.0593,2.625,2.326,1.3585,1.5849,144,133.33,2456,2411.67,0.0586,119.0,1.4048,0.4286,2.83,2.445,88.6,47.7,0.536,30,1
4-8-2025-09,4,8,24308,9,7,5,6,4,6.0,4.5,3.917,70,0.1,1.708,1.891,1.5319,1.7872,70,70.67,1214,1197.0,0.0577,60.67,1.0783,0.2857,2.0,2.445,88.6,47.7,0.536,30,0
4-8-2026-02,4,8,24313,2,10,3,2,2,5.0,4.0,3.833,103,0.0971,3.416,2.64,1.3043,2.6087,128,85.0,2265,1748.67,0.0565,76.67,1.545,0.5,1.5,2.445,88.6,47.7,0.536,28,0
4-8-2026-03,4,8,24314,3,7,10,3,4,6.667,4.0,4.25,103,0.068,3.416,2.712,1.5686,1.6471,112,97.67,2094,1881.0,0.0535,86.33,1.4541,0.2857,1.5,2.445,88.6,47.7,0.536,31,0
4-8-2026-04,4,8,24315,4,7,7,10,3,8.0,4.833,4.5,118,0.0593,3.436,2.814,1.7778,1.5556,122,120.67,2455,2271.33,0.0497,108.0,1.5716,0.5714,2.0,2.445,88.6,47.7,0.536,30,0
4-8-2026-05,4,8,24316,5,8,7,7,2,7.333,6.167,4.917,121,0.0661,2.794,2.929,1.4915,1.6271,132,122.0,2324,2291.0,0.0568,114.0,1.4954,0.375,2.5,2.445,88.6,47.7,0.536,31,0
4-8-2026-06,4,8,24317,6,1,8,7,6,5.333,6.0,4.833,118,0.0085,3.055,3.023,1.1034,0.2069,126,126.67,2456,2411.67,0.0513,119.0,1.4048,1.0,2.67,2.445,88.6,47.7,0.536,30,1
5-1-2024-02,5,1,24289,2,8,4,7,6,6.333,6.833,7.917,61,0.1311,1.863,2.396,0.8,1.0105,146,158.67,1240,1432.33,0.1177,68.33,0.9919,0.625,4.33,5.592,73.5,25.1,0.417,28,0
5-1-2024-03,5,1,24290,3,6,8,4,7,6.0,6.167,7.917,49,0.1224,1.213,2.396,0.7579,0.7579,168,162.33,1148,1225.0,0.1463,57.0,0.7978,0.6667,4.17,5.592,73.5,25.1,0.417,31,0
5-1-2024-04,5,1,24291,4,6,6,8,11,6.667,6.167,7.833,53,0.1132,1.213,2.444,0.8511,0.766,170,161.33,1171,1186.33,0.1452,54.33,0.8641,0.3333,3.5,5.592,73.5,25.1,0.417,30,0
5-1-2024-05,5,1,24292,5,6,6,6,12,6.0,6.167,7.417,51,0.1176,1.213,2.29,0.809,0.809,182,173.33,1175,1164.67,0.1549,51.0,0.8418,1.0,3.83,5.592,73.5,25.1,0.417,31,1
5-1-2024-06,5,1,24293,6,10,6,6,7,7.333,6.667,7.25,53,0.1887,1.886,2.005,1.0115,1.3793,174,175.33,1270,1205.33,0.137,52.33,0.8833,0.5,3.83,5.592,73.5,25.1,0.417,30,0
5-1-2024-07,5,1,24294,7,7,10,6,11,7.667,7.167,7.25,51,0.1373,1.462,2.005,1.0575,0.9655,147,167.67,1177,1207.33,0.1249,51.67,0.8536,0.8571,4.67,5.592,73.5,25.1,0.417,31,0
5-1-2024-08,5,1,24295,8,8,7,10,10,8.333,7.167,7.0,57,0.1404,1.462,1.683,1.1905,1.1429,149,156.67,1103,1183.33,0.1351,53.67,0.9566,0.375,4.33,5.592,73.5,25.1,0.417,31,0
5-1-2024-09,5,1,24296,9,8,8,7,6,7.667,7.5,6.833,58,0.1379,1.384,1.462,1.122,1.1707,169,155.0,1214,1164.67,0.1392,55.33,0.9721,0.5,4.33,5.592,73.5,25.1,0.417,30,0
5-1-2024-10,5,1,24297,10,3,8,8,6,6.333,7.0,6.583,59,0.0508,2.16,1.801,0.962,0.4557,135,151.0,1190,1169.0,0.1134,58.0,0.9888,1.0,4.5,5.592,73.5,25.1,0.417,31,0
5-1-2024-11,5,1,24298,11,8,3,8,7,6.333,7.333,6.75,77,0.1039,2.134,1.831,0.9383,1.1852,154,152.67,1701,1368.33,0.0905,64.67,1.2959,0.625,4.33,5.592,73.5,25.1,0.417,30,1
5-1-2024-12,5,1,24299,12,10,8,3,4,7.0,7.333,7.0,86,0.1163,2.134,2.041,1.0,1.4286,175,154.67,1744,1545.0,0.1003,74.0,1.4413,0.5,4.33,5.592,73.5,25.1,0.417,31,0
5-1-2025-01,5,1,24300,1,4,10,8,8,7.333,6.833,7.0,54,0.0741,2.478,2.041,1.0476,0.5714,151,160.0,1290,1578.33,0.1171,72.33,0.914,0.75,3.83,5.592,73.5,25.1,0.417,31,0
5-1-2025-02,5,1,24301,2,7,4,10,6,7.0,6.667,6.917,50,0.14,2.427,2.019,1.012,1.012,162,162.67,1210,1414.67,0.1339,63.33,0.8596,0.7143,4.17,5.592,73.5,25.1,0.417,28,0
5-1-2025-03,5,1,24302,3,4,7,4,6,5.0,6.0,6.75,49,0.0816,2.517,2.165,0.7407,0.5926,131,148.0,1077,1192.33,0.1216,51.0,0.8424,0.25,3.67,5.592,73.5,25.1,0.417,31,0
5-1-2025-04,5,1,24303,4,6,4,7,6,5.667,6.5,6.75,60,0.1,2.141,2.165,0.8395,0.8889,159,150.67,1168,1151.67,0.1361,53.0,1.0213,0.5,3.67,5.592,73.5,25.1,0.417,30,1
5-1-2025-05,5,1,24304,5,8,6,4,10,6.0,6.5,6.917,48,0.1667,2.141,2.178,0.8675,1.1566,199,163.0,1168,1137.67,0.1704,52.33,0.8205,0.75,3.83,5.592,73.5,25.1,0.417,31,1
5-1-2025-06,5,1,24305,6,11,8,6,7,8.333,6.667,7.0,53,0.2075,2.427,2.309,1.1905,1.5714,183,180.33,1190,1175.33,0.1538,53.67,0.906,0.6364,4.17,5.592,73.5,25.1,0.417,30,0
5-1-2025-07,5,1,24306,7,5,11,8,8,8.0,6.833,6.833,61,0.082,2.267,2.375,1.1707,0.7317,149,177.0,1187,1181.67,0.1255,54.0,1.0281,0.4,4.0,5.592,73.5,25.1,0.417,31,0
5-1-2025-08,5,1,24307,8,6,5,11,8,7.333,6.667,6.667,49,0.1224,2.285,2.357,1.1,0.9,171,167.67,1190,1189.0,0.1437,54.33,0.8352,0.1667,3.33,5.592,73.5,25.1,0.417,31,0
5-1-2025-09,5,1,24308,9,5,6,5,3,5.333,6.833,6.417,61,0.082,2.115,2.361,0.8312,0.7792,146,155.33,1214,1197.0,0.1203,57.0,1.0354,0.8,3.83,5.592,73.5,25.1,0.417,30,1
5-1-2025-10,5,1,24309,10,8,5,6,8,6.333,7.167,6.833,54,0.1481,2.115,2.154,0.9268,1.1707,155,157.33,1104,1169.33,0.1404,54.67,0.9231,0.5,4.0,5.592,73.5,25.1,0.417,31,0
5-1-2025-11,5,1,24310,11,7,8,5,10,6.667,7.0,6.75,80,0.0875,2.082,2.126,0.9877,1.037,160,153.67,1707,1341.67,0.0937,65.0,1.3617,0.7143,3.83,5.592,73.5,25.1,0.417,30,0
5-1-2025-12,5,1,24311,12,5,7,8,4,6.667,6.0,6.333,80,0.0625,1.155,1.929,1.0526,0.7895,157,157.33,1697,1502.67,0.0925,71.33,1.3734,0.6,3.17,5.592,73.5,25.1,0.417,31,1
5-1-2026-01,5,1,24312,1,11,5,7,7,7.667,7.0,6.917,75,0.1467,2.082,2.178,1.1084,1.5904,152,156.33,1284,1562.67,0.1184,78.33,1.25,0.5455,3.83,5.592,73.5,25.1,0.417,31,1
5-1-2026-02,5,1,24313,2,15,11,5,4,10.333,8.5,7.583,95,0.1579,3.547,3.121,1.3626,1.978,331,213.33,2265,1748.67,0.1461,83.33,1.4902,0.5333,5.0,5.592,73.5,25.1,0.417,28,1
5-1-2026-03,5,1,24314,3,17,15,11,6,14.333,10.5,8.667,95,0.1789,4.311,3.859,1.6538,1.9615,291,258.0,2094,1881.0,0.139,88.33,1.4057,0.5294,5.83,5.592,73.5,25.1,0.417,31,0
5-1-2026-04,5,1,24315,4,19,17,15,8,17.0,12.333,9.75,118,0.161,5.121,4.693,1.7436,1.9487,371,331.0,2455,2271.33,0.1511,102.67,1.6295,0.3684,6.33,5.592,73.5,25.1,0.417,30,0
5-1-2026-05,5,1,24316,5,10,19,17,11,15.333,12.833,9.917,108,0.0926,4.705,4.663,1.5462,1.0084,331,331.0,2324,2291.0,0.1424,107.0,1.395,0.6,6.5,5.592,73.5,25.1,0.417,31,0
5-1-2026-06,5,1,24317,6,12,10,19,5,13.667,14.0,10.0,90,0.1333,3.266,4.69,1.3667,1.2,356,352.67,2456,2411.67,0.145,105.33,1.118,0.6667,7.33,5.592,73.5,25.1,0.417,30,0
5-2-2024-02,5,2,24289,2,24,28,49,25,33.667,30.0,25.583,61,0.3934,10.408,8.693,1.316,0.9381,492,690.0,1240,1432.33,0.3968,68.33,0.9919,0.6667,18.17,5.592,73.5,25.1,0.417,28,0
5-2-2024-03,5,2,24290,3,18,24,28,20,23.333,29.833,25.0,49,0.3673,10.59,8.944,0.9333,0.72,425,477.67,1148,1225.0,0.3702,57.0,0.7978,0.4444,17.67,5.592,73.5,25.1,0.417,31,0
5-2-2024-04,5,2,24291,4,23,18,24,19,21.667,30.0,25.25,53,0.434,10.472,8.842,0.8581,0.9109,437,451.33,1171,1186.33,0.3732,54.33,0.8641,0.5652,17.33,5.592,73.5,25.1,0.417,30,0
5-2-2024-05,5,2,24292,5,22,23,18,21,21.0,27.333,25.5,51,0.4314,10.127,8.703,0.8235,0.8627,421,427.67,1175,1164.67,0.3583,51.0,0.8418,0.4545,15.17,5.592,73.5,25.1,0.417,31,0
5-2-2024-06,5,2,24293,6,17,22,23,22,20.667,22.0,25.167,53,0.3208,3.697,8.943,0.8212,0.6755,495,451.0,1270,1205.33,0.3898,52.33,0.8833,0.4706,11.17,5.592,73.5,25.1,0.417,30,0
5-2-2024-07,5,2,24294,7,20,17,22,20,19.667,20.667,25.0,51,0.3922,2.56,9.018,0.7867,0.8,451,455.67,1177,1207.33,0.3832,51.67,0.8536,0.5,10.83,5.592,73.5,25.1,0.417,31,0
5-2-2024-08,5,2,24295,8,23,20,17,19,20.0,20.5,25.25,57,0.4035,2.363,8.917,0.7921,0.9109,424,456.67,1103,1183.33,0.3844,53.67,0.9566,0.5652,10.33,5.592,73.5,25.1,0.417,31,0
5-2-2024-09,5,2,24296,9,22,23,20,22,21.667,21.167,25.5,58,0.3793,2.115,8.78,0.8497,0.8627,472,449.0,1214,1164.67,0.3888,55.33,0.9721,0.5,10.83,5.592,73.5,25.1,0.417,30,0
5-2-2024-10,5,2,24297,10,23,22,23,38,22.667,21.167,25.583,59,0.3898,2.115,8.751,0.886,0.899,445,447.0,1190,1169.0,0.3739,58.0,0.9888,0.4348,10.33,5.592,73.5,25.1,0.417,31,1
5-2-2024-11,5,2,24298,11,36,23,22,49,27.0,23.5,25.417,77,0.4675,5.965,8.529,1.0623,1.4164,967,628.0,1701,1368.33,0.5685,64.67,1.2959,0.4444,11.33,5.592,73.5,25.1,0.417,30,1
5-2-2024-12,5,2,24299,12,50,36,23,28,36.333,29.0,25.5,86,0.5814,10.739,8.761,1.4248,1.9608,992,801.33,1744,1545.0,0.5688,74.0,1.4413,0.48,14.0,5.592,73.5,25.1,0.417,31,0
5-2-2025-01,5,2,24300,1,18,50,36,24,34.667,28.667,24.667,54,0.3333,11.04,8.957,1.4054,0.7297,553,837.33,1290,1578.33,0.4287,72.33,0.914,0.5556,14.0,5.592,73.5,25.1,0.417,31,0
5-2-2025-02,5,2,24301,2,18,18,50,18,28.667,27.833,24.167,50,0.36,11.611,9.145,1.1862,0.7448,452,665.67,1210,1414.67,0.3736,63.33,0.8596,0.4444,13.17,5.592,73.5,25.1,0.417,28,0
5-2-2025-03,5,2,24302,3,19,18,18,23,18.333,27.333,24.25,49,0.3878,11.912,9.093,0.756,0.7835,425,476.67,1077,1192.33,0.3946,51.0,0.8424,0.6316,13.33,5.592,73.5,25.1,0.417,31,0
5-2-2025-04,5,2,24303,4,22,19,18,22,19.667,27.167,24.167,60,0.3667,11.978,9.109,0.8138,0.9103,407,428.0,1168,1151.67,0.3485,53.0,1.0213,0.5909,13.83,5.592,73.5,25.1,0.417,30,0
5-2-2025-05,5,2,24304,5,23,22,19,17,21.333,25.0,24.25,48,0.4792,11.343,9.093,0.8797,0.9485,426,419.33,1168,1137.67,0.3647,52.33,0.8205,0.6957,13.83,5.592,73.5,25.1,0.417,31,0
5-2-2025-06,5,2,24305,6,20,23,22,20,21.667,20.0,24.5,53,0.3774,1.915,8.93,0.8844,0.8163,427,420.0,1190,1175.33,0.3588,53.67,0.906,0.55,11.67,5.592,73.5,25.1,0.417,30,0
5-2-2025-07,5,2,24306,7,26,20,23,23,23.0,21.333,25.0,61,0.4262,2.687,8.832,0.92,1.04,450,434.33,1187,1181.67,0.3791,54.0,1.0281,0.5769,12.5,5.592,73.5,25.1,0.417,31,0
5-2-2025-08,5,2,24307,8,17,26,20,22,21.0,21.167,24.5,49,0.3469,2.911,9.097,0.8571,0.6939,440,439.0,1190,1189.0,0.3697,54.33,0.8352,0.5882,12.83,5.592,73.5,25.1,0.417,31,0
5-2-2025-09,5,2,24308,9,19,17,26,23,20.667,21.167,24.25,61,0.3115,2.911,9.203,0.8522,0.7835,434,441.33,1214,1197.0,0.3575,57.0,1.0354,0.4211,12.17,5.592,73.5,25.1,0.417,30,0
5-2-2025-10,5,2,24309,10,16,19,17,36,17.333,20.167,23.667,54,0.2963,3.436,9.481,0.7324,0.6761,394,422.67,1104,1169.33,0.3569,54.67,0.9231,0.625,11.67,5.592,73.5,25.1,0.417,31,1
5-2-2025-11,5,2,24310,11,51,16,19,50,28.667,24.833,24.917,80,0.6375,12.13,11.743,1.1505,2.0468,979,602.33,1707,1341.67,0.5735,65.0,1.3617,0.5882,14.0,5.592,73.5,25.1,0.417,30,1
5-2-2025-12,5,2,24311,12,50,51,16,18,39.0,29.833,24.917,80,0.625,14.96,11.743,1.5652,2.0067,1016,796.33,1697,1502.67,0.5987,71.33,1.3734,0.34,15.0,5.592,73.5,25.1,0.417,31,0
5-2-2026-01,5,2,24312,1,29,50,51,18,43.333,30.333,25.833,75,0.3867,14.874,11.596,1.6774,1.1226,513,836.0,1284,1562.67,0.3995,78.33,1.25,0.4828,14.83,5.592,73.5,25.1,0.417,31,0
5-2-2026-02,5,2,24313,2,38,29,50,19,39.0,33.833,27.5,95,0.4,13.753,11.786,1.4182,1.3818,860,796.33,2265,1748.67,0.3797,83.33,1.4902,0.5263,16.5,5.592,73.5,25.1,0.417,28,0
5-2-2026-03,5,2,24314,3,29,38,29,22,32.0,35.5,28.333,95,0.3053,12.393,11.506,1.1294,1.0235,793,722.0,2094,1881.0,0.3787,88.33,1.4057,0.3793,17.0,5.592,73.5,25.1,0.417,31,0
5-2-2026-04,5,2,24315,4,43,29,38,23,36.667,40.0,30.083,118,0.3644,8.907,11.996,1.2188,1.4294,904,852.33,2455,2271.33,0.3682,102.67,1.6295,0.5814,19.5,5.592,73.5,25.1,0.417,30,0
5-2-2026-05,5,2,24316,5,44,43,29,20,38.667,38.833,31.833,108,0.4074,7.776,12.361,1.2147,1.3822,870,855.67,2324,2291.0,0.3744,107.0,1.395,0.4773,18.0,5.592,73.5,25.1,0.417,31,0
5-2-2026-06,5,2,24317,6,34,44,43,26,40.333,36.167,33.0,90,0.3778,6.039,11.839,1.2222,1.0303,953,909.0,2456,2411.67,0.388,105.33,1.118,0.5882,18.5,5.592,73.5,25.1,0.417,30,0
5-3-2024-02,5,3,24289,2,5,4,6,6,5.0,5.167,4.5,61,0.082,1.344,1.5,1.1111,1.1111,105,102.0,1240,1432.33,0.0847,68.33,0.9919,0.4,2.17,5.592,73.5,25.1,0.417,28,0
5-3-2024-12,5,3,24299,12,7,5,3,4,5.0,4.0,3.833,86,0.0814,1.826,1.462,1.3043,1.8261,116,98.67,1744,1545.0,0.0665,74.0,1.4413,0.7143,3.0,5.592,73.5,25.1,0.417,31,0
5-3-2025-01,5,3,24300,1,5,7,5,5,5.667,4.5,3.917,54,0.0926,1.607,1.498,1.4468,1.2766,91,103.0,1290,1578.33,0.0705,72.33,0.914,0.2,2.83,5.592,73.5,25.1,0.417,31,0
5-3-2025-02,5,3,24301,2,4,5,7,3,5.333,4.833,3.833,50,0.08,1.213,1.462,1.3913,1.0435,90,99.0,1210,1414.67,0.0744,63.33,0.8596,0.5,2.83,5.592,73.5,25.1,0.417,28,1
5-3-2025-03,5,3,24302,3,8,4,5,4,5.667,5.333,4.25,49,0.1633,1.7,1.831,1.3333,1.8824,86,89.0,1077,1192.33,0.0799,51.0,0.8424,0.375,2.67,5.592,73.5,25.1,0.417,31,0
5-3-2025-04,5,3,24303,4,4,8,4,2,5.333,5.5,4.25,60,0.0667,1.5,1.831,1.2549,0.9412,109,95.0,1168,1151.67,0.0933,53.0,1.0213,0.25,2.5,5.592,73.5,25.1,0.417,30,0
5-3-2025-08,5,3,24307,8,6,6,4,5,5.333,5.0,4.917,49,0.1224,1.915,1.605,1.0847,1.2203,88,87.0,1190,1189.0,0.0739,54.33,0.8352,0.5,1.83,5.592,73.5,25.1,0.417,31,0
5-3-2025-09,5,3,24308,9,6,6,6,3,6.0,4.667,5.0,61,0.0984,1.491,1.633,1.2,1.2,115,95.33,1214,1197.0,0.0947,57.0,1.0354,0.1667,1.5,5.592,73.5,25.1,0.417,30,0
5-3-2026-02,5,3,24313,2,7,7,3,8,5.667,4.333,4.667,95,0.0737,2.427,2.211,1.2143,1.5,200,128.33,2265,1748.67,0.0883,83.33,1.4902,0.4286,1.83,5.592,73.5,25.1,0.417,28,1
5-3-2026-03,5,3,24314,3,9,7,7,4,7.667,4.833,4.75,95,0.0947,2.967,2.35,1.614,1.8947,164,156.0,2094,1881.0,0.0783,88.33,1.4057,0.5556,2.5,5.592,73.5,25.1,0.417,31,0
5-3-2026-04,5,3,24315,4,7,9,7,2,7.667,5.833,5.0,118,0.0593,2.478,2.415,1.5333,1.4,191,185.0,2455,2271.33,0.0778,102.67,1.6295,0.4286,2.83,5.592,73.5,25.1,0.417,30,0
5-3-2026-05,5,3,24316,5,7,7,9,4,7.667,6.667,5.417,108,0.0648,1.795,2.29,1.4154,1.2923,193,182.67,2324,2291.0,0.083,107.0,1.395,0.1429,3.0,5.592,73.5,25.1,0.417,31,0
5-3-2026-06,5,3,24317,6,6,7,7,6,6.667,7.167,5.583,90,0.0667,0.898,2.253,1.194,1.0746,180,188.0,2456,2411.67,0.0733,105.33,1.118,0.5,3.0,5.592,73.5,25.1,0.417,30,0
5-4-2024-02,5,4,24289,2,12,13,11,8,12.0,13.0,11.167,61,0.1967,2.082,2.64,1.0746,1.0746,220,220.33,1240,1432.33,0.1774,68.33,0.9919,0.5833,6.67,5.592,73.5,25.1,0.417,28,0
5-4-2024-03,5,4,24290,3,11,12,13,11,12.0,13.0,11.417,49,0.2245,2.082,2.465,1.0511,0.9635,236,228.0,1148,1225.0,0.2056,57.0,0.7978,0.3636,6.5,5.592,73.5,25.1,0.417,31,0
5-4-2024-04,5,4,24291,4,13,11,12,8,12.0,12.833,11.583,53,0.2453,2.034,2.499,1.036,1.1223,210,222.0,1171,1186.33,0.1793,54.33,0.8641,0.4615,6.5,5.592,73.5,25.1,0.417,30,0
5-4-2024-05,5,4,24292,5,12,13,11,11,12.0,12.0,11.917,51,0.2353,0.816,2.253,1.007,1.007,214,220.0,1175,1164.67,0.1821,51.0,0.8418,0.5833,6.17,5.592,73.5,25.1,0.417,31,0
5-4-2024-06,5,4,24293,6,9,12,13,11,11.333,11.667,11.75,53,0.1698,1.374,2.385,0.9645,0.766,244,222.67,1270,1205.33,0.1921,52.33,0.8833,0.4444,5.67,5.592,73.5,25.1,0.417,30,0
5-4-2024-07,5,4,24294,7,9,9,12,7,10.0,11.0,11.583,51,0.1765,1.528,2.499,0.8633,0.777,214,224.0,1177,1207.33,0.1818,51.67,0.8536,0.5556,5.5,5.592,73.5,25.1,0.417,31,0
5-4-2024-08,5,4,24295,8,8,9,9,11,8.667,10.333,11.667,57,0.1404,1.795,2.357,0.7429,0.6857,189,215.67,1103,1183.33,0.1714,53.67,0.9566,0.75,5.33,5.592,73.5,25.1,0.417,31,0
5-4-2024-09,5,4,24296,9,10,8,9,14,9.0,10.167,11.583,58,0.1724,1.772,2.396,0.777,0.8633,224,209.0,1214,1164.67,0.1845,55.33,0.9721,0.7,5.83,5.592,73.5,25.1,0.417,30,1
5-4-2024-10,5,4,24297,10,14,10,8,17,10.667,10.333,11.583,59,0.2373,2.055,2.396,0.9209,1.2086,229,214.0,1190,1169.0,0.1924,58.0,0.9888,0.8571,6.83,5.592,73.5,25.1,0.417,31,0
5-4-2024-11,5,4,24298,11,9,14,10,11,11.0,9.833,10.917,77,0.1169,1.951,1.847,1.0076,0.8244,215,222.67,1701,1368.33,0.1264,64.67,1.2959,0.6667,6.67,5.592,73.5,25.1,0.417,30,0
5-4-2024-12,5,4,24299,12,10,9,14,13,11.0,10.0,10.833,86,0.1163,1.915,1.863,1.0154,0.9231,202,215.33,1744,1545.0,0.1158,74.0,1.4413,0.3,6.5,5.592,73.5,25.1,0.417,31,0
5-4-2025-01,5,4,24300,1,12,10,9,12,10.333,10.5,10.75,54,0.2222,1.979,1.785,0.9612,1.1163,238,218.33,1290,1578.33,0.1845,72.33,0.914,0.6667,7.0,5.592,73.5,25.1,0.417,31,0
5-4-2025-02,5,4,24301,2,10,12,10,11,10.667,10.833,10.583,50,0.2,1.675,1.754,1.0079,0.9449,229,223.0,1210,1414.67,0.1893,63.33,0.8596,0.7,7.17,5.592,73.5,25.1,0.417,28,0
5-4-2025-03,5,4,24302,3,10,10,12,13,10.667,10.833,10.5,49,0.2041,1.675,1.756,1.0159,0.9524,209,225.33,1077,1192.33,0.1941,51.0,0.8424,0.6,7.0,5.592,73.5,25.1,0.417,31,0
5-4-2025-04,5,4,24303,4,10,10,10,12,10.0,10.167,10.25,60,0.1667,0.898,1.588,0.9756,0.9756,221,219.67,1168,1151.67,0.1892,53.0,1.0213,0.3,5.5,5.592,73.5,25.1,0.417,30,0
5-4-2025-05,5,4,24304,5,7,10,10,9,9.0,9.833,9.833,48,0.1458,1.462,1.724,0.9153,0.7119,211,213.67,1168,1137.67,0.1807,52.33,0.8205,0.5714,5.17,5.592,73.5,25.1,0.417,31,0
5-4-2025-06,5,4,24305,6,6,7,10,9,7.667,9.167,9.583,53,0.1132,2.034,2.019,0.8,0.6261,194,208.67,1190,1175.33,0.163,53.67,0.906,0.6667,5.33,5.592,73.5,25.1,0.417,30,0
5-4-2025-07,5,4,24306,7,10,6,7,8,7.667,8.833,9.667,61,0.1639,1.675,2.014,0.7931,1.0345,214,206.33,1187,1181.67,0.1803,54.0,1.0281,0.5,4.83,5.592,73.5,25.1,0.417,31,0
5-4-2025-08,5,4,24307,8,6,10,6,10,7.333,8.167,9.5,49,0.1224,1.863,2.217,0.7719,0.6316,214,207.33,1190,1189.0,0.1798,54.33,0.8352,0.6667,4.33,5.592,73.5,25.1,0.417,31,1
5-4-2025-09,5,4,24308,9,16,6,10,14,10.667,9.167,10.0,61,0.2623,3.484,2.858,1.0667,1.6,237,221.67,1214,1197.0,0.1952,57.0,1.0354,0.6875,5.17,5.592,73.5,25.1,0.417,30,0
5-4-2025-10,5,4,24309,10,10,16,6,9,10.667,9.167,9.667,54,0.1852,3.484,2.593,1.1034,1.0345,215,222.0,1104,1169.33,0.1947,54.67,0.9231,0.6,5.67,5.592,73.5,25.1,0.417,31,0
5-4-2025-11,5,4,24310,11,5,10,16,10,10.333,8.833,9.333,80,0.0625,3.76,2.896,1.1071,0.5357,210,220.67,1707,1341.67,0.123,65.0,1.3617,0.8,5.67,5.592,73.5,25.1,0.417,30,0
5-4-2025-12,5,4,24311,12,10,5,10,12,8.333,9.5,9.333,80,0.125,3.547,2.896,0.8929,1.0714,185,203.33,1697,1502.67,0.109,71.33,1.3734,0.5,5.83,5.592,73.5,25.1,0.417,31,0
5-4-2026-01,5,4,24312,1,11,10,5,10,8.667,9.667,9.25,75,0.1467,3.59,2.832,0.9369,1.1892,229,208.0,1284,1562.67,0.1783,78.33,1.25,0.5455,6.0,5.592,73.5,25.1,0.417,31,1
5-4-2026-02,5,4,24313,2,17,11,10,10,12.667,11.5,9.833,95,0.1789,4.031,3.555,1.2881,1.7288,390,268.0,2265,1748.67,0.1722,83.33,1.4902,0.4706,6.67,5.592,73.5,25.1,0.417,28,0
5-4-2026-03,5,4,24314,3,15,17,11,10,14.333,11.333,10.25,95,0.1579,3.859,3.832,1.3984,1.4634,375,331.33,2094,1881.0,0.1791,88.33,1.4057,0.4667,6.0,5.592,73.5,25.1,0.417,31,1
5-4-2026-04,5,4,24315,4,24,15,17,7,18.667,13.667,11.417,118,0.2034,5.991,5.392,1.635,2.1022,465,410.0,2455,2271.33,0.1894,102.67,1.6295,0.5833,7.33,5.592,73.5,25.1,0.417,30,0
5-4-2026-05,5,4,24316,5,26,24,15,6,21.667,17.167,13.0,108,0.2407,6.039,6.532,1.6667,2.0,431,423.67,2324,2291.0,0.1855,107.0,1.395,0.4231,8.5,5.592,73.5,25.1,0.417,31,0
5-4-2026-06,5,4,24317,6,15,26,24,10,21.667,18.0,13.75,90,0.1667,5.292,6.193,1.5758,1.0909,434,443.33,2456,2411.67,0.1767,105.33,1.118,0.6667,9.33,5.592,73.5,25.1,0.417,30,0
5-5-2024-07,5,5,24294,7,7,6,5,10,6.0,4.667,4.75,51,0.1373,1.7,2.126,1.2632,1.4737,86,92.33,1177,1207.33,0.0731,51.67,0.8536,0.4286,2.5,5.592,73.5,25.1,0.417,31,0
5-5-2024-08,5,5,24295,8,7,7,6,4,6.667,5.5,4.5,57,0.1228,1.384,1.607,1.4815,1.5556,89,89.0,1103,1183.33,0.0807,53.67,0.9566,0.4286,3.0,5.592,73.5,25.1,0.417,31,0
5-5-2024-09,5,5,24296,9,4,7,7,4,6.0,5.333,4.5,58,0.069,1.491,1.607,1.3333,0.8889,90,88.33,1214,1164.67,0.0741,55.33,0.9721,0.75,3.17,5.592,73.5,25.1,0.417,30,0
5-5-2024-10,5,5,24297,10,8,4,7,4,6.333,6.167,4.833,59,0.1356,1.344,1.863,1.3103,1.6552,114,97.67,1190,1169.0,0.0958,58.0,0.9888,0.75,3.83,5.592,73.5,25.1,0.417,31,0
5-5-2024-11,5,5,24298,11,7,8,4,2,6.333,6.5,5.083,77,0.0909,1.258,1.935,1.2459,1.377,101,101.67,1701,1368.33,0.0594,64.67,1.2959,0.5714,4.0,5.592,73.5,25.1,0.417,30,0
5-5-2024-12,5,5,24299,12,4,7,8,5,6.333,6.167,5.25,86,0.0465,1.572,1.738,1.2063,0.7619,82,99.0,1744,1545.0,0.047,74.0,1.4413,0.5,3.5,5.592,73.5,25.1,0.417,31,0
5-5-2025-01,5,5,24300,1,5,4,7,2,5.333,5.833,5.25,54,0.0926,1.572,1.738,1.0159,0.9524,93,92.0,1290,1578.33,0.0721,72.33,0.914,0.6,3.5,5.592,73.5,25.1,0.417,31,0
5-5-2025-06,5,5,24305,6,6,4,7,7,5.667,4.833,5.5,53,0.1132,1.344,1.607,1.0303,1.0909,98,103.67,1190,1175.33,0.0824,53.67,0.906,0.5,3.17,5.592,73.5,25.1,0.417,30,0
5-5-2025-10,5,5,24309,10,8,5,4,7,5.667,4.833,4.917,54,0.1481,1.863,1.706,1.1525,1.6271,89,98.0,1104,1169.33,0.0806,54.67,0.9231,0.5,2.5,5.592,73.5,25.1,0.417,31,0
5-5-2025-11,5,5,24310,11,5,8,5,4,6.0,5.0,4.75,80,0.0625,1.826,1.588,1.2632,1.0526,95,94.67,1707,1341.67,0.0557,65.0,1.3617,0.6,2.67,5.592,73.5,25.1,0.417,30,0
5-5-2025-12,5,5,24311,12,3,5,8,5,5.333,4.5,4.667,80,0.0375,1.893,1.65,1.1429,0.6429,76,86.67,1697,1502.67,0.0448,71.33,1.3734,0.6667,2.5,5.592,73.5,25.1,0.417,31,1
5-5-2026-01,5,5,24312,1,8,3,5,4,5.333,5.5,4.917,75,0.1067,1.893,1.891,1.0847,1.6271,116,95.67,1284,1562.67,0.0903,78.33,1.25,0.25,2.83,5.592,73.5,25.1,0.417,31,0
5-5-2026-02,5,5,24313,2,6,8,3,3,5.667,5.833,5.083,95,0.0632,1.772,1.891,1.1148,1.1803,175,122.33,2265,1748.67,0.0773,83.33,1.4902,0.5,2.83,5.592,73.5,25.1,0.417,28,1
5-5-2026-03,5,5,24314,3,8,6,8,7,7.333,6.333,5.5,95,0.0842,1.886,1.936,1.3333,1.4545,161,150.67,2094,1881.0,0.0769,88.33,1.4057,0.25,2.67,5.592,73.5,25.1,0.417,31,0
5-5-2026-04,5,5,24315,4,9,8,6,4,7.667,6.5,5.667,118,0.0763,2.062,2.134,1.3529,1.5882,185,173.67,2455,2271.33,0.0754,102.67,1.6295,0.3333,2.5,5.592,73.5,25.1,0.417,30,0
5-5-2026-05,5,5,24316,5,10,9,8,6,9.0,7.333,6.167,108,0.0926,2.285,2.375,1.4595,1.6216,170,172.0,2324,2291.0,0.0731,107.0,1.395,0.5,2.83,5.592,73.5,25.1,0.417,31,0
5-5-2026-06,5,5,24317,6,8,10,9,2,9.0,8.167,6.333,90,0.0889,1.213,2.427,1.4211,1.2632,179,178.0,2456,2411.67,0.0729,105.33,1.118,0.5,3.17,5.592,73.5,25.1,0.417,30,0
5-7-2025-11,5,7,24310,11,4,4,7,2,5.0,3.833,3.583,80,0.05,1.572,1.498,1.3953,1.1163,60,68.33,1707,1341.67,0.0351,65.0,1.3617,0.75,2.5,5.592,73.5,25.1,0.417,30,0
5-7-2026-04,5,7,24315,4,8,4,7,2,6.333,4.667,4.083,118,0.0678,2.134,2.019,1.551,1.9592,135,129.33,2455,2271.33,0.055,102.67,1.6295,0.5,1.83,5.592,73.5,25.1,0.417,30,0
5-7-2026-05,5,7,24316,5,7,8,4,3,6.333,5.167,4.5,108,0.0648,2.267,2.062,1.4074,1.5556,121,127.33,2324,2291.0,0.0521,107.0,1.395,0.7143,2.17,5.592,73.5,25.1,0.417,31,0
5-7-2026-06,5,7,24317,6,8,7,8,2,7.667,6.0,4.917,90,0.0889,2.236,2.216,1.5593,1.6271,144,133.33,2456,2411.67,0.0586,105.33,1.118,0.125,2.17,5.592,73.5,25.1,0.417,30,0
5-8-2026-03,5,8,24314,3,10,1,5,4,5.333,4.5,3.833,95,0.1053,2.754,2.577,1.3913,2.6087,112,97.67,2094,1881.0,0.0535,88.33,1.4057,0.5,2.67,5.592,73.5,25.1,0.417,31,0
5-8-2026-05,5,8,24316,5,4,2,10,2,5.333,4.167,4.0,108,0.037,2.911,2.38,1.3333,1.0,132,122.0,2324,2291.0,0.0568,107.0,1.395,0.75,2.67,5.592,73.5,25.1,0.417,31,0
6-1-2024-02,6,1,24289,2,4,8,5,7,5.667,5.167,5.5,36,0.1111,1.572,1.979,1.0303,0.7273,146,158.67,1240,1432.33,0.1177,39.33,0.9351,0.5,2.67,3.003,64.9,32.5,0.274,28,0
6-1-2024-03,6,1,24290,3,7,4,8,4,6.333,5.833,5.5,32,0.2188,1.344,1.979,1.1515,1.2727,168,162.33,1148,1225.0,0.1463,37.0,0.8552,0.2857,2.83,3.003,64.9,32.5,0.274,31,0
6-1-2024-05,6,1,24292,5,11,3,7,6,7.0,6.333,6.167,30,0.3667,2.687,2.303,1.1351,1.7838,182,173.33,1175,1164.67,0.1549,31.0,0.8018,0.6364,3.33,3.003,64.9,32.5,0.274,31,0
6-1-2024-06,6,1,24293,6,5,11,3,7,6.333,6.333,6.083,35,0.1429,2.687,2.326,1.0411,0.8219,174,175.33,1270,1205.33,0.137,32.0,0.9251,0.6,3.17,3.003,64.9,32.5,0.274,30,0
6-1-2024-07,6,1,24294,7,1,5,11,9,5.667,5.167,5.583,30,0.0333,3.184,2.691,1.0149,0.1791,147,167.67,1177,1207.33,0.1249,31.67,0.8054,1.0,2.67,3.003,64.9,32.5,0.274,31,0
6-1-2024-12,6,1,24299,12,9,4,3,8,5.333,3.667,5.0,65,0.1385,2.687,3.0,1.0667,1.8,175,154.67,1744,1545.0,0.1003,46.67,1.7768,0.6667,1.67,3.003,64.9,32.5,0.274,31,0
6-1-2025-01,6,1,24300,1,2,9,4,4,5.0,3.833,4.5,32,0.0625,2.544,2.958,1.1111,0.4444,151,160.0,1290,1578.33,0.1171,49.0,0.8972,0.5,1.67,3.003,64.9,32.5,0.274,31,0
6-1-2025-02,6,1,24301,2,4,2,9,7,5.0,3.833,4.5,34,0.1176,2.544,2.958,1.1111,0.8889,162,162.67,1210,1414.67,0.1339,43.67,0.9577,0.25,1.67,3.003,64.9,32.5,0.274,28,0
6-1-2025-07,6,1,24306,7,7,6,3,4,5.333,4.5,4.167,37,0.1892,1.5,2.115,1.28,1.68,149,177.0,1187,1181.67,0.1255,33.67,1.0183,0.4286,1.5,3.003,64.9,32.5,0.274,31,0
6-1-2025-08,6,1,24307,8,5,7,6,1,6.0,4.667,4.25,33,0.1515,1.491,2.126,1.4118,1.1765,171,167.67,1190,1189.0,0.1437,34.0,0.9021,0.6,1.83,3.003,64.9,32.5,0.274,31,0
6-1-2025-09,6,1,24308,9,5,5,7,3,5.667,4.833,4.583,40,0.125,1.462,1.891,1.2364,1.0909,146,155.33,1214,1197.0,0.1203,36.67,1.0738,0.6,2.0,3.003,64.9,32.5,0.274,30,0
6-1-2026-01,6,1,24312,1,6,6,5,4,5.667,4.667,4.583,46,0.1304,1.7,1.605,1.2364,1.3091,152,156.33,1284,1562.67,0.1184,54.33,1.2,0.3333,2.5,3.003,64.9,32.5,0.274,31,0
6-1-2026-02,6,1,24313,2,6,6,6,4,6.0,4.833,4.75,63,0.0952,1.772,1.639,1.2632,1.2632,331,213.33,2265,1748.67,0.1461,55.0,1.546,0.5,2.5,3.003,64.9,32.5,0.274,28,1
6-1-2026-03,6,1,24314,3,9,6,6,3,7.0,5.5,5.167,67,0.1343,2.363,1.993,1.3548,1.7419,291,258.0,2094,1881.0,0.139,58.67,1.5314,0.5556,2.83,3.003,64.9,32.5,0.274,31,1
6-1-2026-04,6,1,24315,4,10,9,6,3,8.333,7.0,5.75,79,0.1266,1.826,2.278,1.4493,1.7391,371,331.0,2455,2271.33,0.1511,69.67,1.669,0.3,3.33,3.003,64.9,32.5,0.274,30,0
6-1-2026-05,6,1,24316,5,7,10,9,6,8.667,7.333,6.083,65,0.1077,1.599,2.139,1.4247,1.1507,331,331.0,2324,2291.0,0.1424,70.33,1.2978,0.7143,3.83,3.003,64.9,32.5,0.274,31,1
6-1-2026-06,6,1,24317,6,14,7,10,7,10.333,8.667,6.75,81,0.1728,2.809,3.058,1.5309,2.0741,356,352.67,2456,2411.67,0.145,75.0,1.4954,0.3571,3.83,3.003,64.9,32.5,0.274,30,0
6-2-2024-02,6,2,24289,2,11,17,25,17,17.667,18.833,16.583,36,0.3056,6.067,5.107,1.0653,0.6633,492,690.0,1240,1432.33,0.3968,39.33,0.9351,0.3636,10.17,3.003,64.9,32.5,0.274,28,0
6-2-2024-03,6,2,24290,3,14,11,17,15,14.0,17.667,16.333,32,0.4375,6.209,5.153,0.8571,0.8571,425,477.67,1148,1225.0,0.3702,37.0,0.8552,0.4286,9.83,3.003,64.9,32.5,0.274,31,0
6-2-2024-04,6,2,24291,4,14,14,11,13,13.0,18.0,16.25,31,0.4516,5.944,5.182,0.8,0.8615,437,451.33,1171,1186.33,0.3732,33.0,0.836,0.4286,9.67,3.003,64.9,32.5,0.274,30,0
6-2-2024-05,6,2,24292,5,9,14,14,10,12.333,15.0,15.917,30,0.3,5.132,5.499,0.7749,0.5654,421,427.67,1175,1164.67,0.3583,31.0,0.8018,0.3333,7.17,3.003,64.9,32.5,0.274,31,0
6-2-2024-06,6,2,24293,6,12,9,14,15,11.667,12.833,16.083,35,0.3429,2.544,5.346,0.7254,0.7461,495,451.0,1270,1205.33,0.3898,32.0,0.9251,0.4167,5.33,3.003,64.9,32.5,0.274,30,0
6-2-2024-07,6,2,24294,7,15,12,9,16,12.0,12.5,16.083,30,0.5,2.062,5.346,0.7461,0.9326,451,455.67,1177,1207.33,0.3832,31.67,0.8054,0.6,5.5,3.003,64.9,32.5,0.274,31,0
6-2-2024-08,6,2,24295,8,14,15,12,21,13.667,13.0,15.917,30,0.4667,2.0,5.377,0.8586,0.8796,424,456.67,1103,1183.33,0.3844,31.67,0.8219,0.5,6.0,3.003,64.9,32.5,0.274,31,0
6-2-2024-09,6,2,24296,9,10,14,15,12,13.0,12.333,15.0,32,0.3125,2.211,5.37,0.8667,0.6667,472,449.0,1214,1164.67,0.3888,30.67,0.8972,0.5,5.83,3.003,64.9,32.5,0.274,30,0
6-2-2024-10,6,2,24297,10,13,10,14,27,12.333,12.167,15.083,25,0.52,2.115,5.33,0.8177,0.8619,445,447.0,1190,1169.0,0.3739,29.0,0.7282,0.5385,6.0,3.003,64.9,32.5,0.274,31,1
6-2-2024-11,6,2,24298,11,34,13,10,25,19.0,16.333,15.667,50,0.68,8.055,6.786,1.2128,2.1702,967,628.0,1701,1368.33,0.5685,35.67,1.4528,0.6765,9.33,3.003,64.9,32.5,0.274,30,1
6-2-2024-12,6,2,24299,12,37,34,13,17,28.0,20.5,16.667,65,0.5692,10.751,8.702,1.68,2.22,992,801.33,1744,1545.0,0.5688,46.67,1.7768,0.5676,12.0,3.003,64.9,32.5,0.274,31,0
6-2-2025-01,6,2,24300,1,19,37,34,11,30.0,21.167,16.833,32,0.5938,10.511,8.726,1.7822,1.1287,553,837.33,1290,1578.33,0.4287,49.0,0.8972,0.6842,12.67,3.003,64.9,32.5,0.274,31,0
6-2-2025-02,6,2,24301,2,15,19,37,14,23.667,21.333,17.167,34,0.4412,10.403,8.572,1.3786,0.8738,452,665.67,1210,1414.67,0.3736,43.67,0.9577,0.6667,13.17,3.003,64.9,32.5,0.274,28,0
6-2-2025-03,6,2,24302,3,17,15,19,14,17.0,22.5,17.417,31,0.5484,9.412,8.519,0.9761,0.9761,425,476.67,1077,1192.33,0.3946,32.33,0.8753,0.4118,13.5,3.003,64.9,32.5,0.274,31,0
6-2-2025-04,6,2,24303,4,8,17,15,9,13.333,21.667,16.917,36,0.2222,10.387,8.874,0.7882,0.4729,407,428.0,1168,1151.67,0.3485,33.67,1.0047,0.625,13.17,3.003,64.9,32.5,0.274,30,0
6-2-2025-05,6,2,24304,5,12,8,17,12,12.333,18.0,17.167,32,0.375,9.201,8.687,0.7184,0.699,426,419.33,1168,1137.67,0.3647,33.0,0.8889,0.4167,10.17,3.003,64.9,32.5,0.274,31,0
6-2-2025-06,6,2,24305,6,8,12,8,15,9.333,13.167,16.833,32,0.25,4.22,8.952,0.5545,0.4752,427,420.0,1190,1175.33,0.3588,33.33,0.8951,0.75,7.67,3.003,64.9,32.5,0.274,30,1
6-2-2025-07,6,2,24306,7,20,8,12,14,13.333,13.333,17.25,37,0.5405,4.46,8.973,0.7729,1.1594,450,434.33,1187,1181.67,0.3791,33.67,1.0183,0.65,7.67,3.003,64.9,32.5,0.274,31,0
6-2-2025-08,6,2,24307,8,13,20,8,10,13.667,13.0,17.167,33,0.3939,4.397,9.008,0.7961,0.7573,440,439.0,1190,1189.0,0.3697,34.0,0.9021,0.6154,7.33,3.003,64.9,32.5,0.274,31,0
6-2-2025-09,6,2,24308,9,12,13,20,13,15.0,12.167,17.333,40,0.3,4.017,8.891,0.8654,0.6923,434,441.33,1214,1197.0,0.3575,36.67,1.0738,0.4167,7.0,3.003,64.9,32.5,0.274,30,0
6-2-2025-10,6,2,24309,10,9,12,13,34,11.333,12.333,17.0,22,0.4091,3.859,9.12,0.6667,0.5294,394,422.67,1104,1169.33,0.3569,31.67,0.5946,0.6667,7.17,3.003,64.9,32.5,0.274,31,1
6-2-2025-11,6,2,24310,11,33,9,12,37,18.0,15.833,16.917,61,0.541,8.591,8.967,1.064,1.9507,979,602.33,1707,1341.67,0.5735,41.0,1.6088,0.4242,8.67,3.003,64.9,32.5,0.274,30,1
6-2-2025-12,6,2,24311,12,33,33,9,19,25.0,20.0,16.583,56,0.5893,9.764,8.261,1.5075,1.9899,1016,796.33,1697,1502.67,0.5987,46.33,1.5067,0.4848,10.33,3.003,64.9,32.5,0.274,31,0
6-2-2026-01,6,2,24312,1,18,33,33,15,28.0,19.667,16.5,46,0.3913,9.792,8.241,1.697,1.0909,513,836.0,1284,1562.67,0.3995,54.33,1.2,0.5556,9.83,3.003,64.9,32.5,0.274,31,0
6-2-2026-02,6,2,24313,2,22,18,33,17,24.333,21.167,17.083,63,0.3492,9.335,8.361,1.4244,1.2878,860,796.33,2265,1748.67,0.3797,55.0,1.546,0.5,10.33,3.003,64.9,32.5,0.274,28,0
6-2-2026-03,6,2,24314,3,24,22,18,8,21.333,23.167,17.667,67,0.3582,8.395,8.576,1.2075,1.3585,793,722.0,2094,1881.0,0.3787,58.67,1.5314,0.6667,12.17,3.003,64.9,32.5,0.274,31,1
6-2-2026-04,6,2,24315,4,30,24,22,12,25.333,26.667,19.5,79,0.3797,5.706,8.665,1.2991,1.5385,904,852.33,2455,2271.33,0.3682,69.67,1.669,0.3333,12.83,3.003,64.9,32.5,0.274,30,0
6-2-2026-05,6,2,24316,5,25,30,24,8,26.333,25.333,20.583,65,0.3846,4.955,8.47,1.2794,1.2146,870,855.67,2324,2291.0,0.3744,70.33,1.2978,0.6,13.0,3.003,64.9,32.5,0.274,31,0
6-2-2026-06,6,2,24317,6,31,25,30,20,28.667,25.0,22.5,81,0.3827,4.472,7.995,1.2741,1.3778,953,909.0,2456,2411.67,0.388,75.0,1.4954,0.6129,13.5,3.003,64.9,32.5,0.274,30,0
6-3-2026-02,6,3,24313,2,7,5,4,1,5.333,4.5,3.75,63,0.1111,1.5,1.876,1.4222,1.8667,200,128.33,2265,1748.67,0.0883,55.0,1.546,0.7143,2.83,3.003,64.9,32.5,0.274,28,0
6-3-2026-03,6,3,24314,3,4,7,5,3,5.333,4.333,4.0,67,0.0597,1.491,1.683,1.3333,1.0,164,156.0,2094,1881.0,0.0783,58.67,1.5314,0.5,2.67,3.003,64.9,32.5,0.274,31,0
6-3-2026-04,6,3,24315,4,4,4,7,5,5.0,4.667,4.083,79,0.0506,1.106,1.656,1.2245,0.9796,191,185.0,2455,2271.33,0.0778,69.67,1.669,0.75,2.83,3.003,64.9,32.5,0.274,30,1
6-3-2026-05,6,3,24316,5,10,4,4,6,6.0,5.667,4.5,65,0.1538,2.211,2.327,1.3333,2.2222,193,182.67,2324,2291.0,0.083,70.33,1.2978,0.5,3.17,3.003,64.9,32.5,0.274,31,0
6-3-2026-06,6,3,24317,6,6,10,4,1,6.667,6.0,4.5,81,0.0741,2.082,2.327,1.4815,1.3333,180,188.0,2456,2411.67,0.0733,75.0,1.4954,0.6667,3.67,3.003,64.9,32.5,0.274,30,0
6-4-2024-02,6,4,24289,2,8,6,2,8,5.333,6.5,5.833,36,0.2222,2.291,2.192,0.9143,1.3714,220,220.33,1240,1432.33,0.1774,39.33,0.9351,0.375,3.5,3.003,64.9,32.5,0.274,28,0
6-4-2024-03,6,4,24290,3,3,8,6,4,5.667,5.667,5.417,32,0.0938,2.494,2.216,1.0462,0.5538,236,228.0,1148,1225.0,0.2056,37.0,0.8552,0.3333,3.0,3.003,64.9,32.5,0.274,31,0
6-4-2024-04,6,4,24291,4,5,3,8,2,5.333,5.5,5.5,31,0.1613,2.5,2.179,0.9697,0.9091,210,222.0,1171,1186.33,0.1793,33.0,0.836,0.4,2.83,3.003,64.9,32.5,0.274,30,0
6-4-2024-07,6,4,24294,7,8,5,3,6,5.333,5.333,5.75,30,0.2667,2.055,2.165,0.9275,1.3913,214,224.0,1177,1207.33,0.1818,31.67,0.8054,0.625,2.33,3.003,64.9,32.5,0.274,31,0
6-4-2024-08,6,4,24295,8,7,8,5,8,6.667,5.167,5.833,30,0.2333,1.863,2.192,1.1429,1.2,189,215.67,1103,1183.33,0.1714,31.67,0.8219,0.4286,2.33,3.003,64.9,32.5,0.274,31,1
6-4-2024-09,6,4,24296,9,10,7,8,6,8.333,6.333,6.0,32,0.3125,2.285,2.415,1.3889,1.6667,224,209.0,1214,1164.67,0.1845,30.67,0.8972,0.7,3.33,3.003,64.9,32.5,0.274,30,0
6-4-2024-10,6,4,24297,10,3,10,7,9,6.667,6.0,5.75,25,0.12,2.582,2.554,1.1594,0.5217,229,214.0,1190,1169.0,0.1924,29.0,0.7282,1.0,3.5,3.003,64.9,32.5,0.274,31,0
6-4-2024-11,6,4,24298,11,4,3,10,2,5.667,6.167,5.333,50,0.08,2.409,2.392,1.0625,0.75,215,222.67,1701,1368.33,0.1264,35.67,1.4528,0.5,3.67,3.003,64.9,32.5,0.274,30,0
6-4-2025-01,6,4,24300,1,6,6,4,8,5.333,6.0,5.667,32,0.1875,2.236,2.173,0.9412,1.0588,238,218.33,1290,1578.33,0.1845,49.0,0.8972,0.6667,3.83,3.003,64.9,32.5,0.274,31,0
6-4-2025-02,6,4,24301,2,6,6,6,3,6.0,5.833,5.5,34,0.1765,2.192,2.062,1.0909,1.0909,229,223.0,1210,1414.67,0.1893,43.67,0.9577,0.6667,4.0,3.003,64.9,32.5,0.274,28,0
6-4-2025-03,6,4,24302,3,4,6,6,5,5.333,4.833,5.583,31,0.129,1.213,1.977,0.9552,0.7164,209,225.33,1077,1192.33,0.1941,32.33,0.8753,0.5,3.17,3.003,64.9,32.5,0.274,31,1
6-4-2025-04,6,4,24303,4,14,4,6,3,8.0,6.667,6.333,36,0.3889,3.399,3.037,1.2632,2.2105,221,219.67,1168,1151.67,0.1892,33.67,1.0047,0.6429,4.17,3.003,64.9,32.5,0.274,30,0
6-4-2025-05,6,4,24304,5,7,14,4,5,8.333,7.167,6.667,32,0.2188,3.184,2.867,1.25,1.05,211,213.67,1168,1137.67,0.1807,33.0,0.8889,0.5714,4.5,3.003,64.9,32.5,0.274,31,0
6-4-2025-06,6,4,24305,6,5,7,14,8,8.667,7.0,6.667,32,0.1562,3.266,2.867,1.3,0.75,194,208.67,1190,1175.33,0.163,33.33,0.8951,0.4,4.17,3.003,64.9,32.5,0.274,30,0
6-4-2025-07,6,4,24306,7,6,5,7,7,6.0,7.0,6.5,37,0.1622,3.266,2.843,0.9231,0.9231,214,206.33,1187,1181.67,0.1803,33.67,1.0183,0.6667,4.17,3.003,64.9,32.5,0.274,31,0
6-4-2025-08,6,4,24307,8,7,6,5,10,6.0,7.167,6.5,33,0.2121,3.236,2.843,0.9231,1.0769,214,207.33,1190,1189.0,0.1798,34.0,0.9021,0.4286,4.0,3.003,64.9,32.5,0.274,31,0
6-4-2025-09,6,4,24308,9,7,7,6,3,6.667,7.667,6.25,40,0.175,2.925,2.65,1.0667,1.12,237,221.67,1214,1197.0,0.1952,36.67,1.0738,0.4286,4.17,3.003,64.9,32.5,0.274,30,0
6-4-2025-10,6,4,24309,10,4,7,7,4,6.0,6.0,6.333,22,0.1818,1.155,2.56,0.9474,0.6316,215,222.0,1104,1169.33,0.1947,31.67,0.5946,0.5,3.0,3.003,64.9,32.5,0.274,31,1
6-4-2025-11,6,4,24310,11,13,4,7,6,8.0,7.0,7.083,61,0.2131,2.887,3.04,1.1294,1.8353,210,220.67,1707,1341.67,0.123,41.0,1.6088,0.2308,2.83,3.003,64.9,32.5,0.274,30,0
6-4-2025-12,6,4,24311,12,5,13,4,6,7.333,7.0,7.0,56,0.0893,2.887,3.082,1.0476,0.7143,185,203.33,1697,1502.67,0.109,46.33,1.5067,0.4,2.83,3.003,64.9,32.5,0.274,31,0
6-4-2026-01,6,4,24312,1,5,5,13,6,7.667,6.833,6.917,46,0.1087,2.967,3.121,1.1084,0.7229,229,208.0,1284,1562.67,0.1783,54.33,1.2,0.6,2.67,3.003,64.9,32.5,0.274,31,0
6-4-2026-02,6,4,24313,2,10,5,5,4,6.667,7.333,7.25,63,0.1587,3.197,3.218,0.9195,1.3793,390,268.0,2265,1748.67,0.1722,55.0,1.546,0.9,3.67,3.003,64.9,32.5,0.274,28,1
6-4-2026-03,6,4,24314,3,13,10,5,14,9.333,8.333,8.0,67,0.194,3.815,3.416,1.1667,1.625,375,331.33,2094,1881.0,0.1791,58.67,1.5314,0.5385,4.33,3.003,64.9,32.5,0.274,31,1
6-4-2026-04,6,4,24315,4,17,13,10,7,13.333,10.5,8.25,79,0.2152,4.387,3.918,1.6162,2.0606,465,410.0,2455,2271.33,0.1894,69.67,1.669,0.5882,5.67,3.003,64.9,32.5,0.274,30,0
6-4-2026-05,6,4,24316,5,11,17,13,5,13.667,10.167,8.583,65,0.1692,4.259,3.968,1.5922,1.2816,431,423.67,2324,2291.0,0.1855,70.33,1.2978,0.6364,6.33,3.003,64.9,32.5,0.274,31,0
6-4-2026-06,6,4,24317,6,16,11,17,6,14.667,12.0,9.5,81,0.1975,4.0,4.291,1.5439,1.6842,434,443.33,2456,2411.67,0.1767,75.0,1.4954,0.5,7.33,3.003,64.9,32.5,0.274,30,0
6-5-2026-02,6,5,24313,2,12,8,4,2,8.0,4.667,3.5,63,0.1905,4.269,3.279,2.2857,3.4286,175,122.33,2265,1748.67,0.0773,55.0,1.546,0.5,2.83,3.003,64.9,32.5,0.274,28,0
6-5-2026-03,6,5,24314,3,7,12,8,1,9.0,5.167,3.917,67,0.1045,4.337,3.378,2.2979,1.7872,161,150.67,2094,1881.0,0.0769,58.67,1.5314,0.7143,3.67,3.003,64.9,32.5,0.274,31,0
6-5-2026-04,6,5,24315,4,9,7,12,2,9.333,6.667,4.583,79,0.1139,3.815,3.523,2.0364,1.9636,185,173.67,2455,2271.33,0.0754,69.67,1.669,0.6667,4.67,3.003,64.9,32.5,0.274,30,0
6-5-2026-05,6,5,24316,5,6,9,7,3,7.333,7.667,4.917,65,0.0923,2.494,3.451,1.4915,1.2203,170,172.0,2324,2291.0,0.0731,70.33,1.2978,0.5,5.17,3.003,64.9,32.5,0.274,31,0
6-5-2026-06,6,5,24317,6,6,6,9,3,7.0,8.0,5.167,81,0.0741,2.082,3.412,1.3548,1.1613,179,178.0,2456,2411.67,0.0729,75.0,1.4954,0.5,5.0,3.003,64.9,32.5,0.274,30,0
7-1-2024-03,7,1,24290,3,8,1,6,4,5.0,5.167,5.333,37,0.2162,2.409,1.929,0.9375,1.5,168,162.33,1148,1225.0,0.1463,39.33,0.8117,0.5,2.67,1.228,84.0,96.0,6.082,31,0
7-1-2024-04,7,1,24291,4,7,8,1,5,5.333,5.333,5.583,50,0.14,2.494,1.935,0.9552,1.2537,170,161.33,1171,1186.33,0.1452,41.0,1.083,0.5714,3.0,1.228,84.0,96.0,6.082,30,1
7-1-2024-05,7,1,24292,5,10,7,8,5,8.333,6.5,6.0,44,0.2273,2.754,2.273,1.3889,1.6667,182,173.33,1175,1164.67,0.1549,43.67,0.9531,0.5,3.5,1.228,84.0,96.0,6.082,31,0
7-1-2024-06,7,1,24293,6,4,10,7,8,7.0,6.0,5.917,45,0.0889,2.887,2.326,1.1831,0.6761,174,175.33,1270,1205.33,0.137,46.33,0.9507,0.5,3.17,1.228,84.0,96.0,6.082,30,0
7-1-2024-07,7,1,24294,7,9,4,10,6,7.667,6.5,6.0,53,0.1698,3.096,2.415,1.2778,1.5,147,167.67,1177,1207.33,0.1249,47.33,1.1138,0.6667,3.67,1.228,84.0,96.0,6.082,31,0
7-1-2024-08,7,1,24295,8,6,9,4,5,6.333,7.333,6.0,50,0.12,1.972,2.415,1.0556,1.0,149,156.67,1103,1183.33,0.1351,49.33,1.0381,0.3333,3.83,1.228,84.0,96.0,6.082,31,0
7-1-2024-09,7,1,24296,9,5,6,9,6,6.667,6.833,6.0,36,0.1389,2.115,2.415,1.1111,0.8333,169,155.0,1214,1164.67,0.1392,46.33,0.7552,0.8,3.83,1.228,84.0,96.0,6.082,30,0
7-1-2024-10,7,1,24297,10,9,5,6,3,6.667,7.167,6.25,51,0.1765,2.267,2.554,1.0667,1.44,135,151.0,1190,1169.0,0.1134,45.67,1.0699,0.4444,3.83,1.228,84.0,96.0,6.082,31,0
7-1-2024-11,7,1,24298,11,2,9,5,7,5.333,5.833,6.167,53,0.0377,2.544,2.672,0.8649,0.3243,154,152.67,1701,1368.33,0.0905,46.67,1.1099,0.5,3.17,1.228,84.0,96.0,6.082,30,0
7-1-2024-12,7,1,24299,12,6,2,9,6,5.667,6.167,6.083,68,0.0882,2.409,2.66,0.9315,0.9863,175,154.67,1744,1545.0,0.1003,57.33,1.4366,0.3333,3.17,1.228,84.0,96.0,6.082,31,0
7-1-2025-02,7,1,24301,2,10,4,6,8,6.667,6.0,6.667,51,0.1961,2.769,2.494,1.0,1.5,162,162.67,1210,1414.67,0.1339,55.67,1.0444,0.6,3.17,1.228,84.0,96.0,6.082,28,0
7-1-2025-03,7,1,24302,3,7,10,4,7,7.0,6.333,6.583,44,0.1591,2.749,2.465,1.0633,1.0633,131,148.0,1077,1192.33,0.1216,47.67,0.8904,0.8571,3.5,1.228,84.0,96.0,6.082,31,0
7-1-2025-04,7,1,24303,4,7,7,10,10,8.0,6.0,6.583,36,0.1944,2.517,2.465,1.2152,1.0633,159,150.67,1168,1151.67,0.1361,43.67,0.7461,0.5714,3.5,1.228,84.0,96.0,6.082,30,0
7-1-2025-05,7,1,24304,5,4,7,7,4,6.0,6.333,6.083,41,0.0976,2.055,2.326,0.9863,0.6575,199,163.0,1168,1137.67,0.1704,40.33,0.8542,0.75,3.83,1.228,84.0,96.0,6.082,31,0
7-1-2025-06,7,1,24305,6,7,4,7,9,6.0,6.5,6.333,44,0.1591,2.062,2.248,0.9474,1.1053,183,180.33,1190,1175.33,0.1538,40.33,0.9183,0.2857,3.83,1.228,84.0,96.0,6.082,30,0
7-1-2025-07,7,1,24306,7,5,7,4,6,5.333,6.667,6.0,38,0.1316,1.886,2.121,0.8889,0.8333,149,177.0,1187,1181.67,0.1255,41.0,0.8143,1.0,4.33,1.228,84.0,96.0,6.082,31,0
7-1-2025-08,7,1,24307,8,5,5,7,5,5.667,5.833,5.917,38,0.1316,1.213,2.139,0.9577,0.8451,171,167.67,1190,1189.0,0.1437,40.0,0.8321,0.6,3.83,1.228,84.0,96.0,6.082,31,0
7-1-2025-09,7,1,24308,9,7,5,5,9,5.667,5.833,6.083,37,0.1892,1.213,2.139,0.9315,1.1507,146,155.33,1214,1197.0,0.1203,37.67,0.8087,0.5714,3.5,1.228,84.0,96.0,6.082,30,0
7-1-2025-10,7,1,24309,10,6,7,5,2,6.0,5.667,5.833,33,0.1818,1.106,1.951,1.0286,1.0286,155,157.33,1104,1169.33,0.1404,36.0,0.7458,0.1667,3.0,1.228,84.0,96.0,6.082,31,0
7-1-2025-11,7,1,24310,11,7,6,7,6,6.667,6.167,6.25,51,0.1373,0.898,1.588,1.0667,1.12,160,153.67,1707,1341.67,0.0937,40.33,1.1569,0.5714,3.17,1.228,84.0,96.0,6.082,30,0
7-1-2025-12,7,1,24311,12,5,7,6,4,6.0,5.833,6.167,64,0.0781,0.898,1.624,0.973,0.8108,157,157.33,1697,1502.67,0.0925,49.33,1.4629,0.4,3.17,1.228,84.0,96.0,6.082,31,0
7-1-2026-01,7,1,24312,1,7,5,7,10,6.333,6.167,6.417,44,0.1591,0.898,1.498,0.987,1.0909,152,156.33,1284,1562.67,0.1184,53.0,1.0134,0.5714,3.0,1.228,84.0,96.0,6.082,31,1
7-1-2026-02,7,1,24313,2,12,7,5,7,8.0,7.333,6.583,76,0.1579,2.211,1.935,1.2152,1.8228,331,213.33,2265,1748.67,0.1461,61.33,1.6703,0.6667,3.83,1.228,84.0,96.0,6.082,28,1
7-1-2026-03,7,1,24314,3,13,12,7,7,10.667,8.333,7.083,82,0.1585,3.037,2.629,1.5059,1.8353,291,258.0,2094,1881.0,0.139,67.33,1.6849,0.4615,4.17,1.228,84.0,96.0,6.082,31,0
7-1-2026-04,7,1,24315,4,6,13,12,4,10.333,8.333,7.0,77,0.0779,3.037,2.646,1.4762,0.8571,371,331.0,2455,2271.33,0.1511,78.33,1.4784,0.5,4.5,1.228,84.0,96.0,6.082,30,0
7-1-2026-05,7,1,24316,5,13,6,13,7,10.667,9.333,7.75,78,0.1667,3.399,2.947,1.3763,1.6774,331,331.0,2324,2291.0,0.1424,79.0,1.4139,0.5385,5.0,1.228,84.0,96.0,6.082,31,1
7-1-2026-06,7,1,24317,6,21,13,6,5,13.333,12.0,8.917,85,0.2471,4.899,4.681,1.4953,2.3551,356,352.67,2456,2411.67,0.145,80.0,1.4509,0.5238,6.5,1.228,84.0,96.0,6.082,30,0
7-2-2024-02,7,2,24289,2,16,17,37,11,23.333,22.167,17.333,36,0.4444,8.194,7.972,1.3462,0.9231,492,690.0,1240,1432.33,0.3968,51.33,0.7927,0.375,10.5,1.228,84.0,96.0,6.082,28,0
7-2-2024-03,7,2,24290,3,9,16,17,14,14.0,21.5,17.167,37,0.2432,9.032,8.122,0.8155,0.5243,425,477.67,1148,1225.0,0.3702,39.33,0.8117,0.4444,10.17,1.228,84.0,96.0,6.082,31,0
7-2-2024-04,7,2,24291,4,19,9,16,18,14.667,21.0,17.583,50,0.38,9.074,8.077,0.8341,1.0806,437,451.33,1171,1186.33,0.3732,41.0,1.083,0.5789,10.33,1.228,84.0,96.0,6.082,30,0
7-2-2024-05,7,2,24292,5,17,19,9,6,15.0,19.167,17.5,44,0.3864,8.572,8.078,0.8571,0.9714,421,427.67,1175,1164.67,0.3583,43.67,0.9531,0.8235,11.33,1.228,84.0,96.0,6.082,31,0
7-2-2024-06,7,2,24293,6,18,17,19,12,18.0,16.0,18.5,45,0.4,3.266,7.297,0.973,0.973,495,451.0,1270,1205.33,0.3898,46.33,0.9507,0.6667,9.67,1.228,84.0,96.0,6.082,30,0
7-2-2024-07,7,2,24294,7,25,18,17,14,20.0,17.333,19.583,53,0.4717,4.714,7.216,1.0213,1.2766,451,455.67,1177,1207.33,0.3832,47.33,1.1138,0.6,10.33,1.228,84.0,96.0,6.082,31,0
7-2-2024-08,7,2,24295,8,21,25,18,13,21.333,18.167,20.167,50,0.42,4.845,7.022,1.0579,1.0413,424,456.67,1103,1183.33,0.3844,49.33,1.0381,0.5714,11.33,1.228,84.0,96.0,6.082,31,0
7-2-2024-09,7,2,24296,9,14,21,25,22,20.0,19.0,20.25,36,0.3889,3.416,6.942,0.9877,0.6914,472,449.0,1214,1164.67,0.3888,46.33,0.7552,0.6429,12.17,1.228,84.0,96.0,6.082,30,0
7-2-2024-10,7,2,24297,10,22,14,21,28,19.0,19.5,20.25,51,0.4314,3.594,6.942,0.9383,1.0864,445,447.0,1190,1169.0,0.3739,45.67,1.0699,0.7273,13.0,1.228,84.0,96.0,6.082,31,1
7-2-2024-11,7,2,24298,11,36,22,14,37,24.0,22.667,20.917,53,0.6792,6.872,7.963,1.1474,1.7211,967,628.0,1701,1368.33,0.5685,46.67,1.1099,0.5,13.67,1.228,84.0,96.0,6.082,30,1
7-2-2024-12,7,2,24299,12,39,36,22,17,32.333,26.167,21.083,68,0.5735,8.707,8.311,1.5336,1.8498,992,801.33,1744,1545.0,0.5688,57.33,1.4366,0.3846,14.17,1.228,84.0,96.0,6.082,31,0
7-2-2025-01,7,2,24300,1,19,39,36,16,31.333,25.167,21.25,48,0.3958,9.118,8.247,1.4745,0.8941,553,837.33,1290,1578.33,0.4287,56.33,1.0088,0.5263,13.33,1.228,84.0,96.0,6.082,31,0
7-2-2025-02,7,2,24301,2,20,19,39,9,26.0,25.0,21.583,51,0.3922,9.201,8.108,1.2046,0.9266,452,665.67,1210,1414.67,0.3736,55.67,1.0444,0.55,13.17,1.228,84.0,96.0,6.082,28,0
7-2-2025-03,7,2,24302,3,16,20,19,19,18.333,25.333,22.167,44,0.3636,8.825,7.403,0.8271,0.7218,425,476.67,1077,1192.33,0.3946,47.67,0.8904,0.4375,12.83,1.228,84.0,96.0,6.082,31,0
7-2-2025-04,7,2,24303,4,10,16,20,17,15.333,23.333,21.417,36,0.2778,10.546,8.108,0.716,0.4669,407,428.0,1168,1151.67,0.3485,43.67,0.7461,0.6,11.17,1.228,84.0,96.0,6.082,30,0
7-2-2025-05,7,2,24304,5,19,10,16,18,15.0,20.5,21.583,41,0.4634,8.921,8.036,0.695,0.8803,426,419.33,1168,1137.67,0.3647,40.33,0.8542,0.6316,10.17,1.228,84.0,96.0,6.082,31,0
7-2-2025-06,7,2,24305,6,12,19,10,25,13.667,16.0,21.083,44,0.2727,3.786,8.421,0.6482,0.5692,427,420.0,1190,1175.33,0.3588,40.33,0.9183,0.25,8.17,1.228,84.0,96.0,6.082,30,0
7-2-2025-07,7,2,24306,7,12,12,19,21,14.333,14.833,20.0,38,0.3158,3.76,8.679,0.7167,0.6,450,434.33,1187,1181.67,0.3791,41.0,0.8143,0.3333,7.17,1.228,84.0,96.0,6.082,31,0
7-2-2025-08,7,2,24307,8,19,12,12,14,14.333,14.667,19.833,38,0.5,3.543,8.678,0.7227,0.958,440,439.0,1190,1189.0,0.3697,40.0,0.8321,0.4211,6.67,1.228,84.0,96.0,6.082,31,0
7-2-2025-09,7,2,24308,9,6,19,12,22,12.333,13.0,19.167,37,0.1622,4.69,9.379,0.6435,0.313,434,441.33,1214,1197.0,0.3575,37.67,0.8087,0.5,6.0,1.228,84.0,96.0,6.082,30,0
7-2-2025-10,7,2,24309,10,12,6,19,36,12.333,13.333,18.333,33,0.3636,4.534,9.534,0.6727,0.6545,394,422.67,1104,1169.33,0.3569,36.0,0.7458,0.5833,6.17,1.228,84.0,96.0,6.082,31,1
7-2-2025-11,7,2,24310,11,30,12,6,39,16.0,15.167,17.833,51,0.5882,7.625,8.716,0.8972,1.6822,979,602.33,1707,1341.67,0.5735,40.33,1.1569,0.4667,6.5,1.228,84.0,96.0,6.082,30,1
7-2-2025-12,7,2,24311,12,40,30,12,19,27.333,19.833,17.917,64,0.625,11.725,8.921,1.5256,2.2326,1016,796.33,1697,1502.67,0.5987,49.33,1.4629,0.55,9.67,1.228,84.0,96.0,6.082,31,0
7-2-2026-01,7,2,24312,1,13,40,30,20,27.667,20.0,17.417,44,0.2955,11.619,9.013,1.5885,0.7464,513,836.0,1284,1562.67,0.3995,53.0,1.0134,0.5385,10.17,1.228,84.0,96.0,6.082,31,0
7-2-2026-02,7,2,24313,2,29,13,40,16,27.333,21.667,18.167,76,0.3816,12.065,9.555,1.5046,1.5963,860,796.33,2265,1748.67,0.3797,61.33,1.6703,0.4483,11.0,1.228,84.0,96.0,6.082,28,0
7-2-2026-03,7,2,24314,3,28,29,13,10,23.333,25.333,19.167,82,0.3415,9.894,9.898,1.2174,1.4609,793,722.0,2094,1881.0,0.3787,67.33,1.6849,0.4286,12.5,1.228,84.0,96.0,6.082,31,0
7-2-2026-04,7,2,24315,4,31,28,29,19,29.333,28.5,20.917,77,0.4026,7.974,9.979,1.4024,1.4821,904,852.33,2455,2271.33,0.3682,78.33,1.4784,0.4516,13.67,1.228,84.0,96.0,6.082,30,0
7-2-2026-05,7,2,24316,5,27,31,28,12,28.667,28.0,21.583,78,0.3462,7.958,10.095,1.3282,1.251,870,855.67,2324,2291.0,0.3744,79.0,1.4139,0.5185,13.67,1.228,84.0,96.0,6.082,31,0
7-2-2026-06,7,2,24317,6,28,27,31,12,28.667,26.0,22.917,85,0.3294,5.944,9.793,1.2509,1.2218,953,909.0,2456,2411.67,0.388,80.0,1.4509,0.6429,13.0,1.228,84.0,96.0,6.082,30,0
7-3-2024-08,7,3,24295,8,7,6,2,4,5.0,4.667,4.25,50,0.14,1.972,1.92,1.1765,1.6471,94,95.33,1103,1183.33,0.0852,49.33,1.0381,0.5714,2.0,1.228,84.0,96.0,6.082,31,0
7-3-2024-09,7,3,24296,9,3,7,6,4,5.333,4.833,4.167,36,0.0833,1.772,1.951,1.28,0.72,95,98.0,1214,1164.67,0.0783,46.33,0.7552,1.0,2.17,1.228,84.0,96.0,6.082,30,0
7-3-2026-03,7,3,24314,3,8,7,3,4,6.0,4.167,3.833,82,0.0976,2.544,2.075,1.5652,2.087,164,156.0,2094,1881.0,0.0783,67.33,1.6849,0.625,2.67,1.228,84.0,96.0,6.082,31,0
7-3-2026-04,7,3,24315,4,7,8,7,2,7.333,5.167,4.083,77,0.0909,2.267,2.253,1.7959,1.7143,191,185.0,2455,2271.33,0.0778,78.33,1.4784,0.4286,3.17,1.228,84.0,96.0,6.082,30,0
7-3-2026-05,7,3,24316,5,5,7,8,3,6.667,5.667,4.333,78,0.0641,1.795,2.173,1.5385,1.1538,193,182.67,2324,2291.0,0.083,79.0,1.4139,0.6,3.67,1.228,84.0,96.0,6.082,31,0
7-3-2026-06,7,3,24317,6,4,5,7,2,5.333,5.667,4.417,85,0.0471,1.795,2.139,1.2075,0.9057,180,188.0,2456,2411.67,0.0733,80.0,1.4509,0.75,3.5,1.228,84.0,96.0,6.082,30,1
7-4-2024-02,7,4,24289,2,7,9,9,9,8.333,9.167,9.25,36,0.1944,1.213,1.588,0.9009,0.7568,220,220.33,1240,1432.33,0.1774,51.33,0.7927,0.7143,5.83,1.228,84.0,96.0,6.082,28,1
7-4-2024-03,7,4,24290,3,12,7,9,8,9.333,9.5,9.5,37,0.3243,1.607,1.756,0.9825,1.2632,236,228.0,1148,1225.0,0.2056,39.33,0.8117,0.5833,5.33,1.228,84.0,96.0,6.082,31,0
7-4-2024-04,7,4,24291,4,12,12,7,7,10.333,9.667,9.833,50,0.24,1.795,1.818,1.0508,1.2203,210,222.0,1171,1186.33,0.1793,41.0,1.083,0.5833,5.33,1.228,84.0,96.0,6.082,30,0
7-4-2024-05,7,4,24292,5,3,12,12,9,9.0,8.667,9.5,44,0.0682,3.091,2.533,0.9474,0.3158,214,220.0,1175,1164.67,0.1821,43.67,0.9531,0.0,4.67,1.228,84.0,96.0,6.082,31,0
7-4-2024-06,7,4,24293,6,12,3,12,10,9.0,9.167,9.75,45,0.2667,3.337,2.618,0.9231,1.2308,244,222.67,1270,1205.33,0.1921,46.33,0.9507,0.6667,5.17,1.228,84.0,96.0,6.082,30,0
7-4-2024-07,7,4,24294,7,6,12,3,13,7.0,8.667,9.417,53,0.1132,3.543,2.812,0.7434,0.6372,214,224.0,1177,1207.33,0.1818,47.33,1.1138,0.1667,4.67,1.228,84.0,96.0,6.082,31,0
7-4-2024-08,7,4,24295,8,8,6,12,10,8.667,8.833,9.0,50,0.16,3.484,2.614,0.963,0.8889,189,215.67,1103,1183.33,0.1714,49.33,1.0381,0.5,4.5,1.228,84.0,96.0,6.082,31,0
7-4-2024-09,7,4,24296,9,9,8,6,11,7.667,8.333,8.917,36,0.25,3.197,2.597,0.8598,1.0093,224,209.0,1214,1164.67,0.1845,46.33,0.7552,0.6667,4.33,1.228,84.0,96.0,6.082,30,1
7-4-2024-10,7,4,24297,10,11,9,8,9,9.333,8.167,8.917,51,0.2157,3.023,2.597,1.0467,1.2336,229,214.0,1190,1169.0,0.1924,45.67,1.0699,0.6364,4.33,1.228,84.0,96.0,6.082,31,0
7-4-2024-11,7,4,24298,11,5,11,9,9,8.333,8.5,8.583,53,0.0943,2.5,2.812,0.9709,0.5825,215,222.67,1701,1368.33,0.1264,46.67,1.1099,0.6,4.83,1.228,84.0,96.0,6.082,30,0
7-4-2024-12,7,4,24299,12,7,5,11,9,7.667,7.667,8.417,68,0.1029,1.972,2.842,0.9109,0.8317,202,215.33,1744,1545.0,0.1158,57.33,1.4366,0.7143,4.33,1.228,84.0,96.0,6.082,31,0
7-4-2025-01,7,4,24300,1,8,7,5,7,6.667,8.0,8.333,48,0.1667,1.826,2.838,0.8,0.96,238,218.33,1290,1578.33,0.1845,56.33,1.0088,0.625,5.0,1.228,84.0,96.0,6.082,31,1
7-4-2025-02,7,4,24301,2,12,8,7,12,9.0,8.667,8.75,51,0.2353,2.357,2.976,1.0286,1.3714,229,223.0,1210,1414.67,0.1893,55.67,1.0444,0.5833,5.5,1.228,84.0,96.0,6.082,28,0
7-4-2025-03,7,4,24302,3,5,12,8,12,8.333,8.0,8.167,44,0.1136,2.708,2.967,1.0204,0.6122,209,225.33,1077,1192.33,0.1941,47.67,0.8904,0.6,5.0,1.228,84.0,96.0,6.082,31,0
7-4-2025-04,7,4,24303,4,3,5,12,3,6.667,6.667,7.417,36,0.0833,2.867,3.04,0.8989,0.4045,221,219.67,1168,1151.67,0.1892,43.67,0.7461,1.0,4.33,1.228,84.0,96.0,6.082,30,0
7-4-2025-07,7,4,24306,7,7,6,5,8,6.0,6.333,7.167,38,0.1842,2.809,2.511,0.8372,0.9767,214,206.33,1187,1181.67,0.1803,41.0,0.8143,0.7143,4.33,1.228,84.0,96.0,6.082,31,0
7-4-2025-08,7,4,24307,8,3,7,6,9,5.333,4.833,6.75,38,0.0789,1.462,2.742,0.7901,0.4444,214,207.33,1190,1189.0,0.1798,40.0,0.8321,0.3333,3.33,1.228,84.0,96.0,6.082,31,0
7-4-2025-09,7,4,24308,9,7,3,7,11,5.667,5.167,6.583,37,0.1892,1.675,2.66,0.8608,1.0633,237,221.67,1214,1197.0,0.1952,37.67,0.8087,0.4286,3.33,1.228,84.0,96.0,6.082,30,0
7-4-2025-10,7,4,24309,10,7,7,3,5,5.667,5.833,6.25,33,0.2121,1.462,2.314,0.9067,1.12,215,222.0,1104,1169.33,0.1947,36.0,0.7458,0.4286,3.33,1.228,84.0,96.0,6.082,31,0
7-4-2025-11,7,4,24310,11,3,7,7,7,5.667,5.5,6.083,51,0.0588,1.803,2.465,0.9315,0.4932,210,220.67,1707,1341.67,0.123,40.33,1.1569,1.0,3.33,1.228,84.0,96.0,6.082,30,1
7-4-2025-12,7,4,24311,12,8,3,7,8,6.0,5.833,6.167,64,0.125,2.034,2.511,0.973,1.2973,185,203.33,1697,1502.67,0.109,49.33,1.4629,0.5,3.17,1.228,84.0,96.0,6.082,31,0
7-4-2026-01,7,4,24312,1,6,8,3,12,5.667,5.667,6.0,44,0.1364,1.972,2.449,0.9444,1.0,229,208.0,1284,1562.67,0.1783,53.0,1.0134,0.8333,3.17,1.228,84.0,96.0,6.082,31,1
7-4-2026-02,7,4,24313,2,14,6,8,5,9.333,7.5,6.167,76,0.1842,3.304,2.882,1.5135,2.2703,390,268.0,2265,1748.67,0.1722,61.33,1.6703,0.4286,4.0,1.228,84.0,96.0,6.082,28,1
7-4-2026-03,7,4,24314,3,17,14,6,3,12.333,9.167,7.167,82,0.2073,4.81,4.12,1.7209,2.3721,375,331.33,2094,1881.0,0.1791,67.33,1.6849,0.6471,5.33,1.228,84.0,96.0,6.082,31,1
7-4-2026-04,7,4,24315,4,18,17,14,5,16.333,11.0,8.417,77,0.2338,5.657,4.873,1.9406,2.1386,465,410.0,2455,2271.33,0.1894,78.33,1.4784,0.4444,6.17,1.228,84.0,96.0,6.082,30,0
7-4-2026-05,7,4,24316,5,19,18,17,6,18.0,13.667,9.583,78,0.2436,4.989,5.545,1.8783,1.9826,431,423.67,2324,2291.0,0.1855,79.0,1.4139,0.5789,7.5,1.228,84.0,96.0,6.082,31,0
7-4-2026-06,7,4,24317,6,20,19,18,7,19.0,15.667,10.75,85,0.2353,4.714,6.112,1.7674,1.8605,434,443.33,2456,2411.67,0.1767,80.0,1.4509,0.55,8.67,1.228,84.0,96.0,6.082,30,0
7-5-2026-05,7,5,24316,5,11,2,4,4,5.667,4.833,3.833,78,0.141,3.078,2.444,1.4783,2.8696,170,172.0,2324,2291.0,0.0731,79.0,1.4139,0.5455,3.0,1.228,84.0,96.0,6.082,31,0
7-5-2026-06,7,5,24317,6,7,11,2,3,6.667,5.667,4.083,85,0.0824,2.867,2.597,1.6327,1.7143,179,178.0,2456,2411.67,0.0729,80.0,1.4509,0.5714,3.33,1.228,84.0,96.0,6.082,30,0
7-7-2026-03,7,7,24314,3,8,3,4,5,5.0,3.333,3.0,82,0.0976,2.285,2.041,1.6667,2.6667,126,108.0,2094,1881.0,0.0602,67.33,1.6849,0.5,1.83,1.228,84.0,96.0,6.082,31,0
7-7-2026-04,7,7,24315,4,6,8,3,2,5.667,4.0,3.083,77,0.0779,2.38,2.139,1.8378,1.9459,135,129.33,2455,2271.33,0.055,78.33,1.4784,0.3333,2.0,1.228,84.0,96.0,6.082,30,0
7-7-2026-05,7,7,24316,5,1,6,8,5,5.0,4.0,3.0,78,0.0128,2.38,2.198,1.6667,0.3333,121,127.33,2324,2291.0,0.0521,79.0,1.4139,1.0,2.17,1.228,84.0,96.0,6.082,31,0
8-1-2024-07,8,1,24294,7,6,4,7,1,5.667,4.167,2.917,27,0.2222,2.115,2.253,1.9429,2.0571,147,167.67,1177,1207.33,0.1249,34.33,0.8757,0.6667,2.33,2.87,67.4,37.6,0.34,31,0
8-1-2025-01,8,1,24300,1,7,4,5,5,5.333,4.0,4.083,34,0.2059,2.0,2.06,1.3061,1.7143,151,160.0,1290,1578.33,0.1171,43.0,1.0515,0.5714,2.33,2.87,67.4,37.6,0.34,31,0
8-1-2025-05,8,1,24304,5,8,6,1,4,5.0,4.5,4.167,37,0.2162,2.754,2.339,1.2,1.92,199,163.0,1168,1137.67,0.1704,28.0,1.1327,0.25,2.33,2.87,67.4,37.6,0.34,31,0
8-1-2025-06,8,1,24305,6,2,8,6,6,5.333,4.167,4.0,21,0.0952,2.911,2.415,1.3333,0.5,183,180.33,1190,1175.33,0.1538,28.67,0.6667,0.0,1.67,2.87,67.4,37.6,0.34,30,0
8-1-2025-10,8,1,24309,10,7,4,7,5,6.0,5.167,4.583,26,0.2692,2.267,2.361,1.3091,1.5273,155,157.33,1104,1169.33,0.1404,34.67,0.7859,0.8571,2.0,2.87,67.4,37.6,0.34,31,0
8-1-2025-11,8,1,24310,11,7,7,4,4,6.0,5.0,4.75,50,0.14,2.082,2.454,1.2632,1.4737,160,153.67,1707,1341.67,0.0937,38.33,1.5228,0.8571,2.67,2.87,67.4,37.6,0.34,30,0
8-1-2025-12,8,1,24311,12,2,7,7,7,5.333,5.0,4.583,50,0.04,2.082,2.564,1.1636,0.4364,157,157.33,1697,1502.67,0.0925,42.0,1.4925,1.0,3.0,2.87,67.4,37.6,0.34,31,0
8-1-2026-01,8,1,24312,1,6,2,7,1,5.0,5.5,4.5,30,0.2,1.893,2.5,1.1111,1.3333,152,156.33,1284,1562.67,0.1184,43.33,0.9045,0.5,3.5,2.87,67.4,37.6,0.34,31,0
8-1-2026-03,8,1,24314,3,10,4,6,6,6.667,6.0,5.5,64,0.1562,2.517,2.398,1.2121,1.8182,291,258.0,2094,1881.0,0.139,48.33,1.641,0.6,4.0,2.87,67.4,37.6,0.34,31,1
8-1-2026-04,8,1,24315,4,14,10,4,8,9.333,7.167,6.167,60,0.2333,3.933,3.362,1.5135,2.2703,371,331.0,2455,2271.33,0.1511,58.33,1.44,0.4286,4.0,2.87,67.4,37.6,0.34,30,0
8-1-2026-05,8,1,24316,5,9,14,10,2,11.0,7.5,6.25,65,0.1385,3.99,3.419,1.76,1.44,331,331.0,2324,2291.0,0.1424,63.0,1.4773,0.6667,4.0,2.87,67.4,37.6,0.34,31,0
8-1-2026-06,8,1,24317,6,7,9,14,3,10.0,8.333,6.667,60,0.1167,3.197,3.171,1.5,1.05,356,352.67,2456,2411.67,0.145,61.67,1.2698,0.5714,4.33,2.87,67.4,37.6,0.34,30,0
8-2-2024-02,8,2,24289,2,9,12,27,12,16.0,17.333,14.75,24,0.375,7.016,5.875,1.0847,0.6102,492,690.0,1240,1432.33,0.3968,30.0,0.8022,0.6667,10.0,2.87,67.4,37.6,0.34,28,0
8-2-2024-03,8,2,24290,3,12,9,12,12,11.0,16.333,14.75,25,0.48,7.272,5.875,0.7458,0.8136,425,477.67,1148,1225.0,0.3702,25.0,0.8403,0.5833,9.5,2.87,67.4,37.6,0.34,31,0
8-2-2024-04,8,2,24291,4,5,12,9,17,8.667,15.167,14.167,16,0.3125,8.355,6.44,0.6118,0.3529,437,451.33,1171,1186.33,0.3732,21.67,0.5581,0.6,9.0,2.87,67.4,37.6,0.34,30,1
8-2-2024-05,8,2,24292,5,16,5,12,9,11.0,13.5,14.083,41,0.3902,6.898,6.409,0.7811,1.1361,421,427.67,1175,1164.67,0.3583,27.33,1.3977,0.625,7.83,2.87,67.4,37.6,0.34,31,1
8-2-2024-06,8,2,24293,6,16,16,5,10,12.333,11.667,14.667,35,0.4571,3.859,6.236,0.8409,1.0909,495,451.0,1270,1205.33,0.3898,30.67,1.126,0.25,6.0,2.87,67.4,37.6,0.34,30,0
8-2-2024-07,8,2,24294,7,10,16,16,13,14.0,11.333,14.667,27,0.3704,3.902,6.236,0.9545,0.6818,451,455.67,1177,1207.33,0.3832,34.33,0.8757,0.6,6.0,2.87,67.4,37.6,0.34,31,0
8-2-2024-08,8,2,24295,8,8,10,16,18,11.333,11.167,14.25,29,0.2759,4.017,6.495,0.7953,0.5614,424,456.67,1103,1183.33,0.3844,30.33,0.9508,0.375,5.5,2.87,67.4,37.6,0.34,31,0
8-2-2024-09,8,2,24296,9,7,8,10,12,8.333,10.333,13.333,27,0.2593,4.269,6.675,0.625,0.525,472,449.0,1214,1164.67,0.3888,27.67,0.9025,0.1429,4.5,2.87,67.4,37.6,0.34,30,1
8-2-2024-10,8,2,24297,10,14,7,8,26,9.667,11.833,13.5,35,0.4,3.67,6.665,0.716,1.037,445,447.0,1190,1169.0,0.3739,30.33,1.1507,0.5714,5.33,2.87,67.4,37.6,0.34,31,1
8-2-2024-11,8,2,24298,11,34,14,7,27,18.333,14.833,14.167,53,0.6415,9.136,8.122,1.2941,2.4,967,628.0,1701,1368.33,0.5685,38.33,1.6825,0.4706,6.33,2.87,67.4,37.6,0.34,30,0
8-2-2024-12,8,2,24299,12,24,34,14,12,24.0,16.167,13.917,42,0.5714,9.771,7.762,1.7246,1.7246,992,801.33,1744,1545.0,0.5688,43.33,1.3263,0.4583,7.5,2.87,67.4,37.6,0.34,31,0
8-2-2025-01,8,2,24300,1,19,24,34,9,25.667,17.667,14.5,34,0.5588,9.393,7.858,1.7701,1.3103,553,837.33,1290,1578.33,0.4287,43.0,1.0515,0.6316,8.5,2.87,67.4,37.6,0.34,31,0
8-2-2025-02,8,2,24301,2,11,19,24,12,18.0,18.167,14.667,26,0.4231,8.933,7.76,1.2273,0.75,452,665.67,1210,1414.67,0.3736,34.0,0.8,0.5455,9.0,2.87,67.4,37.6,0.34,28,0
8-2-2025-03,8,2,24302,3,6,11,19,5,12.0,18.0,14.167,19,0.3158,9.147,8.102,0.8471,0.4235,425,476.67,1077,1192.33,0.3946,26.33,0.5938,0.3333,9.17,2.87,67.4,37.6,0.34,31,0
8-2-2025-04,8,2,24303,4,12,6,11,16,9.667,17.667,14.75,28,0.4286,9.321,7.661,0.6554,0.8136,407,428.0,1168,1151.67,0.3485,24.33,0.8485,0.5833,9.0,2.87,67.4,37.6,0.34,30,0
8-2-2025-05,8,2,24304,5,11,12,6,16,9.667,13.833,14.333,37,0.2973,5.928,7.717,0.6744,0.7674,426,419.33,1168,1137.67,0.3647,28.0,1.1327,0.3636,7.0,2.87,67.4,37.6,0.34,31,0
8-2-2025-06,8,2,24305,6,9,11,12,10,10.667,11.333,13.75,21,0.4286,3.944,7.833,0.7758,0.6545,427,420.0,1190,1175.33,0.3588,28.67,0.6667,0.3333,5.67,2.87,67.4,37.6,0.34,30,1
8-2-2025-07,8,2,24306,7,15,9,11,8,11.667,10.667,14.167,33,0.4545,2.749,7.755,0.8235,1.0588,450,434.33,1187,1181.67,0.3791,30.33,1.0312,0.4,4.67,2.87,67.4,37.6,0.34,31,0
8-2-2025-08,8,2,24307,8,15,15,9,7,13.0,11.333,14.75,39,0.3846,3.197,7.529,0.8814,1.0169,440,439.0,1190,1189.0,0.3697,31.0,1.1878,0.4667,4.83,2.87,67.4,37.6,0.34,31,0
8-2-2025-09,8,2,24308,9,14,15,15,14,14.667,12.667,15.333,39,0.359,2.211,7.169,0.9565,0.913,434,441.33,1214,1197.0,0.3575,37.0,1.1527,0.5714,5.83,2.87,67.4,37.6,0.34,30,0
8-2-2025-10,8,2,24309,10,7,14,15,34,12.0,11.833,14.75,26,0.2692,3.078,7.529,0.8136,0.4746,394,422.67,1104,1169.33,0.3569,34.67,0.7859,0.7143,5.5,2.87,67.4,37.6,0.34,31,1
8-2-2025-11,8,2,24310,11,19,7,14,24,13.333,13.167,13.5,50,0.38,4.017,5.074,0.9877,1.4074,979,602.33,1707,1341.67,0.5735,38.33,1.5228,0.6316,6.83,2.87,67.4,37.6,0.34,30,1
8-2-2025-12,8,2,24311,12,30,19,7,19,18.667,16.667,14.0,50,0.6,6.944,6.245,1.3333,2.1429,1016,796.33,1697,1502.67,0.5987,42.0,1.4925,0.6,9.33,2.87,67.4,37.6,0.34,31,0
8-2-2026-01,8,2,24312,1,11,30,19,11,20.0,16.0,13.333,30,0.3667,7.257,6.101,1.5,0.825,513,836.0,1284,1562.67,0.3995,43.33,0.9045,0.2727,8.83,2.87,67.4,37.6,0.34,31,0
8-2-2026-02,8,2,24313,2,25,11,30,6,22.0,17.667,14.5,51,0.4902,7.951,6.837,1.5172,1.7241,860,796.33,2265,1748.67,0.3797,43.67,1.4468,0.68,10.5,2.87,67.4,37.6,0.34,28,0
8-2-2026-03,8,2,24314,3,19,25,11,12,18.333,18.5,15.583,64,0.2969,7.784,6.422,1.1765,1.2193,793,722.0,2094,1881.0,0.3787,48.33,1.641,0.5789,11.0,2.87,67.4,37.6,0.34,31,0
8-2-2026-04,8,2,24315,4,22,19,25,11,22.0,21.0,16.417,60,0.3667,5.859,6.551,1.3401,1.3401,904,852.33,2455,2271.33,0.3682,58.33,1.44,0.5,12.0,2.87,67.4,37.6,0.34,30,0
8-2-2026-05,8,2,24316,5,27,22,19,9,22.667,22.333,17.75,65,0.4154,6.155,6.93,1.277,1.5211,870,855.67,2324,2291.0,0.3744,63.0,1.4773,0.5926,12.67,2.87,67.4,37.6,0.34,31,0
8-2-2026-06,8,2,24317,6,22,27,22,15,23.667,21.0,18.833,60,0.3667,5.132,6.479,1.2566,1.1681,953,909.0,2456,2411.67,0.388,61.67,1.2698,0.3182,10.83,2.87,67.4,37.6,0.34,30,0
8-4-2024-02,8,4,24289,2,7,6,5,3,6.0,6.333,5.5,24,0.2917,1.106,2.398,1.0909,1.2727,220,220.33,1240,1432.33,0.1774,30.0,0.8022,0.8571,4.0,2.87,67.4,37.6,0.34,28,0
8-4-2024-03,8,4,24290,3,4,7,6,5,5.667,6.167,5.583,25,0.16,1.344,2.326,1.0149,0.7164,236,228.0,1148,1225.0,0.2056,25.0,0.8403,0.0,3.5,2.87,67.4,37.6,0.34,31,0
8-4-2024-06,8,4,24293,6,7,8,2,8,5.667,5.667,6.333,35,0.2,2.055,1.929,0.8947,1.1053,244,222.67,1270,1205.33,0.1921,30.67,1.126,0.8571,3.17,2.87,67.4,37.6,0.34,30,0
8-4-2024-07,8,4,24294,7,4,7,8,9,6.333,5.333,6.0,27,0.1481,2.134,1.958,1.0556,0.6667,214,224.0,1177,1207.33,0.1818,34.33,0.8757,0.25,2.5,2.87,67.4,37.6,0.34,31,0
8-4-2024-08,8,4,24295,8,8,4,7,5,6.333,5.5,5.917,29,0.2759,2.291,1.847,1.0704,1.3521,189,215.67,1103,1183.33,0.1714,30.33,0.9508,0.375,2.0,2.87,67.4,37.6,0.34,31,0
8-4-2024-09,8,4,24296,9,3,8,4,8,5.0,5.333,5.75,27,0.1111,2.427,2.005,0.8696,0.5217,224,209.0,1214,1164.67,0.1845,27.67,0.9025,0.6667,2.33,2.87,67.4,37.6,0.34,30,1
8-4-2024-10,8,4,24297,10,12,3,8,7,7.667,7.0,6.083,35,0.3429,2.944,2.597,1.2603,1.9726,229,214.0,1190,1169.0,0.1924,30.33,1.1507,0.5833,3.5,2.87,67.4,37.6,0.34,31,0
8-4-2024-11,8,4,24298,11,8,12,3,5,7.667,7.0,6.167,53,0.1509,2.944,2.64,1.2432,1.2973,215,222.67,1701,1368.33,0.1264,38.33,1.6825,0.375,3.67,2.87,67.4,37.6,0.34,30,0
8-4-2024-12,8,4,24299,12,4,8,12,6,8.0,6.5,6.083,42,0.0952,3.149,2.691,1.3151,0.6575,202,215.33,1744,1545.0,0.1158,43.33,1.3263,0.75,3.17,2.87,67.4,37.6,0.34,31,0
8-4-2025-01,8,4,24300,1,3,4,8,7,5.0,6.333,5.833,34,0.0882,3.3,2.824,0.8571,0.5143,238,218.33,1290,1578.33,0.1845,43.0,1.0515,0.0,3.0,2.87,67.4,37.6,0.34,31,0
8-4-2025-03,8,4,24302,3,5,7,3,2,5.0,6.5,5.917,19,0.2632,2.986,2.783,0.8451,0.8451,209,225.33,1077,1192.33,0.1941,26.33,0.5938,0.2,3.0,2.87,67.4,37.6,0.34,31,0
8-4-2025-07,8,4,24306,7,6,5,7,8,6.0,5.167,5.75,33,0.1818,2.034,2.803,1.0435,1.0435,214,206.33,1187,1181.67,0.1803,30.33,1.0312,0.6667,2.33,2.87,67.4,37.6,0.34,31,1
8-4-2025-08,8,4,24307,8,9,6,5,3,6.667,5.5,5.833,39,0.2308,2.432,2.882,1.1429,1.5429,214,207.33,1190,1189.0,0.1798,31.0,1.1878,0.3333,2.17,2.87,67.4,37.6,0.34,31,0
8-4-2025-09,8,4,24308,9,8,9,6,12,7.667,6.0,6.25,39,0.2051,2.582,2.803,1.2267,1.28,237,221.67,1214,1197.0,0.1952,37.0,1.1527,0.375,2.5,2.87,67.4,37.6,0.34,30,0
8-4-2025-10,8,4,24309,10,4,8,9,8,7.0,6.5,5.583,26,0.1538,1.708,2.253,1.2537,0.7164,215,222.0,1104,1169.33,0.1947,34.67,0.7859,0.25,2.67,2.87,67.4,37.6,0.34,31,0
8-4-2025-11,8,4,24310,11,6,4,8,4,6.0,6.333,5.417,50,0.12,1.7,2.139,1.1077,1.1077,210,220.67,1707,1341.67,0.123,38.33,1.5228,0.6667,2.67,2.87,67.4,37.6,0.34,30,0
8-4-2026-02,8,4,24313,2,10,4,4,5,6.0,6.0,5.75,51,0.1961,2.309,2.385,1.0435,1.7391,390,268.0,2265,1748.67,0.1722,43.67,1.4468,0.5,3.17,2.87,67.4,37.6,0.34,28,1
8-4-2026-03,8,4,24314,3,11,10,4,1,8.333,6.5,6.25,64,0.1719,2.93,2.773,1.3333,1.76,375,331.33,2094,1881.0,0.1791,48.33,1.641,0.2727,3.17,2.87,67.4,37.6,0.34,31,0
8-4-2026-04,8,4,24315,4,8,11,10,7,9.667,7.167,6.833,60,0.1333,2.734,2.303,1.4146,1.1707,465,410.0,2455,2271.33,0.1894,58.33,1.44,0.375,3.5,2.87,67.4,37.6,0.34,30,0
8-4-2026-05,8,4,24316,5,9,8,11,5,9.333,7.667,7.0,65,0.1385,2.749,2.38,1.3333,1.2857,431,423.67,2324,2291.0,0.1855,63.0,1.4773,0.5556,3.67,2.87,67.4,37.6,0.34,31,0
8-4-2026-06,8,4,24317,6,11,9,8,6,9.333,8.833,7.5,60,0.1833,2.409,2.533,1.2444,1.4667,434,443.33,2456,2411.67,0.1767,61.67,1.2698,0.9091,4.83,2.87,67.4,37.6,0.34,30,0
8-7-2026-04,8,7,24315,4,2,7,6,4,5.0,3.667,3.083,60,0.0333,2.211,1.891,1.6216,0.6486,135,129.33,2455,2271.33,0.055,58.33,1.44,0.5,2.0,2.87,67.4,37.6,0.34,30,0
8-8-2026-05,8,8,24316,5,7,3,6,2,5.333,3.667,3.083,65,0.1077,2.134,1.847,1.7297,2.2703,132,122.0,2324,2291.0,0.0568,63.0,1.4773,0.7143,1.83,2.87,67.4,37.6,0.34,31,0
8-8-2026-06,8,8,24317,6,6,7,3,5,5.333,4.333,3.417,60,0.1,2.134,1.977,1.561,1.7561,126,126.67,2456,2411.67,0.0513,61.67,1.2698,1.0,2.83,2.87,67.4,37.6,0.34,30,0
9-1-2026-06,9,1,24317,6,10,4,6,1,6.667,4.5,3.417,48,0.2083,2.93,2.499,1.9512,2.9268,356,352.67,2456,2411.67,0.145,48.67,1.4293,0.5,2.5,2.547,67.2,23.3,0.243,30,0
9-2-2024-02,9,2,24289,2,11,12,29,9,17.333,15.333,11.583,29,0.3793,6.625,6.089,1.4964,0.9496,492,690.0,1240,1432.33,0.3968,29.0,1.0807,0.5455,8.5,2.547,67.2,23.3,0.243,28,0
9-2-2024-03,9,2,24290,3,3,11,12,8,8.667,13.833,11.083,27,0.1111,8.071,6.512,0.782,0.2707,425,477.67,1148,1225.0,0.3702,27.0,0.9969,0.6667,7.83,2.547,67.2,23.3,0.243,31,0
9-2-2024-04,9,2,24291,4,6,3,11,6,6.667,13.167,10.917,20,0.3,8.513,6.614,0.6107,0.5496,437,451.33,1171,1186.33,0.3732,25.33,0.75,0.6667,7.33,2.547,67.2,23.3,0.243,30,1
9-2-2024-05,9,2,24292,5,11,6,3,6,6.667,12.0,11.333,23,0.4783,8.246,6.446,0.5882,0.9706,421,427.67,1175,1164.67,0.3583,23.33,0.8389,0.3636,6.0,2.547,67.2,23.3,0.243,31,0
9-2-2024-06,9,2,24293,6,6,11,6,10,7.667,8.167,11.333,28,0.2143,3.337,6.446,0.6765,0.5294,495,451.0,1270,1205.33,0.3898,23.67,1.0151,0.3333,4.0,2.547,67.2,23.3,0.243,30,0
9-2-2024-07,9,2,24294,7,4,6,11,8,7.0,6.833,10.833,17,0.2353,3.131,6.756,0.6462,0.3692,451,455.67,1177,1207.33,0.3832,22.67,0.6355,0.5,3.33,2.547,67.2,23.3,0.243,31,1
9-2-2024-08,9,2,24295,8,10,4,6,12,6.667,6.667,11.0,21,0.4762,2.925,6.708,0.6061,0.9091,424,456.67,1103,1183.33,0.3844,22.0,0.79,0.2,2.67,2.547,67.2,23.3,0.243,31,1
9-2-2024-09,9,2,24296,9,11,10,4,10,8.333,8.0,10.917,27,0.4074,2.769,6.701,0.7634,1.0076,472,449.0,1214,1164.67,0.3888,21.67,1.0221,0.7273,3.67,2.547,67.2,23.3,0.243,30,1
9-2-2024-10,9,2,24297,10,14,11,10,18,11.667,9.333,11.25,27,0.5185,3.35,6.747,1.037,1.2444,445,447.0,1190,1169.0,0.3739,25.0,1.0125,0.5,4.17,2.547,67.2,23.3,0.243,31,0
9-2-2024-11,9,2,24298,11,16,14,11,29,13.667,10.167,11.083,35,0.4571,4.18,6.601,1.2331,1.4436,967,628.0,1701,1368.33,0.5685,29.67,1.3462,0.6875,5.33,2.547,67.2,23.3,0.243,30,0
9-2-2024-12,9,2,24299,12,19,16,14,12,16.333,12.333,10.25,32,0.5938,4.784,4.621,1.5935,1.8537,992,801.33,1744,1545.0,0.5688,31.33,1.2347,0.4211,6.33,2.547,67.2,23.3,0.243,31,0
9-2-2025-01,9,2,24300,1,9,19,16,11,14.667,13.167,10.0,23,0.3913,3.532,4.601,1.4667,0.9,553,837.33,1290,1578.33,0.4287,30.0,0.8932,0.3333,6.5,2.547,67.2,23.3,0.243,31,0
9-2-2025-02,9,2,24301,2,5,9,19,3,11.0,12.333,9.5,21,0.2381,4.607,4.787,1.1579,0.5263,452,665.67,1210,1414.67,0.3736,25.33,0.8372,0.8,6.83,2.547,67.2,23.3,0.243,28,0
9-2-2025-03,9,2,24302,3,5,5,9,6,6.333,11.333,9.667,14,0.3571,5.375,4.589,0.6552,0.5172,425,476.67,1077,1192.33,0.3946,19.33,0.5833,0.8,6.17,2.547,67.2,23.3,0.243,31,1
9-2-2025-04,9,2,24303,4,10,5,5,11,6.667,10.667,10.0,19,0.5263,5.249,4.453,0.6667,1.0,407,428.0,1168,1151.67,0.3485,18.0,0.7944,0.7,6.17,2.547,67.2,23.3,0.243,30,0
9-2-2025-05,9,2,24304,5,6,10,5,6,7.0,9.0,9.583,22,0.2727,4.865,4.573,0.7304,0.6261,426,419.33,1168,1137.67,0.3647,18.33,0.9231,0.5,4.83,2.547,67.2,23.3,0.243,31,0
9-2-2025-06,9,2,24305,6,8,6,10,4,8.0,7.167,9.75,19,0.4211,1.951,4.474,0.8205,0.8205,427,420.0,1190,1175.33,0.3588,20.0,0.8231,0.375,4.0,2.547,67.2,23.3,0.243,30,0
9-2-2025-07,9,2,24306,7,7,8,6,10,7.0,6.833,10.0,25,0.28,1.772,4.223,0.7,0.7,450,434.33,1187,1181.67,0.3791,22.0,1.0526,0.5714,4.17,2.547,67.2,23.3,0.243,31,1
9-2-2025-08,9,2,24307,8,11,7,8,11,8.667,7.833,10.083,27,0.4074,2.115,4.232,0.8595,1.0909,440,439.0,1190,1189.0,0.3697,23.67,1.1134,0.4545,4.33,2.547,67.2,23.3,0.243,31,0
9-2-2025-09,9,2,24308,9,9,11,7,14,9.0,8.5,9.917,18,0.5,1.708,4.232,0.9076,0.9076,434,441.33,1214,1197.0,0.3575,23.33,0.766,0.6667,4.67,2.547,67.2,23.3,0.243,30,0
9-2-2025-10,9,2,24309,10,3,9,11,16,7.667,7.333,9.0,15,0.2,2.494,4.435,0.8519,0.3333,394,422.67,1104,1169.33,0.3569,20.0,0.6667,0.3333,3.67,2.547,67.2,23.3,0.243,31,1
9-2-2025-11,9,2,24310,11,23,3,9,19,11.667,10.167,9.583,36,0.6389,6.229,5.619,1.2174,2.4,979,602.33,1707,1341.67,0.5735,23.0,1.5941,0.4783,5.0,2.547,67.2,23.3,0.243,30,1
9-2-2025-12,9,2,24311,12,18,23,3,9,14.667,11.833,9.5,27,0.6667,6.743,5.485,1.5439,1.8947,1016,796.33,1697,1502.67,0.5987,26.0,1.218,0.5556,6.17,2.547,67.2,23.3,0.243,31,0
9-2-2026-01,9,2,24312,1,15,18,23,5,18.667,13.167,10.0,30,0.5,6.44,5.686,1.8667,1.5,513,836.0,1284,1562.67,0.3995,31.0,1.3187,0.6,7.0,2.547,67.2,23.3,0.243,31,0
9-2-2026-02,9,2,24313,2,21,15,18,5,18.0,14.833,11.333,40,0.525,6.938,6.209,1.5882,1.8529,860,796.33,2265,1748.67,0.3797,32.33,1.6438,0.5714,8.17,2.547,67.2,23.3,0.243,28,0
9-2-2026-03,9,2,24314,3,19,21,15,10,18.333,16.5,12.5,39,0.4872,6.526,6.225,1.4667,1.52,793,722.0,2094,1881.0,0.3787,36.33,1.4763,0.5789,9.0,2.547,67.2,23.3,0.243,31,0
9-2-2026-04,9,2,24315,4,20,19,21,6,20.0,19.333,13.333,49,0.4082,2.494,6.498,1.5,1.5,904,852.33,2455,2271.33,0.3682,42.67,1.6945,0.7,11.17,2.547,67.2,23.3,0.243,30,0
9-2-2026-05,9,2,24316,5,21,20,19,8,20.0,19.0,14.583,49,0.4286,2.082,6.409,1.3714,1.44,870,855.67,2324,2291.0,0.3744,45.67,1.5722,0.5714,11.33,2.547,67.2,23.3,0.243,31,0
9-2-2026-06,9,2,24317,6,15,21,20,7,18.667,18.5,15.167,48,0.3125,2.566,6.094,1.2308,0.989,953,909.0,2456,2411.67,0.388,48.67,1.4293,0.5333,11.0,2.547,67.2,23.3,0.243,30,0
9-4-2024-03,9,4,24290,3,8,7,6,4,7.0,5.167,5.333,27,0.2963,2.672,2.528,1.3125,1.5,236,228.0,1148,1225.0,0.2056,27.0,0.9969,0.625,3.0,2.547,67.2,23.3,0.243,31,0
9-4-2024-04,9,4,24291,4,4,8,7,3,6.333,5.5,5.333,20,0.2,2.363,2.528,1.1875,0.75,210,222.0,1171,1186.33,0.1793,25.33,0.75,0.5,3.0,2.547,67.2,23.3,0.243,30,0
9-4-2024-05,9,4,24292,5,5,4,8,6,5.667,5.167,5.5,23,0.2174,2.267,2.432,1.0303,0.9091,214,220.0,1175,1164.67,0.1821,23.33,0.8389,0.6,3.0,2.547,67.2,23.3,0.243,31,0
9-4-2024-06,9,4,24293,6,7,5,4,3,5.333,6.167,5.583,28,0.25,1.344,2.465,0.9552,1.2537,244,222.67,1270,1205.33,0.1921,23.67,1.0151,0.2857,3.17,2.547,67.2,23.3,0.243,30,0
9-4-2026-03,9,4,24314,3,10,5,5,2,6.667,5.0,4.083,39,0.2564,2.449,2.019,1.6327,2.449,375,331.33,2094,1881.0,0.1791,36.33,1.4763,0.7,3.17,2.547,67.2,23.3,0.243,31,0
9-4-2026-04,9,4,24315,4,9,10,5,3,8.0,5.833,4.667,49,0.1837,2.794,2.321,1.7143,1.9286,465,410.0,2455,2271.33,0.1894,42.67,1.6945,0.5556,3.5,2.547,67.2,23.3,0.243,30,1
9-4-2026-05,9,4,24316,5,14,9,10,4,11.0,7.5,5.583,49,0.2857,3.948,3.402,1.9701,2.5075,431,423.67,2324,2291.0,0.1855,45.67,1.5722,0.6429,4.67,2.547,67.2,23.3,0.243,31,0
9-4-2026-06,9,4,24317,6,11,14,9,3,11.333,9.0,6.167,48,0.2292,3.215,3.67,1.8378,1.7838,434,443.33,2456,2411.67,0.1767,48.67,1.4293,0.2727,5.0,2.547,67.2,23.3,0.243,30,0
