row_key,district_name,crime_head,month,district_id,crime_head_id,month_index,month_of_year,lag_1,lag_2,lag_3,lag_12,roll_3,roll_6,roll_12,district_lag_1,head_share,target
1-1-2024-02,Bengaluru City,Crimes Against Body,2024-02,1,1,24289,2,49,79,64,66,64.0,65.167,63.75,500,0.098,56
1-1-2024-03,Bengaluru City,Crimes Against Body,2024-03,1,1,24290,3,56,49,79,67,61.333,64.0,62.917,481,0.1164,61
1-1-2024-04,Bengaluru City,Crimes Against Body,2024-04,1,1,24291,4,61,56,49,65,55.333,62.167,62.417,481,0.1268,62
1-1-2024-05,Bengaluru City,Crimes Against Body,2024-05,1,1,24292,5,62,61,56,58,59.667,61.833,62.167,489,0.1268,83
1-1-2024-06,Bengaluru City,Crimes Against Body,2024-06,1,1,24293,6,83,62,61,65,68.667,65.0,64.25,536,0.1549,64
1-1-2024-07,Bengaluru City,Crimes Against Body,2024-07,1,1,24294,7,64,83,62,53,69.667,62.5,64.167,485,0.132,59
1-1-2024-08,Bengaluru City,Crimes Against Body,2024-08,1,1,24295,8,59,64,83,63,68.667,64.167,64.667,439,0.1344,65
1-1-2024-09,Bengaluru City,Crimes Against Body,2024-09,1,1,24296,9,65,59,64,72,62.667,65.667,64.833,517,0.1257,63
1-1-2024-10,Bengaluru City,Crimes Against Body,2024-10,1,1,24297,10,63,65,59,64,62.333,66.0,64.083,491,0.1283,72
1-1-2024-11,Bengaluru City,Crimes Against Body,2024-11,1,1,24298,11,72,63,65,64,66.667,67.667,64.75,716,0.1006,71
1-1-2024-12,Bengaluru City,Crimes Against Body,2024-12,1,1,24299,12,71,72,63,79,68.667,65.667,65.333,685,0.1036,61
1-1-2025-01,Bengaluru City,Crimes Against Body,2025-01,1,1,24300,1,61,71,72,49,68.0,65.167,63.833,517,0.118,63
1-1-2025-02,Bengaluru City,Crimes Against Body,2025-02,1,1,24301,2,63,61,71,56,65.0,65.833,65.0,501,0.1257,59
1-1-2025-03,Bengaluru City,Crimes Against Body,2025-03,1,1,24302,3,59,63,61,61,61.0,64.833,65.25,474,0.1245,68
1-1-2025-04,Bengaluru City,Crimes Against Body,2025-04,1,1,24303,4,68,59,63,62,63.333,65.667,65.833,473,0.1438,95
1-1-2025-05,Bengaluru City,Crimes Against Body,2025-05,1,1,24304,5,95,68,59,83,74.0,69.5,68.583,481,0.1975,76
1-1-2025-06,Bengaluru City,Crimes Against Body,2025-06,1,1,24305,6,76,95,68,64,79.667,70.333,68.0,493,0.1542,60
1-1-2025-07,Bengaluru City,Crimes Against Body,2025-07,1,1,24306,7,60,76,95,59,77.0,70.167,67.667,487,0.1232,90
1-1-2025-08,Bengaluru City,Crimes Against Body,2025-08,1,1,24307,8,90,60,76,65,75.333,74.667,70.25,514,0.1751,48
1-1-2025-09,Bengaluru City,Crimes Against Body,2025-09,1,1,24308,9,48,90,60,63,66.0,72.833,68.833,484,0.0992,59
1-1-2025-10,Bengaluru City,Crimes Against Body,2025-10,1,1,24309,10,59,48,90,72,65.667,71.333,68.5,465,0.1269,60
1-1-2025-11,Bengaluru City,Crimes Against Body,2025-11,1,1,24310,11,60,59,48,71,55.667,65.5,67.5,660,0.0909,61
1-1-2025-12,Bengaluru City,Crimes Against Body,2025-12,1,1,24311,12,61,60,59,61,60.0,63.0,66.667,668,0.0913,52
1-1-2026-01,Bengaluru City,Crimes Against Body,2026-01,1,1,24312,1,52,61,60,63,57.667,61.667,65.917,529,0.0983,139
1-1-2026-02,Bengaluru City,Crimes Against Body,2026-02,1,1,24313,2,139,52,61,59,84.0,69.833,72.25,931,0.1493,114
1-1-2026-03,Bengaluru City,Crimes Against Body,2026-03,1,1,24314,3,114,139,52,68,101.667,80.833,76.833,849,0.1343,153
1-1-2026-04,Bengaluru City,Crimes Against Body,2026-04,1,1,24315,4,153,114,139,95,135.333,96.5,83.917,996,0.1536,142
1-1-2026-05,Bengaluru City,Crimes Against Body,2026-05,1,1,24316,5,142,153,114,76,136.333,110.167,87.833,947,0.1499,138
1-1-2026-06,Bengaluru City,Crimes Against Body,2026-06,1,1,24317,6,138,142,153,60,144.333,123.0,93.0,1026,0.1345,117
1-2-2024-02,Bengaluru City,Crimes Against Property,2024-02,1,2,24289,2,207,200,451,176,286.0,271.833,224.333,500,0.414,198
1-2-2024-03,Bengaluru City,Crimes Against Property,2024-03,1,2,24290,3,198,207,200,196,201.667,272.167,226.167,481,0.4116,184
1-2-2024-04,Bengaluru City,Crimes Against Property,2024-04,1,2,24291,4,184,198,207,173,196.333,273.833,225.167,481,0.3825,177
1-2-2024-05,Bengaluru City,Crimes Against Property,2024-05,1,2,24292,5,177,184,198,177,186.333,236.167,225.5,489,0.362,228
1-2-2024-06,Bengaluru City,Crimes Against Property,2024-06,1,2,24293,6,228,177,184,154,196.333,199.0,229.75,536,0.4254,181
1-2-2024-07,Bengaluru City,Crimes Against Property,2024-07,1,2,24294,7,181,228,177,185,195.333,195.833,232.0,485,0.3732,170
1-2-2024-08,Bengaluru City,Crimes Against Property,2024-08,1,2,24295,8,170,181,228,196,193.0,189.667,230.75,439,0.3872,204
1-2-2024-09,Bengaluru City,Crimes Against Property,2024-09,1,2,24296,9,204,170,181,174,185.0,190.667,231.417,517,0.3946,180
1-2-2024-10,Bengaluru City,Crimes Against Property,2024-10,1,2,24297,10,180,204,170,403,184.667,190.0,231.917,491,0.3666,391
1-2-2024-11,Bengaluru City,Crimes Against Property,2024-11,1,2,24298,11,391,180,204,451,258.333,225.667,230.917,716,0.5461,382
1-2-2024-12,Bengaluru City,Crimes Against Property,2024-12,1,2,24299,12,382,391,180,200,317.667,251.333,225.167,685,0.5577,213
1-2-2025-01,Bengaluru City,Crimes Against Property,2025-01,1,2,24300,1,213,382,391,207,328.667,256.667,226.25,517,0.412,185
1-2-2025-02,Bengaluru City,Crimes Against Property,2025-02,1,2,24301,2,185,213,382,198,260.0,259.167,224.417,501,0.3693,186
1-2-2025-03,Bengaluru City,Crimes Against Property,2025-03,1,2,24302,3,186,185,213,184,194.667,256.167,223.417,474,0.3924,161
1-2-2025-04,Bengaluru City,Crimes Against Property,2025-04,1,2,24303,4,161,186,185,177,177.333,253.0,221.5,473,0.3404,165
1-2-2025-05,Bengaluru City,Crimes Against Property,2025-05,1,2,24304,5,165,161,186,228,170.667,215.333,220.5,481,0.343,184
1-2-2025-06,Bengaluru City,Crimes Against Property,2025-06,1,2,24305,6,184,165,161,181,170.0,182.333,216.833,493,0.3732,178
1-2-2025-07,Bengaluru City,Crimes Against Property,2025-07,1,2,24306,7,178,184,165,170,175.667,176.5,216.583,487,0.3655,186
1-2-2025-08,Bengaluru City,Crimes Against Property,2025-08,1,2,24307,8,186,178,184,204,182.667,176.667,217.917,514,0.3619,170
1-2-2025-09,Bengaluru City,Crimes Against Property,2025-09,1,2,24308,9,170,186,178,180,178.0,174.0,215.083,484,0.3512,175
1-2-2025-10,Bengaluru City,Crimes Against Property,2025-10,1,2,24309,10,175,170,186,391,177.0,176.333,214.667,465,0.3763,377
1-2-2025-11,Bengaluru City,Crimes Against Property,2025-11,1,2,24310,11,377,175,170,382,240.667,211.667,213.5,660,0.5712,385
1-2-2025-12,Bengaluru City,Crimes Against Property,2025-12,1,2,24311,12,385,377,175,213,312.333,245.167,213.75,668,0.5763,209
1-2-2026-01,Bengaluru City,Crimes Against Property,2026-01,1,2,24312,1,209,385,377,185,323.667,250.333,213.417,529,0.3951,350
1-2-2026-02,Bengaluru City,Crimes Against Property,2026-02,1,2,24313,2,350,209,385,186,314.667,277.667,227.167,931,0.3759,312
1-2-2026-03,Bengaluru City,Crimes Against Property,2026-03,1,2,24314,3,312,350,209,161,290.333,301.333,237.667,849,0.3675,367
1-2-2026-04,Bengaluru City,Crimes Against Property,2026-04,1,2,24315,4,367,312,350,165,343.0,333.333,254.833,996,0.3685,351
1-2-2026-05,Bengaluru City,Crimes Against Property,2026-05,1,2,24316,5,351,367,312,184,343.333,329.0,270.333,947,0.3706,404
1-2-2026-06,Bengaluru City,Crimes Against Property,2026-06,1,2,24317,6,404,351,367,178,374.0,332.167,288.667,1026,0.3938,409
1-3-2024-02,Bengaluru City,Crimes Against Women,2024-02,1,3,24289,2,36,39,46,38,40.333,38.5,37.417,500,0.072,29
1-3-2024-03,Bengaluru City,Crimes Against Women,2024-03,1,3,24290,3,29,36,39,32,34.667,39.167,36.667,481,0.0603,40
1-3-2024-04,Bengaluru City,Crimes Against Women,2024-04,1,3,24291,4,40,29,36,44,35.0,39.167,37.333,481,0.0832,42
1-3-2024-05,Bengaluru City,Crimes Against Women,2024-05,1,3,24292,5,42,40,29,40,37.0,38.667,37.167,489,0.0859,35
1-3-2024-06,Bengaluru City,Crimes Against Women,2024-06,1,3,24293,6,35,42,40,35,39.0,36.833,36.75,536,0.0653,45
1-3-2024-07,Bengaluru City,Crimes Against Women,2024-07,1,3,24294,7,45,35,42,29,40.667,37.833,37.583,485,0.0928,37
1-3-2024-08,Bengaluru City,Crimes Against Women,2024-08,1,3,24295,8,37,45,35,25,39.0,38.0,38.25,439,0.0843,34
1-3-2024-09,Bengaluru City,Crimes Against Women,2024-09,1,3,24296,9,34,37,45,40,38.667,38.833,39.0,517,0.0658,24
1-3-2024-10,Bengaluru City,Crimes Against Women,2024-10,1,3,24297,10,24,34,37,45,31.667,36.167,37.667,491,0.0489,41
1-3-2024-11,Bengaluru City,Crimes Against Women,2024-11,1,3,24298,11,41,24,34,46,33.0,36.0,37.333,716,0.0573,41
1-3-2024-12,Bengaluru City,Crimes Against Women,2024-12,1,3,24299,12,41,41,24,39,35.333,37.0,36.917,685,0.0599,42
1-3-2025-01,Bengaluru City,Crimes Against Women,2025-01,1,3,24300,1,42,41,41,36,41.333,36.5,37.167,517,0.0812,37
1-3-2025-02,Bengaluru City,Crimes Against Women,2025-02,1,3,24301,2,37,42,41,29,40.0,36.5,37.25,501,0.0739,31
1-3-2025-03,Bengaluru City,Crimes Against Women,2025-03,1,3,24302,3,31,37,42,40,36.667,36.0,37.417,474,0.0654,48
1-3-2025-04,Bengaluru City,Crimes Against Women,2025-04,1,3,24303,4,48,31,37,42,38.667,40.0,38.083,473,0.1015,26
1-3-2025-05,Bengaluru City,Crimes Against Women,2025-05,1,3,24304,5,26,48,31,35,35.0,37.5,36.75,481,0.0541,30
1-3-2025-06,Bengaluru City,Crimes Against Women,2025-06,1,3,24305,6,30,26,48,45,34.667,35.667,36.333,493,0.0609,39
1-3-2025-07,Bengaluru City,Crimes Against Women,2025-07,1,3,24306,7,39,30,26,37,31.667,35.167,35.833,487,0.0801,38
1-3-2025-08,Bengaluru City,Crimes Against Women,2025-08,1,3,24307,8,38,39,30,34,35.667,35.333,35.917,514,0.0739,41
1-3-2025-09,Bengaluru City,Crimes Against Women,2025-09,1,3,24308,9,41,38,39,24,39.333,37.0,36.5,484,0.0847,38
1-3-2025-10,Bengaluru City,Crimes Against Women,2025-10,1,3,24309,10,38,41,38,41,39.0,35.333,37.667,465,0.0817,45
1-3-2025-11,Bengaluru City,Crimes Against Women,2025-11,1,3,24310,11,45,38,41,41,41.333,38.5,38.0,660,0.0682,36
1-3-2025-12,Bengaluru City,Crimes Against Women,2025-12,1,3,24311,12,36,45,38,42,39.667,39.5,37.583,668,0.0539,43
1-3-2026-01,Bengaluru City,Crimes Against Women,2026-01,1,3,24312,1,43,36,45,37,41.333,40.167,37.667,529,0.0813,75
1-3-2026-02,Bengaluru City,Crimes Against Women,2026-02,1,3,24313,2,75,43,36,31,51.333,46.333,40.833,931,0.0806,74
1-3-2026-03,Bengaluru City,Crimes Against Women,2026-03,1,3,24314,3,74,75,43,48,64.0,51.833,44.417,849,0.0872,78
1-3-2026-04,Bengaluru City,Crimes Against Women,2026-04,1,3,24315,4,78,74,75,26,75.667,58.5,46.917,996,0.0783,78
1-3-2026-05,Bengaluru City,Crimes Against Women,2026-05,1,3,24316,5,78,78,74,30,76.667,64.0,51.25,947,0.0824,91
1-3-2026-06,Bengaluru City,Crimes Against Women,2026-06,1,3,24317,6,91,78,78,39,82.333,73.167,56.333,1026,0.0887,93
1-4-2024-02,Bengaluru City,Cyber Crime,2024-02,1,4,24289,2,83,103,87,74,91.0,92.0,89.167,500,0.166,105
1-4-2024-03,Bengaluru City,Cyber Crime,2024-03,1,4,24290,3,105,83,103,81,97.0,95.333,91.75,481,0.2183,88
1-4-2024-04,Bengaluru City,Cyber Crime,2024-04,1,4,24291,4,88,105,83,85,92.0,94.667,92.333,481,0.183,89
1-4-2024-05,Bengaluru City,Cyber Crime,2024-05,1,4,24292,5,89,88,105,89,94.0,92.5,92.667,489,0.182,91
1-4-2024-06,Bengaluru City,Cyber Crime,2024-06,1,4,24293,6,91,89,88,90,89.333,93.167,92.833,536,0.1698,93
1-4-2024-07,Bengaluru City,Cyber Crime,2024-07,1,4,24294,7,93,91,89,99,91.0,91.5,93.083,485,0.1918,80
1-4-2024-08,Bengaluru City,Cyber Crime,2024-08,1,4,24295,8,80,93,91,85,88.0,91.0,91.5,439,0.1822,99
1-4-2024-09,Bengaluru City,Cyber Crime,2024-09,1,4,24296,9,99,80,93,92,90.667,90.0,92.667,517,0.1915,95
1-4-2024-10,Bengaluru City,Cyber Crime,2024-10,1,4,24297,10,95,99,80,102,91.333,91.167,92.917,491,0.1935,92
1-4-2024-11,Bengaluru City,Cyber Crime,2024-11,1,4,24298,11,92,95,99,87,95.333,91.667,92.083,716,0.1285,85
1-4-2024-12,Bengaluru City,Cyber Crime,2024-12,1,4,24299,12,85,92,95,103,90.667,90.667,91.917,685,0.1241,101
1-4-2025-01,Bengaluru City,Cyber Crime,2025-01,1,4,24300,1,101,85,92,83,92.667,92.0,91.75,517,0.1954,101
1-4-2025-02,Bengaluru City,Cyber Crime,2025-02,1,4,24301,2,101,101,85,105,95.667,95.5,93.25,501,0.2016,100
1-4-2025-03,Bengaluru City,Cyber Crime,2025-03,1,4,24302,3,100,101,101,88,100.667,95.667,92.833,474,0.211,97
1-4-2025-04,Bengaluru City,Cyber Crime,2025-04,1,4,24303,4,97,100,101,89,99.333,96.0,93.583,473,0.2051,88
1-4-2025-05,Bengaluru City,Cyber Crime,2025-05,1,4,24304,5,88,97,100,91,95.0,95.333,93.5,481,0.183,83
1-4-2025-06,Bengaluru City,Cyber Crime,2025-06,1,4,24305,6,83,88,97,93,89.333,95.0,92.833,493,0.1684,89
1-4-2025-07,Bengaluru City,Cyber Crime,2025-07,1,4,24306,7,89,83,88,80,86.667,93.0,92.5,487,0.1828,99
1-4-2025-08,Bengaluru City,Cyber Crime,2025-08,1,4,24307,8,99,89,83,99,90.333,92.667,94.083,514,0.1926,101
1-4-2025-09,Bengaluru City,Cyber Crime,2025-09,1,4,24308,9,101,99,89,95,96.333,92.833,94.25,484,0.2087,83
1-4-2025-10,Bengaluru City,Cyber Crime,2025-10,1,4,24309,10,83,101,99,92,94.333,90.5,93.25,465,0.1785,80
1-4-2025-11,Bengaluru City,Cyber Crime,2025-11,1,4,24310,11,80,83,101,85,88.0,89.167,92.25,660,0.1212,85
1-4-2025-12,Bengaluru City,Cyber Crime,2025-12,1,4,24311,12,85,80,83,101,82.667,89.5,92.25,668,0.1272,105
1-4-2026-01,Bengaluru City,Cyber Crime,2026-01,1,4,24312,1,105,85,80,101,90.0,92.167,92.583,529,0.1985,166
1-4-2026-02,Bengaluru City,Cyber Crime,2026-02,1,4,24313,2,166,105,85,100,118.667,103.333,98.0,931,0.1783,164
1-4-2026-03,Bengaluru City,Cyber Crime,2026-03,1,4,24314,3,164,166,105,97,145.0,113.833,103.333,849,0.1932,176
1-4-2026-04,Bengaluru City,Cyber Crime,2026-04,1,4,24315,4,176,164,166,88,168.667,129.333,109.917,996,0.1767,175
1-4-2026-05,Bengaluru City,Cyber Crime,2026-05,1,4,24316,5,175,176,164,83,171.667,145.167,117.167,947,0.1848,188
1-4-2026-06,Bengaluru City,Cyber Crime,2026-06,1,4,24317,6,188,175,176,89,179.667,162.333,125.917,1026,0.1832,168
1-5-2024-02,Bengaluru City,Economic Offences,2024-02,1,5,24289,2,48,48,39,34,45.0,40.333,39.333,500,0.096,33
1-5-2024-03,Bengaluru City,Economic Offences,2024-03,1,5,24290,3,33,48,48,48,43.0,39.167,39.25,481,0.0686,42
1-5-2024-04,Bengaluru City,Economic Offences,2024-04,1,5,24291,4,42,33,48,27,41.0,40.833,38.75,481,0.0873,45
1-5-2024-05,Bengaluru City,Economic Offences,2024-05,1,5,24292,5,45,42,33,41,40.0,42.5,40.25,489,0.092,36
1-5-2024-06,Bengaluru City,Economic Offences,2024-06,1,5,24293,6,36,45,42,34,41.0,42.0,39.833,536,0.0672,31
1-5-2024-07,Bengaluru City,Economic Offences,2024-07,1,5,24294,7,31,36,45,46,37.333,39.167,39.583,485,0.0639,35
1-5-2024-08,Bengaluru City,Economic Offences,2024-08,1,5,24295,8,35,31,36,40,34.0,37.0,38.667,439,0.0797,44
1-5-2024-09,Bengaluru City,Economic Offences,2024-09,1,5,24296,9,44,35,31,32,36.667,38.833,39.0,517,0.0851,47
1-5-2024-10,Bengaluru City,Economic Offences,2024-10,1,5,24297,10,47,44,35,35,42.0,39.667,40.25,491,0.0957,49
1-5-2024-11,Bengaluru City,Economic Offences,2024-11,1,5,24298,11,49,47,44,39,46.667,40.333,41.417,716,0.0684,34
1-5-2024-12,Bengaluru City,Economic Offences,2024-12,1,5,24299,12,34,49,47,48,43.333,40.0,41.0,685,0.0496,38
1-5-2025-01,Bengaluru City,Economic Offences,2025-01,1,5,24300,1,38,34,49,48,40.333,41.167,40.167,517,0.0735,45
1-5-2025-02,Bengaluru City,Economic Offences,2025-02,1,5,24301,2,45,38,34,33,39.0,42.833,39.917,501,0.0898,33
1-5-2025-03,Bengaluru City,Economic Offences,2025-03,1,5,24302,3,33,45,38,42,38.667,41.0,39.917,474,0.0696,40
1-5-2025-04,Bengaluru City,Economic Offences,2025-04,1,5,24303,4,40,33,45,45,39.333,39.833,39.75,473,0.0846,43
1-5-2025-05,Bengaluru City,Economic Offences,2025-05,1,5,24304,5,43,40,33,36,38.667,38.833,39.583,481,0.0894,47
1-5-2025-06,Bengaluru City,Economic Offences,2025-06,1,5,24305,6,47,43,40,31,43.333,41.0,40.5,493,0.0953,51
1-5-2025-07,Bengaluru City,Economic Offences,2025-07,1,5,24306,7,51,47,43,35,47.0,43.167,42.167,487,0.1047,40
1-5-2025-08,Bengaluru City,Economic Offences,2025-08,1,5,24307,8,40,51,47,44,46.0,42.333,42.583,514,0.0778,47
1-5-2025-09,Bengaluru City,Economic Offences,2025-09,1,5,24308,9,47,40,51,47,46.0,44.667,42.833,484,0.0971,38
1-5-2025-10,Bengaluru City,Economic Offences,2025-10,1,5,24309,10,38,47,40,49,41.667,44.333,42.083,465,0.0817,42
1-5-2025-11,Bengaluru City,Economic Offences,2025-11,1,5,24310,11,42,38,47,34,42.333,44.167,41.5,660,0.0636,23
1-5-2025-12,Bengaluru City,Economic Offences,2025-12,1,5,24311,12,23,42,38,38,34.333,40.167,40.583,668,0.0344,43
1-5-2026-01,Bengaluru City,Economic Offences,2026-01,1,5,24312,1,43,23,42,45,36.0,38.833,41.0,529,0.0813,70
1-5-2026-02,Bengaluru City,Economic Offences,2026-02,1,5,24313,2,70,43,23,33,45.333,43.833,43.083,931,0.0752,65
1-5-2026-03,Bengaluru City,Economic Offences,2026-03,1,5,24314,3,65,70,43,40,59.333,46.833,45.75,849,0.0766,75
1-5-2026-04,Bengaluru City,Economic Offences,2026-04,1,5,24315,4,75,65,70,43,70.0,53.0,48.667,996,0.0753,66
1-5-2026-05,Bengaluru City,Economic Offences,2026-05,1,5,24316,5,66,75,65,47,68.667,57.0,50.583,947,0.0697,71
1-5-2026-06,Bengaluru City,Economic Offences,2026-06,1,5,24317,6,71,66,75,51,70.667,65.0,52.583,1026,0.0692,89
1-6-2024-02,Bengaluru City,NDPS,2024-02,1,6,24289,2,17,14,14,13,15.0,15.0,15.333,500,0.034,13
1-6-2024-03,Bengaluru City,NDPS,2024-03,1,6,24290,3,13,17,14,20,14.667,14.667,15.333,481,0.027,13
1-6-2024-04,Bengaluru City,NDPS,2024-04,1,6,24291,4,13,13,17,14,14.333,14.333,14.75,481,0.027,22
1-6-2024-05,Bengaluru City,NDPS,2024-05,1,6,24292,5,22,13,13,19,16.0,15.5,15.417,489,0.045,12
1-6-2024-06,Bengaluru City,NDPS,2024-06,1,6,24293,6,12,22,13,9,15.667,15.167,14.833,536,0.0224,17
1-6-2024-07,Bengaluru City,NDPS,2024-07,1,6,24294,7,17,12,22,19,17.0,15.667,15.5,485,0.0351,10
1-6-2024-08,Bengaluru City,NDPS,2024-08,1,6,24295,8,10,17,12,15,13.0,14.5,14.75,439,0.0228,21
1-6-2024-09,Bengaluru City,NDPS,2024-09,1,6,24296,9,21,10,17,15,16.0,15.833,15.25,517,0.0406,28
1-6-2024-10,Bengaluru City,NDPS,2024-10,1,6,24297,10,28,21,10,15,19.667,18.333,16.333,491,0.057,17
1-6-2024-11,Bengaluru City,NDPS,2024-11,1,6,24298,11,17,28,21,14,22.0,17.5,16.5,716,0.0237,18
1-6-2024-12,Bengaluru City,NDPS,2024-12,1,6,24299,12,18,17,28,14,21.0,18.5,16.833,685,0.0263,10
1-6-2025-01,Bengaluru City,NDPS,2025-01,1,6,24300,1,10,18,17,17,15.0,17.333,16.5,517,0.0193,18
1-6-2025-02,Bengaluru City,NDPS,2025-02,1,6,24301,2,18,10,18,13,15.333,18.667,16.583,501,0.0359,19
1-6-2025-03,Bengaluru City,NDPS,2025-03,1,6,24302,3,19,18,10,13,15.667,18.333,17.083,474,0.0401,16
1-6-2025-04,Bengaluru City,NDPS,2025-04,1,6,24303,4,16,19,18,22,17.667,16.333,17.333,473,0.0338,16
1-6-2025-05,Bengaluru City,NDPS,2025-05,1,6,24304,5,16,16,19,12,17.0,16.167,16.833,481,0.0333,21
1-6-2025-06,Bengaluru City,NDPS,2025-06,1,6,24305,6,21,16,16,17,17.667,16.667,17.583,493,0.0426,14
1-6-2025-07,Bengaluru City,NDPS,2025-07,1,6,24306,7,14,21,16,10,17.0,17.333,17.333,487,0.0287,14
1-6-2025-08,Bengaluru City,NDPS,2025-08,1,6,24307,8,14,14,21,21,16.333,16.667,17.667,514,0.0272,17
1-6-2025-09,Bengaluru City,NDPS,2025-09,1,6,24308,9,17,14,14,28,15.0,16.333,17.333,484,0.0351,8
1-6-2025-10,Bengaluru City,NDPS,2025-10,1,6,24309,10,8,17,14,17,13.0,15.0,15.667,465,0.0172,15
1-6-2025-11,Bengaluru City,NDPS,2025-11,1,6,24310,11,15,8,17,18,13.333,14.833,15.5,660,0.0227,14
1-6-2025-12,Bengaluru City,NDPS,2025-12,1,6,24311,12,14,15,8,10,12.333,13.667,15.167,668,0.021,19
1-6-2026-01,Bengaluru City,NDPS,2026-01,1,6,24312,1,19,14,15,18,16.0,14.5,15.917,529,0.0359,19
1-6-2026-02,Bengaluru City,NDPS,2026-02,1,6,24313,2,19,19,14,19,17.333,15.333,16.0,931,0.0204,31
1-6-2026-03,Bengaluru City,NDPS,2026-03,1,6,24314,3,31,19,19,16,23.0,17.667,17.0,849,0.0365,31
1-6-2026-04,Bengaluru City,NDPS,2026-04,1,6,24315,4,31,31,19,16,27.0,21.5,18.25,996,0.0311,27
1-6-2026-05,Bengaluru City,NDPS,2026-05,1,6,24316,5,27,31,31,21,29.667,23.5,19.167,947,0.0285,38
1-6-2026-06,Bengaluru City,NDPS,2026-06,1,6,24317,6,38,27,31,14,32.0,27.5,20.583,1026,0.037,22
1-7-2024-02,Bengaluru City,Missing / UDR,2024-02,1,7,24289,2,32,22,23,33,25.667,26.5,28.833,500,0.064,28
1-7-2024-03,Bengaluru City,Missing / UDR,2024-03,1,7,24290,3,28,32,22,28,27.333,25.5,28.417,481,0.0582,29
1-7-2024-04,Bengaluru City,Missing / UDR,2024-04,1,7,24291,4,29,28,32,28,29.667,26.833,28.5,481,0.0603,27
1-7-2024-05,Bengaluru City,Missing / UDR,2024-05,1,7,24292,5,27,29,28,32,28.0,26.833,28.417,489,0.0552,31
1-7-2024-06,Bengaluru City,Missing / UDR,2024-06,1,7,24293,6,31,27,29,35,29.0,28.167,28.333,536,0.0578,27
1-7-2024-07,Bengaluru City,Missing / UDR,2024-07,1,7,24294,7,27,31,27,31,28.333,29.0,27.667,485,0.0557,24
1-7-2024-08,Bengaluru City,Missing / UDR,2024-08,1,7,24295,8,24,27,31,34,27.333,27.667,27.083,439,0.0547,24
1-7-2024-09,Bengaluru City,Missing / UDR,2024-09,1,7,24296,9,24,24,27,21,25.0,27.0,26.25,517,0.0464,33
1-7-2024-10,Bengaluru City,Missing / UDR,2024-10,1,7,24297,10,33,24,24,27,27.0,27.667,27.25,491,0.0672,29
1-7-2024-11,Bengaluru City,Missing / UDR,2024-11,1,7,24298,11,29,33,24,23,28.667,28.0,27.417,716,0.0405,28
1-7-2024-12,Bengaluru City,Missing / UDR,2024-12,1,7,24299,12,28,29,33,22,30.0,27.5,27.833,685,0.0409,32
1-7-2025-01,Bengaluru City,Missing / UDR,2025-01,1,7,24300,1,32,28,29,32,29.667,28.333,28.667,517,0.0619,28
1-7-2025-02,Bengaluru City,Missing / UDR,2025-02,1,7,24301,2,28,32,28,28,29.333,29.0,28.333,501,0.0559,27
1-7-2025-03,Bengaluru City,Missing / UDR,2025-03,1,7,24302,3,27,28,32,29,29.0,29.5,28.25,474,0.057,18
1-7-2025-04,Bengaluru City,Missing / UDR,2025-04,1,7,24303,4,18,27,28,27,24.333,27.0,27.333,473,0.0381,24
1-7-2025-05,Bengaluru City,Missing / UDR,2025-05,1,7,24304,5,24,18,27,31,23.0,26.167,27.083,481,0.0499,27
1-7-2025-06,Bengaluru City,Missing / UDR,2025-06,1,7,24305,6,27,24,18,27,23.0,26.0,26.75,493,0.0548,27
1-7-2025-07,Bengaluru City,Missing / UDR,2025-07,1,7,24306,7,27,27,24,24,26.0,25.167,26.75,487,0.0554,22
1-7-2025-08,Bengaluru City,Missing / UDR,2025-08,1,7,24307,8,22,27,27,24,25.333,24.167,26.583,514,0.0428,36
1-7-2025-09,Bengaluru City,Missing / UDR,2025-09,1,7,24308,9,36,22,27,33,28.333,25.667,27.583,484,0.0744,34
1-7-2025-10,Bengaluru City,Missing / UDR,2025-10,1,7,24309,10,34,36,22,29,30.667,28.333,27.667,465,0.0731,24
1-7-2025-11,Bengaluru City,Missing / UDR,2025-11,1,7,24310,11,24,34,36,28,31.333,28.333,27.25,660,0.0364,27
1-7-2025-12,Bengaluru City,Missing / UDR,2025-12,1,7,24311,12,27,24,34,32,28.333,28.333,27.167,668,0.0404,37
1-7-2026-01,Bengaluru City,Missing / UDR,2026-01,1,7,24312,1,37,27,24,28,29.333,30.0,27.583,529,0.0699,56
1-7-2026-02,Bengaluru City,Missing / UDR,2026-02,1,7,24313,2,56,37,27,27,40.0,35.667,29.917,931,0.0602,45
1-7-2026-03,Bengaluru City,Missing / UDR,2026-03,1,7,24314,3,45,56,37,18,46.0,37.167,31.417,849,0.053,59
1-7-2026-04,Bengaluru City,Missing / UDR,2026-04,1,7,24315,4,59,45,56,24,53.333,41.333,34.833,996,0.0592,51
1-7-2026-05,Bengaluru City,Missing / UDR,2026-05,1,7,24316,5,51,59,45,27,51.667,45.833,37.083,947,0.0539,44
1-7-2026-06,Bengaluru City,Missing / UDR,2026-06,1,7,24317,6,44,51,59,27,51.333,48.667,38.5,1026,0.0429,54
1-8-2024-02,Bengaluru City,Traffic / PAR,2024-02,1,8,24289,2,28,30,27,25,28.333,26.167,24.0,500,0.056,19
1-8-2024-03,Bengaluru City,Traffic / PAR,2024-03,1,8,24290,3,19,28,30,25,25.667,26.5,23.5,481,0.0395,24
1-8-2024-04,Bengaluru City,Traffic / PAR,2024-04,1,8,24291,4,24,19,28,18,23.667,26.833,23.417,481,0.0499,25
1-8-2024-05,Bengaluru City,Traffic / PAR,2024-05,1,8,24292,5,25,24,19,28,22.667,25.5,24.0,489,0.0511,20
1-8-2024-06,Bengaluru City,Traffic / PAR,2024-06,1,8,24293,6,20,25,24,21,23.0,24.333,23.333,536,0.0373,27
1-8-2024-07,Bengaluru City,Traffic / PAR,2024-07,1,8,24294,7,27,20,25,14,24.0,23.833,23.833,485,0.0557,24
1-8-2024-08,Bengaluru City,Traffic / PAR,2024-08,1,8,24295,8,24,27,20,17,23.667,23.167,24.667,439,0.0547,26
1-8-2024-09,Bengaluru City,Traffic / PAR,2024-09,1,8,24296,9,26,24,27,22,25.667,24.333,25.417,517,0.0503,21
1-8-2024-10,Bengaluru City,Traffic / PAR,2024-10,1,8,24297,10,21,26,24,33,23.667,23.833,25.333,491,0.0428,25
1-8-2024-11,Bengaluru City,Traffic / PAR,2024-11,1,8,24298,11,25,21,26,27,24.0,23.833,24.667,716,0.0349,26
1-8-2024-12,Bengaluru City,Traffic / PAR,2024-12,1,8,24299,12,26,25,21,30,24.0,24.833,24.583,685,0.038,20
1-8-2025-01,Bengaluru City,Traffic / PAR,2025-01,1,8,24300,1,20,26,25,28,23.667,23.667,23.75,517,0.0387,24
1-8-2025-02,Bengaluru City,Traffic / PAR,2025-02,1,8,24301,2,24,20,26,19,23.333,23.667,23.417,501,0.0479,19
1-8-2025-03,Bengaluru City,Traffic / PAR,2025-03,1,8,24302,3,19,24,20,24,21.0,22.5,23.417,474,0.0401,25
1-8-2025-04,Bengaluru City,Traffic / PAR,2025-04,1,8,24303,4,25,19,24,25,22.667,23.167,23.5,473,0.0529,24
1-8-2025-05,Bengaluru City,Traffic / PAR,2025-05,1,8,24304,5,24,25,19,20,22.667,23.0,23.417,481,0.0499,25
1-8-2025-06,Bengaluru City,Traffic / PAR,2025-06,1,8,24305,6,25,24,25,27,24.667,22.833,23.833,493,0.0507,29
1-8-2025-07,Bengaluru City,Traffic / PAR,2025-07,1,8,24306,7,29,25,24,24,26.0,24.333,24.0,487,0.0595,25
1-8-2025-08,Bengaluru City,Traffic / PAR,2025-08,1,8,24307,8,25,29,25,26,26.333,24.5,24.083,514,0.0486,24
1-8-2025-09,Bengaluru City,Traffic / PAR,2025-09,1,8,24308,9,24,25,29,21,26.0,25.333,23.917,484,0.0496,30
1-8-2025-10,Bengaluru City,Traffic / PAR,2025-10,1,8,24309,10,30,24,25,25,26.333,26.167,24.667,465,0.0645,17
1-8-2025-11,Bengaluru City,Traffic / PAR,2025-11,1,8,24310,11,17,30,24,26,23.667,25.0,24.0,660,0.0258,37
1-8-2025-12,Bengaluru City,Traffic / PAR,2025-12,1,8,24311,12,37,17,30,20,28.0,27.0,24.917,668,0.0554,21
1-8-2026-01,Bengaluru City,Traffic / PAR,2026-01,1,8,24312,1,21,37,17,24,25.0,25.667,25.0,529,0.0397,56
1-8-2026-02,Bengaluru City,Traffic / PAR,2026-02,1,8,24313,2,56,21,37,19,38.0,30.833,27.667,931,0.0602,44
1-8-2026-03,Bengaluru City,Traffic / PAR,2026-03,1,8,24314,3,44,56,21,25,40.333,34.167,29.75,849,0.0518,57
1-8-2026-04,Bengaluru City,Traffic / PAR,2026-04,1,8,24315,4,57,44,56,24,52.333,38.667,32.417,996,0.0572,57
1-8-2026-05,Bengaluru City,Traffic / PAR,2026-05,1,8,24316,5,57,57,44,25,52.667,45.333,35.167,947,0.0602,52
1-8-2026-06,Bengaluru City,Traffic / PAR,2026-06,1,8,24317,6,52,57,57,29,55.333,47.833,37.417,1026,0.0507,46
10-1-2024-02,Shivamogga,Crimes Against Body,2024-02,10,1,24289,2,3,3,3,5,3.0,4.333,3.75,28,0.1071,6
10-1-2024-03,Shivamogga,Crimes Against Body,2024-03,10,1,24290,3,6,3,3,2,4.0,4.5,3.833,26,0.2308,6
10-1-2024-04,Shivamogga,Crimes Against Body,2024-04,10,1,24291,4,6,6,3,0,5.0,4.667,4.167,24,0.25,2
10-1-2024-05,Shivamogga,Crimes Against Body,2024-05,10,1,24292,5,2,6,6,5,4.667,3.833,4.333,26,0.0769,2
10-1-2024-06,Shivamogga,Crimes Against Body,2024-06,10,1,24293,6,2,2,6,5,3.333,3.667,4.083,18,0.1111,2
10-1-2024-07,Shivamogga,Crimes Against Body,2024-07,10,1,24294,7,2,2,2,2,2.0,3.5,3.833,28,0.0714,2
10-1-2024-08,Shivamogga,Crimes Against Body,2024-08,10,1,24295,8,2,2,2,5,2.0,3.333,3.833,25,0.08,2
10-1-2024-09,Shivamogga,Crimes Against Body,2024-09,10,1,24296,9,2,2,2,5,2.0,2.667,3.583,21,0.0952,5
10-1-2024-10,Shivamogga,Crimes Against Body,2024-10,10,1,24297,10,5,2,2,7,3.0,2.5,3.583,22,0.2273,6
10-1-2024-11,Shivamogga,Crimes Against Body,2024-11,10,1,24298,11,6,5,2,3,4.333,3.167,3.5,35,0.1714,4
10-1-2024-12,Shivamogga,Crimes Against Body,2024-12,10,1,24299,12,4,6,5,3,5.0,3.5,3.583,32,0.125,4
10-1-2025-01,Shivamogga,Crimes Against Body,2025-01,10,1,24300,1,4,4,6,3,4.667,3.833,3.667,22,0.1818,1
10-1-2025-02,Shivamogga,Crimes Against Body,2025-02,10,1,24301,2,1,4,4,6,3.0,3.667,3.5,25,0.04,1
10-1-2025-03,Shivamogga,Crimes Against Body,2025-03,10,1,24302,3,1,1,4,6,2.0,3.5,3.083,17,0.0588,5
10-1-2025-04,Shivamogga,Crimes Against Body,2025-04,10,1,24303,4,5,1,1,2,2.333,3.5,3.0,34,0.1471,7
10-1-2025-05,Shivamogga,Crimes Against Body,2025-05,10,1,24304,5,7,5,1,2,4.333,3.667,3.417,35,0.2,5
10-1-2025-06,Shivamogga,Crimes Against Body,2025-06,10,1,24305,6,5,7,5,2,5.667,3.833,3.667,29,0.1724,5
10-1-2025-07,Shivamogga,Crimes Against Body,2025-07,10,1,24306,7,5,5,7,2,5.667,4.0,3.917,26,0.1923,1
10-1-2025-08,Shivamogga,Crimes Against Body,2025-08,10,1,24307,8,1,5,5,2,3.667,4.0,3.833,23,0.0435,1
10-1-2025-09,Shivamogga,Crimes Against Body,2025-09,10,1,24308,9,1,1,5,5,2.333,4.0,3.75,22,0.0455,2
10-1-2025-10,Shivamogga,Crimes Against Body,2025-10,10,1,24309,10,2,1,1,6,1.333,3.5,3.5,18,0.1111,5
10-1-2025-11,Shivamogga,Crimes Against Body,2025-11,10,1,24310,11,5,2,1,4,2.667,3.167,3.417,31,0.1613,5
10-1-2025-12,Shivamogga,Crimes Against Body,2025-12,10,1,24311,12,5,5,2,4,4.0,3.167,3.5,37,0.1351,2
10-1-2026-01,Shivamogga,Crimes Against Body,2026-01,10,1,24312,1,2,5,5,1,4.0,2.667,3.333,24,0.0833,4
10-1-2026-02,Shivamogga,Crimes Against Body,2026-02,10,1,24313,2,4,2,5,1,3.667,3.167,3.583,39,0.1026,4
10-1-2026-03,Shivamogga,Crimes Against Body,2026-03,10,1,24314,3,4,4,2,5,3.333,3.667,3.833,54,0.0741,9
10-1-2026-04,Shivamogga,Crimes Against Body,2026-04,10,1,24315,4,9,4,4,7,5.667,4.833,4.167,39,0.2308,4
10-1-2026-05,Shivamogga,Crimes Against Body,2026-05,10,1,24316,5,4,9,4,5,5.667,4.667,3.917,47,0.0851,3
10-1-2026-06,Shivamogga,Crimes Against Body,2026-06,10,1,24317,6,3,4,9,5,5.333,4.333,3.75,55,0.0545,6
10-2-2024-02,Shivamogga,Crimes Against Property,2024-02,10,2,24289,2,10,11,14,14,11.667,12.5,11.667,28,0.3571,12
10-2-2024-03,Shivamogga,Crimes Against Property,2024-03,10,2,24290,3,12,10,11,12,11.0,12.5,11.5,26,0.4615,10
10-2-2024-04,Shivamogga,Crimes Against Property,2024-04,10,2,24291,4,10,12,10,10,10.667,12.667,11.333,24,0.4167,12
10-2-2024-05,Shivamogga,Crimes Against Property,2024-05,10,2,24292,5,12,10,12,6,11.333,11.5,11.5,26,0.4615,8
10-2-2024-06,Shivamogga,Crimes Against Property,2024-06,10,2,24293,6,8,12,10,13,10.0,10.5,11.667,18,0.4444,13
10-2-2024-07,Shivamogga,Crimes Against Property,2024-07,10,2,24294,7,13,8,12,10,11.0,10.833,11.667,28,0.4643,7
10-2-2024-08,Shivamogga,Crimes Against Property,2024-08,10,2,24295,8,7,13,8,12,9.333,10.333,11.417,25,0.28,12
10-2-2024-09,Shivamogga,Crimes Against Property,2024-09,10,2,24296,9,12,7,13,9,10.667,10.333,11.417,21,0.5714,10
10-2-2024-10,Shivamogga,Crimes Against Property,2024-10,10,2,24297,10,10,12,7,19,9.667,10.333,11.5,22,0.4545,19
10-2-2024-11,Shivamogga,Crimes Against Property,2024-11,10,2,24298,11,19,10,12,14,13.667,11.5,11.5,35,0.5429,15
10-2-2024-12,Shivamogga,Crimes Against Property,2024-12,10,2,24299,12,15,19,10,11,14.667,12.667,11.583,32,0.4688,12
10-2-2025-01,Shivamogga,Crimes Against Property,2025-01,10,2,24300,1,12,15,19,10,15.333,12.5,11.667,22,0.5455,12
10-2-2025-02,Shivamogga,Crimes Against Property,2025-02,10,2,24301,2,12,12,15,12,13.0,13.333,11.833,25,0.48,8
10-2-2025-03,Shivamogga,Crimes Against Property,2025-03,10,2,24302,3,8,12,12,10,10.667,12.667,11.5,17,0.4706,14
10-2-2025-04,Shivamogga,Crimes Against Property,2025-04,10,2,24303,4,14,8,12,12,11.333,13.333,11.833,34,0.4118,17
10-2-2025-05,Shivamogga,Crimes Against Property,2025-05,10,2,24304,5,17,14,8,8,13.0,13.0,12.25,35,0.4857,14
10-2-2025-06,Shivamogga,Crimes Against Property,2025-06,10,2,24305,6,14,17,14,13,15.0,12.833,12.75,29,0.4828,10
10-2-2025-07,Shivamogga,Crimes Against Property,2025-07,10,2,24306,7,10,14,17,7,13.667,12.5,12.5,26,0.3846,10
10-2-2025-08,Shivamogga,Crimes Against Property,2025-08,10,2,24307,8,10,10,14,12,11.333,12.167,12.75,23,0.4348,8
10-2-2025-09,Shivamogga,Crimes Against Property,2025-09,10,2,24308,9,8,10,10,10,9.333,12.167,12.417,22,0.3636,4
10-2-2025-10,Shivamogga,Crimes Against Property,2025-10,10,2,24309,10,4,8,10,19,7.333,10.5,11.917,18,0.2222,16
10-2-2025-11,Shivamogga,Crimes Against Property,2025-11,10,2,24310,11,16,4,8,15,9.333,10.333,11.667,31,0.5161,19
10-2-2025-12,Shivamogga,Crimes Against Property,2025-12,10,2,24311,12,19,16,4,12,13.0,11.167,12.0,37,0.5135,8
10-2-2026-01,Shivamogga,Crimes Against Property,2026-01,10,2,24312,1,8,19,16,12,14.333,10.833,11.667,24,0.3333,18
10-2-2026-02,Shivamogga,Crimes Against Property,2026-02,10,2,24313,2,18,8,19,8,15.0,12.167,12.167,39,0.4615,19
10-2-2026-03,Shivamogga,Crimes Against Property,2026-03,10,2,24314,3,19,18,8,14,15.0,14.0,13.083,54,0.3519,14
10-2-2026-04,Shivamogga,Crimes Against Property,2026-04,10,2,24315,4,14,19,18,17,17.0,15.667,13.083,39,0.359,20
10-2-2026-05,Shivamogga,Crimes Against Property,2026-05,10,2,24316,5,20,14,19,14,17.667,16.333,13.333,47,0.4255,18
10-2-2026-06,Shivamogga,Crimes Against Property,2026-06,10,2,24317,6,18,20,14,10,17.333,16.167,13.667,55,0.3273,22
10-3-2024-03,Shivamogga,Crimes Against Women,2024-03,10,3,24290,3,0,3,3,1,2.0,2.0,2.5,26,0.0,1
10-3-2024-04,Shivamogga,Crimes Against Women,2024-04,10,3,24291,4,1,0,3,5,1.333,1.833,2.5,24,0.0417,4
10-3-2024-05,Shivamogga,Crimes Against Women,2024-05,10,3,24292,5,4,1,0,5,1.667,2.333,2.417,26,0.1538,2
10-3-2024-06,Shivamogga,Crimes Against Women,2024-06,10,3,24293,6,2,4,1,3,2.333,2.167,2.167,18,0.1111,4
10-3-2024-07,Shivamogga,Crimes Against Women,2024-07,10,3,24294,7,4,2,4,1,3.333,2.333,2.25,28,0.1429,3
10-3-2024-08,Shivamogga,Crimes Against Women,2024-08,10,3,24295,8,3,4,2,3,3.0,2.333,2.417,25,0.12,0
10-3-2024-09,Shivamogga,Crimes Against Women,2024-09,10,3,24296,9,0,3,4,2,2.333,2.333,2.167,21,0.0,2
10-3-2024-10,Shivamogga,Crimes Against Women,2024-10,10,3,24297,10,2,0,3,1,1.667,2.5,2.167,22,0.0909,2
10-3-2024-11,Shivamogga,Crimes Against Women,2024-11,10,3,24298,11,2,2,0,3,1.333,2.167,2.25,35,0.0571,4
10-3-2024-12,Shivamogga,Crimes Against Women,2024-12,10,3,24299,12,4,2,2,3,2.667,2.5,2.333,32,0.125,0
10-3-2025-01,Shivamogga,Crimes Against Women,2025-01,10,3,24300,1,0,4,2,3,2.0,1.833,2.083,22,0.0,0
10-3-2025-02,Shivamogga,Crimes Against Women,2025-02,10,3,24301,2,0,0,4,0,1.333,1.333,1.833,25,0.0,0
10-3-2025-03,Shivamogga,Crimes Against Women,2025-03,10,3,24302,3,0,0,0,1,0.0,1.333,1.833,17,0.0,4
10-3-2025-04,Shivamogga,Crimes Against Women,2025-04,10,3,24303,4,4,0,0,4,1.333,1.667,2.083,34,0.1176,2
10-3-2025-05,Shivamogga,Crimes Against Women,2025-05,10,3,24304,5,2,4,0,2,2.0,1.667,1.917,35,0.0571,2
10-3-2025-06,Shivamogga,Crimes Against Women,2025-06,10,3,24305,6,2,2,4,4,2.667,1.333,1.917,29,0.069,1
10-3-2025-07,Shivamogga,Crimes Against Women,2025-07,10,3,24306,7,1,2,2,3,1.667,1.5,1.667,26,0.0385,1
10-3-2025-08,Shivamogga,Crimes Against Women,2025-08,10,3,24307,8,1,1,2,0,1.333,1.667,1.5,23,0.0435,2
10-3-2025-09,Shivamogga,Crimes Against Women,2025-09,10,3,24308,9,2,1,1,2,1.333,2.0,1.667,22,0.0909,1
10-3-2025-10,Shivamogga,Crimes Against Women,2025-10,10,3,24309,10,1,2,1,2,1.333,1.5,1.583,18,0.0556,2
10-3-2025-11,Shivamogga,Crimes Against Women,2025-11,10,3,24310,11,2,1,2,4,1.667,1.5,1.583,31,0.0645,0
10-3-2025-12,Shivamogga,Crimes Against Women,2025-12,10,3,24311,12,0,2,1,0,1.0,1.167,1.25,37,0.0,2
10-3-2026-01,Shivamogga,Crimes Against Women,2026-01,10,3,24312,1,2,0,2,0,1.333,1.333,1.417,24,0.0833,3
10-3-2026-02,Shivamogga,Crimes Against Women,2026-02,10,3,24313,2,3,2,0,0,1.667,1.667,1.667,39,0.0769,3
10-3-2026-03,Shivamogga,Crimes Against Women,2026-03,10,3,24314,3,3,3,2,4,2.667,1.833,1.917,54,0.0556,2
10-3-2026-04,Shivamogga,Crimes Against Women,2026-04,10,3,24315,4,2,3,3,2,2.667,2.0,1.75,39,0.0513,3
10-3-2026-05,Shivamogga,Crimes Against Women,2026-05,10,3,24316,5,3,2,3,2,2.667,2.167,1.833,47,0.0638,3
10-3-2026-06,Shivamogga,Crimes Against Women,2026-06,10,3,24317,6,3,3,2,1,2.667,2.667,1.917,55,0.0545,4
10-4-2024-02,Shivamogga,Cyber Crime,2024-02,10,4,24289,2,5,6,4,5,5.0,3.167,4.25,28,0.1786,4
10-4-2024-03,Shivamogga,Cyber Crime,2024-03,10,4,24290,3,4,5,6,7,5.0,3.833,4.167,26,0.1538,3
10-4-2024-04,Shivamogga,Cyber Crime,2024-04,10,4,24291,4,3,4,5,5,4.0,4.167,3.833,24,0.125,4
10-4-2024-05,Shivamogga,Cyber Crime,2024-05,10,4,24292,5,4,3,4,3,3.667,4.333,3.75,26,0.1538,4
10-4-2024-06,Shivamogga,Cyber Crime,2024-06,10,4,24293,6,4,4,3,7,3.667,4.333,3.833,18,0.2222,3
10-4-2024-07,Shivamogga,Cyber Crime,2024-07,10,4,24294,7,3,4,4,5,3.667,3.833,3.5,28,0.1071,6
10-4-2024-08,Shivamogga,Cyber Crime,2024-08,10,4,24295,8,6,3,4,0,4.333,4.0,3.583,25,0.24,4
10-4-2024-09,Shivamogga,Cyber Crime,2024-09,10,4,24296,9,4,6,3,1,4.333,4.0,3.917,21,0.1905,4
10-4-2024-10,Shivamogga,Cyber Crime,2024-10,10,4,24297,10,4,4,6,3,4.667,4.167,4.167,22,0.1818,1
10-4-2024-11,Shivamogga,Cyber Crime,2024-11,10,4,24298,11,1,4,4,4,3.0,3.667,4.0,35,0.0286,5
10-4-2024-12,Shivamogga,Cyber Crime,2024-12,10,4,24299,12,5,1,4,6,3.333,3.833,4.083,32,0.1562,5
10-4-2025-01,Shivamogga,Cyber Crime,2025-01,10,4,24300,1,5,5,1,5,3.667,4.167,4.0,22,0.2273,6
10-4-2025-02,Shivamogga,Cyber Crime,2025-02,10,4,24301,2,6,5,5,4,5.333,4.167,4.083,25,0.24,4
10-4-2025-03,Shivamogga,Cyber Crime,2025-03,10,4,24302,3,4,6,5,3,5.0,4.167,4.083,17,0.2353,4
10-4-2025-04,Shivamogga,Cyber Crime,2025-04,10,4,24303,4,4,4,6,4,4.667,4.167,4.167,34,0.1176,5
10-4-2025-05,Shivamogga,Cyber Crime,2025-05,10,4,24304,5,5,4,4,4,4.333,4.833,4.25,35,0.1429,2
10-4-2025-06,Shivamogga,Cyber Crime,2025-06,10,4,24305,6,2,5,4,3,3.667,4.333,4.083,29,0.069,3
10-4-2025-07,Shivamogga,Cyber Crime,2025-07,10,4,24306,7,3,2,5,6,3.333,4.0,4.083,26,0.1154,3
10-4-2025-08,Shivamogga,Cyber Crime,2025-08,10,4,24307,8,3,3,2,4,2.667,3.5,3.833,23,0.1304,6
10-4-2025-09,Shivamogga,Cyber Crime,2025-09,10,4,24308,9,6,3,3,4,4.0,3.833,4.0,22,0.2727,4
10-4-2025-10,Shivamogga,Cyber Crime,2025-10,10,4,24309,10,4,6,3,1,4.333,3.833,4.0,18,0.2222,3
10-4-2025-11,Shivamogga,Cyber Crime,2025-11,10,4,24310,11,3,4,6,5,4.333,3.5,4.167,31,0.0968,5
10-4-2025-12,Shivamogga,Cyber Crime,2025-12,10,4,24311,12,5,3,4,5,4.0,4.0,4.167,37,0.1351,5
10-4-2026-01,Shivamogga,Cyber Crime,2026-01,10,4,24312,1,5,5,3,6,4.333,4.333,4.167,24,0.2083,5
10-4-2026-02,Shivamogga,Cyber Crime,2026-02,10,4,24313,2,5,5,5,4,5.0,4.667,4.083,39,0.1282,8
10-4-2026-03,Shivamogga,Cyber Crime,2026-03,10,4,24314,3,8,5,5,4,6.0,5.0,4.417,54,0.1481,8
10-4-2026-04,Shivamogga,Cyber Crime,2026-04,10,4,24315,4,8,8,5,5,7.0,5.667,4.75,39,0.2051,10
10-4-2026-05,Shivamogga,Cyber Crime,2026-05,10,4,24316,5,10,8,8,2,8.667,6.833,5.167,47,0.2128,9
10-4-2026-06,Shivamogga,Cyber Crime,2026-06,10,4,24317,6,9,10,8,3,9.0,7.5,5.75,55,0.1636,10
10-5-2024-02,Shivamogga,Economic Offences,2024-02,10,5,24289,2,4,1,1,2,2.0,1.833,1.417,28,0.1429,2
10-5-2024-03,Shivamogga,Economic Offences,2024-03,10,5,24290,3,2,4,1,1,2.333,1.833,1.417,26,0.0769,2
10-5-2024-04,Shivamogga,Economic Offences,2024-04,10,5,24291,4,2,2,4,2,2.667,2.167,1.5,24,0.0833,1
10-5-2024-05,Shivamogga,Economic Offences,2024-05,10,5,24292,5,1,2,2,1,1.667,1.833,1.417,26,0.0385,1
10-5-2024-06,Shivamogga,Economic Offences,2024-06,10,5,24293,6,1,1,2,0,1.333,1.833,1.417,18,0.0556,2
10-5-2024-07,Shivamogga,Economic Offences,2024-07,10,5,24294,7,2,1,1,0,1.333,2.0,1.583,28,0.0714,3
10-5-2024-08,Shivamogga,Economic Offences,2024-08,10,5,24295,8,3,2,1,2,2.0,1.833,1.833,25,0.12,2
10-5-2024-09,Shivamogga,Economic Offences,2024-09,10,5,24296,9,2,3,2,0,2.333,1.833,1.833,21,0.0952,0
10-5-2024-10,Shivamogga,Economic Offences,2024-10,10,5,24297,10,0,2,3,3,1.667,1.5,1.833,22,0.0,2
10-5-2024-11,Shivamogga,Economic Offences,2024-11,10,5,24298,11,2,0,2,1,1.333,1.667,1.75,35,0.0571,1
10-5-2024-12,Shivamogga,Economic Offences,2024-12,10,5,24299,12,1,2,0,1,1.0,1.667,1.75,32,0.0312,0
10-5-2025-01,Shivamogga,Economic Offences,2025-01,10,5,24300,1,0,1,2,4,1.0,1.333,1.667,22,0.0,3
10-5-2025-02,Shivamogga,Economic Offences,2025-02,10,5,24301,2,3,0,1,2,1.333,1.333,1.583,25,0.12,0
10-5-2025-03,Shivamogga,Economic Offences,2025-03,10,5,24302,3,0,3,0,2,1.0,1.0,1.417,17,0.0,4
10-5-2025-04,Shivamogga,Economic Offences,2025-04,10,5,24303,4,4,0,3,1,2.333,1.667,1.583,34,0.1176,3
10-5-2025-05,Shivamogga,Economic Offences,2025-05,10,5,24304,5,3,4,0,1,2.333,1.833,1.75,35,0.0857,2
10-5-2025-06,Shivamogga,Economic Offences,2025-06,10,5,24305,6,2,3,4,2,3.0,2.0,1.833,29,0.069,1
10-5-2025-07,Shivamogga,Economic Offences,2025-07,10,5,24306,7,1,2,3,3,2.0,2.167,1.75,26,0.0385,4
10-5-2025-08,Shivamogga,Economic Offences,2025-08,10,5,24307,8,4,1,2,2,2.333,2.333,1.833,23,0.1739,2
10-5-2025-09,Shivamogga,Economic Offences,2025-09,10,5,24308,9,2,4,1,0,2.333,2.667,1.833,22,0.0909,2
10-5-2025-10,Shivamogga,Economic Offences,2025-10,10,5,24309,10,2,2,4,2,2.667,2.333,2.0,18,0.1111,1
10-5-2025-11,Shivamogga,Economic Offences,2025-11,10,5,24310,11,1,2,2,1,1.667,2.0,1.917,31,0.0323,4
10-5-2025-12,Shivamogga,Economic Offences,2025-12,10,5,24311,12,4,1,2,0,2.333,2.333,2.167,37,0.1081,3
10-5-2026-01,Shivamogga,Economic Offences,2026-01,10,5,24312,1,3,4,1,3,2.667,2.667,2.417,24,0.125,1
10-5-2026-02,Shivamogga,Economic Offences,2026-02,10,5,24313,2,1,3,4,0,2.667,2.167,2.25,39,0.0256,7
10-5-2026-03,Shivamogga,Economic Offences,2026-03,10,5,24314,3,7,1,3,4,3.667,3.0,2.833,54,0.1296,2
10-5-2026-04,Shivamogga,Economic Offences,2026-04,10,5,24315,4,2,7,1,3,3.333,3.0,2.667,39,0.0513,4
10-5-2026-05,Shivamogga,Economic Offences,2026-05,10,5,24316,5,4,2,7,2,4.333,3.5,2.75,47,0.0851,9
10-5-2026-06,Shivamogga,Economic Offences,2026-06,10,5,24317,6,9,4,2,1,5.0,4.333,3.333,55,0.1636,5
10-6-2024-02,Shivamogga,NDPS,2024-02,10,6,24289,2,2,2,1,0,1.667,1.0,0.75,28,0.0714,0
10-6-2024-03,Shivamogga,NDPS,2024-03,10,6,24290,3,0,2,2,0,1.333,1.0,0.75,26,0.0,0
10-6-2024-04,Shivamogga,NDPS,2024-04,10,6,24291,4,0,0,2,0,0.667,1.0,0.75,24,0.0,2
10-6-2024-05,Shivamogga,NDPS,2024-05,10,6,24292,5,2,0,0,2,0.667,1.167,0.917,26,0.0769,0
10-6-2024-06,Shivamogga,NDPS,2024-06,10,6,24293,6,0,2,0,1,0.667,1.0,0.75,18,0.0,0
10-6-2024-07,Shivamogga,NDPS,2024-07,10,6,24294,7,0,0,2,0,0.667,0.667,0.667,28,0.0,2
10-6-2024-08,Shivamogga,NDPS,2024-08,10,6,24295,8,2,0,0,0,0.667,0.667,0.833,25,0.08,0
10-6-2024-09,Shivamogga,NDPS,2024-09,10,6,24296,9,0,2,0,0,0.667,0.667,0.833,21,0.0,0
10-6-2024-10,Shivamogga,NDPS,2024-10,10,6,24297,10,0,0,2,1,0.667,0.667,0.833,22,0.0,1
10-6-2024-11,Shivamogga,NDPS,2024-11,10,6,24298,11,1,0,0,1,0.333,0.5,0.833,35,0.0286,1
10-6-2024-12,Shivamogga,NDPS,2024-12,10,6,24299,12,1,1,0,2,0.667,0.667,0.833,32,0.0312,0
10-6-2025-01,Shivamogga,NDPS,2025-01,10,6,24300,1,0,1,1,2,0.667,0.667,0.667,22,0.0,0
10-6-2025-02,Shivamogga,NDPS,2025-02,10,6,24301,2,0,0,1,0,0.333,0.333,0.5,25,0.0,0
10-6-2025-03,Shivamogga,NDPS,2025-03,10,6,24302,3,0,0,0,0,0.0,0.333,0.5,17,0.0,0
10-6-2025-04,Shivamogga,NDPS,2025-04,10,6,24303,4,0,0,0,2,0.0,0.333,0.5,34,0.0,0
10-6-2025-05,Shivamogga,NDPS,2025-05,10,6,24304,5,0,0,0,0,0.0,0.167,0.333,35,0.0,1
10-6-2025-06,Shivamogga,NDPS,2025-06,10,6,24305,6,1,0,0,0,0.333,0.167,0.417,29,0.0345,1
10-6-2025-07,Shivamogga,NDPS,2025-07,10,6,24306,7,1,1,0,2,0.667,0.333,0.5,26,0.0385,0
10-6-2025-08,Shivamogga,NDPS,2025-08,10,6,24307,8,0,1,1,0,0.667,0.333,0.333,23,0.0,0
10-6-2025-09,Shivamogga,NDPS,2025-09,10,6,24308,9,0,0,1,0,0.333,0.333,0.333,22,0.0,2
10-6-2025-10,Shivamogga,NDPS,2025-10,10,6,24309,10,2,0,0,1,0.667,0.667,0.5,18,0.1111,0
10-6-2025-11,Shivamogga,NDPS,2025-11,10,6,24310,11,0,2,0,1,0.667,0.667,0.417,31,0.0,0
10-6-2025-12,Shivamogga,NDPS,2025-12,10,6,24311,12,0,0,2,0,0.667,0.5,0.333,37,0.0,1
10-6-2026-01,Shivamogga,NDPS,2026-01,10,6,24312,1,1,0,0,0,0.333,0.5,0.417,24,0.0417,2
10-6-2026-02,Shivamogga,NDPS,2026-02,10,6,24313,2,2,1,0,0,1.0,0.833,0.583,39,0.0513,3
10-6-2026-03,Shivamogga,NDPS,2026-03,10,6,24314,3,3,2,1,0,2.0,1.333,0.833,54,0.0556,1
10-6-2026-04,Shivamogga,NDPS,2026-04,10,6,24315,4,1,3,2,0,2.0,1.167,0.917,39,0.0256,3
10-6-2026-05,Shivamogga,NDPS,2026-05,10,6,24316,5,3,1,3,1,2.333,1.667,1.167,47,0.0638,3
10-6-2026-06,Shivamogga,NDPS,2026-06,10,6,24317,6,3,3,1,1,2.333,2.167,1.333,55,0.0545,1
10-7-2024-02,Shivamogga,Missing / UDR,2024-02,10,7,24289,2,1,0,1,1,0.667,1.667,1.167,28,0.0357,1
10-7-2024-03,Shivamogga,Missing / UDR,2024-03,10,7,24290,3,1,1,0,0,0.667,1.333,1.167,26,0.0385,0
10-7-2024-04,Shivamogga,Missing / UDR,2024-04,10,7,24291,4,0,1,1,2,0.667,0.833,1.167,24,0.0,0
10-7-2024-05,Shivamogga,Missing / UDR,2024-05,10,7,24292,5,0,0,1,0,0.333,0.5,1.0,26,0.0,0
10-7-2024-06,Shivamogga,Missing / UDR,2024-06,10,7,24293,6,0,0,0,1,0.0,0.333,1.0,18,0.0,4
10-7-2024-07,Shivamogga,Missing / UDR,2024-07,10,7,24294,7,4,0,0,0,1.333,1.0,1.25,28,0.1429,1
10-7-2024-08,Shivamogga,Missing / UDR,2024-08,10,7,24295,8,1,4,0,3,1.667,1.0,1.333,25,0.04,1
10-7-2024-09,Shivamogga,Missing / UDR,2024-09,10,7,24296,9,1,1,4,3,2.0,1.0,1.167,21,0.0476,1
10-7-2024-10,Shivamogga,Missing / UDR,2024-10,10,7,24297,10,1,1,1,2,1.0,1.167,1.0,22,0.0455,3
10-7-2024-11,Shivamogga,Missing / UDR,2024-11,10,7,24298,11,3,1,1,1,1.667,1.667,1.083,35,0.0857,1
10-7-2024-12,Shivamogga,Missing / UDR,2024-12,10,7,24299,12,1,3,1,0,1.667,1.833,1.083,32,0.0312,1
10-7-2025-01,Shivamogga,Missing / UDR,2025-01,10,7,24300,1,1,1,3,1,1.667,1.333,1.167,22,0.0455,1
10-7-2025-02,Shivamogga,Missing / UDR,2025-02,10,7,24301,2,1,1,1,1,1.0,1.333,1.167,25,0.04,4
10-7-2025-03,Shivamogga,Missing / UDR,2025-03,10,7,24302,3,4,1,1,0,2.0,1.833,1.417,17,0.2353,3
10-7-2025-04,Shivamogga,Missing / UDR,2025-04,10,7,24303,4,3,4,1,0,2.667,2.167,1.667,34,0.0882,0
10-7-2025-05,Shivamogga,Missing / UDR,2025-05,10,7,24304,5,0,3,4,0,2.333,1.667,1.667,35,0.0,2
10-7-2025-06,Shivamogga,Missing / UDR,2025-06,10,7,24305,6,2,0,3,4,1.667,1.833,1.833,29,0.069,2
10-7-2025-07,Shivamogga,Missing / UDR,2025-07,10,7,24306,7,2,2,0,1,1.333,2.0,1.667,26,0.0769,2
10-7-2025-08,Shivamogga,Missing / UDR,2025-08,10,7,24307,8,2,2,2,1,2.0,2.167,1.75,23,0.087,0
10-7-2025-09,Shivamogga,Missing / UDR,2025-09,10,7,24308,9,0,2,2,1,1.333,1.5,1.667,22,0.0,2
10-7-2025-10,Shivamogga,Missing / UDR,2025-10,10,7,24309,10,2,0,2,3,1.333,1.333,1.75,18,0.1111,1
10-7-2025-11,Shivamogga,Missing / UDR,2025-11,10,7,24310,11,1,2,0,1,1.0,1.5,1.583,31,0.0323,3
10-7-2025-12,Shivamogga,Missing / UDR,2025-12,10,7,24311,12,3,1,2,1,2.0,1.667,1.75,37,0.0811,2
10-7-2026-01,Shivamogga,Missing / UDR,2026-01,10,7,24312,1,2,3,1,1,2.0,1.667,1.833,24,0.0833,3
10-7-2026-02,Shivamogga,Missing / UDR,2026-02,10,7,24313,2,3,2,3,4,2.667,1.833,2.0,39,0.0769,6
10-7-2026-03,Shivamogga,Missing / UDR,2026-03,10,7,24314,3,6,3,2,3,3.667,2.833,2.167,54,0.1111,1
10-7-2026-04,Shivamogga,Missing / UDR,2026-04,10,7,24315,4,1,6,3,0,3.333,2.667,2.0,39,0.0256,2
10-7-2026-05,Shivamogga,Missing / UDR,2026-05,10,7,24316,5,2,1,6,2,3.0,2.833,2.167,47,0.0426,6
10-7-2026-06,Shivamogga,Missing / UDR,2026-06,10,7,24317,6,6,2,1,2,3.0,3.333,2.5,55,0.1091,3
10-8-2024-02,Shivamogga,Traffic / PAR,2024-02,10,8,24289,2,0,1,2,1,1.0,1.167,1.417,28,0.0,1
10-8-2024-03,Shivamogga,Traffic / PAR,2024-03,10,8,24290,3,1,0,1,0,0.667,1.0,1.417,26,0.0385,2
10-8-2024-04,Shivamogga,Traffic / PAR,2024-04,10,8,24291,4,2,1,0,5,1.0,1.333,1.583,24,0.0833,1
10-8-2024-05,Shivamogga,Traffic / PAR,2024-05,10,8,24292,5,1,2,1,2,1.333,1.167,1.25,26,0.0385,1
10-8-2024-06,Shivamogga,Traffic / PAR,2024-06,10,8,24293,6,1,1,2,1,1.333,1.0,1.167,18,0.0556,0
10-8-2024-07,Shivamogga,Traffic / PAR,2024-07,10,8,24294,7,0,1,1,1,0.667,0.833,1.083,28,0.0,1
10-8-2024-08,Shivamogga,Traffic / PAR,2024-08,10,8,24295,8,1,0,1,2,0.667,1.0,1.083,25,0.04,0
10-8-2024-09,Shivamogga,Traffic / PAR,2024-09,10,8,24296,9,0,1,0,0,0.333,0.833,0.917,21,0.0,0
10-8-2024-10,Shivamogga,Traffic / PAR,2024-10,10,8,24297,10,0,0,1,2,0.333,0.5,0.917,22,0.0,1
10-8-2024-11,Shivamogga,Traffic / PAR,2024-11,10,8,24298,11,1,0,0,2,0.333,0.5,0.833,35,0.0286,1
10-8-2024-12,Shivamogga,Traffic / PAR,2024-12,10,8,24299,12,1,1,0,1,0.667,0.5,0.75,32,0.0312,0
10-8-2025-01,Shivamogga,Traffic / PAR,2025-01,10,8,24300,1,0,1,1,0,0.667,0.5,0.667,22,0.0,2
10-8-2025-02,Shivamogga,Traffic / PAR,2025-02,10,8,24301,2,2,0,1,1,1.0,0.667,0.833,25,0.08,0
10-8-2025-03,Shivamogga,Traffic / PAR,2025-03,10,8,24302,3,0,2,0,2,0.667,0.667,0.75,17,0.0,0
10-8-2025-04,Shivamogga,Traffic / PAR,2025-04,10,8,24303,4,0,0,2,1,0.667,0.667,0.583,34,0.0,1
10-8-2025-05,Shivamogga,Traffic / PAR,2025-05,10,8,24304,5,1,0,0,1,0.333,0.667,0.583,35,0.0286,1
10-8-2025-06,Shivamogga,Traffic / PAR,2025-06,10,8,24305,6,1,1,0,0,0.667,0.667,0.583,29,0.0345,3
10-8-2025-07,Shivamogga,Traffic / PAR,2025-07,10,8,24306,7,3,1,1,1,1.667,1.167,0.833,26,0.1154,2
10-8-2025-08,Shivamogga,Traffic / PAR,2025-08,10,8,24307,8,2,3,1,0,2.0,1.167,0.917,23,0.087,3
10-8-2025-09,Shivamogga,Traffic / PAR,2025-09,10,8,24308,9,3,2,3,0,2.667,1.667,1.167,22,0.1364,1
10-8-2025-10,Shivamogga,Traffic / PAR,2025-10,10,8,24309,10,1,3,2,1,2.0,1.833,1.25,18,0.0556,3
10-8-2025-11,Shivamogga,Traffic / PAR,2025-11,10,8,24310,11,3,1,3,1,2.333,2.167,1.417,31,0.0968,1
10-8-2025-12,Shivamogga,Traffic / PAR,2025-12,10,8,24311,12,1,3,1,0,1.667,2.167,1.417,37,0.027,1
10-8-2026-01,Shivamogga,Traffic / PAR,2026-01,10,8,24312,1,1,1,3,2,1.667,1.833,1.5,24,0.0417,3
10-8-2026-02,Shivamogga,Traffic / PAR,2026-02,10,8,24313,2,3,1,1,0,1.667,2.0,1.583,39,0.0769,4
10-8-2026-03,Shivamogga,Traffic / PAR,2026-03,10,8,24314,3,4,3,1,0,2.667,2.167,1.917,54,0.0741,2
10-8-2026-04,Shivamogga,Traffic / PAR,2026-04,10,8,24315,4,2,4,3,1,3.0,2.333,2.083,39,0.0513,1
10-8-2026-05,Shivamogga,Traffic / PAR,2026-05,10,8,24316,5,1,2,4,1,2.333,2.0,2.083,47,0.0213,4
10-8-2026-06,Shivamogga,Traffic / PAR,2026-06,10,8,24317,6,4,1,2,3,2.333,2.5,2.333,55,0.0727,2
11-1-2024-03,Tumakuru,Crimes Against Body,2024-03,11,1,24290,3,3,2,4,4,3.0,3.167,3.083,24,0.125,5
11-1-2024-04,Tumakuru,Crimes Against Body,2024-04,11,1,24291,4,5,3,2,3,3.333,3.5,3.167,20,0.25,3
11-1-2024-05,Tumakuru,Crimes Against Body,2024-05,11,1,24292,5,3,5,3,5,3.667,3.667,3.167,22,0.1364,4
11-1-2024-06,Tumakuru,Crimes Against Body,2024-06,11,1,24293,6,4,3,5,0,4.0,3.5,3.083,22,0.1818,4
11-1-2024-07,Tumakuru,Crimes Against Body,2024-07,11,1,24294,7,4,4,3,1,3.667,3.5,3.417,26,0.1538,2
11-1-2024-08,Tumakuru,Crimes Against Body,2024-08,11,1,24295,8,2,4,4,5,3.333,3.5,3.5,24,0.0833,5
11-1-2024-09,Tumakuru,Crimes Against Body,2024-09,11,1,24296,9,5,2,4,3,3.667,3.833,3.5,23,0.2174,0
11-1-2024-10,Tumakuru,Crimes Against Body,2024-10,11,1,24297,10,0,5,2,2,2.333,3.0,3.25,26,0.0,2
11-1-2024-11,Tumakuru,Crimes Against Body,2024-11,11,1,24298,11,2,0,5,5,2.333,2.833,3.25,32,0.0625,4
11-1-2024-12,Tumakuru,Crimes Against Body,2024-12,11,1,24299,12,4,2,0,4,2.0,2.833,3.167,42,0.0952,5
11-1-2025-01,Tumakuru,Crimes Against Body,2025-01,11,1,24300,1,5,4,2,2,3.667,3.0,3.25,35,0.1429,5
11-1-2025-02,Tumakuru,Crimes Against Body,2025-02,11,1,24301,2,5,5,4,3,4.667,3.5,3.5,28,0.1786,4
11-1-2025-03,Tumakuru,Crimes Against Body,2025-03,11,1,24302,3,4,5,5,5,4.667,3.333,3.583,26,0.1538,1
11-1-2025-04,Tumakuru,Crimes Against Body,2025-04,11,1,24303,4,1,4,5,3,3.333,3.5,3.25,22,0.0455,3
11-1-2025-05,Tumakuru,Crimes Against Body,2025-05,11,1,24304,5,3,1,4,4,2.667,3.667,3.25,26,0.1154,3
11-1-2025-06,Tumakuru,Crimes Against Body,2025-06,11,1,24305,6,3,3,1,4,2.333,3.5,3.167,25,0.12,1
11-1-2025-07,Tumakuru,Crimes Against Body,2025-07,11,1,24306,7,1,3,3,2,2.333,2.833,2.917,34,0.0294,5
11-1-2025-08,Tumakuru,Crimes Against Body,2025-08,11,1,24307,8,5,1,3,5,3.0,2.833,3.167,22,0.2273,5
11-1-2025-09,Tumakuru,Crimes Against Body,2025-09,11,1,24308,9,5,5,1,0,3.667,3.0,3.167,23,0.2174,3
11-1-2025-10,Tumakuru,Crimes Against Body,2025-10,11,1,24309,10,3,5,5,2,4.333,3.333,3.417,25,0.12,1
11-1-2025-11,Tumakuru,Crimes Against Body,2025-11,11,1,24310,11,1,3,5,4,3.0,3.0,3.333,42,0.0238,6
11-1-2025-12,Tumakuru,Crimes Against Body,2025-12,11,1,24311,12,6,1,3,5,3.333,3.5,3.5,34,0.1765,6
11-1-2026-01,Tumakuru,Crimes Against Body,2026-01,11,1,24312,1,6,6,1,5,4.333,4.333,3.583,27,0.2222,5
11-1-2026-02,Tumakuru,Crimes Against Body,2026-02,11,1,24313,2,5,6,6,4,5.667,4.333,3.583,42,0.119,8
11-1-2026-03,Tumakuru,Crimes Against Body,2026-03,11,1,24314,3,8,5,6,1,6.333,4.833,3.917,42,0.1905,10
11-1-2026-04,Tumakuru,Crimes Against Body,2026-04,11,1,24315,4,10,8,5,3,7.667,6.0,4.667,48,0.2083,5
11-1-2026-05,Tumakuru,Crimes Against Body,2026-05,11,1,24316,5,5,10,8,3,7.667,6.667,4.833,36,0.1389,6
11-1-2026-06,Tumakuru,Crimes Against Body,2026-06,11,1,24317,6,6,5,10,1,7.0,6.667,5.083,46,0.1304,7
11-2-2024-02,Tumakuru,Crimes Against Property,2024-02,11,2,24289,2,5,12,18,7,11.667,11.333,9.5,18,0.2778,7
11-2-2024-03,Tumakuru,Crimes Against Property,2024-03,11,2,24290,3,7,5,12,9,8.0,11.0,9.5,24,0.2917,10
11-2-2024-04,Tumakuru,Crimes Against Property,2024-04,11,2,24291,4,10,7,5,7,7.333,11.0,9.583,20,0.5,6
11-2-2024-05,Tumakuru,Crimes Against Property,2024-05,11,2,24292,5,6,10,7,12,7.667,9.667,9.5,22,0.2727,5
11-2-2024-06,Tumakuru,Crimes Against Property,2024-06,11,2,24293,6,5,6,10,2,7.0,7.5,8.917,22,0.2273,7
11-2-2024-07,Tumakuru,Crimes Against Property,2024-07,11,2,24294,7,7,5,6,9,6.0,6.667,9.333,26,0.2692,6
11-2-2024-08,Tumakuru,Crimes Against Property,2024-08,11,2,24295,8,6,7,5,9,6.0,6.833,9.083,24,0.25,9
11-2-2024-09,Tumakuru,Crimes Against Property,2024-09,11,2,24296,9,9,6,7,10,7.333,7.167,9.083,23,0.3913,12
11-2-2024-10,Tumakuru,Crimes Against Property,2024-10,11,2,24297,10,12,9,6,14,9.0,7.5,9.25,26,0.4615,17
11-2-2024-11,Tumakuru,Crimes Against Property,2024-11,11,2,24298,11,17,12,9,18,12.667,9.333,9.5,32,0.5312,28
11-2-2024-12,Tumakuru,Crimes Against Property,2024-12,11,2,24299,12,28,17,12,12,19.0,13.167,10.333,42,0.6667,11
11-2-2025-01,Tumakuru,Crimes Against Property,2025-01,11,2,24300,1,11,28,17,5,18.667,13.833,10.25,35,0.3143,10
11-2-2025-02,Tumakuru,Crimes Against Property,2025-02,11,2,24301,2,10,11,28,7,16.333,14.5,10.667,28,0.3571,6
11-2-2025-03,Tumakuru,Crimes Against Property,2025-03,11,2,24302,3,6,10,11,10,9.0,14.0,10.583,26,0.2308,7
11-2-2025-04,Tumakuru,Crimes Against Property,2025-04,11,2,24303,4,7,6,10,6,7.667,13.167,10.333,22,0.3182,13
11-2-2025-05,Tumakuru,Crimes Against Property,2025-05,11,2,24304,5,13,7,6,5,8.667,12.5,10.917,26,0.5,13
11-2-2025-06,Tumakuru,Crimes Against Property,2025-06,11,2,24305,6,13,13,7,7,11.0,10.0,11.583,25,0.52,12
11-2-2025-07,Tumakuru,Crimes Against Property,2025-07,11,2,24306,7,12,13,13,6,12.667,10.167,12.0,34,0.3529,10
11-2-2025-08,Tumakuru,Crimes Against Property,2025-08,11,2,24307,8,10,12,13,9,11.667,10.167,12.333,22,0.4545,11
11-2-2025-09,Tumakuru,Crimes Against Property,2025-09,11,2,24308,9,11,10,12,12,11.0,11.0,12.5,23,0.4783,8
11-2-2025-10,Tumakuru,Crimes Against Property,2025-10,11,2,24309,10,8,11,10,17,9.667,11.167,12.167,25,0.32,24
11-2-2025-11,Tumakuru,Crimes Against Property,2025-11,11,2,24310,11,24,8,11,28,14.333,13.0,12.75,42,0.5714,17
11-2-2025-12,Tumakuru,Crimes Against Property,2025-12,11,2,24311,12,17,24,8,11,16.333,13.667,11.833,34,0.5,14
11-2-2026-01,Tumakuru,Crimes Against Property,2026-01,11,2,24312,1,14,17,24,10,18.333,14.0,12.083,27,0.5185,12
11-2-2026-02,Tumakuru,Crimes Against Property,2026-02,11,2,24313,2,12,14,17,6,14.333,14.333,12.25,42,0.2857,17
11-2-2026-03,Tumakuru,Crimes Against Property,2026-03,11,2,24314,3,17,12,14,7,14.333,15.333,13.167,42,0.4048,14
11-2-2026-04,Tumakuru,Crimes Against Property,2026-04,11,2,24315,4,14,17,12,13,14.333,16.333,13.75,48,0.2917,14
11-2-2026-05,Tumakuru,Crimes Against Property,2026-05,11,2,24316,5,14,14,17,13,15.0,14.667,13.833,36,0.3889,21
11-2-2026-06,Tumakuru,Crimes Against Property,2026-06,11,2,24317,6,21,14,14,12,16.333,15.333,14.5,46,0.4565,17
11-3-2024-02,Tumakuru,Crimes Against Women,2024-02,11,3,24289,2,2,4,0,2,2.0,1.833,2.167,18,0.1111,3
11-3-2024-03,Tumakuru,Crimes Against Women,2024-03,11,3,24290,3,3,2,4,3,3.0,2.0,2.25,24,0.125,0
11-3-2024-04,Tumakuru,Crimes Against Women,2024-04,11,3,24291,4,0,3,2,1,1.667,1.833,2.0,20,0.0,2
11-3-2024-05,Tumakuru,Crimes Against Women,2024-05,11,3,24292,5,2,0,3,3,1.667,1.833,2.083,22,0.0909,2
11-3-2024-06,Tumakuru,Crimes Against Women,2024-06,11,3,24293,6,2,2,0,3,1.333,2.167,2.0,22,0.0909,3
11-3-2024-07,Tumakuru,Crimes Against Women,2024-07,11,3,24294,7,3,2,2,3,2.333,2.0,2.0,26,0.1154,2
11-3-2024-08,Tumakuru,Crimes Against Women,2024-08,11,3,24295,8,2,3,2,2,2.333,2.0,1.917,24,0.0833,3
11-3-2024-09,Tumakuru,Crimes Against Women,2024-09,11,3,24296,9,3,2,3,1,2.667,2.0,2.0,23,0.1304,2
11-3-2024-10,Tumakuru,Crimes Against Women,2024-10,11,3,24297,10,2,3,2,2,2.333,2.333,2.083,26,0.0769,3
11-3-2024-11,Tumakuru,Crimes Against Women,2024-11,11,3,24298,11,3,2,3,0,2.667,2.5,2.167,32,0.0938,4
11-3-2024-12,Tumakuru,Crimes Against Women,2024-12,11,3,24299,12,4,3,2,4,3.0,2.833,2.5,42,0.0952,4
11-3-2025-01,Tumakuru,Crimes Against Women,2025-01,11,3,24300,1,4,4,3,2,3.667,3.0,2.5,35,0.1143,3
11-3-2025-02,Tumakuru,Crimes Against Women,2025-02,11,3,24301,2,3,4,4,3,3.667,3.167,2.583,28,0.1071,3
11-3-2025-03,Tumakuru,Crimes Against Women,2025-03,11,3,24302,3,3,3,4,0,3.333,3.167,2.583,26,0.1154,3
11-3-2025-04,Tumakuru,Crimes Against Women,2025-04,11,3,24303,4,3,3,3,2,3.0,3.333,2.833,22,0.1364,1
11-3-2025-05,Tumakuru,Crimes Against Women,2025-05,11,3,24304,5,1,3,3,2,2.333,3.0,2.75,26,0.0385,3
11-3-2025-06,Tumakuru,Crimes Against Women,2025-06,11,3,24305,6,3,1,3,3,2.333,2.833,2.833,25,0.12,3
11-3-2025-07,Tumakuru,Crimes Against Women,2025-07,11,3,24306,7,3,3,1,2,2.333,2.667,2.833,34,0.0882,0
11-3-2025-08,Tumakuru,Crimes Against Women,2025-08,11,3,24307,8,0,3,3,3,2.0,2.167,2.667,22,0.0,3
11-3-2025-09,Tumakuru,Crimes Against Women,2025-09,11,3,24308,9,3,0,3,2,2.0,2.167,2.667,23,0.1304,0
11-3-2025-10,Tumakuru,Crimes Against Women,2025-10,11,3,24309,10,0,3,0,3,1.0,1.667,2.5,25,0.0,4
11-3-2025-11,Tumakuru,Crimes Against Women,2025-11,11,3,24310,11,4,0,3,4,2.333,2.167,2.583,42,0.0952,1
11-3-2025-12,Tumakuru,Crimes Against Women,2025-12,11,3,24311,12,1,4,0,4,1.667,1.833,2.333,34,0.0294,3
11-3-2026-01,Tumakuru,Crimes Against Women,2026-01,11,3,24312,1,3,1,4,3,2.667,1.833,2.25,27,0.1111,5
11-3-2026-02,Tumakuru,Crimes Against Women,2026-02,11,3,24313,2,5,3,1,3,3.0,2.667,2.417,42,0.119,2
11-3-2026-03,Tumakuru,Crimes Against Women,2026-03,11,3,24314,3,2,5,3,3,3.333,2.5,2.333,42,0.0476,4
11-3-2026-04,Tumakuru,Crimes Against Women,2026-04,11,3,24315,4,4,2,5,1,3.667,3.167,2.417,48,0.0833,0
11-3-2026-05,Tumakuru,Crimes Against Women,2026-05,11,3,24316,5,0,4,2,3,2.0,2.5,2.333,36,0.0,2
11-3-2026-06,Tumakuru,Crimes Against Women,2026-06,11,3,24317,6,2,0,4,3,2.0,2.667,2.25,46,0.0435,4
11-4-2024-02,Tumakuru,Cyber Crime,2024-02,11,4,24289,2,5,1,6,4,4.0,6.167,5.167,18,0.2778,6
11-4-2024-03,Tumakuru,Cyber Crime,2024-03,11,4,24290,3,6,5,1,6,4.0,6.333,5.333,24,0.25,2
11-4-2024-04,Tumakuru,Cyber Crime,2024-04,11,4,24291,4,2,6,5,2,4.333,5.167,5.0,20,0.1,5
11-4-2024-05,Tumakuru,Cyber Crime,2024-05,11,4,24292,5,5,2,6,10,4.333,4.167,5.25,22,0.2273,5
11-4-2024-06,Tumakuru,Cyber Crime,2024-06,11,4,24293,6,5,5,2,0,4.0,4.0,4.833,22,0.2273,8
11-4-2024-07,Tumakuru,Cyber Crime,2024-07,11,4,24294,7,8,5,5,3,6.0,5.167,5.5,26,0.3077,4
11-4-2024-08,Tumakuru,Cyber Crime,2024-08,11,4,24295,8,4,8,5,5,5.667,5.0,5.583,24,0.1667,5
11-4-2024-09,Tumakuru,Cyber Crime,2024-09,11,4,24296,9,5,4,8,9,5.667,4.833,5.583,23,0.2174,6
11-4-2024-10,Tumakuru,Cyber Crime,2024-10,11,4,24297,10,6,5,4,11,5.0,5.5,5.333,26,0.2308,8
11-4-2024-11,Tumakuru,Cyber Crime,2024-11,11,4,24298,11,8,6,5,6,6.333,6.0,5.083,32,0.25,2
11-4-2024-12,Tumakuru,Cyber Crime,2024-12,11,4,24299,12,2,8,6,1,5.333,5.5,4.75,42,0.0476,9
11-4-2025-01,Tumakuru,Cyber Crime,2025-01,11,4,24300,1,9,2,8,5,6.333,5.667,5.417,35,0.2571,4
11-4-2025-02,Tumakuru,Cyber Crime,2025-02,11,4,24301,2,4,9,2,6,5.0,5.667,5.333,28,0.1429,6
11-4-2025-03,Tumakuru,Cyber Crime,2025-03,11,4,24302,3,6,4,9,2,6.333,5.833,5.333,26,0.2308,4
11-4-2025-04,Tumakuru,Cyber Crime,2025-04,11,4,24303,4,4,6,4,5,4.667,5.5,5.5,22,0.1818,4
11-4-2025-05,Tumakuru,Cyber Crime,2025-05,11,4,24304,5,4,4,6,5,4.667,4.833,5.417,26,0.1538,3
11-4-2025-06,Tumakuru,Cyber Crime,2025-06,11,4,24305,6,3,4,4,8,3.667,5.0,5.25,25,0.12,6
11-4-2025-07,Tumakuru,Cyber Crime,2025-07,11,4,24306,7,6,3,4,4,4.333,4.5,5.083,34,0.1765,3
11-4-2025-08,Tumakuru,Cyber Crime,2025-08,11,4,24307,8,3,6,3,5,4.0,4.333,5.0,22,0.1364,2
11-4-2025-09,Tumakuru,Cyber Crime,2025-09,11,4,24308,9,2,3,6,6,3.667,3.667,4.75,23,0.087,9
11-4-2025-10,Tumakuru,Cyber Crime,2025-10,11,4,24309,10,9,2,3,8,4.667,4.5,5.0,25,0.36,3
11-4-2025-11,Tumakuru,Cyber Crime,2025-11,11,4,24310,11,3,9,2,2,4.667,4.333,4.583,42,0.0714,3
11-4-2025-12,Tumakuru,Cyber Crime,2025-12,11,4,24311,12,3,3,9,9,5.0,4.333,4.667,34,0.0882,2
11-4-2026-01,Tumakuru,Cyber Crime,2026-01,11,4,24312,1,2,3,3,4,2.667,3.667,4.083,27,0.0741,9
11-4-2026-02,Tumakuru,Cyber Crime,2026-02,11,4,24313,2,9,2,3,6,4.667,4.667,4.5,42,0.2143,4
11-4-2026-03,Tumakuru,Cyber Crime,2026-03,11,4,24314,3,4,9,2,4,5.0,5.0,4.333,42,0.0952,10
11-4-2026-04,Tumakuru,Cyber Crime,2026-04,11,4,24315,4,10,4,9,4,7.667,5.167,4.833,48,0.2083,9
11-4-2026-05,Tumakuru,Cyber Crime,2026-05,11,4,24316,5,9,10,4,3,7.667,6.167,5.25,36,0.25,8
11-4-2026-06,Tumakuru,Cyber Crime,2026-06,11,4,24317,6,8,9,10,6,9.0,7.0,5.667,46,0.1739,11
11-5-2024-02,Tumakuru,Economic Offences,2024-02,11,5,24289,2,2,1,1,2,1.333,2.0,2.25,18,0.1111,3
11-5-2024-03,Tumakuru,Economic Offences,2024-03,11,5,24290,3,3,2,1,2,2.0,2.167,2.333,24,0.125,1
11-5-2024-04,Tumakuru,Economic Offences,2024-04,11,5,24291,4,1,3,2,3,2.0,2.0,2.25,20,0.05,2
11-5-2024-05,Tumakuru,Economic Offences,2024-05,11,5,24292,5,2,1,3,2,2.0,1.667,2.167,22,0.0909,3
11-5-2024-06,Tumakuru,Economic Offences,2024-06,11,5,24293,6,3,2,1,3,2.0,2.0,2.25,22,0.1364,3
11-5-2024-07,Tumakuru,Economic Offences,2024-07,11,5,24294,7,3,3,2,3,2.667,2.333,2.25,26,0.1154,3
11-5-2024-08,Tumakuru,Economic Offences,2024-08,11,5,24295,8,3,3,3,2,3.0,2.5,2.25,24,0.125,0
11-5-2024-09,Tumakuru,Economic Offences,2024-09,11,5,24296,9,0,3,3,2,2.0,2.0,2.083,23,0.0,3
11-5-2024-10,Tumakuru,Economic Offences,2024-10,11,5,24297,10,3,0,3,4,2.0,2.333,2.167,26,0.1154,1
11-5-2024-11,Tumakuru,Economic Offences,2024-11,11,5,24298,11,1,3,0,1,1.333,2.167,1.917,32,0.0312,1
11-5-2024-12,Tumakuru,Economic Offences,2024-12,11,5,24299,12,1,1,3,1,1.667,1.833,1.917,42,0.0238,3
11-5-2025-01,Tumakuru,Economic Offences,2025-01,11,5,24300,1,3,1,1,2,1.667,1.833,2.083,35,0.0857,2
11-5-2025-02,Tumakuru,Economic Offences,2025-02,11,5,24301,2,2,3,1,3,2.0,1.667,2.083,28,0.0714,3
11-5-2025-03,Tumakuru,Economic Offences,2025-03,11,5,24302,3,3,2,3,1,2.667,2.167,2.083,26,0.1154,2
11-5-2025-04,Tumakuru,Economic Offences,2025-04,11,5,24303,4,2,3,2,2,2.333,2.0,2.167,22,0.0909,2
11-5-2025-05,Tumakuru,Economic Offences,2025-05,11,5,24304,5,2,2,3,3,2.333,2.167,2.167,26,0.0769,1
11-5-2025-06,Tumakuru,Economic Offences,2025-06,11,5,24305,6,1,2,2,3,1.667,2.167,2.0,25,0.04,5
11-5-2025-07,Tumakuru,Economic Offences,2025-07,11,5,24306,7,5,1,2,3,2.667,2.5,2.167,34,0.1471,1
11-5-2025-08,Tumakuru,Economic Offences,2025-08,11,5,24307,8,1,5,1,0,2.333,2.333,2.0,22,0.0455,1
11-5-2025-09,Tumakuru,Economic Offences,2025-09,11,5,24308,9,1,1,5,3,2.333,2.0,2.083,23,0.0435,2
11-5-2025-10,Tumakuru,Economic Offences,2025-10,11,5,24309,10,2,1,1,1,1.333,2.0,2.0,25,0.08,2
11-5-2025-11,Tumakuru,Economic Offences,2025-11,11,5,24310,11,2,2,1,1,1.667,2.0,2.083,42,0.0476,2
11-5-2025-12,Tumakuru,Economic Offences,2025-12,11,5,24311,12,2,2,2,3,2.0,2.167,2.167,34,0.0588,1
11-5-2026-01,Tumakuru,Economic Offences,2026-01,11,5,24312,1,1,2,2,2,1.667,1.5,2.0,27,0.037,8
11-5-2026-02,Tumakuru,Economic Offences,2026-02,11,5,24313,2,8,1,2,3,3.667,2.667,2.5,42,0.1905,2
11-5-2026-03,Tumakuru,Economic Offences,2026-03,11,5,24314,3,2,8,1,2,3.667,2.833,2.417,42,0.0476,3
11-5-2026-04,Tumakuru,Economic Offences,2026-04,11,5,24315,4,3,2,8,2,4.333,3.0,2.5,48,0.0625,6
11-5-2026-05,Tumakuru,Economic Offences,2026-05,11,5,24316,5,6,3,2,1,3.667,3.667,2.833,36,0.1667,3
11-5-2026-06,Tumakuru,Economic Offences,2026-06,11,5,24317,6,3,6,3,5,4.0,3.833,3.0,46,0.0652,8
11-6-2024-02,Tumakuru,NDPS,2024-02,11,6,24289,2,0,0,1,2,0.333,0.167,0.667,18,0.0,0
11-6-2024-03,Tumakuru,NDPS,2024-03,11,6,24290,3,0,0,0,1,0.0,0.167,0.5,24,0.0,0
11-6-2024-04,Tumakuru,NDPS,2024-04,11,6,24291,4,0,0,0,0,0.0,0.167,0.417,20,0.0,1
11-6-2024-05,Tumakuru,NDPS,2024-05,11,6,24292,5,1,0,0,1,0.333,0.333,0.5,22,0.0455,1
11-6-2024-06,Tumakuru,NDPS,2024-06,11,6,24293,6,1,1,0,0,0.667,0.333,0.5,22,0.0455,0
11-6-2024-07,Tumakuru,NDPS,2024-07,11,6,24294,7,0,1,1,3,0.667,0.333,0.5,26,0.0,3
11-6-2024-08,Tumakuru,NDPS,2024-08,11,6,24295,8,3,0,1,0,1.333,0.833,0.5,24,0.125,0
11-6-2024-09,Tumakuru,NDPS,2024-09,11,6,24296,9,0,3,0,0,1.0,0.833,0.5,23,0.0,0
11-6-2024-10,Tumakuru,NDPS,2024-10,11,6,24297,10,0,0,3,0,1.0,0.833,0.5,26,0.0,0
11-6-2024-11,Tumakuru,NDPS,2024-11,11,6,24298,11,0,0,0,1,0.0,0.667,0.5,32,0.0,1
11-6-2024-12,Tumakuru,NDPS,2024-12,11,6,24299,12,1,0,0,0,0.333,0.667,0.5,42,0.0238,1
11-6-2025-01,Tumakuru,NDPS,2025-01,11,6,24300,1,1,1,0,0,0.667,0.833,0.583,35,0.0286,1
11-6-2025-02,Tumakuru,NDPS,2025-02,11,6,24301,2,1,1,1,0,1.0,0.5,0.667,28,0.0357,1
11-6-2025-03,Tumakuru,NDPS,2025-03,11,6,24302,3,1,1,1,0,1.0,0.667,0.75,26,0.0385,1
11-6-2025-04,Tumakuru,NDPS,2025-04,11,6,24303,4,1,1,1,1,1.0,0.833,0.833,22,0.0455,1
11-6-2025-05,Tumakuru,NDPS,2025-05,11,6,24304,5,1,1,1,1,1.0,1.0,0.833,26,0.0385,0
11-6-2025-06,Tumakuru,NDPS,2025-06,11,6,24305,6,0,1,1,0,0.667,0.833,0.75,25,0.0,0
11-6-2025-07,Tumakuru,NDPS,2025-07,11,6,24306,7,0,0,1,3,0.333,0.667,0.75,34,0.0,0
11-6-2025-08,Tumakuru,NDPS,2025-08,11,6,24307,8,0,0,0,0,0.0,0.5,0.5,22,0.0,0
11-6-2025-09,Tumakuru,NDPS,2025-09,11,6,24308,9,0,0,0,0,0.0,0.333,0.5,23,0.0,0
11-6-2025-10,Tumakuru,NDPS,2025-10,11,6,24309,10,0,0,0,0,0.0,0.167,0.5,25,0.0,1
11-6-2025-11,Tumakuru,NDPS,2025-11,11,6,24310,11,1,0,0,1,0.333,0.167,0.583,42,0.0238,1
11-6-2025-12,Tumakuru,NDPS,2025-12,11,6,24311,12,1,1,0,1,0.667,0.333,0.583,34,0.0294,0
11-6-2026-01,Tumakuru,NDPS,2026-01,11,6,24312,1,0,1,1,1,0.667,0.333,0.5,27,0.0,1
11-6-2026-02,Tumakuru,NDPS,2026-02,11,6,24313,2,1,0,1,1,0.667,0.5,0.5,42,0.0238,2
11-6-2026-03,Tumakuru,NDPS,2026-03,11,6,24314,3,2,1,0,1,1.0,0.833,0.583,42,0.0476,2
11-6-2026-04,Tumakuru,NDPS,2026-04,11,6,24315,4,2,2,1,1,1.667,1.167,0.667,48,0.0417,0
11-6-2026-05,Tumakuru,NDPS,2026-05,11,6,24316,5,0,2,2,0,1.333,1.0,0.583,36,0.0,3
11-6-2026-06,Tumakuru,NDPS,2026-06,11,6,24317,6,3,0,2,0,1.667,1.333,0.833,46,0.0652,1
11-7-2024-02,Tumakuru,Missing / UDR,2024-02,11,7,24289,2,1,0,3,0,1.333,1.833,1.417,18,0.0556,0
11-7-2024-03,Tumakuru,Missing / UDR,2024-03,11,7,24290,3,0,1,0,1,0.333,1.5,1.417,24,0.0,2
11-7-2024-04,Tumakuru,Missing / UDR,2024-04,11,7,24291,4,2,0,1,1,1.0,1.5,1.5,20,0.1,2
11-7-2024-05,Tumakuru,Missing / UDR,2024-05,11,7,24292,5,2,2,0,2,1.333,1.333,1.583,22,0.0909,1
11-7-2024-06,Tumakuru,Missing / UDR,2024-06,11,7,24293,6,1,2,2,2,1.667,1.0,1.5,22,0.0455,1
11-7-2024-07,Tumakuru,Missing / UDR,2024-07,11,7,24294,7,1,1,2,0,1.333,1.167,1.417,26,0.0385,1
11-7-2024-08,Tumakuru,Missing / UDR,2024-08,11,7,24295,8,1,1,1,2,1.0,1.167,1.5,24,0.0417,1
11-7-2024-09,Tumakuru,Missing / UDR,2024-09,11,7,24296,9,1,1,1,2,1.0,1.333,1.417,23,0.0435,3
11-7-2024-10,Tumakuru,Missing / UDR,2024-10,11,7,24297,10,3,1,1,3,1.667,1.5,1.5,26,0.1154,0
11-7-2024-11,Tumakuru,Missing / UDR,2024-11,11,7,24298,11,0,3,1,3,1.333,1.167,1.25,32,0.0,1
11-7-2024-12,Tumakuru,Missing / UDR,2024-12,11,7,24299,12,1,0,3,0,1.333,1.167,1.083,42,0.0238,0
11-7-2025-01,Tumakuru,Missing / UDR,2025-01,11,7,24300,1,0,1,0,1,0.333,1.0,1.083,35,0.0,1
11-7-2025-02,Tumakuru,Missing / UDR,2025-02,11,7,24301,2,1,0,1,0,0.667,1.0,1.083,28,0.0357,3
11-7-2025-03,Tumakuru,Missing / UDR,2025-03,11,7,24302,3,3,1,0,2,1.333,1.333,1.333,26,0.1154,1
11-7-2025-04,Tumakuru,Missing / UDR,2025-04,11,7,24303,4,1,3,1,2,1.667,1.0,1.25,22,0.0455,1
11-7-2025-05,Tumakuru,Missing / UDR,2025-05,11,7,24304,5,1,1,3,1,1.667,1.167,1.167,26,0.0385,0
11-7-2025-06,Tumakuru,Missing / UDR,2025-06,11,7,24305,6,0,1,1,1,0.667,1.0,1.083,25,0.0,4
11-7-2025-07,Tumakuru,Missing / UDR,2025-07,11,7,24306,7,4,0,1,1,1.667,1.667,1.333,34,0.1176,1
11-7-2025-08,Tumakuru,Missing / UDR,2025-08,11,7,24307,8,1,4,0,1,1.667,1.667,1.333,22,0.0455,1
11-7-2025-09,Tumakuru,Missing / UDR,2025-09,11,7,24308,9,1,1,4,3,2.0,1.333,1.333,23,0.0435,1
11-7-2025-10,Tumakuru,Missing / UDR,2025-10,11,7,24309,10,1,1,1,0,1.0,1.333,1.167,25,0.04,4
11-7-2025-11,Tumakuru,Missing / UDR,2025-11,11,7,24310,11,4,1,1,1,2.0,1.833,1.5,42,0.0952,3
11-7-2025-12,Tumakuru,Missing / UDR,2025-12,11,7,24311,12,3,4,1,0,2.667,2.333,1.667,34,0.0882,1
11-7-2026-01,Tumakuru,Missing / UDR,2026-01,11,7,24312,1,1,3,4,1,2.667,1.833,1.75,27,0.037,1
11-7-2026-02,Tumakuru,Missing / UDR,2026-02,11,7,24313,2,1,1,3,3,1.667,1.833,1.75,42,0.0238,4
11-7-2026-03,Tumakuru,Missing / UDR,2026-03,11,7,24314,3,4,1,1,1,2.0,2.333,1.833,42,0.0952,1
11-7-2026-04,Tumakuru,Missing / UDR,2026-04,11,7,24315,4,1,4,1,1,2.0,2.333,1.833,48,0.0208,0
11-7-2026-05,Tumakuru,Missing / UDR,2026-05,11,7,24316,5,0,1,4,0,1.667,1.667,1.75,36,0.0,1
11-7-2026-06,Tumakuru,Missing / UDR,2026-06,11,7,24317,6,1,0,1,4,0.667,1.333,1.833,46,0.0217,5
11-8-2024-04,Tumakuru,Traffic / PAR,2024-04,11,8,24291,4,0,2,1,0,1.0,1.167,1.167,20,0.0,1
11-8-2024-05,Tumakuru,Traffic / PAR,2024-05,11,8,24292,5,1,0,2,1,1.0,1.333,1.25,22,0.0455,1
11-8-2024-06,Tumakuru,Traffic / PAR,2024-06,11,8,24293,6,1,1,0,4,0.667,0.833,1.25,22,0.0455,0
11-8-2024-07,Tumakuru,Traffic / PAR,2024-07,11,8,24294,7,0,1,1,0,0.667,0.833,0.917,26,0.0,3
11-8-2024-08,Tumakuru,Traffic / PAR,2024-08,11,8,24295,8,3,0,1,1,1.333,1.167,1.167,24,0.125,0
11-8-2024-09,Tumakuru,Traffic / PAR,2024-09,11,8,24296,9,0,3,0,1,1.0,0.833,1.083,23,0.0,0
11-8-2024-10,Tumakuru,Traffic / PAR,2024-10,11,8,24297,10,0,0,3,0,1.0,0.833,1.0,26,0.0,1
11-8-2024-11,Tumakuru,Traffic / PAR,2024-11,11,8,24298,11,1,0,0,4,0.333,0.833,1.083,32,0.0312,1
11-8-2024-12,Tumakuru,Traffic / PAR,2024-12,11,8,24299,12,1,1,0,0,0.667,0.833,0.833,42,0.0238,2
11-8-2025-01,Tumakuru,Traffic / PAR,2025-01,11,8,24300,1,2,1,1,1,1.333,1.167,1.0,35,0.0571,2
11-8-2025-02,Tumakuru,Traffic / PAR,2025-02,11,8,24301,2,2,2,1,2,1.667,1.0,1.083,28,0.0714,0
11-8-2025-03,Tumakuru,Traffic / PAR,2025-03,11,8,24302,3,0,2,2,0,1.333,1.0,0.917,26,0.0,3
11-8-2025-04,Tumakuru,Traffic / PAR,2025-04,11,8,24303,4,3,0,2,1,1.667,1.5,1.167,22,0.1364,1
11-8-2025-05,Tumakuru,Traffic / PAR,2025-05,11,8,24304,5,1,3,0,1,1.333,1.5,1.167,26,0.0385,2
11-8-2025-06,Tumakuru,Traffic / PAR,2025-06,11,8,24305,6,2,1,3,0,2.0,1.667,1.25,25,0.08,3
11-8-2025-07,Tumakuru,Traffic / PAR,2025-07,11,8,24306,7,3,2,1,3,2.0,1.833,1.5,34,0.0882,2
11-8-2025-08,Tumakuru,Traffic / PAR,2025-08,11,8,24307,8,2,3,2,0,2.333,1.833,1.417,22,0.0909,0
11-8-2025-09,Tumakuru,Traffic / PAR,2025-09,11,8,24308,9,0,2,3,0,1.667,1.833,1.417,23,0.0,2
11-8-2025-10,Tumakuru,Traffic / PAR,2025-10,11,8,24309,10,2,0,2,1,1.333,1.667,1.583,25,0.08,3
11-8-2025-11,Tumakuru,Traffic / PAR,2025-11,11,8,24310,11,3,2,0,1,1.667,2.0,1.75,42,0.0714,1
11-8-2025-12,Tumakuru,Traffic / PAR,2025-12,11,8,24311,12,1,3,2,2,2.0,1.833,1.75,34,0.0294,0
11-8-2026-01,Tumakuru,Traffic / PAR,2026-01,11,8,24312,1,0,1,3,2,1.333,1.333,1.583,27,0.0,1
11-8-2026-02,Tumakuru,Traffic / PAR,2026-02,11,8,24313,2,1,0,1,0,0.667,1.167,1.5,42,0.0238,3
11-8-2026-03,Tumakuru,Traffic / PAR,2026-03,11,8,24314,3,3,1,0,3,1.333,1.667,1.75,42,0.0714,4
11-8-2026-04,Tumakuru,Traffic / PAR,2026-04,11,8,24315,4,4,3,1,1,2.667,2.0,1.833,48,0.0833,2
11-8-2026-05,Tumakuru,Traffic / PAR,2026-05,11,8,24316,5,2,4,3,2,3.0,1.833,1.917,36,0.0556,2
11-8-2026-06,Tumakuru,Traffic / PAR,2026-06,11,8,24317,6,2,2,4,3,2.667,2.0,1.917,46,0.0435,1
12-1-2024-02,Davanagere,Crimes Against Body,2024-02,12,1,24289,2,4,2,5,1,3.667,3.5,3.25,31,0.129,1
12-1-2024-03,Davanagere,Crimes Against Body,2024-03,12,1,24290,3,1,4,2,6,2.333,3.0,3.25,15,0.0667,4
12-1-2024-04,Davanagere,Crimes Against Body,2024-04,12,1,24291,4,4,1,4,1,3.0,2.833,3.083,23,0.1739,5
12-1-2024-05,Davanagere,Crimes Against Body,2024-05,12,1,24292,5,5,4,1,4,3.333,3.5,3.417,19,0.2632,4
12-1-2024-06,Davanagere,Crimes Against Body,2024-06,12,1,24293,6,4,5,4,2,4.333,3.333,3.417,28,0.1429,1
12-1-2024-07,Davanagere,Crimes Against Body,2024-07,12,1,24294,7,1,4,5,4,3.333,3.167,3.333,25,0.04,2
12-1-2024-08,Davanagere,Crimes Against Body,2024-08,12,1,24295,8,2,1,4,4,2.333,2.833,3.167,24,0.0833,1
12-1-2024-09,Davanagere,Crimes Against Body,2024-09,12,1,24296,9,1,2,1,5,1.333,2.833,2.917,20,0.05,6
12-1-2024-10,Davanagere,Crimes Against Body,2024-10,12,1,24297,10,6,1,2,1,3.0,3.167,3.0,23,0.2609,3
12-1-2024-11,Davanagere,Crimes Against Body,2024-11,12,1,24298,11,3,6,1,5,3.333,2.833,3.167,38,0.0789,4
12-1-2024-12,Davanagere,Crimes Against Body,2024-12,12,1,24299,12,4,3,6,2,4.333,2.833,3.083,30,0.1333,1
12-1-2025-01,Davanagere,Crimes Against Body,2025-01,12,1,24300,1,1,4,3,4,2.667,2.833,3.0,19,0.0526,5
12-1-2025-02,Davanagere,Crimes Against Body,2025-02,12,1,24301,2,5,1,4,1,3.333,3.333,3.083,24,0.2083,3
12-1-2025-03,Davanagere,Crimes Against Body,2025-03,12,1,24302,3,3,5,1,4,3.0,3.667,3.25,22,0.1364,2
12-1-2025-04,Davanagere,Crimes Against Body,2025-04,12,1,24303,4,2,3,5,5,3.333,3.0,3.083,19,0.1053,2
12-1-2025-05,Davanagere,Crimes Against Body,2025-05,12,1,24304,5,2,2,3,4,2.333,2.833,2.833,15,0.1333,4
12-1-2025-06,Davanagere,Crimes Against Body,2025-06,12,1,24305,6,4,2,2,1,2.667,2.833,2.833,20,0.2,2
12-1-2025-07,Davanagere,Crimes Against Body,2025-07,12,1,24306,7,2,4,2,2,2.667,3.0,2.917,24,0.0833,1
12-1-2025-08,Davanagere,Crimes Against Body,2025-08,12,1,24307,8,1,2,4,1,2.333,2.333,2.833,22,0.0455,2
12-1-2025-09,Davanagere,Crimes Against Body,2025-09,12,1,24308,9,2,1,2,6,1.667,2.167,2.917,23,0.087,3
12-1-2025-10,Davanagere,Crimes Against Body,2025-10,12,1,24309,10,3,2,1,3,2.0,2.333,2.667,23,0.1304,0
12-1-2025-11,Davanagere,Crimes Against Body,2025-11,12,1,24310,11,0,3,2,4,1.667,2.0,2.417,33,0.0,4
12-1-2025-12,Davanagere,Crimes Against Body,2025-12,12,1,24311,12,4,0,3,1,2.333,2.0,2.417,29,0.1379,1
12-1-2026-01,Davanagere,Crimes Against Body,2026-01,12,1,24312,1,1,4,0,5,1.667,1.833,2.417,26,0.0385,7
12-1-2026-02,Davanagere,Crimes Against Body,2026-02,12,1,24313,2,7,1,4,3,4.0,2.833,2.583,46,0.1522,5
12-1-2026-03,Davanagere,Crimes Against Body,2026-03,12,1,24314,3,5,7,1,2,4.333,3.333,2.75,43,0.1163,3
12-1-2026-04,Davanagere,Crimes Against Body,2026-04,12,1,24315,4,3,5,7,2,5.0,3.333,2.833,42,0.0714,3
12-1-2026-05,Davanagere,Crimes Against Body,2026-05,12,1,24316,5,3,3,5,4,3.667,3.833,2.917,44,0.0682,2
12-1-2026-06,Davanagere,Crimes Against Body,2026-06,12,1,24317,6,2,3,3,2,2.667,3.5,2.75,30,0.0667,8
12-2-2024-02,Davanagere,Crimes Against Property,2024-02,12,2,24289,2,15,3,26,4,14.667,12.0,9.0,31,0.4839,4
12-2-2024-03,Davanagere,Crimes Against Property,2024-03,12,2,24290,3,4,15,3,6,7.333,11.833,9.0,15,0.2667,9
12-2-2024-04,Davanagere,Crimes Against Property,2024-04,12,2,24291,4,9,4,15,6,9.333,12.667,9.25,23,0.3913,6
12-2-2024-05,Davanagere,Crimes Against Property,2024-05,12,2,24292,5,6,9,4,8,6.333,10.5,9.25,19,0.3158,11
12-2-2024-06,Davanagere,Crimes Against Property,2024-06,12,2,24293,6,11,6,9,4,8.667,8.0,9.5,28,0.3929,9
12-2-2024-07,Davanagere,Crimes Against Property,2024-07,12,2,24294,7,9,11,6,8,8.667,9.0,9.917,25,0.36,11
12-2-2024-08,Davanagere,Crimes Against Property,2024-08,12,2,24295,8,11,9,11,5,10.333,8.333,10.167,24,0.4583,7
12-2-2024-09,Davanagere,Crimes Against Property,2024-09,12,2,24296,9,7,11,9,4,9.0,8.833,10.333,20,0.35,8
12-2-2024-10,Davanagere,Crimes Against Property,2024-10,12,2,24297,10,8,7,11,19,8.667,8.667,10.667,23,0.3478,25
12-2-2024-11,Davanagere,Crimes Against Property,2024-11,12,2,24298,11,25,8,7,26,13.333,11.833,11.167,38,0.6579,16
12-2-2024-12,Davanagere,Crimes Against Property,2024-12,12,2,24299,12,16,25,8,3,16.333,12.667,10.333,30,0.5333,9
12-2-2025-01,Davanagere,Crimes Against Property,2025-01,12,2,24300,1,9,16,25,15,16.667,12.667,10.833,19,0.4737,8
12-2-2025-02,Davanagere,Crimes Against Property,2025-02,12,2,24301,2,8,9,16,4,11.0,12.167,10.25,24,0.3333,7
12-2-2025-03,Davanagere,Crimes Against Property,2025-03,12,2,24302,3,7,8,9,9,8.0,12.167,10.5,22,0.3182,7
12-2-2025-04,Davanagere,Crimes Against Property,2025-04,12,2,24303,4,7,7,8,6,7.333,12.0,10.333,19,0.3684,6
12-2-2025-05,Davanagere,Crimes Against Property,2025-05,12,2,24304,5,6,7,7,11,6.667,8.833,10.333,15,0.4,11
12-2-2025-06,Davanagere,Crimes Against Property,2025-06,12,2,24305,6,11,6,7,9,8.0,8.0,10.333,20,0.55,5
12-2-2025-07,Davanagere,Crimes Against Property,2025-07,12,2,24306,7,5,11,6,11,7.333,7.333,10.0,24,0.2083,7
12-2-2025-08,Davanagere,Crimes Against Property,2025-08,12,2,24307,8,7,5,11,7,7.667,7.167,9.667,22,0.3182,11
12-2-2025-09,Davanagere,Crimes Against Property,2025-09,12,2,24308,9,11,7,5,8,7.667,7.833,10.0,23,0.4783,13
12-2-2025-10,Davanagere,Crimes Against Property,2025-10,12,2,24309,10,13,11,7,25,10.333,8.833,10.417,23,0.5652,24
12-2-2025-11,Davanagere,Crimes Against Property,2025-11,12,2,24310,11,24,13,11,16,16.0,11.833,10.333,33,0.7273,15
12-2-2025-12,Davanagere,Crimes Against Property,2025-12,12,2,24311,12,15,24,13,9,17.333,12.5,10.25,29,0.5172,16
12-2-2026-01,Davanagere,Crimes Against Property,2026-01,12,2,24312,1,16,15,24,8,18.333,14.333,10.833,26,0.6154,15
12-2-2026-02,Davanagere,Crimes Against Property,2026-02,12,2,24313,2,15,16,15,7,15.333,15.667,11.417,46,0.3261,15
12-2-2026-03,Davanagere,Crimes Against Property,2026-03,12,2,24314,3,15,15,16,7,15.333,16.333,12.083,43,0.3488,19
12-2-2026-04,Davanagere,Crimes Against Property,2026-04,12,2,24315,4,19,15,15,6,16.333,17.333,13.083,42,0.4524,13
12-2-2026-05,Davanagere,Crimes Against Property,2026-05,12,2,24316,5,13,19,15,11,15.667,15.5,13.667,44,0.2955,15
12-2-2026-06,Davanagere,Crimes Against Property,2026-06,12,2,24317,6,15,13,19,5,15.667,15.5,14.0,30,0.5,8
12-3-2024-02,Davanagere,Crimes Against Women,2024-02,12,3,24289,2,3,3,1,4,2.333,2.333,2.167,31,0.0968,3
12-3-2024-03,Davanagere,Crimes Against Women,2024-03,12,3,24290,3,3,3,3,1,3.0,1.833,2.083,15,0.2,1
12-3-2024-04,Davanagere,Crimes Against Women,2024-04,12,3,24291,4,1,3,3,2,2.333,1.833,2.083,23,0.0435,2
12-3-2024-05,Davanagere,Crimes Against Women,2024-05,12,3,24292,5,2,1,3,1,2.0,2.167,2.083,19,0.1053,0
12-3-2024-06,Davanagere,Crimes Against Women,2024-06,12,3,24293,6,0,2,1,3,1.0,2.0,2.0,28,0.0,2
12-3-2024-07,Davanagere,Crimes Against Women,2024-07,12,3,24294,7,2,0,2,1,1.333,1.833,1.917,25,0.08,0
12-3-2024-08,Davanagere,Crimes Against Women,2024-08,12,3,24295,8,0,2,0,6,0.667,1.333,1.833,24,0.0,0
12-3-2024-09,Davanagere,Crimes Against Women,2024-09,12,3,24296,9,0,0,2,1,0.667,0.833,1.333,20,0.0,4
12-3-2024-10,Davanagere,Crimes Against Women,2024-10,12,3,24297,10,4,0,0,0,1.333,1.333,1.583,23,0.1739,3
12-3-2024-11,Davanagere,Crimes Against Women,2024-11,12,3,24298,11,3,4,0,1,2.333,1.5,1.833,38,0.0789,3
12-3-2024-12,Davanagere,Crimes Against Women,2024-12,12,3,24299,12,3,3,4,3,3.333,2.0,2.0,30,0.1,0
12-3-2025-01,Davanagere,Crimes Against Women,2025-01,12,3,24300,1,0,3,3,3,2.0,1.667,1.75,19,0.0,1
12-3-2025-02,Davanagere,Crimes Against Women,2025-02,12,3,24301,2,1,0,3,3,1.333,1.833,1.583,24,0.0417,2
12-3-2025-03,Davanagere,Crimes Against Women,2025-03,12,3,24302,3,2,1,0,1,1.0,2.167,1.5,22,0.0909,0
12-3-2025-04,Davanagere,Crimes Against Women,2025-04,12,3,24303,4,0,2,1,2,1.0,1.5,1.417,19,0.0,0
12-3-2025-05,Davanagere,Crimes Against Women,2025-05,12,3,24304,5,0,0,2,0,0.667,1.0,1.25,15,0.0,2
12-3-2025-06,Davanagere,Crimes Against Women,2025-06,12,3,24305,6,2,0,0,2,0.667,0.833,1.417,20,0.1,0
12-3-2025-07,Davanagere,Crimes Against Women,2025-07,12,3,24306,7,0,2,0,0,0.667,0.833,1.25,24,0.0,0
12-3-2025-08,Davanagere,Crimes Against Women,2025-08,12,3,24307,8,0,0,2,0,0.667,0.667,1.25,22,0.0,1
12-3-2025-09,Davanagere,Crimes Against Women,2025-09,12,3,24308,9,1,0,0,4,0.333,0.5,1.333,23,0.0435,1
12-3-2025-10,Davanagere,Crimes Against Women,2025-10,12,3,24309,10,1,1,0,3,0.667,0.667,1.083,23,0.0435,0
12-3-2025-11,Davanagere,Crimes Against Women,2025-11,12,3,24310,11,0,1,1,3,0.667,0.667,0.833,33,0.0,1
12-3-2025-12,Davanagere,Crimes Against Women,2025-12,12,3,24311,12,1,0,1,0,0.667,0.5,0.667,29,0.0345,0
12-3-2026-01,Davanagere,Crimes Against Women,2026-01,12,3,24312,1,0,1,0,1,0.333,0.5,0.667,26,0.0,3
12-3-2026-02,Davanagere,Crimes Against Women,2026-02,12,3,24313,2,3,0,1,2,1.333,1.0,0.833,46,0.0652,2
12-3-2026-03,Davanagere,Crimes Against Women,2026-03,12,3,24314,3,2,3,0,0,1.667,1.167,0.833,43,0.0465,4
12-3-2026-04,Davanagere,Crimes Against Women,2026-04,12,3,24315,4,4,2,3,0,3.0,1.667,1.167,42,0.0952,8
12-3-2026-05,Davanagere,Crimes Against Women,2026-05,12,3,24316,5,8,4,2,2,4.667,3.0,1.833,44,0.1818,2
12-3-2026-06,Davanagere,Crimes Against Women,2026-06,12,3,24317,6,2,8,4,0,4.667,3.167,1.833,30,0.0667,1
12-4-2024-02,Davanagere,Cyber Crime,2024-02,12,4,24289,2,6,5,6,6,5.667,4.667,4.333,31,0.1935,2
12-4-2024-03,Davanagere,Cyber Crime,2024-03,12,4,24290,3,2,6,5,4,4.333,4.333,4.0,15,0.1333,4
12-4-2024-04,Davanagere,Cyber Crime,2024-04,12,4,24291,4,4,2,6,7,4.0,4.333,4.0,23,0.1739,1
12-4-2024-05,Davanagere,Cyber Crime,2024-05,12,4,24292,5,1,4,2,1,2.333,4.0,3.5,19,0.0526,9
12-4-2024-06,Davanagere,Cyber Crime,2024-06,12,4,24293,6,9,1,4,3,4.667,4.5,4.167,28,0.3214,4
12-4-2024-07,Davanagere,Cyber Crime,2024-07,12,4,24294,7,4,9,1,3,4.667,4.333,4.25,25,0.16,5
12-4-2024-08,Davanagere,Cyber Crime,2024-08,12,4,24295,8,5,4,9,4,6.0,4.167,4.417,24,0.2083,6
12-4-2024-09,Davanagere,Cyber Crime,2024-09,12,4,24296,9,6,5,4,4,5.0,4.833,4.583,20,0.3,2
12-4-2024-10,Davanagere,Cyber Crime,2024-10,12,4,24297,10,2,6,5,3,4.333,4.5,4.417,23,0.087,3
12-4-2024-11,Davanagere,Cyber Crime,2024-11,12,4,24298,11,3,2,6,6,3.667,4.833,4.417,38,0.0789,2
12-4-2024-12,Davanagere,Cyber Crime,2024-12,12,4,24299,12,2,3,2,5,2.333,3.667,4.083,30,0.0667,4
12-4-2025-01,Davanagere,Cyber Crime,2025-01,12,4,24300,1,4,2,3,6,3.0,3.667,4.0,19,0.2105,3
12-4-2025-02,Davanagere,Cyber Crime,2025-02,12,4,24301,2,3,4,2,2,3.0,3.333,3.75,24,0.125,5
12-4-2025-03,Davanagere,Cyber Crime,2025-03,12,4,24302,3,5,3,4,4,4.0,3.167,4.0,22,0.2273,2
12-4-2025-04,Davanagere,Cyber Crime,2025-04,12,4,24303,4,2,5,3,1,3.333,3.167,3.833,19,0.1053,2
12-4-2025-05,Davanagere,Cyber Crime,2025-05,12,4,24304,5,2,2,5,9,3.0,3.0,3.917,15,0.1333,1
12-4-2025-06,Davanagere,Cyber Crime,2025-06,12,4,24305,6,1,2,2,4,1.667,2.833,3.25,20,0.05,6
12-4-2025-07,Davanagere,Cyber Crime,2025-07,12,4,24306,7,6,1,2,5,3.0,3.167,3.417,24,0.25,9
12-4-2025-08,Davanagere,Cyber Crime,2025-08,12,4,24307,8,9,6,1,6,5.333,4.167,3.75,22,0.4091,4
12-4-2025-09,Davanagere,Cyber Crime,2025-09,12,4,24308,9,4,9,6,2,6.333,4.0,3.583,23,0.1739,2
12-4-2025-10,Davanagere,Cyber Crime,2025-10,12,4,24309,10,2,4,9,3,5.0,4.0,3.583,23,0.087,7
12-4-2025-11,Davanagere,Cyber Crime,2025-11,12,4,24310,11,7,2,4,2,4.333,4.833,3.917,33,0.2121,3
12-4-2025-12,Davanagere,Cyber Crime,2025-12,12,4,24311,12,3,7,2,4,4.0,5.167,4.0,29,0.1034,6
12-4-2026-01,Davanagere,Cyber Crime,2026-01,12,4,24312,1,6,3,7,3,5.333,5.167,4.167,26,0.2308,10
12-4-2026-02,Davanagere,Cyber Crime,2026-02,12,4,24313,2,10,6,3,5,6.333,5.333,4.75,46,0.2174,9
12-4-2026-03,Davanagere,Cyber Crime,2026-03,12,4,24314,3,9,10,6,2,8.333,6.167,5.083,43,0.2093,13
12-4-2026-04,Davanagere,Cyber Crime,2026-04,12,4,24315,4,13,9,10,2,10.667,8.0,6.0,42,0.3095,8
12-4-2026-05,Davanagere,Cyber Crime,2026-05,12,4,24316,5,8,13,9,1,10.0,8.167,6.5,44,0.1818,3
12-4-2026-06,Davanagere,Cyber Crime,2026-06,12,4,24317,6,3,8,13,6,8.0,8.167,6.667,30,0.1,11
12-5-2024-02,Davanagere,Economic Offences,2024-02,12,5,24289,2,0,4,2,0,2.0,2.5,1.75,31,0.0,1
12-5-2024-03,Davanagere,Economic Offences,2024-03,12,5,24290,3,1,0,4,2,1.667,2.167,1.833,15,0.0667,1
12-5-2024-04,Davanagere,Economic Offences,2024-04,12,5,24291,4,1,1,0,1,0.667,1.833,1.75,23,0.0435,1
12-5-2024-05,Davanagere,Economic Offences,2024-05,12,5,24292,5,1,1,1,2,1.0,1.5,1.75,19,0.0526,2
12-5-2024-06,Davanagere,Economic Offences,2024-06,12,5,24293,6,2,1,1,0,1.333,1.5,1.75,28,0.0714,2
12-5-2024-07,Davanagere,Economic Offences,2024-07,12,5,24294,7,2,2,1,1,1.667,1.167,1.917,25,0.08,1
12-5-2024-08,Davanagere,Economic Offences,2024-08,12,5,24295,8,1,2,2,3,1.667,1.333,1.917,24,0.0417,1
12-5-2024-09,Davanagere,Economic Offences,2024-09,12,5,24296,9,1,1,2,3,1.333,1.333,1.75,20,0.05,1
12-5-2024-10,Davanagere,Economic Offences,2024-10,12,5,24297,10,1,1,1,3,1.0,1.333,1.583,23,0.0435,1
12-5-2024-11,Davanagere,Economic Offences,2024-11,12,5,24298,11,1,1,1,2,1.0,1.333,1.417,38,0.0263,0
12-5-2024-12,Davanagere,Economic Offences,2024-12,12,5,24299,12,0,1,1,4,0.667,1.0,1.25,30,0.0,0
12-5-2025-01,Davanagere,Economic Offences,2025-01,12,5,24300,1,0,0,1,0,0.333,0.667,0.917,19,0.0,2
12-5-2025-02,Davanagere,Economic Offences,2025-02,12,5,24301,2,2,0,0,1,0.667,0.833,1.083,24,0.0833,1
12-5-2025-03,Davanagere,Economic Offences,2025-03,12,5,24302,3,1,2,0,1,1.0,0.833,1.083,22,0.0455,3
12-5-2025-04,Davanagere,Economic Offences,2025-04,12,5,24303,4,3,1,2,1,2.0,1.167,1.25,19,0.1579,0
12-5-2025-05,Davanagere,Economic Offences,2025-05,12,5,24304,5,0,3,1,2,1.333,1.0,1.167,15,0.0,0
12-5-2025-06,Davanagere,Economic Offences,2025-06,12,5,24305,6,0,0,3,2,1.0,1.0,1.0,20,0.0,5
12-5-2025-07,Davanagere,Economic Offences,2025-07,12,5,24306,7,5,0,0,1,1.667,1.833,1.25,24,0.2083,3
12-5-2025-08,Davanagere,Economic Offences,2025-08,12,5,24307,8,3,5,0,1,2.667,2.0,1.417,22,0.1364,1
12-5-2025-09,Davanagere,Economic Offences,2025-09,12,5,24308,9,1,3,5,1,3.0,2.0,1.417,23,0.0435,3
12-5-2025-10,Davanagere,Economic Offences,2025-10,12,5,24309,10,3,1,3,1,2.333,2.0,1.583,23,0.1304,1
12-5-2025-11,Davanagere,Economic Offences,2025-11,12,5,24310,11,1,3,1,0,1.667,2.167,1.583,33,0.0303,2
12-5-2025-12,Davanagere,Economic Offences,2025-12,12,5,24311,12,2,1,3,0,2.0,2.5,1.75,29,0.069,3
12-5-2026-01,Davanagere,Economic Offences,2026-01,12,5,24312,1,3,2,1,2,2.0,2.167,2.0,26,0.1154,4
12-5-2026-02,Davanagere,Economic Offences,2026-02,12,5,24313,2,4,3,2,1,3.0,2.333,2.167,46,0.087,4
12-5-2026-03,Davanagere,Economic Offences,2026-03,12,5,24314,3,4,4,3,3,3.667,2.833,2.417,43,0.093,2
12-5-2026-04,Davanagere,Economic Offences,2026-04,12,5,24315,4,2,4,4,0,3.333,2.667,2.333,42,0.0476,5
12-5-2026-05,Davanagere,Economic Offences,2026-05,12,5,24316,5,5,2,4,0,3.667,3.333,2.75,44,0.1136,3
12-5-2026-06,Davanagere,Economic Offences,2026-06,12,5,24317,6,3,5,2,5,3.333,3.5,3.0,30,0.1,2
12-6-2024-03,Davanagere,NDPS,2024-03,12,6,24290,3,3,2,0,1,1.667,0.833,1.083,15,0.2,1
12-6-2024-04,Davanagere,NDPS,2024-04,12,6,24291,4,1,3,2,2,2.0,1.0,1.083,23,0.0435,1
12-6-2024-05,Davanagere,NDPS,2024-05,12,6,24292,5,1,1,3,2,1.667,1.167,1.0,19,0.0526,1
12-6-2024-06,Davanagere,NDPS,2024-06,12,6,24293,6,1,1,1,0,1.0,1.333,0.917,28,0.0357,0
12-6-2024-07,Davanagere,NDPS,2024-07,12,6,24294,7,0,1,1,0,0.667,1.333,0.917,25,0.0,3
12-6-2024-08,Davanagere,NDPS,2024-08,12,6,24295,8,3,0,1,3,1.333,1.5,1.167,24,0.125,3
12-6-2024-09,Davanagere,NDPS,2024-09,12,6,24296,9,3,3,0,0,2.0,1.5,1.167,20,0.15,1
12-6-2024-10,Davanagere,NDPS,2024-10,12,6,24297,10,1,3,3,0,2.333,1.5,1.25,23,0.0435,0
12-6-2024-11,Davanagere,NDPS,2024-11,12,6,24298,11,0,1,3,0,1.333,1.333,1.25,38,0.0,1
12-6-2024-12,Davanagere,NDPS,2024-12,12,6,24299,12,1,0,1,0,0.667,1.333,1.333,30,0.0333,2
12-6-2025-01,Davanagere,NDPS,2025-01,12,6,24300,1,2,1,0,2,1.0,1.667,1.5,19,0.1053,0
12-6-2025-02,Davanagere,NDPS,2025-02,12,6,24301,2,0,2,1,3,1.0,1.167,1.333,24,0.0,1
12-6-2025-03,Davanagere,NDPS,2025-03,12,6,24302,3,1,0,2,1,1.0,0.833,1.167,22,0.0455,1
12-6-2025-04,Davanagere,NDPS,2025-04,12,6,24303,4,1,1,0,1,0.667,0.833,1.167,19,0.0526,2
12-6-2025-05,Davanagere,NDPS,2025-05,12,6,24304,5,2,1,1,1,1.333,1.167,1.25,15,0.1333,0
12-6-2025-06,Davanagere,NDPS,2025-06,12,6,24305,6,0,2,1,0,1.0,1.0,1.167,20,0.0,2
12-6-2025-07,Davanagere,NDPS,2025-07,12,6,24306,7,2,0,2,3,1.333,1.0,1.333,24,0.0833,0
12-6-2025-08,Davanagere,NDPS,2025-08,12,6,24307,8,0,2,0,3,0.667,1.0,1.083,22,0.0,2
12-6-2025-09,Davanagere,NDPS,2025-09,12,6,24308,9,2,0,2,1,1.333,1.167,1.0,23,0.087,0
12-6-2025-10,Davanagere,NDPS,2025-10,12,6,24309,10,0,2,0,0,0.667,1.0,0.917,23,0.0,1
12-6-2025-11,Davanagere,NDPS,2025-11,12,6,24310,11,1,0,2,1,1.0,0.833,1.0,33,0.0303,1
12-6-2025-12,Davanagere,NDPS,2025-12,12,6,24311,12,1,1,0,2,0.667,1.0,1.0,29,0.0345,0
12-6-2026-01,Davanagere,NDPS,2026-01,12,6,24312,1,0,1,1,0,0.667,0.667,0.833,26,0.0,3
12-6-2026-02,Davanagere,NDPS,2026-02,12,6,24313,2,3,0,1,1,1.333,1.167,1.083,46,0.0652,2
12-6-2026-03,Davanagere,NDPS,2026-03,12,6,24314,3,2,3,0,1,1.667,1.167,1.167,43,0.0465,0
12-6-2026-04,Davanagere,NDPS,2026-04,12,6,24315,4,0,2,3,2,1.667,1.167,1.083,42,0.0,3
12-6-2026-05,Davanagere,NDPS,2026-05,12,6,24316,5,3,0,2,0,1.667,1.5,1.167,44,0.0682,0
12-6-2026-06,Davanagere,NDPS,2026-06,12,6,24317,6,0,3,0,2,1.0,1.333,1.167,30,0.0,1
12-7-2024-03,Davanagere,Missing / UDR,2024-03,12,7,24290,3,1,0,3,4,1.333,1.5,1.833,15,0.0667,1
12-7-2024-04,Davanagere,Missing / UDR,2024-04,12,7,24291,4,1,1,0,2,0.667,1.0,1.583,23,0.0435,2
12-7-2024-05,Davanagere,Missing / UDR,2024-05,12,7,24292,5,2,1,1,3,1.333,1.333,1.583,19,0.1053,0
12-7-2024-06,Davanagere,Missing / UDR,2024-06,12,7,24293,6,0,2,1,0,1.0,1.167,1.333,28,0.0,3
12-7-2024-07,Davanagere,Missing / UDR,2024-07,12,7,24294,7,3,0,2,3,1.667,1.167,1.583,25,0.12,0
12-7-2024-08,Davanagere,Missing / UDR,2024-08,12,7,24295,8,0,3,0,1,1.0,1.167,1.333,24,0.0,1
12-7-2024-09,Davanagere,Missing / UDR,2024-09,12,7,24296,9,1,0,3,4,1.333,1.167,1.333,20,0.05,0
12-7-2024-10,Davanagere,Missing / UDR,2024-10,12,7,24297,10,0,1,0,0,0.333,1.0,1.0,23,0.0,0
12-7-2024-11,Davanagere,Missing / UDR,2024-11,12,7,24298,11,0,0,1,1,0.333,0.667,1.0,38,0.0,3
12-7-2024-12,Davanagere,Missing / UDR,2024-12,12,7,24299,12,3,0,0,3,1.0,1.167,1.167,30,0.1,2
12-7-2025-01,Davanagere,Missing / UDR,2025-01,12,7,24300,1,2,3,0,0,1.667,1.0,1.083,19,0.1053,3
12-7-2025-02,Davanagere,Missing / UDR,2025-02,12,7,24301,2,3,2,3,1,2.667,1.5,1.333,24,0.125,2
12-7-2025-03,Davanagere,Missing / UDR,2025-03,12,7,24302,3,2,3,2,1,2.333,1.667,1.417,22,0.0909,3
12-7-2025-04,Davanagere,Missing / UDR,2025-04,12,7,24303,4,3,2,3,2,2.667,2.167,1.583,19,0.1579,1
12-7-2025-05,Davanagere,Missing / UDR,2025-05,12,7,24304,5,1,3,2,0,2.0,2.333,1.5,15,0.0667,1
12-7-2025-06,Davanagere,Missing / UDR,2025-06,12,7,24305,6,1,1,3,3,1.667,2.0,1.583,20,0.05,3
12-7-2025-07,Davanagere,Missing / UDR,2025-07,12,7,24306,7,3,1,1,0,1.667,2.167,1.583,24,0.125,2
12-7-2025-08,Davanagere,Missing / UDR,2025-08,12,7,24307,8,2,3,1,1,2.0,2.0,1.75,22,0.0909,1
12-7-2025-09,Davanagere,Missing / UDR,2025-09,12,7,24308,9,1,2,3,0,2.0,1.833,1.75,23,0.0435,0
12-7-2025-10,Davanagere,Missing / UDR,2025-10,12,7,24309,10,0,1,2,0,1.0,1.333,1.75,23,0.0,0
12-7-2025-11,Davanagere,Missing / UDR,2025-11,12,7,24310,11,0,0,1,3,0.333,1.167,1.75,33,0.0,2
12-7-2025-12,Davanagere,Missing / UDR,2025-12,12,7,24311,12,2,0,0,2,0.667,1.333,1.667,29,0.069,0
12-7-2026-01,Davanagere,Missing / UDR,2026-01,12,7,24312,1,0,2,0,3,0.667,0.833,1.5,26,0.0,2
12-7-2026-02,Davanagere,Missing / UDR,2026-02,12,7,24313,2,2,0,2,2,1.333,0.833,1.417,46,0.0435,1
12-7-2026-03,Davanagere,Missing / UDR,2026-03,12,7,24314,3,1,2,0,3,1.0,0.833,1.333,43,0.0233,0
12-7-2026-04,Davanagere,Missing / UDR,2026-04,12,7,24315,4,0,1,2,1,1.0,0.833,1.083,42,0.0,1
12-7-2026-05,Davanagere,Missing / UDR,2026-05,12,7,24316,5,1,0,1,1,0.667,1.0,1.083,44,0.0227,3
12-7-2026-06,Davanagere,Missing / UDR,2026-06,12,7,24317,6,3,1,0,3,1.333,1.167,1.25,30,0.1,2
12-8-2024-02,Davanagere,Traffic / PAR,2024-02,12,8,24289,2,1,3,1,2,1.667,1.333,1.25,31,0.0323,0
12-8-2024-03,Davanagere,Traffic / PAR,2024-03,12,8,24290,3,0,1,3,1,1.333,1.333,1.083,15,0.0,2
12-8-2024-04,Davanagere,Traffic / PAR,2024-04,12,8,24291,4,2,0,1,1,1.0,1.5,1.167,23,0.087,1
12-8-2024-05,Davanagere,Traffic / PAR,2024-05,12,8,24292,5,1,2,0,1,1.0,1.333,1.167,19,0.0526,1
12-8-2024-06,Davanagere,Traffic / PAR,2024-06,12,8,24293,6,1,1,2,1,1.333,1.333,1.167,28,0.0357,4
12-8-2024-07,Davanagere,Traffic / PAR,2024-07,12,8,24294,7,4,1,1,1,2.0,1.5,1.417,25,0.16,2
12-8-2024-08,Davanagere,Traffic / PAR,2024-08,12,8,24295,8,2,4,1,0,2.333,1.667,1.5,24,0.0833,1
12-8-2024-09,Davanagere,Traffic / PAR,2024-09,12,8,24296,9,1,2,4,1,2.333,1.833,1.583,20,0.05,1
12-8-2024-10,Davanagere,Traffic / PAR,2024-10,12,8,24297,10,1,1,2,2,1.333,1.667,1.583,23,0.0435,3
12-8-2024-11,Davanagere,Traffic / PAR,2024-11,12,8,24298,11,3,1,1,1,1.667,2.0,1.667,38,0.0789,1
12-8-2024-12,Davanagere,Traffic / PAR,2024-12,12,8,24299,12,1,3,1,3,1.667,2.0,1.667,30,0.0333,1
12-8-2025-01,Davanagere,Traffic / PAR,2025-01,12,8,24300,1,1,1,3,1,1.667,1.5,1.5,19,0.0526,2
12-8-2025-02,Davanagere,Traffic / PAR,2025-02,12,8,24301,2,2,1,1,0,1.333,1.5,1.583,24,0.0833,1
12-8-2025-03,Davanagere,Traffic / PAR,2025-03,12,8,24302,3,1,2,1,2,1.333,1.5,1.667,22,0.0455,1
12-8-2025-04,Davanagere,Traffic / PAR,2025-04,12,8,24303,4,1,1,2,1,1.333,1.5,1.583,19,0.0526,2
12-8-2025-05,Davanagere,Traffic / PAR,2025-05,12,8,24304,5,2,1,1,1,1.333,1.333,1.667,15,0.1333,1
12-8-2025-06,Davanagere,Traffic / PAR,2025-06,12,8,24305,6,1,2,1,4,1.333,1.333,1.667,20,0.05,1
12-8-2025-07,Davanagere,Traffic / PAR,2025-07,12,8,24306,7,1,1,2,2,1.333,1.333,1.417,24,0.0417,0
12-8-2025-08,Davanagere,Traffic / PAR,2025-08,12,8,24307,8,0,1,1,1,0.667,1.0,1.25,22,0.0,1
12-8-2025-09,Davanagere,Traffic / PAR,2025-09,12,8,24308,9,1,0,1,1,0.667,1.0,1.25,23,0.0435,1
12-8-2025-10,Davanagere,Traffic / PAR,2025-10,12,8,24309,10,1,1,0,3,0.667,1.0,1.25,23,0.0435,0
12-8-2025-11,Davanagere,Traffic / PAR,2025-11,12,8,24310,11,0,1,1,1,0.667,0.667,1.0,33,0.0,1
12-8-2025-12,Davanagere,Traffic / PAR,2025-12,12,8,24311,12,1,0,1,1,0.667,0.667,1.0,29,0.0345,0
12-8-2026-01,Davanagere,Traffic / PAR,2026-01,12,8,24312,1,0,1,0,2,0.333,0.5,0.917,26,0.0,2
12-8-2026-02,Davanagere,Traffic / PAR,2026-02,12,8,24313,2,2,0,1,1,1.0,0.833,0.917,46,0.0435,5
12-8-2026-03,Davanagere,Traffic / PAR,2026-03,12,8,24314,3,5,2,0,1,2.333,1.5,1.25,43,0.1163,1
12-8-2026-04,Davanagere,Traffic / PAR,2026-04,12,8,24315,4,1,5,2,2,2.667,1.5,1.25,42,0.0238,3
12-8-2026-05,Davanagere,Traffic / PAR,2026-05,12,8,24316,5,3,1,5,1,3.0,2.0,1.333,44,0.0682,2
12-8-2026-06,Davanagere,Traffic / PAR,2026-06,12,8,24317,6,2,3,1,1,2.0,2.167,1.417,30,0.0667,3
13-1-2024-02,Udupi,Crimes Against Body,2024-02,13,1,24289,2,5,4,3,0,4.0,3.0,3.083,19,0.2632,2
13-1-2024-03,Udupi,Crimes Against Body,2024-03,13,1,24290,3,2,5,4,6,3.667,2.833,3.25,22,0.0909,3
13-1-2024-04,Udupi,Crimes Against Body,2024-04,13,1,24291,4,3,2,5,2,3.333,3.0,3.0,13,0.2308,3
13-1-2024-05,Udupi,Crimes Against Body,2024-05,13,1,24292,5,3,3,2,3,2.667,3.333,3.083,22,0.1364,3
13-1-2024-06,Udupi,Crimes Against Body,2024-06,13,1,24293,6,3,3,3,3,3.0,3.333,3.083,22,0.1364,1
13-1-2024-07,Udupi,Crimes Against Body,2024-07,13,1,24294,7,1,3,3,5,2.333,2.833,2.917,15,0.0667,1
13-1-2024-08,Udupi,Crimes Against Body,2024-08,13,1,24295,8,1,1,3,3,1.667,2.167,2.583,11,0.0909,3
13-1-2024-09,Udupi,Crimes Against Body,2024-09,13,1,24296,9,3,1,1,2,1.667,2.333,2.583,17,0.1765,4
13-1-2024-10,Udupi,Crimes Against Body,2024-10,13,1,24297,10,4,3,1,1,2.667,2.5,2.75,27,0.1481,2
13-1-2024-11,Udupi,Crimes Against Body,2024-11,13,1,24298,11,2,4,3,3,3.0,2.333,2.833,23,0.087,2
13-1-2024-12,Udupi,Crimes Against Body,2024-12,13,1,24299,12,2,2,4,4,2.667,2.167,2.75,27,0.0741,3
13-1-2025-01,Udupi,Crimes Against Body,2025-01,13,1,24300,1,3,2,2,5,2.333,2.5,2.667,24,0.125,4
13-1-2025-02,Udupi,Crimes Against Body,2025-02,13,1,24301,2,4,3,2,2,3.0,3.0,2.583,16,0.25,1
13-1-2025-03,Udupi,Crimes Against Body,2025-03,13,1,24302,3,1,4,3,3,2.667,2.667,2.5,12,0.0833,2
13-1-2025-04,Udupi,Crimes Against Body,2025-04,13,1,24303,4,2,1,4,3,2.333,2.333,2.417,18,0.1111,1
13-1-2025-05,Udupi,Crimes Against Body,2025-05,13,1,24304,5,1,2,1,3,1.333,2.167,2.25,12,0.0833,4
13-1-2025-06,Udupi,Crimes Against Body,2025-06,13,1,24305,6,4,1,2,1,2.333,2.5,2.333,18,0.2222,2
13-1-2025-07,Udupi,Crimes Against Body,2025-07,13,1,24306,7,2,4,1,1,2.333,2.333,2.417,20,0.1,2
13-1-2025-08,Udupi,Crimes Against Body,2025-08,13,1,24307,8,2,2,4,3,2.667,2.0,2.5,19,0.1053,2
13-1-2025-09,Udupi,Crimes Against Body,2025-09,13,1,24308,9,2,2,2,4,2.0,2.167,2.417,26,0.0769,2
13-1-2025-10,Udupi,Crimes Against Body,2025-10,13,1,24309,10,2,2,2,2,2.0,2.167,2.25,14,0.1429,8
13-1-2025-11,Udupi,Crimes Against Body,2025-11,13,1,24310,11,8,2,2,2,4.0,3.333,2.75,38,0.2105,1
13-1-2025-12,Udupi,Crimes Against Body,2025-12,13,1,24311,12,1,8,2,3,3.667,2.833,2.667,21,0.0476,2
13-1-2026-01,Udupi,Crimes Against Body,2026-01,13,1,24312,1,2,1,8,4,3.667,2.833,2.583,14,0.1429,6
13-1-2026-02,Udupi,Crimes Against Body,2026-02,13,1,24313,2,6,2,1,1,3.0,3.5,2.75,42,0.1429,1
13-1-2026-03,Udupi,Crimes Against Body,2026-03,13,1,24314,3,1,6,2,2,3.0,3.333,2.75,32,0.0312,4
13-1-2026-04,Udupi,Crimes Against Body,2026-04,13,1,24315,4,4,1,6,1,3.667,3.667,2.917,42,0.0952,4
13-1-2026-05,Udupi,Crimes Against Body,2026-05,13,1,24316,5,4,4,1,4,3.0,3.0,3.167,43,0.093,8
13-1-2026-06,Udupi,Crimes Against Body,2026-06,13,1,24317,6,8,4,4,2,5.333,4.167,3.5,36,0.2222,5
13-2-2024-02,Udupi,Crimes Against Property,2024-02,13,2,24289,2,8,15,14,9,12.333,10.833,9.5,19,0.4211,10
13-2-2024-03,Udupi,Crimes Against Property,2024-03,13,2,24290,3,10,8,15,8,11.0,11.167,9.583,22,0.4545,3
13-2-2024-04,Udupi,Crimes Against Property,2024-04,13,2,24291,4,3,10,8,4,7.0,10.333,9.167,13,0.2308,11
13-2-2024-05,Udupi,Crimes Against Property,2024-05,13,2,24292,5,11,3,10,9,8.0,10.167,9.75,22,0.5,7
13-2-2024-06,Udupi,Crimes Against Property,2024-06,13,2,24293,6,7,11,3,8,7.0,9.0,9.583,22,0.3182,11
13-2-2024-07,Udupi,Crimes Against Property,2024-07,13,2,24294,7,11,7,11,11,9.667,8.333,9.833,15,0.7333,6
13-2-2024-08,Udupi,Crimes Against Property,2024-08,13,2,24295,8,6,11,7,8,8.0,8.0,9.417,11,0.5455,8
13-2-2024-09,Udupi,Crimes Against Property,2024-09,13,2,24296,9,8,6,11,8,8.333,7.667,9.417,17,0.4706,10
13-2-2024-10,Udupi,Crimes Against Property,2024-10,13,2,24297,10,10,8,6,12,8.0,8.833,9.583,27,0.3704,11
13-2-2024-11,Udupi,Crimes Against Property,2024-11,13,2,24298,11,11,10,8,14,9.667,8.833,9.5,23,0.4783,17
13-2-2024-12,Udupi,Crimes Against Property,2024-12,13,2,24299,12,17,11,10,15,12.667,10.5,9.75,27,0.6296,5
13-2-2025-01,Udupi,Crimes Against Property,2025-01,13,2,24300,1,5,17,11,8,11.0,9.5,8.917,24,0.2083,4
13-2-2025-02,Udupi,Crimes Against Property,2025-02,13,2,24301,2,4,5,17,10,8.667,9.167,8.583,16,0.25,4
13-2-2025-03,Udupi,Crimes Against Property,2025-03,13,2,24302,3,4,4,5,3,4.333,8.5,8.083,12,0.3333,11
13-2-2025-04,Udupi,Crimes Against Property,2025-04,13,2,24303,4,11,4,4,11,6.333,8.667,8.75,18,0.6111,9
13-2-2025-05,Udupi,Crimes Against Property,2025-05,13,2,24304,5,9,11,4,7,8.0,8.333,8.583,12,0.75,4
13-2-2025-06,Udupi,Crimes Against Property,2025-06,13,2,24305,6,4,9,11,11,8.0,6.167,8.333,18,0.2222,9
13-2-2025-07,Udupi,Crimes Against Property,2025-07,13,2,24306,7,9,4,9,6,7.333,6.833,8.167,20,0.45,9
13-2-2025-08,Udupi,Crimes Against Property,2025-08,13,2,24307,8,9,9,4,8,7.333,7.667,8.417,19,0.4737,13
13-2-2025-09,Udupi,Crimes Against Property,2025-09,13,2,24308,9,13,9,9,10,10.333,9.167,8.833,26,0.5,5
13-2-2025-10,Udupi,Crimes Against Property,2025-10,13,2,24309,10,5,13,9,11,9.0,8.167,8.417,14,0.3571,20
13-2-2025-11,Udupi,Crimes Against Property,2025-11,13,2,24310,11,20,5,13,17,12.667,10.0,9.167,38,0.5263,14
13-2-2025-12,Udupi,Crimes Against Property,2025-12,13,2,24311,12,14,20,5,5,13.0,11.667,8.917,21,0.6667,5
13-2-2026-01,Udupi,Crimes Against Property,2026-01,13,2,24312,1,5,14,20,4,13.0,11.0,8.917,14,0.3571,20
13-2-2026-02,Udupi,Crimes Against Property,2026-02,13,2,24313,2,20,5,14,4,13.0,12.833,10.25,42,0.4762,20
13-2-2026-03,Udupi,Crimes Against Property,2026-03,13,2,24314,3,20,20,5,11,15.0,14.0,11.583,32,0.625,20
13-2-2026-04,Udupi,Crimes Against Property,2026-04,13,2,24315,4,20,20,20,9,20.0,16.5,12.333,42,0.4762,15
13-2-2026-05,Udupi,Crimes Against Property,2026-05,13,2,24316,5,15,20,20,4,18.333,15.667,12.833,43,0.3488,12
13-2-2026-06,Udupi,Crimes Against Property,2026-06,13,2,24317,6,12,15,20,9,15.667,15.333,13.5,36,0.3333,15
13-3-2024-02,Udupi,Crimes Against Women,2024-02,13,3,24289,2,1,1,1,1,1.0,1.0,1.083,19,0.0526,2
13-3-2024-03,Udupi,Crimes Against Women,2024-03,13,3,24290,3,2,1,1,1,1.333,1.0,1.167,22,0.0909,0
13-3-2024-04,Udupi,Crimes Against Women,2024-04,13,3,24291,4,0,2,1,0,1.0,0.833,1.083,13,0.0,2
13-3-2024-05,Udupi,Crimes Against Women,2024-05,13,3,24292,5,2,0,2,1,1.333,1.167,1.25,22,0.0909,1
13-3-2024-06,Udupi,Crimes Against Women,2024-06,13,3,24293,6,1,2,0,0,1.0,1.167,1.25,22,0.0455,0
13-3-2024-07,Udupi,Crimes Against Women,2024-07,13,3,24294,7,0,1,2,4,1.0,1.0,1.25,15,0.0,2
13-3-2024-08,Udupi,Crimes Against Women,2024-08,13,3,24295,8,2,0,1,2,1.0,1.167,1.083,11,0.1818,0
13-3-2024-09,Udupi,Crimes Against Women,2024-09,13,3,24296,9,0,2,0,1,0.667,0.833,0.917,17,0.0,3
13-3-2024-10,Udupi,Crimes Against Women,2024-10,13,3,24297,10,3,0,2,0,1.667,1.333,1.083,27,0.1111,1
13-3-2024-11,Udupi,Crimes Against Women,2024-11,13,3,24298,11,1,3,0,1,1.333,1.167,1.167,23,0.0435,0
13-3-2024-12,Udupi,Crimes Against Women,2024-12,13,3,24299,12,0,1,3,1,1.333,1.0,1.083,27,0.0,2
13-3-2025-01,Udupi,Crimes Against Women,2025-01,13,3,24300,1,2,0,1,1,1.0,1.333,1.167,24,0.0833,1
13-3-2025-02,Udupi,Crimes Against Women,2025-02,13,3,24301,2,1,2,0,2,1.0,1.167,1.167,16,0.0625,4
13-3-2025-03,Udupi,Crimes Against Women,2025-03,13,3,24302,3,4,1,2,0,2.333,1.833,1.333,12,0.3333,0
13-3-2025-04,Udupi,Crimes Against Women,2025-04,13,3,24303,4,0,4,1,2,1.667,1.333,1.333,18,0.0,0
13-3-2025-05,Udupi,Crimes Against Women,2025-05,13,3,24304,5,0,0,4,1,1.333,1.167,1.167,12,0.0,2
13-3-2025-06,Udupi,Crimes Against Women,2025-06,13,3,24305,6,2,0,0,0,0.667,1.5,1.25,18,0.1111,2
13-3-2025-07,Udupi,Crimes Against Women,2025-07,13,3,24306,7,2,2,0,2,1.333,1.5,1.417,20,0.1,1
13-3-2025-08,Udupi,Crimes Against Women,2025-08,13,3,24307,8,1,2,2,0,1.667,1.5,1.333,19,0.0526,0
13-3-2025-09,Udupi,Crimes Against Women,2025-09,13,3,24308,9,0,1,2,3,1.0,0.833,1.333,26,0.0,0
13-3-2025-10,Udupi,Crimes Against Women,2025-10,13,3,24309,10,0,0,1,1,0.333,0.833,1.083,14,0.0,3
13-3-2025-11,Udupi,Crimes Against Women,2025-11,13,3,24310,11,3,0,0,0,1.0,1.333,1.25,38,0.0789,1
13-3-2025-12,Udupi,Crimes Against Women,2025-12,13,3,24311,12,1,3,0,2,1.333,1.167,1.333,21,0.0476,0
13-3-2026-01,Udupi,Crimes Against Women,2026-01,13,3,24312,1,0,1,3,1,1.333,0.833,1.167,14,0.0,5
13-3-2026-02,Udupi,Crimes Against Women,2026-02,13,3,24313,2,5,0,1,4,2.0,1.5,1.5,42,0.119,4
13-3-2026-03,Udupi,Crimes Against Women,2026-03,13,3,24314,3,4,5,0,0,3.0,2.167,1.5,32,0.125,7
13-3-2026-04,Udupi,Crimes Against Women,2026-04,13,3,24315,4,7,4,5,0,5.333,3.333,2.083,42,0.1667,7
13-3-2026-05,Udupi,Crimes Against Women,2026-05,13,3,24316,5,7,7,4,2,6.0,4.0,2.667,43,0.1628,3
13-3-2026-06,Udupi,Crimes Against Women,2026-06,13,3,24317,6,3,7,7,2,5.667,4.333,2.75,36,0.0833,3
13-4-2024-02,Udupi,Cyber Crime,2024-02,13,4,24289,2,1,0,3,5,1.333,2.5,3.167,19,0.0526,4
13-4-2024-03,Udupi,Cyber Crime,2024-03,13,4,24290,3,4,1,0,5,1.667,2.5,3.083,22,0.1818,1
13-4-2024-04,Udupi,Cyber Crime,2024-04,13,4,24291,4,1,4,1,4,2.0,2.167,2.75,13,0.0769,1
13-4-2024-05,Udupi,Cyber Crime,2024-05,13,4,24292,5,1,1,4,5,2.0,1.667,2.5,22,0.0455,6
13-4-2024-06,Udupi,Cyber Crime,2024-06,13,4,24293,6,6,1,1,3,2.667,2.167,2.583,22,0.2727,1
13-4-2024-07,Udupi,Cyber Crime,2024-07,13,4,24294,7,1,6,1,1,2.667,2.333,2.417,15,0.0667,1
13-4-2024-08,Udupi,Cyber Crime,2024-08,13,4,24295,8,1,1,6,4,2.667,2.333,2.417,11,0.0909,2
13-4-2024-09,Udupi,Cyber Crime,2024-09,13,4,24296,9,2,1,1,3,1.333,2.0,2.25,17,0.1176,4
13-4-2024-10,Udupi,Cyber Crime,2024-10,13,4,24297,10,4,2,1,4,2.333,2.5,2.333,27,0.1481,4
13-4-2024-11,Udupi,Cyber Crime,2024-11,13,4,24298,11,4,4,2,3,3.333,3.0,2.333,23,0.1739,4
13-4-2024-12,Udupi,Cyber Crime,2024-12,13,4,24299,12,4,4,4,0,4.0,2.667,2.417,27,0.1481,6
13-4-2025-01,Udupi,Cyber Crime,2025-01,13,4,24300,1,6,4,4,1,4.667,3.5,2.917,24,0.25,2
13-4-2025-02,Udupi,Cyber Crime,2025-02,13,4,24301,2,2,6,4,4,4.0,3.667,3.0,16,0.125,2
13-4-2025-03,Udupi,Cyber Crime,2025-03,13,4,24302,3,2,2,6,1,3.333,3.667,2.833,12,0.1667,3
13-4-2025-04,Udupi,Cyber Crime,2025-04,13,4,24303,4,3,2,2,1,2.333,3.5,3.0,18,0.1667,0
13-4-2025-05,Udupi,Cyber Crime,2025-05,13,4,24304,5,0,3,2,6,1.667,2.833,2.917,12,0.0,1
13-4-2025-06,Udupi,Cyber Crime,2025-06,13,4,24305,6,1,0,3,1,1.333,2.333,2.5,18,0.0556,4
13-4-2025-07,Udupi,Cyber Crime,2025-07,13,4,24306,7,4,1,0,1,1.667,2.0,2.75,20,0.2,3
13-4-2025-08,Udupi,Cyber Crime,2025-08,13,4,24307,8,3,4,1,2,2.667,2.167,2.917,19,0.1579,9
13-4-2025-09,Udupi,Cyber Crime,2025-09,13,4,24308,9,9,3,4,4,5.333,3.333,3.5,26,0.3462,4
13-4-2025-10,Udupi,Cyber Crime,2025-10,13,4,24309,10,4,9,3,4,5.333,3.5,3.5,14,0.2857,5
13-4-2025-11,Udupi,Cyber Crime,2025-11,13,4,24310,11,5,4,9,4,6.0,4.333,3.583,38,0.1316,2
13-4-2025-12,Udupi,Cyber Crime,2025-12,13,4,24311,12,2,5,4,6,3.667,4.5,3.417,21,0.0952,2
13-4-2026-01,Udupi,Cyber Crime,2026-01,13,4,24312,1,2,2,5,2,3.0,4.167,3.083,14,0.1429,5
13-4-2026-02,Udupi,Cyber Crime,2026-02,13,4,24313,2,5,2,2,2,3.0,4.5,3.333,42,0.119,2
13-4-2026-03,Udupi,Cyber Crime,2026-03,13,4,24314,3,2,5,2,3,3.0,3.333,3.333,32,0.0625,6
13-4-2026-04,Udupi,Cyber Crime,2026-04,13,4,24315,4,6,2,5,0,4.333,3.667,3.583,42,0.1429,8
13-4-2026-05,Udupi,Cyber Crime,2026-05,13,4,24316,5,8,6,2,1,5.333,4.167,4.25,43,0.186,4
13-4-2026-06,Udupi,Cyber Crime,2026-06,13,4,24317,6,4,8,6,4,6.0,4.5,4.5,36,0.1111,4
13-5-2024-04,Udupi,Economic Offences,2024-04,13,5,24291,4,3,1,2,0,2.0,1.5,1.333,13,0.2308,2
13-5-2024-05,Udupi,Economic Offences,2024-05,13,5,24292,5,2,3,1,2,2.0,1.833,1.5,22,0.0909,2
13-5-2024-06,Udupi,Economic Offences,2024-06,13,5,24293,6,2,2,3,0,2.333,1.833,1.5,22,0.0909,2
13-5-2024-07,Udupi,Economic Offences,2024-07,13,5,24294,7,2,2,2,2,2.0,2.0,1.667,15,0.1333,0
13-5-2024-08,Udupi,Economic Offences,2024-08,13,5,24295,8,0,2,2,3,1.333,1.667,1.5,11,0.0,0
13-5-2024-09,Udupi,Economic Offences,2024-09,13,5,24296,9,0,0,2,0,0.667,1.5,1.25,17,0.0,2
13-5-2024-10,Udupi,Economic Offences,2024-10,13,5,24297,10,2,0,0,0,0.667,1.333,1.417,27,0.0741,3
13-5-2024-11,Udupi,Economic Offences,2024-11,13,5,24298,11,3,2,0,2,1.667,1.5,1.667,23,0.1304,3
13-5-2024-12,Udupi,Economic Offences,2024-12,13,5,24299,12,3,3,2,1,2.667,1.667,1.75,27,0.1111,3
13-5-2025-01,Udupi,Economic Offences,2025-01,13,5,24300,1,3,3,3,2,3.0,1.833,1.917,24,0.125,0
13-5-2025-02,Udupi,Economic Offences,2025-02,13,5,24301,2,0,3,3,1,2.0,1.833,1.75,16,0.0,1
13-5-2025-03,Udupi,Economic Offences,2025-03,13,5,24302,3,1,0,3,3,1.333,2.0,1.75,12,0.0833,1
13-5-2025-04,Udupi,Economic Offences,2025-04,13,5,24303,4,1,1,0,2,0.667,1.833,1.583,18,0.0556,1
13-5-2025-05,Udupi,Economic Offences,2025-05,13,5,24304,5,1,1,1,2,1.0,1.5,1.5,12,0.0833,1
13-5-2025-06,Udupi,Economic Offences,2025-06,13,5,24305,6,1,1,1,2,1.0,1.167,1.417,18,0.0556,3
13-5-2025-07,Udupi,Economic Offences,2025-07,13,5,24306,7,3,1,1,0,1.667,1.167,1.5,20,0.15,2
13-5-2025-08,Udupi,Economic Offences,2025-08,13,5,24307,8,2,3,1,0,2.0,1.5,1.667,19,0.1053,1
13-5-2025-09,Udupi,Economic Offences,2025-09,13,5,24308,9,1,2,3,2,2.0,1.5,1.75,26,0.0385,0
13-5-2025-10,Udupi,Economic Offences,2025-10,13,5,24309,10,0,1,2,3,1.0,1.333,1.583,14,0.0,0
13-5-2025-11,Udupi,Economic Offences,2025-11,13,5,24310,11,0,0,1,3,0.333,1.167,1.333,38,0.0,1
13-5-2025-12,Udupi,Economic Offences,2025-12,13,5,24311,12,1,0,0,3,0.333,1.167,1.167,21,0.0476,4
13-5-2026-01,Udupi,Economic Offences,2026-01,13,5,24312,1,4,1,0,0,1.667,1.333,1.25,14,0.2857,3
13-5-2026-02,Udupi,Economic Offences,2026-02,13,5,24313,2,3,4,1,1,2.667,1.5,1.5,42,0.0714,3
13-5-2026-03,Udupi,Economic Offences,2026-03,13,5,24314,3,3,3,4,1,3.333,1.833,1.667,32,0.0938,2
13-5-2026-04,Udupi,Economic Offences,2026-04,13,5,24315,4,2,3,3,1,2.667,2.167,1.75,42,0.0476,2
13-5-2026-05,Udupi,Economic Offences,2026-05,13,5,24316,5,2,2,3,1,2.333,2.5,1.833,43,0.0465,2
13-5-2026-06,Udupi,Economic Offences,2026-06,13,5,24317,6,2,2,2,3,2.0,2.667,1.917,36,0.0556,4
13-6-2024-02,Udupi,NDPS,2024-02,13,6,24289,2,0,0,1,1,0.333,0.5,0.833,19,0.0,0
13-6-2024-03,Udupi,NDPS,2024-03,13,6,24290,3,0,0,0,1,0.0,0.333,0.75,22,0.0,2
13-6-2024-04,Udupi,NDPS,2024-04,13,6,24291,4,2,0,0,1,0.667,0.667,0.833,13,0.1538,0
13-6-2024-05,Udupi,NDPS,2024-05,13,6,24292,5,0,2,0,2,0.667,0.5,0.75,22,0.0,0
13-6-2024-06,Udupi,NDPS,2024-06,13,6,24293,6,0,0,2,1,0.667,0.333,0.583,22,0.0,0
13-6-2024-07,Udupi,NDPS,2024-07,13,6,24294,7,0,0,0,1,0.0,0.333,0.5,15,0.0,0
13-6-2024-08,Udupi,NDPS,2024-08,13,6,24295,8,0,0,0,1,0.0,0.333,0.417,11,0.0,1
13-6-2024-09,Udupi,NDPS,2024-09,13,6,24296,9,1,0,0,0,0.333,0.5,0.417,17,0.0588,0
13-6-2024-10,Udupi,NDPS,2024-10,13,6,24297,10,0,1,0,1,0.333,0.167,0.417,27,0.0,0
13-6-2024-11,Udupi,NDPS,2024-11,13,6,24298,11,0,0,1,1,0.333,0.167,0.333,23,0.0,0
13-6-2024-12,Udupi,NDPS,2024-12,13,6,24299,12,0,0,0,0,0.0,0.167,0.25,27,0.0,1
13-6-2025-01,Udupi,NDPS,2025-01,13,6,24300,1,1,0,0,0,0.333,0.333,0.333,24,0.0417,0
13-6-2025-02,Udupi,NDPS,2025-02,13,6,24301,2,0,1,0,0,0.333,0.333,0.333,16,0.0,0
13-6-2025-03,Udupi,NDPS,2025-03,13,6,24302,3,0,0,1,2,0.333,0.167,0.333,12,0.0,0
13-6-2025-04,Udupi,NDPS,2025-04,13,6,24303,4,0,0,0,0,0.0,0.167,0.167,18,0.0,0
13-6-2025-05,Udupi,NDPS,2025-05,13,6,24304,5,0,0,0,0,0.0,0.167,0.167,12,0.0,1
13-6-2025-06,Udupi,NDPS,2025-06,13,6,24305,6,1,0,0,0,0.333,0.333,0.25,18,0.0556,0
13-6-2025-07,Udupi,NDPS,2025-07,13,6,24306,7,0,1,0,0,0.333,0.167,0.25,20,0.0,0
13-6-2025-08,Udupi,NDPS,2025-08,13,6,24307,8,0,0,1,1,0.333,0.167,0.25,19,0.0,0
13-6-2025-09,Udupi,NDPS,2025-09,13,6,24308,9,0,0,0,0,0.0,0.167,0.167,26,0.0,1
13-6-2025-10,Udupi,NDPS,2025-10,13,6,24309,10,1,0,0,0,0.333,0.333,0.25,14,0.0714,0
13-6-2025-11,Udupi,NDPS,2025-11,13,6,24310,11,0,1,0,0,0.333,0.333,0.25,38,0.0,1
13-6-2025-12,Udupi,NDPS,2025-12,13,6,24311,12,1,0,1,1,0.667,0.333,0.333,21,0.0476,1
13-6-2026-01,Udupi,NDPS,2026-01,13,6,24312,1,1,1,0,0,0.667,0.5,0.333,14,0.0714,0
13-6-2026-02,Udupi,NDPS,2026-02,13,6,24313,2,0,1,1,0,0.667,0.5,0.333,42,0.0,0
13-6-2026-03,Udupi,NDPS,2026-03,13,6,24314,3,0,0,1,0,0.333,0.5,0.333,32,0.0,1
13-6-2026-04,Udupi,NDPS,2026-04,13,6,24315,4,1,0,0,0,0.333,0.5,0.417,42,0.0238,2
13-6-2026-05,Udupi,NDPS,2026-05,13,6,24316,5,2,1,0,1,1.0,0.833,0.583,43,0.0465,0
13-6-2026-06,Udupi,NDPS,2026-06,13,6,24317,6,0,2,1,0,1.0,0.667,0.5,36,0.0,0
13-7-2024-04,Udupi,Missing / UDR,2024-04,13,7,24291,4,0,2,2,1,1.333,1.5,1.333,13,0.0,1
13-7-2024-05,Udupi,Missing / UDR,2024-05,13,7,24292,5,1,0,2,3,1.0,1.333,1.333,22,0.0455,3
13-7-2024-06,Udupi,Missing / UDR,2024-06,13,7,24293,6,3,1,0,0,1.333,1.667,1.333,22,0.1364,0
13-7-2024-07,Udupi,Missing / UDR,2024-07,13,7,24294,7,0,3,1,1,1.333,1.333,1.333,15,0.0,1
13-7-2024-08,Udupi,Missing / UDR,2024-08,13,7,24295,8,1,0,3,1,1.333,1.167,1.333,11,0.0909,1
13-7-2024-09,Udupi,Missing / UDR,2024-09,13,7,24296,9,1,1,0,1,0.667,1.0,1.333,17,0.0588,1
13-7-2024-10,Udupi,Missing / UDR,2024-10,13,7,24297,10,1,1,1,2,1.0,1.167,1.333,27,0.037,1
13-7-2024-11,Udupi,Missing / UDR,2024-11,13,7,24298,11,1,1,1,1,1.0,1.167,1.25,23,0.0435,1
13-7-2024-12,Udupi,Missing / UDR,2024-12,13,7,24299,12,1,1,1,2,1.0,0.833,1.25,27,0.037,3
13-7-2025-01,Udupi,Missing / UDR,2025-01,13,7,24300,1,3,1,1,2,1.667,1.333,1.333,24,0.125,2
13-7-2025-02,Udupi,Missing / UDR,2025-02,13,7,24301,2,2,3,1,2,2.0,1.5,1.333,16,0.125,0
13-7-2025-03,Udupi,Missing / UDR,2025-03,13,7,24302,3,0,2,3,0,1.667,1.333,1.167,12,0.0,0
13-7-2025-04,Udupi,Missing / UDR,2025-04,13,7,24303,4,0,0,2,1,0.667,1.167,1.167,18,0.0,1
13-7-2025-05,Udupi,Missing / UDR,2025-05,13,7,24304,5,1,0,0,3,0.333,1.167,1.167,12,0.0833,1
13-7-2025-06,Udupi,Missing / UDR,2025-06,13,7,24305,6,1,1,0,0,0.667,1.167,1.0,18,0.0556,0
13-7-2025-07,Udupi,Missing / UDR,2025-07,13,7,24306,7,0,1,1,1,0.667,0.667,1.0,20,0.0,2
13-7-2025-08,Udupi,Missing / UDR,2025-08,13,7,24307,8,2,0,1,1,1.0,0.667,1.083,19,0.1053,0
13-7-2025-09,Udupi,Missing / UDR,2025-09,13,7,24308,9,0,2,0,1,0.667,0.667,1.0,26,0.0,1
13-7-2025-10,Udupi,Missing / UDR,2025-10,13,7,24309,10,1,0,2,1,1.0,0.833,1.0,14,0.0714,1
13-7-2025-11,Udupi,Missing / UDR,2025-11,13,7,24310,11,1,1,0,1,0.667,0.833,1.0,38,0.0263,0
13-7-2025-12,Udupi,Missing / UDR,2025-12,13,7,24311,12,0,1,1,3,0.667,0.667,0.917,21,0.0,0
13-7-2026-01,Udupi,Missing / UDR,2026-01,13,7,24312,1,0,0,1,2,0.333,0.667,0.667,14,0.0,2
13-7-2026-02,Udupi,Missing / UDR,2026-02,13,7,24313,2,2,0,0,0,0.667,0.667,0.667,42,0.0476,2
13-7-2026-03,Udupi,Missing / UDR,2026-03,13,7,24314,3,2,2,0,0,1.333,1.0,0.833,32,0.0625,1
13-7-2026-04,Udupi,Missing / UDR,2026-04,13,7,24315,4,1,2,2,1,1.667,1.0,0.917,42,0.0238,3
13-7-2026-05,Udupi,Missing / UDR,2026-05,13,7,24316,5,3,1,2,1,2.0,1.333,1.083,43,0.0698,4
13-7-2026-06,Udupi,Missing / UDR,2026-06,13,7,24317,6,4,3,1,0,2.667,2.0,1.333,36,0.1111,1
13-8-2024-03,Udupi,Traffic / PAR,2024-03,13,8,24290,3,1,0,1,0,0.667,0.667,0.75,22,0.0455,1
13-8-2024-04,Udupi,Traffic / PAR,2024-04,13,8,24291,4,1,1,0,1,0.667,0.5,0.833,13,0.0769,2
13-8-2024-05,Udupi,Traffic / PAR,2024-05,13,8,24292,5,2,1,1,1,1.333,0.833,0.917,22,0.0909,0
13-8-2024-06,Udupi,Traffic / PAR,2024-06,13,8,24293,6,0,2,1,0,1.0,0.833,0.833,22,0.0,0
13-8-2024-07,Udupi,Traffic / PAR,2024-07,13,8,24294,7,0,0,2,3,0.667,0.667,0.833,15,0.0,0
13-8-2024-08,Udupi,Traffic / PAR,2024-08,13,8,24295,8,0,0,0,0,0.0,0.667,0.583,11,0.0,2
13-8-2024-09,Udupi,Traffic / PAR,2024-09,13,8,24296,9,2,0,0,2,0.667,0.833,0.75,17,0.1176,3
13-8-2024-10,Udupi,Traffic / PAR,2024-10,13,8,24297,10,3,2,0,0,1.667,1.167,0.833,27,0.1111,1
13-8-2024-11,Udupi,Traffic / PAR,2024-11,13,8,24298,11,1,3,2,0,2.0,1.0,0.917,23,0.0435,0
13-8-2024-12,Udupi,Traffic / PAR,2024-12,13,8,24299,12,0,1,3,1,1.333,1.0,0.917,27,0.0,1
13-8-2025-01,Udupi,Traffic / PAR,2025-01,13,8,24300,1,1,0,1,0,0.667,1.167,0.917,24,0.0417,3
13-8-2025-02,Udupi,Traffic / PAR,2025-02,13,8,24301,2,3,1,0,1,1.333,1.667,1.167,16,0.1875,0
13-8-2025-03,Udupi,Traffic / PAR,2025-03,13,8,24302,3,0,3,1,1,1.333,1.333,1.083,12,0.0,1
13-8-2025-04,Udupi,Traffic / PAR,2025-04,13,8,24303,4,1,0,3,2,1.333,1.0,1.083,18,0.0556,0
13-8-2025-05,Udupi,Traffic / PAR,2025-05,13,8,24304,5,0,1,0,0,0.333,0.833,0.917,12,0.0,4
13-8-2025-06,Udupi,Traffic / PAR,2025-06,13,8,24305,6,4,0,1,0,1.667,1.5,1.25,18,0.2222,0
13-8-2025-07,Udupi,Traffic / PAR,2025-07,13,8,24306,7,0,4,0,0,1.333,1.333,1.25,20,0.0,0
13-8-2025-08,Udupi,Traffic / PAR,2025-08,13,8,24307,8,0,0,4,2,1.333,0.833,1.25,19,0.0,1
13-8-2025-09,Udupi,Traffic / PAR,2025-09,13,8,24308,9,1,0,0,3,0.333,1.0,1.167,26,0.0385,1
13-8-2025-10,Udupi,Traffic / PAR,2025-10,13,8,24309,10,1,1,0,1,0.667,1.0,1.0,14,0.0714,1
13-8-2025-11,Udupi,Traffic / PAR,2025-11,13,8,24310,11,1,1,1,0,1.0,1.167,1.0,38,0.0263,1
13-8-2025-12,Udupi,Traffic / PAR,2025-12,13,8,24311,12,1,1,1,1,1.0,0.667,1.083,21,0.0476,0
13-8-2026-01,Udupi,Traffic / PAR,2026-01,13,8,24312,1,0,1,1,3,0.667,0.667,1.0,14,0.0,1
13-8-2026-02,Udupi,Traffic / PAR,2026-02,13,8,24313,2,1,0,1,0,0.667,0.833,0.833,42,0.0238,0
13-8-2026-03,Udupi,Traffic / PAR,2026-03,13,8,24314,3,0,1,0,1,0.333,0.667,0.833,32,0.0,1
13-8-2026-04,Udupi,Traffic / PAR,2026-04,13,8,24315,4,1,0,1,0,0.667,0.667,0.833,42,0.0238,2
13-8-2026-05,Udupi,Traffic / PAR,2026-05,13,8,24316,5,2,1,0,4,1.0,0.833,1.0,43,0.0465,3
13-8-2026-06,Udupi,Traffic / PAR,2026-06,13,8,24317,6,3,2,1,0,2.0,1.167,0.917,36,0.0833,3
14-1-2024-02,Hassan,Crimes Against Body,2024-02,14,1,24289,2,2,5,3,2,3.333,3.667,3.083,21,0.0952,4
14-1-2024-03,Hassan,Crimes Against Body,2024-03,14,1,24290,3,4,2,5,3,3.667,3.5,3.25,22,0.1818,4
14-1-2024-04,Hassan,Crimes Against Body,2024-04,14,1,24291,4,4,4,2,3,3.333,3.5,3.333,27,0.1481,2
14-1-2024-05,Hassan,Crimes Against Body,2024-05,14,1,24292,5,2,4,4,1,3.333,3.333,3.25,17,0.1176,4
14-1-2024-06,Hassan,Crimes Against Body,2024-06,14,1,24293,6,4,2,4,3,3.333,3.5,3.5,15,0.2667,2
14-1-2024-07,Hassan,Crimes Against Body,2024-07,14,1,24294,7,2,4,2,3,2.667,3.0,3.417,16,0.125,2
14-1-2024-08,Hassan,Crimes Against Body,2024-08,14,1,24295,8,2,2,4,5,2.667,3.0,3.333,18,0.1111,3
14-1-2024-09,Hassan,Crimes Against Body,2024-09,14,1,24296,9,3,2,2,4,2.333,2.833,3.167,17,0.1765,1
14-1-2024-10,Hassan,Crimes Against Body,2024-10,14,1,24297,10,1,3,2,3,2.0,2.333,2.917,22,0.0455,0
14-1-2024-11,Hassan,Crimes Against Body,2024-11,14,1,24298,11,0,1,3,3,1.333,2.0,2.667,29,0.0,0
14-1-2024-12,Hassan,Crimes Against Body,2024-12,14,1,24299,12,0,0,1,5,0.333,1.333,2.417,21,0.0,2
14-1-2025-01,Hassan,Crimes Against Body,2025-01,14,1,24300,1,2,0,0,2,0.667,1.333,2.167,19,0.1053,6
14-1-2025-02,Hassan,Crimes Against Body,2025-02,14,1,24301,2,6,2,0,4,2.667,2.0,2.5,23,0.2609,5
14-1-2025-03,Hassan,Crimes Against Body,2025-03,14,1,24302,3,5,6,2,4,4.333,2.333,2.583,8,0.625,4
14-1-2025-04,Hassan,Crimes Against Body,2025-04,14,1,24303,4,4,5,6,2,5.0,2.833,2.583,18,0.2222,4
14-1-2025-05,Hassan,Crimes Against Body,2025-05,14,1,24304,5,4,4,5,4,4.333,3.5,2.75,25,0.16,1
14-1-2025-06,Hassan,Crimes Against Body,2025-06,14,1,24305,6,1,4,4,2,3.0,3.667,2.5,6,0.1667,3
14-1-2025-07,Hassan,Crimes Against Body,2025-07,14,1,24306,7,3,1,4,2,2.667,3.833,2.583,17,0.1765,4
14-1-2025-08,Hassan,Crimes Against Body,2025-08,14,1,24307,8,4,3,1,3,2.667,3.5,2.75,20,0.2,5
14-1-2025-09,Hassan,Crimes Against Body,2025-09,14,1,24308,9,5,4,3,1,4.0,3.5,2.917,28,0.1786,4
14-1-2025-10,Hassan,Crimes Against Body,2025-10,14,1,24309,10,4,5,4,0,4.333,3.5,3.167,22,0.1818,2
14-1-2025-11,Hassan,Crimes Against Body,2025-11,14,1,24310,11,2,4,5,0,3.667,3.167,3.333,22,0.0909,3
14-1-2025-12,Hassan,Crimes Against Body,2025-12,14,1,24311,12,3,2,4,2,3.0,3.5,3.583,27,0.1111,2
14-1-2026-01,Hassan,Crimes Against Body,2026-01,14,1,24312,1,2,3,2,6,2.333,3.333,3.583,20,0.1,7
14-1-2026-02,Hassan,Crimes Against Body,2026-02,14,1,24313,2,7,2,3,5,4.0,3.833,3.667,46,0.1522,2
14-1-2026-03,Hassan,Crimes Against Body,2026-03,14,1,24314,3,2,7,2,4,3.667,3.333,3.417,32,0.0625,10
14-1-2026-04,Hassan,Crimes Against Body,2026-04,14,1,24315,4,10,2,7,4,6.333,4.333,3.917,40,0.25,4
14-1-2026-05,Hassan,Crimes Against Body,2026-05,14,1,24316,5,4,10,2,1,5.333,4.667,3.917,34,0.1176,6
14-1-2026-06,Hassan,Crimes Against Body,2026-06,14,1,24317,6,6,4,10,3,6.667,5.167,4.333,54,0.1111,3
14-2-2024-02,Hassan,Crimes Against Property,2024-02,14,2,24289,2,6,7,27,7,13.333,11.5,8.583,21,0.2857,6
14-2-2024-03,Hassan,Crimes Against Property,2024-03,14,2,24290,3,6,6,7,4,6.333,10.833,8.5,22,0.2727,11
14-2-2024-04,Hassan,Crimes Against Property,2024-04,14,2,24291,4,11,6,6,3,7.667,11.833,9.083,27,0.4074,6
14-2-2024-05,Hassan,Crimes Against Property,2024-05,14,2,24292,5,6,11,6,10,7.667,10.5,9.333,17,0.3529,6
14-2-2024-06,Hassan,Crimes Against Property,2024-06,14,2,24293,6,6,6,11,6,7.667,7.0,9.0,15,0.4,5
14-2-2024-07,Hassan,Crimes Against Property,2024-07,14,2,24294,7,5,6,6,4,5.667,6.667,8.917,16,0.3125,6
14-2-2024-08,Hassan,Crimes Against Property,2024-08,14,2,24295,8,6,5,6,10,5.667,6.667,9.083,18,0.3333,9
14-2-2024-09,Hassan,Crimes Against Property,2024-09,14,2,24296,9,9,6,5,5,6.667,7.167,9.0,17,0.5294,10
14-2-2024-10,Hassan,Crimes Against Property,2024-10,14,2,24297,10,10,9,6,14,8.333,7.0,9.417,22,0.4545,19
14-2-2024-11,Hassan,Crimes Against Property,2024-11,14,2,24298,11,19,10,9,27,12.667,9.167,9.833,29,0.6552,13
14-2-2024-12,Hassan,Crimes Against Property,2024-12,14,2,24299,12,13,19,10,7,14.0,10.333,8.667,21,0.619,7
14-2-2025-01,Hassan,Crimes Against Property,2025-01,14,2,24300,1,7,13,19,6,13.0,10.667,8.667,19,0.3684,8
14-2-2025-02,Hassan,Crimes Against Property,2025-02,14,2,24301,2,8,7,13,6,9.333,11.0,8.833,23,0.3478,0
14-2-2025-03,Hassan,Crimes Against Property,2025-03,14,2,24302,3,0,8,7,11,5.0,9.5,8.333,8,0.0,3
14-2-2025-04,Hassan,Crimes Against Property,2025-04,14,2,24303,4,3,0,8,6,3.667,8.333,7.667,18,0.1667,7
14-2-2025-05,Hassan,Crimes Against Property,2025-05,14,2,24304,5,7,3,0,6,3.333,6.333,7.75,25,0.28,3
14-2-2025-06,Hassan,Crimes Against Property,2025-06,14,2,24305,6,3,7,3,5,4.333,4.667,7.5,6,0.5,8
14-2-2025-07,Hassan,Crimes Against Property,2025-07,14,2,24306,7,8,3,7,6,6.0,4.833,7.75,17,0.4706,4
14-2-2025-08,Hassan,Crimes Against Property,2025-08,14,2,24307,8,4,8,3,9,5.0,4.167,7.583,20,0.2,13
14-2-2025-09,Hassan,Crimes Against Property,2025-09,14,2,24308,9,13,4,8,10,8.333,6.333,7.917,28,0.4643,8
14-2-2025-10,Hassan,Crimes Against Property,2025-10,14,2,24309,10,8,13,4,19,8.333,7.167,7.75,22,0.3636,15
14-2-2025-11,Hassan,Crimes Against Property,2025-11,14,2,24310,11,15,8,13,13,12.0,8.5,7.417,22,0.6818,18
14-2-2025-12,Hassan,Crimes Against Property,2025-12,14,2,24311,12,18,15,8,7,13.667,11.0,7.833,27,0.6667,7
14-2-2026-01,Hassan,Crimes Against Property,2026-01,14,2,24312,1,7,18,15,8,13.333,10.833,7.833,20,0.35,13
14-2-2026-02,Hassan,Crimes Against Property,2026-02,14,2,24313,2,13,7,18,0,12.667,12.333,8.25,46,0.2826,17
14-2-2026-03,Hassan,Crimes Against Property,2026-03,14,2,24314,3,17,13,7,3,12.333,13.0,9.667,32,0.5312,13
14-2-2026-04,Hassan,Crimes Against Property,2026-04,14,2,24315,4,13,17,13,7,14.333,13.833,10.5,40,0.325,19
14-2-2026-05,Hassan,Crimes Against Property,2026-05,14,2,24316,5,19,13,17,3,16.333,14.5,11.5,34,0.5588,24
14-2-2026-06,Hassan,Crimes Against Property,2026-06,14,2,24317,6,24,19,13,8,18.667,15.5,13.25,54,0.4444,10
14-3-2024-02,Hassan,Crimes Against Women,2024-02,14,3,24289,2,1,5,2,2,2.667,1.833,1.75,21,0.0476,1
14-3-2024-03,Hassan,Crimes Against Women,2024-03,14,3,24290,3,1,1,5,2,2.333,1.5,1.667,22,0.0455,1
14-3-2024-04,Hassan,Crimes Against Women,2024-04,14,3,24291,4,1,1,1,3,1.0,1.667,1.583,27,0.037,0
14-3-2024-05,Hassan,Crimes Against Women,2024-05,14,3,24292,5,0,1,1,2,0.667,1.667,1.333,17,0.0,1
14-3-2024-06,Hassan,Crimes Against Women,2024-06,14,3,24293,6,1,0,1,0,0.667,1.5,1.25,15,0.0667,0
14-3-2024-07,Hassan,Crimes Against Women,2024-07,14,3,24294,7,0,1,0,1,0.333,0.667,1.25,16,0.0,4
14-3-2024-08,Hassan,Crimes Against Women,2024-08,14,3,24295,8,4,0,1,3,1.667,1.167,1.5,18,0.2222,1
14-3-2024-09,Hassan,Crimes Against Women,2024-09,14,3,24296,9,1,4,0,0,1.667,1.167,1.333,17,0.0588,1
14-3-2024-10,Hassan,Crimes Against Women,2024-10,14,3,24297,10,1,1,4,0,2.0,1.167,1.417,22,0.0455,1
14-3-2024-11,Hassan,Crimes Against Women,2024-11,14,3,24298,11,1,1,1,2,1.0,1.333,1.5,29,0.0345,2
14-3-2024-12,Hassan,Crimes Against Women,2024-12,14,3,24299,12,2,1,1,5,1.333,1.5,1.5,21,0.0952,1
14-3-2025-01,Hassan,Crimes Against Women,2025-01,14,3,24300,1,1,2,1,1,1.333,1.667,1.167,19,0.0526,2
14-3-2025-02,Hassan,Crimes Against Women,2025-02,14,3,24301,2,2,1,2,1,1.667,1.333,1.25,23,0.087,1
14-3-2025-03,Hassan,Crimes Against Women,2025-03,14,3,24302,3,1,2,1,1,1.333,1.333,1.25,8,0.125,0
14-3-2025-04,Hassan,Crimes Against Women,2025-04,14,3,24303,4,0,1,2,0,1.0,1.167,1.167,18,0.0,0
14-3-2025-05,Hassan,Crimes Against Women,2025-05,14,3,24304,5,0,0,1,1,0.333,1.0,1.167,25,0.0,0
14-3-2025-06,Hassan,Crimes Against Women,2025-06,14,3,24305,6,0,0,0,0,0.0,0.667,1.083,6,0.0,2
14-3-2025-07,Hassan,Crimes Against Women,2025-07,14,3,24306,7,2,0,0,4,0.667,0.833,1.25,17,0.1176,3
14-3-2025-08,Hassan,Crimes Against Women,2025-08,14,3,24307,8,3,2,0,1,1.667,1.0,1.167,20,0.15,1
14-3-2025-09,Hassan,Crimes Against Women,2025-09,14,3,24308,9,1,3,2,1,2.0,1.0,1.167,28,0.0357,2
14-3-2025-10,Hassan,Crimes Against Women,2025-10,14,3,24309,10,2,1,3,1,2.0,1.333,1.25,22,0.0909,1
14-3-2025-11,Hassan,Crimes Against Women,2025-11,14,3,24310,11,1,2,1,2,1.333,1.5,1.25,22,0.0455,3
14-3-2025-12,Hassan,Crimes Against Women,2025-12,14,3,24311,12,3,1,2,1,2.0,2.0,1.333,27,0.1111,4
14-3-2026-01,Hassan,Crimes Against Women,2026-01,14,3,24312,1,4,3,1,2,2.667,2.333,1.583,20,0.2,7
14-3-2026-02,Hassan,Crimes Against Women,2026-02,14,3,24313,2,7,4,3,1,4.667,3.0,2.0,46,0.1522,2
14-3-2026-03,Hassan,Crimes Against Women,2026-03,14,3,24314,3,2,7,4,0,4.333,3.167,2.083,32,0.0625,3
14-3-2026-04,Hassan,Crimes Against Women,2026-04,14,3,24315,4,3,2,7,0,4.0,3.333,2.333,40,0.075,1
14-3-2026-05,Hassan,Crimes Against Women,2026-05,14,3,24316,5,1,3,2,0,2.0,3.333,2.417,34,0.0294,4
14-3-2026-06,Hassan,Crimes Against Women,2026-06,14,3,24317,6,4,1,3,2,2.667,3.5,2.75,54,0.0741,2
14-4-2024-02,Hassan,Cyber Crime,2024-02,14,4,24289,2,5,1,4,1,3.333,3.167,3.667,21,0.2381,8
14-4-2024-03,Hassan,Cyber Crime,2024-03,14,4,24290,3,8,5,1,4,4.667,4.0,4.25,22,0.3636,5
14-4-2024-04,Hassan,Cyber Crime,2024-04,14,4,24291,4,5,8,5,3,6.0,4.333,4.333,27,0.1852,4
14-4-2024-05,Hassan,Cyber Crime,2024-05,14,4,24292,5,4,5,8,8,5.667,4.5,4.417,17,0.2353,2
14-4-2024-06,Hassan,Cyber Crime,2024-06,14,4,24293,6,2,4,5,5,3.667,4.167,3.917,15,0.1333,4
14-4-2024-07,Hassan,Cyber Crime,2024-07,14,4,24294,7,4,2,4,4,3.333,4.667,3.833,16,0.25,2
14-4-2024-08,Hassan,Cyber Crime,2024-08,14,4,24295,8,2,4,2,3,2.667,4.167,3.667,18,0.1111,2
14-4-2024-09,Hassan,Cyber Crime,2024-09,14,4,24296,9,2,2,4,3,2.667,3.167,3.583,17,0.1176,5
14-4-2024-10,Hassan,Cyber Crime,2024-10,14,4,24297,10,5,2,2,3,3.0,3.167,3.75,22,0.2273,4
14-4-2024-11,Hassan,Cyber Crime,2024-11,14,4,24298,11,4,5,2,4,3.667,3.167,3.833,29,0.1379,1
14-4-2024-12,Hassan,Cyber Crime,2024-12,14,4,24299,12,1,4,5,1,3.333,3.0,3.583,21,0.0476,5
14-4-2025-01,Hassan,Cyber Crime,2025-01,14,4,24300,1,5,1,4,5,3.333,3.167,3.917,19,0.2632,0
14-4-2025-02,Hassan,Cyber Crime,2025-02,14,4,24301,2,0,5,1,8,2.0,2.833,3.5,23,0.0,2
14-4-2025-03,Hassan,Cyber Crime,2025-03,14,4,24302,3,2,0,5,5,2.333,2.833,3.0,8,0.25,3
14-4-2025-04,Hassan,Cyber Crime,2025-04,14,4,24303,4,3,2,0,4,1.667,2.5,2.833,18,0.1667,7
14-4-2025-05,Hassan,Cyber Crime,2025-05,14,4,24304,5,7,3,2,2,4.0,3.0,3.083,25,0.28,0
14-4-2025-06,Hassan,Cyber Crime,2025-06,14,4,24305,6,0,7,3,4,3.333,2.833,2.917,6,0.0,1
14-4-2025-07,Hassan,Cyber Crime,2025-07,14,4,24306,7,1,0,7,2,2.667,2.167,2.667,17,0.0588,2
14-4-2025-08,Hassan,Cyber Crime,2025-08,14,4,24307,8,2,1,0,2,1.0,2.5,2.667,20,0.1,7
14-4-2025-09,Hassan,Cyber Crime,2025-09,14,4,24308,9,7,2,1,5,3.333,3.333,3.083,28,0.25,3
14-4-2025-10,Hassan,Cyber Crime,2025-10,14,4,24309,10,3,7,2,4,4.0,3.333,2.917,22,0.1364,0
14-4-2025-11,Hassan,Cyber Crime,2025-11,14,4,24310,11,0,3,7,1,3.333,2.167,2.583,22,0.0,1
14-4-2025-12,Hassan,Cyber Crime,2025-12,14,4,24311,12,1,0,3,5,1.333,2.333,2.583,27,0.037,3
14-4-2026-01,Hassan,Cyber Crime,2026-01,14,4,24312,1,3,1,0,0,1.333,2.667,2.417,20,0.15,11
14-4-2026-02,Hassan,Cyber Crime,2026-02,14,4,24313,2,11,3,1,2,5.0,4.167,3.333,46,0.2391,4
14-4-2026-03,Hassan,Cyber Crime,2026-03,14,4,24314,3,4,11,3,3,6.0,3.667,3.5,32,0.125,8
14-4-2026-04,Hassan,Cyber Crime,2026-04,14,4,24315,4,8,4,11,7,7.667,4.5,3.917,40,0.2,1
14-4-2026-05,Hassan,Cyber Crime,2026-05,14,4,24316,5,1,8,4,0,4.333,4.667,3.417,34,0.0294,7
14-4-2026-06,Hassan,Cyber Crime,2026-06,14,4,24317,6,7,1,8,1,5.333,5.667,4.0,54,0.1296,5
14-5-2024-03,Hassan,Economic Offences,2024-03,14,5,24290,3,1,4,1,1,2.0,1.5,1.667,22,0.0455,1
14-5-2024-04,Hassan,Economic Offences,2024-04,14,5,24291,4,1,1,4,1,2.0,1.667,1.667,27,0.037,1
14-5-2024-05,Hassan,Economic Offences,2024-05,14,5,24292,5,1,1,1,2,1.0,1.5,1.667,17,0.0588,0
14-5-2024-06,Hassan,Economic Offences,2024-06,14,5,24293,6,0,1,1,2,0.667,1.333,1.5,15,0.0,2
14-5-2024-07,Hassan,Economic Offences,2024-07,14,5,24294,7,2,0,1,0,1.0,1.5,1.5,16,0.125,3
14-5-2024-08,Hassan,Economic Offences,2024-08,14,5,24295,8,3,2,0,5,1.667,1.333,1.75,18,0.1667,0
14-5-2024-09,Hassan,Economic Offences,2024-09,14,5,24296,9,0,3,2,0,1.667,1.167,1.333,17,0.0,1
14-5-2024-10,Hassan,Economic Offences,2024-10,14,5,24297,10,1,0,3,2,1.333,1.167,1.417,22,0.0455,2
14-5-2024-11,Hassan,Economic Offences,2024-11,14,5,24298,11,2,1,0,1,1.0,1.333,1.417,29,0.069,3
14-5-2024-12,Hassan,Economic Offences,2024-12,14,5,24299,12,3,2,1,1,2.0,1.833,1.583,21,0.1429,0
14-5-2025-01,Hassan,Economic Offences,2025-01,14,5,24300,1,0,3,2,4,1.667,1.5,1.5,19,0.0,4
14-5-2025-02,Hassan,Economic Offences,2025-02,14,5,24301,2,4,0,3,1,2.333,1.667,1.5,23,0.1739,0
14-5-2025-03,Hassan,Economic Offences,2025-03,14,5,24302,3,0,4,0,1,1.333,1.667,1.417,8,0.0,0
14-5-2025-04,Hassan,Economic Offences,2025-04,14,5,24303,4,0,0,4,1,1.333,1.5,1.333,18,0.0,3
14-5-2025-05,Hassan,Economic Offences,2025-05,14,5,24304,5,3,0,0,0,1.0,1.667,1.5,25,0.12,0
14-5-2025-06,Hassan,Economic Offences,2025-06,14,5,24305,6,0,3,0,2,1.0,1.167,1.5,6,0.0,2
14-5-2025-07,Hassan,Economic Offences,2025-07,14,5,24306,7,2,0,3,3,1.667,1.5,1.5,17,0.1176,2
14-5-2025-08,Hassan,Economic Offences,2025-08,14,5,24307,8,2,2,0,0,1.333,1.167,1.417,20,0.1,2
14-5-2025-09,Hassan,Economic Offences,2025-09,14,5,24308,9,2,2,2,1,2.0,1.5,1.583,28,0.0714,4
14-5-2025-10,Hassan,Economic Offences,2025-10,14,5,24309,10,4,2,2,2,2.667,2.167,1.833,22,0.1818,1
14-5-2025-11,Hassan,Economic Offences,2025-11,14,5,24310,11,1,4,2,3,2.333,1.833,1.75,22,0.0455,1
14-5-2025-12,Hassan,Economic Offences,2025-12,14,5,24311,12,1,1,4,0,2.0,2.0,1.583,27,0.037,3
14-5-2026-01,Hassan,Economic Offences,2026-01,14,5,24312,1,3,1,1,4,1.667,2.167,1.833,20,0.15,1
14-5-2026-02,Hassan,Economic Offences,2026-02,14,5,24313,2,1,3,1,0,1.667,2.0,1.583,46,0.0217,1
14-5-2026-03,Hassan,Economic Offences,2026-03,14,5,24314,3,1,1,3,0,1.667,1.833,1.667,32,0.0312,4
14-5-2026-04,Hassan,Economic Offences,2026-04,14,5,24315,4,4,1,1,3,2.0,1.833,2.0,40,0.1,4
14-5-2026-05,Hassan,Economic Offences,2026-05,14,5,24316,5,4,4,1,0,3.0,2.333,2.083,34,0.1176,6
14-5-2026-06,Hassan,Economic Offences,2026-06,14,5,24317,6,6,4,4,2,4.667,3.167,2.583,54,0.1111,4
14-6-2024-04,Hassan,NDPS,2024-04,14,6,24291,4,0,1,0,0,0.333,0.333,0.417,27,0.0,0
14-6-2024-05,Hassan,NDPS,2024-05,14,6,24292,5,0,0,1,0,0.333,0.333,0.417,17,0.0,1
14-6-2024-06,Hassan,NDPS,2024-06,14,6,24293,6,1,0,0,0,0.333,0.5,0.5,15,0.0667,3
14-6-2024-07,Hassan,NDPS,2024-07,14,6,24294,7,3,1,0,1,1.333,0.833,0.75,16,0.1875,0
14-6-2024-08,Hassan,NDPS,2024-08,14,6,24295,8,0,3,1,0,1.333,0.833,0.667,18,0.0,0
14-6-2024-09,Hassan,NDPS,2024-09,14,6,24296,9,0,0,3,2,1.0,0.667,0.667,17,0.0,3
14-6-2024-10,Hassan,NDPS,2024-10,14,6,24297,10,3,0,0,0,1.0,1.167,0.75,22,0.1364,0
14-6-2024-11,Hassan,NDPS,2024-11,14,6,24298,11,0,3,0,0,1.0,1.167,0.75,29,0.0,0
14-6-2024-12,Hassan,NDPS,2024-12,14,6,24299,12,0,0,3,1,1.0,1.0,0.75,21,0.0,1
14-6-2025-01,Hassan,NDPS,2025-01,14,6,24300,1,1,0,0,0,0.333,0.667,0.75,19,0.0526,0
14-6-2025-02,Hassan,NDPS,2025-02,14,6,24301,2,0,1,0,1,0.333,0.667,0.75,23,0.0,0
14-6-2025-03,Hassan,NDPS,2025-03,14,6,24302,3,0,0,1,0,0.333,0.667,0.667,8,0.0,2
14-6-2025-04,Hassan,NDPS,2025-04,14,6,24303,4,2,0,0,0,0.667,0.5,0.833,18,0.1111,0
14-6-2025-05,Hassan,NDPS,2025-05,14,6,24304,5,0,2,0,1,0.667,0.5,0.833,25,0.0,0
14-6-2025-06,Hassan,NDPS,2025-06,14,6,24305,6,0,0,2,3,0.667,0.5,0.75,6,0.0,1
14-6-2025-07,Hassan,NDPS,2025-07,14,6,24306,7,1,0,0,0,0.333,0.5,0.583,17,0.0588,1
14-6-2025-08,Hassan,NDPS,2025-08,14,6,24307,8,1,1,0,0,0.667,0.667,0.667,20,0.05,0
14-6-2025-09,Hassan,NDPS,2025-09,14,6,24308,9,0,1,1,3,0.667,0.667,0.667,28,0.0,0
14-6-2025-10,Hassan,NDPS,2025-10,14,6,24309,10,0,0,1,0,0.333,0.333,0.417,22,0.0,1
14-6-2025-11,Hassan,NDPS,2025-11,14,6,24310,11,1,0,0,0,0.333,0.5,0.5,22,0.0455,1
14-6-2025-12,Hassan,NDPS,2025-12,14,6,24311,12,1,1,0,1,0.667,0.667,0.583,27,0.037,0
14-6-2026-01,Hassan,NDPS,2026-01,14,6,24312,1,0,1,1,0,0.667,0.5,0.5,20,0.0,2
14-6-2026-02,Hassan,NDPS,2026-02,14,6,24313,2,2,0,1,0,1.0,0.667,0.667,46,0.0435,1
14-6-2026-03,Hassan,NDPS,2026-03,14,6,24314,3,1,2,0,2,1.0,0.833,0.75,32,0.0312,1
14-6-2026-04,Hassan,NDPS,2026-04,14,6,24315,4,1,1,2,0,1.333,1.0,0.667,40,0.025,1
14-6-2026-05,Hassan,NDPS,2026-05,14,6,24316,5,1,1,1,0,1.0,1.0,0.75,34,0.0294,1
14-6-2026-06,Hassan,NDPS,2026-06,14,6,24317,6,1,1,1,1,1.0,1.0,0.833,54,0.0185,0
14-7-2024-02,Hassan,Missing / UDR,2024-02,14,7,24289,2,2,2,0,0,1.333,1.0,1.0,21,0.0952,1
14-7-2024-03,Hassan,Missing / UDR,2024-03,14,7,24290,3,1,2,2,0,1.667,1.0,1.083,22,0.0455,1
14-7-2024-04,Hassan,Missing / UDR,2024-04,14,7,24291,4,1,1,2,3,1.333,1.167,1.167,27,0.037,1
14-7-2024-05,Hassan,Missing / UDR,2024-05,14,7,24292,5,1,1,1,2,1.0,1.167,1.0,17,0.0588,0
14-7-2024-06,Hassan,Missing / UDR,2024-06,14,7,24293,6,0,1,1,0,0.667,1.167,0.833,15,0.0,0
14-7-2024-07,Hassan,Missing / UDR,2024-07,14,7,24294,7,0,0,1,1,0.333,0.833,0.833,16,0.0,1
14-7-2024-08,Hassan,Missing / UDR,2024-08,14,7,24295,8,1,0,0,1,0.333,0.667,0.833,18,0.0556,2
14-7-2024-09,Hassan,Missing / UDR,2024-09,14,7,24296,9,2,1,0,0,1.0,0.833,0.917,17,0.1176,0
14-7-2024-10,Hassan,Missing / UDR,2024-10,14,7,24297,10,0,2,1,1,1.0,0.667,0.917,22,0.0,0
14-7-2024-11,Hassan,Missing / UDR,2024-11,14,7,24298,11,0,0,2,0,0.667,0.5,0.833,29,0.0,2
14-7-2024-12,Hassan,Missing / UDR,2024-12,14,7,24299,12,2,0,0,2,0.667,0.833,1.0,21,0.0952,2
14-7-2025-01,Hassan,Missing / UDR,2025-01,14,7,24300,1,2,2,0,2,1.333,1.167,1.0,19,0.1053,3
14-7-2025-02,Hassan,Missing / UDR,2025-02,14,7,24301,2,3,2,2,1,2.333,1.5,1.083,23,0.1304,0
14-7-2025-03,Hassan,Missing / UDR,2025-03,14,7,24302,3,0,3,2,1,1.667,1.167,1.0,8,0.0,4
14-7-2025-04,Hassan,Missing / UDR,2025-04,14,7,24303,4,4,0,3,1,2.333,1.833,1.25,18,0.2222,0
14-7-2025-05,Hassan,Missing / UDR,2025-05,14,7,24304,5,0,4,0,0,1.333,1.833,1.167,25,0.0,0
14-7-2025-06,Hassan,Missing / UDR,2025-06,14,7,24305,6,0,0,4,0,1.333,1.5,1.167,6,0.0,0
14-7-2025-07,Hassan,Missing / UDR,2025-07,14,7,24306,7,0,0,0,1,0.0,1.167,1.167,17,0.0,2
14-7-2025-08,Hassan,Missing / UDR,2025-08,14,7,24307,8,2,0,0,2,0.667,1.0,1.25,20,0.1,0
14-7-2025-09,Hassan,Missing / UDR,2025-09,14,7,24308,9,0,2,0,0,0.667,1.0,1.083,28,0.0,0
14-7-2025-10,Hassan,Missing / UDR,2025-10,14,7,24309,10,0,0,2,0,0.667,0.333,1.083,22,0.0,1
14-7-2025-11,Hassan,Missing / UDR,2025-11,14,7,24310,11,1,0,0,2,0.333,0.5,1.167,22,0.0455,0
14-7-2025-12,Hassan,Missing / UDR,2025-12,14,7,24311,12,0,1,0,2,0.333,0.5,1.0,27,0.0,0
14-7-2026-01,Hassan,Missing / UDR,2026-01,14,7,24312,1,0,0,1,3,0.333,0.5,0.833,20,0.0,1
14-7-2026-02,Hassan,Missing / UDR,2026-02,14,7,24313,2,1,0,0,0,0.333,0.333,0.667,46,0.0217,2
14-7-2026-03,Hassan,Missing / UDR,2026-03,14,7,24314,3,2,1,0,4,1.0,0.667,0.833,32,0.0625,0
14-7-2026-04,Hassan,Missing / UDR,2026-04,14,7,24315,4,0,2,1,0,1.0,0.667,0.5,40,0.0,1
14-7-2026-05,Hassan,Missing / UDR,2026-05,14,7,24316,5,1,0,2,0,1.0,0.667,0.583,34,0.0294,3
14-7-2026-06,Hassan,Missing / UDR,2026-06,14,7,24317,6,3,1,0,0,1.333,1.167,0.833,54,0.0556,1
14-8-2024-03,Hassan,Traffic / PAR,2024-03,14,8,24290,3,0,1,1,1,0.667,0.833,0.667,22,0.0,4
14-8-2024-04,Hassan,Traffic / PAR,2024-04,14,8,24291,4,4,0,1,0,1.667,1.333,0.917,27,0.1481,3
14-8-2024-05,Hassan,Traffic / PAR,2024-05,14,8,24292,5,3,4,0,0,2.333,1.667,1.167,17,0.1765,1
14-8-2024-06,Hassan,Traffic / PAR,2024-06,14,8,24293,6,1,3,4,1,2.667,1.667,1.25,15,0.0667,0
14-8-2024-07,Hassan,Traffic / PAR,2024-07,14,8,24294,7,0,1,3,0,1.333,1.5,1.167,16,0.0,0
14-8-2024-08,Hassan,Traffic / PAR,2024-08,14,8,24295,8,0,0,1,1,0.333,1.333,1.167,18,0.0,0
14-8-2024-09,Hassan,Traffic / PAR,2024-09,14,8,24296,9,0,0,0,1,0.0,1.333,1.083,17,0.0,1
14-8-2024-10,Hassan,Traffic / PAR,2024-10,14,8,24297,10,1,0,0,1,0.333,0.833,1.083,22,0.0455,3
14-8-2024-11,Hassan,Traffic / PAR,2024-11,14,8,24298,11,3,1,0,1,1.333,0.833,1.25,29,0.1034,0
14-8-2024-12,Hassan,Traffic / PAR,2024-12,14,8,24299,12,0,3,1,1,1.333,0.667,1.167,21,0.0,1
14-8-2025-01,Hassan,Traffic / PAR,2025-01,14,8,24300,1,1,0,3,1,1.333,0.833,1.167,19,0.0526,0
14-8-2025-02,Hassan,Traffic / PAR,2025-02,14,8,24301,2,0,1,0,0,0.333,0.833,1.083,23,0.0,0
14-8-2025-03,Hassan,Traffic / PAR,2025-03,14,8,24302,3,0,0,1,4,0.333,0.833,1.083,8,0.0,2
14-8-2025-04,Hassan,Traffic / PAR,2025-04,14,8,24303,4,2,0,0,3,0.667,1.0,0.917,18,0.1111,4
14-8-2025-05,Hassan,Traffic / PAR,2025-05,14,8,24304,5,4,2,0,1,2.0,1.167,1.0,25,0.16,2
14-8-2025-06,Hassan,Traffic / PAR,2025-06,14,8,24305,6,2,4,2,0,2.667,1.5,1.083,6,0.3333,0
14-8-2025-07,Hassan,Traffic / PAR,2025-07,14,8,24306,7,0,2,4,0,2.0,1.333,1.083,17,0.0,2
14-8-2025-08,Hassan,Traffic / PAR,2025-08,14,8,24307,8,2,0,2,0,1.333,1.667,1.25,20,0.1,0
14-8-2025-09,Hassan,Traffic / PAR,2025-09,14,8,24308,9,0,2,0,1,0.667,1.667,1.25,28,0.0,1
14-8-2025-10,Hassan,Traffic / PAR,2025-10,14,8,24309,10,1,0,2,3,1.0,1.5,1.25,22,0.0455,1
14-8-2025-11,Hassan,Traffic / PAR,2025-11,14,8,24310,11,1,1,0,0,0.667,1.0,1.083,22,0.0455,0
14-8-2025-12,Hassan,Traffic / PAR,2025-12,14,8,24311,12,0,1,1,1,0.667,0.667,1.083,27,0.0,1
14-8-2026-01,Hassan,Traffic / PAR,2026-01,14,8,24312,1,1,0,1,0,0.667,0.833,1.083,20,0.05,4
14-8-2026-02,Hassan,Traffic / PAR,2026-02,14,8,24313,2,4,1,0,0,1.667,1.167,1.417,46,0.087,3
14-8-2026-03,Hassan,Traffic / PAR,2026-03,14,8,24314,3,3,4,1,2,2.667,1.667,1.667,32,0.0938,1
14-8-2026-04,Hassan,Traffic / PAR,2026-04,14,8,24315,4,1,3,4,4,2.667,1.667,1.583,40,0.025,3
14-8-2026-05,Hassan,Traffic / PAR,2026-05,14,8,24316,5,3,1,3,2,2.333,2.0,1.5,34,0.0882,3
14-8-2026-06,Hassan,Traffic / PAR,2026-06,14,8,24317,6,3,3,1,0,2.333,2.5,1.583,54,0.0556,2
15-1-2024-02,Mandya,Crimes Against Body,2024-02,15,1,24289,2,4,1,4,2,3.0,2.833,3.25,21,0.1905,2
15-1-2024-03,Mandya,Crimes Against Body,2024-03,15,1,24290,3,2,4,1,4,2.333,2.667,3.25,15,0.1333,5
15-1-2024-04,Mandya,Crimes Against Body,2024-04,15,1,24291,4,5,2,4,4,3.667,3.0,3.333,28,0.1786,3
15-1-2024-05,Mandya,Crimes Against Body,2024-05,15,1,24292,5,3,5,2,3,3.333,3.167,3.25,17,0.1765,1
15-1-2024-06,Mandya,Crimes Against Body,2024-06,15,1,24293,6,1,3,5,3,3.0,2.667,3.083,16,0.0625,2
15-1-2024-07,Mandya,Crimes Against Body,2024-07,15,1,24294,7,2,1,3,6,2.0,2.833,3.0,33,0.0606,2
15-1-2024-08,Mandya,Crimes Against Body,2024-08,15,1,24295,8,2,2,1,3,1.667,2.5,2.667,16,0.125,5
15-1-2024-09,Mandya,Crimes Against Body,2024-09,15,1,24296,9,5,2,2,3,3.0,3.0,2.833,30,0.1667,4
15-1-2024-10,Mandya,Crimes Against Body,2024-10,15,1,24297,10,4,5,2,2,3.667,2.833,2.917,22,0.1818,1
15-1-2024-11,Mandya,Crimes Against Body,2024-11,15,1,24298,11,1,4,5,4,3.333,2.5,2.833,32,0.0312,4
15-1-2024-12,Mandya,Crimes Against Body,2024-12,15,1,24299,12,4,1,4,1,3.0,3.0,2.833,37,0.1081,1
15-1-2025-01,Mandya,Crimes Against Body,2025-01,15,1,24300,1,1,4,1,4,2.0,2.833,2.833,19,0.0526,3
15-1-2025-02,Mandya,Crimes Against Body,2025-02,15,1,24301,2,3,1,4,2,2.667,3.0,2.75,24,0.125,3
15-1-2025-03,Mandya,Crimes Against Body,2025-03,15,1,24302,3,3,3,1,5,2.333,2.667,2.833,19,0.1579,3
15-1-2025-04,Mandya,Crimes Against Body,2025-04,15,1,24303,4,3,3,3,3,3.0,2.5,2.667,31,0.0968,3
15-1-2025-05,Mandya,Crimes Against Body,2025-05,15,1,24304,5,3,3,3,1,3.0,2.833,2.667,15,0.2,4
15-1-2025-06,Mandya,Crimes Against Body,2025-06,15,1,24305,6,4,3,3,2,3.333,2.833,2.917,21,0.1905,1
15-1-2025-07,Mandya,Crimes Against Body,2025-07,15,1,24306,7,1,4,3,2,2.667,2.833,2.833,13,0.0769,3
15-1-2025-08,Mandya,Crimes Against Body,2025-08,15,1,24307,8,3,1,4,5,2.667,2.833,2.917,21,0.1429,2
15-1-2025-09,Mandya,Crimes Against Body,2025-09,15,1,24308,9,2,3,1,4,2.0,2.667,2.667,15,0.1333,6
15-1-2025-10,Mandya,Crimes Against Body,2025-10,15,1,24309,10,6,2,3,1,3.667,3.167,2.833,25,0.24,3
15-1-2025-11,Mandya,Crimes Against Body,2025-11,15,1,24310,11,3,6,2,4,3.667,3.167,3.0,25,0.12,7
15-1-2025-12,Mandya,Crimes Against Body,2025-12,15,1,24311,12,7,3,6,1,5.333,3.667,3.25,34,0.2059,2
15-1-2026-01,Mandya,Crimes Against Body,2026-01,15,1,24312,1,2,7,3,3,4.0,3.833,3.333,19,0.1053,6
15-1-2026-02,Mandya,Crimes Against Body,2026-02,15,1,24313,2,6,2,7,3,5.0,4.333,3.583,38,0.1579,4
15-1-2026-03,Mandya,Crimes Against Body,2026-03,15,1,24314,3,4,6,2,3,4.0,4.667,3.667,34,0.1176,10
15-1-2026-04,Mandya,Crimes Against Body,2026-04,15,1,24315,4,10,4,6,3,6.667,5.333,4.25,46,0.2174,4
15-1-2026-05,Mandya,Crimes Against Body,2026-05,15,1,24316,5,4,10,4,4,6.0,5.5,4.333,43,0.093,4
15-1-2026-06,Mandya,Crimes Against Body,2026-06,15,1,24317,6,4,4,10,1,6.0,5.0,4.333,39,0.1026,8
15-2-2024-02,Mandya,Crimes Against Property,2024-02,15,2,24289,2,7,4,8,6,6.333,8.5,7.5,21,0.3333,5
15-2-2024-03,Mandya,Crimes Against Property,2024-03,15,2,24290,3,5,7,4,4,5.333,7.833,7.417,15,0.3333,6
15-2-2024-04,Mandya,Crimes Against Property,2024-04,15,2,24291,4,6,5,7,5,6.0,7.167,7.583,28,0.2143,5
15-2-2024-05,Mandya,Crimes Against Property,2024-05,15,2,24292,5,5,6,5,4,5.333,5.833,7.583,17,0.2941,8
15-2-2024-06,Mandya,Crimes Against Property,2024-06,15,2,24293,6,8,5,6,3,6.333,5.833,7.917,16,0.5,13
15-2-2024-07,Mandya,Crimes Against Property,2024-07,15,2,24294,7,13,8,5,17,8.667,7.333,8.75,33,0.3939,8
15-2-2024-08,Mandya,Crimes Against Property,2024-08,15,2,24295,8,8,13,8,9,9.667,7.5,8.0,16,0.5,12
15-2-2024-09,Mandya,Crimes Against Property,2024-09,15,2,24296,9,12,8,13,10,11.0,8.667,8.25,30,0.4,4
15-2-2024-10,Mandya,Crimes Against Property,2024-10,15,2,24297,10,4,12,8,13,8.0,8.333,7.75,22,0.1818,21
15-2-2024-11,Mandya,Crimes Against Property,2024-11,15,2,24298,11,21,4,12,8,12.333,11.0,8.417,32,0.6562,20
15-2-2024-12,Mandya,Crimes Against Property,2024-12,15,2,24299,12,20,21,4,4,15.0,13.0,9.417,37,0.5405,10
15-2-2025-01,Mandya,Crimes Against Property,2025-01,15,2,24300,1,10,20,21,7,17.0,12.5,9.917,19,0.5263,10
15-2-2025-02,Mandya,Crimes Against Property,2025-02,15,2,24301,2,10,10,20,5,13.333,12.833,10.167,24,0.4167,7
15-2-2025-03,Mandya,Crimes Against Property,2025-03,15,2,24302,3,7,10,10,6,9.0,12.0,10.333,19,0.3684,12
15-2-2025-04,Mandya,Crimes Against Property,2025-04,15,2,24303,4,12,7,10,5,9.667,13.333,10.833,31,0.3871,5
15-2-2025-05,Mandya,Crimes Against Property,2025-05,15,2,24304,5,5,12,7,8,8.0,10.667,10.833,15,0.3333,4
15-2-2025-06,Mandya,Crimes Against Property,2025-06,15,2,24305,6,4,5,12,13,7.0,8.0,10.5,21,0.1905,4
15-2-2025-07,Mandya,Crimes Against Property,2025-07,15,2,24306,7,4,4,5,8,4.333,7.0,9.75,13,0.3077,9
15-2-2025-08,Mandya,Crimes Against Property,2025-08,15,2,24307,8,9,4,4,12,5.667,6.833,9.833,21,0.4286,5
15-2-2025-09,Mandya,Crimes Against Property,2025-09,15,2,24308,9,5,9,4,4,6.0,6.5,9.25,15,0.3333,5
15-2-2025-10,Mandya,Crimes Against Property,2025-10,15,2,24309,10,5,5,9,21,6.333,5.333,9.333,25,0.2,10
15-2-2025-11,Mandya,Crimes Against Property,2025-11,15,2,24310,11,10,5,5,20,6.667,6.167,8.417,25,0.4,22
15-2-2025-12,Mandya,Crimes Against Property,2025-12,15,2,24311,12,22,10,5,10,12.333,9.167,8.583,34,0.6471,8
15-2-2026-01,Mandya,Crimes Against Property,2026-01,15,2,24312,1,8,22,10,10,13.333,9.833,8.417,19,0.4211,11
15-2-2026-02,Mandya,Crimes Against Property,2026-02,15,2,24313,2,11,8,22,7,13.667,10.167,8.5,38,0.2895,14
15-2-2026-03,Mandya,Crimes Against Property,2026-03,15,2,24314,3,14,11,8,12,11.0,11.667,9.083,34,0.4118,11
15-2-2026-04,Mandya,Crimes Against Property,2026-04,15,2,24315,4,11,14,11,5,12.0,12.667,9.0,46,0.2391,9
15-2-2026-05,Mandya,Crimes Against Property,2026-05,15,2,24316,5,9,11,14,4,11.333,12.5,9.333,43,0.2093,17
15-2-2026-06,Mandya,Crimes Against Property,2026-06,15,2,24317,6,17,9,11,4,12.333,11.667,10.417,39,0.4359,12
15-3-2024-02,Mandya,Crimes Against Women,2024-02,15,3,24289,2,3,4,0,1,2.333,2.333,1.75,21,0.1429,0
15-3-2024-03,Mandya,Crimes Against Women,2024-03,15,3,24290,3,0,3,4,1,2.333,2.167,1.667,15,0.0,3
15-3-2024-04,Mandya,Crimes Against Women,2024-04,15,3,24291,4,3,0,3,1,2.0,1.833,1.833,28,0.1071,2
15-3-2024-05,Mandya,Crimes Against Women,2024-05,15,3,24292,5,2,3,0,1,1.667,2.0,1.917,17,0.1176,3
15-3-2024-06,Mandya,Crimes Against Women,2024-06,15,3,24293,6,3,2,3,1,2.667,2.5,2.083,16,0.1875,1
15-3-2024-07,Mandya,Crimes Against Women,2024-07,15,3,24294,7,1,3,2,2,2.0,2.0,2.083,33,0.0303,0
15-3-2024-08,Mandya,Crimes Against Women,2024-08,15,3,24295,8,0,1,3,1,1.333,1.5,1.917,16,0.0,0
15-3-2024-09,Mandya,Crimes Against Women,2024-09,15,3,24296,9,0,0,1,5,0.333,1.5,1.833,30,0.0,1
15-3-2024-10,Mandya,Crimes Against Women,2024-10,15,3,24297,10,1,0,0,1,0.333,1.167,1.5,22,0.0455,3
15-3-2024-11,Mandya,Crimes Against Women,2024-11,15,3,24298,11,3,1,0,0,1.333,1.333,1.667,32,0.0938,3
15-3-2024-12,Mandya,Crimes Against Women,2024-12,15,3,24299,12,3,3,1,4,2.333,1.333,1.917,37,0.0811,0
15-3-2025-01,Mandya,Crimes Against Women,2025-01,15,3,24300,1,0,3,3,3,2.0,1.167,1.583,19,0.0,2
15-3-2025-02,Mandya,Crimes Against Women,2025-02,15,3,24301,2,2,0,3,0,1.667,1.5,1.5,24,0.0833,3
15-3-2025-03,Mandya,Crimes Against Women,2025-03,15,3,24302,3,3,2,0,3,1.667,2.0,1.75,19,0.1579,5
15-3-2025-04,Mandya,Crimes Against Women,2025-04,15,3,24303,4,5,3,2,2,3.333,2.667,1.917,31,0.1613,0
15-3-2025-05,Mandya,Crimes Against Women,2025-05,15,3,24304,5,0,5,3,3,2.667,2.167,1.75,15,0.0,2
15-3-2025-06,Mandya,Crimes Against Women,2025-06,15,3,24305,6,2,0,5,1,2.333,2.0,1.667,21,0.0952,0
15-3-2025-07,Mandya,Crimes Against Women,2025-07,15,3,24306,7,0,2,0,0,0.667,2.0,1.583,13,0.0,0
15-3-2025-08,Mandya,Crimes Against Women,2025-08,15,3,24307,8,0,0,2,0,0.667,1.667,1.583,21,0.0,2
15-3-2025-09,Mandya,Crimes Against Women,2025-09,15,3,24308,9,2,0,0,1,0.667,1.5,1.75,15,0.1333,5
15-3-2025-10,Mandya,Crimes Against Women,2025-10,15,3,24309,10,5,2,0,3,2.333,1.5,2.083,25,0.2,2
15-3-2025-11,Mandya,Crimes Against Women,2025-11,15,3,24310,11,2,5,2,3,3.0,1.833,2.0,25,0.08,0
15-3-2025-12,Mandya,Crimes Against Women,2025-12,15,3,24311,12,0,2,5,0,2.333,1.5,1.75,34,0.0,1
15-3-2026-01,Mandya,Crimes Against Women,2026-01,15,3,24312,1,1,0,2,2,1.0,1.667,1.833,19,0.0526,5
15-3-2026-02,Mandya,Crimes Against Women,2026-02,15,3,24313,2,5,1,0,3,2.0,2.5,2.083,38,0.1316,2
15-3-2026-03,Mandya,Crimes Against Women,2026-03,15,3,24314,3,2,5,1,5,2.667,2.5,2.0,34,0.0588,6
15-3-2026-04,Mandya,Crimes Against Women,2026-04,15,3,24315,4,6,2,5,0,4.333,2.667,2.083,46,0.1304,6
15-3-2026-05,Mandya,Crimes Against Women,2026-05,15,3,24316,5,6,6,2,2,4.667,3.333,2.583,43,0.1395,2
15-3-2026-06,Mandya,Crimes Against Women,2026-06,15,3,24317,6,2,6,6,0,4.667,3.667,2.583,39,0.0513,3
15-4-2024-02,Mandya,Cyber Crime,2024-02,15,4,24289,2,4,4,3,3,3.667,4.333,3.25,21,0.1905,3
15-4-2024-03,Mandya,Cyber Crime,2024-03,15,4,24290,3,3,4,4,1,3.667,4.167,3.25,15,0.2,7
15-4-2024-04,Mandya,Cyber Crime,2024-04,15,4,24291,4,7,3,4,0,4.667,4.667,3.75,28,0.25,5
15-4-2024-05,Mandya,Cyber Crime,2024-05,15,4,24292,5,5,7,3,6,5.0,4.333,4.167,17,0.2941,2
15-4-2024-06,Mandya,Cyber Crime,2024-06,15,4,24293,6,2,5,7,1,4.667,4.167,3.833,16,0.125,5
15-4-2024-07,Mandya,Cyber Crime,2024-07,15,4,24294,7,5,2,5,2,4.0,4.333,4.167,33,0.1515,4
15-4-2024-08,Mandya,Cyber Crime,2024-08,15,4,24295,8,4,5,2,4,3.667,4.333,4.333,16,0.25,9
15-4-2024-09,Mandya,Cyber Crime,2024-09,15,4,24296,9,9,4,5,4,6.0,5.333,4.75,30,0.3,8
15-4-2024-10,Mandya,Cyber Crime,2024-10,15,4,24297,10,8,9,4,7,7.0,5.5,5.083,22,0.3636,5
15-4-2024-11,Mandya,Cyber Crime,2024-11,15,4,24298,11,5,8,9,3,7.333,5.5,4.917,32,0.1562,5
15-4-2024-12,Mandya,Cyber Crime,2024-12,15,4,24299,12,5,5,8,4,6.0,6.0,5.083,37,0.1351,4
15-4-2025-01,Mandya,Cyber Crime,2025-01,15,4,24300,1,4,5,5,4,4.667,5.833,5.083,19,0.2105,4
15-4-2025-02,Mandya,Cyber Crime,2025-02,15,4,24301,2,4,4,5,3,4.333,5.833,5.083,24,0.1667,2
15-4-2025-03,Mandya,Cyber Crime,2025-03,15,4,24302,3,2,4,4,7,3.333,4.667,5.0,19,0.1053,6
15-4-2025-04,Mandya,Cyber Crime,2025-04,15,4,24303,4,6,2,4,5,4.0,4.333,4.917,31,0.1935,3
15-4-2025-05,Mandya,Cyber Crime,2025-05,15,4,24304,5,3,6,2,2,3.667,4.0,4.75,15,0.2,4
15-4-2025-06,Mandya,Cyber Crime,2025-06,15,4,24305,6,4,3,6,5,4.333,3.833,4.917,21,0.1905,3
15-4-2025-07,Mandya,Cyber Crime,2025-07,15,4,24306,7,3,4,3,4,3.333,3.667,4.75,13,0.2308,3
15-4-2025-08,Mandya,Cyber Crime,2025-08,15,4,24307,8,3,3,4,9,3.333,3.5,4.667,21,0.1429,3
15-4-2025-09,Mandya,Cyber Crime,2025-09,15,4,24308,9,3,3,3,8,3.0,3.667,4.167,15,0.2,8
15-4-2025-10,Mandya,Cyber Crime,2025-10,15,4,24309,10,8,3,3,5,4.667,4.0,4.167,25,0.32,6
15-4-2025-11,Mandya,Cyber Crime,2025-11,15,4,24310,11,6,8,3,5,5.667,4.5,4.25,25,0.24,2
15-4-2025-12,Mandya,Cyber Crime,2025-12,15,4,24311,12,2,6,8,4,5.333,4.167,4.0,34,0.0588,4
15-4-2026-01,Mandya,Cyber Crime,2026-01,15,4,24312,1,4,2,6,4,4.0,4.333,4.0,19,0.2105,9
15-4-2026-02,Mandya,Cyber Crime,2026-02,15,4,24313,2,9,4,2,2,5.0,5.333,4.417,38,0.2368,7
15-4-2026-03,Mandya,Cyber Crime,2026-03,15,4,24314,3,7,9,4,6,6.667,6.0,4.833,34,0.2059,9
15-4-2026-04,Mandya,Cyber Crime,2026-04,15,4,24315,4,9,7,9,3,8.333,6.167,5.083,46,0.1957,12
15-4-2026-05,Mandya,Cyber Crime,2026-05,15,4,24316,5,12,9,7,4,9.333,7.167,5.833,43,0.2791,5
15-4-2026-06,Mandya,Cyber Crime,2026-06,15,4,24317,6,5,12,9,3,8.667,7.667,5.917,39,0.1282,8
15-5-2024-06,Mandya,Economic Offences,2024-06,15,5,24293,6,0,2,4,1,2.0,1.333,1.5,16,0.0,4
15-5-2024-07,Mandya,Economic Offences,2024-07,15,5,24294,7,4,0,2,1,2.0,2.0,1.75,33,0.1212,1
15-5-2024-08,Mandya,Economic Offences,2024-08,15,5,24295,8,1,4,0,3,1.667,2.167,1.75,16,0.0625,3
15-5-2024-09,Mandya,Economic Offences,2024-09,15,5,24296,9,3,1,4,1,2.667,2.333,1.75,30,0.1,3
15-5-2024-10,Mandya,Economic Offences,2024-10,15,5,24297,10,3,3,1,1,2.333,2.167,1.917,22,0.1364,0
15-5-2024-11,Mandya,Economic Offences,2024-11,15,5,24298,11,0,3,3,3,2.0,1.833,1.833,32,0.0,1
15-5-2024-12,Mandya,Economic Offences,2024-12,15,5,24299,12,1,0,3,0,1.333,2.0,1.667,37,0.027,1
15-5-2025-01,Mandya,Economic Offences,2025-01,15,5,24300,1,1,1,0,0,0.667,1.5,1.75,19,0.0526,4
15-5-2025-02,Mandya,Economic Offences,2025-02,15,5,24301,2,4,1,1,2,2.0,2.0,2.083,24,0.1667,2
15-5-2025-03,Mandya,Economic Offences,2025-03,15,5,24302,3,2,4,1,4,2.333,1.833,2.083,19,0.1053,2
15-5-2025-04,Mandya,Economic Offences,2025-04,15,5,24303,4,2,2,4,2,2.667,1.667,1.917,31,0.0645,1
15-5-2025-05,Mandya,Economic Offences,2025-05,15,5,24304,5,1,2,2,0,1.667,1.833,1.833,15,0.0667,2
15-5-2025-06,Mandya,Economic Offences,2025-06,15,5,24305,6,2,1,2,4,1.667,2.0,2.0,21,0.0952,1
15-5-2025-07,Mandya,Economic Offences,2025-07,15,5,24306,7,1,2,1,1,1.333,2.0,1.75,13,0.0769,1
15-5-2025-08,Mandya,Economic Offences,2025-08,15,5,24307,8,1,1,2,3,1.333,1.5,1.75,21,0.0476,2
15-5-2025-09,Mandya,Economic Offences,2025-09,15,5,24308,9,2,1,1,3,1.333,1.5,1.667,15,0.1333,1
15-5-2025-10,Mandya,Economic Offences,2025-10,15,5,24309,10,1,2,1,0,1.333,1.333,1.5,25,0.04,4
15-5-2025-11,Mandya,Economic Offences,2025-11,15,5,24310,11,4,1,2,1,2.333,1.833,1.833,25,0.16,1
15-5-2025-12,Mandya,Economic Offences,2025-12,15,5,24311,12,1,4,1,1,2.0,1.667,1.833,34,0.0294,2
15-5-2026-01,Mandya,Economic Offences,2026-01,15,5,24312,1,2,1,4,4,2.333,1.833,1.917,19,0.1053,4
15-5-2026-02,Mandya,Economic Offences,2026-02,15,5,24313,2,4,2,1,2,2.333,2.333,1.917,38,0.1053,0
15-5-2026-03,Mandya,Economic Offences,2026-03,15,5,24314,3,0,4,2,2,2.0,2.0,1.75,34,0.0,3
15-5-2026-04,Mandya,Economic Offences,2026-04,15,5,24315,4,3,0,4,1,2.333,2.333,1.833,46,0.0652,2
15-5-2026-05,Mandya,Economic Offences,2026-05,15,5,24316,5,2,3,0,2,1.667,2.0,1.917,43,0.0465,2
15-5-2026-06,Mandya,Economic Offences,2026-06,15,5,24317,6,2,2,3,1,2.333,2.167,1.917,39,0.0513,1
15-6-2024-04,Mandya,NDPS,2024-04,15,6,24291,4,0,3,1,0,1.333,0.833,0.667,28,0.0,0
15-6-2024-05,Mandya,NDPS,2024-05,15,6,24292,5,0,0,3,0,1.0,0.833,0.667,17,0.0,0
15-6-2024-06,Mandya,NDPS,2024-06,15,6,24293,6,0,0,0,1,0.0,0.833,0.667,16,0.0,3
15-6-2024-07,Mandya,NDPS,2024-07,15,6,24294,7,3,0,0,0,1.0,1.167,0.833,33,0.0909,0
15-6-2024-08,Mandya,NDPS,2024-08,15,6,24295,8,0,3,0,0,1.0,1.0,0.833,16,0.0,0
15-6-2024-09,Mandya,NDPS,2024-09,15,6,24296,9,0,0,3,2,1.0,0.5,0.833,30,0.0,0
15-6-2024-10,Mandya,NDPS,2024-10,15,6,24297,10,0,0,0,0,0.0,0.5,0.667,22,0.0,1
15-6-2024-11,Mandya,NDPS,2024-11,15,6,24298,11,1,0,0,0,0.333,0.667,0.75,32,0.0312,0
15-6-2024-12,Mandya,NDPS,2024-12,15,6,24299,12,0,1,0,1,0.333,0.667,0.75,37,0.0,1
15-6-2025-01,Mandya,NDPS,2025-01,15,6,24300,1,1,0,1,1,0.667,0.333,0.75,19,0.0526,0
15-6-2025-02,Mandya,NDPS,2025-02,15,6,24301,2,0,1,0,3,0.333,0.333,0.667,24,0.0,1
15-6-2025-03,Mandya,NDPS,2025-03,15,6,24302,3,1,0,1,0,0.667,0.5,0.5,19,0.0526,1
15-6-2025-04,Mandya,NDPS,2025-04,15,6,24303,4,1,1,0,0,0.667,0.667,0.583,31,0.0323,1
15-6-2025-05,Mandya,NDPS,2025-05,15,6,24304,5,1,1,1,0,1.0,0.667,0.667,15,0.0667,0
15-6-2025-06,Mandya,NDPS,2025-06,15,6,24305,6,0,1,1,3,0.667,0.667,0.667,21,0.0,0
15-6-2025-07,Mandya,NDPS,2025-07,15,6,24306,7,0,0,1,0,0.333,0.5,0.417,13,0.0,1
15-6-2025-08,Mandya,NDPS,2025-08,15,6,24307,8,1,0,0,0,0.333,0.667,0.5,21,0.0476,1
15-6-2025-09,Mandya,NDPS,2025-09,15,6,24308,9,1,1,0,0,0.667,0.667,0.583,15,0.0667,0
15-6-2025-10,Mandya,NDPS,2025-10,15,6,24309,10,0,1,1,1,0.667,0.5,0.583,25,0.0,0
15-6-2025-11,Mandya,NDPS,2025-11,15,6,24310,11,0,0,1,0,0.333,0.333,0.5,25,0.0,0
15-6-2025-12,Mandya,NDPS,2025-12,15,6,24311,12,0,0,0,1,0.0,0.333,0.5,34,0.0,1
15-6-2026-01,Mandya,NDPS,2026-01,15,6,24312,1,1,0,0,0,0.333,0.5,0.5,19,0.0526,1
15-6-2026-02,Mandya,NDPS,2026-02,15,6,24313,2,1,1,0,1,0.667,0.5,0.583,38,0.0263,1
15-6-2026-03,Mandya,NDPS,2026-03,15,6,24314,3,1,1,1,1,1.0,0.5,0.583,34,0.0294,0
15-6-2026-04,Mandya,NDPS,2026-04,15,6,24315,4,0,1,1,1,0.667,0.5,0.5,46,0.0,2
15-6-2026-05,Mandya,NDPS,2026-05,15,6,24316,5,2,0,1,0,1.0,0.833,0.583,43,0.0465,0
15-6-2026-06,Mandya,NDPS,2026-06,15,6,24317,6,0,2,0,0,0.667,0.833,0.583,39,0.0,3
15-7-2024-02,Mandya,Missing / UDR,2024-02,15,7,24289,2,1,1,1,1,1.0,1.167,0.833,21,0.0476,0
15-7-2024-03,Mandya,Missing / UDR,2024-03,15,7,24290,3,0,1,1,1,0.667,0.833,0.75,15,0.0,1
15-7-2024-04,Mandya,Missing / UDR,2024-04,15,7,24291,4,1,0,1,0,0.667,1.0,0.75,28,0.0357,0
15-7-2024-05,Mandya,Missing / UDR,2024-05,15,7,24292,5,0,1,0,0,0.333,0.667,0.75,17,0.0,0
15-7-2024-06,Mandya,Missing / UDR,2024-06,15,7,24293,6,0,0,1,0,0.333,0.5,0.75,16,0.0,2
15-7-2024-07,Mandya,Missing / UDR,2024-07,15,7,24294,7,2,0,0,1,0.667,0.667,0.917,33,0.0606,1
15-7-2024-08,Mandya,Missing / UDR,2024-08,15,7,24295,8,1,2,0,2,1.0,0.667,0.917,16,0.0625,1
15-7-2024-09,Mandya,Missing / UDR,2024-09,15,7,24296,9,1,1,2,0,1.333,0.833,0.833,30,0.0333,2
15-7-2024-10,Mandya,Missing / UDR,2024-10,15,7,24297,10,2,1,1,2,1.333,1.0,1.0,22,0.0909,1
15-7-2024-11,Mandya,Missing / UDR,2024-11,15,7,24298,11,1,2,1,1,1.333,1.167,0.917,32,0.0312,2
15-7-2024-12,Mandya,Missing / UDR,2024-12,15,7,24299,12,2,1,2,1,1.667,1.5,1.0,37,0.0541,1
15-7-2025-01,Mandya,Missing / UDR,2025-01,15,7,24300,1,1,2,1,1,1.333,1.333,1.0,19,0.0526,0
15-7-2025-02,Mandya,Missing / UDR,2025-02,15,7,24301,2,0,1,2,0,1.0,1.167,0.917,24,0.0,1
15-7-2025-03,Mandya,Missing / UDR,2025-03,15,7,24302,3,1,0,1,1,0.667,1.167,1.0,19,0.0526,0
15-7-2025-04,Mandya,Missing / UDR,2025-04,15,7,24303,4,0,1,0,0,0.333,0.833,0.917,31,0.0,1
15-7-2025-05,Mandya,Missing / UDR,2025-05,15,7,24304,5,1,0,1,0,0.667,0.833,1.0,15,0.0667,0
15-7-2025-06,Mandya,Missing / UDR,2025-06,15,7,24305,6,0,1,0,2,0.333,0.5,1.0,21,0.0,2
15-7-2025-07,Mandya,Missing / UDR,2025-07,15,7,24306,7,2,0,1,1,1.0,0.667,1.0,13,0.1538,2
15-7-2025-08,Mandya,Missing / UDR,2025-08,15,7,24307,8,2,2,0,1,1.333,1.0,1.083,21,0.0952,0
15-7-2025-09,Mandya,Missing / UDR,2025-09,15,7,24308,9,0,2,2,2,1.333,0.833,1.0,15,0.0,0
15-7-2025-10,Mandya,Missing / UDR,2025-10,15,7,24309,10,0,0,2,1,0.667,0.833,0.833,25,0.0,0
15-7-2025-11,Mandya,Missing / UDR,2025-11,15,7,24310,11,0,0,0,2,0.0,0.667,0.75,25,0.0,1
15-7-2025-12,Mandya,Missing / UDR,2025-12,15,7,24311,12,1,0,0,1,0.333,0.833,0.667,34,0.0294,1
15-7-2026-01,Mandya,Missing / UDR,2026-01,15,7,24312,1,1,1,0,0,0.667,0.667,0.667,19,0.0526,1
15-7-2026-02,Mandya,Missing / UDR,2026-02,15,7,24313,2,1,1,1,1,1.0,0.5,0.75,38,0.0263,1
15-7-2026-03,Mandya,Missing / UDR,2026-03,15,7,24314,3,1,1,1,0,1.0,0.667,0.75,34,0.0294,4
15-7-2026-04,Mandya,Missing / UDR,2026-04,15,7,24315,4,4,1,1,1,2.0,1.333,1.083,46,0.087,5
15-7-2026-05,Mandya,Missing / UDR,2026-05,15,7,24316,5,5,4,1,0,3.333,2.167,1.417,43,0.1163,6
15-7-2026-06,Mandya,Missing / UDR,2026-06,15,7,24317,6,6,5,4,2,5.0,3.0,1.917,39,0.1538,2
15-8-2024-02,Mandya,Traffic / PAR,2024-02,15,8,24289,2,1,2,1,0,1.333,1.0,0.917,21,0.0476,0
15-8-2024-03,Mandya,Traffic / PAR,2024-03,15,8,24290,3,0,1,2,1,1.0,1.0,0.917,15,0.0,2
15-8-2024-04,Mandya,Traffic / PAR,2024-04,15,8,24291,4,2,0,1,0,1.0,1.333,1.0,28,0.0714,0
15-8-2024-05,Mandya,Traffic / PAR,2024-05,15,8,24292,5,0,2,0,1,0.667,1.0,1.0,17,0.0,2
15-8-2024-06,Mandya,Traffic / PAR,2024-06,15,8,24293,6,2,0,2,0,1.333,1.167,1.083,16,0.125,3
15-8-2024-07,Mandya,Traffic / PAR,2024-07,15,8,24294,7,3,2,0,3,1.667,1.333,1.333,33,0.0909,0
15-8-2024-08,Mandya,Traffic / PAR,2024-08,15,8,24295,8,0,3,2,0,1.667,1.167,1.083,16,0.0,0
15-8-2024-09,Mandya,Traffic / PAR,2024-09,15,8,24296,9,0,0,3,0,1.0,1.167,1.083,30,0.0,0
15-8-2024-10,Mandya,Traffic / PAR,2024-10,15,8,24297,10,0,0,0,2,0.0,0.833,1.083,22,0.0,0
15-8-2024-11,Mandya,Traffic / PAR,2024-11,15,8,24298,11,0,0,0,1,0.0,0.833,0.917,32,0.0,2
15-8-2024-12,Mandya,Traffic / PAR,2024-12,15,8,24299,12,2,0,0,2,0.667,0.833,1.0,37,0.0541,1
15-8-2025-01,Mandya,Traffic / PAR,2025-01,15,8,24300,1,1,2,0,1,1.0,0.5,0.917,19,0.0526,1
15-8-2025-02,Mandya,Traffic / PAR,2025-02,15,8,24301,2,1,1,2,0,1.333,0.667,0.917,24,0.0417,0
15-8-2025-03,Mandya,Traffic / PAR,2025-03,15,8,24302,3,0,1,1,2,0.667,0.667,0.917,19,0.0,2
15-8-2025-04,Mandya,Traffic / PAR,2025-04,15,8,24303,4,2,0,1,0,1.0,1.0,0.917,31,0.0645,1
15-8-2025-05,Mandya,Traffic / PAR,2025-05,15,8,24304,5,1,2,0,2,1.0,1.167,1.0,15,0.0667,5
15-8-2025-06,Mandya,Traffic / PAR,2025-06,15,8,24305,6,5,1,2,3,2.667,1.667,1.25,21,0.2381,2
15-8-2025-07,Mandya,Traffic / PAR,2025-07,15,8,24306,7,2,5,1,0,2.667,1.833,1.167,13,0.1538,2
15-8-2025-08,Mandya,Traffic / PAR,2025-08,15,8,24307,8,2,2,5,0,3.0,2.0,1.333,21,0.0952,0
15-8-2025-09,Mandya,Traffic / PAR,2025-09,15,8,24308,9,0,2,2,0,1.333,2.0,1.333,15,0.0,0
15-8-2025-10,Mandya,Traffic / PAR,2025-10,15,8,24309,10,0,0,2,0,0.667,1.667,1.333,25,0.0,0
15-8-2025-11,Mandya,Traffic / PAR,2025-11,15,8,24310,11,0,0,0,2,0.0,1.5,1.333,25,0.0,1
15-8-2025-12,Mandya,Traffic / PAR,2025-12,15,8,24311,12,1,0,0,1,0.333,0.833,1.25,34,0.0294,0
15-8-2026-01,Mandya,Traffic / PAR,2026-01,15,8,24312,1,0,1,0,1,0.333,0.5,1.167,19,0.0,1
15-8-2026-02,Mandya,Traffic / PAR,2026-02,15,8,24313,2,1,0,1,0,0.667,0.333,1.167,38,0.0263,5
15-8-2026-03,Mandya,Traffic / PAR,2026-03,15,8,24314,3,5,1,0,2,2.0,1.167,1.583,34,0.1471,3
15-8-2026-04,Mandya,Traffic / PAR,2026-04,15,8,24315,4,3,5,1,1,3.0,1.667,1.667,46,0.0652,3
15-8-2026-05,Mandya,Traffic / PAR,2026-05,15,8,24316,5,3,3,5,5,3.667,2.167,1.833,43,0.0698,3
15-8-2026-06,Mandya,Traffic / PAR,2026-06,15,8,24317,6,3,3,3,2,3.0,2.5,1.667,39,0.0769,2
16-1-2024-03,Chitradurga,Crimes Against Body,2024-03,16,1,24290,3,3,3,2,0,2.667,3.0,2.5,17,0.1765,1
16-1-2024-04,Chitradurga,Crimes Against Body,2024-04,16,1,24291,4,1,3,3,1,2.333,2.5,2.583,15,0.0667,5
16-1-2024-05,Chitradurga,Crimes Against Body,2024-05,16,1,24292,5,5,1,3,5,3.0,3.0,2.917,15,0.3333,0
16-1-2024-06,Chitradurga,Crimes Against Body,2024-06,16,1,24293,6,0,5,1,4,2.0,2.333,2.5,14,0.0,1
16-1-2024-07,Chitradurga,Crimes Against Body,2024-07,16,1,24294,7,1,0,5,0,2.0,2.167,2.25,9,0.1111,4
16-1-2024-08,Chitradurga,Crimes Against Body,2024-08,16,1,24295,8,4,1,0,2,1.667,2.333,2.583,18,0.2222,3
16-1-2024-09,Chitradurga,Crimes Against Body,2024-09,16,1,24296,9,3,4,1,4,2.667,2.333,2.667,16,0.1875,1
16-1-2024-10,Chitradurga,Crimes Against Body,2024-10,16,1,24297,10,1,3,4,2,2.667,2.333,2.417,8,0.125,0
16-1-2024-11,Chitradurga,Crimes Against Body,2024-11,16,1,24298,11,0,1,3,4,1.333,1.5,2.25,23,0.0,5
16-1-2024-12,Chitradurga,Crimes Against Body,2024-12,16,1,24299,12,5,0,1,2,2.0,2.333,2.333,19,0.2632,1
16-1-2025-01,Chitradurga,Crimes Against Body,2025-01,16,1,24300,1,1,5,0,3,2.0,2.333,2.25,18,0.0556,0
16-1-2025-02,Chitradurga,Crimes Against Body,2025-02,16,1,24301,2,0,1,5,3,2.0,1.667,2.0,16,0.0,0
16-1-2025-03,Chitradurga,Crimes Against Body,2025-03,16,1,24302,3,0,0,1,1,0.333,1.167,1.75,13,0.0,2
16-1-2025-04,Chitradurga,Crimes Against Body,2025-04,16,1,24303,4,2,0,0,5,0.667,1.333,1.833,17,0.1176,3
16-1-2025-05,Chitradurga,Crimes Against Body,2025-05,16,1,24304,5,3,2,0,0,1.667,1.833,1.667,14,0.2143,2
16-1-2025-06,Chitradurga,Crimes Against Body,2025-06,16,1,24305,6,2,3,2,1,2.333,1.333,1.833,14,0.1429,1
16-1-2025-07,Chitradurga,Crimes Against Body,2025-07,16,1,24306,7,1,2,3,4,2.0,1.333,1.833,17,0.0588,2
16-1-2025-08,Chitradurga,Crimes Against Body,2025-08,16,1,24307,8,2,1,2,3,1.667,1.667,1.667,16,0.125,1
16-1-2025-09,Chitradurga,Crimes Against Body,2025-09,16,1,24308,9,1,2,1,1,1.333,1.833,1.5,14,0.0714,2
16-1-2025-10,Chitradurga,Crimes Against Body,2025-10,16,1,24309,10,2,1,2,0,1.667,1.833,1.583,11,0.1818,5
16-1-2025-11,Chitradurga,Crimes Against Body,2025-11,16,1,24310,11,5,2,1,5,2.667,2.167,2.0,28,0.1786,0
16-1-2025-12,Chitradurga,Crimes Against Body,2025-12,16,1,24311,12,0,5,2,1,2.333,1.833,1.583,27,0.0,0
16-1-2026-01,Chitradurga,Crimes Against Body,2026-01,16,1,24312,1,0,0,5,0,1.667,1.667,1.5,14,0.0,3
16-1-2026-02,Chitradurga,Crimes Against Body,2026-02,16,1,24313,2,3,0,0,0,1.0,1.833,1.75,31,0.0968,4
16-1-2026-03,Chitradurga,Crimes Against Body,2026-03,16,1,24314,3,4,3,0,2,2.333,2.333,2.083,28,0.1429,4
16-1-2026-04,Chitradurga,Crimes Against Body,2026-04,16,1,24315,4,4,4,3,3,3.667,2.667,2.25,35,0.1143,1
16-1-2026-05,Chitradurga,Crimes Against Body,2026-05,16,1,24316,5,1,4,4,2,3.0,2.0,2.083,28,0.0357,4
16-1-2026-06,Chitradurga,Crimes Against Body,2026-06,16,1,24317,6,4,1,4,1,3.0,2.667,2.25,29,0.1379,1
16-2-2024-02,Chitradurga,Crimes Against Property,2024-02,16,2,24289,2,7,8,8,4,7.667,7.667,6.0,20,0.35,8
16-2-2024-03,Chitradurga,Crimes Against Property,2024-03,16,2,24290,3,8,7,8,4,7.667,8.667,6.333,17,0.4706,10
16-2-2024-04,Chitradurga,Crimes Against Property,2024-04,16,2,24291,4,10,8,7,4,8.333,9.667,6.833,15,0.6667,1
16-2-2024-05,Chitradurga,Crimes Against Property,2024-05,16,2,24292,5,1,10,8,5,6.333,7.0,6.583,15,0.0667,5
16-2-2024-06,Chitradurga,Crimes Against Property,2024-06,16,2,24293,6,5,1,10,5,5.333,6.5,6.583,14,0.3571,3
16-2-2024-07,Chitradurga,Crimes Against Property,2024-07,16,2,24294,7,3,5,1,4,3.0,5.667,6.417,9,0.3333,7
16-2-2024-08,Chitradurga,Crimes Against Property,2024-08,16,2,24295,8,7,3,5,2,5.0,5.667,6.667,18,0.3889,6
16-2-2024-09,Chitradurga,Crimes Against Property,2024-09,16,2,24296,9,6,7,3,4,5.333,5.333,7.0,16,0.375,2
16-2-2024-10,Chitradurga,Crimes Against Property,2024-10,16,2,24297,10,2,6,7,17,5.0,4.0,6.833,8,0.25,16
16-2-2024-11,Chitradurga,Crimes Against Property,2024-11,16,2,24298,11,16,2,6,8,8.0,6.5,6.75,23,0.6957,6
16-2-2024-12,Chitradurga,Crimes Against Property,2024-12,16,2,24299,12,6,16,2,8,8.0,6.667,6.583,19,0.3158,8
16-2-2025-01,Chitradurga,Crimes Against Property,2025-01,16,2,24300,1,8,6,16,7,10.0,7.5,6.583,18,0.4444,6
16-2-2025-02,Chitradurga,Crimes Against Property,2025-02,16,2,24301,2,6,8,6,8,6.667,7.333,6.5,16,0.375,5
16-2-2025-03,Chitradurga,Crimes Against Property,2025-03,16,2,24302,3,5,6,8,10,6.333,7.167,6.25,13,0.3846,6
16-2-2025-04,Chitradurga,Crimes Against Property,2025-04,16,2,24303,4,6,5,6,1,5.667,7.833,5.917,17,0.3529,2
16-2-2025-05,Chitradurga,Crimes Against Property,2025-05,16,2,24304,5,2,6,5,5,4.333,5.5,6.0,14,0.1429,7
16-2-2025-06,Chitradurga,Crimes Against Property,2025-06,16,2,24305,6,7,2,6,3,5.0,5.667,6.167,14,0.5,6
16-2-2025-07,Chitradurga,Crimes Against Property,2025-07,16,2,24306,7,6,7,2,7,5.0,5.333,6.417,17,0.3529,4
16-2-2025-08,Chitradurga,Crimes Against Property,2025-08,16,2,24307,8,4,6,7,6,5.667,5.0,6.167,16,0.25,4
16-2-2025-09,Chitradurga,Crimes Against Property,2025-09,16,2,24308,9,4,4,6,2,4.667,4.833,6.0,14,0.2857,5
16-2-2025-10,Chitradurga,Crimes Against Property,2025-10,16,2,24309,10,5,4,4,16,4.333,4.667,6.25,11,0.4545,15
16-2-2025-11,Chitradurga,Crimes Against Property,2025-11,16,2,24310,11,15,5,4,6,8.0,6.833,6.167,28,0.5357,16
16-2-2025-12,Chitradurga,Crimes Against Property,2025-12,16,2,24311,12,16,15,5,8,12.0,8.333,7.0,27,0.5926,6
16-2-2026-01,Chitradurga,Crimes Against Property,2026-01,16,2,24312,1,6,16,15,6,12.333,8.333,6.833,14,0.4286,17
16-2-2026-02,Chitradurga,Crimes Against Property,2026-02,16,2,24313,2,17,6,16,5,13.0,10.5,7.75,31,0.5484,10
16-2-2026-03,Chitradurga,Crimes Against Property,2026-03,16,2,24314,3,10,17,6,6,11.0,11.5,8.167,28,0.3571,11
16-2-2026-04,Chitradurga,Crimes Against Property,2026-04,16,2,24315,4,11,10,17,2,12.667,12.5,8.583,35,0.3143,12
16-2-2026-05,Chitradurga,Crimes Against Property,2026-05,16,2,24316,5,12,11,10,7,11.0,12.0,9.417,28,0.4286,10
16-2-2026-06,Chitradurga,Crimes Against Property,2026-06,16,2,24317,6,10,12,11,6,11.0,11.0,9.667,29,0.3448,6
16-3-2024-02,Chitradurga,Crimes Against Women,2024-02,16,3,24289,2,2,0,1,0,1.0,1.333,1.0,20,0.1,3
16-3-2024-03,Chitradurga,Crimes Against Women,2024-03,16,3,24290,3,3,2,0,0,1.667,1.333,1.25,17,0.1765,0
16-3-2024-04,Chitradurga,Crimes Against Women,2024-04,16,3,24291,4,0,3,2,0,1.667,1.0,1.25,15,0.0,1
16-3-2024-05,Chitradurga,Crimes Against Women,2024-05,16,3,24292,5,1,0,3,1,1.333,1.167,1.333,15,0.0667,0
16-3-2024-06,Chitradurga,Crimes Against Women,2024-06,16,3,24293,6,0,1,0,1,0.333,1.0,1.25,14,0.0,0
16-3-2024-07,Chitradurga,Crimes Against Women,2024-07,16,3,24294,7,0,0,1,2,0.333,1.0,1.167,9,0.0,1
16-3-2024-08,Chitradurga,Crimes Against Women,2024-08,16,3,24295,8,1,0,0,3,0.333,0.833,1.083,18,0.0556,3
16-3-2024-09,Chitradurga,Crimes Against Women,2024-09,16,3,24296,9,3,1,0,2,1.333,0.833,1.083,16,0.1875,1
16-3-2024-10,Chitradurga,Crimes Against Women,2024-10,16,3,24297,10,1,3,1,0,1.667,1.0,1.0,8,0.125,0
16-3-2024-11,Chitradurga,Crimes Against Women,2024-11,16,3,24298,11,0,1,3,1,1.333,0.833,1.0,23,0.0,3
16-3-2024-12,Chitradurga,Crimes Against Women,2024-12,16,3,24299,12,3,0,1,0,1.333,1.333,1.167,19,0.1579,3
16-3-2025-01,Chitradurga,Crimes Against Women,2025-01,16,3,24300,1,3,3,0,2,2.0,1.833,1.417,18,0.1667,0
16-3-2025-02,Chitradurga,Crimes Against Women,2025-02,16,3,24301,2,0,3,3,3,2.0,1.667,1.25,16,0.0,1
16-3-2025-03,Chitradurga,Crimes Against Women,2025-03,16,3,24302,3,1,0,3,0,1.333,1.333,1.083,13,0.0769,1
16-3-2025-04,Chitradurga,Crimes Against Women,2025-04,16,3,24303,4,1,1,0,1,0.667,1.333,1.167,17,0.0588,2
16-3-2025-05,Chitradurga,Crimes Against Women,2025-05,16,3,24304,5,2,1,1,0,1.333,1.667,1.25,14,0.1429,0
16-3-2025-06,Chitradurga,Crimes Against Women,2025-06,16,3,24305,6,0,2,1,0,1.0,1.167,1.25,14,0.0,1
16-3-2025-07,Chitradurga,Crimes Against Women,2025-07,16,3,24306,7,1,0,2,1,1.0,0.833,1.333,17,0.0588,1
16-3-2025-08,Chitradurga,Crimes Against Women,2025-08,16,3,24307,8,1,1,0,3,0.667,1.0,1.333,16,0.0625,3
16-3-2025-09,Chitradurga,Crimes Against Women,2025-09,16,3,24308,9,3,1,1,1,1.667,1.333,1.333,14,0.2143,1
16-3-2025-10,Chitradurga,Crimes Against Women,2025-10,16,3,24309,10,1,3,1,0,1.667,1.333,1.333,11,0.0909,0
16-3-2025-11,Chitradurga,Crimes Against Women,2025-11,16,3,24310,11,0,1,3,3,1.333,1.0,1.333,28,0.0,1
16-3-2025-12,Chitradurga,Crimes Against Women,2025-12,16,3,24311,12,1,0,1,3,0.667,1.167,1.167,27,0.037,1
16-3-2026-01,Chitradurga,Crimes Against Women,2026-01,16,3,24312,1,1,1,0,0,0.667,1.167,1.0,14,0.0714,2
16-3-2026-02,Chitradurga,Crimes Against Women,2026-02,16,3,24313,2,2,1,1,1,1.333,1.333,1.167,31,0.0645,1
16-3-2026-03,Chitradurga,Crimes Against Women,2026-03,16,3,24314,3,1,2,1,1,1.333,1.0,1.167,28,0.0357,3
16-3-2026-04,Chitradurga,Crimes Against Women,2026-04,16,3,24315,4,3,1,2,2,2.0,1.333,1.333,35,0.0857,6
16-3-2026-05,Chitradurga,Crimes Against Women,2026-05,16,3,24316,5,6,3,1,0,3.333,2.333,1.667,28,0.2143,2
16-3-2026-06,Chitradurga,Crimes Against Women,2026-06,16,3,24317,6,2,6,3,1,3.667,2.5,1.833,29,0.069,3
16-4-2024-02,Chitradurga,Cyber Crime,2024-02,16,4,24289,2,5,0,6,2,3.667,3.5,2.417,20,0.25,0
16-4-2024-03,Chitradurga,Cyber Crime,2024-03,16,4,24290,3,0,5,0,0,1.667,3.5,2.25,17,0.0,3
16-4-2024-04,Chitradurga,Cyber Crime,2024-04,16,4,24291,4,3,0,5,1,2.667,3.0,2.5,15,0.2,3
16-4-2024-05,Chitradurga,Cyber Crime,2024-05,16,4,24292,5,3,3,0,1,2.0,2.833,2.667,15,0.2,3
16-4-2024-06,Chitradurga,Cyber Crime,2024-06,16,4,24293,6,3,3,3,3,3.0,2.333,2.833,14,0.2143,4
16-4-2024-07,Chitradurga,Cyber Crime,2024-07,16,4,24294,7,4,3,3,1,3.333,3.0,2.917,9,0.4444,2
16-4-2024-08,Chitradurga,Cyber Crime,2024-08,16,4,24295,8,2,4,3,0,3.0,2.5,3.0,18,0.1111,4
16-4-2024-09,Chitradurga,Cyber Crime,2024-09,16,4,24296,9,4,2,4,6,3.333,3.167,3.333,16,0.25,1
16-4-2024-10,Chitradurga,Cyber Crime,2024-10,16,4,24297,10,1,4,2,4,2.333,2.833,2.917,8,0.125,0
16-4-2024-11,Chitradurga,Cyber Crime,2024-11,16,4,24298,11,0,1,4,6,1.667,2.333,2.583,23,0.0,2
16-4-2024-12,Chitradurga,Cyber Crime,2024-12,16,4,24299,12,2,0,1,0,1.0,2.167,2.25,19,0.1053,2
16-4-2025-01,Chitradurga,Cyber Crime,2025-01,16,4,24300,1,2,2,0,5,1.333,1.833,2.417,18,0.1111,5
16-4-2025-02,Chitradurga,Cyber Crime,2025-02,16,4,24301,2,5,2,2,0,3.0,2.333,2.417,16,0.3125,3
16-4-2025-03,Chitradurga,Cyber Crime,2025-03,16,4,24302,3,3,5,2,3,3.333,2.167,2.667,13,0.2308,1
16-4-2025-04,Chitradurga,Cyber Crime,2025-04,16,4,24303,4,1,3,5,3,3.0,2.167,2.5,17,0.0588,3
16-4-2025-05,Chitradurga,Cyber Crime,2025-05,16,4,24304,5,3,1,3,3,2.333,2.667,2.5,14,0.2143,4
16-4-2025-06,Chitradurga,Cyber Crime,2025-06,16,4,24305,6,4,3,1,4,2.667,3.0,2.583,14,0.2857,6
16-4-2025-07,Chitradurga,Cyber Crime,2025-07,16,4,24306,7,6,4,3,2,4.333,3.667,2.75,17,0.3529,0
16-4-2025-08,Chitradurga,Cyber Crime,2025-08,16,4,24307,8,0,6,4,4,3.333,2.833,2.583,16,0.0,4
16-4-2025-09,Chitradurga,Cyber Crime,2025-09,16,4,24308,9,4,0,6,1,3.333,3.0,2.583,14,0.2857,3
16-4-2025-10,Chitradurga,Cyber Crime,2025-10,16,4,24309,10,3,4,0,0,2.333,3.333,2.75,11,0.2727,2
16-4-2025-11,Chitradurga,Cyber Crime,2025-11,16,4,24310,11,2,3,4,2,3.0,3.167,2.917,28,0.0714,1
16-4-2025-12,Chitradurga,Cyber Crime,2025-12,16,4,24311,12,1,2,3,2,2.0,2.667,2.833,27,0.037,4
16-4-2026-01,Chitradurga,Cyber Crime,2026-01,16,4,24312,1,4,1,2,5,2.333,2.333,3.0,14,0.2857,4
16-4-2026-02,Chitradurga,Cyber Crime,2026-02,16,4,24313,2,4,4,1,3,3.0,3.0,2.917,31,0.129,4
16-4-2026-03,Chitradurga,Cyber Crime,2026-03,16,4,24314,3,4,4,4,1,4.0,3.0,3.0,28,0.1429,10
16-4-2026-04,Chitradurga,Cyber Crime,2026-04,16,4,24315,4,10,4,4,3,6.0,4.167,3.75,35,0.2857,2
16-4-2026-05,Chitradurga,Cyber Crime,2026-05,16,4,24316,5,2,10,4,4,5.333,4.167,3.667,28,0.0714,3
16-4-2026-06,Chitradurga,Cyber Crime,2026-06,16,4,24317,6,3,2,10,6,5.0,4.5,3.583,29,0.1034,1
16-5-2024-02,Chitradurga,Economic Offences,2024-02,16,5,24289,2,1,0,0,2,0.333,1.0,1.083,20,0.05,1
16-5-2024-03,Chitradurga,Economic Offences,2024-03,16,5,24290,3,1,1,0,2,0.667,1.0,1.0,17,0.0588,0
16-5-2024-04,Chitradurga,Economic Offences,2024-04,16,5,24291,4,0,1,1,0,0.667,0.5,0.833,15,0.0,2
16-5-2024-05,Chitradurga,Economic Offences,2024-05,16,5,24292,5,2,0,1,1,1.0,0.667,1.0,15,0.1333,3
16-5-2024-06,Chitradurga,Economic Offences,2024-06,16,5,24293,6,3,2,0,0,1.667,1.167,1.167,14,0.2143,1
16-5-2024-07,Chitradurga,Economic Offences,2024-07,16,5,24294,7,1,3,2,2,2.0,1.333,1.25,9,0.1111,1
16-5-2024-08,Chitradurga,Economic Offences,2024-08,16,5,24295,8,1,1,3,1,1.667,1.333,1.167,18,0.0556,0
16-5-2024-09,Chitradurga,Economic Offences,2024-09,16,5,24296,9,0,1,1,3,0.667,1.167,1.083,16,0.0,1
16-5-2024-10,Chitradurga,Economic Offences,2024-10,16,5,24297,10,1,0,1,1,0.667,1.333,0.917,8,0.125,3
16-5-2024-11,Chitradurga,Economic Offences,2024-11,16,5,24298,11,3,1,0,0,1.333,1.5,1.083,23,0.1304,1
16-5-2024-12,Chitradurga,Economic Offences,2024-12,16,5,24299,12,1,3,1,0,1.667,1.167,1.167,19,0.0526,0
16-5-2025-01,Chitradurga,Economic Offences,2025-01,16,5,24300,1,0,1,3,1,1.333,1.0,1.167,18,0.0,0
16-5-2025-02,Chitradurga,Economic Offences,2025-02,16,5,24301,2,0,0,1,1,0.333,0.833,1.083,16,0.0,2
16-5-2025-03,Chitradurga,Economic Offences,2025-03,16,5,24302,3,2,0,0,0,0.667,1.167,1.167,13,0.1538,4
16-5-2025-04,Chitradurga,Economic Offences,2025-04,16,5,24303,4,4,2,0,2,2.0,1.667,1.5,17,0.2353,3
16-5-2025-05,Chitradurga,Economic Offences,2025-05,16,5,24304,5,3,4,2,3,3.0,1.667,1.583,14,0.2143,1
16-5-2025-06,Chitradurga,Economic Offences,2025-06,16,5,24305,6,1,3,4,1,2.667,1.667,1.417,14,0.0714,1
16-5-2025-07,Chitradurga,Economic Offences,2025-07,16,5,24306,7,1,1,3,1,1.667,1.833,1.417,17,0.0588,2
16-5-2025-08,Chitradurga,Economic Offences,2025-08,16,5,24307,8,2,1,1,0,1.333,2.167,1.5,16,0.125,1
16-5-2025-09,Chitradurga,Economic Offences,2025-09,16,5,24308,9,1,2,1,1,1.333,2.0,1.583,14,0.0714,0
16-5-2025-10,Chitradurga,Economic Offences,2025-10,16,5,24309,10,0,1,2,3,1.0,1.333,1.5,11,0.0,1
16-5-2025-11,Chitradurga,Economic Offences,2025-11,16,5,24310,11,1,0,1,1,0.667,1.0,1.333,28,0.0357,2
16-5-2025-12,Chitradurga,Economic Offences,2025-12,16,5,24311,12,2,1,0,0,1.0,1.167,1.417,27,0.0741,1
16-5-2026-01,Chitradurga,Economic Offences,2026-01,16,5,24312,1,1,2,1,0,1.333,1.167,1.5,14,0.0714,1
16-5-2026-02,Chitradurga,Economic Offences,2026-02,16,5,24313,2,1,1,2,2,1.333,1.0,1.583,31,0.0323,4
16-5-2026-03,Chitradurga,Economic Offences,2026-03,16,5,24314,3,4,1,1,4,2.0,1.5,1.75,28,0.1429,1
16-5-2026-04,Chitradurga,Economic Offences,2026-04,16,5,24315,4,1,4,1,3,2.0,1.667,1.5,35,0.0286,0
16-5-2026-05,Chitradurga,Economic Offences,2026-05,16,5,24316,5,0,1,4,1,1.667,1.5,1.25,28,0.0,2
16-5-2026-06,Chitradurga,Economic Offences,2026-06,16,5,24317,6,2,0,1,1,1.0,1.5,1.333,29,0.069,3
16-6-2024-07,Chitradurga,NDPS,2024-07,16,6,24294,7,0,0,1,0,0.333,0.667,0.5,9,0.0,0
16-6-2024-08,Chitradurga,NDPS,2024-08,16,6,24295,8,0,0,0,0,0.0,0.333,0.5,18,0.0,0
16-6-2024-09,Chitradurga,NDPS,2024-09,16,6,24296,9,0,0,0,1,0.0,0.167,0.5,16,0.0,1
16-6-2024-10,Chitradurga,NDPS,2024-10,16,6,24297,10,1,0,0,0,0.333,0.333,0.5,8,0.125,0
16-6-2024-11,Chitradurga,NDPS,2024-11,16,6,24298,11,0,1,0,1,0.333,0.167,0.5,23,0.0,0
16-6-2024-12,Chitradurga,NDPS,2024-12,16,6,24299,12,0,0,1,0,0.333,0.167,0.417,19,0.0,1
16-6-2025-01,Chitradurga,NDPS,2025-01,16,6,24300,1,1,0,0,2,0.333,0.333,0.5,18,0.0556,4
16-6-2025-02,Chitradurga,NDPS,2025-02,16,6,24301,2,4,1,0,1,1.667,1.0,0.667,16,0.25,0
16-6-2025-03,Chitradurga,NDPS,2025-03,16,6,24302,3,0,4,1,0,1.667,1.0,0.583,13,0.0,1
16-6-2025-04,Chitradurga,NDPS,2025-04,16,6,24303,4,1,0,4,1,1.667,1.0,0.667,17,0.0588,0
16-6-2025-05,Chitradurga,NDPS,2025-05,16,6,24304,5,0,1,0,0,0.333,1.0,0.583,14,0.0,0
16-6-2025-06,Chitradurga,NDPS,2025-06,16,6,24305,6,0,0,1,0,0.333,1.0,0.583,14,0.0,2
16-6-2025-07,Chitradurga,NDPS,2025-07,16,6,24306,7,2,0,0,0,0.667,1.167,0.75,17,0.1176,4
16-6-2025-08,Chitradurga,NDPS,2025-08,16,6,24307,8,4,2,0,0,2.0,1.167,1.083,16,0.25,0
16-6-2025-09,Chitradurga,NDPS,2025-09,16,6,24308,9,0,4,2,1,2.0,1.167,1.083,14,0.0,0
16-6-2025-10,Chitradurga,NDPS,2025-10,16,6,24309,10,0,0,4,0,1.333,1.0,1.0,11,0.0,1
16-6-2025-11,Chitradurga,NDPS,2025-11,16,6,24310,11,1,0,0,0,0.333,1.167,1.083,28,0.0357,1
16-6-2025-12,Chitradurga,NDPS,2025-12,16,6,24311,12,1,1,0,1,0.667,1.333,1.167,27,0.037,1
16-6-2026-01,Chitradurga,NDPS,2026-01,16,6,24312,1,1,1,1,4,1.0,1.167,1.167,14,0.0714,0
16-6-2026-02,Chitradurga,NDPS,2026-02,16,6,24313,2,0,1,1,0,0.667,0.5,0.833,31,0.0,2
16-6-2026-03,Chitradurga,NDPS,2026-03,16,6,24314,3,2,0,1,1,1.0,0.833,1.0,28,0.0714,0
16-6-2026-04,Chitradurga,NDPS,2026-04,16,6,24315,4,0,2,0,0,0.667,0.833,0.917,35,0.0,1
16-6-2026-05,Chitradurga,NDPS,2026-05,16,6,24316,5,1,0,2,0,1.0,0.833,1.0,28,0.0357,0
16-6-2026-06,Chitradurga,NDPS,2026-06,16,6,24317,6,0,1,0,2,0.333,0.667,1.0,29,0.0,1
16-7-2024-02,Chitradurga,Missing / UDR,2024-02,16,7,24289,2,0,2,1,1,1.0,0.833,1.0,20,0.0,0
16-7-2024-03,Chitradurga,Missing / UDR,2024-03,16,7,24290,3,0,0,2,0,0.667,0.667,0.917,17,0.0,1
16-7-2024-04,Chitradurga,Missing / UDR,2024-04,16,7,24291,4,1,0,0,0,0.333,0.667,1.0,15,0.0667,2
16-7-2024-05,Chitradurga,Missing / UDR,2024-05,16,7,24292,5,2,1,0,2,1.0,1.0,1.167,15,0.1333,1
16-7-2024-06,Chitradurga,Missing / UDR,2024-06,16,7,24293,6,1,2,1,2,1.333,1.0,1.083,14,0.0714,0
16-7-2024-07,Chitradurga,Missing / UDR,2024-07,16,7,24294,7,0,1,2,2,1.0,0.667,0.917,9,0.0,1
16-7-2024-08,Chitradurga,Missing / UDR,2024-08,16,7,24295,8,1,0,1,1,0.667,0.833,0.833,18,0.0556,0
16-7-2024-09,Chitradurga,Missing / UDR,2024-09,16,7,24296,9,0,1,0,1,0.333,0.833,0.75,16,0.0,0
16-7-2024-10,Chitradurga,Missing / UDR,2024-10,16,7,24297,10,0,0,1,0,0.333,0.667,0.667,8,0.0,2
16-7-2024-11,Chitradurga,Missing / UDR,2024-11,16,7,24298,11,2,0,0,1,0.667,0.667,0.833,23,0.087,1
16-7-2024-12,Chitradurga,Missing / UDR,2024-12,16,7,24299,12,1,2,0,2,1.0,0.667,0.833,19,0.0526,1
16-7-2025-01,Chitradurga,Missing / UDR,2025-01,16,7,24300,1,1,1,2,0,1.333,0.833,0.75,18,0.0556,0
16-7-2025-02,Chitradurga,Missing / UDR,2025-02,16,7,24301,2,0,1,1,0,0.667,0.667,0.75,16,0.0,2
16-7-2025-03,Chitradurga,Missing / UDR,2025-03,16,7,24302,3,2,0,1,1,1.0,1.0,0.917,13,0.1538,1
16-7-2025-04,Chitradurga,Missing / UDR,2025-04,16,7,24303,4,1,2,0,2,1.0,1.167,0.917,17,0.0588,0
16-7-2025-05,Chitradurga,Missing / UDR,2025-05,16,7,24304,5,0,1,2,1,1.0,0.833,0.75,14,0.0,0
16-7-2025-06,Chitradurga,Missing / UDR,2025-06,16,7,24305,6,0,0,1,0,0.333,0.667,0.667,14,0.0,0
16-7-2025-07,Chitradurga,Missing / UDR,2025-07,16,7,24306,7,0,0,0,1,0.0,0.5,0.667,17,0.0,2
16-7-2025-08,Chitradurga,Missing / UDR,2025-08,16,7,24307,8,2,0,0,0,0.667,0.833,0.75,16,0.125,0
16-7-2025-09,Chitradurga,Missing / UDR,2025-09,16,7,24308,9,0,2,0,0,0.667,0.5,0.75,14,0.0,0
16-7-2025-10,Chitradurga,Missing / UDR,2025-10,16,7,24309,10,0,0,2,2,0.667,0.333,0.75,11,0.0,3
16-7-2025-11,Chitradurga,Missing / UDR,2025-11,16,7,24310,11,3,0,0,1,1.0,0.833,0.833,28,0.1071,1
16-7-2025-12,Chitradurga,Missing / UDR,2025-12,16,7,24311,12,1,3,0,1,1.333,1.0,0.833,27,0.037,1
16-7-2026-01,Chitradurga,Missing / UDR,2026-01,16,7,24312,1,1,1,3,0,1.667,1.167,0.833,14,0.0714,0
16-7-2026-02,Chitradurga,Missing / UDR,2026-02,16,7,24313,2,0,1,1,2,0.667,0.833,0.833,31,0.0,1
16-7-2026-03,Chitradurga,Missing / UDR,2026-03,16,7,24314,3,1,0,1,1,0.667,1.0,0.75,28,0.0357,3
16-7-2026-04,Chitradurga,Missing / UDR,2026-04,16,7,24315,4,3,1,0,0,1.333,1.5,0.917,35,0.0857,3
16-7-2026-05,Chitradurga,Missing / UDR,2026-05,16,7,24316,5,3,3,1,0,2.333,1.5,1.167,28,0.1071,4
16-7-2026-06,Chitradurga,Missing / UDR,2026-06,16,7,24317,6,4,3,3,0,3.333,2.0,1.5,29,0.1379,4
16-8-2024-02,Chitradurga,Traffic / PAR,2024-02,16,8,24289,2,0,1,0,1,0.333,0.667,0.667,20,0.0,1
16-8-2024-03,Chitradurga,Traffic / PAR,2024-03,16,8,24290,3,1,0,1,1,0.667,0.833,0.667,17,0.0588,0
16-8-2024-04,Chitradurga,Traffic / PAR,2024-04,16,8,24291,4,0,1,0,0,0.333,0.667,0.583,15,0.0,0
16-8-2024-05,Chitradurga,Traffic / PAR,2024-05,16,8,24292,5,0,0,1,1,0.333,0.333,0.583,15,0.0,2
16-8-2024-06,Chitradurga,Traffic / PAR,2024-06,16,8,24293,6,2,0,0,1,0.667,0.667,0.667,14,0.1429,0
16-8-2024-07,Chitradurga,Traffic / PAR,2024-07,16,8,24294,7,0,2,0,0,0.667,0.5,0.583,9,0.0,2
16-8-2024-08,Chitradurga,Traffic / PAR,2024-08,16,8,24295,8,2,0,2,0,1.333,0.833,0.75,18,0.1111,0
16-8-2024-09,Chitradurga,Traffic / PAR,2024-09,16,8,24296,9,0,2,0,1,0.667,0.667,0.75,16,0.0,1
16-8-2024-10,Chitradurga,Traffic / PAR,2024-10,16,8,24297,10,1,0,2,2,1.0,0.833,0.75,8,0.125,2
16-8-2024-11,Chitradurga,Traffic / PAR,2024-11,16,8,24298,11,2,1,0,0,1.0,1.167,0.75,23,0.087,1
16-8-2024-12,Chitradurga,Traffic / PAR,2024-12,16,8,24299,12,1,2,1,1,1.333,1.0,0.833,19,0.0526,2
16-8-2025-01,Chitradurga,Traffic / PAR,2025-01,16,8,24300,1,2,1,2,0,1.667,1.333,0.917,18,0.1111,1
16-8-2025-02,Chitradurga,Traffic / PAR,2025-02,16,8,24301,2,1,2,1,1,1.333,1.167,1.0,16,0.0625,0
16-8-2025-03,Chitradurga,Traffic / PAR,2025-03,16,8,24302,3,0,1,2,0,1.0,1.167,0.917,13,0.0,1
16-8-2025-04,Chitradurga,Traffic / PAR,2025-04,16,8,24303,4,1,0,1,0,0.667,1.167,1.0,17,0.0588,1
16-8-2025-05,Chitradurga,Traffic / PAR,2025-05,16,8,24304,5,1,1,0,2,0.667,1.0,1.083,14,0.0714,0
16-8-2025-06,Chitradurga,Traffic / PAR,2025-06,16,8,24305,6,0,1,1,0,0.667,0.833,0.917,14,0.0,0
16-8-2025-07,Chitradurga,Traffic / PAR,2025-07,16,8,24306,7,0,0,1,2,0.333,0.5,0.917,17,0.0,1
16-8-2025-08,Chitradurga,Traffic / PAR,2025-08,16,8,24307,8,1,0,0,0,0.333,0.5,0.833,16,0.0625,1
16-8-2025-09,Chitradurga,Traffic / PAR,2025-09,16,8,24308,9,1,1,0,1,0.667,0.667,0.917,14,0.0714,0
16-8-2025-10,Chitradurga,Traffic / PAR,2025-10,16,8,24309,10,0,1,1,2,0.667,0.5,0.833,11,0.0,1
16-8-2025-11,Chitradurga,Traffic / PAR,2025-11,16,8,24310,11,1,0,1,1,0.667,0.5,0.75,28,0.0357,5
16-8-2025-12,Chitradurga,Traffic / PAR,2025-12,16,8,24311,12,5,1,0,2,2.0,1.333,1.083,27,0.1852,0
16-8-2026-01,Chitradurga,Traffic / PAR,2026-01,16,8,24312,1,0,5,1,1,2.0,1.333,0.917,14,0.0,4
16-8-2026-02,Chitradurga,Traffic / PAR,2026-02,16,8,24313,2,4,0,5,0,3.0,1.833,1.167,31,0.129,2
16-8-2026-03,Chitradurga,Traffic / PAR,2026-03,16,8,24314,3,2,4,0,1,2.0,2.0,1.333,28,0.0714,3
16-8-2026-04,Chitradurga,Traffic / PAR,2026-04,16,8,24315,4,3,2,4,1,3.0,2.5,1.5,35,0.0857,3
16-8-2026-05,Chitradurga,Traffic / PAR,2026-05,16,8,24316,5,3,3,2,0,2.667,2.833,1.667,28,0.1071,4
16-8-2026-06,Chitradurga,Traffic / PAR,2026-06,16,8,24317,6,4,3,3,0,3.333,2.667,2.0,29,0.1379,1
17-1-2024-04,Kolar,Crimes Against Body,2024-04,17,1,24291,4,4,3,3,0,3.333,2.333,2.333,18,0.2222,2
17-1-2024-05,Kolar,Crimes Against Body,2024-05,17,1,24292,5,2,4,3,3,3.0,2.5,2.5,15,0.1333,0
17-1-2024-06,Kolar,Crimes Against Body,2024-06,17,1,24293,6,0,2,4,5,2.0,2.333,2.25,24,0.0,2
17-1-2024-07,Kolar,Crimes Against Body,2024-07,17,1,24294,7,2,0,2,3,1.333,2.333,2.0,15,0.1333,2
17-1-2024-08,Kolar,Crimes Against Body,2024-08,17,1,24295,8,2,2,0,0,1.333,2.167,1.917,8,0.25,3
17-1-2024-09,Kolar,Crimes Against Body,2024-09,17,1,24296,9,3,2,2,3,2.333,2.167,2.167,20,0.15,1
17-1-2024-10,Kolar,Crimes Against Body,2024-10,17,1,24297,10,1,3,2,1,2.0,1.667,2.0,9,0.1111,3
17-1-2024-11,Kolar,Crimes Against Body,2024-11,17,1,24298,11,3,1,3,1,2.333,1.833,2.167,16,0.1875,2
17-1-2024-12,Kolar,Crimes Against Body,2024-12,17,1,24299,12,2,3,1,2,2.0,2.167,2.25,19,0.1053,3
17-1-2025-01,Kolar,Crimes Against Body,2025-01,17,1,24300,1,3,2,3,3,2.667,2.333,2.333,14,0.2143,2
17-1-2025-02,Kolar,Crimes Against Body,2025-02,17,1,24301,2,2,3,2,3,2.333,2.333,2.25,11,0.1818,0
17-1-2025-03,Kolar,Crimes Against Body,2025-03,17,1,24302,3,0,2,3,4,1.667,1.833,2.0,10,0.0,1
17-1-2025-04,Kolar,Crimes Against Body,2025-04,17,1,24303,4,1,0,2,2,1.0,1.833,1.75,16,0.0625,3
17-1-2025-05,Kolar,Crimes Against Body,2025-05,17,1,24304,5,3,1,0,0,1.333,1.833,1.833,20,0.15,1
17-1-2025-06,Kolar,Crimes Against Body,2025-06,17,1,24305,6,1,3,1,2,1.667,1.667,1.917,11,0.0909,1
17-1-2025-07,Kolar,Crimes Against Body,2025-07,17,1,24306,7,1,1,3,2,1.667,1.333,1.833,16,0.0625,0
17-1-2025-08,Kolar,Crimes Against Body,2025-08,17,1,24307,8,0,1,1,3,0.667,1.0,1.667,7,0.0,1
17-1-2025-09,Kolar,Crimes Against Body,2025-09,17,1,24308,9,1,0,1,1,0.667,1.167,1.5,11,0.0909,1
17-1-2025-10,Kolar,Crimes Against Body,2025-10,17,1,24309,10,1,1,0,3,0.667,1.167,1.5,22,0.0455,2
17-1-2025-11,Kolar,Crimes Against Body,2025-11,17,1,24310,11,2,1,1,2,1.333,1.0,1.417,25,0.08,5
17-1-2025-12,Kolar,Crimes Against Body,2025-12,17,1,24311,12,5,2,1,3,2.667,1.667,1.667,26,0.1923,3
17-1-2026-01,Kolar,Crimes Against Body,2026-01,17,1,24312,1,3,5,2,2,3.333,2.0,1.667,27,0.1111,6
17-1-2026-02,Kolar,Crimes Against Body,2026-02,17,1,24313,2,6,3,5,0,4.667,3.0,2.0,46,0.1304,6
17-1-2026-03,Kolar,Crimes Against Body,2026-03,17,1,24314,3,6,6,3,1,5.0,3.833,2.5,35,0.1714,6
17-1-2026-04,Kolar,Crimes Against Body,2026-04,17,1,24315,4,6,6,6,3,6.0,4.667,2.917,41,0.1463,2
17-1-2026-05,Kolar,Crimes Against Body,2026-05,17,1,24316,5,2,6,6,1,4.667,4.667,2.833,22,0.0909,6
17-1-2026-06,Kolar,Crimes Against Body,2026-06,17,1,24317,6,6,2,6,1,4.667,4.833,3.25,37,0.1622,4
17-2-2024-02,Kolar,Crimes Against Property,2024-02,17,2,24289,2,7,8,14,4,9.667,9.667,7.667,18,0.3889,3
17-2-2024-03,Kolar,Crimes Against Property,2024-03,17,2,24290,3,3,7,8,3,6.0,9.167,7.583,11,0.2727,3
17-2-2024-04,Kolar,Crimes Against Property,2024-04,17,2,24291,4,3,3,7,6,4.333,8.5,7.583,18,0.1667,5
17-2-2024-05,Kolar,Crimes Against Property,2024-05,17,2,24292,5,5,3,3,9,3.667,6.667,7.5,15,0.3333,8
17-2-2024-06,Kolar,Crimes Against Property,2024-06,17,2,24293,6,8,5,3,8,5.333,5.667,7.417,24,0.3333,4
17-2-2024-07,Kolar,Crimes Against Property,2024-07,17,2,24294,7,4,8,5,4,5.667,5.0,7.083,15,0.2667,3
17-2-2024-08,Kolar,Crimes Against Property,2024-08,17,2,24295,8,3,4,8,6,5.0,4.333,7.0,8,0.375,8
17-2-2024-09,Kolar,Crimes Against Property,2024-09,17,2,24296,9,8,3,4,7,5.0,5.167,7.167,20,0.4,1
17-2-2024-10,Kolar,Crimes Against Property,2024-10,17,2,24297,10,1,8,3,16,4.0,4.833,6.667,9,0.1111,10
17-2-2024-11,Kolar,Crimes Against Property,2024-11,17,2,24298,11,10,1,8,14,6.333,5.667,6.167,16,0.625,10
17-2-2024-12,Kolar,Crimes Against Property,2024-12,17,2,24299,12,10,10,1,8,7.0,6.0,5.833,19,0.5263,9
17-2-2025-01,Kolar,Crimes Against Property,2025-01,17,2,24300,1,9,10,10,7,9.667,6.833,5.917,14,0.6429,4
17-2-2025-02,Kolar,Crimes Against Property,2025-02,17,2,24301,2,4,9,10,3,7.667,7.0,5.667,11,0.3636,7
17-2-2025-03,Kolar,Crimes Against Property,2025-03,17,2,24302,3,7,4,9,3,6.667,6.833,6.0,10,0.7,9
17-2-2025-04,Kolar,Crimes Against Property,2025-04,17,2,24303,4,9,7,4,5,6.667,8.167,6.5,16,0.5625,7
17-2-2025-05,Kolar,Crimes Against Property,2025-05,17,2,24304,5,7,9,7,8,7.667,7.667,6.667,20,0.35,3
17-2-2025-06,Kolar,Crimes Against Property,2025-06,17,2,24305,6,3,7,9,4,6.333,6.5,6.25,11,0.2727,8
17-2-2025-07,Kolar,Crimes Against Property,2025-07,17,2,24306,7,8,3,7,3,6.0,6.333,6.583,16,0.5,2
17-2-2025-08,Kolar,Crimes Against Property,2025-08,17,2,24307,8,2,8,3,8,4.333,6.0,6.5,7,0.2857,6
17-2-2025-09,Kolar,Crimes Against Property,2025-09,17,2,24308,9,6,2,8,1,5.333,5.833,6.333,11,0.5455,8
17-2-2025-10,Kolar,Crimes Against Property,2025-10,17,2,24309,10,8,6,2,10,5.333,5.667,6.917,22,0.3636,14
17-2-2025-11,Kolar,Crimes Against Property,2025-11,17,2,24310,11,14,8,6,10,9.333,6.833,7.25,25,0.56,13
17-2-2025-12,Kolar,Crimes Against Property,2025-12,17,2,24311,12,13,14,8,9,11.667,8.5,7.5,26,0.5,10
17-2-2026-01,Kolar,Crimes Against Property,2026-01,17,2,24312,1,10,13,14,4,12.333,8.833,7.583,27,0.3704,19
17-2-2026-02,Kolar,Crimes Against Property,2026-02,17,2,24313,2,19,10,13,7,14.0,11.667,8.833,46,0.413,21
17-2-2026-03,Kolar,Crimes Against Property,2026-03,17,2,24314,3,21,19,10,9,16.667,14.167,10.0,35,0.6,22
17-2-2026-04,Kolar,Crimes Against Property,2026-04,17,2,24315,4,22,21,19,7,20.667,16.5,11.083,41,0.5366,9
17-2-2026-05,Kolar,Crimes Against Property,2026-05,17,2,24316,5,9,22,21,3,17.333,15.667,11.25,22,0.4091,13
17-2-2026-06,Kolar,Crimes Against Property,2026-06,17,2,24317,6,13,9,22,8,14.667,15.667,12.083,37,0.3514,5
17-3-2024-02,Kolar,Crimes Against Women,2024-02,17,3,24289,2,2,1,1,2,1.333,1.5,1.5,18,0.1111,2
17-3-2024-03,Kolar,Crimes Against Women,2024-03,17,3,24290,3,2,2,1,1,1.667,1.667,1.5,11,0.1818,1
17-3-2024-04,Kolar,Crimes Against Women,2024-04,17,3,24291,4,1,2,2,1,1.667,1.5,1.5,18,0.0556,1
17-3-2024-05,Kolar,Crimes Against Women,2024-05,17,3,24292,5,1,1,2,2,1.333,1.333,1.5,15,0.0667,4
17-3-2024-06,Kolar,Crimes Against Women,2024-06,17,3,24293,6,4,1,1,0,2.0,1.833,1.667,24,0.1667,3
17-3-2024-07,Kolar,Crimes Against Women,2024-07,17,3,24294,7,3,4,1,3,2.667,2.167,1.917,15,0.2,2
17-3-2024-08,Kolar,Crimes Against Women,2024-08,17,3,24295,8,2,3,4,1,3.0,2.167,1.833,8,0.25,2
17-3-2024-09,Kolar,Crimes Against Women,2024-09,17,3,24296,9,2,2,3,2,2.333,2.167,1.917,20,0.1,0
17-3-2024-10,Kolar,Crimes Against Women,2024-10,17,3,24297,10,0,2,2,2,1.333,2.0,1.75,9,0.0,1
17-3-2024-11,Kolar,Crimes Against Women,2024-11,17,3,24298,11,1,0,2,1,1.0,2.0,1.667,16,0.0625,2
17-3-2024-12,Kolar,Crimes Against Women,2024-12,17,3,24299,12,2,1,0,1,1.0,1.667,1.75,19,0.1053,0
17-3-2025-01,Kolar,Crimes Against Women,2025-01,17,3,24300,1,0,2,1,2,1.0,1.167,1.667,14,0.0,1
17-3-2025-02,Kolar,Crimes Against Women,2025-02,17,3,24301,2,1,0,2,2,1.0,1.0,1.583,11,0.0909,1
17-3-2025-03,Kolar,Crimes Against Women,2025-03,17,3,24302,3,1,1,0,1,0.667,0.833,1.5,10,0.1,1
17-3-2025-04,Kolar,Crimes Against Women,2025-04,17,3,24303,4,1,1,1,1,1.0,1.0,1.5,16,0.0625,1
17-3-2025-05,Kolar,Crimes Against Women,2025-05,17,3,24304,5,1,1,1,4,1.0,1.0,1.5,20,0.05,0
17-3-2025-06,Kolar,Crimes Against Women,2025-06,17,3,24305,6,0,1,1,3,0.667,0.667,1.167,11,0.0,0
17-3-2025-07,Kolar,Crimes Against Women,2025-07,17,3,24306,7,0,0,1,2,0.333,0.667,0.917,16,0.0,1
17-3-2025-08,Kolar,Crimes Against Women,2025-08,17,3,24307,8,1,0,0,2,0.333,0.667,0.833,7,0.1429,0
17-3-2025-09,Kolar,Crimes Against Women,2025-09,17,3,24308,9,0,1,0,0,0.333,0.5,0.667,11,0.0,0
17-3-2025-10,Kolar,Crimes Against Women,2025-10,17,3,24309,10,0,0,1,1,0.333,0.333,0.667,22,0.0,1
17-3-2025-11,Kolar,Crimes Against Women,2025-11,17,3,24310,11,1,0,0,2,0.333,0.333,0.667,25,0.04,1
17-3-2025-12,Kolar,Crimes Against Women,2025-12,17,3,24311,12,1,1,0,0,0.667,0.5,0.583,26,0.0385,2
17-3-2026-01,Kolar,Crimes Against Women,2026-01,17,3,24312,1,2,1,1,1,1.333,0.833,0.75,27,0.0741,4
17-3-2026-02,Kolar,Crimes Against Women,2026-02,17,3,24313,2,4,2,1,1,2.333,1.333,1.0,46,0.087,2
17-3-2026-03,Kolar,Crimes Against Women,2026-03,17,3,24314,3,2,4,2,1,2.667,1.667,1.083,35,0.0571,1
17-3-2026-04,Kolar,Crimes Against Women,2026-04,17,3,24315,4,1,2,4,1,2.333,1.833,1.083,41,0.0244,4
17-3-2026-05,Kolar,Crimes Against Women,2026-05,17,3,24316,5,4,1,2,0,2.333,2.333,1.333,22,0.1818,3
17-3-2026-06,Kolar,Crimes Against Women,2026-06,17,3,24317,6,3,4,1,0,2.667,2.667,1.583,37,0.0811,3
17-4-2024-02,Kolar,Cyber Crime,2024-02,17,4,24289,2,0,3,1,2,1.333,3.667,2.917,18,0.0,0
17-4-2024-03,Kolar,Cyber Crime,2024-03,17,4,24290,3,0,0,3,2,1.0,2.667,2.75,11,0.0,4
17-4-2024-04,Kolar,Cyber Crime,2024-04,17,4,24291,4,4,0,0,2,1.333,2.0,2.917,18,0.2222,4
17-4-2024-05,Kolar,Cyber Crime,2024-05,17,4,24292,5,4,4,0,1,2.667,2.0,3.083,15,0.2667,3
17-4-2024-06,Kolar,Cyber Crime,2024-06,17,4,24293,6,3,4,4,2,3.667,2.333,3.25,24,0.125,3
17-4-2024-07,Kolar,Cyber Crime,2024-07,17,4,24294,7,3,3,4,4,3.333,2.333,3.333,15,0.2,1
17-4-2024-08,Kolar,Cyber Crime,2024-08,17,4,24295,8,1,3,3,6,2.333,2.5,3.083,8,0.125,2
17-4-2024-09,Kolar,Cyber Crime,2024-09,17,4,24296,9,2,1,3,8,2.0,2.833,2.75,20,0.1,2
17-4-2024-10,Kolar,Cyber Crime,2024-10,17,4,24297,10,2,2,1,4,1.667,2.5,2.25,9,0.2222,0
17-4-2024-11,Kolar,Cyber Crime,2024-11,17,4,24298,11,0,2,2,1,1.333,1.833,1.917,16,0.0,1
17-4-2024-12,Kolar,Cyber Crime,2024-12,17,4,24299,12,1,0,2,3,1.0,1.5,1.917,19,0.0526,2
17-4-2025-01,Kolar,Cyber Crime,2025-01,17,4,24300,1,2,1,0,0,1.0,1.333,1.833,14,0.1429,2
17-4-2025-02,Kolar,Cyber Crime,2025-02,17,4,24301,2,2,2,1,0,1.667,1.5,2.0,11,0.1818,1
17-4-2025-03,Kolar,Cyber Crime,2025-03,17,4,24302,3,1,2,2,4,1.667,1.333,2.083,10,0.1,3
17-4-2025-04,Kolar,Cyber Crime,2025-04,17,4,24303,4,3,1,2,4,2.0,1.5,2.0,16,0.1875,4
17-4-2025-05,Kolar,Cyber Crime,2025-05,17,4,24304,5,4,3,1,3,2.667,2.167,2.0,20,0.2,5
17-4-2025-06,Kolar,Cyber Crime,2025-06,17,4,24305,6,5,4,3,3,4.0,2.833,2.167,11,0.4545,3
17-4-2025-07,Kolar,Cyber Crime,2025-07,17,4,24306,7,3,5,4,1,4.0,3.0,2.167,16,0.1875,1
17-4-2025-08,Kolar,Cyber Crime,2025-08,17,4,24307,8,1,3,5,2,3.0,2.833,2.167,7,0.1429,1
17-4-2025-09,Kolar,Cyber Crime,2025-09,17,4,24308,9,1,1,3,2,1.667,2.833,2.083,11,0.0909,5
17-4-2025-10,Kolar,Cyber Crime,2025-10,17,4,24309,10,5,1,1,0,2.333,3.167,2.333,22,0.2273,2
17-4-2025-11,Kolar,Cyber Crime,2025-11,17,4,24310,11,2,5,1,1,2.667,2.833,2.5,25,0.08,2
17-4-2025-12,Kolar,Cyber Crime,2025-12,17,4,24311,12,2,2,5,2,3.0,2.333,2.583,26,0.0769,8
17-4-2026-01,Kolar,Cyber Crime,2026-01,17,4,24312,1,8,2,2,2,4.0,3.167,3.083,27,0.2963,5
17-4-2026-02,Kolar,Cyber Crime,2026-02,17,4,24313,2,5,8,2,1,5.0,3.833,3.333,46,0.1087,2
17-4-2026-03,Kolar,Cyber Crime,2026-03,17,4,24314,3,2,5,8,3,5.0,4.0,3.417,35,0.0571,10
17-4-2026-04,Kolar,Cyber Crime,2026-04,17,4,24315,4,10,2,5,4,5.667,4.833,4.0,41,0.2439,4
17-4-2026-05,Kolar,Cyber Crime,2026-05,17,4,24316,5,4,10,2,5,5.333,5.167,4.0,22,0.1818,6
17-4-2026-06,Kolar,Cyber Crime,2026-06,17,4,24317,6,6,4,10,3,6.667,5.833,4.083,37,0.1622,11
17-5-2024-02,Kolar,Economic Offences,2024-02,17,5,24289,2,1,1,1,0,1.0,1.333,1.333,18,0.0556,3
17-5-2024-03,Kolar,Economic Offences,2024-03,17,5,24290,3,3,1,1,0,1.667,1.5,1.583,11,0.2727,3
17-5-2024-04,Kolar,Economic Offences,2024-04,17,5,24291,4,3,3,1,3,2.333,1.667,1.833,18,0.1667,1
17-5-2024-05,Kolar,Economic Offences,2024-05,17,5,24292,5,1,3,3,2,2.333,1.667,1.667,15,0.0667,1
17-5-2024-06,Kolar,Economic Offences,2024-06,17,5,24293,6,1,1,3,2,1.667,1.667,1.583,24,0.0417,0
17-5-2024-07,Kolar,Economic Offences,2024-07,17,5,24294,7,0,1,1,1,0.667,1.5,1.417,15,0.0,0
17-5-2024-08,Kolar,Economic Offences,2024-08,17,5,24295,8,0,0,1,2,0.333,1.333,1.333,8,0.0,1
17-5-2024-09,Kolar,Economic Offences,2024-09,17,5,24296,9,1,0,0,2,0.333,1.0,1.25,20,0.05,1
17-5-2024-10,Kolar,Economic Offences,2024-10,17,5,24297,10,1,1,0,1,0.667,0.667,1.167,9,0.1111,0
17-5-2024-11,Kolar,Economic Offences,2024-11,17,5,24298,11,0,1,1,1,0.667,0.5,1.083,16,0.0,0
17-5-2024-12,Kolar,Economic Offences,2024-12,17,5,24299,12,0,0,1,1,0.333,0.333,1.0,19,0.0,0
17-5-2025-01,Kolar,Economic Offences,2025-01,17,5,24300,1,0,0,0,1,0.0,0.333,0.917,14,0.0,0
17-5-2025-02,Kolar,Economic Offences,2025-02,17,5,24301,2,0,0,0,3,0.0,0.333,0.833,11,0.0,1
17-5-2025-03,Kolar,Economic Offences,2025-03,17,5,24302,3,1,0,0,3,0.333,0.333,0.667,10,0.1,2
17-5-2025-04,Kolar,Economic Offences,2025-04,17,5,24303,4,2,1,0,1,1.0,0.5,0.583,16,0.125,3
17-5-2025-05,Kolar,Economic Offences,2025-05,17,5,24304,5,3,2,1,1,2.0,1.0,0.75,20,0.15,1
17-5-2025-06,Kolar,Economic Offences,2025-06,17,5,24305,6,1,3,2,0,2.0,1.167,0.75,11,0.0909,1
17-5-2025-07,Kolar,Economic Offences,2025-07,17,5,24306,7,1,1,3,0,1.667,1.333,0.833,16,0.0625,1
17-5-2025-08,Kolar,Economic Offences,2025-08,17,5,24307,8,1,1,1,1,1.0,1.5,0.917,7,0.1429,0
17-5-2025-09,Kolar,Economic Offences,2025-09,17,5,24308,9,0,1,1,1,0.667,1.333,0.833,11,0.0,1
17-5-2025-10,Kolar,Economic Offences,2025-10,17,5,24309,10,1,0,1,0,0.667,1.167,0.833,22,0.0455,2
17-5-2025-11,Kolar,Economic Offences,2025-11,17,5,24310,11,2,1,0,0,1.0,1.0,1.0,25,0.08,1
17-5-2025-12,Kolar,Economic Offences,2025-12,17,5,24311,12,1,2,1,0,1.333,1.0,1.083,26,0.0385,1
17-5-2026-01,Kolar,Economic Offences,2026-01,17,5,24312,1,1,1,2,0,1.333,1.0,1.167,27,0.037,5
17-5-2026-02,Kolar,Economic Offences,2026-02,17,5,24313,2,5,1,1,1,2.333,1.667,1.583,46,0.1087,3
17-5-2026-03,Kolar,Economic Offences,2026-03,17,5,24314,3,3,5,1,2,3.0,2.167,1.75,35,0.0857,0
17-5-2026-04,Kolar,Economic Offences,2026-04,17,5,24315,4,0,3,5,3,2.667,2.0,1.583,41,0.0,1
17-5-2026-05,Kolar,Economic Offences,2026-05,17,5,24316,5,1,0,3,1,1.333,1.833,1.417,22,0.0455,7
17-5-2026-06,Kolar,Economic Offences,2026-06,17,5,24317,6,7,1,0,1,2.667,2.833,1.917,37,0.1892,3
17-6-2024-03,Kolar,NDPS,2024-03,17,6,24290,3,0,0,1,0,0.333,0.833,0.417,11,0.0,1
17-6-2024-04,Kolar,NDPS,2024-04,17,6,24291,4,1,0,0,0,0.333,0.833,0.5,18,0.0556,0
17-6-2024-05,Kolar,NDPS,2024-05,17,6,24292,5,0,1,0,0,0.333,0.333,0.5,15,0.0,0
17-6-2024-06,Kolar,NDPS,2024-06,17,6,24293,6,0,0,1,0,0.333,0.333,0.5,24,0.0,1
17-6-2024-07,Kolar,NDPS,2024-07,17,6,24294,7,1,0,0,0,0.333,0.333,0.583,15,0.0667,0
17-6-2024-08,Kolar,NDPS,2024-08,17,6,24295,8,0,1,0,0,0.333,0.333,0.583,8,0.0,1
17-6-2024-09,Kolar,NDPS,2024-09,17,6,24296,9,1,0,1,1,0.667,0.5,0.667,20,0.05,1
17-6-2024-10,Kolar,NDPS,2024-10,17,6,24297,10,1,1,0,3,0.667,0.5,0.667,9,0.1111,0
17-6-2024-11,Kolar,NDPS,2024-11,17,6,24298,11,0,1,1,0,0.667,0.5,0.417,16,0.0,1
17-6-2024-12,Kolar,NDPS,2024-12,17,6,24299,12,1,0,1,1,0.667,0.667,0.5,19,0.0526,0
17-6-2025-01,Kolar,NDPS,2025-01,17,6,24300,1,0,1,0,0,0.333,0.5,0.417,14,0.0,0
17-6-2025-02,Kolar,NDPS,2025-02,17,6,24301,2,0,0,1,0,0.333,0.5,0.417,11,0.0,0
17-6-2025-03,Kolar,NDPS,2025-03,17,6,24302,3,0,0,0,1,0.0,0.333,0.417,10,0.0,0
17-6-2025-04,Kolar,NDPS,2025-04,17,6,24303,4,0,0,0,0,0.0,0.167,0.333,16,0.0,0
17-6-2025-05,Kolar,NDPS,2025-05,17,6,24304,5,0,0,0,0,0.0,0.167,0.333,20,0.0,0
17-6-2025-06,Kolar,NDPS,2025-06,17,6,24305,6,0,0,0,1,0.0,0.0,0.333,11,0.0,2
17-6-2025-07,Kolar,NDPS,2025-07,17,6,24306,7,2,0,0,0,0.667,0.333,0.417,16,0.125,0
17-6-2025-08,Kolar,NDPS,2025-08,17,6,24307,8,0,2,0,1,0.667,0.333,0.417,7,0.0,0
17-6-2025-09,Kolar,NDPS,2025-09,17,6,24308,9,0,0,2,1,0.667,0.333,0.333,11,0.0,3
17-6-2025-10,Kolar,NDPS,2025-10,17,6,24309,10,3,0,0,0,1.0,0.833,0.5,22,0.1364,2
17-6-2025-11,Kolar,NDPS,2025-11,17,6,24310,11,2,3,0,1,1.667,1.167,0.667,25,0.08,2
17-6-2025-12,Kolar,NDPS,2025-12,17,6,24311,12,2,2,3,0,2.333,1.5,0.75,26,0.0769,0
17-6-2026-01,Kolar,NDPS,2026-01,17,6,24312,1,0,2,2,0,1.333,1.167,0.75,27,0.0,2
17-6-2026-02,Kolar,NDPS,2026-02,17,6,24313,2,2,0,2,0,1.333,1.5,0.917,46,0.0435,0
17-6-2026-03,Kolar,NDPS,2026-03,17,6,24314,3,0,2,0,0,0.667,1.5,0.917,35,0.0,0
17-6-2026-04,Kolar,NDPS,2026-04,17,6,24315,4,0,0,2,0,0.667,1.0,0.917,41,0.0,1
17-6-2026-05,Kolar,NDPS,2026-05,17,6,24316,5,1,0,0,0,0.333,0.833,1.0,22,0.0455,1
17-6-2026-06,Kolar,NDPS,2026-06,17,6,24317,6,1,1,0,2,0.667,0.667,1.083,37,0.027,0
17-7-2024-02,Kolar,Missing / UDR,2024-02,17,7,24289,2,1,2,0,0,1.0,1.167,1.083,18,0.0556,0
17-7-2024-03,Kolar,Missing / UDR,2024-03,17,7,24290,3,0,1,2,3,1.0,1.167,1.083,11,0.0,2
17-7-2024-04,Kolar,Missing / UDR,2024-04,17,7,24291,4,2,0,1,1,1.0,1.333,1.0,18,0.1111,1
17-7-2024-05,Kolar,Missing / UDR,2024-05,17,7,24292,5,1,2,0,0,1.0,1.0,1.0,15,0.0667,6
17-7-2024-06,Kolar,Missing / UDR,2024-06,17,7,24293,6,6,1,2,2,3.0,2.0,1.5,24,0.25,1
17-7-2024-07,Kolar,Missing / UDR,2024-07,17,7,24294,7,1,6,1,0,2.667,1.833,1.417,15,0.0667,0
17-7-2024-08,Kolar,Missing / UDR,2024-08,17,7,24295,8,0,1,6,0,2.333,1.667,1.417,8,0.0,1
17-7-2024-09,Kolar,Missing / UDR,2024-09,17,7,24296,9,1,0,1,1,0.667,1.833,1.5,20,0.05,0
17-7-2024-10,Kolar,Missing / UDR,2024-10,17,7,24297,10,0,1,0,3,0.333,1.5,1.417,9,0.0,0
17-7-2024-11,Kolar,Missing / UDR,2024-11,17,7,24298,11,0,0,1,0,0.333,1.333,1.167,16,0.0,1
17-7-2024-12,Kolar,Missing / UDR,2024-12,17,7,24299,12,1,0,0,2,0.333,0.5,1.25,19,0.0526,0
17-7-2025-01,Kolar,Missing / UDR,2025-01,17,7,24300,1,0,1,0,1,0.333,0.333,1.083,14,0.0,0
17-7-2025-02,Kolar,Missing / UDR,2025-02,17,7,24301,2,0,0,1,0,0.333,0.333,1.0,11,0.0,0
17-7-2025-03,Kolar,Missing / UDR,2025-03,17,7,24302,3,0,0,0,2,0.0,0.167,1.0,10,0.0,0
17-7-2025-04,Kolar,Missing / UDR,2025-04,17,7,24303,4,0,0,0,1,0.0,0.167,0.833,16,0.0,2
17-7-2025-05,Kolar,Missing / UDR,2025-05,17,7,24304,5,2,0,0,6,0.667,0.5,0.917,20,0.1,1
17-7-2025-06,Kolar,Missing / UDR,2025-06,17,7,24305,6,1,2,0,1,1.0,0.5,0.5,11,0.0909,1
17-7-2025-07,Kolar,Missing / UDR,2025-07,17,7,24306,7,1,1,2,0,1.333,0.667,0.5,16,0.0625,2
17-7-2025-08,Kolar,Missing / UDR,2025-08,17,7,24307,8,2,1,1,1,1.333,1.0,0.667,7,0.2857,1
17-7-2025-09,Kolar,Missing / UDR,2025-09,17,7,24308,9,1,2,1,0,1.333,1.167,0.667,11,0.0909,3
17-7-2025-10,Kolar,Missing / UDR,2025-10,17,7,24309,10,3,1,2,0,2.0,1.667,0.917,22,0.1364,1
17-7-2025-11,Kolar,Missing / UDR,2025-11,17,7,24310,11,1,3,1,1,1.667,1.5,1.0,25,0.04,1
17-7-2025-12,Kolar,Missing / UDR,2025-12,17,7,24311,12,1,1,3,0,1.667,1.5,1.0,26,0.0385,2
17-7-2026-01,Kolar,Missing / UDR,2026-01,17,7,24312,1,2,1,1,0,1.333,1.667,1.167,27,0.0741,4
17-7-2026-02,Kolar,Missing / UDR,2026-02,17,7,24313,2,4,2,1,0,2.333,2.0,1.5,46,0.087,0
17-7-2026-03,Kolar,Missing / UDR,2026-03,17,7,24314,3,0,4,2,0,2.0,1.833,1.5,35,0.0,2
17-7-2026-04,Kolar,Missing / UDR,2026-04,17,7,24315,4,2,0,4,2,2.0,1.667,1.667,41,0.0488,1
17-7-2026-05,Kolar,Missing / UDR,2026-05,17,7,24316,5,1,2,0,1,1.0,1.667,1.583,22,0.0455,1
17-7-2026-06,Kolar,Missing / UDR,2026-06,17,7,24317,6,1,1,2,1,1.333,1.667,1.583,37,0.027,1
17-8-2024-04,Kolar,Traffic / PAR,2024-04,17,8,24291,4,0,0,4,0,1.333,1.0,0.833,18,0.0,1
17-8-2024-05,Kolar,Traffic / PAR,2024-05,17,8,24292,5,1,0,0,1,0.333,1.0,0.917,15,0.0667,2
17-8-2024-06,Kolar,Traffic / PAR,2024-06,17,8,24293,6,2,1,0,0,1.0,1.167,1.0,24,0.0833,1
17-8-2024-07,Kolar,Traffic / PAR,2024-07,17,8,24294,7,1,2,1,1,1.333,1.333,1.083,15,0.0667,0
17-8-2024-08,Kolar,Traffic / PAR,2024-08,17,8,24295,8,0,1,2,1,1.0,0.667,1.0,8,0.0,2
17-8-2024-09,Kolar,Traffic / PAR,2024-09,17,8,24296,9,2,0,1,1,1.0,1.0,1.083,20,0.1,3
17-8-2024-10,Kolar,Traffic / PAR,2024-10,17,8,24297,10,3,2,0,1,1.667,1.5,1.25,9,0.3333,2
17-8-2024-11,Kolar,Traffic / PAR,2024-11,17,8,24298,11,2,3,2,1,2.333,1.667,1.333,16,0.125,2
17-8-2024-12,Kolar,Traffic / PAR,2024-12,17,8,24299,12,2,2,3,0,2.333,1.667,1.417,19,0.1053,0
17-8-2025-01,Kolar,Traffic / PAR,2025-01,17,8,24300,1,0,2,2,4,1.333,1.5,1.417,14,0.0,2
17-8-2025-02,Kolar,Traffic / PAR,2025-02,17,8,24301,2,2,0,2,0,1.333,1.833,1.25,11,0.1818,0
17-8-2025-03,Kolar,Traffic / PAR,2025-03,17,8,24302,3,0,2,0,0,0.667,1.5,1.25,10,0.0,0
17-8-2025-04,Kolar,Traffic / PAR,2025-04,17,8,24303,4,0,0,2,1,0.667,1.0,1.25,16,0.0,0
17-8-2025-05,Kolar,Traffic / PAR,2025-05,17,8,24304,5,0,0,0,2,0.0,0.667,1.167,20,0.0,0
17-8-2025-06,Kolar,Traffic / PAR,2025-06,17,8,24305,6,0,0,0,1,0.0,0.333,1.0,11,0.0,0
17-8-2025-07,Kolar,Traffic / PAR,2025-07,17,8,24306,7,0,0,0,0,0.0,0.333,0.917,16,0.0,0
17-8-2025-08,Kolar,Traffic / PAR,2025-08,17,8,24307,8,0,0,0,2,0.0,0.0,0.917,7,0.0,2
17-8-2025-09,Kolar,Traffic / PAR,2025-09,17,8,24308,9,2,0,0,3,0.667,0.333,0.917,11,0.1818,1
17-8-2025-10,Kolar,Traffic / PAR,2025-10,17,8,24309,10,1,2,0,2,1.0,0.5,0.75,22,0.0455,1
17-8-2025-11,Kolar,Traffic / PAR,2025-11,17,8,24310,11,1,1,2,2,1.333,0.667,0.667,25,0.04,1
17-8-2025-12,Kolar,Traffic / PAR,2025-12,17,8,24311,12,1,1,1,0,1.0,0.833,0.583,26,0.0385,1
17-8-2026-01,Kolar,Traffic / PAR,2026-01,17,8,24312,1,1,1,1,2,1.0,1.0,0.667,27,0.037,1
17-8-2026-02,Kolar,Traffic / PAR,2026-02,17,8,24313,2,1,1,1,0,1.0,1.167,0.583,46,0.0217,1
17-8-2026-03,Kolar,Traffic / PAR,2026-03,17,8,24314,3,1,1,1,0,1.0,1.0,0.667,35,0.0286,0
17-8-2026-04,Kolar,Traffic / PAR,2026-04,17,8,24315,4,0,1,1,0,0.667,0.833,0.667,41,0.0,0
17-8-2026-05,Kolar,Traffic / PAR,2026-05,17,8,24316,5,0,0,1,0,0.333,0.667,0.667,22,0.0,0
17-8-2026-06,Kolar,Traffic / PAR,2026-06,17,8,24317,6,0,0,0,0,0.0,0.5,0.667,37,0.0,1
18-1-2024-02,Raichur,Crimes Against Body,2024-02,18,1,24289,2,3,1,1,2,1.667,1.667,1.833,20,0.15,4
18-1-2024-03,Raichur,Crimes Against Body,2024-03,18,1,24290,3,4,3,1,1,2.667,2.167,2.0,11,0.3636,1
18-1-2024-04,Raichur,Crimes Against Body,2024-04,18,1,24291,4,1,4,3,4,2.667,2.167,2.0,9,0.1111,2
18-1-2024-05,Raichur,Crimes Against Body,2024-05,18,1,24292,5,2,1,4,0,2.333,2.0,1.833,15,0.1333,4
18-1-2024-06,Raichur,Crimes Against Body,2024-06,18,1,24293,6,4,2,1,3,2.333,2.5,2.167,19,0.2105,1
18-1-2024-07,Raichur,Crimes Against Body,2024-07,18,1,24294,7,1,4,2,2,2.333,2.5,2.0,10,0.1,3
18-1-2024-08,Raichur,Crimes Against Body,2024-08,18,1,24295,8,3,1,4,1,2.667,2.5,2.083,14,0.2143,1
18-1-2024-09,Raichur,Crimes Against Body,2024-09,18,1,24296,9,1,3,1,1,1.667,2.0,2.083,7,0.1429,0
18-1-2024-10,Raichur,Crimes Against Body,2024-10,18,1,24297,10,0,1,3,3,1.333,1.833,2.0,16,0.0,1
18-1-2024-11,Raichur,Crimes Against Body,2024-11,18,1,24298,11,1,0,1,1,0.667,1.667,1.833,26,0.0385,2
18-1-2024-12,Raichur,Crimes Against Body,2024-12,18,1,24299,12,2,1,0,1,1.0,1.333,1.917,18,0.1111,4
18-1-2025-01,Raichur,Crimes Against Body,2025-01,18,1,24300,1,4,2,1,3,2.333,1.833,2.167,14,0.2857,3
18-1-2025-02,Raichur,Crimes Against Body,2025-02,18,1,24301,2,3,4,2,4,3.0,1.833,2.167,18,0.1667,2
18-1-2025-03,Raichur,Crimes Against Body,2025-03,18,1,24302,3,2,3,4,1,3.0,2.0,2.0,15,0.1333,0
18-1-2025-04,Raichur,Crimes Against Body,2025-04,18,1,24303,4,0,2,3,2,1.667,2.0,1.917,6,0.0,3
18-1-2025-05,Raichur,Crimes Against Body,2025-05,18,1,24304,5,3,0,2,4,1.667,2.333,2.0,20,0.15,2
18-1-2025-06,Raichur,Crimes Against Body,2025-06,18,1,24305,6,2,3,0,1,1.667,2.333,1.833,16,0.125,0
18-1-2025-07,Raichur,Crimes Against Body,2025-07,18,1,24306,7,0,2,3,3,1.667,1.667,1.75,13,0.0,1
18-1-2025-08,Raichur,Crimes Against Body,2025-08,18,1,24307,8,1,0,2,1,1.0,1.333,1.583,15,0.0667,5
18-1-2025-09,Raichur,Crimes Against Body,2025-09,18,1,24308,9,5,1,0,0,2.0,1.833,1.917,22,0.2273,0
18-1-2025-10,Raichur,Crimes Against Body,2025-10,18,1,24309,10,0,5,1,1,2.0,1.833,1.917,16,0.0,1
18-1-2025-11,Raichur,Crimes Against Body,2025-11,18,1,24310,11,1,0,5,2,2.0,1.5,1.917,18,0.0556,0
18-1-2025-12,Raichur,Crimes Against Body,2025-12,18,1,24311,12,0,1,0,4,0.333,1.167,1.75,16,0.0,2
18-1-2026-01,Raichur,Crimes Against Body,2026-01,18,1,24312,1,2,0,1,3,1.0,1.5,1.583,6,0.3333,12
18-1-2026-02,Raichur,Crimes Against Body,2026-02,18,1,24313,2,12,2,0,2,4.667,3.333,2.333,38,0.3158,3
18-1-2026-03,Raichur,Crimes Against Body,2026-03,18,1,24314,3,3,12,2,0,5.667,3.0,2.417,29,0.1034,5
18-1-2026-04,Raichur,Crimes Against Body,2026-04,18,1,24315,4,5,3,12,3,6.667,3.833,2.833,35,0.1429,3
18-1-2026-05,Raichur,Crimes Against Body,2026-05,18,1,24316,5,3,5,3,2,3.667,4.167,2.833,27,0.1111,2
18-1-2026-06,Raichur,Crimes Against Body,2026-06,18,1,24317,6,2,3,5,0,3.333,4.5,2.833,20,0.1,5
18-2-2024-02,Raichur,Crimes Against Property,2024-02,18,2,24289,2,4,8,8,6,6.667,8.0,7.083,20,0.2,0
18-2-2024-03,Raichur,Crimes Against Property,2024-03,18,2,24290,3,0,4,8,1,4.0,6.833,6.583,11,0.0,4
18-2-2024-04,Raichur,Crimes Against Property,2024-04,18,2,24291,4,4,0,4,10,2.667,7.0,6.833,9,0.4444,8
18-2-2024-05,Raichur,Crimes Against Property,2024-05,18,2,24292,5,8,4,0,9,4.0,5.333,6.667,15,0.5333,7
18-2-2024-06,Raichur,Crimes Against Property,2024-06,18,2,24293,6,7,8,4,3,6.333,5.167,6.5,19,0.3684,3
18-2-2024-07,Raichur,Crimes Against Property,2024-07,18,2,24294,7,3,7,8,8,6.0,4.333,6.5,10,0.3,7
18-2-2024-08,Raichur,Crimes Against Property,2024-08,18,2,24295,8,7,3,7,7,5.667,4.833,6.417,14,0.5,1
18-2-2024-09,Raichur,Crimes Against Property,2024-09,18,2,24296,9,1,7,3,3,3.667,5.0,5.917,7,0.1429,6
18-2-2024-10,Raichur,Crimes Against Property,2024-10,18,2,24297,10,6,1,7,18,4.667,5.333,6.167,16,0.375,11
18-2-2024-11,Raichur,Crimes Against Property,2024-11,18,2,24298,11,11,6,1,8,6.0,5.833,5.583,26,0.4231,8
18-2-2024-12,Raichur,Crimes Against Property,2024-12,18,2,24299,12,8,11,6,8,8.333,6.0,5.583,18,0.4444,8
18-2-2025-01,Raichur,Crimes Against Property,2025-01,18,2,24300,1,8,8,11,4,9.0,6.833,5.583,14,0.5714,7
18-2-2025-02,Raichur,Crimes Against Property,2025-02,18,2,24301,2,7,8,8,0,7.667,6.833,5.833,18,0.3889,8
18-2-2025-03,Raichur,Crimes Against Property,2025-03,18,2,24302,3,8,7,8,4,7.667,8.0,6.5,15,0.5333,1
18-2-2025-04,Raichur,Crimes Against Property,2025-04,18,2,24303,4,1,8,7,8,5.333,7.167,6.25,6,0.1667,6
18-2-2025-05,Raichur,Crimes Against Property,2025-05,18,2,24304,5,6,1,8,7,5.0,6.333,6.083,20,0.3,8
18-2-2025-06,Raichur,Crimes Against Property,2025-06,18,2,24305,6,8,6,1,3,5.0,6.333,6.167,16,0.5,8
18-2-2025-07,Raichur,Crimes Against Property,2025-07,18,2,24306,7,8,8,6,7,7.333,6.333,6.583,13,0.6154,5
18-2-2025-08,Raichur,Crimes Against Property,2025-08,18,2,24307,8,5,8,8,1,7.0,6.0,6.417,15,0.3333,5
18-2-2025-09,Raichur,Crimes Against Property,2025-09,18,2,24308,9,5,5,8,6,6.0,5.5,6.75,22,0.2273,4
18-2-2025-10,Raichur,Crimes Against Property,2025-10,18,2,24309,10,4,5,5,11,4.667,6.0,6.583,16,0.25,12
18-2-2025-11,Raichur,Crimes Against Property,2025-11,18,2,24310,11,12,4,5,8,7.0,7.0,6.667,18,0.6667,11
18-2-2025-12,Raichur,Crimes Against Property,2025-12,18,2,24311,12,11,12,4,8,9.0,7.5,6.917,16,0.6875,1
18-2-2026-01,Raichur,Crimes Against Property,2026-01,18,2,24312,1,1,11,12,7,8.0,6.333,6.333,6,0.1667,11
18-2-2026-02,Raichur,Crimes Against Property,2026-02,18,2,24313,2,11,1,11,8,7.667,7.333,6.667,38,0.2895,9
18-2-2026-03,Raichur,Crimes Against Property,2026-03,18,2,24314,3,9,11,1,1,7.0,8.0,6.75,29,0.3103,10
18-2-2026-04,Raichur,Crimes Against Property,2026-04,18,2,24315,4,10,9,11,6,10.0,9.0,7.5,35,0.2857,11
18-2-2026-05,Raichur,Crimes Against Property,2026-05,18,2,24316,5,11,10,9,8,10.0,8.833,7.917,27,0.4074,7
18-2-2026-06,Raichur,Crimes Against Property,2026-06,18,2,24317,6,7,11,10,8,9.333,8.167,7.833,20,0.35,13
18-3-2024-03,Raichur,Crimes Against Women,2024-03,18,3,24290,3,3,2,2,0,2.333,1.667,1.75,11,0.2727,2
18-3-2024-04,Raichur,Crimes Against Women,2024-04,18,3,24291,4,2,3,2,4,2.333,2.0,1.917,9,0.2222,1
18-3-2024-05,Raichur,Crimes Against Women,2024-05,18,3,24292,5,1,2,3,1,2.0,1.833,1.667,15,0.0667,0
18-3-2024-06,Raichur,Crimes Against Women,2024-06,18,3,24293,6,0,1,2,2,1.0,1.667,1.583,19,0.0,1
18-3-2024-07,Raichur,Crimes Against Women,2024-07,18,3,24294,7,1,0,1,2,0.667,1.5,1.5,10,0.1,2
18-3-2024-08,Raichur,Crimes Against Women,2024-08,18,3,24295,8,2,1,0,2,1.0,1.5,1.5,14,0.1429,0
18-3-2024-09,Raichur,Crimes Against Women,2024-09,18,3,24296,9,0,2,1,0,1.0,1.0,1.333,7,0.0,2
18-3-2024-10,Raichur,Crimes Against Women,2024-10,18,3,24297,10,2,0,2,2,1.333,1.0,1.5,16,0.125,5
18-3-2024-11,Raichur,Crimes Against Women,2024-11,18,3,24298,11,5,2,0,1,2.333,1.667,1.75,26,0.1923,3
18-3-2024-12,Raichur,Crimes Against Women,2024-12,18,3,24299,12,3,5,2,2,3.333,2.167,1.917,18,0.1667,0
18-3-2025-01,Raichur,Crimes Against Women,2025-01,18,3,24300,1,0,3,5,2,2.667,2.0,1.75,14,0.0,0
18-3-2025-02,Raichur,Crimes Against Women,2025-02,18,3,24301,2,0,0,3,3,1.0,1.667,1.583,18,0.0,1
18-3-2025-03,Raichur,Crimes Against Women,2025-03,18,3,24302,3,1,0,0,2,0.333,1.833,1.417,15,0.0667,1
18-3-2025-04,Raichur,Crimes Against Women,2025-04,18,3,24303,4,1,1,0,1,0.667,1.667,1.333,6,0.1667,2
18-3-2025-05,Raichur,Crimes Against Women,2025-05,18,3,24304,5,2,1,1,0,1.333,1.167,1.417,20,0.1,0
18-3-2025-06,Raichur,Crimes Against Women,2025-06,18,3,24305,6,0,2,1,1,1.0,0.667,1.417,16,0.0,0
18-3-2025-07,Raichur,Crimes Against Women,2025-07,18,3,24306,7,0,0,2,2,0.667,0.667,1.333,13,0.0,2
18-3-2025-08,Raichur,Crimes Against Women,2025-08,18,3,24307,8,2,0,0,0,0.667,1.0,1.333,15,0.1333,3
18-3-2025-09,Raichur,Crimes Against Women,2025-09,18,3,24308,9,3,2,0,2,1.667,1.333,1.583,22,0.1364,2
18-3-2025-10,Raichur,Crimes Against Women,2025-10,18,3,24309,10,2,3,2,5,2.333,1.5,1.583,16,0.125,0
18-3-2025-11,Raichur,Crimes Against Women,2025-11,18,3,24310,11,0,2,3,3,1.667,1.167,1.167,18,0.0,2
18-3-2025-12,Raichur,Crimes Against Women,2025-12,18,3,24311,12,2,0,2,0,1.333,1.5,1.083,16,0.125,0
18-3-2026-01,Raichur,Crimes Against Women,2026-01,18,3,24312,1,0,2,0,0,0.667,1.5,1.083,6,0.0,2
18-3-2026-02,Raichur,Crimes Against Women,2026-02,18,3,24313,2,2,0,2,1,1.333,1.5,1.25,38,0.0526,3
18-3-2026-03,Raichur,Crimes Against Women,2026-03,18,3,24314,3,3,2,0,1,1.667,1.5,1.417,29,0.1034,0
18-3-2026-04,Raichur,Crimes Against Women,2026-04,18,3,24315,4,0,3,2,2,1.667,1.167,1.333,35,0.0,1
18-3-2026-05,Raichur,Crimes Against Women,2026-05,18,3,24316,5,1,0,3,0,1.333,1.333,1.25,27,0.037,2
18-3-2026-06,Raichur,Crimes Against Women,2026-06,18,3,24317,6,2,1,0,0,1.0,1.333,1.417,20,0.1,2
18-4-2024-02,Raichur,Cyber Crime,2024-02,18,4,24289,2,8,3,2,1,4.333,2.5,2.167,20,0.4,2
18-4-2024-03,Raichur,Cyber Crime,2024-03,18,4,24290,3,2,8,3,4,4.333,2.5,2.25,11,0.1818,1
18-4-2024-04,Raichur,Cyber Crime,2024-04,18,4,24291,4,1,2,8,1,3.667,2.667,2.0,9,0.1111,1
18-4-2024-05,Raichur,Cyber Crime,2024-05,18,4,24292,5,1,1,2,4,1.333,2.833,2.0,15,0.0667,3
18-4-2024-06,Raichur,Cyber Crime,2024-06,18,4,24293,6,3,1,1,0,1.667,3.0,1.917,19,0.1579,3
18-4-2024-07,Raichur,Cyber Crime,2024-07,18,4,24294,7,3,3,1,1,2.333,3.0,2.167,10,0.3,0
18-4-2024-08,Raichur,Cyber Crime,2024-08,18,4,24295,8,0,3,3,2,2.0,1.667,2.083,14,0.0,1
18-4-2024-09,Raichur,Cyber Crime,2024-09,18,4,24296,9,1,0,3,0,1.333,1.5,2.0,7,0.1429,3
18-4-2024-10,Raichur,Cyber Crime,2024-10,18,4,24297,10,3,1,0,0,1.333,1.833,2.25,16,0.1875,5
18-4-2024-11,Raichur,Cyber Crime,2024-11,18,4,24298,11,5,3,1,2,3.0,2.5,2.667,26,0.1923,0
18-4-2024-12,Raichur,Cyber Crime,2024-12,18,4,24299,12,0,5,3,3,2.667,2.0,2.5,18,0.0,1
18-4-2025-01,Raichur,Cyber Crime,2025-01,18,4,24300,1,1,0,5,8,2.0,1.667,2.333,14,0.0714,6
18-4-2025-02,Raichur,Cyber Crime,2025-02,18,4,24301,2,6,1,0,2,2.333,2.667,2.167,18,0.3333,2
18-4-2025-03,Raichur,Cyber Crime,2025-03,18,4,24302,3,2,6,1,1,3.0,2.833,2.167,15,0.1333,3
18-4-2025-04,Raichur,Cyber Crime,2025-04,18,4,24303,4,3,2,6,1,3.667,2.833,2.333,6,0.5,2
18-4-2025-05,Raichur,Cyber Crime,2025-05,18,4,24304,5,2,3,2,3,2.333,2.333,2.417,20,0.1,2
18-4-2025-06,Raichur,Cyber Crime,2025-06,18,4,24305,6,2,2,3,3,2.333,2.667,2.333,16,0.125,0
18-4-2025-07,Raichur,Cyber Crime,2025-07,18,4,24306,7,0,2,2,0,1.333,2.5,2.083,13,0.0,1
18-4-2025-08,Raichur,Cyber Crime,2025-08,18,4,24307,8,1,0,2,1,1.0,1.667,2.167,15,0.0667,4
18-4-2025-09,Raichur,Cyber Crime,2025-09,18,4,24308,9,4,1,0,3,1.667,2.0,2.417,22,0.1818,6
18-4-2025-10,Raichur,Cyber Crime,2025-10,18,4,24309,10,6,4,1,5,3.667,2.5,2.667,16,0.375,2
18-4-2025-11,Raichur,Cyber Crime,2025-11,18,4,24310,11,2,6,4,0,4.0,2.5,2.417,18,0.1111,2
18-4-2025-12,Raichur,Cyber Crime,2025-12,18,4,24311,12,2,2,6,1,3.333,2.5,2.583,16,0.125,0
18-4-2026-01,Raichur,Cyber Crime,2026-01,18,4,24312,1,0,2,2,6,1.333,2.5,2.5,6,0.0,5
18-4-2026-02,Raichur,Cyber Crime,2026-02,18,4,24313,2,5,0,2,2,2.333,3.167,2.417,38,0.1316,7
18-4-2026-03,Raichur,Cyber Crime,2026-03,18,4,24314,3,7,5,0,3,4.0,3.667,2.833,29,0.2414,11
18-4-2026-04,Raichur,Cyber Crime,2026-04,18,4,24315,4,11,7,5,2,7.667,4.5,3.5,35,0.3143,4
18-4-2026-05,Raichur,Cyber Crime,2026-05,18,4,24316,5,4,11,7,2,7.333,4.833,3.667,27,0.1481,0
18-4-2026-06,Raichur,Cyber Crime,2026-06,18,4,24317,6,0,4,11,0,5.0,4.5,3.5,20,0.0,5
18-5-2024-02,Raichur,Economic Offences,2024-02,18,5,24289,2,2,1,0,4,1.0,1.0,1.583,20,0.1,1
18-5-2024-03,Raichur,Economic Offences,2024-03,18,5,24290,3,1,2,1,1,1.333,1.0,1.333,11,0.0909,0
18-5-2024-04,Raichur,Economic Offences,2024-04,18,5,24291,4,0,1,2,2,1.0,0.667,1.25,9,0.0,1
18-5-2024-05,Raichur,Economic Offences,2024-05,18,5,24292,5,1,0,1,1,0.667,0.833,1.167,15,0.0667,1
18-5-2024-06,Raichur,Economic Offences,2024-06,18,5,24293,6,1,1,0,2,0.667,1.0,1.167,19,0.0526,0
18-5-2024-07,Raichur,Economic Offences,2024-07,18,5,24294,7,0,1,1,3,0.667,0.833,1.0,10,0.0,0
18-5-2024-08,Raichur,Economic Offences,2024-08,18,5,24295,8,0,0,1,1,0.333,0.5,0.75,14,0.0,2
18-5-2024-09,Raichur,Economic Offences,2024-09,18,5,24296,9,2,0,0,2,0.667,0.667,0.833,7,0.2857,3
18-5-2024-10,Raichur,Economic Offences,2024-10,18,5,24297,10,3,2,0,0,1.667,1.167,0.917,16,0.1875,3
18-5-2024-11,Raichur,Economic Offences,2024-11,18,5,24298,11,3,3,2,0,2.667,1.5,1.167,26,0.1154,2
18-5-2024-12,Raichur,Economic Offences,2024-12,18,5,24299,12,2,3,3,1,2.667,1.667,1.333,18,0.1111,0
18-5-2025-01,Raichur,Economic Offences,2025-01,18,5,24300,1,0,2,3,2,1.667,1.667,1.25,14,0.0,0
18-5-2025-02,Raichur,Economic Offences,2025-02,18,5,24301,2,0,0,2,1,0.667,1.667,1.083,18,0.0,0
18-5-2025-03,Raichur,Economic Offences,2025-03,18,5,24302,3,0,0,0,0,0.0,1.333,1.0,15,0.0,0
18-5-2025-04,Raichur,Economic Offences,2025-04,18,5,24303,4,0,0,0,1,0.0,0.833,1.0,6,0.0,4
18-5-2025-05,Raichur,Economic Offences,2025-05,18,5,24304,5,4,0,0,1,1.333,1.0,1.25,20,0.2,3
18-5-2025-06,Raichur,Economic Offences,2025-06,18,5,24305,6,3,4,0,0,2.333,1.167,1.417,16,0.1875,2
18-5-2025-07,Raichur,Economic Offences,2025-07,18,5,24306,7,2,3,4,0,3.0,1.5,1.583,13,0.1538,2
18-5-2025-08,Raichur,Economic Offences,2025-08,18,5,24307,8,2,2,3,2,2.333,1.833,1.75,15,0.1333,2
18-5-2025-09,Raichur,Economic Offences,2025-09,18,5,24308,9,2,2,2,3,2.0,2.167,1.75,22,0.0909,1
18-5-2025-10,Raichur,Economic Offences,2025-10,18,5,24309,10,1,2,2,3,1.667,2.333,1.583,16,0.0625,2
18-5-2025-11,Raichur,Economic Offences,2025-11,18,5,24310,11,2,1,2,2,1.667,2.0,1.5,18,0.1111,1
18-5-2025-12,Raichur,Economic Offences,2025-12,18,5,24311,12,1,2,1,0,1.333,1.667,1.417,16,0.0625,2
18-5-2026-01,Raichur,Economic Offences,2026-01,18,5,24312,1,2,1,2,0,1.667,1.667,1.583,6,0.3333,0
18-5-2026-02,Raichur,Economic Offences,2026-02,18,5,24313,2,0,2,1,0,1.0,1.333,1.583,38,0.0,1
18-5-2026-03,Raichur,Economic Offences,2026-03,18,5,24314,3,1,0,2,0,1.0,1.167,1.667,29,0.0345,5
18-5-2026-04,Raichur,Economic Offences,2026-04,18,5,24315,4,5,1,0,4,2.0,1.833,2.083,35,0.1429,2
18-5-2026-05,Raichur,Economic Offences,2026-05,18,5,24316,5,2,5,1,3,2.667,1.833,1.917,27,0.0741,2
18-5-2026-06,Raichur,Economic Offences,2026-06,18,5,24317,6,2,2,5,2,3.0,2.0,1.833,20,0.1,5
18-6-2024-07,Raichur,NDPS,2024-07,18,6,24294,7,0,1,0,0,0.333,0.333,0.25,10,0.0,0
18-6-2024-08,Raichur,NDPS,2024-08,18,6,24295,8,0,0,1,0,0.333,0.167,0.25,14,0.0,0
18-6-2024-09,Raichur,NDPS,2024-09,18,6,24296,9,0,0,0,0,0.0,0.167,0.25,7,0.0,1
18-6-2024-10,Raichur,NDPS,2024-10,18,6,24297,10,1,0,0,1,0.333,0.333,0.333,16,0.0625,1
18-6-2024-11,Raichur,NDPS,2024-11,18,6,24298,11,1,1,0,0,0.667,0.5,0.333,26,0.0385,0
18-6-2024-12,Raichur,NDPS,2024-12,18,6,24299,12,0,1,1,0,0.667,0.333,0.333,18,0.0,0
18-6-2025-01,Raichur,NDPS,2025-01,18,6,24300,1,0,0,1,1,0.333,0.333,0.333,14,0.0,1
18-6-2025-02,Raichur,NDPS,2025-02,18,6,24301,2,1,0,0,0,0.333,0.5,0.333,18,0.0556,0
18-6-2025-03,Raichur,NDPS,2025-03,18,6,24302,3,0,1,0,0,0.333,0.5,0.333,15,0.0,1
18-6-2025-04,Raichur,NDPS,2025-04,18,6,24303,4,1,0,1,0,0.667,0.5,0.417,6,0.1667,0
18-6-2025-05,Raichur,NDPS,2025-05,18,6,24304,5,0,1,0,1,0.333,0.333,0.417,20,0.0,1
18-6-2025-06,Raichur,NDPS,2025-06,18,6,24305,6,1,0,1,0,0.667,0.5,0.417,16,0.0625,0
18-6-2025-07,Raichur,NDPS,2025-07,18,6,24306,7,0,1,0,0,0.333,0.5,0.417,13,0.0,1
18-6-2025-08,Raichur,NDPS,2025-08,18,6,24307,8,1,0,1,0,0.667,0.5,0.5,15,0.0667,1
18-6-2025-09,Raichur,NDPS,2025-09,18,6,24308,9,1,1,0,1,0.667,0.667,0.583,22,0.0455,1
18-6-2025-10,Raichur,NDPS,2025-10,18,6,24309,10,1,1,1,1,1.0,0.667,0.583,16,0.0625,1
18-6-2025-11,Raichur,NDPS,2025-11,18,6,24310,11,1,1,1,0,1.0,0.833,0.583,18,0.0556,0
18-6-2025-12,Raichur,NDPS,2025-12,18,6,24311,12,0,1,1,0,0.667,0.667,0.583,16,0.0,0
18-6-2026-01,Raichur,NDPS,2026-01,18,6,24312,1,0,0,1,1,0.333,0.667,0.583,6,0.0,1
18-6-2026-02,Raichur,NDPS,2026-02,18,6,24313,2,1,0,0,0,0.333,0.667,0.583,38,0.0263,1
18-6-2026-03,Raichur,NDPS,2026-03,18,6,24314,3,1,1,0,1,0.667,0.667,0.667,29,0.0345,2
18-6-2026-04,Raichur,NDPS,2026-04,18,6,24315,4,2,1,1,0,1.333,0.833,0.75,35,0.0571,0
18-6-2026-05,Raichur,NDPS,2026-05,18,6,24316,5,0,2,1,1,1.0,0.667,0.75,27,0.0,2
18-6-2026-06,Raichur,NDPS,2026-06,18,6,24317,6,2,0,2,0,1.333,1.0,0.833,20,0.1,0
18-7-2024-03,Raichur,Missing / UDR,2024-03,18,7,24290,3,1,0,0,0,0.333,0.5,0.667,11,0.0909,1
18-7-2024-04,Raichur,Missing / UDR,2024-04,18,7,24291,4,1,1,0,0,0.667,0.333,0.75,9,0.1111,0
18-7-2024-05,Raichur,Missing / UDR,2024-05,18,7,24292,5,0,1,1,0,0.667,0.333,0.75,15,0.0,2
18-7-2024-06,Raichur,Missing / UDR,2024-06,18,7,24293,6,2,0,1,0,1.0,0.667,0.917,19,0.1053,0
18-7-2024-07,Raichur,Missing / UDR,2024-07,18,7,24294,7,0,2,0,2,0.667,0.667,0.917,10,0.0,1
18-7-2024-08,Raichur,Missing / UDR,2024-08,18,7,24295,8,1,0,2,3,1.0,0.833,0.833,14,0.0714,0
18-7-2024-09,Raichur,Missing / UDR,2024-09,18,7,24296,9,0,1,0,2,0.333,0.667,0.583,7,0.0,0
18-7-2024-10,Raichur,Missing / UDR,2024-10,18,7,24297,10,0,0,1,0,0.333,0.5,0.417,16,0.0,0
18-7-2024-11,Raichur,Missing / UDR,2024-11,18,7,24298,11,0,0,0,0,0.0,0.5,0.417,26,0.0,2
18-7-2024-12,Raichur,Missing / UDR,2024-12,18,7,24299,12,2,0,0,0,0.667,0.5,0.583,18,0.1111,0
18-7-2025-01,Raichur,Missing / UDR,2025-01,18,7,24300,1,0,2,0,0,0.667,0.5,0.583,14,0.0,0
18-7-2025-02,Raichur,Missing / UDR,2025-02,18,7,24301,2,0,0,2,1,0.667,0.333,0.583,18,0.0,0
18-7-2025-03,Raichur,Missing / UDR,2025-03,18,7,24302,3,0,0,0,1,0.0,0.333,0.5,15,0.0,0
18-7-2025-04,Raichur,Missing / UDR,2025-04,18,7,24303,4,0,0,0,0,0.0,0.333,0.417,6,0.0,1
18-7-2025-05,Raichur,Missing / UDR,2025-05,18,7,24304,5,1,0,0,2,0.333,0.5,0.5,20,0.05,0
18-7-2025-06,Raichur,Missing / UDR,2025-06,18,7,24305,6,0,1,0,0,0.333,0.167,0.333,16,0.0,2
18-7-2025-07,Raichur,Missing / UDR,2025-07,18,7,24306,7,2,0,1,1,1.0,0.5,0.5,13,0.1538,1
18-7-2025-08,Raichur,Missing / UDR,2025-08,18,7,24307,8,1,2,0,0,1.0,0.667,0.5,15,0.0667,1
18-7-2025-09,Raichur,Missing / UDR,2025-09,18,7,24308,9,1,1,2,0,1.333,0.833,0.583,22,0.0455,0
18-7-2025-10,Raichur,Missing / UDR,2025-10,18,7,24309,10,0,1,1,0,0.667,0.833,0.583,16,0.0,0
18-7-2025-11,Raichur,Missing / UDR,2025-11,18,7,24310,11,0,0,1,2,0.333,0.667,0.583,18,0.0,0
18-7-2025-12,Raichur,Missing / UDR,2025-12,18,7,24311,12,0,0,0,0,0.0,0.667,0.417,16,0.0,0
18-7-2026-01,Raichur,Missing / UDR,2026-01,18,7,24312,1,0,0,0,0,0.0,0.333,0.417,6,0.0,0
18-7-2026-02,Raichur,Missing / UDR,2026-02,18,7,24313,2,0,0,0,0,0.0,0.167,0.417,38,0.0,5
18-7-2026-03,Raichur,Missing / UDR,2026-03,18,7,24314,3,5,0,0,0,1.667,0.833,0.833,29,0.1724,2
18-7-2026-04,Raichur,Missing / UDR,2026-04,18,7,24315,4,2,5,0,1,2.333,1.167,1.0,35,0.0571,4
18-7-2026-05,Raichur,Missing / UDR,2026-05,18,7,24316,5,4,2,5,0,3.667,1.833,1.25,27,0.1481,2
18-7-2026-06,Raichur,Missing / UDR,2026-06,18,7,24317,6,2,4,2,2,2.667,2.167,1.417,20,0.1,2
18-8-2024-02,Raichur,Traffic / PAR,2024-02,18,8,24289,2,0,1,1,1,0.667,0.667,0.75,20,0.0,0
18-8-2024-03,Raichur,Traffic / PAR,2024-03,18,8,24290,3,0,0,1,1,0.333,0.667,0.667,11,0.0,0
18-8-2024-04,Raichur,Traffic / PAR,2024-04,18,8,24291,4,0,0,0,0,0.0,0.5,0.583,9,0.0,2
18-8-2024-05,Raichur,Traffic / PAR,2024-05,18,8,24292,5,2,0,0,1,0.667,0.667,0.75,15,0.1333,1
18-8-2024-06,Raichur,Traffic / PAR,2024-06,18,8,24293,6,1,2,0,1,1.0,0.667,0.75,19,0.0526,2
18-8-2024-07,Raichur,Traffic / PAR,2024-07,18,8,24294,7,2,1,2,1,1.667,0.833,0.833,10,0.2,1
18-8-2024-08,Raichur,Traffic / PAR,2024-08,18,8,24295,8,1,2,1,0,1.333,1.0,0.833,14,0.0714,2
18-8-2024-09,Raichur,Traffic / PAR,2024-09,18,8,24296,9,2,1,2,1,1.667,1.333,1.0,7,0.2857,1
18-8-2024-10,Raichur,Traffic / PAR,2024-10,18,8,24297,10,1,2,1,1,1.333,1.5,1.0,16,0.0625,0
18-8-2024-11,Raichur,Traffic / PAR,2024-11,18,8,24298,11,0,1,2,1,1.0,1.167,0.917,26,0.0,1
18-8-2024-12,Raichur,Traffic / PAR,2024-12,18,8,24299,12,1,0,1,1,0.667,1.167,0.917,18,0.0556,1
18-8-2025-01,Raichur,Traffic / PAR,2025-01,18,8,24300,1,1,1,0,0,0.667,1.0,0.917,14,0.0714,1
18-8-2025-02,Raichur,Traffic / PAR,2025-02,18,8,24301,2,1,1,1,0,1.0,1.0,1.0,18,0.0556,2
18-8-2025-03,Raichur,Traffic / PAR,2025-03,18,8,24302,3,2,1,1,0,1.333,1.0,1.167,15,0.1333,0
18-8-2025-04,Raichur,Traffic / PAR,2025-04,18,8,24303,4,0,2,1,2,1.0,0.833,1.167,6,0.0,2
18-8-2025-05,Raichur,Traffic / PAR,2025-05,18,8,24304,5,2,0,2,1,1.333,1.167,1.167,20,0.1,0
18-8-2025-06,Raichur,Traffic / PAR,2025-06,18,8,24305,6,0,2,0,2,0.667,1.0,1.083,16,0.0,1
18-8-2025-07,Raichur,Traffic / PAR,2025-07,18,8,24306,7,1,0,2,1,1.0,1.0,1.0,13,0.0769,2
18-8-2025-08,Raichur,Traffic / PAR,2025-08,18,8,24307,8,2,1,0,2,1.0,1.167,1.083,15,0.1333,1
18-8-2025-09,Raichur,Traffic / PAR,2025-09,18,8,24308,9,1,2,1,1,1.333,1.0,1.0,22,0.0455,2
18-8-2025-10,Raichur,Traffic / PAR,2025-10,18,8,24309,10,2,1,2,0,1.667,1.333,1.083,16,0.125,0
18-8-2025-11,Raichur,Traffic / PAR,2025-11,18,8,24310,11,0,2,1,1,1.0,1.0,1.083,18,0.0,0
18-8-2025-12,Raichur,Traffic / PAR,2025-12,18,8,24311,12,0,0,2,1,0.667,1.0,1.0,16,0.0,1
18-8-2026-01,Raichur,Traffic / PAR,2026-01,18,8,24312,1,1,0,0,1,0.333,1.0,1.0,6,0.1667,7
18-8-2026-02,Raichur,Traffic / PAR,2026-02,18,8,24313,2,7,1,0,2,2.667,1.833,1.5,38,0.1842,0
18-8-2026-03,Raichur,Traffic / PAR,2026-03,18,8,24314,3,0,7,1,0,2.667,1.667,1.333,29,0.0,0
18-8-2026-04,Raichur,Traffic / PAR,2026-04,18,8,24315,4,0,0,7,2,2.333,1.333,1.333,35,0.0,2
18-8-2026-05,Raichur,Traffic / PAR,2026-05,18,8,24316,5,2,0,0,0,0.667,1.667,1.333,27,0.0741,3
18-8-2026-06,Raichur,Traffic / PAR,2026-06,18,8,24317,6,3,2,0,1,1.667,2.167,1.583,20,0.15,3
19-1-2024-02,Bidar,Crimes Against Body,2024-02,19,1,24289,2,1,3,3,1,2.333,1.5,1.583,10,0.1,2
19-1-2024-03,Bidar,Crimes Against Body,2024-03,19,1,24290,3,2,1,3,3,2.0,1.833,1.667,11,0.1818,5
19-1-2024-04,Bidar,Crimes Against Body,2024-04,19,1,24291,4,5,2,1,0,2.667,2.333,1.833,13,0.3846,1
19-1-2024-05,Bidar,Crimes Against Body,2024-05,19,1,24292,5,1,5,2,2,2.667,2.5,1.917,13,0.0769,1
19-1-2024-06,Bidar,Crimes Against Body,2024-06,19,1,24293,6,1,1,5,2,2.333,2.167,1.833,13,0.0769,0
19-1-2024-07,Bidar,Crimes Against Body,2024-07,19,1,24294,7,0,1,1,2,0.667,1.667,1.667,4,0.0,2
19-1-2024-08,Bidar,Crimes Against Body,2024-08,19,1,24295,8,2,0,1,0,1.0,1.833,1.667,7,0.2857,4
19-1-2024-09,Bidar,Crimes Against Body,2024-09,19,1,24296,9,4,2,0,2,2.0,2.167,2.0,17,0.2353,1
19-1-2024-10,Bidar,Crimes Against Body,2024-10,19,1,24297,10,1,4,2,0,2.333,1.5,1.917,9,0.1111,1
19-1-2024-11,Bidar,Crimes Against Body,2024-11,19,1,24298,11,1,1,4,3,2.0,1.5,2.0,16,0.0625,1
19-1-2024-12,Bidar,Crimes Against Body,2024-12,19,1,24299,12,1,1,1,3,1.0,1.5,1.833,13,0.0769,4
19-1-2025-01,Bidar,Crimes Against Body,2025-01,19,1,24300,1,4,1,1,1,2.0,2.167,1.917,12,0.3333,3
19-1-2025-02,Bidar,Crimes Against Body,2025-02,19,1,24301,2,3,4,1,2,2.667,2.333,2.083,18,0.1667,2
19-1-2025-03,Bidar,Crimes Against Body,2025-03,19,1,24302,3,2,3,4,5,3.0,2.0,2.083,10,0.2,1
19-1-2025-04,Bidar,Crimes Against Body,2025-04,19,1,24303,4,1,2,3,1,2.0,2.0,1.75,10,0.1,2
19-1-2025-05,Bidar,Crimes Against Body,2025-05,19,1,24304,5,2,1,2,1,1.667,2.167,1.833,13,0.1538,1
19-1-2025-06,Bidar,Crimes Against Body,2025-06,19,1,24305,6,1,2,1,0,1.333,2.167,1.833,15,0.0667,3
19-1-2025-07,Bidar,Crimes Against Body,2025-07,19,1,24306,7,3,1,2,2,2.0,2.0,2.083,7,0.4286,2
19-1-2025-08,Bidar,Crimes Against Body,2025-08,19,1,24307,8,2,3,1,4,2.0,1.833,2.083,15,0.1333,1
19-1-2025-09,Bidar,Crimes Against Body,2025-09,19,1,24308,9,1,2,3,1,2.0,1.667,1.833,11,0.0909,3
19-1-2025-10,Bidar,Crimes Against Body,2025-10,19,1,24309,10,3,1,2,1,2.0,2.0,2.0,14,0.2143,3
19-1-2025-11,Bidar,Crimes Against Body,2025-11,19,1,24310,11,3,3,1,1,2.333,2.167,2.167,18,0.1667,2
19-1-2025-12,Bidar,Crimes Against Body,2025-12,19,1,24311,12,2,3,3,4,2.667,2.333,2.25,17,0.1176,0
19-1-2026-01,Bidar,Crimes Against Body,2026-01,19,1,24312,1,0,2,3,3,1.667,1.833,1.917,15,0.0,2
19-1-2026-02,Bidar,Crimes Against Body,2026-02,19,1,24313,2,2,0,2,2,1.333,1.833,1.833,17,0.1176,3
19-1-2026-03,Bidar,Crimes Against Body,2026-03,19,1,24314,3,3,2,0,1,1.667,2.167,1.917,21,0.1429,2
19-1-2026-04,Bidar,Crimes Against Body,2026-04,19,1,24315,4,2,3,2,2,2.333,2.0,2.0,20,0.1,4
19-1-2026-05,Bidar,Crimes Against Body,2026-05,19,1,24316,5,4,2,3,1,3.0,2.167,2.167,25,0.16,3
19-1-2026-06,Bidar,Crimes Against Body,2026-06,19,1,24317,6,3,4,2,3,3.0,2.333,2.333,21,0.1429,4
19-2-2024-02,Bidar,Crimes Against Property,2024-02,19,2,24289,2,5,1,14,2,6.667,8.5,6.75,10,0.5,2
19-2-2024-03,Bidar,Crimes Against Property,2024-03,19,2,24290,3,2,5,1,6,2.667,7.667,6.75,11,0.1818,4
19-2-2024-04,Bidar,Crimes Against Property,2024-04,19,2,24291,4,4,2,5,7,3.667,6.667,6.583,13,0.3077,4
19-2-2024-05,Bidar,Crimes Against Property,2024-05,19,2,24292,5,4,4,2,3,3.333,5.0,6.333,13,0.3077,6
19-2-2024-06,Bidar,Crimes Against Property,2024-06,19,2,24293,6,6,4,4,7,4.667,3.667,6.583,13,0.4615,2
19-2-2024-07,Bidar,Crimes Against Property,2024-07,19,2,24294,7,2,6,4,5,4.0,3.833,6.167,4,0.5,2
19-2-2024-08,Bidar,Crimes Against Property,2024-08,19,2,24295,8,2,2,6,7,3.333,3.333,5.917,7,0.2857,4
19-2-2024-09,Bidar,Crimes Against Property,2024-09,19,2,24296,9,4,2,2,10,2.667,3.667,5.667,17,0.2353,2
19-2-2024-10,Bidar,Crimes Against Property,2024-10,19,2,24297,10,2,4,2,14,2.667,3.333,5.0,9,0.2222,7
19-2-2024-11,Bidar,Crimes Against Property,2024-11,19,2,24298,11,7,2,4,14,4.333,3.833,4.417,16,0.4375,12
19-2-2024-12,Bidar,Crimes Against Property,2024-12,19,2,24299,12,12,7,2,1,7.0,4.833,4.25,13,0.9231,3
19-2-2025-01,Bidar,Crimes Against Property,2025-01,19,2,24300,1,3,12,7,5,7.333,5.0,4.417,12,0.25,8
19-2-2025-02,Bidar,Crimes Against Property,2025-02,19,2,24301,2,8,3,12,2,7.667,6.0,4.667,18,0.4444,5
19-2-2025-03,Bidar,Crimes Against Property,2025-03,19,2,24302,3,5,8,3,4,5.333,6.167,4.917,10,0.5,3
19-2-2025-04,Bidar,Crimes Against Property,2025-04,19,2,24303,4,3,5,8,4,5.333,6.333,4.833,10,0.3,5
19-2-2025-05,Bidar,Crimes Against Property,2025-05,19,2,24304,5,5,3,5,6,4.333,6.0,4.917,13,0.3846,1
19-2-2025-06,Bidar,Crimes Against Property,2025-06,19,2,24305,6,1,5,3,2,3.0,4.167,4.5,15,0.0667,4
19-2-2025-07,Bidar,Crimes Against Property,2025-07,19,2,24306,7,4,1,5,2,3.333,4.333,4.667,7,0.5714,6
19-2-2025-08,Bidar,Crimes Against Property,2025-08,19,2,24307,8,6,4,1,4,3.667,4.0,5.0,15,0.4,4
19-2-2025-09,Bidar,Crimes Against Property,2025-09,19,2,24308,9,4,6,4,2,4.667,3.833,5.0,11,0.3636,4
19-2-2025-10,Bidar,Crimes Against Property,2025-10,19,2,24309,10,4,4,6,7,4.667,4.0,5.167,14,0.2857,7
19-2-2025-11,Bidar,Crimes Against Property,2025-11,19,2,24310,11,7,4,4,12,5.0,4.333,5.167,18,0.3889,10
19-2-2025-12,Bidar,Crimes Against Property,2025-12,19,2,24311,12,10,7,4,3,7.0,5.833,5.0,17,0.5882,6
19-2-2026-01,Bidar,Crimes Against Property,2026-01,19,2,24312,1,6,10,7,8,7.667,6.167,5.25,15,0.4,6
19-2-2026-02,Bidar,Crimes Against Property,2026-02,19,2,24313,2,6,6,10,5,7.333,6.167,5.083,17,0.3529,8
19-2-2026-03,Bidar,Crimes Against Property,2026-03,19,2,24314,3,8,6,6,3,6.667,6.833,5.333,21,0.381,6
19-2-2026-04,Bidar,Crimes Against Property,2026-04,19,2,24315,4,6,8,6,5,6.667,7.167,5.583,20,0.3,7
19-2-2026-05,Bidar,Crimes Against Property,2026-05,19,2,24316,5,7,6,8,1,7.0,7.167,5.75,25,0.28,12
19-2-2026-06,Bidar,Crimes Against Property,2026-06,19,2,24317,6,12,7,6,4,8.333,7.5,6.667,21,0.5714,10
19-3-2024-02,Bidar,Crimes Against Women,2024-02,19,3,24289,2,1,2,0,1,1.0,0.833,1.0,10,0.1,0
19-3-2024-03,Bidar,Crimes Against Women,2024-03,19,3,24290,3,0,1,2,2,1.0,0.667,0.917,11,0.0,0
19-3-2024-04,Bidar,Crimes Against Women,2024-04,19,3,24291,4,0,0,1,1,0.333,0.667,0.75,13,0.0,0
19-3-2024-05,Bidar,Crimes Against Women,2024-05,19,3,24292,5,0,0,0,0,0.0,0.5,0.667,13,0.0,0
19-3-2024-06,Bidar,Crimes Against Women,2024-06,19,3,24293,6,0,0,0,1,0.0,0.5,0.667,13,0.0,1
19-3-2024-07,Bidar,Crimes Against Women,2024-07,19,3,24294,7,1,0,0,2,0.333,0.333,0.667,4,0.25,1
19-3-2024-08,Bidar,Crimes Against Women,2024-08,19,3,24295,8,1,1,0,1,0.667,0.333,0.583,7,0.1429,3
19-3-2024-09,Bidar,Crimes Against Women,2024-09,19,3,24296,9,3,1,1,0,1.667,0.833,0.75,17,0.1765,0
19-3-2024-10,Bidar,Crimes Against Women,2024-10,19,3,24297,10,0,3,1,1,1.333,0.833,0.75,9,0.0,1
19-3-2024-11,Bidar,Crimes Against Women,2024-11,19,3,24298,11,1,0,3,0,1.333,1.0,0.75,16,0.0625,0
19-3-2024-12,Bidar,Crimes Against Women,2024-12,19,3,24299,12,0,1,0,2,0.333,1.0,0.75,13,0.0,0
19-3-2025-01,Bidar,Crimes Against Women,2025-01,19,3,24300,1,0,0,1,1,0.333,0.833,0.583,12,0.0,0
19-3-2025-02,Bidar,Crimes Against Women,2025-02,19,3,24301,2,0,0,0,0,0.0,0.667,0.5,18,0.0,0
19-3-2025-03,Bidar,Crimes Against Women,2025-03,19,3,24302,3,0,0,0,0,0.0,0.167,0.5,10,0.0,0
19-3-2025-04,Bidar,Crimes Against Women,2025-04,19,3,24303,4,0,0,0,0,0.0,0.167,0.5,10,0.0,2
19-3-2025-05,Bidar,Crimes Against Women,2025-05,19,3,24304,5,2,0,0,0,0.667,0.333,0.667,13,0.1538,2
19-3-2025-06,Bidar,Crimes Against Women,2025-06,19,3,24305,6,2,2,0,1,1.333,0.667,0.833,15,0.1333,0
19-3-2025-07,Bidar,Crimes Against Women,2025-07,19,3,24306,7,0,2,2,1,1.333,0.667,0.75,7,0.0,2
19-3-2025-08,Bidar,Crimes Against Women,2025-08,19,3,24307,8,2,0,2,3,1.333,1.0,0.833,15,0.1333,1
19-3-2025-09,Bidar,Crimes Against Women,2025-09,19,3,24308,9,1,2,0,0,1.0,1.167,0.667,11,0.0909,1
19-3-2025-10,Bidar,Crimes Against Women,2025-10,19,3,24309,10,1,1,2,1,1.333,1.333,0.75,14,0.0714,2
19-3-2025-11,Bidar,Crimes Against Women,2025-11,19,3,24310,11,2,1,1,0,1.333,1.333,0.833,18,0.1111,2
19-3-2025-12,Bidar,Crimes Against Women,2025-12,19,3,24311,12,2,2,1,0,1.667,1.333,1.0,17,0.1176,3
19-3-2026-01,Bidar,Crimes Against Women,2026-01,19,3,24312,1,3,2,2,0,2.333,1.833,1.25,15,0.2,1
19-3-2026-02,Bidar,Crimes Against Women,2026-02,19,3,24313,2,1,3,2,0,2.0,1.667,1.333,17,0.0588,1
19-3-2026-03,Bidar,Crimes Against Women,2026-03,19,3,24314,3,1,1,3,0,1.667,1.667,1.417,21,0.0476,3
19-3-2026-04,Bidar,Crimes Against Women,2026-04,19,3,24315,4,3,1,1,2,1.667,2.0,1.667,20,0.15,5
19-3-2026-05,Bidar,Crimes Against Women,2026-05,19,3,24316,5,5,3,1,2,3.0,2.5,1.917,25,0.2,1
19-3-2026-06,Bidar,Crimes Against Women,2026-06,19,3,24317,6,1,5,3,0,3.0,2.333,1.833,21,0.0476,3
19-4-2024-02,Bidar,Cyber Crime,2024-02,19,4,24289,2,1,1,2,0,1.333,2.0,2.333,10,0.1,4
19-4-2024-03,Bidar,Cyber Crime,2024-03,19,4,24290,3,4,1,1,2,2.0,1.833,2.667,11,0.3636,2
19-4-2024-04,Bidar,Cyber Crime,2024-04,19,4,24291,4,2,4,1,4,2.333,2.0,2.667,13,0.1538,4
19-4-2024-05,Bidar,Cyber Crime,2024-05,19,4,24292,5,4,2,4,4,3.333,2.333,2.667,13,0.3077,3
19-4-2024-06,Bidar,Cyber Crime,2024-06,19,4,24293,6,3,4,2,4,3.0,2.5,2.583,13,0.2308,0
19-4-2024-07,Bidar,Cyber Crime,2024-07,19,4,24294,7,0,3,4,2,2.333,2.333,2.25,4,0.0,0
19-4-2024-08,Bidar,Cyber Crime,2024-08,19,4,24295,8,0,0,3,5,1.0,2.167,2.083,7,0.0,3
19-4-2024-09,Bidar,Cyber Crime,2024-09,19,4,24296,9,3,0,0,1,1.0,2.0,1.917,17,0.1765,0
19-4-2024-10,Bidar,Cyber Crime,2024-10,19,4,24297,10,0,3,0,2,1.0,1.667,1.833,9,0.0,3
19-4-2024-11,Bidar,Cyber Crime,2024-11,19,4,24298,11,3,0,3,2,2.0,1.5,1.917,16,0.1875,0
19-4-2024-12,Bidar,Cyber Crime,2024-12,19,4,24299,12,0,3,0,1,1.0,1.0,1.75,13,0.0,0
19-4-2025-01,Bidar,Cyber Crime,2025-01,19,4,24300,1,0,0,3,1,1.0,1.0,1.667,12,0.0,2
19-4-2025-02,Bidar,Cyber Crime,2025-02,19,4,24301,2,2,0,0,4,0.667,1.333,1.75,18,0.1111,2
19-4-2025-03,Bidar,Cyber Crime,2025-03,19,4,24302,3,2,2,0,2,1.333,1.167,1.583,10,0.2,2
19-4-2025-04,Bidar,Cyber Crime,2025-04,19,4,24303,4,2,2,2,4,2.0,1.5,1.583,10,0.2,4
19-4-2025-05,Bidar,Cyber Crime,2025-05,19,4,24304,5,4,2,2,3,2.667,1.667,1.583,13,0.3077,1
19-4-2025-06,Bidar,Cyber Crime,2025-06,19,4,24305,6,1,4,2,0,2.333,1.833,1.417,15,0.0667,0
19-4-2025-07,Bidar,Cyber Crime,2025-07,19,4,24306,7,0,1,4,0,1.667,1.833,1.417,7,0.0,3
19-4-2025-08,Bidar,Cyber Crime,2025-08,19,4,24307,8,3,0,1,3,1.333,2.0,1.667,15,0.2,3
19-4-2025-09,Bidar,Cyber Crime,2025-09,19,4,24308,9,3,3,0,0,2.0,2.167,1.667,11,0.2727,4
19-4-2025-10,Bidar,Cyber Crime,2025-10,19,4,24309,10,4,3,3,3,3.333,2.5,2.0,14,0.2857,1
19-4-2025-11,Bidar,Cyber Crime,2025-11,19,4,24310,11,1,4,3,0,2.667,2.0,1.833,18,0.0556,1
19-4-2025-12,Bidar,Cyber Crime,2025-12,19,4,24311,12,1,1,4,0,2.0,2.0,1.917,17,0.0588,3
19-4-2026-01,Bidar,Cyber Crime,2026-01,19,4,24312,1,3,1,1,2,1.667,2.5,2.167,15,0.2,1
19-4-2026-02,Bidar,Cyber Crime,2026-02,19,4,24313,2,1,3,1,2,1.667,2.167,2.083,17,0.0588,1
19-4-2026-03,Bidar,Cyber Crime,2026-03,19,4,24314,3,1,1,3,2,1.667,1.833,2.0,21,0.0476,2
19-4-2026-04,Bidar,Cyber Crime,2026-04,19,4,24315,4,2,1,1,4,1.333,1.5,2.0,20,0.1,5
19-4-2026-05,Bidar,Cyber Crime,2026-05,19,4,24316,5,5,2,1,1,2.667,2.167,2.083,25,0.2,4
19-4-2026-06,Bidar,Cyber Crime,2026-06,19,4,24317,6,4,5,2,0,3.667,2.667,2.333,21,0.1905,5
19-5-2024-02,Bidar,Economic Offences,2024-02,19,5,24289,2,0,1,2,0,1.0,1.5,1.25,10,0.0,2
19-5-2024-03,Bidar,Economic Offences,2024-03,19,5,24290,3,2,0,1,1,1.0,1.667,1.417,11,0.1818,0
19-5-2024-04,Bidar,Economic Offences,2024-04,19,5,24291,4,0,2,0,1,0.667,1.0,1.333,13,0.0,1
19-5-2024-05,Bidar,Economic Offences,2024-05,19,5,24292,5,1,0,2,3,1.0,1.0,1.333,13,0.0769,1
19-5-2024-06,Bidar,Economic Offences,2024-06,19,5,24293,6,1,1,0,1,0.667,0.833,1.167,13,0.0769,1
19-5-2024-07,Bidar,Economic Offences,2024-07,19,5,24294,7,1,1,1,0,1.0,0.833,1.167,4,0.25,2
19-5-2024-08,Bidar,Economic Offences,2024-08,19,5,24295,8,2,1,1,1,1.333,1.167,1.333,7,0.2857,0
19-5-2024-09,Bidar,Economic Offences,2024-09,19,5,24296,9,0,2,1,4,1.0,0.833,1.25,17,0.0,3
19-5-2024-10,Bidar,Economic Offences,2024-10,19,5,24297,10,3,0,2,1,1.667,1.333,1.167,9,0.3333,2
19-5-2024-11,Bidar,Economic Offences,2024-11,19,5,24298,11,2,3,0,2,1.667,1.5,1.25,16,0.125,0
19-5-2024-12,Bidar,Economic Offences,2024-12,19,5,24299,12,0,2,3,1,1.667,1.333,1.083,13,0.0,3
19-5-2025-01,Bidar,Economic Offences,2025-01,19,5,24300,1,3,0,2,0,1.667,1.667,1.25,12,0.25,1
19-5-2025-02,Bidar,Economic Offences,2025-02,19,5,24301,2,1,3,0,2,1.333,1.5,1.333,18,0.0556,0
19-5-2025-03,Bidar,Economic Offences,2025-03,19,5,24302,3,0,1,3,0,1.333,1.5,1.167,10,0.0,2
19-5-2025-04,Bidar,Economic Offences,2025-04,19,5,24303,4,2,0,1,1,1.0,1.333,1.333,10,0.2,0
19-5-2025-05,Bidar,Economic Offences,2025-05,19,5,24304,5,0,2,0,1,0.667,1.0,1.25,13,0.0,4
19-5-2025-06,Bidar,Economic Offences,2025-06,19,5,24305,6,4,0,2,1,2.0,1.667,1.5,15,0.2667,0
19-5-2025-07,Bidar,Economic Offences,2025-07,19,5,24306,7,0,4,0,2,1.333,1.167,1.417,7,0.0,1
19-5-2025-08,Bidar,Economic Offences,2025-08,19,5,24307,8,1,0,4,0,1.667,1.167,1.333,15,0.0667,0
19-5-2025-09,Bidar,Economic Offences,2025-09,19,5,24308,9,0,1,0,3,0.333,1.167,1.333,11,0.0,0
19-5-2025-10,Bidar,Economic Offences,2025-10,19,5,24309,10,0,0,1,2,0.333,0.833,1.083,14,0.0,1
19-5-2025-11,Bidar,Economic Offences,2025-11,19,5,24310,11,1,0,0,0,0.333,1.0,1.0,18,0.0556,0
19-5-2025-12,Bidar,Economic Offences,2025-12,19,5,24311,12,0,1,0,3,0.333,0.333,1.0,17,0.0,2
19-5-2026-01,Bidar,Economic Offences,2026-01,19,5,24312,1,2,0,1,1,1.0,0.667,0.917,15,0.1333,5
19-5-2026-02,Bidar,Economic Offences,2026-02,19,5,24313,2,5,2,0,0,2.333,1.333,1.25,17,0.2941,4
19-5-2026-03,Bidar,Economic Offences,2026-03,19,5,24314,3,4,5,2,2,3.667,2.0,1.583,21,0.1905,3
19-5-2026-04,Bidar,Economic Offences,2026-04,19,5,24315,4,3,4,5,0,4.0,2.5,1.667,20,0.15,2
19-5-2026-05,Bidar,Economic Offences,2026-05,19,5,24316,5,2,3,4,4,3.0,2.667,1.833,25,0.08,0
19-5-2026-06,Bidar,Economic Offences,2026-06,19,5,24317,6,0,2,3,0,1.667,2.667,1.5,21,0.0,0
19-6-2024-05,Bidar,NDPS,2024-05,19,6,24292,5,1,1,0,1,0.667,0.833,0.75,13,0.0769,1
19-6-2024-06,Bidar,NDPS,2024-06,19,6,24293,6,1,1,1,0,1.0,1.0,0.75,13,0.0769,0
19-6-2024-07,Bidar,NDPS,2024-07,19,6,24294,7,0,1,1,0,0.667,0.833,0.75,4,0.0,0
19-6-2024-08,Bidar,NDPS,2024-08,19,6,24295,8,0,0,1,1,0.333,0.5,0.75,7,0.0,0
19-6-2024-09,Bidar,NDPS,2024-09,19,6,24296,9,0,0,0,0,0.0,0.5,0.667,17,0.0,1
19-6-2024-10,Bidar,NDPS,2024-10,19,6,24297,10,1,0,0,2,0.333,0.5,0.75,9,0.1111,0
19-6-2024-11,Bidar,NDPS,2024-11,19,6,24298,11,0,1,0,0,0.333,0.333,0.583,16,0.0,0
19-6-2024-12,Bidar,NDPS,2024-12,19,6,24299,12,0,0,1,1,0.333,0.167,0.583,13,0.0,0
19-6-2025-01,Bidar,NDPS,2025-01,19,6,24300,1,0,0,0,2,0.0,0.167,0.5,12,0.0,0
19-6-2025-02,Bidar,NDPS,2025-02,19,6,24301,2,0,0,0,0,0.0,0.167,0.333,18,0.0,1
19-6-2025-03,Bidar,NDPS,2025-03,19,6,24302,3,1,0,0,1,0.333,0.333,0.417,10,0.1,1
19-6-2025-04,Bidar,NDPS,2025-04,19,6,24303,4,1,1,0,1,0.667,0.333,0.417,10,0.1,0
19-6-2025-05,Bidar,NDPS,2025-05,19,6,24304,5,0,1,1,1,0.667,0.333,0.333,13,0.0,1
19-6-2025-06,Bidar,NDPS,2025-06,19,6,24305,6,1,0,1,0,0.667,0.5,0.333,15,0.0667,0
19-6-2025-07,Bidar,NDPS,2025-07,19,6,24306,7,0,1,0,0,0.333,0.5,0.333,7,0.0,0
19-6-2025-08,Bidar,NDPS,2025-08,19,6,24307,8,0,0,1,0,0.333,0.5,0.333,15,0.0,1
19-6-2025-09,Bidar,NDPS,2025-09,19,6,24308,9,1,0,0,1,0.333,0.5,0.417,11,0.0909,1
19-6-2025-10,Bidar,NDPS,2025-10,19,6,24309,10,1,1,0,0,0.667,0.5,0.417,14,0.0714,2
19-6-2025-11,Bidar,NDPS,2025-11,19,6,24310,11,2,1,1,0,1.333,0.833,0.583,18,0.1111,0
19-6-2025-12,Bidar,NDPS,2025-12,19,6,24311,12,0,2,1,0,1.0,0.667,0.583,17,0.0,1
19-6-2026-01,Bidar,NDPS,2026-01,19,6,24312,1,1,0,2,0,1.0,0.833,0.667,15,0.0667,0
19-6-2026-02,Bidar,NDPS,2026-02,19,6,24313,2,0,1,0,1,0.333,0.833,0.667,17,0.0,1
19-6-2026-03,Bidar,NDPS,2026-03,19,6,24314,3,1,0,1,1,0.667,0.833,0.667,21,0.0476,1
19-6-2026-04,Bidar,NDPS,2026-04,19,6,24315,4,1,1,0,0,0.667,0.833,0.667,20,0.05,0
19-6-2026-05,Bidar,NDPS,2026-05,19,6,24316,5,0,1,1,1,0.667,0.5,0.667,25,0.0,0
19-6-2026-06,Bidar,NDPS,2026-06,19,6,24317,6,0,0,1,0,0.333,0.5,0.583,21,0.0,3
19-7-2024-02,Bidar,Missing / UDR,2024-02,19,7,24289,2,0,1,0,1,0.333,0.5,0.75,10,0.0,1
19-7-2024-03,Bidar,Missing / UDR,2024-03,19,7,24290,3,1,0,1,0,0.667,0.5,0.75,11,0.0909,1
19-7-2024-04,Bidar,Missing / UDR,2024-04,19,7,24291,4,1,1,0,1,0.667,0.667,0.833,13,0.0769,1
19-7-2024-05,Bidar,Missing / UDR,2024-05,19,7,24292,5,1,1,1,2,1.0,0.667,0.833,13,0.0769,1
19-7-2024-06,Bidar,Missing / UDR,2024-06,19,7,24293,6,1,1,1,2,1.0,0.833,0.75,13,0.0769,0
19-7-2024-07,Bidar,Missing / UDR,2024-07,19,7,24294,7,0,1,1,0,0.667,0.667,0.583,4,0.0,0
19-7-2024-08,Bidar,Missing / UDR,2024-08,19,7,24295,8,0,0,1,1,0.333,0.667,0.583,7,0.0,3
19-7-2024-09,Bidar,Missing / UDR,2024-09,19,7,24296,9,3,0,0,0,1.0,1.0,0.75,17,0.1765,1
19-7-2024-10,Bidar,Missing / UDR,2024-10,19,7,24297,10,1,3,0,1,1.333,1.0,0.833,9,0.1111,0
19-7-2024-11,Bidar,Missing / UDR,2024-11,19,7,24298,11,0,1,3,0,1.333,0.833,0.75,16,0.0,0
19-7-2024-12,Bidar,Missing / UDR,2024-12,19,7,24299,12,0,0,1,1,0.333,0.667,0.75,13,0.0,1
19-7-2025-01,Bidar,Missing / UDR,2025-01,19,7,24300,1,1,0,0,0,0.333,0.833,0.75,12,0.0833,2
19-7-2025-02,Bidar,Missing / UDR,2025-02,19,7,24301,2,2,1,0,1,1.0,1.167,0.917,18,0.1111,0
19-7-2025-03,Bidar,Missing / UDR,2025-03,19,7,24302,3,0,2,1,1,1.0,0.667,0.833,10,0.0,0
19-7-2025-04,Bidar,Missing / UDR,2025-04,19,7,24303,4,0,0,2,1,0.667,0.5,0.75,10,0.0,0
19-7-2025-05,Bidar,Missing / UDR,2025-05,19,7,24304,5,0,0,0,1,0.0,0.5,0.667,13,0.0,4
19-7-2025-06,Bidar,Missing / UDR,2025-06,19,7,24305,6,4,0,0,0,1.333,1.167,0.917,15,0.2667,0
19-7-2025-07,Bidar,Missing / UDR,2025-07,19,7,24306,7,0,4,0,0,1.333,1.0,0.917,7,0.0,0
19-7-2025-08,Bidar,Missing / UDR,2025-08,19,7,24307,8,0,0,4,3,1.333,0.667,0.917,15,0.0,0
19-7-2025-09,Bidar,Missing / UDR,2025-09,19,7,24308,9,0,0,0,1,0.0,0.667,0.667,11,0.0,1
19-7-2025-10,Bidar,Missing / UDR,2025-10,19,7,24309,10,1,0,0,0,0.333,0.833,0.667,14,0.0714,2
19-7-2025-11,Bidar,Missing / UDR,2025-11,19,7,24310,11,2,1,0,0,1.0,1.167,0.833,18,0.1111,0
19-7-2025-12,Bidar,Missing / UDR,2025-12,19,7,24311,12,0,2,1,1,1.0,0.5,0.833,17,0.0,0
19-7-2026-01,Bidar,Missing / UDR,2026-01,19,7,24312,1,0,0,2,2,0.667,0.5,0.75,15,0.0,1
19-7-2026-02,Bidar,Missing / UDR,2026-02,19,7,24313,2,1,0,0,0,0.333,0.667,0.667,17,0.0588,1
19-7-2026-03,Bidar,Missing / UDR,2026-03,19,7,24314,3,1,1,0,0,0.667,0.833,0.75,21,0.0476,1
19-7-2026-04,Bidar,Missing / UDR,2026-04,19,7,24315,4,1,1,1,0,1.0,0.833,0.833,20,0.05,2
19-7-2026-05,Bidar,Missing / UDR,2026-05,19,7,24316,5,2,1,1,4,1.333,0.833,1.0,25,0.08,0
19-7-2026-06,Bidar,Missing / UDR,2026-06,19,7,24317,6,0,2,1,0,1.0,0.833,0.667,21,0.0,3
19-8-2024-02,Bidar,Traffic / PAR,2024-02,19,8,24289,2,0,0,2,0,0.667,0.667,0.917,10,0.0,0
19-8-2024-03,Bidar,Traffic / PAR,2024-03,19,8,24290,3,0,0,0,3,0.0,0.5,0.917,11,0.0,0
19-8-2024-04,Bidar,Traffic / PAR,2024-04,19,8,24291,4,0,0,0,1,0.0,0.333,0.667,13,0.0,1
19-8-2024-05,Bidar,Traffic / PAR,2024-05,19,8,24292,5,1,0,0,2,0.333,0.5,0.667,13,0.0769,0
19-8-2024-06,Bidar,Traffic / PAR,2024-06,19,8,24293,6,0,1,0,1,0.333,0.167,0.5,13,0.0,0
19-8-2024-07,Bidar,Traffic / PAR,2024-07,19,8,24294,7,0,0,1,0,0.333,0.167,0.417,4,0.0,0
19-8-2024-08,Bidar,Traffic / PAR,2024-08,19,8,24295,8,0,0,0,1,0.0,0.167,0.417,7,0.0,0
19-8-2024-09,Bidar,Traffic / PAR,2024-09,19,8,24296,9,0,0,0,1,0.0,0.167,0.333,17,0.0,1
19-8-2024-10,Bidar,Traffic / PAR,2024-10,19,8,24297,10,1,0,0,0,0.333,0.333,0.333,9,0.1111,2
19-8-2024-11,Bidar,Traffic / PAR,2024-11,19,8,24298,11,2,1,0,2,1.0,0.5,0.5,16,0.125,0
19-8-2024-12,Bidar,Traffic / PAR,2024-12,19,8,24299,12,0,2,1,0,1.0,0.5,0.333,13,0.0,1
19-8-2025-01,Bidar,Traffic / PAR,2025-01,19,8,24300,1,1,0,2,0,1.0,0.667,0.417,12,0.0833,2
19-8-2025-02,Bidar,Traffic / PAR,2025-02,19,8,24301,2,2,1,0,0,1.0,1.0,0.583,18,0.1111,0
19-8-2025-03,Bidar,Traffic / PAR,2025-03,19,8,24302,3,0,2,1,0,1.0,1.0,0.583,10,0.0,1
19-8-2025-04,Bidar,Traffic / PAR,2025-04,19,8,24303,4,1,0,2,1,1.0,1.0,0.667,10,0.1,0
19-8-2025-05,Bidar,Traffic / PAR,2025-05,19,8,24304,5,0,1,0,0,0.333,0.667,0.583,13,0.0,1
19-8-2025-06,Bidar,Traffic / PAR,2025-06,19,8,24305,6,1,0,1,0,0.667,0.833,0.667,15,0.0667,0
19-8-2025-07,Bidar,Traffic / PAR,2025-07,19,8,24306,7,0,1,0,0,0.333,0.667,0.667,7,0.0,1
19-8-2025-08,Bidar,Traffic / PAR,2025-08,19,8,24307,8,1,0,1,0,0.667,0.5,0.75,15,0.0667,1
19-8-2025-09,Bidar,Traffic / PAR,2025-09,19,8,24308,9,1,1,0,1,0.667,0.667,0.833,11,0.0909,0
19-8-2025-10,Bidar,Traffic / PAR,2025-10,19,8,24309,10,0,1,1,2,0.667,0.5,0.75,14,0.0,0
19-8-2025-11,Bidar,Traffic / PAR,2025-11,19,8,24310,11,0,0,1,0,0.333,0.5,0.583,18,0.0,2
19-8-2025-12,Bidar,Traffic / PAR,2025-12,19,8,24311,12,2,0,0,1,0.667,0.667,0.75,17,0.1176,0
19-8-2026-01,Bidar,Traffic / PAR,2026-01,19,8,24312,1,0,2,0,2,0.667,0.667,0.667,15,0.0,1
19-8-2026-02,Bidar,Traffic / PAR,2026-02,19,8,24313,2,1,0,2,0,1.0,0.667,0.583,17,0.0588,2
19-8-2026-03,Bidar,Traffic / PAR,2026-03,19,8,24314,3,2,1,0,1,1.0,0.833,0.75,21,0.0952,2
19-8-2026-04,Bidar,Traffic / PAR,2026-04,19,8,24315,4,2,2,1,0,1.667,1.167,0.833,20,0.1,0
19-8-2026-05,Bidar,Traffic / PAR,2026-05,19,8,24316,5,0,2,2,1,1.333,1.167,0.833,25,0.0,1
19-8-2026-06,Bidar,Traffic / PAR,2026-06,19,8,24317,6,1,0,2,0,1.0,1.0,0.833,21,0.0476,1
2-1-2024-02,Bengaluru Rural,Crimes Against Body,2024-02,2,1,24289,2,8,12,5,9,8.333,8.5,7.75,70,0.1143,12
2-1-2024-03,Bengaluru Rural,Crimes Against Body,2024-03,2,1,24290,3,12,8,12,5,10.667,8.833,8.0,64,0.1875,9
2-1-2024-04,Bengaluru Rural,Crimes Against Body,2024-04,2,1,24291,4,9,12,8,7,9.667,8.833,8.333,80,0.1125,18
2-1-2024-05,Bengaluru Rural,Crimes Against Body,2024-05,2,1,24292,5,18,9,12,4,13.0,10.667,9.25,64,0.2812,7
2-1-2024-06,Bengaluru Rural,Crimes Against Body,2024-06,2,1,24293,6,7,18,9,6,11.333,11.0,9.5,65,0.1077,10
2-1-2024-07,Bengaluru Rural,Crimes Against Body,2024-07,2,1,24294,7,10,7,18,11,11.667,10.667,9.833,78,0.1282,11
2-1-2024-08,Bengaluru Rural,Crimes Against Body,2024-08,2,1,24295,8,11,10,7,10,9.333,11.167,9.833,69,0.1594,11
2-1-2024-09,Bengaluru Rural,Crimes Against Body,2024-09,2,1,24296,9,11,11,10,9,10.667,11.0,9.917,65,0.1692,6
2-1-2024-10,Bengaluru Rural,Crimes Against Body,2024-10,2,1,24297,10,6,11,11,7,9.333,10.5,9.667,71,0.0845,5
2-1-2024-11,Bengaluru Rural,Crimes Against Body,2024-11,2,1,24298,11,5,6,11,5,7.333,8.333,9.5,79,0.0633,7
2-1-2024-12,Bengaluru Rural,Crimes Against Body,2024-12,2,1,24299,12,7,5,6,12,6.0,8.333,9.667,99,0.0707,13
2-1-2025-01,Bengaluru Rural,Crimes Against Body,2025-01,2,1,24300,1,13,7,5,8,8.333,8.833,9.75,78,0.1667,7
2-1-2025-02,Bengaluru Rural,Crimes Against Body,2025-02,2,1,24301,2,7,13,7,12,9.0,8.167,9.667,51,0.1373,9
2-1-2025-03,Bengaluru Rural,Crimes Against Body,2025-03,2,1,24302,3,9,7,13,9,9.667,7.833,9.417,62,0.1452,10
2-1-2025-04,Bengaluru Rural,Crimes Against Body,2025-04,2,1,24303,4,10,9,7,18,8.667,8.5,9.5,57,0.1754,6
2-1-2025-05,Bengaluru Rural,Crimes Against Body,2025-05,2,1,24304,5,6,10,9,7,8.333,8.667,8.5,48,0.125,10
2-1-2025-06,Bengaluru Rural,Crimes Against Body,2025-06,2,1,24305,6,10,6,10,10,8.667,9.167,8.75,73,0.137,11
2-1-2025-07,Bengaluru Rural,Crimes Against Body,2025-07,2,1,24306,7,11,10,6,11,9.0,8.833,8.833,59,0.1864,7
2-1-2025-08,Bengaluru Rural,Crimes Against Body,2025-08,2,1,24307,8,7,11,10,11,9.333,8.833,8.5,63,0.1111,6
2-1-2025-09,Bengaluru Rural,Crimes Against Body,2025-09,2,1,24308,9,6,7,11,6,8.0,8.333,8.083,64,0.0938,3
2-1-2025-10,Bengaluru Rural,Crimes Against Body,2025-10,2,1,24309,10,3,6,7,5,5.333,7.167,7.833,53,0.0566,7
2-1-2025-11,Bengaluru Rural,Crimes Against Body,2025-11,2,1,24310,11,7,3,6,7,5.333,7.333,8.0,91,0.0769,5
2-1-2025-12,Bengaluru Rural,Crimes Against Body,2025-12,2,1,24311,12,5,7,3,13,5.0,6.5,7.833,96,0.0521,8
2-1-2026-01,Bengaluru Rural,Crimes Against Body,2026-01,2,1,24312,1,8,5,7,7,6.667,6.0,7.417,56,0.1429,17
2-1-2026-02,Bengaluru Rural,Crimes Against Body,2026-02,2,1,24313,2,17,8,5,9,10.0,7.667,8.25,117,0.1453,12
2-1-2026-03,Bengaluru Rural,Crimes Against Body,2026-03,2,1,24314,3,12,17,8,10,12.333,8.667,8.5,104,0.1154,17
2-1-2026-04,Bengaluru Rural,Crimes Against Body,2026-04,2,1,24315,4,17,12,17,6,15.333,11.0,9.083,133,0.1278,19
2-1-2026-05,Bengaluru Rural,Crimes Against Body,2026-05,2,1,24316,5,19,17,12,10,16.0,13.0,10.167,126,0.1508,24
2-1-2026-06,Bengaluru Rural,Crimes Against Body,2026-06,2,1,24317,6,24,19,17,11,20.0,16.167,11.333,137,0.1752,15
2-2-2024-02,Bengaluru Rural,Crimes Against Property,2024-02,2,2,24289,2,34,26,53,29,37.667,35.333,27.667,70,0.4857,25
2-2-2024-03,Bengaluru Rural,Crimes Against Property,2024-03,2,2,24290,3,25,34,26,21,28.333,36.667,27.333,64,0.3906,35
2-2-2024-04,Bengaluru Rural,Crimes Against Property,2024-04,2,2,24291,4,35,25,34,18,31.333,38.667,28.5,80,0.4375,19
2-2-2024-05,Bengaluru Rural,Crimes Against Property,2024-05,2,2,24292,5,19,35,25,15,26.333,32.0,28.583,64,0.2969,27
2-2-2024-06,Bengaluru Rural,Crimes Against Property,2024-06,2,2,24293,6,27,19,35,16,27.0,27.667,29.583,65,0.4154,27
2-2-2024-07,Bengaluru Rural,Crimes Against Property,2024-07,2,2,24294,7,27,27,19,21,24.333,27.833,30.5,78,0.3462,28
2-2-2024-08,Bengaluru Rural,Crimes Against Property,2024-08,2,2,24295,8,28,27,27,17,27.333,26.833,31.083,69,0.4058,24
2-2-2024-09,Bengaluru Rural,Crimes Against Property,2024-09,2,2,24296,9,24,28,27,23,26.333,26.667,31.667,65,0.3692,23
2-2-2024-10,Bengaluru Rural,Crimes Against Property,2024-10,2,2,24297,10,23,24,28,59,25.0,24.667,31.667,71,0.3239,48
2-2-2024-11,Bengaluru Rural,Crimes Against Property,2024-11,2,2,24298,11,48,23,24,53,31.667,29.5,30.75,79,0.6076,65
2-2-2024-12,Bengaluru Rural,Crimes Against Property,2024-12,2,2,24299,12,65,48,23,26,45.333,35.833,31.75,99,0.6566,32
2-2-2025-01,Bengaluru Rural,Crimes Against Property,2025-01,2,2,24300,1,32,65,48,34,48.333,36.667,32.25,78,0.4103,19
2-2-2025-02,Bengaluru Rural,Crimes Against Property,2025-02,2,2,24301,2,19,32,65,25,38.667,35.167,31.0,51,0.3725,22
2-2-2025-03,Bengaluru Rural,Crimes Against Property,2025-03,2,2,24302,3,22,19,32,35,24.333,34.833,30.75,62,0.3548,22
2-2-2025-04,Bengaluru Rural,Crimes Against Property,2025-04,2,2,24303,4,22,22,19,19,21.0,34.667,29.667,57,0.386,18
2-2-2025-05,Bengaluru Rural,Crimes Against Property,2025-05,2,2,24304,5,18,22,22,27,20.667,29.667,29.583,48,0.375,29
2-2-2025-06,Bengaluru Rural,Crimes Against Property,2025-06,2,2,24305,6,29,18,22,27,23.0,23.667,29.75,73,0.3973,21
2-2-2025-07,Bengaluru Rural,Crimes Against Property,2025-07,2,2,24306,7,21,29,18,28,22.667,21.833,29.25,59,0.3559,23
2-2-2025-08,Bengaluru Rural,Crimes Against Property,2025-08,2,2,24307,8,23,21,29,24,24.333,22.5,28.833,63,0.3651,30
2-2-2025-09,Bengaluru Rural,Crimes Against Property,2025-09,2,2,24308,9,30,23,21,23,24.667,23.833,29.333,64,0.4688,19
2-2-2025-10,Bengaluru Rural,Crimes Against Property,2025-10,2,2,24309,10,19,30,23,48,24.0,23.333,29.0,53,0.3585,49
2-2-2025-11,Bengaluru Rural,Crimes Against Property,2025-11,2,2,24310,11,49,19,30,65,32.667,28.5,29.083,91,0.5385,59
2-2-2025-12,Bengaluru Rural,Crimes Against Property,2025-12,2,2,24311,12,59,49,19,32,42.333,33.5,28.583,96,0.6146,23
2-2-2026-01,Bengaluru Rural,Crimes Against Property,2026-01,2,2,24312,1,23,59,49,19,43.667,33.833,27.833,56,0.4107,47
2-2-2026-02,Bengaluru Rural,Crimes Against Property,2026-02,2,2,24313,2,47,23,59,22,43.0,37.833,30.167,117,0.4017,42
2-2-2026-03,Bengaluru Rural,Crimes Against Property,2026-03,2,2,24314,3,42,47,23,22,37.333,39.833,31.833,104,0.4038,51
2-2-2026-04,Bengaluru Rural,Crimes Against Property,2026-04,2,2,24315,4,51,42,47,18,46.667,45.167,34.25,133,0.3835,47
2-2-2026-05,Bengaluru Rural,Crimes Against Property,2026-05,2,2,24316,5,47,51,42,29,46.667,44.833,36.667,126,0.373,53
2-2-2026-06,Bengaluru Rural,Crimes Against Property,2026-06,2,2,24317,6,53,47,51,21,50.333,43.833,38.667,137,0.3869,37
2-3-2024-02,Bengaluru Rural,Crimes Against Women,2024-02,2,3,24289,2,1,3,4,2,2.667,3.167,3.5,70,0.0143,3
2-3-2024-03,Bengaluru Rural,Crimes Against Women,2024-03,2,3,24290,3,3,1,3,8,2.333,3.333,3.583,64,0.0469,12
2-3-2024-04,Bengaluru Rural,Crimes Against Women,2024-04,2,3,24291,4,12,3,1,2,5.333,4.5,3.917,80,0.15,3
2-3-2024-05,Bengaluru Rural,Crimes Against Women,2024-05,2,3,24292,5,3,12,3,4,6.0,4.333,4.0,64,0.0469,4
2-3-2024-06,Bengaluru Rural,Crimes Against Women,2024-06,2,3,24293,6,4,3,12,4,6.333,4.333,4.0,65,0.0615,9
2-3-2024-07,Bengaluru Rural,Crimes Against Women,2024-07,2,3,24294,7,9,4,3,3,5.333,5.333,4.417,78,0.1154,6
2-3-2024-08,Bengaluru Rural,Crimes Against Women,2024-08,2,3,24295,8,6,9,4,2,6.333,6.167,4.667,69,0.087,6
2-3-2024-09,Bengaluru Rural,Crimes Against Women,2024-09,2,3,24296,9,6,6,9,5,7.0,6.667,5.0,65,0.0923,4
2-3-2024-10,Bengaluru Rural,Crimes Against Women,2024-10,2,3,24297,10,4,6,6,4,5.333,5.333,4.917,71,0.0563,7
2-3-2024-11,Bengaluru Rural,Crimes Against Women,2024-11,2,3,24298,11,7,4,6,4,5.667,6.0,5.167,79,0.0886,5
2-3-2024-12,Bengaluru Rural,Crimes Against Women,2024-12,2,3,24299,12,5,7,4,3,5.333,6.167,5.25,99,0.0505,3
2-3-2025-01,Bengaluru Rural,Crimes Against Women,2025-01,2,3,24300,1,3,5,7,1,5.0,5.167,5.25,78,0.0385,1
2-3-2025-02,Bengaluru Rural,Crimes Against Women,2025-02,2,3,24301,2,1,3,5,3,3.0,4.333,5.25,51,0.0196,7
2-3-2025-03,Bengaluru Rural,Crimes Against Women,2025-03,2,3,24302,3,7,1,3,12,3.667,4.5,5.583,62,0.1129,1
2-3-2025-04,Bengaluru Rural,Crimes Against Women,2025-04,2,3,24303,4,1,7,1,3,3.0,4.0,4.667,57,0.0175,3
2-3-2025-05,Bengaluru Rural,Crimes Against Women,2025-05,2,3,24304,5,3,1,7,4,3.667,3.333,4.667,48,0.0625,10
2-3-2025-06,Bengaluru Rural,Crimes Against Women,2025-06,2,3,24305,6,10,3,1,9,4.667,4.167,5.167,73,0.137,4
2-3-2025-07,Bengaluru Rural,Crimes Against Women,2025-07,2,3,24306,7,4,10,3,6,5.667,4.333,4.75,59,0.0678,10
2-3-2025-08,Bengaluru Rural,Crimes Against Women,2025-08,2,3,24307,8,10,4,10,6,8.0,5.833,5.083,63,0.1587,4
2-3-2025-09,Bengaluru Rural,Crimes Against Women,2025-09,2,3,24308,9,4,10,4,4,6.0,5.333,4.917,64,0.0625,7
2-3-2025-10,Bengaluru Rural,Crimes Against Women,2025-10,2,3,24309,10,7,4,10,7,7.0,6.333,5.167,53,0.1321,6
2-3-2025-11,Bengaluru Rural,Crimes Against Women,2025-11,2,3,24310,11,6,7,4,5,5.667,6.833,5.083,91,0.0659,4
2-3-2025-12,Bengaluru Rural,Crimes Against Women,2025-12,2,3,24311,12,4,6,7,3,5.667,5.833,5.0,96,0.0417,4
2-3-2026-01,Bengaluru Rural,Crimes Against Women,2026-01,2,3,24312,1,4,4,6,1,4.667,5.833,5.083,56,0.0714,7
2-3-2026-02,Bengaluru Rural,Crimes Against Women,2026-02,2,3,24313,2,7,4,4,7,5.0,5.333,5.583,117,0.0598,7
2-3-2026-03,Bengaluru Rural,Crimes Against Women,2026-03,2,3,24314,3,7,7,4,1,6.0,5.833,5.583,104,0.0673,12
2-3-2026-04,Bengaluru Rural,Crimes Against Women,2026-04,2,3,24315,4,12,7,7,3,8.667,6.667,6.5,133,0.0902,10
2-3-2026-05,Bengaluru Rural,Crimes Against Women,2026-05,2,3,24316,5,10,12,7,10,9.667,7.333,7.083,126,0.0794,7
2-3-2026-06,Bengaluru Rural,Crimes Against Women,2026-06,2,3,24317,6,7,10,12,4,9.667,7.833,6.833,137,0.0511,8
2-4-2024-02,Bengaluru Rural,Cyber Crime,2024-02,2,4,24289,2,15,10,8,13,11.0,11.833,11.0,70,0.2143,11
2-4-2024-03,Bengaluru Rural,Cyber Crime,2024-03,2,4,24290,3,11,15,10,5,12.0,11.667,10.833,64,0.1719,9
2-4-2024-04,Bengaluru Rural,Cyber Crime,2024-04,2,4,24291,4,9,11,15,10,11.667,11.167,11.167,80,0.1125,8
2-4-2024-05,Bengaluru Rural,Cyber Crime,2024-05,2,4,24292,5,8,9,11,5,9.333,10.167,11.0,64,0.125,12
2-4-2024-06,Bengaluru Rural,Cyber Crime,2024-06,2,4,24293,6,12,8,9,15,9.667,10.833,11.583,65,0.1846,9
2-4-2024-07,Bengaluru Rural,Cyber Crime,2024-07,2,4,24294,7,9,12,8,13,9.667,10.667,11.083,78,0.1154,11
2-4-2024-08,Bengaluru Rural,Cyber Crime,2024-08,2,4,24295,8,11,9,12,12,10.667,10.0,10.917,69,0.1594,10
2-4-2024-09,Bengaluru Rural,Cyber Crime,2024-09,2,4,24296,9,10,11,9,12,10.0,9.833,10.75,65,0.1538,14
2-4-2024-10,Bengaluru Rural,Cyber Crime,2024-10,2,4,24297,10,14,10,11,14,11.667,10.667,10.917,71,0.1972,10
2-4-2024-11,Bengaluru Rural,Cyber Crime,2024-11,2,4,24298,11,10,14,10,8,11.333,11.0,10.583,79,0.1266,10
2-4-2024-12,Bengaluru Rural,Cyber Crime,2024-12,2,4,24299,12,10,10,14,10,11.333,10.667,10.75,99,0.101,14
2-4-2025-01,Bengaluru Rural,Cyber Crime,2025-01,2,4,24300,1,14,10,10,15,11.333,11.5,11.083,78,0.1795,9
2-4-2025-02,Bengaluru Rural,Cyber Crime,2025-02,2,4,24301,2,9,14,10,11,11.0,11.167,10.583,51,0.1765,13
2-4-2025-03,Bengaluru Rural,Cyber Crime,2025-03,2,4,24302,3,13,9,14,9,12.0,11.667,10.75,62,0.2097,11
2-4-2025-04,Bengaluru Rural,Cyber Crime,2025-04,2,4,24303,4,11,13,9,8,11.0,11.167,10.917,57,0.193,6
2-4-2025-05,Bengaluru Rural,Cyber Crime,2025-05,2,4,24304,5,6,11,13,12,10.0,10.5,10.75,48,0.125,8
2-4-2025-06,Bengaluru Rural,Cyber Crime,2025-06,2,4,24305,6,8,6,11,9,8.333,10.167,10.417,73,0.1096,9
2-4-2025-07,Bengaluru Rural,Cyber Crime,2025-07,2,4,24306,7,9,8,6,11,7.667,9.333,10.417,59,0.1525,8
2-4-2025-08,Bengaluru Rural,Cyber Crime,2025-08,2,4,24307,8,8,9,8,10,8.333,9.167,10.167,63,0.127,10
2-4-2025-09,Bengaluru Rural,Cyber Crime,2025-09,2,4,24308,9,10,8,9,14,9.0,8.667,10.167,64,0.1562,8
2-4-2025-10,Bengaluru Rural,Cyber Crime,2025-10,2,4,24309,10,8,10,8,10,8.667,8.167,9.667,53,0.1509,16
2-4-2025-11,Bengaluru Rural,Cyber Crime,2025-11,2,4,24310,11,16,8,10,10,11.333,9.833,10.167,91,0.1758,10
2-4-2025-12,Bengaluru Rural,Cyber Crime,2025-12,2,4,24311,12,10,16,8,14,11.333,10.167,10.167,96,0.1042,10
2-4-2026-01,Bengaluru Rural,Cyber Crime,2026-01,2,4,24312,1,10,10,16,9,12.0,10.333,9.833,56,0.1786,19
2-4-2026-02,Bengaluru Rural,Cyber Crime,2026-02,2,4,24313,2,19,10,10,13,13.0,12.167,10.667,117,0.1624,19
2-4-2026-03,Bengaluru Rural,Cyber Crime,2026-03,2,4,24314,3,19,19,10,11,16.0,13.667,11.167,104,0.1827,22
2-4-2026-04,Bengaluru Rural,Cyber Crime,2026-04,2,4,24315,4,22,19,19,6,20.0,16.0,12.083,133,0.1654,23
2-4-2026-05,Bengaluru Rural,Cyber Crime,2026-05,2,4,24316,5,23,22,19,8,21.333,17.167,13.5,126,0.1825,21
2-4-2026-06,Bengaluru Rural,Cyber Crime,2026-06,2,4,24317,6,21,23,22,9,22.0,19.0,14.583,137,0.1533,18
2-5-2024-02,Bengaluru Rural,Economic Offences,2024-02,2,5,24289,2,4,6,3,4,4.333,3.667,4.417,70,0.0571,6
2-5-2024-03,Bengaluru Rural,Economic Offences,2024-03,2,5,24290,3,6,4,6,6,5.333,4.167,4.583,64,0.0938,7
2-5-2024-04,Bengaluru Rural,Economic Offences,2024-04,2,5,24291,4,7,6,4,3,5.667,5.0,4.667,80,0.0875,8
2-5-2024-05,Bengaluru Rural,Economic Offences,2024-05,2,5,24292,5,8,7,6,7,7.0,5.667,5.083,64,0.125,5
2-5-2024-06,Bengaluru Rural,Economic Offences,2024-06,2,5,24293,6,5,8,7,6,6.667,6.0,4.917,65,0.0769,6
2-5-2024-07,Bengaluru Rural,Economic Offences,2024-07,2,5,24294,7,6,5,8,5,6.333,6.0,4.917,78,0.0769,7
2-5-2024-08,Bengaluru Rural,Economic Offences,2024-08,2,5,24295,8,7,6,5,3,6.0,6.5,5.083,69,0.1014,4
2-5-2024-09,Bengaluru Rural,Economic Offences,2024-09,2,5,24296,9,4,7,6,2,5.667,6.167,5.167,65,0.0615,10
2-5-2024-10,Bengaluru Rural,Economic Offences,2024-10,2,5,24297,10,10,4,7,4,7.0,6.667,5.833,71,0.1408,2
2-5-2024-11,Bengaluru Rural,Economic Offences,2024-11,2,5,24298,11,2,10,4,3,5.333,5.667,5.667,79,0.0253,5
2-5-2024-12,Bengaluru Rural,Economic Offences,2024-12,2,5,24299,12,5,2,10,6,5.667,5.667,5.833,99,0.0505,5
2-5-2025-01,Bengaluru Rural,Economic Offences,2025-01,2,5,24300,1,5,5,2,4,4.0,5.5,5.75,78,0.0641,5
2-5-2025-02,Bengaluru Rural,Economic Offences,2025-02,2,5,24301,2,5,5,5,6,5.0,5.167,5.833,51,0.098,6
2-5-2025-03,Bengaluru Rural,Economic Offences,2025-03,2,5,24302,3,6,5,5,7,5.333,5.5,5.833,62,0.0968,6
2-5-2025-04,Bengaluru Rural,Economic Offences,2025-04,2,5,24303,4,6,6,5,8,5.667,4.833,5.75,57,0.1053,10
2-5-2025-05,Bengaluru Rural,Economic Offences,2025-05,2,5,24304,5,10,6,6,5,7.333,6.167,5.917,48,0.2083,1
2-5-2025-06,Bengaluru Rural,Economic Offences,2025-06,2,5,24305,6,1,10,6,6,5.667,5.5,5.583,73,0.0137,9
2-5-2025-07,Bengaluru Rural,Economic Offences,2025-07,2,5,24306,7,9,1,10,7,6.667,6.167,5.833,59,0.1525,5
2-5-2025-08,Bengaluru Rural,Economic Offences,2025-08,2,5,24307,8,5,9,1,4,5.0,6.167,5.667,63,0.0794,6
2-5-2025-09,Bengaluru Rural,Economic Offences,2025-09,2,5,24308,9,6,5,9,10,6.667,6.167,5.833,64,0.0938,6
2-5-2025-10,Bengaluru Rural,Economic Offences,2025-10,2,5,24309,10,6,6,5,2,5.667,6.167,5.5,53,0.1132,6
2-5-2025-11,Bengaluru Rural,Economic Offences,2025-11,2,5,24310,11,6,6,6,5,6.0,5.5,5.833,91,0.0659,3
2-5-2025-12,Bengaluru Rural,Economic Offences,2025-12,2,5,24311,12,3,6,6,5,5.0,5.833,5.667,96,0.0312,3
2-5-2026-01,Bengaluru Rural,Economic Offences,2026-01,2,5,24312,1,3,3,6,5,4.0,4.833,5.5,56,0.0536,12
2-5-2026-02,Bengaluru Rural,Economic Offences,2026-02,2,5,24313,2,12,3,3,6,6.0,6.0,6.083,117,0.1026,6
2-5-2026-03,Bengaluru Rural,Economic Offences,2026-03,2,5,24314,3,6,12,3,6,7.0,6.0,6.083,104,0.0577,14
2-5-2026-04,Bengaluru Rural,Economic Offences,2026-04,2,5,24315,4,14,6,12,10,10.667,7.333,6.75,133,0.1053,6
2-5-2026-05,Bengaluru Rural,Economic Offences,2026-05,2,5,24316,5,6,14,6,1,8.667,7.333,6.417,126,0.0476,8
2-5-2026-06,Bengaluru Rural,Economic Offences,2026-06,2,5,24317,6,8,6,14,9,9.333,8.167,7.0,137,0.0584,9
2-6-2024-02,Bengaluru Rural,NDPS,2024-02,2,6,24289,2,1,5,0,0,2.0,1.333,1.417,70,0.0143,1
2-6-2024-03,Bengaluru Rural,NDPS,2024-03,2,6,24290,3,1,1,5,2,2.333,1.167,1.5,64,0.0156,1
2-6-2024-04,Bengaluru Rural,NDPS,2024-04,2,6,24291,4,1,1,1,0,1.0,1.333,1.417,80,0.0125,1
2-6-2024-05,Bengaluru Rural,NDPS,2024-05,2,6,24292,5,1,1,1,4,1.0,1.5,1.5,64,0.0156,2
2-6-2024-06,Bengaluru Rural,NDPS,2024-06,2,6,24293,6,2,1,1,0,1.333,1.833,1.333,65,0.0308,2
2-6-2024-07,Bengaluru Rural,NDPS,2024-07,2,6,24294,7,2,2,1,3,1.667,1.333,1.5,78,0.0256,1
2-6-2024-08,Bengaluru Rural,NDPS,2024-08,2,6,24295,8,1,2,2,2,1.667,1.333,1.333,69,0.0145,2
2-6-2024-09,Bengaluru Rural,NDPS,2024-09,2,6,24296,9,2,1,2,0,1.667,1.5,1.333,65,0.0308,3
2-6-2024-10,Bengaluru Rural,NDPS,2024-10,2,6,24297,10,3,2,1,0,2.0,1.833,1.583,71,0.0423,1
2-6-2024-11,Bengaluru Rural,NDPS,2024-11,2,6,24298,11,1,3,2,0,2.0,1.833,1.667,79,0.0127,3
2-6-2024-12,Bengaluru Rural,NDPS,2024-12,2,6,24299,12,3,1,3,5,2.333,2.0,1.917,99,0.0303,2
2-6-2025-01,Bengaluru Rural,NDPS,2025-01,2,6,24300,1,2,3,1,1,2.0,2.0,1.667,78,0.0256,3
2-6-2025-02,Bengaluru Rural,NDPS,2025-02,2,6,24301,2,3,2,3,1,2.667,2.333,1.833,51,0.0588,2
2-6-2025-03,Bengaluru Rural,NDPS,2025-03,2,6,24302,3,2,3,2,1,2.333,2.333,1.917,62,0.0323,1
2-6-2025-04,Bengaluru Rural,NDPS,2025-04,2,6,24303,4,1,2,3,1,2.0,2.0,1.917,57,0.0175,1
2-6-2025-05,Bengaluru Rural,NDPS,2025-05,2,6,24304,5,1,1,2,2,1.333,2.0,1.917,48,0.0208,4
2-6-2025-06,Bengaluru Rural,NDPS,2025-06,2,6,24305,6,4,1,1,2,2.0,2.167,2.083,73,0.0548,1
2-6-2025-07,Bengaluru Rural,NDPS,2025-07,2,6,24306,7,1,4,1,1,2.0,2.0,2.0,59,0.0169,2
2-6-2025-08,Bengaluru Rural,NDPS,2025-08,2,6,24307,8,2,1,4,2,2.333,1.833,2.083,63,0.0317,1
2-6-2025-09,Bengaluru Rural,NDPS,2025-09,2,6,24308,9,1,2,1,3,1.333,1.667,2.0,64,0.0156,1
2-6-2025-10,Bengaluru Rural,NDPS,2025-10,2,6,24309,10,1,1,2,1,1.333,1.667,1.833,53,0.0189,1
2-6-2025-11,Bengaluru Rural,NDPS,2025-11,2,6,24310,11,1,1,1,3,1.0,1.667,1.833,91,0.011,3
2-6-2025-12,Bengaluru Rural,NDPS,2025-12,2,6,24311,12,3,1,1,2,1.667,1.5,1.833,96,0.0312,1
2-6-2026-01,Bengaluru Rural,NDPS,2026-01,2,6,24312,1,1,3,1,3,1.667,1.5,1.75,56,0.0179,1
2-6-2026-02,Bengaluru Rural,NDPS,2026-02,2,6,24313,2,1,1,3,2,1.667,1.333,1.583,117,0.0085,3
2-6-2026-03,Bengaluru Rural,NDPS,2026-03,2,6,24314,3,3,1,1,1,1.667,1.667,1.667,104,0.0288,5
2-6-2026-04,Bengaluru Rural,NDPS,2026-04,2,6,24315,4,5,3,1,1,3.0,2.333,2.0,133,0.0376,8
2-6-2026-05,Bengaluru Rural,NDPS,2026-05,2,6,24316,5,8,5,3,4,5.333,3.5,2.583,126,0.0635,5
2-6-2026-06,Bengaluru Rural,NDPS,2026-06,2,6,24317,6,5,8,5,1,6.0,3.833,2.667,137,0.0365,6
2-7-2024-02,Bengaluru Rural,Missing / UDR,2024-02,2,7,24289,2,3,1,2,5,2.0,3.167,3.0,70,0.0429,1
2-7-2024-03,Bengaluru Rural,Missing / UDR,2024-03,2,7,24290,3,1,3,1,2,1.667,3.0,2.667,64,0.0156,4
2-7-2024-04,Bengaluru Rural,Missing / UDR,2024-04,2,7,24291,4,4,1,3,4,2.667,3.0,2.833,80,0.05,2
2-7-2024-05,Bengaluru Rural,Missing / UDR,2024-05,2,7,24292,5,2,4,1,2,2.333,2.167,2.667,64,0.0312,2
2-7-2024-06,Bengaluru Rural,Missing / UDR,2024-06,2,7,24293,6,2,2,4,1,2.667,2.167,2.667,65,0.0308,9
2-7-2024-07,Bengaluru Rural,Missing / UDR,2024-07,2,7,24294,7,9,2,2,3,4.333,3.5,3.333,78,0.1154,2
2-7-2024-08,Bengaluru Rural,Missing / UDR,2024-08,2,7,24295,8,2,9,2,2,4.333,3.333,3.25,69,0.029,5
2-7-2024-09,Bengaluru Rural,Missing / UDR,2024-09,2,7,24296,9,5,2,9,4,5.333,4.0,3.5,65,0.0769,8
2-7-2024-10,Bengaluru Rural,Missing / UDR,2024-10,2,7,24297,10,8,5,2,7,5.0,4.667,3.833,71,0.1127,2
2-7-2024-11,Bengaluru Rural,Missing / UDR,2024-11,2,7,24298,11,2,8,5,2,5.0,4.667,3.417,79,0.0253,3
2-7-2024-12,Bengaluru Rural,Missing / UDR,2024-12,2,7,24299,12,3,2,8,1,4.333,4.833,3.5,99,0.0303,4
2-7-2025-01,Bengaluru Rural,Missing / UDR,2025-01,2,7,24300,1,4,3,2,3,3.0,4.0,3.75,78,0.0513,4
2-7-2025-02,Bengaluru Rural,Missing / UDR,2025-02,2,7,24301,2,4,4,3,1,3.667,4.333,3.833,51,0.0784,2
2-7-2025-03,Bengaluru Rural,Missing / UDR,2025-03,2,7,24302,3,2,4,4,4,3.333,3.833,3.917,62,0.0323,5
2-7-2025-04,Bengaluru Rural,Missing / UDR,2025-04,2,7,24303,4,5,2,4,2,3.667,3.333,4.0,57,0.0877,1
2-7-2025-05,Bengaluru Rural,Missing / UDR,2025-05,2,7,24304,5,1,5,2,2,2.667,3.167,3.917,48,0.0208,8
2-7-2025-06,Bengaluru Rural,Missing / UDR,2025-06,2,7,24305,6,8,1,5,9,4.667,4.0,4.417,73,0.1096,2
2-7-2025-07,Bengaluru Rural,Missing / UDR,2025-07,2,7,24306,7,2,8,1,2,3.667,3.667,3.833,59,0.0339,6
2-7-2025-08,Bengaluru Rural,Missing / UDR,2025-08,2,7,24307,8,6,2,8,5,5.333,4.0,4.167,63,0.0952,3
2-7-2025-09,Bengaluru Rural,Missing / UDR,2025-09,2,7,24308,9,3,6,2,8,3.667,4.167,4.0,64,0.0469,5
2-7-2025-10,Bengaluru Rural,Missing / UDR,2025-10,2,7,24309,10,5,3,6,2,4.667,4.167,3.75,53,0.0943,3
2-7-2025-11,Bengaluru Rural,Missing / UDR,2025-11,2,7,24310,11,3,5,3,3,3.667,4.5,3.833,91,0.033,4
2-7-2025-12,Bengaluru Rural,Missing / UDR,2025-12,2,7,24311,12,4,3,5,4,4.0,3.833,3.917,96,0.0417,5
2-7-2026-01,Bengaluru Rural,Missing / UDR,2026-01,2,7,24312,1,5,4,3,4,4.0,4.333,4.0,56,0.0893,7
2-7-2026-02,Bengaluru Rural,Missing / UDR,2026-02,2,7,24313,2,7,5,4,2,5.333,4.5,4.25,117,0.0598,10
2-7-2026-03,Bengaluru Rural,Missing / UDR,2026-03,2,7,24314,3,10,7,5,5,7.333,5.667,4.917,104,0.0962,8
2-7-2026-04,Bengaluru Rural,Missing / UDR,2026-04,2,7,24315,4,8,10,7,1,8.333,6.167,5.167,133,0.0602,6
2-7-2026-05,Bengaluru Rural,Missing / UDR,2026-05,2,7,24316,5,6,8,10,8,8.0,6.667,5.583,126,0.0476,8
2-7-2026-06,Bengaluru Rural,Missing / UDR,2026-06,2,7,24317,6,8,6,8,2,7.333,7.333,5.583,137,0.0584,4
2-8-2024-02,Bengaluru Rural,Traffic / PAR,2024-02,2,8,24289,2,4,9,5,2,6.0,4.333,4.583,70,0.0571,5
2-8-2024-03,Bengaluru Rural,Traffic / PAR,2024-03,2,8,24290,3,5,4,9,7,6.0,4.5,4.833,64,0.0781,3
2-8-2024-04,Bengaluru Rural,Traffic / PAR,2024-04,2,8,24291,4,3,5,4,4,4.0,4.833,4.5,80,0.0375,5
2-8-2024-05,Bengaluru Rural,Traffic / PAR,2024-05,2,8,24292,5,5,3,5,6,4.333,5.167,4.583,64,0.0781,6
2-8-2024-06,Bengaluru Rural,Traffic / PAR,2024-06,2,8,24293,6,6,5,3,4,4.667,5.333,4.583,65,0.0923,6
2-8-2024-07,Bengaluru Rural,Traffic / PAR,2024-07,2,8,24294,7,6,6,5,6,5.667,4.833,4.75,78,0.0769,3
2-8-2024-08,Bengaluru Rural,Traffic / PAR,2024-08,2,8,24295,8,3,6,6,4,5.0,4.667,4.5,69,0.0435,3
2-8-2024-09,Bengaluru Rural,Traffic / PAR,2024-09,2,8,24296,9,3,3,6,1,4.0,4.333,4.417,65,0.0462,3
2-8-2024-10,Bengaluru Rural,Traffic / PAR,2024-10,2,8,24297,10,3,3,3,3,3.0,4.333,4.583,71,0.0423,4
2-8-2024-11,Bengaluru Rural,Traffic / PAR,2024-11,2,8,24298,11,4,3,3,5,3.333,4.167,4.667,79,0.0506,1
2-8-2024-12,Bengaluru Rural,Traffic / PAR,2024-12,2,8,24299,12,1,4,3,9,2.667,3.333,4.333,99,0.0101,5
2-8-2025-01,Bengaluru Rural,Traffic / PAR,2025-01,2,8,24300,1,5,1,4,4,3.333,3.167,4.0,78,0.0641,3
2-8-2025-02,Bengaluru Rural,Traffic / PAR,2025-02,2,8,24301,2,3,5,1,5,3.0,3.167,3.917,51,0.0588,1
2-8-2025-03,Bengaluru Rural,Traffic / PAR,2025-03,2,8,24302,3,1,3,5,3,3.0,2.833,3.583,62,0.0161,1
2-8-2025-04,Bengaluru Rural,Traffic / PAR,2025-04,2,8,24303,4,1,1,3,5,1.667,2.5,3.417,57,0.0175,3
2-8-2025-05,Bengaluru Rural,Traffic / PAR,2025-05,2,8,24304,5,3,1,1,6,1.667,2.333,3.25,48,0.0625,3
2-8-2025-06,Bengaluru Rural,Traffic / PAR,2025-06,2,8,24305,6,3,3,1,6,2.333,2.667,3.0,73,0.0411,2
2-8-2025-07,Bengaluru Rural,Traffic / PAR,2025-07,2,8,24306,7,2,3,3,3,2.667,2.167,2.667,59,0.0339,2
2-8-2025-08,Bengaluru Rural,Traffic / PAR,2025-08,2,8,24307,8,2,2,3,3,2.333,2.0,2.583,63,0.0317,4
2-8-2025-09,Bengaluru Rural,Traffic / PAR,2025-09,2,8,24308,9,4,2,2,3,2.667,2.5,2.667,64,0.0625,4
2-8-2025-10,Bengaluru Rural,Traffic / PAR,2025-10,2,8,24309,10,4,4,2,4,3.333,3.0,2.75,53,0.0755,3
2-8-2025-11,Bengaluru Rural,Traffic / PAR,2025-11,2,8,24310,11,3,4,4,1,3.667,3.0,2.667,91,0.033,8
2-8-2025-12,Bengaluru Rural,Traffic / PAR,2025-12,2,8,24311,12,8,3,4,5,5.0,3.833,3.25,96,0.0833,2
2-8-2026-01,Bengaluru Rural,Traffic / PAR,2026-01,2,8,24312,1,2,8,3,3,4.333,3.833,3.0,56,0.0357,7
2-8-2026-02,Bengaluru Rural,Traffic / PAR,2026-02,2,8,24313,2,7,2,8,1,5.667,4.667,3.333,117,0.0598,5
2-8-2026-03,Bengaluru Rural,Traffic / PAR,2026-03,2,8,24314,3,5,7,2,1,4.667,4.833,3.667,104,0.0481,4
2-8-2026-04,Bengaluru Rural,Traffic / PAR,2026-04,2,8,24315,4,4,5,7,3,5.333,4.833,3.917,133,0.0301,7
2-8-2026-05,Bengaluru Rural,Traffic / PAR,2026-05,2,8,24316,5,7,4,5,3,5.333,5.5,4.25,126,0.0556,11
2-8-2026-06,Bengaluru Rural,Traffic / PAR,2026-06,2,8,24317,6,11,7,4,2,7.333,6.0,4.917,137,0.0803,4
20-1-2024-02,Koppal,Crimes Against Body,2024-02,20,1,24289,2,0,2,0,0,0.667,0.667,1.25,15,0.0,1
20-1-2024-03,Koppal,Crimes Against Body,2024-03,20,1,24290,3,1,0,2,3,1.0,0.667,1.333,10,0.1,2
20-1-2024-04,Koppal,Crimes Against Body,2024-04,20,1,24291,4,2,1,0,2,1.0,0.833,1.25,11,0.1818,3
20-1-2024-05,Koppal,Crimes Against Body,2024-05,20,1,24292,5,3,2,1,1,2.0,1.333,1.333,13,0.2308,2
20-1-2024-06,Koppal,Crimes Against Body,2024-06,20,1,24293,6,2,3,2,2,2.333,1.667,1.417,9,0.2222,0
20-1-2024-07,Koppal,Crimes Against Body,2024-07,20,1,24294,7,0,2,3,3,1.667,1.333,1.25,13,0.0,0
20-1-2024-08,Koppal,Crimes Against Body,2024-08,20,1,24295,8,0,0,2,1,0.667,1.333,1.0,7,0.0,3
20-1-2024-09,Koppal,Crimes Against Body,2024-09,20,1,24296,9,3,0,0,1,1.0,1.667,1.167,11,0.2727,0
20-1-2024-10,Koppal,Crimes Against Body,2024-10,20,1,24297,10,0,3,0,0,1.0,1.333,1.083,6,0.0,0
20-1-2024-11,Koppal,Crimes Against Body,2024-11,20,1,24298,11,0,0,3,0,1.0,0.833,1.083,11,0.0,1
20-1-2024-12,Koppal,Crimes Against Body,2024-12,20,1,24299,12,1,0,0,2,0.333,0.667,1.167,16,0.0625,1
20-1-2025-01,Koppal,Crimes Against Body,2025-01,20,1,24300,1,1,1,0,0,0.667,0.833,1.083,12,0.0833,1
20-1-2025-02,Koppal,Crimes Against Body,2025-02,20,1,24301,2,1,1,1,1,1.0,1.0,1.167,17,0.0588,1
20-1-2025-03,Koppal,Crimes Against Body,2025-03,20,1,24302,3,1,1,1,2,1.0,0.667,1.167,11,0.0909,2
20-1-2025-04,Koppal,Crimes Against Body,2025-04,20,1,24303,4,2,1,1,3,1.333,1.0,1.167,6,0.3333,2
20-1-2025-05,Koppal,Crimes Against Body,2025-05,20,1,24304,5,2,2,1,2,1.667,1.333,1.083,17,0.1176,0
20-1-2025-06,Koppal,Crimes Against Body,2025-06,20,1,24305,6,0,2,2,0,1.333,1.167,0.917,14,0.0,2
20-1-2025-07,Koppal,Crimes Against Body,2025-07,20,1,24306,7,2,0,2,0,1.333,1.333,1.083,18,0.1111,1
20-1-2025-08,Koppal,Crimes Against Body,2025-08,20,1,24307,8,1,2,0,3,1.0,1.333,1.167,11,0.0909,3
20-1-2025-09,Koppal,Crimes Against Body,2025-09,20,1,24308,9,3,1,2,0,2.0,1.667,1.167,16,0.1875,1
20-1-2025-10,Koppal,Crimes Against Body,2025-10,20,1,24309,10,1,3,1,0,1.667,1.5,1.25,11,0.0909,2
20-1-2025-11,Koppal,Crimes Against Body,2025-11,20,1,24310,11,2,1,3,1,2.0,1.5,1.417,19,0.1053,2
20-1-2025-12,Koppal,Crimes Against Body,2025-12,20,1,24311,12,2,2,1,1,1.667,1.833,1.5,25,0.08,2
20-1-2026-01,Koppal,Crimes Against Body,2026-01,20,1,24312,1,2,2,2,1,2.0,1.833,1.583,15,0.1333,2
20-1-2026-02,Koppal,Crimes Against Body,2026-02,20,1,24313,2,2,2,2,1,2.0,2.0,1.667,24,0.0833,5
20-1-2026-03,Koppal,Crimes Against Body,2026-03,20,1,24314,3,5,2,2,2,3.0,2.333,2.0,21,0.2381,6
20-1-2026-04,Koppal,Crimes Against Body,2026-04,20,1,24315,4,6,5,2,2,4.333,3.167,2.333,27,0.2222,7
20-1-2026-05,Koppal,Crimes Against Body,2026-05,20,1,24316,5,7,6,5,0,6.0,4.0,2.75,28,0.25,4
20-1-2026-06,Koppal,Crimes Against Body,2026-06,20,1,24317,6,4,7,6,2,5.667,4.333,3.083,31,0.129,6
20-2-2024-02,Koppal,Crimes Against Property,2024-02,20,2,24289,2,6,5,16,2,9.0,8.5,6.083,15,0.4,4
20-2-2024-03,Koppal,Crimes Against Property,2024-03,20,2,24290,3,4,6,5,3,5.0,8.167,6.25,10,0.4,2
20-2-2024-04,Koppal,Crimes Against Property,2024-04,20,2,24291,4,2,4,6,4,4.0,7.667,6.167,11,0.1818,4
20-2-2024-05,Koppal,Crimes Against Property,2024-05,20,2,24292,5,4,2,4,5,3.333,6.167,6.167,13,0.3077,3
20-2-2024-06,Koppal,Crimes Against Property,2024-06,20,2,24293,6,3,4,2,6,3.0,4.0,6.0,9,0.3333,5
20-2-2024-07,Koppal,Crimes Against Property,2024-07,20,2,24294,7,5,3,4,2,4.0,4.0,5.917,13,0.3846,3
20-2-2024-08,Koppal,Crimes Against Property,2024-08,20,2,24295,8,3,5,3,6,3.667,3.5,6.0,7,0.4286,3
20-2-2024-09,Koppal,Crimes Against Property,2024-09,20,2,24296,9,3,3,5,5,3.667,3.333,5.75,11,0.2727,3
20-2-2024-10,Koppal,Crimes Against Property,2024-10,20,2,24297,10,3,3,3,13,3.0,3.5,5.583,6,0.5,6
20-2-2024-11,Koppal,Crimes Against Property,2024-11,20,2,24298,11,6,3,3,16,4.0,3.833,5.0,11,0.5455,8
20-2-2024-12,Koppal,Crimes Against Property,2024-12,20,2,24299,12,8,6,3,5,5.667,4.667,4.333,16,0.5,4
20-2-2025-01,Koppal,Crimes Against Property,2025-01,20,2,24300,1,4,8,6,6,6.0,4.5,4.25,12,0.3333,8
20-2-2025-02,Koppal,Crimes Against Property,2025-02,20,2,24301,2,8,4,8,4,6.667,5.333,4.417,17,0.4706,6
20-2-2025-03,Koppal,Crimes Against Property,2025-03,20,2,24302,3,6,8,4,2,6.0,5.833,4.583,11,0.5455,3
20-2-2025-04,Koppal,Crimes Against Property,2025-04,20,2,24303,4,3,6,8,4,5.667,5.833,4.667,6,0.5,8
20-2-2025-05,Koppal,Crimes Against Property,2025-05,20,2,24304,5,8,3,6,3,5.667,6.167,5.0,17,0.4706,6
20-2-2025-06,Koppal,Crimes Against Property,2025-06,20,2,24305,6,6,8,3,5,5.667,5.833,5.25,14,0.4286,6
20-2-2025-07,Koppal,Crimes Against Property,2025-07,20,2,24306,7,6,6,8,3,6.667,6.167,5.333,18,0.3333,3
20-2-2025-08,Koppal,Crimes Against Property,2025-08,20,2,24307,8,3,6,6,3,5.0,5.333,5.333,11,0.2727,4
20-2-2025-09,Koppal,Crimes Against Property,2025-09,20,2,24308,9,4,3,6,3,4.333,5.0,5.417,16,0.25,4
20-2-2025-10,Koppal,Crimes Against Property,2025-10,20,2,24309,10,4,4,3,6,3.667,5.167,5.5,11,0.3636,15
20-2-2025-11,Koppal,Crimes Against Property,2025-11,20,2,24310,11,15,4,4,8,7.667,6.333,6.25,19,0.7895,18
20-2-2025-12,Koppal,Crimes Against Property,2025-12,20,2,24311,12,18,15,4,4,12.333,8.333,7.083,25,0.72,5
20-2-2026-01,Koppal,Crimes Against Property,2026-01,20,2,24312,1,5,18,15,8,12.667,8.167,7.167,15,0.3333,8
20-2-2026-02,Koppal,Crimes Against Property,2026-02,20,2,24313,2,8,5,18,6,10.333,9.0,7.167,24,0.3333,7
20-2-2026-03,Koppal,Crimes Against Property,2026-03,20,2,24314,3,7,8,5,3,6.667,9.5,7.25,21,0.3333,8
20-2-2026-04,Koppal,Crimes Against Property,2026-04,20,2,24315,4,8,7,8,8,7.667,10.167,7.667,27,0.2963,8
20-2-2026-05,Koppal,Crimes Against Property,2026-05,20,2,24316,5,8,8,7,6,7.667,9.0,7.667,28,0.2857,15
20-2-2026-06,Koppal,Crimes Against Property,2026-06,20,2,24317,6,15,8,8,6,10.333,8.5,8.417,31,0.4839,5
20-3-2024-02,Koppal,Crimes Against Women,2024-02,20,3,24289,2,1,2,1,0,1.333,1.0,0.75,15,0.0667,1
20-3-2024-03,Koppal,Crimes Against Women,2024-03,20,3,24290,3,1,1,2,0,1.333,1.0,0.833,10,0.1,0
20-3-2024-04,Koppal,Crimes Against Women,2024-04,20,3,24291,4,0,1,1,2,0.667,1.0,0.833,11,0.0,0
20-3-2024-05,Koppal,Crimes Against Women,2024-05,20,3,24292,5,0,0,1,0,0.333,0.833,0.667,13,0.0,2
20-3-2024-06,Koppal,Crimes Against Women,2024-06,20,3,24293,6,2,0,0,1,0.667,1.0,0.833,9,0.2222,1
20-3-2024-07,Koppal,Crimes Against Women,2024-07,20,3,24294,7,1,2,0,0,1.0,0.833,0.833,13,0.0769,0
20-3-2024-08,Koppal,Crimes Against Women,2024-08,20,3,24295,8,0,1,2,1,1.0,0.667,0.833,7,0.0,1
20-3-2024-09,Koppal,Crimes Against Women,2024-09,20,3,24296,9,1,0,1,0,0.667,0.667,0.833,11,0.0909,0
20-3-2024-10,Koppal,Crimes Against Women,2024-10,20,3,24297,10,0,1,0,1,0.333,0.667,0.833,6,0.0,0
20-3-2024-11,Koppal,Crimes Against Women,2024-11,20,3,24298,11,0,0,1,1,0.333,0.667,0.75,11,0.0,2
20-3-2024-12,Koppal,Crimes Against Women,2024-12,20,3,24299,12,2,0,0,2,0.667,0.667,0.833,16,0.125,1
20-3-2025-01,Koppal,Crimes Against Women,2025-01,20,3,24300,1,1,2,0,1,1.0,0.667,0.75,12,0.0833,1
20-3-2025-02,Koppal,Crimes Against Women,2025-02,20,3,24301,2,1,1,2,1,1.333,0.833,0.75,17,0.0588,2
20-3-2025-03,Koppal,Crimes Against Women,2025-03,20,3,24302,3,2,1,1,0,1.333,1.0,0.833,11,0.1818,1
20-3-2025-04,Koppal,Crimes Against Women,2025-04,20,3,24303,4,1,2,1,0,1.333,1.167,0.917,6,0.1667,1
20-3-2025-05,Koppal,Crimes Against Women,2025-05,20,3,24304,5,1,1,2,2,1.333,1.333,1.0,17,0.0588,2
20-3-2025-06,Koppal,Crimes Against Women,2025-06,20,3,24305,6,2,1,1,1,1.333,1.333,1.0,14,0.1429,1
20-3-2025-07,Koppal,Crimes Against Women,2025-07,20,3,24306,7,1,2,1,0,1.333,1.333,1.0,18,0.0556,2
20-3-2025-08,Koppal,Crimes Against Women,2025-08,20,3,24307,8,2,1,2,1,1.667,1.5,1.167,11,0.1818,1
20-3-2025-09,Koppal,Crimes Against Women,2025-09,20,3,24308,9,1,2,1,0,1.333,1.333,1.167,16,0.0625,0
20-3-2025-10,Koppal,Crimes Against Women,2025-10,20,3,24309,10,0,1,2,0,1.0,1.167,1.167,11,0.0,0
20-3-2025-11,Koppal,Crimes Against Women,2025-11,20,3,24310,11,0,0,1,2,0.333,1.0,1.167,19,0.0,0
20-3-2025-12,Koppal,Crimes Against Women,2025-12,20,3,24311,12,0,0,0,1,0.0,0.667,1.0,25,0.0,2
20-3-2026-01,Koppal,Crimes Against Women,2026-01,20,3,24312,1,2,0,0,1,0.667,0.833,1.083,15,0.1333,1
20-3-2026-02,Koppal,Crimes Against Women,2026-02,20,3,24313,2,1,2,0,2,1.0,0.667,1.083,24,0.0417,0
20-3-2026-03,Koppal,Crimes Against Women,2026-03,20,3,24314,3,0,1,2,1,1.0,0.5,0.917,21,0.0,2
20-3-2026-04,Koppal,Crimes Against Women,2026-04,20,3,24315,4,2,0,1,1,1.0,0.833,1.0,27,0.0741,2
20-3-2026-05,Koppal,Crimes Against Women,2026-05,20,3,24316,5,2,2,0,2,1.333,1.167,1.083,28,0.0714,1
20-3-2026-06,Koppal,Crimes Against Women,2026-06,20,3,24317,6,1,2,2,1,1.667,1.333,1.0,31,0.0323,4
20-4-2024-02,Koppal,Cyber Crime,2024-02,20,4,24289,2,2,1,2,3,1.667,2.167,1.833,15,0.1333,4
20-4-2024-03,Koppal,Cyber Crime,2024-03,20,4,24290,3,4,2,1,0,2.333,2.667,1.917,10,0.4,4
20-4-2024-04,Koppal,Cyber Crime,2024-04,20,4,24291,4,4,4,2,2,3.333,2.5,2.25,11,0.3636,2
20-4-2024-05,Koppal,Cyber Crime,2024-05,20,4,24292,5,2,4,4,2,3.333,2.5,2.25,13,0.1538,1
20-4-2024-06,Koppal,Cyber Crime,2024-06,20,4,24293,6,1,2,4,0,2.333,2.333,2.167,9,0.1111,3
20-4-2024-07,Koppal,Cyber Crime,2024-07,20,4,24294,7,3,1,2,2,2.0,2.667,2.417,13,0.2308,0
20-4-2024-08,Koppal,Cyber Crime,2024-08,20,4,24295,8,0,3,1,1,1.333,2.333,2.25,7,0.0,3
20-4-2024-09,Koppal,Cyber Crime,2024-09,20,4,24296,9,3,0,3,5,2.0,2.167,2.417,11,0.2727,2
20-4-2024-10,Koppal,Cyber Crime,2024-10,20,4,24297,10,2,3,0,2,1.667,1.833,2.167,6,0.3333,3
20-4-2024-11,Koppal,Cyber Crime,2024-11,20,4,24298,11,3,2,3,2,2.667,2.0,2.25,11,0.2727,5
20-4-2024-12,Koppal,Cyber Crime,2024-12,20,4,24299,12,5,3,2,1,3.333,2.667,2.5,16,0.3125,4
20-4-2025-01,Koppal,Cyber Crime,2025-01,20,4,24300,1,4,5,3,2,4.0,2.833,2.75,12,0.3333,3
20-4-2025-02,Koppal,Cyber Crime,2025-02,20,4,24301,2,3,4,5,4,4.0,3.333,2.833,17,0.1765,1
20-4-2025-03,Koppal,Cyber Crime,2025-03,20,4,24302,3,1,3,4,4,2.667,3.0,2.583,11,0.0909,0
20-4-2025-04,Koppal,Cyber Crime,2025-04,20,4,24303,4,0,1,3,2,1.333,2.667,2.25,6,0.0,5
20-4-2025-05,Koppal,Cyber Crime,2025-05,20,4,24304,5,5,0,1,1,2.0,3.0,2.5,17,0.2941,4
20-4-2025-06,Koppal,Cyber Crime,2025-06,20,4,24305,6,4,5,0,3,3.0,2.833,2.75,14,0.2857,7
20-4-2025-07,Koppal,Cyber Crime,2025-07,20,4,24306,7,7,4,5,0,5.333,3.333,3.083,18,0.3889,1
20-4-2025-08,Koppal,Cyber Crime,2025-08,20,4,24307,8,1,7,4,3,4.0,3.0,3.167,11,0.0909,7
20-4-2025-09,Koppal,Cyber Crime,2025-09,20,4,24308,9,7,1,7,2,5.0,4.0,3.5,16,0.4375,3
20-4-2025-10,Koppal,Cyber Crime,2025-10,20,4,24309,10,3,7,1,3,3.667,4.5,3.583,11,0.2727,1
20-4-2025-11,Koppal,Cyber Crime,2025-11,20,4,24310,11,1,3,7,5,3.667,3.833,3.417,19,0.0526,2
20-4-2025-12,Koppal,Cyber Crime,2025-12,20,4,24311,12,2,1,3,4,2.0,3.5,3.167,25,0.08,2
20-4-2026-01,Koppal,Cyber Crime,2026-01,20,4,24312,1,2,2,1,3,1.667,2.667,3.0,15,0.1333,9
20-4-2026-02,Koppal,Cyber Crime,2026-02,20,4,24313,2,9,2,2,1,4.333,4.0,3.5,24,0.375,6
20-4-2026-03,Koppal,Cyber Crime,2026-03,20,4,24314,3,6,9,2,0,5.667,3.833,3.917,21,0.2857,5
20-4-2026-04,Koppal,Cyber Crime,2026-04,20,4,24315,4,5,6,9,5,6.667,4.167,4.333,27,0.1852,4
20-4-2026-05,Koppal,Cyber Crime,2026-05,20,4,24316,5,4,5,6,4,5.0,4.667,4.25,28,0.1429,5
20-4-2026-06,Koppal,Cyber Crime,2026-06,20,4,24317,6,5,4,5,7,4.667,5.167,4.333,31,0.1613,5
20-5-2024-02,Koppal,Economic Offences,2024-02,20,5,24289,2,2,2,1,2,1.667,1.5,1.25,15,0.1333,0
20-5-2024-03,Koppal,Economic Offences,2024-03,20,5,24290,3,0,2,2,1,1.333,1.5,1.083,10,0.0,2
20-5-2024-04,Koppal,Economic Offences,2024-04,20,5,24291,4,2,0,2,0,1.333,1.333,1.167,11,0.1818,1
20-5-2024-05,Koppal,Economic Offences,2024-05,20,5,24292,5,1,2,0,1,1.0,1.333,1.25,13,0.0769,0
20-5-2024-06,Koppal,Economic Offences,2024-06,20,5,24293,6,0,1,2,1,1.0,1.167,1.167,9,0.0,3
20-5-2024-07,Koppal,Economic Offences,2024-07,20,5,24294,7,3,0,1,1,1.333,1.333,1.333,13,0.2308,1
20-5-2024-08,Koppal,Economic Offences,2024-08,20,5,24295,8,1,3,0,0,1.333,1.167,1.333,7,0.1429,1
20-5-2024-09,Koppal,Economic Offences,2024-09,20,5,24296,9,1,1,3,3,1.667,1.333,1.417,11,0.0909,0
20-5-2024-10,Koppal,Economic Offences,2024-10,20,5,24297,10,0,1,1,1,0.667,1.0,1.167,6,0.0,0
20-5-2024-11,Koppal,Economic Offences,2024-11,20,5,24298,11,0,0,1,1,0.333,0.833,1.083,11,0.0,0
20-5-2024-12,Koppal,Economic Offences,2024-12,20,5,24299,12,0,0,0,2,0.0,0.833,1.0,16,0.0,2
20-5-2025-01,Koppal,Economic Offences,2025-01,20,5,24300,1,2,0,0,2,0.667,0.667,1.0,12,0.1667,1
20-5-2025-02,Koppal,Economic Offences,2025-02,20,5,24301,2,1,2,0,0,1.0,0.667,0.917,17,0.0588,0
20-5-2025-03,Koppal,Economic Offences,2025-03,20,5,24302,3,0,1,2,2,1.0,0.5,0.917,11,0.0,0
20-5-2025-04,Koppal,Economic Offences,2025-04,20,5,24303,4,0,0,1,1,0.333,0.5,0.75,6,0.0,1
20-5-2025-05,Koppal,Economic Offences,2025-05,20,5,24304,5,1,0,0,0,0.333,0.667,0.75,17,0.0588,0
20-5-2025-06,Koppal,Economic Offences,2025-06,20,5,24305,6,0,1,0,3,0.333,0.667,0.75,14,0.0,2
20-5-2025-07,Koppal,Economic Offences,2025-07,20,5,24306,7,2,0,1,1,1.0,0.667,0.667,18,0.1111,2
20-5-2025-08,Koppal,Economic Offences,2025-08,20,5,24307,8,2,2,0,1,1.333,0.833,0.75,11,0.1818,0
20-5-2025-09,Koppal,Economic Offences,2025-09,20,5,24308,9,0,2,2,0,1.333,0.833,0.667,16,0.0,1
20-5-2025-10,Koppal,Economic Offences,2025-10,20,5,24309,10,1,0,2,0,1.0,1.0,0.75,11,0.0909,1
20-5-2025-11,Koppal,Economic Offences,2025-11,20,5,24310,11,1,1,0,0,0.667,1.0,0.833,19,0.0526,2
20-5-2025-12,Koppal,Economic Offences,2025-12,20,5,24311,12,2,1,1,2,1.333,1.333,1.0,25,0.08,2
20-5-2026-01,Koppal,Economic Offences,2026-01,20,5,24312,1,2,2,1,1,1.667,1.333,1.0,15,0.1333,3
20-5-2026-02,Koppal,Economic Offences,2026-02,20,5,24313,2,3,2,2,0,2.333,1.5,1.167,24,0.125,1
20-5-2026-03,Koppal,Economic Offences,2026-03,20,5,24314,3,1,3,2,0,2.0,1.667,1.25,21,0.0476,2
20-5-2026-04,Koppal,Economic Offences,2026-04,20,5,24315,4,2,1,3,1,2.0,1.833,1.417,27,0.0741,0
20-5-2026-05,Koppal,Economic Offences,2026-05,20,5,24316,5,0,2,1,0,1.0,1.667,1.333,28,0.0,3
20-5-2026-06,Koppal,Economic Offences,2026-06,20,5,24317,6,3,0,2,2,1.667,1.833,1.583,31,0.0968,0
20-6-2024-03,Koppal,NDPS,2024-03,20,6,24290,3,0,0,0,0,0.0,0.0,0.083,10,0.0,0
20-6-2024-04,Koppal,NDPS,2024-04,20,6,24291,4,0,0,0,0,0.0,0.0,0.083,11,0.0,0
20-6-2024-05,Koppal,NDPS,2024-05,20,6,24292,5,0,0,0,0,0.0,0.0,0.083,13,0.0,0
20-6-2024-06,Koppal,NDPS,2024-06,20,6,24293,6,0,0,0,0,0.0,0.0,0.083,9,0.0,1
20-6-2024-07,Koppal,NDPS,2024-07,20,6,24294,7,1,0,0,0,0.333,0.167,0.167,13,0.0769,2
20-6-2024-08,Koppal,NDPS,2024-08,20,6,24295,8,2,1,0,1,1.0,0.5,0.333,7,0.2857,0
20-6-2024-09,Koppal,NDPS,2024-09,20,6,24296,9,0,2,1,0,1.0,0.5,0.25,11,0.0,0
20-6-2024-10,Koppal,NDPS,2024-10,20,6,24297,10,0,0,2,0,0.667,0.5,0.25,6,0.0,1
20-6-2024-11,Koppal,NDPS,2024-11,20,6,24298,11,1,0,0,0,0.333,0.667,0.333,11,0.0909,0
20-6-2024-12,Koppal,NDPS,2024-12,20,6,24299,12,0,1,0,0,0.333,0.667,0.333,16,0.0,0
20-6-2025-01,Koppal,NDPS,2025-01,20,6,24300,1,0,0,1,0,0.333,0.5,0.333,12,0.0,0
20-6-2025-02,Koppal,NDPS,2025-02,20,6,24301,2,0,0,0,0,0.0,0.167,0.333,17,0.0,0
20-6-2025-03,Koppal,NDPS,2025-03,20,6,24302,3,0,0,0,0,0.0,0.167,0.333,11,0.0,0
20-6-2025-04,Koppal,NDPS,2025-04,20,6,24303,4,0,0,0,0,0.0,0.167,0.333,6,0.0,0
20-6-2025-05,Koppal,NDPS,2025-05,20,6,24304,5,0,0,0,0,0.0,0.0,0.333,17,0.0,1
20-6-2025-06,Koppal,NDPS,2025-06,20,6,24305,6,1,0,0,1,0.333,0.167,0.417,14,0.0714,0
20-6-2025-07,Koppal,NDPS,2025-07,20,6,24306,7,0,1,0,2,0.333,0.167,0.333,18,0.0,1
20-6-2025-08,Koppal,NDPS,2025-08,20,6,24307,8,1,0,1,0,0.667,0.333,0.25,11,0.0909,0
20-6-2025-09,Koppal,NDPS,2025-09,20,6,24308,9,0,1,0,0,0.333,0.333,0.25,16,0.0,1
20-6-2025-10,Koppal,NDPS,2025-10,20,6,24309,10,1,0,1,1,0.667,0.5,0.333,11,0.0909,0
20-6-2025-11,Koppal,NDPS,2025-11,20,6,24310,11,0,1,0,0,0.333,0.5,0.25,19,0.0,1
20-6-2025-12,Koppal,NDPS,2025-12,20,6,24311,12,1,0,1,0,0.667,0.5,0.333,25,0.04,1
20-6-2026-01,Koppal,NDPS,2026-01,20,6,24312,1,1,1,0,0,0.667,0.667,0.417,15,0.0667,1
20-6-2026-02,Koppal,NDPS,2026-02,20,6,24313,2,1,1,1,0,1.0,0.667,0.5,24,0.0417,1
20-6-2026-03,Koppal,NDPS,2026-03,20,6,24314,3,1,1,1,0,1.0,0.833,0.583,21,0.0476,1
20-6-2026-04,Koppal,NDPS,2026-04,20,6,24315,4,1,1,1,0,1.0,0.833,0.667,27,0.037,0
20-6-2026-05,Koppal,NDPS,2026-05,20,6,24316,5,0,1,1,1,0.667,0.833,0.667,28,0.0,2
20-6-2026-06,Koppal,NDPS,2026-06,20,6,24317,6,2,0,1,0,1.0,1.0,0.75,31,0.0645,1
20-7-2024-04,Koppal,Missing / UDR,2024-04,20,7,24291,4,0,0,0,0,0.0,0.167,0.333,11,0.0,1
20-7-2024-05,Koppal,Missing / UDR,2024-05,20,7,24292,5,1,0,0,2,0.333,0.167,0.417,13,0.0769,1
20-7-2024-06,Koppal,Missing / UDR,2024-06,20,7,24293,6,1,1,0,0,0.667,0.333,0.333,9,0.1111,0
20-7-2024-07,Koppal,Missing / UDR,2024-07,20,7,24294,7,0,1,1,1,0.667,0.333,0.333,13,0.0,1
20-7-2024-08,Koppal,Missing / UDR,2024-08,20,7,24295,8,1,0,1,0,0.667,0.5,0.333,7,0.1429,0
20-7-2024-09,Koppal,Missing / UDR,2024-09,20,7,24296,9,0,1,0,0,0.333,0.5,0.333,11,0.0,1
20-7-2024-10,Koppal,Missing / UDR,2024-10,20,7,24297,10,1,0,1,1,0.667,0.667,0.417,6,0.1667,0
20-7-2024-11,Koppal,Missing / UDR,2024-11,20,7,24298,11,0,1,0,0,0.333,0.5,0.333,11,0.0,0
20-7-2024-12,Koppal,Missing / UDR,2024-12,20,7,24299,12,0,0,1,0,0.333,0.333,0.333,16,0.0,0
20-7-2025-01,Koppal,Missing / UDR,2025-01,20,7,24300,1,0,0,0,0,0.0,0.333,0.333,12,0.0,2
20-7-2025-02,Koppal,Missing / UDR,2025-02,20,7,24301,2,2,0,0,0,0.667,0.5,0.5,17,0.1176,0
20-7-2025-03,Koppal,Missing / UDR,2025-03,20,7,24302,3,0,2,0,0,0.667,0.5,0.5,11,0.0,0
20-7-2025-04,Koppal,Missing / UDR,2025-04,20,7,24303,4,0,0,2,1,0.667,0.333,0.5,6,0.0,0
20-7-2025-05,Koppal,Missing / UDR,2025-05,20,7,24304,5,0,0,0,1,0.0,0.333,0.417,17,0.0,1
20-7-2025-06,Koppal,Missing / UDR,2025-06,20,7,24305,6,1,0,0,0,0.333,0.5,0.417,14,0.0714,0
20-7-2025-07,Koppal,Missing / UDR,2025-07,20,7,24306,7,0,1,0,1,0.333,0.5,0.417,18,0.0,0
20-7-2025-08,Koppal,Missing / UDR,2025-08,20,7,24307,8,0,0,1,0,0.333,0.167,0.333,11,0.0,0
20-7-2025-09,Koppal,Missing / UDR,2025-09,20,7,24308,9,0,0,0,1,0.0,0.167,0.333,16,0.0,1
20-7-2025-10,Koppal,Missing / UDR,2025-10,20,7,24309,10,1,0,0,0,0.333,0.333,0.333,11,0.0909,0
20-7-2025-11,Koppal,Missing / UDR,2025-11,20,7,24310,11,0,1,0,0,0.333,0.333,0.333,19,0.0,0
20-7-2025-12,Koppal,Missing / UDR,2025-12,20,7,24311,12,0,0,1,0,0.333,0.167,0.333,25,0.0,1
20-7-2026-01,Koppal,Missing / UDR,2026-01,20,7,24312,1,1,0,0,2,0.333,0.333,0.417,15,0.0667,0
20-7-2026-02,Koppal,Missing / UDR,2026-02,20,7,24313,2,0,1,0,0,0.333,0.333,0.25,24,0.0,0
20-7-2026-03,Koppal,Missing / UDR,2026-03,20,7,24314,3,0,0,1,0,0.333,0.333,0.25,21,0.0,2
20-7-2026-04,Koppal,Missing / UDR,2026-04,20,7,24315,4,2,0,0,0,0.667,0.5,0.417,27,0.0741,5
20-7-2026-05,Koppal,Missing / UDR,2026-05,20,7,24316,5,5,2,0,1,2.333,1.333,0.833,28,0.1786,1
20-7-2026-06,Koppal,Missing / UDR,2026-06,20,7,24317,6,1,5,2,0,2.667,1.5,0.833,31,0.0323,1
20-8-2024-05,Koppal,Traffic / PAR,2024-05,20,8,24292,5,2,1,0,1,1.0,1.333,0.917,13,0.1538,0
20-8-2024-06,Koppal,Traffic / PAR,2024-06,20,8,24293,6,0,2,1,0,1.0,1.333,0.833,9,0.0,0
20-8-2024-07,Koppal,Traffic / PAR,2024-07,20,8,24294,7,0,0,2,1,0.667,1.167,0.833,13,0.0,0
20-8-2024-08,Koppal,Traffic / PAR,2024-08,20,8,24295,8,0,0,0,1,0.0,0.5,0.75,7,0.0,0
20-8-2024-09,Koppal,Traffic / PAR,2024-09,20,8,24296,9,0,0,0,0,0.0,0.5,0.667,11,0.0,0
20-8-2024-10,Koppal,Traffic / PAR,2024-10,20,8,24297,10,0,0,0,0,0.0,0.333,0.667,6,0.0,1
20-8-2024-11,Koppal,Traffic / PAR,2024-11,20,8,24298,11,1,0,0,0,0.333,0.167,0.75,11,0.0909,0
20-8-2024-12,Koppal,Traffic / PAR,2024-12,20,8,24299,12,0,1,0,1,0.333,0.167,0.75,16,0.0,0
20-8-2025-01,Koppal,Traffic / PAR,2025-01,20,8,24300,1,0,0,1,4,0.333,0.167,0.667,12,0.0,1
20-8-2025-02,Koppal,Traffic / PAR,2025-02,20,8,24301,2,1,0,0,0,0.333,0.333,0.417,17,0.0588,1
20-8-2025-03,Koppal,Traffic / PAR,2025-03,20,8,24302,3,1,1,0,1,0.667,0.5,0.5,11,0.0909,0
20-8-2025-04,Koppal,Traffic / PAR,2025-04,20,8,24303,4,0,1,1,2,0.667,0.5,0.417,6,0.0,0
20-8-2025-05,Koppal,Traffic / PAR,2025-05,20,8,24304,5,0,0,1,0,0.333,0.333,0.25,17,0.0,0
20-8-2025-06,Koppal,Traffic / PAR,2025-06,20,8,24305,6,0,0,0,0,0.0,0.333,0.25,14,0.0,0
20-8-2025-07,Koppal,Traffic / PAR,2025-07,20,8,24306,7,0,0,0,0,0.0,0.333,0.25,18,0.0,1
20-8-2025-08,Koppal,Traffic / PAR,2025-08,20,8,24307,8,1,0,0,0,0.333,0.333,0.333,11,0.0909,1
20-8-2025-09,Koppal,Traffic / PAR,2025-09,20,8,24308,9,1,1,0,0,0.667,0.333,0.417,16,0.0625,0
20-8-2025-10,Koppal,Traffic / PAR,2025-10,20,8,24309,10,0,1,1,1,0.667,0.333,0.417,11,0.0,0
20-8-2025-11,Koppal,Traffic / PAR,2025-11,20,8,24310,11,0,0,1,0,0.333,0.333,0.333,19,0.0,0
20-8-2025-12,Koppal,Traffic / PAR,2025-12,20,8,24311,12,0,0,0,0,0.0,0.333,0.333,25,0.0,0
20-8-2026-01,Koppal,Traffic / PAR,2026-01,20,8,24312,1,0,0,0,1,0.0,0.333,0.333,15,0.0,0
20-8-2026-02,Koppal,Traffic / PAR,2026-02,20,8,24313,2,0,0,0,1,0.0,0.167,0.25,24,0.0,1
20-8-2026-03,Koppal,Traffic / PAR,2026-03,20,8,24314,3,1,0,0,0,0.333,0.167,0.25,21,0.0476,1
20-8-2026-04,Koppal,Traffic / PAR,2026-04,20,8,24315,4,1,1,0,0,0.667,0.333,0.333,27,0.037,2
20-8-2026-05,Koppal,Traffic / PAR,2026-05,20,8,24316,5,2,1,1,0,1.333,0.667,0.5,28,0.0714,0
20-8-2026-06,Koppal,Traffic / PAR,2026-06,20,8,24317,6,0,2,1,0,1.0,0.667,0.5,31,0.0,2
21-1-2024-02,Haveri,Crimes Against Body,2024-02,21,1,24289,2,2,0,2,0,1.333,1.167,1.25,13,0.1538,2
21-1-2024-03,Haveri,Crimes Against Body,2024-03,21,1,24290,3,2,2,0,1,1.333,1.167,1.417,13,0.1538,2
21-1-2024-04,Haveri,Crimes Against Body,2024-04,21,1,24291,4,2,2,2,3,2.0,1.5,1.5,12,0.1667,2
21-1-2024-05,Haveri,Crimes Against Body,2024-05,21,1,24292,5,2,2,2,1,2.0,1.667,1.417,10,0.2,3
21-1-2024-06,Haveri,Crimes Against Body,2024-06,21,1,24293,6,3,2,2,1,2.333,1.833,1.583,11,0.2727,0
21-1-2024-07,Haveri,Crimes Against Body,2024-07,21,1,24294,7,0,3,2,2,1.667,1.833,1.5,14,0.0,0
21-1-2024-08,Haveri,Crimes Against Body,2024-08,21,1,24295,8,0,0,3,2,1.0,1.5,1.333,8,0.0,2
21-1-2024-09,Haveri,Crimes Against Body,2024-09,21,1,24296,9,2,0,0,0,0.667,1.5,1.333,9,0.2222,0
21-1-2024-10,Haveri,Crimes Against Body,2024-10,21,1,24297,10,0,2,0,1,0.667,1.167,1.333,8,0.0,1
21-1-2024-11,Haveri,Crimes Against Body,2024-11,21,1,24298,11,1,0,2,2,1.0,1.0,1.333,15,0.0667,2
21-1-2024-12,Haveri,Crimes Against Body,2024-12,21,1,24299,12,2,1,0,0,1.0,0.833,1.333,19,0.1053,1
21-1-2025-01,Haveri,Crimes Against Body,2025-01,21,1,24300,1,1,2,1,2,1.333,1.0,1.417,10,0.1,5
21-1-2025-02,Haveri,Crimes Against Body,2025-02,21,1,24301,2,5,1,2,2,2.667,1.833,1.667,14,0.3571,0
21-1-2025-03,Haveri,Crimes Against Body,2025-03,21,1,24302,3,0,5,1,2,2.0,1.5,1.5,5,0.0,3
21-1-2025-04,Haveri,Crimes Against Body,2025-04,21,1,24303,4,3,0,5,2,2.667,2.0,1.583,13,0.2308,1
21-1-2025-05,Haveri,Crimes Against Body,2025-05,21,1,24304,5,1,3,0,3,1.333,2.0,1.5,14,0.0714,0
21-1-2025-06,Haveri,Crimes Against Body,2025-06,21,1,24305,6,0,1,3,0,1.333,1.667,1.25,10,0.0,1
21-1-2025-07,Haveri,Crimes Against Body,2025-07,21,1,24306,7,1,0,1,0,0.667,1.667,1.333,9,0.1111,2
21-1-2025-08,Haveri,Crimes Against Body,2025-08,21,1,24307,8,2,1,0,2,1.0,1.167,1.5,16,0.125,1
21-1-2025-09,Haveri,Crimes Against Body,2025-09,21,1,24308,9,1,2,1,0,1.333,1.333,1.417,9,0.1111,2
21-1-2025-10,Haveri,Crimes Against Body,2025-10,21,1,24309,10,2,1,2,1,1.667,1.167,1.583,9,0.2222,0
21-1-2025-11,Haveri,Crimes Against Body,2025-11,21,1,24310,11,0,2,1,2,1.0,1.0,1.5,17,0.0,1
21-1-2025-12,Haveri,Crimes Against Body,2025-12,21,1,24311,12,1,0,2,1,1.0,1.167,1.417,14,0.0714,3
21-1-2026-01,Haveri,Crimes Against Body,2026-01,21,1,24312,1,3,1,0,5,1.333,1.5,1.583,17,0.1765,4
21-1-2026-02,Haveri,Crimes Against Body,2026-02,21,1,24313,2,4,3,1,0,2.667,1.833,1.5,30,0.1333,6
21-1-2026-03,Haveri,Crimes Against Body,2026-03,21,1,24314,3,6,4,3,3,4.333,2.667,2.0,22,0.2727,5
21-1-2026-04,Haveri,Crimes Against Body,2026-04,21,1,24315,4,5,6,4,1,5.0,3.167,2.167,28,0.1786,1
21-1-2026-05,Haveri,Crimes Against Body,2026-05,21,1,24316,5,1,5,6,0,4.0,3.333,2.167,21,0.0476,4
21-1-2026-06,Haveri,Crimes Against Body,2026-06,21,1,24317,6,4,1,5,1,3.333,3.833,2.5,35,0.1143,3
21-2-2024-02,Haveri,Crimes Against Property,2024-02,21,2,24289,2,4,6,11,5,7.0,7.0,5.917,13,0.3077,4
21-2-2024-03,Haveri,Crimes Against Property,2024-03,21,2,24290,3,4,4,6,5,4.667,7.0,5.833,13,0.3077,4
21-2-2024-04,Haveri,Crimes Against Property,2024-04,21,2,24291,4,4,4,4,5,4.0,6.667,5.75,12,0.3333,2
21-2-2024-05,Haveri,Crimes Against Property,2024-05,21,2,24292,5,2,4,4,4,3.333,5.167,5.5,10,0.2,2
21-2-2024-06,Haveri,Crimes Against Property,2024-06,21,2,24293,6,2,2,4,4,2.667,3.667,5.333,11,0.1818,6
21-2-2024-07,Haveri,Crimes Against Property,2024-07,21,2,24294,7,6,2,2,6,3.333,3.667,5.5,14,0.4286,3
21-2-2024-08,Haveri,Crimes Against Property,2024-08,21,2,24295,8,3,6,2,4,3.667,3.5,5.25,8,0.375,2
21-2-2024-09,Haveri,Crimes Against Property,2024-09,21,2,24296,9,2,3,6,6,3.667,3.167,5.083,9,0.2222,3
21-2-2024-10,Haveri,Crimes Against Property,2024-10,21,2,24297,10,3,2,3,11,2.667,3.0,4.833,8,0.375,11
21-2-2024-11,Haveri,Crimes Against Property,2024-11,21,2,24298,11,11,3,2,11,5.333,4.5,4.833,15,0.7333,13
21-2-2024-12,Haveri,Crimes Against Property,2024-12,21,2,24299,12,13,11,3,6,9.0,6.333,5.0,19,0.6842,5
21-2-2025-01,Haveri,Crimes Against Property,2025-01,21,2,24300,1,5,13,11,4,9.667,6.167,4.917,10,0.5,4
21-2-2025-02,Haveri,Crimes Against Property,2025-02,21,2,24301,2,4,5,13,4,7.333,6.333,4.917,14,0.2857,2
21-2-2025-03,Haveri,Crimes Against Property,2025-03,21,2,24302,3,2,4,5,4,3.667,6.333,4.75,5,0.4,3
21-2-2025-04,Haveri,Crimes Against Property,2025-04,21,2,24303,4,3,2,4,2,3.0,6.333,4.667,13,0.2308,6
21-2-2025-05,Haveri,Crimes Against Property,2025-05,21,2,24304,5,6,3,2,2,3.667,5.5,5.0,14,0.4286,6
21-2-2025-06,Haveri,Crimes Against Property,2025-06,21,2,24305,6,6,6,3,6,5.0,4.333,5.333,10,0.6,4
21-2-2025-07,Haveri,Crimes Against Property,2025-07,21,2,24306,7,4,6,6,3,5.333,4.167,5.167,9,0.4444,6
21-2-2025-08,Haveri,Crimes Against Property,2025-08,21,2,24307,8,6,4,6,2,5.333,4.5,5.417,16,0.375,2
21-2-2025-09,Haveri,Crimes Against Property,2025-09,21,2,24308,9,2,6,4,3,4.0,4.5,5.417,9,0.2222,3
21-2-2025-10,Haveri,Crimes Against Property,2025-10,21,2,24309,10,3,2,6,11,3.667,4.5,5.417,9,0.3333,8
21-2-2025-11,Haveri,Crimes Against Property,2025-11,21,2,24310,11,8,3,2,13,4.333,4.833,5.167,17,0.4706,12
21-2-2025-12,Haveri,Crimes Against Property,2025-12,21,2,24311,12,12,8,3,5,7.667,5.833,5.083,14,0.8571,10
21-2-2026-01,Haveri,Crimes Against Property,2026-01,21,2,24312,1,10,12,8,4,10.0,6.833,5.5,17,0.5882,9
21-2-2026-02,Haveri,Crimes Against Property,2026-02,21,2,24313,2,9,10,12,2,10.333,7.333,5.917,30,0.3,8
21-2-2026-03,Haveri,Crimes Against Property,2026-03,21,2,24314,3,8,9,10,3,9.0,8.333,6.417,22,0.3636,12
21-2-2026-04,Haveri,Crimes Against Property,2026-04,21,2,24315,4,12,8,9,6,9.667,9.833,7.167,28,0.4286,11
21-2-2026-05,Haveri,Crimes Against Property,2026-05,21,2,24316,5,11,12,8,6,10.333,10.333,7.583,21,0.5238,12
21-2-2026-06,Haveri,Crimes Against Property,2026-06,21,2,24317,6,12,11,12,4,11.667,10.333,8.083,35,0.3429,7
21-3-2024-03,Haveri,Crimes Against Women,2024-03,21,3,24290,3,0,0,3,0,1.0,0.833,0.667,13,0.0,1
21-3-2024-04,Haveri,Crimes Against Women,2024-04,21,3,24291,4,1,0,0,0,0.333,0.833,0.75,12,0.0833,0
21-3-2024-05,Haveri,Crimes Against Women,2024-05,21,3,24292,5,0,1,0,1,0.333,0.667,0.75,10,0.0,1
21-3-2024-06,Haveri,Crimes Against Women,2024-06,21,3,24293,6,1,0,1,0,0.667,0.833,0.75,11,0.0909,3
21-3-2024-07,Haveri,Crimes Against Women,2024-07,21,3,24294,7,3,1,0,2,1.333,0.833,1.0,14,0.2143,2
21-3-2024-08,Haveri,Crimes Against Women,2024-08,21,3,24295,8,2,3,1,0,2.0,1.167,1.0,8,0.25,0
21-3-2024-09,Haveri,Crimes Against Women,2024-09,21,3,24296,9,0,2,3,1,1.667,1.167,1.0,9,0.0,1
21-3-2024-10,Haveri,Crimes Against Women,2024-10,21,3,24297,10,1,0,2,1,1.0,1.167,1.0,8,0.125,0
21-3-2024-11,Haveri,Crimes Against Women,2024-11,21,3,24298,11,0,1,0,0,0.333,1.167,0.917,15,0.0,0
21-3-2024-12,Haveri,Crimes Against Women,2024-12,21,3,24299,12,0,0,1,3,0.333,1.0,0.917,19,0.0,2
21-3-2025-01,Haveri,Crimes Against Women,2025-01,21,3,24300,1,2,0,0,0,0.667,0.833,0.833,10,0.2,1
21-3-2025-02,Haveri,Crimes Against Women,2025-02,21,3,24301,2,1,2,0,0,1.0,0.667,0.917,14,0.0714,0
21-3-2025-03,Haveri,Crimes Against Women,2025-03,21,3,24302,3,0,1,2,1,1.0,0.667,0.917,5,0.0,1
21-3-2025-04,Haveri,Crimes Against Women,2025-04,21,3,24303,4,1,0,1,0,0.667,0.667,0.917,13,0.0769,1
21-3-2025-05,Haveri,Crimes Against Women,2025-05,21,3,24304,5,1,1,0,1,0.667,0.833,1.0,14,0.0714,0
21-3-2025-06,Haveri,Crimes Against Women,2025-06,21,3,24305,6,0,1,1,3,0.667,0.833,0.917,10,0.0,0
21-3-2025-07,Haveri,Crimes Against Women,2025-07,21,3,24306,7,0,0,1,2,0.333,0.5,0.667,9,0.0,1
21-3-2025-08,Haveri,Crimes Against Women,2025-08,21,3,24307,8,1,0,0,0,0.333,0.5,0.583,16,0.0625,2
21-3-2025-09,Haveri,Crimes Against Women,2025-09,21,3,24308,9,2,1,0,1,1.0,0.833,0.75,9,0.2222,0
21-3-2025-10,Haveri,Crimes Against Women,2025-10,21,3,24309,10,0,2,1,0,1.0,0.667,0.667,9,0.0,1
21-3-2025-11,Haveri,Crimes Against Women,2025-11,21,3,24310,11,1,0,2,0,1.0,0.667,0.75,17,0.0588,0
21-3-2025-12,Haveri,Crimes Against Women,2025-12,21,3,24311,12,0,1,0,2,0.333,0.667,0.75,14,0.0,1
21-3-2026-01,Haveri,Crimes Against Women,2026-01,21,3,24312,1,1,0,1,1,0.667,0.833,0.667,17,0.0588,5
21-3-2026-02,Haveri,Crimes Against Women,2026-02,21,3,24313,2,5,1,0,0,2.0,1.5,1.0,30,0.1667,3
21-3-2026-03,Haveri,Crimes Against Women,2026-03,21,3,24314,3,3,5,1,1,3.0,1.667,1.25,22,0.1364,2
21-3-2026-04,Haveri,Crimes Against Women,2026-04,21,3,24315,4,2,3,5,1,3.333,2.0,1.333,28,0.0714,2
21-3-2026-05,Haveri,Crimes Against Women,2026-05,21,3,24316,5,2,2,3,0,2.333,2.167,1.417,21,0.0952,2
21-3-2026-06,Haveri,Crimes Against Women,2026-06,21,3,24317,6,2,2,2,0,2.0,2.5,1.583,35,0.0571,2
21-4-2024-03,Haveri,Cyber Crime,2024-03,21,4,24290,3,2,3,4,3,3.0,2.0,1.75,13,0.1538,2
21-4-2024-04,Haveri,Cyber Crime,2024-04,21,4,24291,4,2,2,3,2,2.333,2.167,1.667,12,0.1667,4
21-4-2024-05,Haveri,Cyber Crime,2024-05,21,4,24292,5,4,2,2,1,2.667,2.833,1.833,10,0.4,3
21-4-2024-06,Haveri,Cyber Crime,2024-06,21,4,24293,6,3,4,2,1,3.0,3.0,2.0,11,0.2727,4
21-4-2024-07,Haveri,Cyber Crime,2024-07,21,4,24294,7,4,3,4,2,3.667,3.0,2.25,14,0.2857,0
21-4-2024-08,Haveri,Cyber Crime,2024-08,21,4,24295,8,0,4,3,0,2.333,2.5,2.083,8,0.0,2
21-4-2024-09,Haveri,Cyber Crime,2024-09,21,4,24296,9,2,0,4,1,2.0,2.5,2.25,9,0.2222,0
21-4-2024-10,Haveri,Cyber Crime,2024-10,21,4,24297,10,0,2,0,0,0.667,2.167,2.167,8,0.0,0
21-4-2024-11,Haveri,Cyber Crime,2024-11,21,4,24298,11,0,0,2,2,0.667,1.5,2.167,15,0.0,1
21-4-2024-12,Haveri,Cyber Crime,2024-12,21,4,24299,12,1,0,0,4,0.333,1.167,2.083,19,0.0526,2
21-4-2025-01,Haveri,Cyber Crime,2025-01,21,4,24300,1,2,1,0,3,1.0,0.833,1.917,10,0.2,3
21-4-2025-02,Haveri,Cyber Crime,2025-02,21,4,24301,2,3,2,1,2,2.0,1.333,1.917,14,0.2143,0
21-4-2025-03,Haveri,Cyber Crime,2025-03,21,4,24302,3,0,3,2,2,1.667,1.0,1.75,5,0.0,4
21-4-2025-04,Haveri,Cyber Crime,2025-04,21,4,24303,4,4,0,3,4,2.333,1.667,1.917,13,0.3077,3
21-4-2025-05,Haveri,Cyber Crime,2025-05,21,4,24304,5,3,4,0,3,2.333,2.167,1.833,14,0.2143,2
21-4-2025-06,Haveri,Cyber Crime,2025-06,21,4,24305,6,2,3,4,4,3.0,2.333,1.75,10,0.2,2
21-4-2025-07,Haveri,Cyber Crime,2025-07,21,4,24306,7,2,2,3,0,2.333,2.333,1.583,9,0.2222,3
21-4-2025-08,Haveri,Cyber Crime,2025-08,21,4,24307,8,3,2,2,2,2.333,2.333,1.833,16,0.1875,1
21-4-2025-09,Haveri,Cyber Crime,2025-09,21,4,24308,9,1,3,2,0,2.0,2.5,1.75,9,0.1111,4
21-4-2025-10,Haveri,Cyber Crime,2025-10,21,4,24309,10,4,1,3,0,2.667,2.5,2.083,9,0.4444,5
21-4-2025-11,Haveri,Cyber Crime,2025-11,21,4,24310,11,5,4,1,1,3.333,2.833,2.5,17,0.2941,0
21-4-2025-12,Haveri,Cyber Crime,2025-12,21,4,24311,12,0,5,4,2,3.0,2.5,2.417,14,0.0,3
21-4-2026-01,Haveri,Cyber Crime,2026-01,21,4,24312,1,3,0,5,3,2.667,2.667,2.5,17,0.1765,6
21-4-2026-02,Haveri,Cyber Crime,2026-02,21,4,24313,2,6,3,0,0,3.0,3.167,2.75,30,0.2,2
21-4-2026-03,Haveri,Cyber Crime,2026-03,21,4,24314,3,2,6,3,4,3.667,3.333,2.917,22,0.0909,6
21-4-2026-04,Haveri,Cyber Crime,2026-04,21,4,24315,4,6,2,6,3,4.667,3.667,3.083,28,0.2143,3
21-4-2026-05,Haveri,Cyber Crime,2026-05,21,4,24316,5,3,6,2,2,3.667,3.333,3.083,21,0.1429,8
21-4-2026-06,Haveri,Cyber Crime,2026-06,21,4,24317,6,8,3,6,2,5.667,4.667,3.583,35,0.2286,5
21-5-2024-02,Haveri,Economic Offences,2024-02,21,5,24289,2,2,2,2,1,2.0,1.0,1.167,13,0.1538,2
21-5-2024-03,Haveri,Economic Offences,2024-03,21,5,24290,3,2,2,2,2,2.0,1.333,1.25,13,0.1538,1
21-5-2024-04,Haveri,Economic Offences,2024-04,21,5,24291,4,1,2,2,1,1.667,1.5,1.167,12,0.0833,1
21-5-2024-05,Haveri,Economic Offences,2024-05,21,5,24292,5,1,1,2,3,1.333,1.667,1.167,10,0.1,1
21-5-2024-06,Haveri,Economic Offences,2024-06,21,5,24293,6,1,1,1,0,1.0,1.5,1.0,11,0.0909,1
21-5-2024-07,Haveri,Economic Offences,2024-07,21,5,24294,7,1,1,1,1,1.0,1.333,1.083,14,0.0714,1
21-5-2024-08,Haveri,Economic Offences,2024-08,21,5,24295,8,1,1,1,0,1.0,1.167,1.083,8,0.125,1
21-5-2024-09,Haveri,Economic Offences,2024-09,21,5,24296,9,1,1,1,0,1.0,1.0,1.167,9,0.1111,2
21-5-2024-10,Haveri,Economic Offences,2024-10,21,5,24297,10,2,1,1,0,1.333,1.167,1.333,8,0.25,0
21-5-2024-11,Haveri,Economic Offences,2024-11,21,5,24298,11,0,2,1,2,1.0,1.0,1.333,15,0.0,1
21-5-2024-12,Haveri,Economic Offences,2024-12,21,5,24299,12,1,0,2,2,1.0,1.0,1.25,19,0.0526,0
21-5-2025-01,Haveri,Economic Offences,2025-01,21,5,24300,1,0,1,0,2,0.333,0.833,1.083,10,0.0,1
21-5-2025-02,Haveri,Economic Offences,2025-02,21,5,24301,2,1,0,1,2,0.667,0.833,1.0,14,0.0714,1
21-5-2025-03,Haveri,Economic Offences,2025-03,21,5,24302,3,1,1,0,1,0.667,0.833,0.917,5,0.2,2
21-5-2025-04,Haveri,Economic Offences,2025-04,21,5,24303,4,2,1,1,1,1.333,0.833,1.0,13,0.1538,1
21-5-2025-05,Haveri,Economic Offences,2025-05,21,5,24304,5,1,2,1,1,1.333,1.0,1.0,14,0.0714,1
21-5-2025-06,Haveri,Economic Offences,2025-06,21,5,24305,6,1,1,2,1,1.333,1.0,1.0,10,0.1,0
21-5-2025-07,Haveri,Economic Offences,2025-07,21,5,24306,7,0,1,1,1,0.667,1.0,0.917,9,0.0,3
21-5-2025-08,Haveri,Economic Offences,2025-08,21,5,24307,8,3,0,1,1,1.333,1.333,1.083,16,0.1875,1
21-5-2025-09,Haveri,Economic Offences,2025-09,21,5,24308,9,1,3,0,2,1.333,1.333,1.083,9,0.1111,0
21-5-2025-10,Haveri,Economic Offences,2025-10,21,5,24309,10,0,1,3,0,1.333,1.0,0.917,9,0.0,2
21-5-2025-11,Haveri,Economic Offences,2025-11,21,5,24310,11,2,0,1,1,1.0,1.167,1.083,17,0.1176,0
21-5-2025-12,Haveri,Economic Offences,2025-12,21,5,24311,12,0,2,0,0,0.667,1.0,1.0,14,0.0,0
21-5-2026-01,Haveri,Economic Offences,2026-01,21,5,24312,1,0,0,2,1,0.667,1.0,1.0,17,0.0,1
21-5-2026-02,Haveri,Economic Offences,2026-02,21,5,24313,2,1,0,0,1,0.333,0.667,1.0,30,0.0333,3
21-5-2026-03,Haveri,Economic Offences,2026-03,21,5,24314,3,3,1,0,2,1.333,1.0,1.167,22,0.1364,1
21-5-2026-04,Haveri,Economic Offences,2026-04,21,5,24315,4,1,3,1,1,1.667,1.167,1.083,28,0.0357,1
21-5-2026-05,Haveri,Economic Offences,2026-05,21,5,24316,5,1,1,3,1,1.667,1.0,1.083,21,0.0476,2
21-5-2026-06,Haveri,Economic Offences,2026-06,21,5,24317,6,2,1,1,0,1.333,1.333,1.167,35,0.0571,2
21-6-2024-02,Haveri,NDPS,2024-02,21,6,24289,2,0,0,0,0,0.0,0.333,0.333,13,0.0,1
21-6-2024-03,Haveri,NDPS,2024-03,21,6,24290,3,1,0,0,0,0.333,0.333,0.417,13,0.0769,0
21-6-2024-04,Haveri,NDPS,2024-04,21,6,24291,4,0,1,0,1,0.333,0.167,0.417,12,0.0,0
21-6-2024-05,Haveri,NDPS,2024-05,21,6,24292,5,0,0,1,0,0.333,0.167,0.333,10,0.0,0
21-6-2024-06,Haveri,NDPS,2024-06,21,6,24293,6,0,0,0,0,0.0,0.167,0.333,11,0.0,0
21-6-2024-07,Haveri,NDPS,2024-07,21,6,24294,7,0,0,0,1,0.0,0.167,0.333,14,0.0,0
21-6-2024-08,Haveri,NDPS,2024-08,21,6,24295,8,0,0,0,1,0.0,0.167,0.25,8,0.0,1
21-6-2024-09,Haveri,NDPS,2024-09,21,6,24296,9,1,0,0,1,0.333,0.167,0.25,9,0.1111,1
21-6-2024-10,Haveri,NDPS,2024-10,21,6,24297,10,1,1,0,0,0.667,0.333,0.25,8,0.125,0
21-6-2024-11,Haveri,NDPS,2024-11,21,6,24298,11,0,1,1,0,0.667,0.333,0.25,15,0.0,1
21-6-2024-12,Haveri,NDPS,2024-12,21,6,24299,12,1,0,1,0,0.667,0.5,0.333,19,0.0526,0
21-6-2025-01,Haveri,NDPS,2025-01,21,6,24300,1,0,1,0,0,0.333,0.5,0.333,10,0.0,0
21-6-2025-02,Haveri,NDPS,2025-02,21,6,24301,2,0,0,1,1,0.333,0.5,0.333,14,0.0,0
21-6-2025-03,Haveri,NDPS,2025-03,21,6,24302,3,0,0,0,0,0.0,0.333,0.25,5,0.0,0
21-6-2025-04,Haveri,NDPS,2025-04,21,6,24303,4,0,0,0,0,0.0,0.167,0.25,13,0.0,0
21-6-2025-05,Haveri,NDPS,2025-05,21,6,24304,5,0,0,0,0,0.0,0.167,0.25,14,0.0,0
21-6-2025-06,Haveri,NDPS,2025-06,21,6,24305,6,0,0,0,0,0.0,0.0,0.25,10,0.0,1
21-6-2025-07,Haveri,NDPS,2025-07,21,6,24306,7,1,0,0,0,0.333,0.167,0.333,9,0.1111,0
21-6-2025-08,Haveri,NDPS,2025-08,21,6,24307,8,0,1,0,1,0.333,0.167,0.333,16,0.0,0
21-6-2025-09,Haveri,NDPS,2025-09,21,6,24308,9,0,0,1,1,0.333,0.167,0.25,9,0.0,0
21-6-2025-10,Haveri,NDPS,2025-10,21,6,24309,10,0,0,0,0,0.0,0.167,0.167,9,0.0,0
21-6-2025-11,Haveri,NDPS,2025-11,21,6,24310,11,0,0,0,1,0.0,0.167,0.167,17,0.0,0
21-6-2025-12,Haveri,NDPS,2025-12,21,6,24311,12,0,0,0,0,0.0,0.167,0.083,14,0.0,0
21-6-2026-01,Haveri,NDPS,2026-01,21,6,24312,1,0,0,0,0,0.0,0.0,0.083,17,0.0,1
21-6-2026-02,Haveri,NDPS,2026-02,21,6,24313,2,1,0,0,0,0.333,0.167,0.167,30,0.0333,0
21-6-2026-03,Haveri,NDPS,2026-03,21,6,24314,3,0,1,0,0,0.333,0.167,0.167,22,0.0,0
21-6-2026-04,Haveri,NDPS,2026-04,21,6,24315,4,0,0,1,0,0.333,0.167,0.167,28,0.0,0
21-6-2026-05,Haveri,NDPS,2026-05,21,6,24316,5,0,0,0,0,0.0,0.167,0.167,21,0.0,1
21-6-2026-06,Haveri,NDPS,2026-06,21,6,24317,6,1,0,0,1,0.333,0.333,0.25,35,0.0286,0
21-7-2024-02,Haveri,Missing / UDR,2024-02,21,7,24289,2,2,1,0,0,1.0,1.0,0.75,13,0.1538,2
21-7-2024-03,Haveri,Missing / UDR,2024-03,21,7,24290,3,2,2,1,0,1.667,1.333,0.917,13,0.1538,2
21-7-2024-04,Haveri,Missing / UDR,2024-04,21,7,24291,4,2,2,2,0,2.0,1.667,1.083,12,0.1667,0
21-7-2024-05,Haveri,Missing / UDR,2024-05,21,7,24292,5,0,2,2,0,1.333,1.167,1.083,10,0.0,0
21-7-2024-06,Haveri,Missing / UDR,2024-06,21,7,24293,6,0,0,2,0,0.667,1.167,1.083,11,0.0,0
21-7-2024-07,Haveri,Missing / UDR,2024-07,21,7,24294,7,0,0,0,3,0.0,1.0,1.083,14,0.0,0
21-7-2024-08,Haveri,Missing / UDR,2024-08,21,7,24295,8,0,0,0,0,0.0,0.667,0.833,8,0.0,1
21-7-2024-09,Haveri,Missing / UDR,2024-09,21,7,24296,9,1,0,0,0,0.333,0.5,0.917,9,0.1111,1
21-7-2024-10,Haveri,Missing / UDR,2024-10,21,7,24297,10,1,1,0,3,0.667,0.333,1.0,8,0.125,2
21-7-2024-11,Haveri,Missing / UDR,2024-11,21,7,24298,11,2,1,1,0,1.333,0.667,0.917,15,0.1333,1
21-7-2024-12,Haveri,Missing / UDR,2024-12,21,7,24299,12,1,2,1,1,1.333,0.833,1.0,19,0.0526,0
21-7-2025-01,Haveri,Missing / UDR,2025-01,21,7,24300,1,0,1,2,2,1.0,0.833,0.917,10,0.0,0
21-7-2025-02,Haveri,Missing / UDR,2025-02,21,7,24301,2,0,0,1,2,0.333,0.833,0.75,14,0.0,1
21-7-2025-03,Haveri,Missing / UDR,2025-03,21,7,24302,3,1,0,0,2,0.333,0.833,0.667,5,0.2,0
21-7-2025-04,Haveri,Missing / UDR,2025-04,21,7,24303,4,0,1,0,0,0.333,0.667,0.5,13,0.0,0
21-7-2025-05,Haveri,Missing / UDR,2025-05,21,7,24304,5,0,0,1,0,0.333,0.333,0.5,14,0.0,0
21-7-2025-06,Haveri,Missing / UDR,2025-06,21,7,24305,6,0,0,0,0,0.0,0.167,0.5,10,0.0,0
21-7-2025-07,Haveri,Missing / UDR,2025-07,21,7,24306,7,0,0,0,0,0.0,0.167,0.5,9,0.0,0
21-7-2025-08,Haveri,Missing / UDR,2025-08,21,7,24307,8,0,0,0,1,0.0,0.167,0.5,16,0.0,2
21-7-2025-09,Haveri,Missing / UDR,2025-09,21,7,24308,9,2,0,0,1,0.667,0.333,0.583,9,0.2222,0
21-7-2025-10,Haveri,Missing / UDR,2025-10,21,7,24309,10,0,2,0,2,0.667,0.333,0.5,9,0.0,1
21-7-2025-11,Haveri,Missing / UDR,2025-11,21,7,24310,11,1,0,2,1,1.0,0.5,0.417,17,0.0588,1
21-7-2025-12,Haveri,Missing / UDR,2025-12,21,7,24311,12,1,1,0,0,0.667,0.667,0.417,14,0.0714,0
21-7-2026-01,Haveri,Missing / UDR,2026-01,21,7,24312,1,0,1,1,0,0.667,0.667,0.417,17,0.0,3
21-7-2026-02,Haveri,Missing / UDR,2026-02,21,7,24313,2,3,0,1,1,1.333,1.167,0.667,30,0.1,0
21-7-2026-03,Haveri,Missing / UDR,2026-03,21,7,24314,3,0,3,0,0,1.0,0.833,0.583,22,0.0,2
21-7-2026-04,Haveri,Missing / UDR,2026-04,21,7,24315,4,2,0,3,0,1.667,1.167,0.75,28,0.0714,2
21-7-2026-05,Haveri,Missing / UDR,2026-05,21,7,24316,5,2,2,0,0,1.333,1.333,0.917,21,0.0952,3
21-7-2026-06,Haveri,Missing / UDR,2026-06,21,7,24317,6,3,2,2,0,2.333,1.667,1.167,35,0.0857,4
21-8-2024-03,Haveri,Traffic / PAR,2024-03,21,8,24290,3,0,0,2,1,0.667,0.333,0.583,13,0.0,0
21-8-2024-04,Haveri,Traffic / PAR,2024-04,21,8,24291,4,0,0,0,0,0.0,0.333,0.5,12,0.0,1
21-8-2024-05,Haveri,Traffic / PAR,2024-05,21,8,24292,5,1,0,0,1,0.333,0.5,0.583,10,0.1,1
21-8-2024-06,Haveri,Traffic / PAR,2024-06,21,8,24293,6,1,1,0,0,0.667,0.667,0.583,11,0.0909,0
21-8-2024-07,Haveri,Traffic / PAR,2024-07,21,8,24294,7,0,1,1,2,0.667,0.333,0.583,14,0.0,2
21-8-2024-08,Haveri,Traffic / PAR,2024-08,21,8,24295,8,2,0,1,1,1.0,0.667,0.583,8,0.25,0
21-8-2024-09,Haveri,Traffic / PAR,2024-09,21,8,24296,9,0,2,0,0,0.667,0.667,0.5,9,0.0,0
21-8-2024-10,Haveri,Traffic / PAR,2024-10,21,8,24297,10,0,0,2,0,0.667,0.667,0.5,8,0.0,1
21-8-2024-11,Haveri,Traffic / PAR,2024-11,21,8,24298,11,1,0,0,0,0.333,0.667,0.583,15,0.0667,0
21-8-2024-12,Haveri,Traffic / PAR,2024-12,21,8,24299,12,0,1,0,2,0.333,0.5,0.583,19,0.0,0
21-8-2025-01,Haveri,Traffic / PAR,2025-01,21,8,24300,1,0,0,1,0,0.333,0.5,0.417,10,0.0,0
21-8-2025-02,Haveri,Traffic / PAR,2025-02,21,8,24301,2,0,0,0,0,0.0,0.167,0.417,14,0.0,1
21-8-2025-03,Haveri,Traffic / PAR,2025-03,21,8,24302,3,1,0,0,0,0.333,0.333,0.5,5,0.2,0
21-8-2025-04,Haveri,Traffic / PAR,2025-04,21,8,24303,4,0,1,0,1,0.333,0.333,0.5,13,0.0,2
21-8-2025-05,Haveri,Traffic / PAR,2025-05,21,8,24304,5,2,0,1,1,1.0,0.5,0.583,14,0.1429,1
21-8-2025-06,Haveri,Traffic / PAR,2025-06,21,8,24305,6,1,2,0,0,1.0,0.667,0.583,10,0.1,1
21-8-2025-07,Haveri,Traffic / PAR,2025-07,21,8,24306,7,1,1,2,2,1.333,0.833,0.667,9,0.1111,1
21-8-2025-08,Haveri,Traffic / PAR,2025-08,21,8,24307,8,1,1,1,0,1.0,1.0,0.583,16,0.0625,0
21-8-2025-09,Haveri,Traffic / PAR,2025-09,21,8,24308,9,0,1,1,0,0.667,0.833,0.583,9,0.0,0
21-8-2025-10,Haveri,Traffic / PAR,2025-10,21,8,24309,10,0,0,1,1,0.333,0.833,0.583,9,0.0,0
21-8-2025-11,Haveri,Traffic / PAR,2025-11,21,8,24310,11,0,0,0,0,0.0,0.5,0.5,17,0.0,0
21-8-2025-12,Haveri,Traffic / PAR,2025-12,21,8,24311,12,0,0,0,0,0.0,0.333,0.5,14,0.0,0
21-8-2026-01,Haveri,Traffic / PAR,2026-01,21,8,24312,1,0,0,0,0,0.0,0.167,0.5,17,0.0,1
21-8-2026-02,Haveri,Traffic / PAR,2026-02,21,8,24313,2,1,0,0,1,0.333,0.167,0.583,30,0.0333,0
21-8-2026-03,Haveri,Traffic / PAR,2026-03,21,8,24314,3,0,1,0,0,0.333,0.167,0.5,22,0.0,0
21-8-2026-04,Haveri,Traffic / PAR,2026-04,21,8,24315,4,0,0,1,2,0.333,0.167,0.5,28,0.0,1
21-8-2026-05,Haveri,Traffic / PAR,2026-05,21,8,24316,5,1,0,0,1,0.333,0.333,0.417,21,0.0476,3
21-8-2026-06,Haveri,Traffic / PAR,2026-06,21,8,24317,6,3,1,0,1,1.333,0.833,0.583,35,0.0857,2
22-1-2024-02,Gadag,Crimes Against Body,2024-02,22,1,24289,2,3,2,0,2,1.667,2.167,2.167,11,0.2727,2
22-1-2024-03,Gadag,Crimes Against Body,2024-03,22,1,24290,3,2,3,2,4,2.333,2.167,2.167,9,0.2222,2
22-1-2024-04,Gadag,Crimes Against Body,2024-04,22,1,24291,4,2,2,3,2,2.333,2.333,2.0,9,0.2222,2
22-1-2024-05,Gadag,Crimes Against Body,2024-05,22,1,24292,5,2,2,2,2,2.0,1.833,2.0,10,0.2,0
22-1-2024-06,Gadag,Crimes Against Body,2024-06,22,1,24293,6,0,2,2,1,1.333,1.833,1.833,7,0.0,2
22-1-2024-07,Gadag,Crimes Against Body,2024-07,22,1,24294,7,2,0,2,2,1.333,1.833,1.917,11,0.1818,6
22-1-2024-08,Gadag,Crimes Against Body,2024-08,22,1,24295,8,6,2,0,2,2.667,2.333,2.25,16,0.375,1
22-1-2024-09,Gadag,Crimes Against Body,2024-09,22,1,24296,9,1,6,2,1,3.0,2.167,2.167,10,0.1,1
22-1-2024-10,Gadag,Crimes Against Body,2024-10,22,1,24297,10,1,1,6,5,2.667,2.0,2.167,13,0.0769,2
22-1-2024-11,Gadag,Crimes Against Body,2024-11,22,1,24298,11,2,1,1,0,1.333,2.0,1.917,11,0.1818,3
22-1-2024-12,Gadag,Crimes Against Body,2024-12,22,1,24299,12,3,2,1,2,2.0,2.5,2.167,18,0.1667,1
22-1-2025-01,Gadag,Crimes Against Body,2025-01,22,1,24300,1,1,3,2,3,2.0,2.333,2.083,11,0.0909,1
22-1-2025-02,Gadag,Crimes Against Body,2025-02,22,1,24301,2,1,1,3,2,1.667,1.5,1.917,9,0.1111,1
22-1-2025-03,Gadag,Crimes Against Body,2025-03,22,1,24302,3,1,1,1,2,1.0,1.5,1.833,8,0.125,1
22-1-2025-04,Gadag,Crimes Against Body,2025-04,22,1,24303,4,1,1,1,2,1.0,1.5,1.75,6,0.1667,2
22-1-2025-05,Gadag,Crimes Against Body,2025-05,22,1,24304,5,2,1,1,0,1.333,1.5,1.75,11,0.1818,0
22-1-2025-06,Gadag,Crimes Against Body,2025-06,22,1,24305,6,0,2,1,2,1.0,1.0,1.75,7,0.0,3
22-1-2025-07,Gadag,Crimes Against Body,2025-07,22,1,24306,7,3,0,2,6,1.667,1.333,1.833,14,0.2143,0
22-1-2025-08,Gadag,Crimes Against Body,2025-08,22,1,24307,8,0,3,0,1,1.0,1.167,1.333,10,0.0,2
22-1-2025-09,Gadag,Crimes Against Body,2025-09,22,1,24308,9,2,0,3,1,1.667,1.333,1.417,8,0.25,3
22-1-2025-10,Gadag,Crimes Against Body,2025-10,22,1,24309,10,3,2,0,2,1.667,1.667,1.583,9,0.3333,4
22-1-2025-11,Gadag,Crimes Against Body,2025-11,22,1,24310,11,4,3,2,3,3.0,2.0,1.75,17,0.2353,2
22-1-2025-12,Gadag,Crimes Against Body,2025-12,22,1,24311,12,2,4,3,1,3.0,2.333,1.667,13,0.1538,1
22-1-2026-01,Gadag,Crimes Against Body,2026-01,22,1,24312,1,1,2,4,1,2.333,2.0,1.667,12,0.0833,3
22-1-2026-02,Gadag,Crimes Against Body,2026-02,22,1,24313,2,3,1,2,1,2.0,2.5,1.833,20,0.15,6
22-1-2026-03,Gadag,Crimes Against Body,2026-03,22,1,24314,3,6,3,1,1,3.333,3.167,2.25,24,0.25,3
22-1-2026-04,Gadag,Crimes Against Body,2026-04,22,1,24315,4,3,6,3,2,4.0,3.167,2.417,15,0.2,3
22-1-2026-05,Gadag,Crimes Against Body,2026-05,22,1,24316,5,3,3,6,0,4.0,3.0,2.5,25,0.12,5
22-1-2026-06,Gadag,Crimes Against Body,2026-06,22,1,24317,6,5,3,3,3,3.667,3.5,2.917,18,0.2778,5
22-2-2024-02,Gadag,Crimes Against Property,2024-02,22,2,24289,2,3,6,11,3,6.667,7.0,4.583,11,0.2727,4
22-2-2024-03,Gadag,Crimes Against Property,2024-03,22,2,24290,3,4,3,6,1,4.333,7.0,4.667,9,0.4444,3
22-2-2024-04,Gadag,Crimes Against Property,2024-04,22,2,24291,4,3,4,3,1,3.333,6.333,4.833,9,0.3333,4
22-2-2024-05,Gadag,Crimes Against Property,2024-05,22,2,24292,5,4,3,4,2,3.667,5.167,5.083,10,0.4,3
22-2-2024-06,Gadag,Crimes Against Property,2024-06,22,2,24293,6,3,4,3,3,3.333,3.833,5.167,7,0.4286,5
22-2-2024-07,Gadag,Crimes Against Property,2024-07,22,2,24294,7,5,3,4,3,4.0,3.667,5.333,11,0.4545,6
22-2-2024-08,Gadag,Crimes Against Property,2024-08,22,2,24295,8,6,5,3,4,4.667,4.167,5.583,16,0.375,2
22-2-2024-09,Gadag,Crimes Against Property,2024-09,22,2,24296,9,2,6,5,7,4.333,3.833,5.417,10,0.2,5
22-2-2024-10,Gadag,Crimes Against Property,2024-10,22,2,24297,10,5,2,6,11,4.333,4.167,5.25,13,0.3846,6
22-2-2024-11,Gadag,Crimes Against Property,2024-11,22,2,24298,11,6,5,2,11,4.333,4.5,4.833,11,0.5455,9
22-2-2024-12,Gadag,Crimes Against Property,2024-12,22,2,24299,12,9,6,5,6,6.667,5.5,4.667,18,0.5,5
22-2-2025-01,Gadag,Crimes Against Property,2025-01,22,2,24300,1,5,9,6,3,6.667,5.5,4.583,11,0.4545,2
22-2-2025-02,Gadag,Crimes Against Property,2025-02,22,2,24301,2,2,5,9,4,5.333,4.833,4.5,9,0.2222,3
22-2-2025-03,Gadag,Crimes Against Property,2025-03,22,2,24302,3,3,2,5,3,3.333,5.0,4.417,8,0.375,3
22-2-2025-04,Gadag,Crimes Against Property,2025-04,22,2,24303,4,3,3,2,4,2.667,4.667,4.417,6,0.5,4
22-2-2025-05,Gadag,Crimes Against Property,2025-05,22,2,24304,5,4,3,3,3,3.333,4.333,4.417,11,0.3636,2
22-2-2025-06,Gadag,Crimes Against Property,2025-06,22,2,24305,6,2,4,3,5,3.0,3.167,4.333,7,0.2857,5
22-2-2025-07,Gadag,Crimes Against Property,2025-07,22,2,24306,7,5,2,4,6,3.667,3.167,4.333,14,0.3571,3
22-2-2025-08,Gadag,Crimes Against Property,2025-08,22,2,24307,8,3,5,2,2,3.333,3.333,4.083,10,0.3,4
22-2-2025-09,Gadag,Crimes Against Property,2025-09,22,2,24308,9,4,3,5,5,4.0,3.5,4.25,8,0.5,3
22-2-2025-10,Gadag,Crimes Against Property,2025-10,22,2,24309,10,3,4,3,6,3.333,3.5,4.083,9,0.3333,10
22-2-2025-11,Gadag,Crimes Against Property,2025-11,22,2,24310,11,10,3,4,9,5.667,4.5,4.417,17,0.5882,8
22-2-2025-12,Gadag,Crimes Against Property,2025-12,22,2,24311,12,8,10,3,5,7.0,5.5,4.333,13,0.6154,3
22-2-2026-01,Gadag,Crimes Against Property,2026-01,22,2,24312,1,3,8,10,2,7.0,5.167,4.167,12,0.25,10
22-2-2026-02,Gadag,Crimes Against Property,2026-02,22,2,24313,2,10,3,8,3,7.0,6.333,4.833,20,0.5,11
22-2-2026-03,Gadag,Crimes Against Property,2026-03,22,2,24314,3,11,10,3,3,8.0,7.5,5.5,24,0.4583,8
22-2-2026-04,Gadag,Crimes Against Property,2026-04,22,2,24315,4,8,11,10,4,9.667,8.333,5.917,15,0.5333,10
22-2-2026-05,Gadag,Crimes Against Property,2026-05,22,2,24316,5,10,8,11,2,9.667,8.333,6.417,25,0.4,6
22-2-2026-06,Gadag,Crimes Against Property,2026-06,22,2,24317,6,6,10,8,5,8.0,8.0,6.75,18,0.3333,6
22-3-2024-02,Gadag,Crimes Against Women,2024-02,22,3,24289,2,1,0,2,1,1.0,0.667,0.75,11,0.0909,1
22-3-2024-03,Gadag,Crimes Against Women,2024-03,22,3,24290,3,1,1,0,1,0.667,0.667,0.75,9,0.1111,1
22-3-2024-04,Gadag,Crimes Against Women,2024-04,22,3,24291,4,1,1,1,0,1.0,0.833,0.75,9,0.1111,1
22-3-2024-05,Gadag,Crimes Against Women,2024-05,22,3,24292,5,1,1,1,1,1.0,1.0,0.833,10,0.1,0
22-3-2024-06,Gadag,Crimes Against Women,2024-06,22,3,24293,6,0,1,1,1,0.667,0.667,0.75,7,0.0,0
22-3-2024-07,Gadag,Crimes Against Women,2024-07,22,3,24294,7,0,0,1,1,0.333,0.667,0.667,11,0.0,2
22-3-2024-08,Gadag,Crimes Against Women,2024-08,22,3,24295,8,2,0,0,1,0.667,0.833,0.75,16,0.125,1
22-3-2024-09,Gadag,Crimes Against Women,2024-09,22,3,24296,9,1,2,0,0,1.0,0.833,0.75,10,0.1,1
22-3-2024-10,Gadag,Crimes Against Women,2024-10,22,3,24297,10,1,1,2,0,1.333,0.833,0.833,13,0.0769,1
22-3-2024-11,Gadag,Crimes Against Women,2024-11,22,3,24298,11,1,1,1,2,1.0,0.833,0.917,11,0.0909,2
22-3-2024-12,Gadag,Crimes Against Women,2024-12,22,3,24299,12,2,1,1,0,1.333,1.167,0.917,18,0.1111,0
22-3-2025-01,Gadag,Crimes Against Women,2025-01,22,3,24300,1,0,2,1,1,1.0,1.167,0.917,11,0.0,2
22-3-2025-02,Gadag,Crimes Against Women,2025-02,22,3,24301,2,2,0,2,1,1.333,1.167,1.0,9,0.2222,0
22-3-2025-03,Gadag,Crimes Against Women,2025-03,22,3,24302,3,0,2,0,1,0.667,1.0,0.917,8,0.0,0
22-3-2025-04,Gadag,Crimes Against Women,2025-04,22,3,24303,4,0,0,2,1,0.667,0.833,0.833,6,0.0,1
22-3-2025-05,Gadag,Crimes Against Women,2025-05,22,3,24304,5,1,0,0,0,0.333,0.833,0.833,11,0.0909,0
22-3-2025-06,Gadag,Crimes Against Women,2025-06,22,3,24305,6,0,1,0,0,0.333,0.5,0.833,7,0.0,0
22-3-2025-07,Gadag,Crimes Against Women,2025-07,22,3,24306,7,0,0,1,2,0.333,0.5,0.833,14,0.0,0
22-3-2025-08,Gadag,Crimes Against Women,2025-08,22,3,24307,8,0,0,0,1,0.0,0.167,0.667,10,0.0,1
22-3-2025-09,Gadag,Crimes Against Women,2025-09,22,3,24308,9,1,0,0,1,0.333,0.333,0.667,8,0.125,1
22-3-2025-10,Gadag,Crimes Against Women,2025-10,22,3,24309,10,1,1,0,1,0.667,0.5,0.667,9,0.1111,0
22-3-2025-11,Gadag,Crimes Against Women,2025-11,22,3,24310,11,0,1,1,2,0.667,0.333,0.583,17,0.0,0
22-3-2025-12,Gadag,Crimes Against Women,2025-12,22,3,24311,12,0,0,1,0,0.333,0.333,0.417,13,0.0,1
22-3-2026-01,Gadag,Crimes Against Women,2026-01,22,3,24312,1,1,0,0,2,0.333,0.5,0.5,12,0.0833,0
22-3-2026-02,Gadag,Crimes Against Women,2026-02,22,3,24313,2,0,1,0,0,0.333,0.5,0.333,20,0.0,1
22-3-2026-03,Gadag,Crimes Against Women,2026-03,22,3,24314,3,1,0,1,0,0.667,0.5,0.417,24,0.0417,1
22-3-2026-04,Gadag,Crimes Against Women,2026-04,22,3,24315,4,1,1,0,1,0.667,0.5,0.5,15,0.0667,0
22-3-2026-05,Gadag,Crimes Against Women,2026-05,22,3,24316,5,0,1,1,0,0.667,0.5,0.417,25,0.0,0
22-3-2026-06,Gadag,Crimes Against Women,2026-06,22,3,24317,6,0,0,1,0,0.333,0.5,0.417,18,0.0,3
22-4-2024-02,Gadag,Cyber Crime,2024-02,22,4,24289,2,3,4,0,2,2.333,2.333,2.0,11,0.2727,0
22-4-2024-03,Gadag,Cyber Crime,2024-03,22,4,24290,3,0,3,4,1,2.333,2.167,1.833,9,0.0,1
22-4-2024-04,Gadag,Cyber Crime,2024-04,22,4,24291,4,1,0,3,0,1.333,2.0,1.833,9,0.1111,1
22-4-2024-05,Gadag,Cyber Crime,2024-05,22,4,24292,5,1,1,0,4,0.667,1.5,1.917,10,0.1,2
22-4-2024-06,Gadag,Cyber Crime,2024-06,22,4,24293,6,2,1,1,2,1.333,1.833,1.75,7,0.2857,2
22-4-2024-07,Gadag,Cyber Crime,2024-07,22,4,24294,7,2,2,1,1,1.667,1.5,1.75,11,0.1818,1
22-4-2024-08,Gadag,Cyber Crime,2024-08,22,4,24295,8,1,2,2,1,1.667,1.167,1.75,16,0.0625,2
22-4-2024-09,Gadag,Cyber Crime,2024-09,22,4,24296,9,2,1,2,2,1.667,1.5,1.833,10,0.2,2
22-4-2024-10,Gadag,Cyber Crime,2024-10,22,4,24297,10,2,2,1,4,1.667,1.667,1.833,13,0.1538,2
22-4-2024-11,Gadag,Cyber Crime,2024-11,22,4,24298,11,2,2,2,0,2.0,1.833,1.667,11,0.1818,2
22-4-2024-12,Gadag,Cyber Crime,2024-12,22,4,24299,12,2,2,2,4,2.0,1.833,1.833,18,0.1111,2
22-4-2025-01,Gadag,Cyber Crime,2025-01,22,4,24300,1,2,2,2,3,2.0,1.833,1.667,11,0.1818,1
22-4-2025-02,Gadag,Cyber Crime,2025-02,22,4,24301,2,1,2,2,0,1.667,1.833,1.5,9,0.1111,4
22-4-2025-03,Gadag,Cyber Crime,2025-03,22,4,24302,3,4,1,2,1,2.333,2.167,1.833,8,0.5,0
22-4-2025-04,Gadag,Cyber Crime,2025-04,22,4,24303,4,0,4,1,1,1.667,1.833,1.75,6,0.0,3
22-4-2025-05,Gadag,Cyber Crime,2025-05,22,4,24304,5,3,0,4,2,2.333,2.0,1.917,11,0.2727,4
22-4-2025-06,Gadag,Cyber Crime,2025-06,22,4,24305,6,4,3,0,2,2.333,2.333,2.083,7,0.5714,3
22-4-2025-07,Gadag,Cyber Crime,2025-07,22,4,24306,7,3,4,3,1,3.333,2.5,2.167,14,0.2143,3
22-4-2025-08,Gadag,Cyber Crime,2025-08,22,4,24307,8,3,3,4,2,3.333,2.833,2.333,10,0.3,0
22-4-2025-09,Gadag,Cyber Crime,2025-09,22,4,24308,9,0,3,3,2,2.0,2.167,2.167,8,0.0,1
22-4-2025-10,Gadag,Cyber Crime,2025-10,22,4,24309,10,1,0,3,2,1.333,2.333,2.083,9,0.1111,1
22-4-2025-11,Gadag,Cyber Crime,2025-11,22,4,24310,11,1,1,0,2,0.667,2.0,2.0,17,0.0588,1
22-4-2025-12,Gadag,Cyber Crime,2025-12,22,4,24311,12,1,1,1,2,1.0,1.5,1.917,13,0.0769,3
22-4-2026-01,Gadag,Cyber Crime,2026-01,22,4,24312,1,3,1,1,1,1.667,1.5,2.0,12,0.25,4
22-4-2026-02,Gadag,Cyber Crime,2026-02,22,4,24313,2,4,3,1,4,2.667,1.667,2.25,20,0.2,4
22-4-2026-03,Gadag,Cyber Crime,2026-03,22,4,24314,3,4,4,3,0,3.667,2.333,2.25,24,0.1667,0
22-4-2026-04,Gadag,Cyber Crime,2026-04,22,4,24315,4,0,4,4,3,2.667,2.167,2.25,15,0.0,7
22-4-2026-05,Gadag,Cyber Crime,2026-05,22,4,24316,5,7,0,4,4,3.667,3.167,2.583,25,0.28,4
22-4-2026-06,Gadag,Cyber Crime,2026-06,22,4,24317,6,4,7,0,3,3.667,3.667,2.583,18,0.2222,4
22-5-2024-06,Gadag,Economic Offences,2024-06,22,5,24293,6,0,0,1,1,0.333,0.667,0.917,7,0.0,1
22-5-2024-07,Gadag,Economic Offences,2024-07,22,5,24294,7,1,0,0,1,0.333,0.5,0.917,11,0.0909,0
22-5-2024-08,Gadag,Economic Offences,2024-08,22,5,24295,8,0,1,0,1,0.333,0.333,0.833,16,0.0,0
22-5-2024-09,Gadag,Economic Offences,2024-09,22,5,24296,9,0,0,1,2,0.333,0.333,0.75,10,0.0,0
22-5-2024-10,Gadag,Economic Offences,2024-10,22,5,24297,10,0,0,0,1,0.0,0.167,0.583,13,0.0,0
22-5-2024-11,Gadag,Economic Offences,2024-11,22,5,24298,11,0,0,0,1,0.0,0.167,0.5,11,0.0,0
22-5-2024-12,Gadag,Economic Offences,2024-12,22,5,24299,12,0,0,0,2,0.0,0.167,0.417,18,0.0,3
22-5-2025-01,Gadag,Economic Offences,2025-01,22,5,24300,1,3,0,0,1,1.0,0.5,0.5,11,0.2727,1
22-5-2025-02,Gadag,Economic Offences,2025-02,22,5,24301,2,1,3,0,0,1.333,0.667,0.5,9,0.1111,0
22-5-2025-03,Gadag,Economic Offences,2025-03,22,5,24302,3,0,1,3,1,1.333,0.667,0.5,8,0.0,2
22-5-2025-04,Gadag,Economic Offences,2025-04,22,5,24303,4,2,0,1,0,1.0,1.0,0.583,6,0.3333,0
22-5-2025-05,Gadag,Economic Offences,2025-05,22,5,24304,5,0,2,0,0,0.667,1.0,0.583,11,0.0,0
22-5-2025-06,Gadag,Economic Offences,2025-06,22,5,24305,6,0,0,2,1,0.667,1.0,0.583,7,0.0,1
22-5-2025-07,Gadag,Economic Offences,2025-07,22,5,24306,7,1,0,0,0,0.333,0.667,0.583,14,0.0714,3
22-5-2025-08,Gadag,Economic Offences,2025-08,22,5,24307,8,3,1,0,0,1.333,1.0,0.833,10,0.3,0
22-5-2025-09,Gadag,Economic Offences,2025-09,22,5,24308,9,0,3,1,0,1.333,1.0,0.833,8,0.0,1
22-5-2025-10,Gadag,Economic Offences,2025-10,22,5,24309,10,1,0,3,0,1.333,0.833,0.917,9,0.1111,1
22-5-2025-11,Gadag,Economic Offences,2025-11,22,5,24310,11,1,1,0,0,0.667,1.0,1.0,17,0.0588,1
22-5-2025-12,Gadag,Economic Offences,2025-12,22,5,24311,12,1,1,1,3,1.0,1.167,1.083,13,0.0769,1
22-5-2026-01,Gadag,Economic Offences,2026-01,22,5,24312,1,1,1,1,1,1.0,1.167,0.917,12,0.0833,0
22-5-2026-02,Gadag,Economic Offences,2026-02,22,5,24313,2,0,1,1,0,0.667,0.667,0.833,20,0.0,0
22-5-2026-03,Gadag,Economic Offences,2026-03,22,5,24314,3,0,0,1,2,0.333,0.667,0.833,24,0.0,2
22-5-2026-04,Gadag,Economic Offences,2026-04,22,5,24315,4,2,0,0,0,0.667,0.833,0.833,15,0.1333,0
22-5-2026-05,Gadag,Economic Offences,2026-05,22,5,24316,5,0,2,0,0,0.667,0.667,0.833,25,0.0,0
22-5-2026-06,Gadag,Economic Offences,2026-06,22,5,24317,6,0,0,2,1,0.667,0.5,0.833,18,0.0,1
22-6-2024-04,Gadag,NDPS,2024-04,22,6,24291,4,0,0,0,1,0.0,0.5,0.417,9,0.0,1
22-6-2024-05,Gadag,NDPS,2024-05,22,6,24292,5,1,0,0,0,0.333,0.667,0.417,10,0.1,0
22-6-2024-06,Gadag,NDPS,2024-06,22,6,24293,6,0,1,0,0,0.333,0.333,0.417,7,0.0,0
22-6-2024-07,Gadag,NDPS,2024-07,22,6,24294,7,0,0,1,0,0.333,0.167,0.417,11,0.0,0
22-6-2024-08,Gadag,NDPS,2024-08,22,6,24295,8,0,0,0,0,0.0,0.167,0.417,16,0.0,1
22-6-2024-09,Gadag,NDPS,2024-09,22,6,24296,9,1,0,0,1,0.333,0.333,0.5,10,0.1,1
22-6-2024-10,Gadag,NDPS,2024-10,22,6,24297,10,1,1,0,0,0.667,0.5,0.5,13,0.0769,0
22-6-2024-11,Gadag,NDPS,2024-11,22,6,24298,11,0,1,1,2,0.667,0.333,0.5,11,0.0,2
22-6-2024-12,Gadag,NDPS,2024-12,22,6,24299,12,2,0,1,1,1.0,0.667,0.5,18,0.1111,0
22-6-2025-01,Gadag,NDPS,2025-01,22,6,24300,1,0,2,0,0,0.667,0.667,0.417,11,0.0,0
22-6-2025-02,Gadag,NDPS,2025-02,22,6,24301,2,0,0,2,0,0.667,0.667,0.417,9,0.0,0
22-6-2025-03,Gadag,NDPS,2025-03,22,6,24302,3,0,0,0,0,0.0,0.5,0.417,8,0.0,0
22-6-2025-04,Gadag,NDPS,2025-04,22,6,24303,4,0,0,0,1,0.0,0.333,0.417,6,0.0,1
22-6-2025-05,Gadag,NDPS,2025-05,22,6,24304,5,1,0,0,0,0.333,0.5,0.417,11,0.0909,0
22-6-2025-06,Gadag,NDPS,2025-06,22,6,24305,6,0,1,0,0,0.333,0.167,0.417,7,0.0,0
22-6-2025-07,Gadag,NDPS,2025-07,22,6,24306,7,0,0,1,0,0.333,0.167,0.417,14,0.0,0
22-6-2025-08,Gadag,NDPS,2025-08,22,6,24307,8,0,0,0,1,0.0,0.167,0.417,10,0.0,0
22-6-2025-09,Gadag,NDPS,2025-09,22,6,24308,9,0,0,0,1,0.0,0.167,0.333,8,0.0,0
22-6-2025-10,Gadag,NDPS,2025-10,22,6,24309,10,0,0,0,0,0.0,0.167,0.25,9,0.0,0
22-6-2025-11,Gadag,NDPS,2025-11,22,6,24310,11,0,0,0,2,0.0,0.0,0.25,17,0.0,0
22-6-2025-12,Gadag,NDPS,2025-12,22,6,24311,12,0,0,0,0,0.0,0.0,0.083,13,0.0,1
22-6-2026-01,Gadag,NDPS,2026-01,22,6,24312,1,1,0,0,0,0.333,0.167,0.167,12,0.0833,0
22-6-2026-02,Gadag,NDPS,2026-02,22,6,24313,2,0,1,0,0,0.333,0.167,0.167,20,0.0,1
22-6-2026-03,Gadag,NDPS,2026-03,22,6,24314,3,1,0,1,0,0.667,0.333,0.25,24,0.0417,0
22-6-2026-04,Gadag,NDPS,2026-04,22,6,24315,4,0,1,0,1,0.333,0.333,0.25,15,0.0,2
22-6-2026-05,Gadag,NDPS,2026-05,22,6,24316,5,2,0,1,0,1.0,0.667,0.333,25,0.08,1
22-6-2026-06,Gadag,NDPS,2026-06,22,6,24317,6,1,2,0,0,1.0,0.833,0.417,18,0.0556,1
22-7-2024-02,Gadag,Missing / UDR,2024-02,22,7,24289,2,0,0,1,1,0.333,0.333,0.25,11,0.0,0
22-7-2024-03,Gadag,Missing / UDR,2024-03,22,7,24290,3,0,0,0,0,0.0,0.333,0.167,9,0.0,0
22-7-2024-04,Gadag,Missing / UDR,2024-04,22,7,24291,4,0,0,0,0,0.0,0.167,0.167,9,0.0,0
22-7-2024-05,Gadag,Missing / UDR,2024-05,22,7,24292,5,0,0,0,0,0.0,0.167,0.167,10,0.0,1
22-7-2024-06,Gadag,Missing / UDR,2024-06,22,7,24293,6,1,0,0,0,0.333,0.167,0.25,7,0.1429,1
22-7-2024-07,Gadag,Missing / UDR,2024-07,22,7,24294,7,1,1,0,0,0.667,0.333,0.333,11,0.0909,0
22-7-2024-08,Gadag,Missing / UDR,2024-08,22,7,24295,8,0,1,1,0,0.667,0.333,0.333,16,0.0,2
22-7-2024-09,Gadag,Missing / UDR,2024-09,22,7,24296,9,2,0,1,1,1.0,0.667,0.5,10,0.2,3
22-7-2024-10,Gadag,Missing / UDR,2024-10,22,7,24297,10,3,2,0,0,1.667,1.167,0.667,13,0.2308,0
22-7-2024-11,Gadag,Missing / UDR,2024-11,22,7,24298,11,0,3,2,1,1.667,1.167,0.667,11,0.0,0
22-7-2024-12,Gadag,Missing / UDR,2024-12,22,7,24299,12,0,0,3,0,1.0,1.0,0.583,18,0.0,0
22-7-2025-01,Gadag,Missing / UDR,2025-01,22,7,24300,1,0,0,0,0,0.0,0.833,0.583,11,0.0,1
22-7-2025-02,Gadag,Missing / UDR,2025-02,22,7,24301,2,1,0,0,0,0.333,1.0,0.667,9,0.1111,0
22-7-2025-03,Gadag,Missing / UDR,2025-03,22,7,24302,3,0,1,0,0,0.333,0.667,0.667,8,0.0,0
22-7-2025-04,Gadag,Missing / UDR,2025-04,22,7,24303,4,0,0,1,0,0.333,0.167,0.667,6,0.0,0
22-7-2025-05,Gadag,Missing / UDR,2025-05,22,7,24304,5,0,0,0,1,0.0,0.167,0.667,11,0.0,0
22-7-2025-06,Gadag,Missing / UDR,2025-06,22,7,24305,6,0,0,0,1,0.0,0.167,0.583,7,0.0,0
22-7-2025-07,Gadag,Missing / UDR,2025-07,22,7,24306,7,0,0,0,0,0.0,0.167,0.5,14,0.0,1
22-7-2025-08,Gadag,Missing / UDR,2025-08,22,7,24307,8,1,0,0,2,0.333,0.167,0.583,10,0.1,0
22-7-2025-09,Gadag,Missing / UDR,2025-09,22,7,24308,9,0,1,0,3,0.333,0.167,0.417,8,0.0,0
22-7-2025-10,Gadag,Missing / UDR,2025-10,22,7,24309,10,0,0,1,0,0.333,0.167,0.167,9,0.0,0
22-7-2025-11,Gadag,Missing / UDR,2025-11,22,7,24310,11,0,0,0,0,0.0,0.167,0.167,17,0.0,0
22-7-2025-12,Gadag,Missing / UDR,2025-12,22,7,24311,12,0,0,0,0,0.0,0.167,0.167,13,0.0,1
22-7-2026-01,Gadag,Missing / UDR,2026-01,22,7,24312,1,1,0,0,1,0.333,0.333,0.25,12,0.0833,3
22-7-2026-02,Gadag,Missing / UDR,2026-02,22,7,24313,2,3,1,0,0,1.333,0.667,0.417,20,0.15,1
22-7-2026-03,Gadag,Missing / UDR,2026-03,22,7,24314,3,1,3,1,0,1.667,0.833,0.5,24,0.0417,1
22-7-2026-04,Gadag,Missing / UDR,2026-04,22,7,24315,4,1,1,3,0,1.667,1.0,0.583,15,0.0667,1
22-7-2026-05,Gadag,Missing / UDR,2026-05,22,7,24316,5,1,1,1,0,1.0,1.167,0.667,25,0.04,1
22-7-2026-06,Gadag,Missing / UDR,2026-06,22,7,24317,6,1,1,1,0,1.0,1.333,0.75,18,0.0556,3
22-8-2024-02,Gadag,Traffic / PAR,2024-02,22,8,24289,2,0,0,0,0,0.0,0.0,0.167,11,0.0,2
22-8-2024-03,Gadag,Traffic / PAR,2024-03,22,8,24290,3,2,0,0,2,0.667,0.333,0.333,9,0.2222,1
22-8-2024-04,Gadag,Traffic / PAR,2024-04,22,8,24291,4,1,2,0,0,1.0,0.5,0.25,9,0.1111,1
22-8-2024-05,Gadag,Traffic / PAR,2024-05,22,8,24292,5,1,1,2,0,1.333,0.667,0.333,10,0.1,1
22-8-2024-06,Gadag,Traffic / PAR,2024-06,22,8,24293,6,1,1,1,0,1.0,0.833,0.417,7,0.1429,0
22-8-2024-07,Gadag,Traffic / PAR,2024-07,22,8,24294,7,0,1,1,0,0.667,0.833,0.417,11,0.0,1
22-8-2024-08,Gadag,Traffic / PAR,2024-08,22,8,24295,8,1,0,1,0,0.667,1.0,0.5,16,0.0625,1
22-8-2024-09,Gadag,Traffic / PAR,2024-09,22,8,24296,9,1,1,0,0,0.667,0.833,0.583,10,0.1,0
22-8-2024-10,Gadag,Traffic / PAR,2024-10,22,8,24297,10,0,1,1,0,0.667,0.667,0.583,13,0.0,0
22-8-2024-11,Gadag,Traffic / PAR,2024-11,22,8,24298,11,0,0,1,0,0.333,0.5,0.583,11,0.0,0
22-8-2024-12,Gadag,Traffic / PAR,2024-12,22,8,24299,12,0,0,0,0,0.0,0.333,0.583,18,0.0,0
22-8-2025-01,Gadag,Traffic / PAR,2025-01,22,8,24300,1,0,0,0,0,0.0,0.333,0.583,11,0.0,1
22-8-2025-02,Gadag,Traffic / PAR,2025-02,22,8,24301,2,1,0,0,2,0.333,0.333,0.667,9,0.1111,0
22-8-2025-03,Gadag,Traffic / PAR,2025-03,22,8,24302,3,0,1,0,1,0.333,0.167,0.5,8,0.0,0
22-8-2025-04,Gadag,Traffic / PAR,2025-04,22,8,24303,4,0,0,1,1,0.333,0.167,0.417,6,0.0,0
22-8-2025-05,Gadag,Traffic / PAR,2025-05,22,8,24304,5,0,0,0,1,0.0,0.167,0.333,11,0.0,1
22-8-2025-06,Gadag,Traffic / PAR,2025-06,22,8,24305,6,1,0,0,0,0.333,0.333,0.333,7,0.1429,2
22-8-2025-07,Gadag,Traffic / PAR,2025-07,22,8,24306,7,2,1,0,1,1.0,0.667,0.5,14,0.1429,0
22-8-2025-08,Gadag,Traffic / PAR,2025-08,22,8,24307,8,0,2,1,1,1.0,0.5,0.417,10,0.0,1
22-8-2025-09,Gadag,Traffic / PAR,2025-09,22,8,24308,9,1,0,2,0,1.0,0.667,0.417,8,0.125,0
22-8-2025-10,Gadag,Traffic / PAR,2025-10,22,8,24309,10,0,1,0,0,0.333,0.667,0.417,9,0.0,1
22-8-2025-11,Gadag,Traffic / PAR,2025-11,22,8,24310,11,1,0,1,0,0.667,0.833,0.5,17,0.0588,1
22-8-2025-12,Gadag,Traffic / PAR,2025-12,22,8,24311,12,1,1,0,0,0.667,0.833,0.583,13,0.0769,1
22-8-2026-01,Gadag,Traffic / PAR,2026-01,22,8,24312,1,1,1,1,1,1.0,0.667,0.667,12,0.0833,0
22-8-2026-02,Gadag,Traffic / PAR,2026-02,22,8,24313,2,0,1,1,0,0.667,0.667,0.583,20,0.0,0
22-8-2026-03,Gadag,Traffic / PAR,2026-03,22,8,24314,3,0,0,1,0,0.333,0.5,0.583,24,0.0,0
22-8-2026-04,Gadag,Traffic / PAR,2026-04,22,8,24315,4,0,0,0,0,0.0,0.5,0.583,15,0.0,2
22-8-2026-05,Gadag,Traffic / PAR,2026-05,22,8,24316,5,2,0,0,1,0.667,0.667,0.75,25,0.08,1
22-8-2026-06,Gadag,Traffic / PAR,2026-06,22,8,24317,6,1,2,0,2,1.0,0.667,0.75,18,0.0556,1
23-1-2024-02,Chikkamagaluru,Crimes Against Body,2024-02,23,1,24289,2,2,0,1,2,1.0,1.167,1.583,12,0.1667,3
23-1-2024-03,Chikkamagaluru,Crimes Against Body,2024-03,23,1,24290,3,3,2,0,4,1.667,1.5,1.667,16,0.1875,3
23-1-2024-04,Chikkamagaluru,Crimes Against Body,2024-04,23,1,24291,4,3,3,2,0,2.667,2.0,1.583,14,0.2143,1
23-1-2024-05,Chikkamagaluru,Crimes Against Body,2024-05,23,1,24292,5,1,3,3,2,2.333,1.667,1.667,9,0.1111,2
23-1-2024-06,Chikkamagaluru,Crimes Against Body,2024-06,23,1,24293,6,2,1,3,0,2.0,1.833,1.667,21,0.0952,3
23-1-2024-07,Chikkamagaluru,Crimes Against Body,2024-07,23,1,24294,7,3,2,1,4,2.0,2.333,1.917,13,0.2308,2
23-1-2024-08,Chikkamagaluru,Crimes Against Body,2024-08,23,1,24295,8,2,3,2,1,2.333,2.333,1.75,14,0.1429,2
23-1-2024-09,Chikkamagaluru,Crimes Against Body,2024-09,23,1,24296,9,2,2,3,0,2.333,2.167,1.833,7,0.2857,2
23-1-2024-10,Chikkamagaluru,Crimes Against Body,2024-10,23,1,24297,10,2,2,2,3,2.0,2.0,2.0,17,0.1176,2
23-1-2024-11,Chikkamagaluru,Crimes Against Body,2024-11,23,1,24298,11,2,2,2,1,2.0,2.167,1.917,15,0.1333,3
23-1-2024-12,Chikkamagaluru,Crimes Against Body,2024-12,23,1,24299,12,3,2,2,0,2.333,2.333,2.083,24,0.125,1
23-1-2025-01,Chikkamagaluru,Crimes Against Body,2025-01,23,1,24300,1,1,3,2,2,2.0,2.0,2.167,11,0.0909,2
23-1-2025-02,Chikkamagaluru,Crimes Against Body,2025-02,23,1,24301,2,2,1,3,3,2.0,2.0,2.167,12,0.1667,2
23-1-2025-03,Chikkamagaluru,Crimes Against Body,2025-03,23,1,24302,3,2,2,1,3,1.667,2.0,2.083,24,0.0833,0
23-1-2025-04,Chikkamagaluru,Crimes Against Body,2025-04,23,1,24303,4,0,2,2,1,1.333,1.667,1.833,7,0.0,1
23-1-2025-05,Chikkamagaluru,Crimes Against Body,2025-05,23,1,24304,5,1,0,2,2,1.0,1.5,1.833,8,0.125,2
23-1-2025-06,Chikkamagaluru,Crimes Against Body,2025-06,23,1,24305,6,2,1,0,3,1.0,1.333,1.833,14,0.1429,2
23-1-2025-07,Chikkamagaluru,Crimes Against Body,2025-07,23,1,24306,7,2,2,1,2,1.667,1.5,1.75,18,0.1111,2
23-1-2025-08,Chikkamagaluru,Crimes Against Body,2025-08,23,1,24307,8,2,2,2,2,2.0,1.5,1.75,15,0.1333,3
23-1-2025-09,Chikkamagaluru,Crimes Against Body,2025-09,23,1,24308,9,3,2,2,2,2.333,1.667,1.833,15,0.2,0
23-1-2025-10,Chikkamagaluru,Crimes Against Body,2025-10,23,1,24309,10,0,3,2,2,1.667,1.667,1.667,14,0.0,1
23-1-2025-11,Chikkamagaluru,Crimes Against Body,2025-11,23,1,24310,11,1,0,3,3,1.333,1.667,1.583,22,0.0455,3
23-1-2025-12,Chikkamagaluru,Crimes Against Body,2025-12,23,1,24311,12,3,1,0,1,1.333,1.833,1.583,24,0.125,4
23-1-2026-01,Chikkamagaluru,Crimes Against Body,2026-01,23,1,24312,1,4,3,1,2,2.667,2.167,1.833,13,0.3077,1
23-1-2026-02,Chikkamagaluru,Crimes Against Body,2026-02,23,1,24313,2,1,4,3,2,2.667,2.0,1.75,19,0.0526,1
23-1-2026-03,Chikkamagaluru,Crimes Against Body,2026-03,23,1,24314,3,1,1,4,0,2.0,1.667,1.667,21,0.0476,2
23-1-2026-04,Chikkamagaluru,Crimes Against Body,2026-04,23,1,24315,4,2,1,1,1,1.333,2.0,1.833,19,0.1053,7
23-1-2026-05,Chikkamagaluru,Crimes Against Body,2026-05,23,1,24316,5,7,2,1,2,3.333,3.0,2.333,31,0.2258,4
23-1-2026-06,Chikkamagaluru,Crimes Against Body,2026-06,23,1,24317,6,4,7,2,2,4.333,3.167,2.5,27,0.1481,3
23-2-2024-02,Chikkamagaluru,Crimes Against Property,2024-02,23,2,24289,2,5,5,13,3,7.667,7.333,6.417,12,0.4167,4
23-2-2024-03,Chikkamagaluru,Crimes Against Property,2024-03,23,2,24290,3,4,5,5,8,4.667,7.167,6.5,16,0.25,7
23-2-2024-04,Chikkamagaluru,Crimes Against Property,2024-04,23,2,24291,4,7,4,5,7,5.333,7.333,6.417,14,0.5,3
23-2-2024-05,Chikkamagaluru,Crimes Against Property,2024-05,23,2,24292,5,3,7,4,6,4.667,6.167,6.083,9,0.3333,10
23-2-2024-06,Chikkamagaluru,Crimes Against Property,2024-06,23,2,24293,6,10,3,7,5,6.667,5.667,6.417,21,0.4762,5
23-2-2024-07,Chikkamagaluru,Crimes Against Property,2024-07,23,2,24294,7,5,10,3,4,6.0,5.667,6.417,13,0.3846,5
23-2-2024-08,Chikkamagaluru,Crimes Against Property,2024-08,23,2,24295,8,5,5,10,5,6.667,5.667,6.5,14,0.3571,3
23-2-2024-09,Chikkamagaluru,Crimes Against Property,2024-09,23,2,24296,9,3,5,5,6,4.333,5.5,6.333,7,0.4286,6
23-2-2024-10,Chikkamagaluru,Crimes Against Property,2024-10,23,2,24297,10,6,3,5,10,4.667,5.333,6.333,17,0.3529,7
23-2-2024-11,Chikkamagaluru,Crimes Against Property,2024-11,23,2,24298,11,7,6,3,13,5.333,6.0,6.083,15,0.4667,13
23-2-2024-12,Chikkamagaluru,Crimes Against Property,2024-12,23,2,24299,12,13,7,6,5,8.667,6.5,6.083,24,0.5417,5
23-2-2025-01,Chikkamagaluru,Crimes Against Property,2025-01,23,2,24300,1,5,13,7,5,8.333,6.5,6.083,11,0.4545,5
23-2-2025-02,Chikkamagaluru,Crimes Against Property,2025-02,23,2,24301,2,5,5,13,4,7.667,6.5,6.083,12,0.4167,11
23-2-2025-03,Chikkamagaluru,Crimes Against Property,2025-03,23,2,24302,3,11,5,5,7,7.0,7.833,6.667,24,0.4583,2
23-2-2025-04,Chikkamagaluru,Crimes Against Property,2025-04,23,2,24303,4,2,11,5,3,6.0,7.167,6.25,7,0.2857,5
23-2-2025-05,Chikkamagaluru,Crimes Against Property,2025-05,23,2,24304,5,5,2,11,10,6.0,6.833,6.417,8,0.625,3
23-2-2025-06,Chikkamagaluru,Crimes Against Property,2025-06,23,2,24305,6,3,5,2,5,3.333,5.167,5.833,14,0.2143,6
23-2-2025-07,Chikkamagaluru,Crimes Against Property,2025-07,23,2,24306,7,6,3,5,5,4.667,5.333,5.917,18,0.3333,4
23-2-2025-08,Chikkamagaluru,Crimes Against Property,2025-08,23,2,24307,8,4,6,3,3,4.333,5.167,5.833,15,0.2667,3
23-2-2025-09,Chikkamagaluru,Crimes Against Property,2025-09,23,2,24308,9,3,4,6,6,4.333,3.833,5.833,15,0.2,5
23-2-2025-10,Chikkamagaluru,Crimes Against Property,2025-10,23,2,24309,10,5,3,4,7,4.0,4.333,5.75,14,0.3571,12
23-2-2025-11,Chikkamagaluru,Crimes Against Property,2025-11,23,2,24310,11,12,5,3,13,6.667,5.5,6.167,22,0.5455,14
23-2-2025-12,Chikkamagaluru,Crimes Against Property,2025-12,23,2,24311,12,14,12,5,5,10.333,7.333,6.25,24,0.5833,4
23-2-2026-01,Chikkamagaluru,Crimes Against Property,2026-01,23,2,24312,1,4,14,12,5,10.0,7.0,6.167,13,0.3077,5
23-2-2026-02,Chikkamagaluru,Crimes Against Property,2026-02,23,2,24313,2,5,4,14,11,7.667,7.167,6.167,19,0.2632,10
23-2-2026-03,Chikkamagaluru,Crimes Against Property,2026-03,23,2,24314,3,10,5,4,2,6.333,8.333,6.083,21,0.4762,4
23-2-2026-04,Chikkamagaluru,Crimes Against Property,2026-04,23,2,24315,4,4,10,5,5,6.333,8.167,6.25,19,0.2105,14
23-2-2026-05,Chikkamagaluru,Crimes Against Property,2026-05,23,2,24316,5,14,4,10,3,9.333,8.5,7.0,31,0.4516,10
23-2-2026-06,Chikkamagaluru,Crimes Against Property,2026-06,23,2,24317,6,10,14,4,6,9.333,7.833,7.583,27,0.3704,7
23-3-2024-02,Chikkamagaluru,Crimes Against Women,2024-02,23,3,24289,2,0,1,5,2,2.0,1.0,0.833,12,0.0,3
23-3-2024-03,Chikkamagaluru,Crimes Against Women,2024-03,23,3,24290,3,3,0,1,0,1.333,1.5,0.917,16,0.1875,0
23-3-2024-04,Chikkamagaluru,Crimes Against Women,2024-04,23,3,24291,4,0,3,0,1,1.0,1.5,0.917,14,0.0,0
23-3-2024-05,Chikkamagaluru,Crimes Against Women,2024-05,23,3,24292,5,0,0,3,0,1.0,1.5,0.833,9,0.0,2
23-3-2024-06,Chikkamagaluru,Crimes Against Women,2024-06,23,3,24293,6,2,0,0,1,0.667,1.0,1.0,21,0.0952,2
23-3-2024-07,Chikkamagaluru,Crimes Against Women,2024-07,23,3,24294,7,2,2,0,0,1.333,1.167,1.083,13,0.1538,0
23-3-2024-08,Chikkamagaluru,Crimes Against Women,2024-08,23,3,24295,8,0,2,2,0,1.333,1.167,1.083,14,0.0,0
23-3-2024-09,Chikkamagaluru,Crimes Against Women,2024-09,23,3,24296,9,0,0,2,0,0.667,0.667,1.083,7,0.0,3
23-3-2024-10,Chikkamagaluru,Crimes Against Women,2024-10,23,3,24297,10,3,0,0,0,1.0,1.167,1.333,17,0.1765,1
23-3-2024-11,Chikkamagaluru,Crimes Against Women,2024-11,23,3,24298,11,1,3,0,5,1.333,1.333,1.417,15,0.0667,0
23-3-2024-12,Chikkamagaluru,Crimes Against Women,2024-12,23,3,24299,12,0,1,3,1,1.333,1.0,1.0,24,0.0,1
23-3-2025-01,Chikkamagaluru,Crimes Against Women,2025-01,23,3,24300,1,1,0,1,0,0.667,0.833,1.0,11,0.0909,0
23-3-2025-02,Chikkamagaluru,Crimes Against Women,2025-02,23,3,24301,2,0,1,0,3,0.333,0.833,1.0,12,0.0,1
23-3-2025-03,Chikkamagaluru,Crimes Against Women,2025-03,23,3,24302,3,1,0,1,0,0.667,1.0,0.833,24,0.0417,0
23-3-2025-04,Chikkamagaluru,Crimes Against Women,2025-04,23,3,24303,4,0,1,0,0,0.333,0.5,0.833,7,0.0,1
23-3-2025-05,Chikkamagaluru,Crimes Against Women,2025-05,23,3,24304,5,1,0,1,2,0.667,0.5,0.917,8,0.125,0
23-3-2025-06,Chikkamagaluru,Crimes Against Women,2025-06,23,3,24305,6,0,1,0,2,0.333,0.5,0.75,14,0.0,1
23-3-2025-07,Chikkamagaluru,Crimes Against Women,2025-07,23,3,24306,7,1,0,1,0,0.667,0.5,0.667,18,0.0556,2
23-3-2025-08,Chikkamagaluru,Crimes Against Women,2025-08,23,3,24307,8,2,1,0,0,1.0,0.833,0.833,15,0.1333,3
23-3-2025-09,Chikkamagaluru,Crimes Against Women,2025-09,23,3,24308,9,3,2,1,3,2.0,1.167,1.083,15,0.2,2
23-3-2025-10,Chikkamagaluru,Crimes Against Women,2025-10,23,3,24309,10,2,3,2,1,2.333,1.5,1.0,14,0.1429,3
23-3-2025-11,Chikkamagaluru,Crimes Against Women,2025-11,23,3,24310,11,3,2,3,0,2.667,1.833,1.167,22,0.1364,2
23-3-2025-12,Chikkamagaluru,Crimes Against Women,2025-12,23,3,24311,12,2,3,2,1,2.333,2.167,1.333,24,0.0833,1
23-3-2026-01,Chikkamagaluru,Crimes Against Women,2026-01,23,3,24312,1,1,2,3,0,2.0,2.167,1.333,13,0.0769,0
23-3-2026-02,Chikkamagaluru,Crimes Against Women,2026-02,23,3,24313,2,0,1,2,1,1.0,1.833,1.333,19,0.0,3
23-3-2026-03,Chikkamagaluru,Crimes Against Women,2026-03,23,3,24314,3,3,0,1,0,1.333,1.833,1.5,21,0.1429,3
23-3-2026-04,Chikkamagaluru,Crimes Against Women,2026-04,23,3,24315,4,3,3,0,1,2.0,2.0,1.75,19,0.1579,2
23-3-2026-05,Chikkamagaluru,Crimes Against Women,2026-05,23,3,24316,5,2,3,3,0,2.667,1.833,1.833,31,0.0645,4
23-3-2026-06,Chikkamagaluru,Crimes Against Women,2026-06,23,3,24317,6,4,2,3,1,3.0,2.167,2.167,27,0.1481,2
23-4-2024-03,Chikkamagaluru,Cyber Crime,2024-03,23,4,24290,3,3,1,0,2,1.333,2.167,2.417,16,0.1875,2
23-4-2024-04,Chikkamagaluru,Cyber Crime,2024-04,23,4,24291,4,2,3,1,3,2.0,1.667,2.417,14,0.1429,2
23-4-2024-05,Chikkamagaluru,Cyber Crime,2024-05,23,4,24292,5,2,2,3,3,2.333,1.667,2.333,9,0.2222,5
23-4-2024-06,Chikkamagaluru,Cyber Crime,2024-06,23,4,24293,6,5,2,2,2,3.0,2.167,2.5,21,0.2381,1
23-4-2024-07,Chikkamagaluru,Cyber Crime,2024-07,23,4,24294,7,1,5,2,1,2.667,2.333,2.417,13,0.0769,5
23-4-2024-08,Chikkamagaluru,Cyber Crime,2024-08,23,4,24295,8,5,1,5,5,3.667,3.0,2.75,14,0.3571,1
23-4-2024-09,Chikkamagaluru,Cyber Crime,2024-09,23,4,24296,9,1,5,1,5,2.333,2.667,2.417,7,0.1429,4
23-4-2024-10,Chikkamagaluru,Cyber Crime,2024-10,23,4,24297,10,4,1,5,2,3.333,3.0,2.333,17,0.2353,2
23-4-2024-11,Chikkamagaluru,Cyber Crime,2024-11,23,4,24298,11,2,4,1,2,2.333,3.0,2.333,15,0.1333,5
23-4-2024-12,Chikkamagaluru,Cyber Crime,2024-12,23,4,24299,12,5,2,4,0,3.667,3.0,2.583,24,0.2083,2
23-4-2025-01,Chikkamagaluru,Cyber Crime,2025-01,23,4,24300,1,2,5,2,1,3.0,3.167,2.75,11,0.1818,3
23-4-2025-02,Chikkamagaluru,Cyber Crime,2025-02,23,4,24301,2,3,2,5,3,3.333,2.833,2.917,12,0.25,7
23-4-2025-03,Chikkamagaluru,Cyber Crime,2025-03,23,4,24302,3,7,3,2,2,4.0,3.833,3.25,24,0.2917,2
23-4-2025-04,Chikkamagaluru,Cyber Crime,2025-04,23,4,24303,4,2,7,3,2,4.0,3.5,3.25,7,0.2857,0
23-4-2025-05,Chikkamagaluru,Cyber Crime,2025-05,23,4,24304,5,0,2,7,5,3.0,3.167,3.083,8,0.0,3
23-4-2025-06,Chikkamagaluru,Cyber Crime,2025-06,23,4,24305,6,3,0,2,1,1.667,2.833,2.917,14,0.2143,4
23-4-2025-07,Chikkamagaluru,Cyber Crime,2025-07,23,4,24306,7,4,3,0,5,2.333,3.167,3.167,18,0.2222,3
23-4-2025-08,Chikkamagaluru,Cyber Crime,2025-08,23,4,24307,8,3,4,3,1,3.333,3.167,3.0,15,0.2,2
23-4-2025-09,Chikkamagaluru,Cyber Crime,2025-09,23,4,24308,9,2,3,4,4,3.0,2.333,3.083,15,0.1333,2
23-4-2025-10,Chikkamagaluru,Cyber Crime,2025-10,23,4,24309,10,2,2,3,2,2.333,2.333,2.917,14,0.1429,3
23-4-2025-11,Chikkamagaluru,Cyber Crime,2025-11,23,4,24310,11,3,2,2,5,2.333,2.833,3.0,22,0.1364,1
23-4-2025-12,Chikkamagaluru,Cyber Crime,2025-12,23,4,24311,12,1,3,2,2,2.0,2.5,2.667,24,0.0417,1
23-4-2026-01,Chikkamagaluru,Cyber Crime,2026-01,23,4,24312,1,1,1,3,3,1.667,2.0,2.583,13,0.0769,7
23-4-2026-02,Chikkamagaluru,Cyber Crime,2026-02,23,4,24313,2,7,1,1,7,3.0,2.667,2.917,19,0.3684,1
23-4-2026-03,Chikkamagaluru,Cyber Crime,2026-03,23,4,24314,3,1,7,1,2,3.0,2.5,2.417,21,0.0476,5
23-4-2026-04,Chikkamagaluru,Cyber Crime,2026-04,23,4,24315,4,5,1,7,0,4.333,3.0,2.667,19,0.2632,3
23-4-2026-05,Chikkamagaluru,Cyber Crime,2026-05,23,4,24316,5,3,5,1,3,3.0,3.0,2.917,31,0.0968,4
23-4-2026-06,Chikkamagaluru,Cyber Crime,2026-06,23,4,24317,6,4,3,5,4,4.0,3.5,3.0,27,0.1481,4
23-5-2024-03,Chikkamagaluru,Economic Offences,2024-03,23,5,24290,3,0,1,1,2,0.667,0.5,0.75,16,0.0,2
23-5-2024-04,Chikkamagaluru,Economic Offences,2024-04,23,5,24291,4,2,0,1,0,1.0,0.833,0.75,14,0.1429,2
23-5-2024-05,Chikkamagaluru,Economic Offences,2024-05,23,5,24292,5,2,2,0,1,1.333,1.167,0.917,9,0.2222,0
23-5-2024-06,Chikkamagaluru,Economic Offences,2024-06,23,5,24293,6,0,2,2,0,1.333,1.0,0.833,21,0.0,0
23-5-2024-07,Chikkamagaluru,Economic Offences,2024-07,23,5,24294,7,0,0,2,0,0.667,0.833,0.833,13,0.0,1
23-5-2024-08,Chikkamagaluru,Economic Offences,2024-08,23,5,24295,8,1,0,0,3,0.333,0.833,0.917,14,0.0714,0
23-5-2024-09,Chikkamagaluru,Economic Offences,2024-09,23,5,24296,9,0,1,0,0,0.333,0.833,0.667,7,0.0,1
23-5-2024-10,Chikkamagaluru,Economic Offences,2024-10,23,5,24297,10,1,0,1,0,0.667,0.667,0.75,17,0.0588,1
23-5-2024-11,Chikkamagaluru,Economic Offences,2024-11,23,5,24298,11,1,1,0,1,0.667,0.5,0.833,15,0.0667,0
23-5-2024-12,Chikkamagaluru,Economic Offences,2024-12,23,5,24299,12,0,1,1,1,0.667,0.5,0.75,24,0.0,0
23-5-2025-01,Chikkamagaluru,Economic Offences,2025-01,23,5,24300,1,0,0,1,1,0.333,0.5,0.667,11,0.0,1
23-5-2025-02,Chikkamagaluru,Economic Offences,2025-02,23,5,24301,2,1,0,0,0,0.333,0.5,0.667,12,0.0833,0
23-5-2025-03,Chikkamagaluru,Economic Offences,2025-03,23,5,24302,3,0,1,0,2,0.333,0.5,0.667,24,0.0,1
23-5-2025-04,Chikkamagaluru,Economic Offences,2025-04,23,5,24303,4,1,0,1,2,0.667,0.5,0.583,7,0.1429,0
23-5-2025-05,Chikkamagaluru,Economic Offences,2025-05,23,5,24304,5,0,1,0,0,0.333,0.333,0.417,8,0.0,1
23-5-2025-06,Chikkamagaluru,Economic Offences,2025-06,23,5,24305,6,1,0,1,0,0.667,0.5,0.5,14,0.0714,1
23-5-2025-07,Chikkamagaluru,Economic Offences,2025-07,23,5,24306,7,1,1,0,1,0.667,0.667,0.583,18,0.0556,0
23-5-2025-08,Chikkamagaluru,Economic Offences,2025-08,23,5,24307,8,0,1,1,0,0.667,0.5,0.5,15,0.0,2
23-5-2025-09,Chikkamagaluru,Economic Offences,2025-09,23,5,24308,9,2,0,1,1,1.0,0.833,0.667,15,0.1333,0
23-5-2025-10,Chikkamagaluru,Economic Offences,2025-10,23,5,24309,10,0,2,0,1,0.667,0.667,0.583,14,0.0,2
23-5-2025-11,Chikkamagaluru,Economic Offences,2025-11,23,5,24310,11,2,0,2,0,1.333,1.0,0.667,22,0.0909,2
23-5-2025-12,Chikkamagaluru,Economic Offences,2025-12,23,5,24311,12,2,2,0,0,1.333,1.167,0.833,24,0.0833,2
23-5-2026-01,Chikkamagaluru,Economic Offences,2026-01,23,5,24312,1,2,2,2,1,2.0,1.333,1.0,13,0.1538,1
23-5-2026-02,Chikkamagaluru,Economic Offences,2026-02,23,5,24313,2,1,2,2,0,1.667,1.5,1.0,19,0.0526,1
23-5-2026-03,Chikkamagaluru,Economic Offences,2026-03,23,5,24314,3,1,1,2,1,1.333,1.333,1.083,21,0.0476,3
23-5-2026-04,Chikkamagaluru,Economic Offences,2026-04,23,5,24315,4,3,1,1,0,1.667,1.833,1.25,19,0.1579,1
23-5-2026-05,Chikkamagaluru,Economic Offences,2026-05,23,5,24316,5,1,3,1,1,1.667,1.667,1.333,31,0.0323,1
23-5-2026-06,Chikkamagaluru,Economic Offences,2026-06,23,5,24317,6,1,1,3,1,1.667,1.5,1.333,27,0.037,1
23-6-2024-03,Chikkamagaluru,NDPS,2024-03,23,6,24290,3,0,1,0,0,0.333,0.667,0.75,16,0.0,0
23-6-2024-04,Chikkamagaluru,NDPS,2024-04,23,6,24291,4,0,0,1,2,0.333,0.667,0.75,14,0.0,0
23-6-2024-05,Chikkamagaluru,NDPS,2024-05,23,6,24292,5,0,0,0,1,0.0,0.167,0.583,9,0.0,0
23-6-2024-06,Chikkamagaluru,NDPS,2024-06,23,6,24293,6,0,0,0,2,0.0,0.167,0.5,21,0.0,0
23-6-2024-07,Chikkamagaluru,NDPS,2024-07,23,6,24294,7,0,0,0,0,0.0,0.167,0.333,13,0.0,0
23-6-2024-08,Chikkamagaluru,NDPS,2024-08,23,6,24295,8,0,0,0,0,0.0,0.0,0.333,14,0.0,0
23-6-2024-09,Chikkamagaluru,NDPS,2024-09,23,6,24296,9,0,0,0,0,0.0,0.0,0.333,7,0.0,0
23-6-2024-10,Chikkamagaluru,NDPS,2024-10,23,6,24297,10,0,0,0,3,0.0,0.0,0.333,17,0.0,0
23-6-2024-11,Chikkamagaluru,NDPS,2024-11,23,6,24298,11,0,0,0,0,0.0,0.0,0.083,15,0.0,0
23-6-2024-12,Chikkamagaluru,NDPS,2024-12,23,6,24299,12,0,0,0,0,0.0,0.0,0.083,24,0.0,2
23-6-2025-01,Chikkamagaluru,NDPS,2025-01,23,6,24300,1,2,0,0,1,0.667,0.333,0.25,11,0.1818,0
23-6-2025-02,Chikkamagaluru,NDPS,2025-02,23,6,24301,2,0,2,0,0,0.667,0.333,0.167,12,0.0,1
23-6-2025-03,Chikkamagaluru,NDPS,2025-03,23,6,24302,3,1,0,2,0,1.0,0.5,0.25,24,0.0417,0
23-6-2025-04,Chikkamagaluru,NDPS,2025-04,23,6,24303,4,0,1,0,0,0.333,0.5,0.25,7,0.0,0
23-6-2025-05,Chikkamagaluru,NDPS,2025-05,23,6,24304,5,0,0,1,0,0.333,0.5,0.25,8,0.0,1
23-6-2025-06,Chikkamagaluru,NDPS,2025-06,23,6,24305,6,1,0,0,0,0.333,0.667,0.333,14,0.0714,1
23-6-2025-07,Chikkamagaluru,NDPS,2025-07,23,6,24306,7,1,1,0,0,0.667,0.5,0.417,18,0.0556,1
23-6-2025-08,Chikkamagaluru,NDPS,2025-08,23,6,24307,8,1,1,1,0,1.0,0.667,0.5,15,0.0667,0
23-6-2025-09,Chikkamagaluru,NDPS,2025-09,23,6,24308,9,0,1,1,0,0.667,0.5,0.5,15,0.0,0
23-6-2025-10,Chikkamagaluru,NDPS,2025-10,23,6,24309,10,0,0,1,0,0.333,0.5,0.5,14,0.0,0
23-6-2025-11,Chikkamagaluru,NDPS,2025-11,23,6,24310,11,0,0,0,0,0.0,0.5,0.5,22,0.0,1
23-6-2025-12,Chikkamagaluru,NDPS,2025-12,23,6,24311,12,1,0,0,2,0.333,0.5,0.583,24,0.0417,0
23-6-2026-01,Chikkamagaluru,NDPS,2026-01,23,6,24312,1,0,1,0,0,0.333,0.333,0.417,13,0.0,2
23-6-2026-02,Chikkamagaluru,NDPS,2026-02,23,6,24313,2,2,0,1,1,1.0,0.5,0.583,19,0.1053,1
23-6-2026-03,Chikkamagaluru,NDPS,2026-03,23,6,24314,3,1,2,0,0,1.0,0.667,0.583,21,0.0476,1
23-6-2026-04,Chikkamagaluru,NDPS,2026-04,23,6,24315,4,1,1,2,0,1.333,0.833,0.667,19,0.0526,1
23-6-2026-05,Chikkamagaluru,NDPS,2026-05,23,6,24316,5,1,1,1,1,1.0,1.0,0.75,31,0.0323,1
23-6-2026-06,Chikkamagaluru,NDPS,2026-06,23,6,24317,6,1,1,1,1,1.0,1.0,0.75,27,0.037,0
23-7-2024-10,Chikkamagaluru,Missing / UDR,2024-10,23,7,24297,10,1,1,0,1,0.667,0.667,0.667,17,0.0588,2
23-7-2024-11,Chikkamagaluru,Missing / UDR,2024-11,23,7,24298,11,2,1,1,2,1.333,1.0,0.75,15,0.1333,0
23-7-2024-12,Chikkamagaluru,Missing / UDR,2024-12,23,7,24299,12,0,2,1,0,1.0,0.667,0.583,24,0.0,0
23-7-2025-01,Chikkamagaluru,Missing / UDR,2025-01,23,7,24300,1,0,0,2,1,0.667,0.667,0.583,11,0.0,0
23-7-2025-02,Chikkamagaluru,Missing / UDR,2025-02,23,7,24301,2,0,0,0,0,0.0,0.667,0.5,12,0.0,1
23-7-2025-03,Chikkamagaluru,Missing / UDR,2025-03,23,7,24302,3,1,0,0,0,0.333,0.667,0.583,24,0.0417,1
23-7-2025-04,Chikkamagaluru,Missing / UDR,2025-04,23,7,24303,4,1,1,0,0,0.667,0.667,0.667,7,0.1429,1
23-7-2025-05,Chikkamagaluru,Missing / UDR,2025-05,23,7,24304,5,1,1,1,2,1.0,0.5,0.75,8,0.125,3
23-7-2025-06,Chikkamagaluru,Missing / UDR,2025-06,23,7,24305,6,3,1,1,0,1.667,1.0,0.833,14,0.2143,2
23-7-2025-07,Chikkamagaluru,Missing / UDR,2025-07,23,7,24306,7,2,3,1,0,2.0,1.333,1.0,18,0.1111,2
23-7-2025-08,Chikkamagaluru,Missing / UDR,2025-08,23,7,24307,8,2,2,3,1,2.333,1.667,1.167,15,0.1333,1
23-7-2025-09,Chikkamagaluru,Missing / UDR,2025-09,23,7,24308,9,1,2,2,1,1.667,1.667,1.167,15,0.0667,2
23-7-2025-10,Chikkamagaluru,Missing / UDR,2025-10,23,7,24309,10,2,1,2,2,1.667,1.833,1.25,14,0.1429,0
23-7-2025-11,Chikkamagaluru,Missing / UDR,2025-11,23,7,24310,11,0,2,1,0,1.0,1.667,1.083,22,0.0,0
23-7-2025-12,Chikkamagaluru,Missing / UDR,2025-12,23,7,24311,12,0,0,2,0,0.667,1.167,1.083,24,0.0,1
23-7-2026-01,Chikkamagaluru,Missing / UDR,2026-01,23,7,24312,1,1,0,0,0,0.333,1.0,1.167,13,0.0769,1
23-7-2026-02,Chikkamagaluru,Missing / UDR,2026-02,23,7,24313,2,1,1,0,1,0.667,0.833,1.25,19,0.0526,2
23-7-2026-03,Chikkamagaluru,Missing / UDR,2026-03,23,7,24314,3,2,1,1,1,1.333,1.0,1.333,21,0.0952,0
23-7-2026-04,Chikkamagaluru,Missing / UDR,2026-04,23,7,24315,4,0,2,1,1,1.0,0.667,1.25,19,0.0,1
23-7-2026-05,Chikkamagaluru,Missing / UDR,2026-05,23,7,24316,5,1,0,2,3,1.0,0.833,1.25,31,0.0323,1
23-7-2026-06,Chikkamagaluru,Missing / UDR,2026-06,23,7,24317,6,1,1,0,2,0.667,1.0,1.083,27,0.037,2
23-8-2024-06,Chikkamagaluru,Traffic / PAR,2024-06,23,8,24293,6,0,1,0,0,0.333,0.833,0.667,21,0.0,2
23-8-2024-07,Chikkamagaluru,Traffic / PAR,2024-07,23,8,24294,7,2,0,1,1,1.0,1.167,0.833,13,0.1538,1
23-8-2024-08,Chikkamagaluru,Traffic / PAR,2024-08,23,8,24295,8,1,2,0,1,1.0,1.167,0.833,14,0.0714,0
23-8-2024-09,Chikkamagaluru,Traffic / PAR,2024-09,23,8,24296,9,0,1,2,1,1.0,0.667,0.75,7,0.0,0
23-8-2024-10,Chikkamagaluru,Traffic / PAR,2024-10,23,8,24297,10,0,0,1,0,0.333,0.667,0.667,17,0.0,0
23-8-2024-11,Chikkamagaluru,Traffic / PAR,2024-11,23,8,24298,11,0,0,0,0,0.0,0.5,0.667,15,0.0,3
23-8-2024-12,Chikkamagaluru,Traffic / PAR,2024-12,23,8,24299,12,3,0,0,0,1.0,1.0,0.917,24,0.125,0
23-8-2025-01,Chikkamagaluru,Traffic / PAR,2025-01,23,8,24300,1,0,3,0,1,1.0,0.667,0.917,11,0.0,1
23-8-2025-02,Chikkamagaluru,Traffic / PAR,2025-02,23,8,24301,2,1,0,3,3,1.333,0.667,0.917,12,0.0833,1
23-8-2025-03,Chikkamagaluru,Traffic / PAR,2025-03,23,8,24302,3,1,1,0,0,0.667,0.833,0.75,24,0.0417,1
23-8-2025-04,Chikkamagaluru,Traffic / PAR,2025-04,23,8,24303,4,1,1,1,1,1.0,1.0,0.833,7,0.1429,0
23-8-2025-05,Chikkamagaluru,Traffic / PAR,2025-05,23,8,24304,5,0,1,1,0,0.667,1.0,0.75,8,0.0,1
23-8-2025-06,Chikkamagaluru,Traffic / PAR,2025-06,23,8,24305,6,1,0,1,2,0.667,0.667,0.833,14,0.0714,1
23-8-2025-07,Chikkamagaluru,Traffic / PAR,2025-07,23,8,24306,7,1,1,0,1,0.667,0.833,0.75,18,0.0556,1
23-8-2025-08,Chikkamagaluru,Traffic / PAR,2025-08,23,8,24307,8,1,1,1,0,1.0,0.833,0.75,15,0.0667,1
23-8-2025-09,Chikkamagaluru,Traffic / PAR,2025-09,23,8,24308,9,1,1,1,0,1.0,0.833,0.833,15,0.0667,3
23-8-2025-10,Chikkamagaluru,Traffic / PAR,2025-10,23,8,24309,10,3,1,1,0,1.667,1.167,1.083,14,0.2143,1
23-8-2025-11,Chikkamagaluru,Traffic / PAR,2025-11,23,8,24310,11,1,3,1,3,1.667,1.333,1.167,22,0.0455,1
23-8-2025-12,Chikkamagaluru,Traffic / PAR,2025-12,23,8,24311,12,1,1,3,0,1.667,1.333,1.0,24,0.0417,0
23-8-2026-01,Chikkamagaluru,Traffic / PAR,2026-01,23,8,24312,1,0,1,1,1,0.667,1.167,1.0,13,0.0,2
23-8-2026-02,Chikkamagaluru,Traffic / PAR,2026-02,23,8,24313,2,2,0,1,1,1.0,1.333,1.083,19,0.1053,2
23-8-2026-03,Chikkamagaluru,Traffic / PAR,2026-03,23,8,24314,3,2,2,0,1,1.333,1.5,1.167,21,0.0952,1
23-8-2026-04,Chikkamagaluru,Traffic / PAR,2026-04,23,8,24315,4,1,2,2,0,1.667,1.167,1.167,19,0.0526,2
23-8-2026-05,Chikkamagaluru,Traffic / PAR,2026-05,23,8,24316,5,2,1,2,1,1.667,1.333,1.333,31,0.0645,2
23-8-2026-06,Chikkamagaluru,Traffic / PAR,2026-06,23,8,24317,6,2,2,1,1,1.667,1.5,1.417,27,0.0741,2
24-1-2024-02,Chamarajanagar,Crimes Against Body,2024-02,24,1,24289,2,0,2,3,0,1.667,1.833,1.5,11,0.0,2
24-1-2024-03,Chamarajanagar,Crimes Against Body,2024-03,24,1,24290,3,2,0,2,1,1.333,1.833,1.667,9,0.2222,2
24-1-2024-04,Chamarajanagar,Crimes Against Body,2024-04,24,1,24291,4,2,2,0,1,1.333,1.667,1.75,6,0.3333,1
24-1-2024-05,Chamarajanagar,Crimes Against Body,2024-05,24,1,24292,5,1,2,2,3,1.667,1.667,1.75,9,0.1111,3
24-1-2024-06,Chamarajanagar,Crimes Against Body,2024-06,24,1,24293,6,3,1,2,0,2.0,1.667,1.75,8,0.375,0
24-1-2024-07,Chamarajanagar,Crimes Against Body,2024-07,24,1,24294,7,0,3,1,2,1.333,1.333,1.75,8,0.0,0
24-1-2024-08,Chamarajanagar,Crimes Against Body,2024-08,24,1,24295,8,0,0,3,2,1.0,1.333,1.583,7,0.0,4
24-1-2024-09,Chamarajanagar,Crimes Against Body,2024-09,24,1,24296,9,4,0,0,3,1.333,1.667,1.75,13,0.3077,2
24-1-2024-10,Chamarajanagar,Crimes Against Body,2024-10,24,1,24297,10,2,4,0,1,2.0,1.667,1.667,13,0.1538,0
24-1-2024-11,Chamarajanagar,Crimes Against Body,2024-11,24,1,24298,11,0,2,4,3,2.0,1.5,1.583,19,0.0,1
24-1-2024-12,Chamarajanagar,Crimes Against Body,2024-12,24,1,24299,12,1,0,2,2,1.0,1.167,1.417,7,0.1429,3
24-1-2025-01,Chamarajanagar,Crimes Against Body,2025-01,24,1,24300,1,3,1,0,0,1.333,1.667,1.5,14,0.2143,2
24-1-2025-02,Chamarajanagar,Crimes Against Body,2025-02,24,1,24301,2,2,3,1,2,2.0,2.0,1.667,12,0.1667,0
24-1-2025-03,Chamarajanagar,Crimes Against Body,2025-03,24,1,24302,3,0,2,3,2,1.667,1.333,1.5,9,0.0,1
24-1-2025-04,Chamarajanagar,Crimes Against Body,2025-04,24,1,24303,4,1,0,2,1,1.0,1.167,1.417,11,0.0909,2
24-1-2025-05,Chamarajanagar,Crimes Against Body,2025-05,24,1,24304,5,2,1,0,3,1.0,1.5,1.5,10,0.2,3
24-1-2025-06,Chamarajanagar,Crimes Against Body,2025-06,24,1,24305,6,3,2,1,0,2.0,1.833,1.5,6,0.5,2
24-1-2025-07,Chamarajanagar,Crimes Against Body,2025-07,24,1,24306,7,2,3,2,0,2.333,1.667,1.667,8,0.25,1
24-1-2025-08,Chamarajanagar,Crimes Against Body,2025-08,24,1,24307,8,1,2,3,4,2.0,1.5,1.75,8,0.125,2
24-1-2025-09,Chamarajanagar,Crimes Against Body,2025-09,24,1,24308,9,2,1,2,2,1.667,1.833,1.583,5,0.4,0
24-1-2025-10,Chamarajanagar,Crimes Against Body,2025-10,24,1,24309,10,0,2,1,0,1.0,1.667,1.417,7,0.0,0
24-1-2025-11,Chamarajanagar,Crimes Against Body,2025-11,24,1,24310,11,0,0,2,1,0.667,1.333,1.417,10,0.0,1
24-1-2025-12,Chamarajanagar,Crimes Against Body,2025-12,24,1,24311,12,1,0,0,3,0.333,1.0,1.417,11,0.0909,2
24-1-2026-01,Chamarajanagar,Crimes Against Body,2026-01,24,1,24312,1,2,1,0,2,1.0,1.0,1.333,7,0.2857,1
24-1-2026-02,Chamarajanagar,Crimes Against Body,2026-02,24,1,24313,2,1,2,1,0,1.333,1.0,1.25,20,0.05,5
24-1-2026-03,Chamarajanagar,Crimes Against Body,2026-03,24,1,24314,3,5,1,2,1,2.667,1.5,1.667,15,0.3333,3
24-1-2026-04,Chamarajanagar,Crimes Against Body,2026-04,24,1,24315,4,3,5,1,2,3.0,2.0,1.833,14,0.2143,3
24-1-2026-05,Chamarajanagar,Crimes Against Body,2026-05,24,1,24316,5,3,3,5,3,3.667,2.5,1.917,20,0.15,6
24-1-2026-06,Chamarajanagar,Crimes Against Body,2026-06,24,1,24317,6,6,3,3,2,4.0,3.333,2.167,22,0.2727,2
24-2-2024-02,Chamarajanagar,Crimes Against Property,2024-02,24,2,24289,2,2,8,8,3,6.0,5.333,4.333,11,0.1818,4
24-2-2024-03,Chamarajanagar,Crimes Against Property,2024-03,24,2,24290,3,4,2,8,4,4.667,5.5,4.417,9,0.4444,2
24-2-2024-04,Chamarajanagar,Crimes Against Property,2024-04,24,2,24291,4,2,4,2,1,2.667,5.667,4.25,6,0.3333,3
24-2-2024-05,Chamarajanagar,Crimes Against Property,2024-05,24,2,24292,5,3,2,4,7,3.0,4.5,4.417,9,0.3333,2
24-2-2024-06,Chamarajanagar,Crimes Against Property,2024-06,24,2,24293,6,2,3,2,4,2.333,3.5,4.0,8,0.25,3
24-2-2024-07,Chamarajanagar,Crimes Against Property,2024-07,24,2,24294,7,3,2,3,1,2.667,2.667,3.917,8,0.375,4
24-2-2024-08,Chamarajanagar,Crimes Against Property,2024-08,24,2,24295,8,4,3,2,3,3.0,3.0,4.167,7,0.5714,4
24-2-2024-09,Chamarajanagar,Crimes Against Property,2024-09,24,2,24296,9,4,4,3,1,3.667,3.0,4.25,13,0.3077,3
24-2-2024-10,Chamarajanagar,Crimes Against Property,2024-10,24,2,24297,10,3,4,4,10,3.667,3.167,4.417,13,0.2308,17
24-2-2024-11,Chamarajanagar,Crimes Against Property,2024-11,24,2,24298,11,17,3,4,8,8.0,5.5,5.0,19,0.8947,4
24-2-2024-12,Chamarajanagar,Crimes Against Property,2024-12,24,2,24299,12,4,17,3,8,8.0,5.833,4.667,7,0.5714,8
24-2-2025-01,Chamarajanagar,Crimes Against Property,2025-01,24,2,24300,1,8,4,17,2,9.667,6.667,4.667,14,0.5714,5
24-2-2025-02,Chamarajanagar,Crimes Against Property,2025-02,24,2,24301,2,5,8,4,4,5.667,6.833,4.917,12,0.4167,3
24-2-2025-03,Chamarajanagar,Crimes Against Property,2025-03,24,2,24302,3,3,5,8,2,5.333,6.667,4.833,9,0.3333,4
24-2-2025-04,Chamarajanagar,Crimes Against Property,2025-04,24,2,24303,4,4,3,5,3,4.0,6.833,5.0,11,0.3636,5
24-2-2025-05,Chamarajanagar,Crimes Against Property,2025-05,24,2,24304,5,5,4,3,2,4.0,4.833,5.167,10,0.5,2
24-2-2025-06,Chamarajanagar,Crimes Against Property,2025-06,24,2,24305,6,2,5,4,3,3.667,4.5,5.167,6,0.3333,3
24-2-2025-07,Chamarajanagar,Crimes Against Property,2025-07,24,2,24306,7,3,2,5,4,3.333,3.667,5.167,8,0.375,2
24-2-2025-08,Chamarajanagar,Crimes Against Property,2025-08,24,2,24307,8,2,3,2,4,2.333,3.167,5.0,8,0.25,2
24-2-2025-09,Chamarajanagar,Crimes Against Property,2025-09,24,2,24308,9,2,2,3,3,2.333,3.0,4.833,5,0.4,4
24-2-2025-10,Chamarajanagar,Crimes Against Property,2025-10,24,2,24309,10,4,2,2,17,2.667,3.0,4.917,7,0.5714,9
24-2-2025-11,Chamarajanagar,Crimes Against Property,2025-11,24,2,24310,11,9,4,2,4,5.0,3.667,4.25,10,0.9,4
24-2-2025-12,Chamarajanagar,Crimes Against Property,2025-12,24,2,24311,12,4,9,4,8,5.667,4.0,4.25,11,0.3636,2
24-2-2026-01,Chamarajanagar,Crimes Against Property,2026-01,24,2,24312,1,2,4,9,5,5.0,3.833,3.75,7,0.2857,9
24-2-2026-02,Chamarajanagar,Crimes Against Property,2026-02,24,2,24313,2,9,2,4,3,5.0,5.0,4.083,20,0.45,6
24-2-2026-03,Chamarajanagar,Crimes Against Property,2026-03,24,2,24314,3,6,9,2,4,5.667,5.667,4.333,15,0.4,3
24-2-2026-04,Chamarajanagar,Crimes Against Property,2026-04,24,2,24315,4,3,6,9,5,6.0,5.5,4.25,14,0.2143,7
24-2-2026-05,Chamarajanagar,Crimes Against Property,2026-05,24,2,24316,5,7,3,6,2,5.333,5.167,4.417,20,0.35,3
24-2-2026-06,Chamarajanagar,Crimes Against Property,2026-06,24,2,24317,6,3,7,3,3,4.333,5.0,4.5,22,0.1364,10
24-3-2024-05,Chamarajanagar,Crimes Against Women,2024-05,24,3,24292,5,0,0,1,1,0.333,0.833,0.917,9,0.0,0
24-3-2024-06,Chamarajanagar,Crimes Against Women,2024-06,24,3,24293,6,0,0,0,0,0.0,0.833,0.833,8,0.0,1
24-3-2024-07,Chamarajanagar,Crimes Against Women,2024-07,24,3,24294,7,1,0,0,1,0.333,0.833,0.917,8,0.125,0
24-3-2024-08,Chamarajanagar,Crimes Against Women,2024-08,24,3,24295,8,0,1,0,0,0.333,0.333,0.833,7,0.0,0
24-3-2024-09,Chamarajanagar,Crimes Against Women,2024-09,24,3,24296,9,0,0,1,2,0.333,0.167,0.833,13,0.0,3
24-3-2024-10,Chamarajanagar,Crimes Against Women,2024-10,24,3,24297,10,3,0,0,2,1.0,0.667,0.917,13,0.2308,2
24-3-2024-11,Chamarajanagar,Crimes Against Women,2024-11,24,3,24298,11,2,3,0,0,1.667,1.0,0.917,19,0.1053,0
24-3-2024-12,Chamarajanagar,Crimes Against Women,2024-12,24,3,24299,12,0,2,3,1,1.667,1.0,0.917,7,0.0,0
24-3-2025-01,Chamarajanagar,Crimes Against Women,2025-01,24,3,24300,1,0,0,2,3,0.667,0.833,0.833,14,0.0,0
24-3-2025-02,Chamarajanagar,Crimes Against Women,2025-02,24,3,24301,2,0,0,0,1,0.0,0.833,0.583,12,0.0,0
24-3-2025-03,Chamarajanagar,Crimes Against Women,2025-03,24,3,24302,3,0,0,0,0,0.0,0.833,0.5,9,0.0,0
24-3-2025-04,Chamarajanagar,Crimes Against Women,2025-04,24,3,24303,4,0,0,0,0,0.0,0.333,0.5,11,0.0,0
24-3-2025-05,Chamarajanagar,Crimes Against Women,2025-05,24,3,24304,5,0,0,0,0,0.0,0.0,0.5,10,0.0,0
24-3-2025-06,Chamarajanagar,Crimes Against Women,2025-06,24,3,24305,6,0,0,0,1,0.0,0.0,0.5,6,0.0,0
24-3-2025-07,Chamarajanagar,Crimes Against Women,2025-07,24,3,24306,7,0,0,0,0,0.0,0.0,0.417,8,0.0,1
24-3-2025-08,Chamarajanagar,Crimes Against Women,2025-08,24,3,24307,8,1,0,0,0,0.333,0.167,0.5,8,0.125,0
24-3-2025-09,Chamarajanagar,Crimes Against Women,2025-09,24,3,24308,9,0,1,0,3,0.333,0.167,0.5,5,0.0,0
24-3-2025-10,Chamarajanagar,Crimes Against Women,2025-10,24,3,24309,10,0,0,1,2,0.333,0.167,0.25,7,0.0,0
24-3-2025-11,Chamarajanagar,Crimes Against Women,2025-11,24,3,24310,11,0,0,0,0,0.0,0.167,0.083,10,0.0,0
24-3-2025-12,Chamarajanagar,Crimes Against Women,2025-12,24,3,24311,12,0,0,0,0,0.0,0.167,0.083,11,0.0,0
24-3-2026-01,Chamarajanagar,Crimes Against Women,2026-01,24,3,24312,1,0,0,0,0,0.0,0.167,0.083,7,0.0,2
24-3-2026-02,Chamarajanagar,Crimes Against Women,2026-02,24,3,24313,2,2,0,0,0,0.667,0.333,0.25,20,0.1,1
24-3-2026-03,Chamarajanagar,Crimes Against Women,2026-03,24,3,24314,3,1,2,0,0,1.0,0.5,0.333,15,0.0667,2
24-3-2026-04,Chamarajanagar,Crimes Against Women,2026-04,24,3,24315,4,2,1,2,0,1.667,0.833,0.5,14,0.1429,1
24-3-2026-05,Chamarajanagar,Crimes Against Women,2026-05,24,3,24316,5,1,2,1,0,1.333,1.0,0.583,20,0.05,1
24-3-2026-06,Chamarajanagar,Crimes Against Women,2026-06,24,3,24317,6,1,1,2,0,1.333,1.167,0.667,22,0.0455,2
24-4-2024-03,Chamarajanagar,Cyber Crime,2024-03,24,4,24290,3,0,2,0,1,0.667,1.167,1.25,9,0.0,0
24-4-2024-04,Chamarajanagar,Cyber Crime,2024-04,24,4,24291,4,0,0,2,1,0.667,0.667,1.167,6,0.0,4
24-4-2024-05,Chamarajanagar,Cyber Crime,2024-05,24,4,24292,5,4,0,0,3,1.333,1.167,1.417,9,0.4444,0
24-4-2024-06,Chamarajanagar,Cyber Crime,2024-06,24,4,24293,6,0,4,0,2,1.333,1.0,1.167,8,0.0,2
24-4-2024-07,Chamarajanagar,Cyber Crime,2024-07,24,4,24294,7,2,0,4,1,2.0,1.333,1.167,8,0.25,2
24-4-2024-08,Chamarajanagar,Cyber Crime,2024-08,24,4,24295,8,2,2,0,0,1.333,1.333,1.25,7,0.2857,4
24-4-2024-09,Chamarajanagar,Cyber Crime,2024-09,24,4,24296,9,4,2,2,3,2.667,2.0,1.583,13,0.3077,1
24-4-2024-10,Chamarajanagar,Cyber Crime,2024-10,24,4,24297,10,1,4,2,1,2.333,2.167,1.417,13,0.0769,0
24-4-2024-11,Chamarajanagar,Cyber Crime,2024-11,24,4,24298,11,0,1,4,1,1.667,1.5,1.333,19,0.0,1
24-4-2024-12,Chamarajanagar,Cyber Crime,2024-12,24,4,24299,12,1,0,1,0,0.667,1.667,1.333,7,0.1429,1
24-4-2025-01,Chamarajanagar,Cyber Crime,2025-01,24,4,24300,1,1,1,0,2,0.667,1.5,1.417,14,0.0714,3
24-4-2025-02,Chamarajanagar,Cyber Crime,2025-02,24,4,24301,2,3,1,1,0,1.667,1.667,1.5,12,0.25,5
24-4-2025-03,Chamarajanagar,Cyber Crime,2025-03,24,4,24302,3,5,3,1,0,3.0,1.833,1.917,9,0.5556,3
24-4-2025-04,Chamarajanagar,Cyber Crime,2025-04,24,4,24303,4,3,5,3,4,3.667,2.167,2.167,11,0.2727,2
24-4-2025-05,Chamarajanagar,Cyber Crime,2025-05,24,4,24304,5,2,3,5,0,3.333,2.5,2.0,10,0.2,1
24-4-2025-06,Chamarajanagar,Cyber Crime,2025-06,24,4,24305,6,1,2,3,2,2.0,2.5,2.083,6,0.1667,1
24-4-2025-07,Chamarajanagar,Cyber Crime,2025-07,24,4,24306,7,1,1,2,2,1.333,2.5,2.0,8,0.125,3
24-4-2025-08,Chamarajanagar,Cyber Crime,2025-08,24,4,24307,8,3,1,1,4,1.667,2.5,2.083,8,0.375,0
24-4-2025-09,Chamarajanagar,Cyber Crime,2025-09,24,4,24308,9,0,3,1,1,1.333,1.667,1.75,5,0.0,2
24-4-2025-10,Chamarajanagar,Cyber Crime,2025-10,24,4,24309,10,2,0,3,0,1.667,1.5,1.833,7,0.2857,1
24-4-2025-11,Chamarajanagar,Cyber Crime,2025-11,24,4,24310,11,1,2,0,1,1.0,1.333,1.917,10,0.1,3
24-4-2025-12,Chamarajanagar,Cyber Crime,2025-12,24,4,24311,12,3,1,2,1,2.0,1.667,2.083,11,0.2727,1
24-4-2026-01,Chamarajanagar,Cyber Crime,2026-01,24,4,24312,1,1,3,1,3,1.667,1.667,2.083,7,0.1429,4
24-4-2026-02,Chamarajanagar,Cyber Crime,2026-02,24,4,24313,2,4,1,3,5,2.667,1.833,2.167,20,0.2,2
24-4-2026-03,Chamarajanagar,Cyber Crime,2026-03,24,4,24314,3,2,4,1,3,2.333,2.167,1.917,15,0.1333,4
24-4-2026-04,Chamarajanagar,Cyber Crime,2026-04,24,4,24315,4,4,2,4,2,3.333,2.5,2.0,14,0.2857,8
24-4-2026-05,Chamarajanagar,Cyber Crime,2026-05,24,4,24316,5,8,4,2,1,4.667,3.667,2.5,20,0.4,4
24-4-2026-06,Chamarajanagar,Cyber Crime,2026-06,24,4,24317,6,4,8,4,1,5.333,3.833,2.75,22,0.1818,2
24-5-2024-04,Chamarajanagar,Economic Offences,2024-04,24,5,24291,4,2,1,0,2,1.0,1.167,0.833,6,0.3333,0
24-5-2024-05,Chamarajanagar,Economic Offences,2024-05,24,5,24292,5,0,2,1,0,1.0,1.0,0.667,9,0.0,0
24-5-2024-06,Chamarajanagar,Economic Offences,2024-06,24,5,24293,6,0,0,2,0,0.667,0.5,0.667,8,0.0,2
24-5-2024-07,Chamarajanagar,Economic Offences,2024-07,24,5,24294,7,2,0,0,1,0.667,0.833,0.833,8,0.25,1
24-5-2024-08,Chamarajanagar,Economic Offences,2024-08,24,5,24295,8,1,2,0,0,1.0,1.0,0.833,7,0.1429,0
24-5-2024-09,Chamarajanagar,Economic Offences,2024-09,24,5,24296,9,0,1,2,0,1.0,0.833,0.833,13,0.0,1
24-5-2024-10,Chamarajanagar,Economic Offences,2024-10,24,5,24297,10,1,0,1,1,0.667,0.667,0.917,13,0.0769,0
24-5-2024-11,Chamarajanagar,Economic Offences,2024-11,24,5,24298,11,0,1,0,3,0.333,0.667,0.833,19,0.0,1
24-5-2024-12,Chamarajanagar,Economic Offences,2024-12,24,5,24299,12,1,0,1,0,0.667,0.833,0.667,7,0.1429,0
24-5-2025-01,Chamarajanagar,Economic Offences,2025-01,24,5,24300,1,0,1,0,0,0.333,0.5,0.667,14,0.0,1
24-5-2025-02,Chamarajanagar,Economic Offences,2025-02,24,5,24301,2,1,0,1,1,0.667,0.5,0.75,12,0.0833,0
24-5-2025-03,Chamarajanagar,Economic Offences,2025-03,24,5,24302,3,0,1,0,2,0.333,0.5,0.667,9,0.0,2
24-5-2025-04,Chamarajanagar,Economic Offences,2025-04,24,5,24303,4,2,0,1,0,1.0,0.667,0.667,11,0.1818,1
24-5-2025-05,Chamarajanagar,Economic Offences,2025-05,24,5,24304,5,1,2,0,0,1.0,0.833,0.75,10,0.1,0
24-5-2025-06,Chamarajanagar,Economic Offences,2025-06,24,5,24305,6,0,1,2,2,1.0,0.667,0.75,6,0.0,1
24-5-2025-07,Chamarajanagar,Economic Offences,2025-07,24,5,24306,7,1,0,1,1,0.667,0.833,0.667,8,0.125,0
24-5-2025-08,Chamarajanagar,Economic Offences,2025-08,24,5,24307,8,0,1,0,0,0.333,0.667,0.583,8,0.0,1
24-5-2025-09,Chamarajanagar,Economic Offences,2025-09,24,5,24308,9,1,0,1,1,0.667,0.833,0.667,5,0.2,0
24-5-2025-10,Chamarajanagar,Economic Offences,2025-10,24,5,24309,10,0,1,0,0,0.333,0.5,0.583,7,0.0,0
24-5-2025-11,Chamarajanagar,Economic Offences,2025-11,24,5,24310,11,0,0,1,1,0.333,0.333,0.583,10,0.0,2
24-5-2025-12,Chamarajanagar,Economic Offences,2025-12,24,5,24311,12,2,0,0,0,0.667,0.667,0.667,11,0.1818,2
24-5-2026-01,Chamarajanagar,Economic Offences,2026-01,24,5,24312,1,2,2,0,1,1.333,0.833,0.833,7,0.2857,2
24-5-2026-02,Chamarajanagar,Economic Offences,2026-02,24,5,24313,2,2,2,2,0,2.0,1.167,0.917,20,0.1,1
24-5-2026-03,Chamarajanagar,Economic Offences,2026-03,24,5,24314,3,1,2,2,2,1.667,1.167,1.0,15,0.0667,0
24-5-2026-04,Chamarajanagar,Economic Offences,2026-04,24,5,24315,4,0,1,2,1,1.0,1.167,0.833,14,0.0,1
24-5-2026-05,Chamarajanagar,Economic Offences,2026-05,24,5,24316,5,1,0,1,0,0.667,1.333,0.833,20,0.05,3
24-5-2026-06,Chamarajanagar,Economic Offences,2026-06,24,5,24317,6,3,1,0,1,1.333,1.5,1.083,22,0.1364,3
24-6-2024-03,Chamarajanagar,NDPS,2024-03,24,6,24290,3,0,1,0,0,0.333,0.167,0.083,9,0.0,0
24-6-2024-04,Chamarajanagar,NDPS,2024-04,24,6,24291,4,0,0,1,0,0.333,0.167,0.083,6,0.0,0
24-6-2024-05,Chamarajanagar,NDPS,2024-05,24,6,24292,5,0,0,0,0,0.0,0.167,0.083,9,0.0,0
24-6-2024-06,Chamarajanagar,NDPS,2024-06,24,6,24293,6,0,0,0,0,0.0,0.167,0.083,8,0.0,0
24-6-2024-07,Chamarajanagar,NDPS,2024-07,24,6,24294,7,0,0,0,0,0.0,0.167,0.083,8,0.0,0
24-6-2024-08,Chamarajanagar,NDPS,2024-08,24,6,24295,8,0,0,0,0,0.0,0.0,0.083,7,0.0,1
24-6-2024-09,Chamarajanagar,NDPS,2024-09,24,6,24296,9,1,0,0,0,0.333,0.167,0.167,13,0.0769,0
24-6-2024-10,Chamarajanagar,NDPS,2024-10,24,6,24297,10,0,1,0,0,0.333,0.167,0.167,13,0.0,0
24-6-2024-11,Chamarajanagar,NDPS,2024-11,24,6,24298,11,0,0,1,0,0.333,0.167,0.167,19,0.0,0
24-6-2024-12,Chamarajanagar,NDPS,2024-12,24,6,24299,12,0,0,0,0,0.0,0.167,0.167,7,0.0,0
24-6-2025-01,Chamarajanagar,NDPS,2025-01,24,6,24300,1,0,0,0,1,0.0,0.167,0.167,14,0.0,1
24-6-2025-02,Chamarajanagar,NDPS,2025-02,24,6,24301,2,1,0,0,0,0.333,0.333,0.167,12,0.0833,0
24-6-2025-03,Chamarajanagar,NDPS,2025-03,24,6,24302,3,0,1,0,0,0.333,0.167,0.167,9,0.0,0
24-6-2025-04,Chamarajanagar,NDPS,2025-04,24,6,24303,4,0,0,1,0,0.333,0.167,0.167,11,0.0,0
24-6-2025-05,Chamarajanagar,NDPS,2025-05,24,6,24304,5,0,0,0,0,0.0,0.167,0.167,10,0.0,0
24-6-2025-06,Chamarajanagar,NDPS,2025-06,24,6,24305,6,0,0,0,0,0.0,0.167,0.167,6,0.0,0
24-6-2025-07,Chamarajanagar,NDPS,2025-07,24,6,24306,7,0,0,0,0,0.0,0.167,0.167,8,0.0,0
24-6-2025-08,Chamarajanagar,NDPS,2025-08,24,6,24307,8,0,0,0,1,0.0,0.0,0.167,8,0.0,0
24-6-2025-09,Chamarajanagar,NDPS,2025-09,24,6,24308,9,0,0,0,0,0.0,0.0,0.083,5,0.0,0
24-6-2025-10,Chamarajanagar,NDPS,2025-10,24,6,24309,10,0,0,0,0,0.0,0.0,0.083,7,0.0,0
24-6-2025-11,Chamarajanagar,NDPS,2025-11,24,6,24310,11,0,0,0,0,0.0,0.0,0.083,10,0.0,0
24-6-2025-12,Chamarajanagar,NDPS,2025-12,24,6,24311,12,0,0,0,0,0.0,0.0,0.083,11,0.0,0
24-6-2026-01,Chamarajanagar,NDPS,2026-01,24,6,24312,1,0,0,0,1,0.0,0.0,0.083,7,0.0,1
24-6-2026-02,Chamarajanagar,NDPS,2026-02,24,6,24313,2,1,0,0,0,0.333,0.167,0.083,20,0.05,0
24-6-2026-03,Chamarajanagar,NDPS,2026-03,24,6,24314,3,0,1,0,0,0.333,0.167,0.083,15,0.0,0
24-6-2026-04,Chamarajanagar,NDPS,2026-04,24,6,24315,4,0,0,1,0,0.333,0.167,0.083,14,0.0,0
24-6-2026-05,Chamarajanagar,NDPS,2026-05,24,6,24316,5,0,0,0,0,0.0,0.167,0.083,20,0.0,1
24-6-2026-06,Chamarajanagar,NDPS,2026-06,24,6,24317,6,1,0,0,0,0.333,0.333,0.167,22,0.0455,0
24-7-2024-04,Chamarajanagar,Missing / UDR,2024-04,24,7,24291,4,0,1,1,1,0.667,0.5,0.5,6,0.0,0
24-7-2024-05,Chamarajanagar,Missing / UDR,2024-05,24,7,24292,5,0,0,1,0,0.333,0.5,0.417,9,0.0,1
24-7-2024-06,Chamarajanagar,Missing / UDR,2024-06,24,7,24293,6,1,0,0,1,0.333,0.667,0.5,8,0.125,0
24-7-2024-07,Chamarajanagar,Missing / UDR,2024-07,24,7,24294,7,0,1,0,1,0.333,0.5,0.417,8,0.0,0
24-7-2024-08,Chamarajanagar,Missing / UDR,2024-08,24,7,24295,8,0,0,1,0,0.333,0.333,0.333,7,0.0,0
24-7-2024-09,Chamarajanagar,Missing / UDR,2024-09,24,7,24296,9,0,0,0,0,0.0,0.167,0.333,13,0.0,2
24-7-2024-10,Chamarajanagar,Missing / UDR,2024-10,24,7,24297,10,2,0,0,0,0.667,0.5,0.5,13,0.1538,0
24-7-2024-11,Chamarajanagar,Missing / UDR,2024-11,24,7,24298,11,0,2,0,0,0.667,0.5,0.5,19,0.0,0
24-7-2024-12,Chamarajanagar,Missing / UDR,2024-12,24,7,24299,12,0,0,2,1,0.667,0.333,0.5,7,0.0,1
24-7-2025-01,Chamarajanagar,Missing / UDR,2025-01,24,7,24300,1,1,0,0,1,0.333,0.5,0.5,14,0.0714,0
24-7-2025-02,Chamarajanagar,Missing / UDR,2025-02,24,7,24301,2,0,1,0,1,0.333,0.5,0.417,12,0.0,0
24-7-2025-03,Chamarajanagar,Missing / UDR,2025-03,24,7,24302,3,0,0,1,0,0.333,0.5,0.333,9,0.0,1
24-7-2025-04,Chamarajanagar,Missing / UDR,2025-04,24,7,24303,4,1,0,0,0,0.333,0.333,0.417,11,0.0909,0
24-7-2025-05,Chamarajanagar,Missing / UDR,2025-05,24,7,24304,5,0,1,0,1,0.333,0.333,0.417,10,0.0,0
24-7-2025-06,Chamarajanagar,Missing / UDR,2025-06,24,7,24305,6,0,0,1,0,0.333,0.333,0.333,6,0.0,1
24-7-2025-07,Chamarajanagar,Missing / UDR,2025-07,24,7,24306,7,1,0,0,0,0.333,0.333,0.417,8,0.125,0
24-7-2025-08,Chamarajanagar,Missing / UDR,2025-08,24,7,24307,8,0,1,0,0,0.333,0.333,0.417,8,0.0,0
24-7-2025-09,Chamarajanagar,Missing / UDR,2025-09,24,7,24308,9,0,0,1,2,0.333,0.333,0.417,5,0.0,0
24-7-2025-10,Chamarajanagar,Missing / UDR,2025-10,24,7,24309,10,0,0,0,0,0.0,0.167,0.25,7,0.0,0
24-7-2025-11,Chamarajanagar,Missing / UDR,2025-11,24,7,24310,11,0,0,0,0,0.0,0.167,0.25,10,0.0,1
24-7-2025-12,Chamarajanagar,Missing / UDR,2025-12,24,7,24311,12,1,0,0,1,0.333,0.333,0.333,11,0.0909,0
24-7-2026-01,Chamarajanagar,Missing / UDR,2026-01,24,7,24312,1,0,1,0,0,0.333,0.167,0.25,7,0.0,1
24-7-2026-02,Chamarajanagar,Missing / UDR,2026-02,24,7,24313,2,1,0,1,0,0.667,0.333,0.333,20,0.05,0
24-7-2026-03,Chamarajanagar,Missing / UDR,2026-03,24,7,24314,3,0,1,0,1,0.333,0.333,0.333,15,0.0,1
24-7-2026-04,Chamarajanagar,Missing / UDR,2026-04,24,7,24315,4,1,0,1,0,0.667,0.5,0.333,14,0.0714,0
24-7-2026-05,Chamarajanagar,Missing / UDR,2026-05,24,7,24316,5,0,1,0,0,0.333,0.5,0.333,20,0.0,2
24-7-2026-06,Chamarajanagar,Missing / UDR,2026-06,24,7,24317,6,2,0,1,1,1.0,0.667,0.5,22,0.0909,0
24-8-2024-02,Chamarajanagar,Traffic / PAR,2024-02,24,8,24289,2,2,0,0,1,0.667,0.667,0.5,11,0.1818,0
24-8-2024-03,Chamarajanagar,Traffic / PAR,2024-03,24,8,24290,3,0,2,0,0,0.667,0.667,0.417,9,0.0,0
24-8-2024-04,Chamarajanagar,Traffic / PAR,2024-04,24,8,24291,4,0,0,2,0,0.667,0.667,0.417,6,0.0,1
24-8-2024-05,Chamarajanagar,Traffic / PAR,2024-05,24,8,24292,5,1,0,0,1,0.333,0.5,0.5,9,0.1111,2
24-8-2024-06,Chamarajanagar,Traffic / PAR,2024-06,24,8,24293,6,2,1,0,0,1.0,0.833,0.583,8,0.25,0
24-8-2024-07,Chamarajanagar,Traffic / PAR,2024-07,24,8,24294,7,0,2,1,0,1.0,0.833,0.583,8,0.0,0
24-8-2024-08,Chamarajanagar,Traffic / PAR,2024-08,24,8,24295,8,0,0,2,0,0.667,0.5,0.583,7,0.0,0
24-8-2024-09,Chamarajanagar,Traffic / PAR,2024-09,24,8,24296,9,0,0,0,0,0.0,0.5,0.583,13,0.0,1
24-8-2024-10,Chamarajanagar,Traffic / PAR,2024-10,24,8,24297,10,1,0,0,2,0.333,0.667,0.667,13,0.0769,0
24-8-2024-11,Chamarajanagar,Traffic / PAR,2024-11,24,8,24298,11,0,1,0,0,0.333,0.5,0.5,19,0.0,0
24-8-2024-12,Chamarajanagar,Traffic / PAR,2024-12,24,8,24299,12,0,0,1,0,0.333,0.167,0.5,7,0.0,1
24-8-2025-01,Chamarajanagar,Traffic / PAR,2025-01,24,8,24300,1,1,0,0,2,0.333,0.333,0.583,14,0.0714,0
24-8-2025-02,Chamarajanagar,Traffic / PAR,2025-02,24,8,24301,2,0,1,0,0,0.333,0.333,0.417,12,0.0,1
24-8-2025-03,Chamarajanagar,Traffic / PAR,2025-03,24,8,24302,3,1,0,1,0,0.667,0.5,0.5,9,0.1111,0
24-8-2025-04,Chamarajanagar,Traffic / PAR,2025-04,24,8,24303,4,0,1,0,1,0.333,0.333,0.5,11,0.0,0
24-8-2025-05,Chamarajanagar,Traffic / PAR,2025-05,24,8,24304,5,0,0,1,2,0.333,0.333,0.417,10,0.0,0
24-8-2025-06,Chamarajanagar,Traffic / PAR,2025-06,24,8,24305,6,0,0,0,0,0.0,0.333,0.25,6,0.0,0
24-8-2025-07,Chamarajanagar,Traffic / PAR,2025-07,24,8,24306,7,0,0,0,0,0.0,0.167,0.25,8,0.0,1
24-8-2025-08,Chamarajanagar,Traffic / PAR,2025-08,24,8,24307,8,1,0,0,0,0.333,0.333,0.333,8,0.125,0
24-8-2025-09,Chamarajanagar,Traffic / PAR,2025-09,24,8,24308,9,0,1,0,1,0.333,0.167,0.333,5,0.0,1
24-8-2025-10,Chamarajanagar,Traffic / PAR,2025-10,24,8,24309,10,1,0,1,0,0.667,0.333,0.333,7,0.1429,0
24-8-2025-11,Chamarajanagar,Traffic / PAR,2025-11,24,8,24310,11,0,1,0,0,0.333,0.333,0.333,10,0.0,0
24-8-2025-12,Chamarajanagar,Traffic / PAR,2025-12,24,8,24311,12,0,0,1,1,0.333,0.333,0.333,11,0.0,0
24-8-2026-01,Chamarajanagar,Traffic / PAR,2026-01,24,8,24312,1,0,0,0,0,0.0,0.333,0.25,7,0.0,0
24-8-2026-02,Chamarajanagar,Traffic / PAR,2026-02,24,8,24313,2,0,0,0,1,0.0,0.167,0.25,20,0.0,0
24-8-2026-03,Chamarajanagar,Traffic / PAR,2026-03,24,8,24314,3,0,0,0,0,0.0,0.167,0.167,15,0.0,1
24-8-2026-04,Chamarajanagar,Traffic / PAR,2026-04,24,8,24315,4,1,0,0,0,0.333,0.167,0.25,14,0.0714,0
24-8-2026-05,Chamarajanagar,Traffic / PAR,2026-05,24,8,24316,5,0,1,0,0,0.333,0.167,0.25,20,0.0,2
24-8-2026-06,Chamarajanagar,Traffic / PAR,2026-06,24,8,24317,6,2,0,1,0,1.0,0.5,0.417,22,0.0909,1
25-1-2024-02,Kodagu,Crimes Against Body,2024-02,25,1,24289,2,2,1,1,2,1.333,1.167,1.083,8,0.25,1
25-1-2024-03,Kodagu,Crimes Against Body,2024-03,25,1,24290,3,1,2,1,0,1.333,1.167,1.0,12,0.0833,2
25-1-2024-04,Kodagu,Crimes Against Body,2024-04,25,1,24291,4,2,1,2,1,1.667,1.333,1.167,17,0.1176,3
25-1-2024-05,Kodagu,Crimes Against Body,2024-05,25,1,24292,5,3,2,1,2,2.0,1.667,1.333,10,0.3,1
25-1-2024-06,Kodagu,Crimes Against Body,2024-06,25,1,24293,6,1,3,2,1,2.0,1.667,1.25,8,0.125,1
25-1-2024-07,Kodagu,Crimes Against Body,2024-07,25,1,24294,7,1,1,3,0,1.667,1.667,1.25,10,0.1,3
25-1-2024-08,Kodagu,Crimes Against Body,2024-08,25,1,24295,8,3,1,1,1,1.667,1.833,1.5,14,0.2143,1
25-1-2024-09,Kodagu,Crimes Against Body,2024-09,25,1,24296,9,1,3,1,1,1.667,1.833,1.5,8,0.125,0
25-1-2024-10,Kodagu,Crimes Against Body,2024-10,25,1,24297,10,0,1,3,1,1.333,1.5,1.417,8,0.0,2
25-1-2024-11,Kodagu,Crimes Against Body,2024-11,25,1,24298,11,2,0,1,1,1.0,1.333,1.5,14,0.1429,2
25-1-2024-12,Kodagu,Crimes Against Body,2024-12,25,1,24299,12,2,2,0,1,1.333,1.5,1.583,19,0.1053,0
25-1-2025-01,Kodagu,Crimes Against Body,2025-01,25,1,24300,1,0,2,2,2,1.333,1.333,1.5,9,0.0,1
25-1-2025-02,Kodagu,Crimes Against Body,2025-02,25,1,24301,2,1,0,2,1,1.0,1.0,1.417,7,0.1429,2
25-1-2025-03,Kodagu,Crimes Against Body,2025-03,25,1,24302,3,2,1,0,2,1.0,1.167,1.5,9,0.2222,4
25-1-2025-04,Kodagu,Crimes Against Body,2025-04,25,1,24303,4,4,2,1,3,2.333,1.833,1.667,15,0.2667,2
25-1-2025-05,Kodagu,Crimes Against Body,2025-05,25,1,24304,5,2,4,2,1,2.667,1.833,1.583,13,0.1538,2
25-1-2025-06,Kodagu,Crimes Against Body,2025-06,25,1,24305,6,2,2,4,1,2.667,1.833,1.667,6,0.3333,0
25-1-2025-07,Kodagu,Crimes Against Body,2025-07,25,1,24306,7,0,2,2,3,1.333,1.833,1.583,5,0.0,1
25-1-2025-08,Kodagu,Crimes Against Body,2025-08,25,1,24307,8,1,0,2,1,1.0,1.833,1.417,9,0.1111,2
25-1-2025-09,Kodagu,Crimes Against Body,2025-09,25,1,24308,9,2,1,0,0,1.0,1.833,1.5,13,0.1538,1
25-1-2025-10,Kodagu,Crimes Against Body,2025-10,25,1,24309,10,1,2,1,2,1.333,1.333,1.583,9,0.1111,2
25-1-2025-11,Kodagu,Crimes Against Body,2025-11,25,1,24310,11,2,1,2,2,1.667,1.333,1.583,15,0.1333,3
25-1-2025-12,Kodagu,Crimes Against Body,2025-12,25,1,24311,12,3,2,1,0,2.0,1.5,1.667,23,0.1304,2
25-1-2026-01,Kodagu,Crimes Against Body,2026-01,25,1,24312,1,2,3,2,1,2.333,1.833,1.833,11,0.1818,3
25-1-2026-02,Kodagu,Crimes Against Body,2026-02,25,1,24313,2,3,2,3,2,2.667,2.167,2.0,20,0.15,5
25-1-2026-03,Kodagu,Crimes Against Body,2026-03,25,1,24314,3,5,3,2,4,3.333,2.667,2.25,19,0.2632,1
25-1-2026-04,Kodagu,Crimes Against Body,2026-04,25,1,24315,4,1,5,3,2,3.0,2.667,2.0,19,0.0526,2
25-1-2026-05,Kodagu,Crimes Against Body,2026-05,25,1,24316,5,2,1,5,2,2.667,2.667,2.0,12,0.1667,5
25-1-2026-06,Kodagu,Crimes Against Body,2026-06,25,1,24317,6,5,2,1,0,2.667,3.0,2.25,26,0.1923,4
25-2-2024-02,Kodagu,Crimes Against Property,2024-02,25,2,24289,2,5,7,7,2,6.333,5.833,4.583,8,0.625,4
25-2-2024-03,Kodagu,Crimes Against Property,2024-03,25,2,24290,3,4,5,7,5,5.333,6.0,4.75,12,0.3333,6
25-2-2024-04,Kodagu,Crimes Against Property,2024-04,25,2,24291,4,6,4,5,5,5.0,6.5,4.833,17,0.3529,5
25-2-2024-05,Kodagu,Crimes Against Property,2024-05,25,2,24292,5,5,6,4,3,5.0,5.667,4.833,10,0.5,3
25-2-2024-06,Kodagu,Crimes Against Property,2024-06,25,2,24293,6,3,5,6,3,4.667,5.0,4.833,8,0.375,5
25-2-2024-07,Kodagu,Crimes Against Property,2024-07,25,2,24294,7,5,3,5,2,4.333,4.667,5.0,10,0.5,4
25-2-2024-08,Kodagu,Crimes Against Property,2024-08,25,2,24295,8,4,5,3,3,4.0,4.5,5.167,14,0.2857,3
25-2-2024-09,Kodagu,Crimes Against Property,2024-09,25,2,24296,9,3,4,5,3,4.0,4.333,5.167,8,0.375,2
25-2-2024-10,Kodagu,Crimes Against Property,2024-10,25,2,24297,10,2,3,4,10,3.0,3.667,5.083,8,0.25,9
25-2-2024-11,Kodagu,Crimes Against Property,2024-11,25,2,24298,11,9,2,3,7,4.667,4.333,5.0,14,0.6429,11
25-2-2024-12,Kodagu,Crimes Against Property,2024-12,25,2,24299,12,11,9,2,7,7.333,5.667,5.333,19,0.5789,5
25-2-2025-01,Kodagu,Crimes Against Property,2025-01,25,2,24300,1,5,11,9,5,8.333,5.667,5.167,9,0.5556,3
25-2-2025-02,Kodagu,Crimes Against Property,2025-02,25,2,24301,2,3,5,11,4,6.333,5.5,5.0,7,0.4286,1
25-2-2025-03,Kodagu,Crimes Against Property,2025-03,25,2,24302,3,1,3,5,6,3.0,5.167,4.75,9,0.1111,4
25-2-2025-04,Kodagu,Crimes Against Property,2025-04,25,2,24303,4,4,1,3,5,2.667,5.5,4.583,15,0.2667,4
25-2-2025-05,Kodagu,Crimes Against Property,2025-05,25,2,24304,5,4,4,1,3,3.0,4.667,4.5,13,0.3077,2
25-2-2025-06,Kodagu,Crimes Against Property,2025-06,25,2,24305,6,2,4,4,5,3.333,3.167,4.417,6,0.3333,4
25-2-2025-07,Kodagu,Crimes Against Property,2025-07,25,2,24306,7,4,2,4,4,3.333,3.0,4.333,5,0.8,4
25-2-2025-08,Kodagu,Crimes Against Property,2025-08,25,2,24307,8,4,4,2,3,3.333,3.167,4.333,9,0.4444,5
25-2-2025-09,Kodagu,Crimes Against Property,2025-09,25,2,24308,9,5,4,4,2,4.333,3.833,4.5,13,0.3846,4
25-2-2025-10,Kodagu,Crimes Against Property,2025-10,25,2,24309,10,4,5,4,9,4.333,3.833,4.667,9,0.4444,8
25-2-2025-11,Kodagu,Crimes Against Property,2025-11,25,2,24310,11,8,4,5,11,5.667,4.5,4.583,15,0.5333,13
25-2-2025-12,Kodagu,Crimes Against Property,2025-12,25,2,24311,12,13,8,4,5,8.333,6.333,4.75,23,0.5652,2
25-2-2026-01,Kodagu,Crimes Against Property,2026-01,25,2,24312,1,2,13,8,3,7.667,6.0,4.5,11,0.1818,7
25-2-2026-02,Kodagu,Crimes Against Property,2026-02,25,2,24313,2,7,2,13,1,7.333,6.5,4.833,20,0.35,5
25-2-2026-03,Kodagu,Crimes Against Property,2026-03,25,2,24314,3,5,7,2,4,4.667,6.5,5.167,19,0.2632,9
25-2-2026-04,Kodagu,Crimes Against Property,2026-04,25,2,24315,4,9,5,7,4,7.0,7.333,5.583,19,0.4737,3
25-2-2026-05,Kodagu,Crimes Against Property,2026-05,25,2,24316,5,3,9,5,2,5.667,6.5,5.5,12,0.25,10
25-2-2026-06,Kodagu,Crimes Against Property,2026-06,25,2,24317,6,10,3,9,4,7.333,6.0,6.167,26,0.3846,5
25-3-2024-02,Kodagu,Crimes Against Women,2024-02,25,3,24289,2,1,0,0,0,0.333,0.833,0.75,8,0.125,0
25-3-2024-03,Kodagu,Crimes Against Women,2024-03,25,3,24290,3,0,1,0,0,0.333,0.667,0.75,12,0.0,1
25-3-2024-04,Kodagu,Crimes Against Women,2024-04,25,3,24291,4,1,0,1,1,0.667,0.667,0.833,17,0.0588,0
25-3-2024-05,Kodagu,Crimes Against Women,2024-05,25,3,24292,5,0,1,0,2,0.333,0.333,0.75,10,0.0,0
25-3-2024-06,Kodagu,Crimes Against Women,2024-06,25,3,24293,6,0,0,1,0,0.333,0.333,0.583,8,0.0,1
25-3-2024-07,Kodagu,Crimes Against Women,2024-07,25,3,24294,7,1,0,0,1,0.333,0.5,0.667,10,0.1,0
25-3-2024-08,Kodagu,Crimes Against Women,2024-08,25,3,24295,8,0,1,0,1,0.333,0.333,0.583,14,0.0,0
25-3-2024-09,Kodagu,Crimes Against Women,2024-09,25,3,24296,9,0,0,1,1,0.333,0.333,0.5,8,0.0,0
25-3-2024-10,Kodagu,Crimes Against Women,2024-10,25,3,24297,10,0,0,0,2,0.0,0.167,0.417,8,0.0,0
25-3-2024-11,Kodagu,Crimes Against Women,2024-11,25,3,24298,11,0,0,0,0,0.0,0.167,0.25,14,0.0,3
25-3-2024-12,Kodagu,Crimes Against Women,2024-12,25,3,24299,12,3,0,0,0,1.0,0.667,0.5,19,0.1579,0
25-3-2025-01,Kodagu,Crimes Against Women,2025-01,25,3,24300,1,0,3,0,1,1.0,0.5,0.5,9,0.0,1
25-3-2025-02,Kodagu,Crimes Against Women,2025-02,25,3,24301,2,1,0,3,0,1.333,0.667,0.5,7,0.1429,3
25-3-2025-03,Kodagu,Crimes Against Women,2025-03,25,3,24302,3,3,1,0,1,1.333,1.167,0.75,9,0.3333,1
25-3-2025-04,Kodagu,Crimes Against Women,2025-04,25,3,24303,4,1,3,1,0,1.667,1.333,0.75,15,0.0667,0
25-3-2025-05,Kodagu,Crimes Against Women,2025-05,25,3,24304,5,0,1,3,0,1.333,1.333,0.75,13,0.0,0
25-3-2025-06,Kodagu,Crimes Against Women,2025-06,25,3,24305,6,0,0,1,1,0.333,0.833,0.75,6,0.0,0
25-3-2025-07,Kodagu,Crimes Against Women,2025-07,25,3,24306,7,0,0,0,0,0.0,0.833,0.667,5,0.0,1
25-3-2025-08,Kodagu,Crimes Against Women,2025-08,25,3,24307,8,1,0,0,0,0.333,0.833,0.75,9,0.1111,2
25-3-2025-09,Kodagu,Crimes Against Women,2025-09,25,3,24308,9,2,1,0,0,1.0,0.667,0.917,13,0.1538,1
25-3-2025-10,Kodagu,Crimes Against Women,2025-10,25,3,24309,10,1,2,1,0,1.333,0.667,1.0,9,0.1111,1
25-3-2025-11,Kodagu,Crimes Against Women,2025-11,25,3,24310,11,1,1,2,3,1.333,0.833,1.083,15,0.0667,2
25-3-2025-12,Kodagu,Crimes Against Women,2025-12,25,3,24311,12,2,1,1,0,1.333,1.167,1.0,23,0.087,1
25-3-2026-01,Kodagu,Crimes Against Women,2026-01,25,3,24312,1,1,2,1,1,1.333,1.333,1.083,11,0.0909,5
25-3-2026-02,Kodagu,Crimes Against Women,2026-02,25,3,24313,2,5,1,2,3,2.667,2.0,1.417,20,0.25,3
25-3-2026-03,Kodagu,Crimes Against Women,2026-03,25,3,24314,3,3,5,1,1,3.0,2.167,1.417,19,0.1579,3
25-3-2026-04,Kodagu,Crimes Against Women,2026-04,25,3,24315,4,3,3,5,0,3.667,2.5,1.583,19,0.1579,1
25-3-2026-05,Kodagu,Crimes Against Women,2026-05,25,3,24316,5,1,3,3,0,2.333,2.5,1.667,12,0.0833,3
25-3-2026-06,Kodagu,Crimes Against Women,2026-06,25,3,24317,6,3,1,3,0,2.333,2.667,1.917,26,0.1154,4
25-4-2024-02,Kodagu,Cyber Crime,2024-02,25,4,24289,2,0,4,2,1,2.0,2.833,1.833,8,0.0,3
25-4-2024-03,Kodagu,Cyber Crime,2024-03,25,4,24290,3,3,0,4,2,2.333,2.333,2.0,12,0.25,2
25-4-2024-04,Kodagu,Cyber Crime,2024-04,25,4,24291,4,2,3,0,1,1.667,2.167,2.0,17,0.1176,2
25-4-2024-05,Kodagu,Cyber Crime,2024-05,25,4,24292,5,2,2,3,0,2.333,2.167,2.083,10,0.2,2
25-4-2024-06,Kodagu,Cyber Crime,2024-06,25,4,24293,6,2,2,2,0,2.0,2.167,2.25,8,0.25,3
25-4-2024-07,Kodagu,Cyber Crime,2024-07,25,4,24294,7,3,2,2,1,2.333,2.0,2.5,10,0.3,2
25-4-2024-08,Kodagu,Cyber Crime,2024-08,25,4,24295,8,2,3,2,6,2.333,2.333,2.583,14,0.1429,2
25-4-2024-09,Kodagu,Cyber Crime,2024-09,25,4,24296,9,2,2,3,3,2.333,2.167,2.25,8,0.25,2
25-4-2024-10,Kodagu,Cyber Crime,2024-10,25,4,24297,10,2,2,2,2,2.0,2.167,2.167,8,0.25,1
25-4-2024-11,Kodagu,Cyber Crime,2024-11,25,4,24298,11,1,2,2,2,1.667,2.0,2.083,14,0.0714,1
25-4-2024-12,Kodagu,Cyber Crime,2024-12,25,4,24299,12,1,1,2,4,1.333,1.833,2.0,19,0.0526,4
25-4-2025-01,Kodagu,Cyber Crime,2025-01,25,4,24300,1,4,1,1,0,2.0,2.0,2.0,9,0.4444,0
25-4-2025-02,Kodagu,Cyber Crime,2025-02,25,4,24301,2,0,4,1,3,1.667,1.667,2.0,7,0.0,0
25-4-2025-03,Kodagu,Cyber Crime,2025-03,25,4,24302,3,0,0,4,2,1.333,1.333,1.75,9,0.0,1
25-4-2025-04,Kodagu,Cyber Crime,2025-04,25,4,24303,4,1,0,0,2,0.333,1.167,1.667,15,0.0667,3
25-4-2025-05,Kodagu,Cyber Crime,2025-05,25,4,24304,5,3,1,0,2,1.333,1.5,1.75,13,0.2308,2
25-4-2025-06,Kodagu,Cyber Crime,2025-06,25,4,24305,6,2,3,1,3,2.0,1.667,1.75,6,0.3333,1
25-4-2025-07,Kodagu,Cyber Crime,2025-07,25,4,24306,7,1,2,3,2,2.0,1.167,1.583,5,0.2,1
25-4-2025-08,Kodagu,Cyber Crime,2025-08,25,4,24307,8,1,1,2,2,1.333,1.333,1.5,9,0.1111,1
25-4-2025-09,Kodagu,Cyber Crime,2025-09,25,4,24308,9,1,1,1,2,1.0,1.5,1.417,13,0.0769,0
25-4-2025-10,Kodagu,Cyber Crime,2025-10,25,4,24309,10,0,1,1,1,0.667,1.333,1.25,9,0.0,3
25-4-2025-11,Kodagu,Cyber Crime,2025-11,25,4,24310,11,3,0,1,1,1.333,1.333,1.417,15,0.2,2
25-4-2025-12,Kodagu,Cyber Crime,2025-12,25,4,24311,12,2,3,0,4,1.667,1.333,1.5,23,0.087,1
25-4-2026-01,Kodagu,Cyber Crime,2026-01,25,4,24312,1,1,2,3,0,2.0,1.333,1.25,11,0.0909,2
25-4-2026-02,Kodagu,Cyber Crime,2026-02,25,4,24313,2,2,1,2,0,1.667,1.5,1.417,20,0.1,2
25-4-2026-03,Kodagu,Cyber Crime,2026-03,25,4,24314,3,2,2,1,1,1.667,1.667,1.583,19,0.1053,3
25-4-2026-04,Kodagu,Cyber Crime,2026-04,25,4,24315,4,3,2,2,3,2.333,2.167,1.75,19,0.1579,4
25-4-2026-05,Kodagu,Cyber Crime,2026-05,25,4,24316,5,4,3,2,2,3.0,2.333,1.833,12,0.3333,3
25-4-2026-06,Kodagu,Cyber Crime,2026-06,25,4,24317,6,3,4,3,1,3.333,2.5,1.917,26,0.1154,1
25-5-2024-03,Kodagu,Economic Offences,2024-03,25,5,24290,3,1,0,0,2,0.333,0.5,0.833,12,0.0833,2
25-5-2024-04,Kodagu,Economic Offences,2024-04,25,5,24291,4,2,1,0,1,1.0,0.833,0.833,17,0.1176,0
25-5-2024-05,Kodagu,Economic Offences,2024-05,25,5,24292,5,0,2,1,1,1.0,0.833,0.75,10,0.0,0
25-5-2024-06,Kodagu,Economic Offences,2024-06,25,5,24293,6,0,0,2,2,0.667,0.5,0.667,8,0.0,0
25-5-2024-07,Kodagu,Economic Offences,2024-07,25,5,24294,7,0,0,0,1,0.0,0.5,0.5,10,0.0,2
25-5-2024-08,Kodagu,Economic Offences,2024-08,25,5,24295,8,2,0,0,0,0.667,0.833,0.583,14,0.1429,2
25-5-2024-09,Kodagu,Economic Offences,2024-09,25,5,24296,9,2,2,0,0,1.333,1.0,0.75,8,0.25,1
25-5-2024-10,Kodagu,Economic Offences,2024-10,25,5,24297,10,1,2,2,0,1.667,0.833,0.833,8,0.125,0
25-5-2024-11,Kodagu,Economic Offences,2024-11,25,5,24298,11,0,1,2,2,1.0,0.833,0.833,14,0.0,0
25-5-2024-12,Kodagu,Economic Offences,2024-12,25,5,24299,12,0,0,1,0,0.333,0.833,0.667,19,0.0,0
25-5-2025-01,Kodagu,Economic Offences,2025-01,25,5,24300,1,0,0,0,0,0.0,0.833,0.667,9,0.0,2
25-5-2025-02,Kodagu,Economic Offences,2025-02,25,5,24301,2,2,0,0,1,0.667,0.833,0.833,7,0.2857,3
25-5-2025-03,Kodagu,Economic Offences,2025-03,25,5,24302,3,3,2,0,2,1.667,1.0,1.0,9,0.3333,1
25-5-2025-04,Kodagu,Economic Offences,2025-04,25,5,24303,4,1,3,2,0,2.0,1.0,0.917,15,0.0667,2
25-5-2025-05,Kodagu,Economic Offences,2025-05,25,5,24304,5,2,1,3,0,2.0,1.333,1.083,13,0.1538,0
25-5-2025-06,Kodagu,Economic Offences,2025-06,25,5,24305,6,0,2,1,0,1.0,1.333,1.083,6,0.0,0
25-5-2025-07,Kodagu,Economic Offences,2025-07,25,5,24306,7,0,0,2,2,0.667,1.333,1.083,5,0.0,1
25-5-2025-08,Kodagu,Economic Offences,2025-08,25,5,24307,8,1,0,0,2,0.333,1.167,1.0,9,0.1111,2
25-5-2025-09,Kodagu,Economic Offences,2025-09,25,5,24308,9,2,1,0,1,1.0,1.0,1.0,13,0.1538,1
25-5-2025-10,Kodagu,Economic Offences,2025-10,25,5,24309,10,1,2,1,0,1.333,1.0,1.0,9,0.1111,0
25-5-2025-11,Kodagu,Economic Offences,2025-11,25,5,24310,11,0,1,2,0,1.0,0.667,1.0,15,0.0,1
25-5-2025-12,Kodagu,Economic Offences,2025-12,25,5,24311,12,1,0,1,0,0.667,0.833,1.083,23,0.0435,3
25-5-2026-01,Kodagu,Economic Offences,2026-01,25,5,24312,1,3,1,0,2,1.333,1.333,1.333,11,0.2727,0
25-5-2026-02,Kodagu,Economic Offences,2026-02,25,5,24313,2,0,3,1,3,1.333,1.167,1.167,20,0.0,1
25-5-2026-03,Kodagu,Economic Offences,2026-03,25,5,24314,3,1,0,3,1,1.333,1.0,1.0,19,0.0526,1
25-5-2026-04,Kodagu,Economic Offences,2026-04,25,5,24315,4,1,1,0,2,0.667,1.0,1.0,19,0.0526,0
25-5-2026-05,Kodagu,Economic Offences,2026-05,25,5,24316,5,0,1,1,0,0.667,1.0,0.833,12,0.0,2
25-5-2026-06,Kodagu,Economic Offences,2026-06,25,5,24317,6,2,0,1,0,1.0,1.167,1.0,26,0.0769,1
25-6-2024-02,Kodagu,NDPS,2024-02,25,6,24289,2,0,0,0,0,0.0,0.333,0.25,8,0.0,1
25-6-2024-03,Kodagu,NDPS,2024-03,25,6,24290,3,1,0,0,0,0.333,0.5,0.333,12,0.0833,1
25-6-2024-04,Kodagu,NDPS,2024-04,25,6,24291,4,1,1,0,0,0.667,0.667,0.417,17,0.0588,0
25-6-2024-05,Kodagu,NDPS,2024-05,25,6,24292,5,0,1,1,0,0.667,0.333,0.417,10,0.0,0
25-6-2024-06,Kodagu,NDPS,2024-06,25,6,24293,6,0,0,1,1,0.333,0.333,0.417,8,0.0,0
25-6-2024-07,Kodagu,NDPS,2024-07,25,6,24294,7,0,0,0,0,0.0,0.333,0.333,10,0.0,1
25-6-2024-08,Kodagu,NDPS,2024-08,25,6,24295,8,1,0,0,0,0.333,0.5,0.417,14,0.0714,0
25-6-2024-09,Kodagu,NDPS,2024-09,25,6,24296,9,0,1,0,0,0.333,0.333,0.417,8,0.0,2
25-6-2024-10,Kodagu,NDPS,2024-10,25,6,24297,10,2,0,1,2,1.0,0.5,0.583,8,0.25,1
25-6-2024-11,Kodagu,NDPS,2024-11,25,6,24298,11,1,2,0,0,1.0,0.667,0.5,14,0.0714,0
25-6-2024-12,Kodagu,NDPS,2024-12,25,6,24299,12,0,1,2,0,1.0,0.667,0.5,19,0.0,0
25-6-2025-01,Kodagu,NDPS,2025-01,25,6,24300,1,0,0,1,0,0.333,0.667,0.5,9,0.0,0
25-6-2025-02,Kodagu,NDPS,2025-02,25,6,24301,2,0,0,0,1,0.0,0.5,0.5,7,0.0,0
25-6-2025-03,Kodagu,NDPS,2025-03,25,6,24302,3,0,0,0,1,0.0,0.5,0.417,9,0.0,1
25-6-2025-04,Kodagu,NDPS,2025-04,25,6,24303,4,1,0,0,0,0.333,0.333,0.417,15,0.0667,0
25-6-2025-05,Kodagu,NDPS,2025-05,25,6,24304,5,0,1,0,0,0.333,0.167,0.417,13,0.0,0
25-6-2025-06,Kodagu,NDPS,2025-06,25,6,24305,6,0,0,1,0,0.333,0.167,0.417,6,0.0,0
25-6-2025-07,Kodagu,NDPS,2025-07,25,6,24306,7,0,0,0,1,0.0,0.167,0.417,5,0.0,1
25-6-2025-08,Kodagu,NDPS,2025-08,25,6,24307,8,1,0,0,0,0.333,0.333,0.417,9,0.1111,1
25-6-2025-09,Kodagu,NDPS,2025-09,25,6,24308,9,1,1,0,2,0.667,0.5,0.5,13,0.0769,1
25-6-2025-10,Kodagu,NDPS,2025-10,25,6,24309,10,1,1,1,1,1.0,0.5,0.417,9,0.1111,0
25-6-2025-11,Kodagu,NDPS,2025-11,25,6,24310,11,0,1,1,0,0.667,0.5,0.333,15,0.0,0
25-6-2025-12,Kodagu,NDPS,2025-12,25,6,24311,12,0,0,1,0,0.333,0.5,0.333,23,0.0,0
25-6-2026-01,Kodagu,NDPS,2026-01,25,6,24312,1,0,0,0,0,0.0,0.5,0.333,11,0.0,0
25-6-2026-02,Kodagu,NDPS,2026-02,25,6,24313,2,0,0,0,0,0.0,0.333,0.333,20,0.0,1
25-6-2026-03,Kodagu,NDPS,2026-03,25,6,24314,3,1,0,0,1,0.333,0.333,0.417,19,0.0526,0
25-6-2026-04,Kodagu,NDPS,2026-04,25,6,24315,4,0,1,0,0,0.333,0.167,0.333,19,0.0,0
25-6-2026-05,Kodagu,NDPS,2026-05,25,6,24316,5,0,0,1,0,0.333,0.167,0.333,12,0.0,2
25-6-2026-06,Kodagu,NDPS,2026-06,25,6,24317,6,2,0,0,0,0.667,0.5,0.5,26,0.0769,0
25-7-2024-03,Kodagu,Missing / UDR,2024-03,25,7,24290,3,0,0,1,0,0.333,0.333,0.5,12,0.0,2
25-7-2024-04,Kodagu,Missing / UDR,2024-04,25,7,24291,4,2,0,0,1,0.667,0.5,0.667,17,0.1176,0
25-7-2024-05,Kodagu,Missing / UDR,2024-05,25,7,24292,5,0,2,0,0,0.667,0.5,0.583,10,0.0,1
25-7-2024-06,Kodagu,Missing / UDR,2024-06,25,7,24293,6,1,0,2,0,1.0,0.667,0.667,8,0.125,0
25-7-2024-07,Kodagu,Missing / UDR,2024-07,25,7,24294,7,0,1,0,2,0.333,0.5,0.667,10,0.0,0
25-7-2024-08,Kodagu,Missing / UDR,2024-08,25,7,24295,8,0,0,1,1,0.333,0.5,0.5,14,0.0,0
25-7-2024-09,Kodagu,Missing / UDR,2024-09,25,7,24296,9,0,0,0,1,0.0,0.5,0.417,8,0.0,0
25-7-2024-10,Kodagu,Missing / UDR,2024-10,25,7,24297,10,0,0,0,0,0.0,0.167,0.333,8,0.0,1
25-7-2024-11,Kodagu,Missing / UDR,2024-11,25,7,24298,11,1,0,0,0,0.333,0.333,0.417,14,0.0714,0
25-7-2024-12,Kodagu,Missing / UDR,2024-12,25,7,24299,12,0,1,0,1,0.333,0.167,0.417,19,0.0,0
25-7-2025-01,Kodagu,Missing / UDR,2025-01,25,7,24300,1,0,0,1,0,0.333,0.167,0.333,9,0.0,0
25-7-2025-02,Kodagu,Missing / UDR,2025-02,25,7,24301,2,0,0,0,0,0.0,0.167,0.333,7,0.0,0
25-7-2025-03,Kodagu,Missing / UDR,2025-03,25,7,24302,3,0,0,0,2,0.0,0.167,0.333,9,0.0,1
25-7-2025-04,Kodagu,Missing / UDR,2025-04,25,7,24303,4,1,0,0,0,0.333,0.333,0.25,15,0.0667,1
25-7-2025-05,Kodagu,Missing / UDR,2025-05,25,7,24304,5,1,1,0,1,0.667,0.333,0.333,13,0.0769,0
25-7-2025-06,Kodagu,Missing / UDR,2025-06,25,7,24305,6,0,1,1,0,0.667,0.333,0.25,6,0.0,0
25-7-2025-07,Kodagu,Missing / UDR,2025-07,25,7,24306,7,0,0,1,0,0.333,0.333,0.25,5,0.0,0
25-7-2025-08,Kodagu,Missing / UDR,2025-08,25,7,24307,8,0,0,0,0,0.0,0.333,0.25,9,0.0,0
25-7-2025-09,Kodagu,Missing / UDR,2025-09,25,7,24308,9,0,0,0,0,0.0,0.333,0.25,13,0.0,0
25-7-2025-10,Kodagu,Missing / UDR,2025-10,25,7,24309,10,0,0,0,1,0.0,0.167,0.25,9,0.0,0
25-7-2025-11,Kodagu,Missing / UDR,2025-11,25,7,24310,11,0,0,0,0,0.0,0.0,0.167,15,0.0,2
25-7-2025-12,Kodagu,Missing / UDR,2025-12,25,7,24311,12,2,0,0,0,0.667,0.333,0.333,23,0.087,0
25-7-2026-01,Kodagu,Missing / UDR,2026-01,25,7,24312,1,0,2,0,0,0.667,0.333,0.333,11,0.0,2
25-7-2026-02,Kodagu,Missing / UDR,2026-02,25,7,24313,2,2,0,2,0,1.333,0.667,0.5,20,0.1,2
25-7-2026-03,Kodagu,Missing / UDR,2026-03,25,7,24314,3,2,2,0,1,1.333,1.0,0.667,19,0.1053,0
25-7-2026-04,Kodagu,Missing / UDR,2026-04,25,7,24315,4,0,2,2,1,1.333,1.0,0.583,19,0.0,1
25-7-2026-05,Kodagu,Missing / UDR,2026-05,25,7,24316,5,1,0,2,0,1.0,1.167,0.583,12,0.0833,1
25-7-2026-06,Kodagu,Missing / UDR,2026-06,25,7,24317,6,1,1,0,0,0.667,1.0,0.667,26,0.0385,4
25-8-2024-02,Kodagu,Traffic / PAR,2024-02,25,8,24289,2,0,0,0,0,0.0,0.167,0.083,8,0.0,2
25-8-2024-03,Kodagu,Traffic / PAR,2024-03,25,8,24290,3,2,0,0,0,0.667,0.5,0.25,12,0.1667,1
25-8-2024-04,Kodagu,Traffic / PAR,2024-04,25,8,24291,4,1,2,0,0,1.0,0.667,0.333,17,0.0588,0
25-8-2024-05,Kodagu,Traffic / PAR,2024-05,25,8,24292,5,0,1,2,0,1.0,0.5,0.333,10,0.0,1
25-8-2024-06,Kodagu,Traffic / PAR,2024-06,25,8,24293,6,1,0,1,0,0.667,0.667,0.417,8,0.125,0
25-8-2024-07,Kodagu,Traffic / PAR,2024-07,25,8,24294,7,0,1,0,0,0.333,0.667,0.417,10,0.0,2
25-8-2024-08,Kodagu,Traffic / PAR,2024-08,25,8,24295,8,2,0,1,0,1.0,1.0,0.583,14,0.1429,0
25-8-2024-09,Kodagu,Traffic / PAR,2024-09,25,8,24296,9,0,2,0,0,0.667,0.667,0.583,8,0.0,1
25-8-2024-10,Kodagu,Traffic / PAR,2024-10,25,8,24297,10,1,0,2,1,1.0,0.667,0.667,8,0.125,0
25-8-2024-11,Kodagu,Traffic / PAR,2024-11,25,8,24298,11,0,1,0,0,0.333,0.667,0.583,14,0.0,2
25-8-2024-12,Kodagu,Traffic / PAR,2024-12,25,8,24299,12,2,0,1,0,1.0,0.833,0.75,19,0.1053,0
25-8-2025-01,Kodagu,Traffic / PAR,2025-01,25,8,24300,1,0,2,0,0,0.667,0.833,0.75,9,0.0,0
25-8-2025-02,Kodagu,Traffic / PAR,2025-02,25,8,24301,2,0,0,2,2,0.667,0.5,0.75,7,0.0,0
25-8-2025-03,Kodagu,Traffic / PAR,2025-03,25,8,24302,3,0,0,0,1,0.0,0.5,0.583,9,0.0,2
25-8-2025-04,Kodagu,Traffic / PAR,2025-04,25,8,24303,4,2,0,0,0,0.667,0.667,0.667,15,0.1333,1
25-8-2025-05,Kodagu,Traffic / PAR,2025-05,25,8,24304,5,1,2,0,1,1.0,0.833,0.75,13,0.0769,0
25-8-2025-06,Kodagu,Traffic / PAR,2025-06,25,8,24305,6,0,1,2,0,1.0,0.5,0.667,6,0.0,0
25-8-2025-07,Kodagu,Traffic / PAR,2025-07,25,8,24306,7,0,0,1,2,0.333,0.5,0.667,5,0.0,0
25-8-2025-08,Kodagu,Traffic / PAR,2025-08,25,8,24307,8,0,0,0,0,0.0,0.5,0.5,9,0.0,0
25-8-2025-09,Kodagu,Traffic / PAR,2025-09,25,8,24308,9,0,0,0,1,0.0,0.5,0.5,13,0.0,1
25-8-2025-10,Kodagu,Traffic / PAR,2025-10,25,8,24309,10,1,0,0,0,0.333,0.333,0.5,9,0.1111,1
25-8-2025-11,Kodagu,Traffic / PAR,2025-11,25,8,24310,11,1,1,0,2,0.667,0.333,0.583,15,0.0667,0
25-8-2025-12,Kodagu,Traffic / PAR,2025-12,25,8,24311,12,0,1,1,0,0.667,0.333,0.417,23,0.0,2
25-8-2026-01,Kodagu,Traffic / PAR,2026-01,25,8,24312,1,2,0,1,0,1.0,0.667,0.583,11,0.1818,1
25-8-2026-02,Kodagu,Traffic / PAR,2026-02,25,8,24313,2,1,2,0,0,1.0,0.833,0.667,20,0.05,0
25-8-2026-03,Kodagu,Traffic / PAR,2026-03,25,8,24314,3,0,1,2,2,1.0,0.833,0.667,19,0.0,2
25-8-2026-04,Kodagu,Traffic / PAR,2026-04,25,8,24315,4,2,0,1,1,1.0,1.0,0.667,19,0.1053,1
25-8-2026-05,Kodagu,Traffic / PAR,2026-05,25,8,24316,5,1,2,0,0,1.0,1.0,0.667,12,0.0833,0
25-8-2026-06,Kodagu,Traffic / PAR,2026-06,25,8,24317,6,0,1,2,0,1.0,1.0,0.667,26,0.0,2
26-1-2024-02,Bagalkote,Crimes Against Body,2024-02,26,1,24289,2,2,1,1,2,1.333,1.167,1.417,14,0.1429,5
26-1-2024-03,Bagalkote,Crimes Against Body,2024-03,26,1,24290,3,5,2,1,1,2.667,1.833,1.667,13,0.3846,1
26-1-2024-04,Bagalkote,Crimes Against Body,2024-04,26,1,24291,4,1,5,2,1,2.667,1.833,1.667,7,0.1429,0
26-1-2024-05,Bagalkote,Crimes Against Body,2024-05,26,1,24292,5,0,1,5,1,2.0,1.667,1.583,9,0.0,4
26-1-2024-06,Bagalkote,Crimes Against Body,2024-06,26,1,24293,6,4,0,1,4,1.667,2.167,1.833,18,0.2222,1
26-1-2024-07,Bagalkote,Crimes Against Body,2024-07,26,1,24294,7,1,4,0,1,1.667,2.167,1.583,9,0.1111,3
26-1-2024-08,Bagalkote,Crimes Against Body,2024-08,26,1,24295,8,3,1,4,1,2.667,2.333,1.75,13,0.2308,2
26-1-2024-09,Bagalkote,Crimes Against Body,2024-09,26,1,24296,9,2,3,1,1,2.0,1.833,1.833,12,0.1667,0
26-1-2024-10,Bagalkote,Crimes Against Body,2024-10,26,1,24297,10,0,2,3,1,1.667,1.667,1.75,10,0.0,2
26-1-2024-11,Bagalkote,Crimes Against Body,2024-11,26,1,24298,11,2,0,2,1,1.333,2.0,1.833,20,0.1,0
26-1-2024-12,Bagalkote,Crimes Against Body,2024-12,26,1,24299,12,0,2,0,1,0.667,1.333,1.75,15,0.0,2
26-1-2025-01,Bagalkote,Crimes Against Body,2025-01,26,1,24300,1,2,0,2,2,1.333,1.5,1.833,17,0.1176,2
26-1-2025-02,Bagalkote,Crimes Against Body,2025-02,26,1,24301,2,2,2,0,5,1.333,1.333,1.833,15,0.1333,2
26-1-2025-03,Bagalkote,Crimes Against Body,2025-03,26,1,24302,3,2,2,2,1,2.0,1.333,1.583,6,0.3333,3
26-1-2025-04,Bagalkote,Crimes Against Body,2025-04,26,1,24303,4,3,2,2,0,2.333,1.833,1.75,9,0.3333,1
26-1-2025-05,Bagalkote,Crimes Against Body,2025-05,26,1,24304,5,1,3,2,4,2.0,1.667,1.833,10,0.1,2
26-1-2025-06,Bagalkote,Crimes Against Body,2025-06,26,1,24305,6,2,1,3,1,2.0,2.0,1.667,13,0.1538,0
26-1-2025-07,Bagalkote,Crimes Against Body,2025-07,26,1,24306,7,0,2,1,3,1.0,1.667,1.583,8,0.0,1
26-1-2025-08,Bagalkote,Crimes Against Body,2025-08,26,1,24307,8,1,0,2,2,1.0,1.5,1.417,10,0.1,3
26-1-2025-09,Bagalkote,Crimes Against Body,2025-09,26,1,24308,9,3,1,0,0,1.333,1.667,1.5,9,0.3333,5
26-1-2025-10,Bagalkote,Crimes Against Body,2025-10,26,1,24309,10,5,3,1,2,3.0,2.0,1.917,14,0.3571,1
26-1-2025-11,Bagalkote,Crimes Against Body,2025-11,26,1,24310,11,1,5,3,0,3.0,2.0,1.833,18,0.0556,0
26-1-2025-12,Bagalkote,Crimes Against Body,2025-12,26,1,24311,12,0,1,5,2,2.0,1.667,1.833,13,0.0,3
26-1-2026-01,Bagalkote,Crimes Against Body,2026-01,26,1,24312,1,3,0,1,2,1.333,2.167,1.917,12,0.25,1
26-1-2026-02,Bagalkote,Crimes Against Body,2026-02,26,1,24313,2,1,3,0,2,1.333,2.167,1.833,15,0.0667,1
26-1-2026-03,Bagalkote,Crimes Against Body,2026-03,26,1,24314,3,1,1,3,3,1.667,1.833,1.75,12,0.0833,3
26-1-2026-04,Bagalkote,Crimes Against Body,2026-04,26,1,24315,4,3,1,1,1,1.667,1.5,1.75,26,0.1154,0
26-1-2026-05,Bagalkote,Crimes Against Body,2026-05,26,1,24316,5,0,3,1,2,1.333,1.333,1.667,20,0.0,3
26-1-2026-06,Bagalkote,Crimes Against Body,2026-06,26,1,24317,6,3,0,3,0,2.0,1.833,1.75,18,0.1667,3
26-2-2024-03,Bagalkote,Crimes Against Property,2024-03,26,2,24290,3,4,3,4,2,3.667,5.833,5.167,13,0.3077,1
26-2-2024-04,Bagalkote,Crimes Against Property,2024-04,26,2,24291,4,1,4,3,6,2.667,5.333,5.083,7,0.1429,6
26-2-2024-05,Bagalkote,Crimes Against Property,2024-05,26,2,24292,5,6,1,4,4,3.667,4.833,5.083,9,0.6667,4
26-2-2024-06,Bagalkote,Crimes Against Property,2024-06,26,2,24293,6,4,6,1,5,3.667,3.667,5.083,18,0.2222,6
26-2-2024-07,Bagalkote,Crimes Against Property,2024-07,26,2,24294,7,6,4,6,2,5.333,4.0,5.167,9,0.6667,4
26-2-2024-08,Bagalkote,Crimes Against Property,2024-08,26,2,24295,8,4,6,4,8,4.667,4.167,5.333,13,0.3077,6
26-2-2024-09,Bagalkote,Crimes Against Property,2024-09,26,2,24296,9,6,4,6,4,5.333,4.5,5.167,12,0.5,2
26-2-2024-10,Bagalkote,Crimes Against Property,2024-10,26,2,24297,10,2,6,4,9,4.0,4.667,5.0,10,0.2,10
26-2-2024-11,Bagalkote,Crimes Against Property,2024-11,26,2,24298,11,10,2,6,11,6.0,5.333,5.083,20,0.5,5
26-2-2024-12,Bagalkote,Crimes Against Property,2024-12,26,2,24299,12,5,10,2,4,5.667,5.5,4.583,15,0.3333,9
26-2-2025-01,Bagalkote,Crimes Against Property,2025-01,26,2,24300,1,9,5,10,3,8.0,6.0,5.0,17,0.5294,4
26-2-2025-02,Bagalkote,Crimes Against Property,2025-02,26,2,24301,2,4,9,5,4,6.0,6.0,5.083,15,0.2667,1
26-2-2025-03,Bagalkote,Crimes Against Property,2025-03,26,2,24302,3,1,4,9,1,4.667,5.167,4.833,6,0.1667,3
26-2-2025-04,Bagalkote,Crimes Against Property,2025-04,26,2,24303,4,3,1,4,6,2.667,5.333,5.0,9,0.3333,5
26-2-2025-05,Bagalkote,Crimes Against Property,2025-05,26,2,24304,5,5,3,1,4,3.0,4.5,4.917,10,0.5,6
26-2-2025-06,Bagalkote,Crimes Against Property,2025-06,26,2,24305,6,6,5,3,6,4.667,4.667,5.083,13,0.4615,2
26-2-2025-07,Bagalkote,Crimes Against Property,2025-07,26,2,24306,7,2,6,5,4,4.333,3.5,4.75,8,0.25,2
26-2-2025-08,Bagalkote,Crimes Against Property,2025-08,26,2,24307,8,2,2,6,6,3.333,3.167,4.583,10,0.2,2
26-2-2025-09,Bagalkote,Crimes Against Property,2025-09,26,2,24308,9,2,2,2,2,2.0,3.333,4.25,9,0.2222,4
26-2-2025-10,Bagalkote,Crimes Against Property,2025-10,26,2,24309,10,4,2,2,10,2.667,3.5,4.417,14,0.2857,13
26-2-2025-11,Bagalkote,Crimes Against Property,2025-11,26,2,24310,11,13,4,2,5,6.333,4.833,4.667,18,0.7222,12
26-2-2025-12,Bagalkote,Crimes Against Property,2025-12,26,2,24311,12,12,13,4,9,9.667,5.833,5.25,13,0.9231,5
26-2-2026-01,Bagalkote,Crimes Against Property,2026-01,26,2,24312,1,5,12,13,4,10.0,6.333,4.917,12,0.4167,5
26-2-2026-02,Bagalkote,Crimes Against Property,2026-02,26,2,24313,2,5,5,12,1,7.333,6.833,5.0,15,0.3333,8
26-2-2026-03,Bagalkote,Crimes Against Property,2026-03,26,2,24314,3,8,5,5,3,6.0,7.833,5.583,12,0.6667,10
26-2-2026-04,Bagalkote,Crimes Against Property,2026-04,26,2,24315,4,10,8,5,5,7.667,8.833,6.167,26,0.3846,4
26-2-2026-05,Bagalkote,Crimes Against Property,2026-05,26,2,24316,5,4,10,8,6,7.333,7.333,6.083,20,0.2,5
26-2-2026-06,Bagalkote,Crimes Against Property,2026-06,26,2,24317,6,5,4,10,2,6.333,6.167,6.0,18,0.2778,4
26-3-2024-02,Bagalkote,Crimes Against Women,2024-02,26,3,24289,2,2,0,1,2,1.0,0.833,0.917,14,0.1429,1
26-3-2024-03,Bagalkote,Crimes Against Women,2024-03,26,3,24290,3,1,2,0,1,1.0,1.0,0.833,13,0.0769,2
26-3-2024-04,Bagalkote,Crimes Against Women,2024-04,26,3,24291,4,2,1,2,1,1.667,1.167,0.917,7,0.2857,0
26-3-2024-05,Bagalkote,Crimes Against Women,2024-05,26,3,24292,5,0,2,1,1,1.0,1.0,0.833,9,0.0,2
26-3-2024-06,Bagalkote,Crimes Against Women,2024-06,26,3,24293,6,2,0,2,0,1.333,1.167,0.917,18,0.1111,0
26-3-2024-07,Bagalkote,Crimes Against Women,2024-07,26,3,24294,7,0,2,0,1,0.667,1.167,0.917,9,0.0,2
26-3-2024-08,Bagalkote,Crimes Against Women,2024-08,26,3,24295,8,2,0,2,0,1.333,1.167,1.0,13,0.1538,0
26-3-2024-09,Bagalkote,Crimes Against Women,2024-09,26,3,24296,9,0,2,0,1,0.667,1.0,1.0,12,0.0,1
26-3-2024-10,Bagalkote,Crimes Against Women,2024-10,26,3,24297,10,1,0,2,1,1.0,0.833,1.0,10,0.1,3
26-3-2024-11,Bagalkote,Crimes Against Women,2024-11,26,3,24298,11,3,1,0,1,1.333,1.333,1.167,20,0.15,1
26-3-2024-12,Bagalkote,Crimes Against Women,2024-12,26,3,24299,12,1,3,1,0,1.667,1.167,1.167,15,0.0667,0
26-3-2025-01,Bagalkote,Crimes Against Women,2025-01,26,3,24300,1,0,1,3,2,1.333,1.167,1.167,17,0.0,1
26-3-2025-02,Bagalkote,Crimes Against Women,2025-02,26,3,24301,2,1,0,1,1,0.667,1.0,1.083,15,0.0667,0
26-3-2025-03,Bagalkote,Crimes Against Women,2025-03,26,3,24302,3,0,1,0,2,0.333,1.0,1.0,6,0.0,1
26-3-2025-04,Bagalkote,Crimes Against Women,2025-04,26,3,24303,4,1,0,1,0,0.667,1.0,0.917,9,0.1111,1
26-3-2025-05,Bagalkote,Crimes Against Women,2025-05,26,3,24304,5,1,1,0,2,0.667,0.667,1.0,10,0.1,0
26-3-2025-06,Bagalkote,Crimes Against Women,2025-06,26,3,24305,6,0,1,1,0,0.667,0.5,0.833,13,0.0,1
26-3-2025-07,Bagalkote,Crimes Against Women,2025-07,26,3,24306,7,1,0,1,2,0.667,0.667,0.917,8,0.125,1
26-3-2025-08,Bagalkote,Crimes Against Women,2025-08,26,3,24307,8,1,1,0,0,0.667,0.667,0.833,10,0.1,1
26-3-2025-09,Bagalkote,Crimes Against Women,2025-09,26,3,24308,9,1,1,1,1,1.0,0.833,0.917,9,0.1111,2
26-3-2025-10,Bagalkote,Crimes Against Women,2025-10,26,3,24309,10,2,1,1,3,1.333,1.0,1.0,14,0.1429,1
26-3-2025-11,Bagalkote,Crimes Against Women,2025-11,26,3,24310,11,1,2,1,1,1.333,1.0,0.833,18,0.0556,1
26-3-2025-12,Bagalkote,Crimes Against Women,2025-12,26,3,24311,12,1,1,2,0,1.333,1.167,0.833,13,0.0769,2
26-3-2026-01,Bagalkote,Crimes Against Women,2026-01,26,3,24312,1,2,1,1,1,1.333,1.333,1.0,12,0.1667,0
26-3-2026-02,Bagalkote,Crimes Against Women,2026-02,26,3,24313,2,0,2,1,0,1.0,1.167,0.917,15,0.0,1
26-3-2026-03,Bagalkote,Crimes Against Women,2026-03,26,3,24314,3,1,0,2,1,1.0,1.167,1.0,12,0.0833,2
26-3-2026-04,Bagalkote,Crimes Against Women,2026-04,26,3,24315,4,2,1,0,1,1.0,1.167,1.083,26,0.0769,0
26-3-2026-05,Bagalkote,Crimes Against Women,2026-05,26,3,24316,5,0,2,1,0,1.0,1.0,1.0,20,0.0,1
26-3-2026-06,Bagalkote,Crimes Against Women,2026-06,26,3,24317,6,1,0,2,1,1.0,1.0,1.083,18,0.0556,2
26-4-2024-02,Bagalkote,Cyber Crime,2024-02,26,4,24289,2,3,4,3,0,3.333,3.0,2.167,14,0.2143,1
26-4-2024-03,Bagalkote,Cyber Crime,2024-03,26,4,24290,3,1,3,4,2,2.667,3.0,2.25,13,0.0769,1
26-4-2024-04,Bagalkote,Cyber Crime,2024-04,26,4,24291,4,1,1,3,2,1.667,2.5,2.167,7,0.1429,1
26-4-2024-05,Bagalkote,Cyber Crime,2024-05,26,4,24292,5,1,1,1,2,1.0,2.167,2.083,9,0.1111,6
26-4-2024-06,Bagalkote,Cyber Crime,2024-06,26,4,24293,6,6,1,1,0,2.667,2.667,2.417,18,0.3333,2
26-4-2024-07,Bagalkote,Cyber Crime,2024-07,26,4,24294,7,2,6,1,2,3.0,2.333,2.583,9,0.2222,3
26-4-2024-08,Bagalkote,Cyber Crime,2024-08,26,4,24295,8,3,2,6,1,3.667,2.333,2.667,13,0.2308,3
26-4-2024-09,Bagalkote,Cyber Crime,2024-09,26,4,24296,9,3,3,2,4,2.667,2.667,2.833,12,0.25,4
26-4-2024-10,Bagalkote,Cyber Crime,2024-10,26,4,24297,10,4,3,3,3,3.333,3.167,2.833,10,0.4,3
26-4-2024-11,Bagalkote,Cyber Crime,2024-11,26,4,24298,11,3,4,3,3,3.333,3.5,2.833,20,0.15,6
26-4-2024-12,Bagalkote,Cyber Crime,2024-12,26,4,24299,12,6,3,4,4,4.333,3.5,3.083,15,0.4,5
26-4-2025-01,Bagalkote,Cyber Crime,2025-01,26,4,24300,1,5,6,3,3,4.667,4.0,3.167,17,0.2941,2
26-4-2025-02,Bagalkote,Cyber Crime,2025-02,26,4,24301,2,2,5,6,1,4.333,3.833,3.083,15,0.1333,2
26-4-2025-03,Bagalkote,Cyber Crime,2025-03,26,4,24302,3,2,2,5,1,3.0,3.667,3.167,6,0.3333,0
26-4-2025-04,Bagalkote,Cyber Crime,2025-04,26,4,24303,4,0,2,2,1,1.333,3.0,3.083,9,0.0,2
26-4-2025-05,Bagalkote,Cyber Crime,2025-05,26,4,24304,5,2,0,2,6,1.333,2.833,3.167,10,0.2,2
26-4-2025-06,Bagalkote,Cyber Crime,2025-06,26,4,24305,6,2,2,0,2,1.333,2.167,2.833,13,0.1538,2
26-4-2025-07,Bagalkote,Cyber Crime,2025-07,26,4,24306,7,2,2,2,3,2.0,1.667,2.833,8,0.25,4
26-4-2025-08,Bagalkote,Cyber Crime,2025-08,26,4,24307,8,4,2,2,3,2.667,2.0,2.917,10,0.4,0
26-4-2025-09,Bagalkote,Cyber Crime,2025-09,26,4,24308,9,0,4,2,4,2.0,1.667,2.667,9,0.0,0
26-4-2025-10,Bagalkote,Cyber Crime,2025-10,26,4,24309,10,0,0,4,3,1.333,1.667,2.333,14,0.0,2
26-4-2025-11,Bagalkote,Cyber Crime,2025-11,26,4,24310,11,2,0,0,6,0.667,1.667,2.25,18,0.1111,0
26-4-2025-12,Bagalkote,Cyber Crime,2025-12,26,4,24311,12,0,2,0,5,0.667,1.333,1.75,13,0.0,0
26-4-2026-01,Bagalkote,Cyber Crime,2026-01,26,4,24312,1,0,0,2,2,0.667,1.0,1.333,12,0.0,5
26-4-2026-02,Bagalkote,Cyber Crime,2026-02,26,4,24313,2,5,0,0,2,1.667,1.167,1.583,15,0.3333,1
26-4-2026-03,Bagalkote,Cyber Crime,2026-03,26,4,24314,3,1,5,0,0,2.0,1.333,1.5,12,0.0833,6
26-4-2026-04,Bagalkote,Cyber Crime,2026-04,26,4,24315,4,6,1,5,2,4.0,2.333,2.0,26,0.2308,8
26-4-2026-05,Bagalkote,Cyber Crime,2026-05,26,4,24316,5,8,6,1,2,5.0,3.333,2.5,20,0.4,4
26-4-2026-06,Bagalkote,Cyber Crime,2026-06,26,4,24317,6,4,8,6,2,6.0,4.0,2.667,18,0.2222,1
26-5-2024-03,Bagalkote,Economic Offences,2024-03,26,5,24290,3,2,2,2,2,2.0,1.667,1.417,13,0.1538,1
26-5-2024-04,Bagalkote,Economic Offences,2024-04,26,5,24291,4,1,2,2,1,1.667,1.667,1.333,7,0.1429,0
26-5-2024-05,Bagalkote,Economic Offences,2024-05,26,5,24292,5,0,1,2,1,1.0,1.5,1.25,9,0.0,0
26-5-2024-06,Bagalkote,Economic Offences,2024-06,26,5,24293,6,0,0,1,1,0.333,1.167,1.167,18,0.0,0
26-5-2024-07,Bagalkote,Economic Offences,2024-07,26,5,24294,7,0,0,0,0,0.0,0.833,1.083,9,0.0,0
26-5-2024-08,Bagalkote,Economic Offences,2024-08,26,5,24295,8,0,0,0,2,0.0,0.5,1.083,13,0.0,0
26-5-2024-09,Bagalkote,Economic Offences,2024-09,26,5,24296,9,0,0,0,1,0.0,0.167,0.917,12,0.0,1
26-5-2024-10,Bagalkote,Economic Offences,2024-10,26,5,24297,10,1,0,0,1,0.333,0.167,0.917,10,0.1,0
26-5-2024-11,Bagalkote,Economic Offences,2024-11,26,5,24298,11,0,1,0,2,0.333,0.167,0.833,20,0.0,1
26-5-2024-12,Bagalkote,Economic Offences,2024-12,26,5,24299,12,1,0,1,2,0.667,0.333,0.75,15,0.0667,1
26-5-2025-01,Bagalkote,Economic Offences,2025-01,26,5,24300,1,1,1,0,2,0.667,0.5,0.667,17,0.0588,3
26-5-2025-02,Bagalkote,Economic Offences,2025-02,26,5,24301,2,3,1,1,2,1.667,1.0,0.75,15,0.2,0
26-5-2025-03,Bagalkote,Economic Offences,2025-03,26,5,24302,3,0,3,1,1,1.333,1.0,0.583,6,0.0,0
26-5-2025-04,Bagalkote,Economic Offences,2025-04,26,5,24303,4,0,0,3,0,1.0,0.833,0.5,9,0.0,0
26-5-2025-05,Bagalkote,Economic Offences,2025-05,26,5,24304,5,0,0,0,0,0.0,0.833,0.5,10,0.0,2
26-5-2025-06,Bagalkote,Economic Offences,2025-06,26,5,24305,6,2,0,0,0,0.667,1.0,0.667,13,0.1538,1
26-5-2025-07,Bagalkote,Economic Offences,2025-07,26,5,24306,7,1,2,0,0,1.0,1.0,0.75,8,0.125,0
26-5-2025-08,Bagalkote,Economic Offences,2025-08,26,5,24307,8,0,1,2,0,1.0,0.5,0.75,10,0.0,1
26-5-2025-09,Bagalkote,Economic Offences,2025-09,26,5,24308,9,1,0,1,1,0.667,0.667,0.833,9,0.1111,1
26-5-2025-10,Bagalkote,Economic Offences,2025-10,26,5,24309,10,1,1,0,0,0.667,0.833,0.833,14,0.0714,0
26-5-2025-11,Bagalkote,Economic Offences,2025-11,26,5,24310,11,0,1,1,1,0.667,0.833,0.833,18,0.0,0
26-5-2025-12,Bagalkote,Economic Offences,2025-12,26,5,24311,12,0,0,1,1,0.333,0.5,0.75,13,0.0,0
26-5-2026-01,Bagalkote,Economic Offences,2026-01,26,5,24312,1,0,0,0,3,0.0,0.333,0.667,12,0.0,2
26-5-2026-02,Bagalkote,Economic Offences,2026-02,26,5,24313,2,2,0,0,0,0.667,0.667,0.583,15,0.1333,0
26-5-2026-03,Bagalkote,Economic Offences,2026-03,26,5,24314,3,0,2,0,0,0.667,0.5,0.583,12,0.0,1
26-5-2026-04,Bagalkote,Economic Offences,2026-04,26,5,24315,4,1,0,2,0,1.0,0.5,0.667,26,0.0385,3
26-5-2026-05,Bagalkote,Economic Offences,2026-05,26,5,24316,5,3,1,0,2,1.333,1.0,0.917,20,0.15,1
26-5-2026-06,Bagalkote,Economic Offences,2026-06,26,5,24317,6,1,3,1,1,1.667,1.167,0.833,18,0.0556,1
26-6-2024-07,Bagalkote,NDPS,2024-07,26,6,24294,7,0,0,2,0,0.667,0.333,0.25,9,0.0,0
26-6-2024-08,Bagalkote,NDPS,2024-08,26,6,24295,8,0,0,0,0,0.0,0.333,0.25,13,0.0,0
26-6-2024-09,Bagalkote,NDPS,2024-09,26,6,24296,9,0,0,0,0,0.0,0.333,0.25,12,0.0,0
26-6-2024-10,Bagalkote,NDPS,2024-10,26,6,24297,10,0,0,0,1,0.0,0.333,0.25,10,0.0,1
26-6-2024-11,Bagalkote,NDPS,2024-11,26,6,24298,11,1,0,0,0,0.333,0.167,0.25,20,0.05,0
26-6-2024-12,Bagalkote,NDPS,2024-12,26,6,24299,12,0,1,0,0,0.333,0.167,0.25,15,0.0,0
26-6-2025-01,Bagalkote,NDPS,2025-01,26,6,24300,1,0,0,1,0,0.333,0.167,0.25,17,0.0,0
26-6-2025-02,Bagalkote,NDPS,2025-02,26,6,24301,2,0,0,0,0,0.0,0.167,0.25,15,0.0,1
26-6-2025-03,Bagalkote,NDPS,2025-03,26,6,24302,3,1,0,0,0,0.333,0.333,0.333,6,0.1667,0
26-6-2025-04,Bagalkote,NDPS,2025-04,26,6,24303,4,0,1,0,2,0.333,0.333,0.333,9,0.0,0
26-6-2025-05,Bagalkote,NDPS,2025-05,26,6,24304,5,0,0,1,0,0.333,0.167,0.167,10,0.0,0
26-6-2025-06,Bagalkote,NDPS,2025-06,26,6,24305,6,0,0,0,0,0.0,0.167,0.167,13,0.0,1
26-6-2025-07,Bagalkote,NDPS,2025-07,26,6,24306,7,1,0,0,0,0.333,0.333,0.25,8,0.125,1
26-6-2025-08,Bagalkote,NDPS,2025-08,26,6,24307,8,1,1,0,0,0.667,0.5,0.333,10,0.1,0
26-6-2025-09,Bagalkote,NDPS,2025-09,26,6,24308,9,0,1,1,0,0.667,0.333,0.333,9,0.0,0
26-6-2025-10,Bagalkote,NDPS,2025-10,26,6,24309,10,0,0,1,1,0.333,0.333,0.333,14,0.0,0
26-6-2025-11,Bagalkote,NDPS,2025-11,26,6,24310,11,0,0,0,0,0.0,0.333,0.25,18,0.0,0
26-6-2025-12,Bagalkote,NDPS,2025-12,26,6,24311,12,0,0,0,0,0.0,0.333,0.25,13,0.0,1
26-6-2026-01,Bagalkote,NDPS,2026-01,26,6,24312,1,1,0,0,0,0.333,0.333,0.333,12,0.0833,1
26-6-2026-02,Bagalkote,NDPS,2026-02,26,6,24313,2,1,1,0,1,0.667,0.333,0.417,15,0.0667,0
26-6-2026-03,Bagalkote,NDPS,2026-03,26,6,24314,3,0,1,1,0,0.667,0.333,0.333,12,0.0,2
26-6-2026-04,Bagalkote,NDPS,2026-04,26,6,24315,4,2,0,1,0,1.0,0.667,0.5,26,0.0769,1
26-6-2026-05,Bagalkote,NDPS,2026-05,26,6,24316,5,1,2,0,0,1.0,0.833,0.583,20,0.05,0
26-6-2026-06,Bagalkote,NDPS,2026-06,26,6,24317,6,0,1,2,1,1.0,0.833,0.583,18,0.0,0
26-7-2024-02,Bagalkote,Missing / UDR,2024-02,26,7,24289,2,0,2,0,2,0.667,0.833,0.917,14,0.0,0
26-7-2024-03,Bagalkote,Missing / UDR,2024-03,26,7,24290,3,0,0,2,0,0.667,0.833,0.75,13,0.0,1
26-7-2024-04,Bagalkote,Missing / UDR,2024-04,26,7,24291,4,1,0,0,0,0.333,0.667,0.833,7,0.1429,0
26-7-2024-05,Bagalkote,Missing / UDR,2024-05,26,7,24292,5,0,1,0,1,0.333,0.5,0.833,9,0.0,1
26-7-2024-06,Bagalkote,Missing / UDR,2024-06,26,7,24293,6,1,0,1,2,0.667,0.667,0.833,18,0.0556,0
26-7-2024-07,Bagalkote,Missing / UDR,2024-07,26,7,24294,7,0,1,0,1,0.333,0.333,0.667,9,0.0,0
26-7-2024-08,Bagalkote,Missing / UDR,2024-08,26,7,24295,8,0,0,1,0,0.333,0.333,0.583,13,0.0,0
26-7-2024-09,Bagalkote,Missing / UDR,2024-09,26,7,24296,9,0,0,0,2,0.0,0.333,0.583,12,0.0,1
26-7-2024-10,Bagalkote,Missing / UDR,2024-10,26,7,24297,10,1,0,0,1,0.333,0.333,0.5,10,0.1,1
26-7-2024-11,Bagalkote,Missing / UDR,2024-11,26,7,24298,11,1,1,0,0,0.667,0.5,0.5,20,0.05,1
26-7-2024-12,Bagalkote,Missing / UDR,2024-12,26,7,24299,12,1,1,1,2,1.0,0.5,0.583,15,0.0667,0
26-7-2025-01,Bagalkote,Missing / UDR,2025-01,26,7,24300,1,0,1,1,0,0.667,0.5,0.417,17,0.0,0
26-7-2025-02,Bagalkote,Missing / UDR,2025-02,26,7,24301,2,0,0,1,0,0.333,0.5,0.417,15,0.0,0
26-7-2025-03,Bagalkote,Missing / UDR,2025-03,26,7,24302,3,0,0,0,1,0.0,0.5,0.417,6,0.0,2
26-7-2025-04,Bagalkote,Missing / UDR,2025-04,26,7,24303,4,2,0,0,0,0.667,0.667,0.5,9,0.2222,0
26-7-2025-05,Bagalkote,Missing / UDR,2025-05,26,7,24304,5,0,2,0,1,0.667,0.5,0.5,10,0.0,0
26-7-2025-06,Bagalkote,Missing / UDR,2025-06,26,7,24305,6,0,0,2,0,0.667,0.333,0.417,13,0.0,0
26-7-2025-07,Bagalkote,Missing / UDR,2025-07,26,7,24306,7,0,0,0,0,0.0,0.333,0.417,8,0.0,0
26-7-2025-08,Bagalkote,Missing / UDR,2025-08,26,7,24307,8,0,0,0,0,0.0,0.333,0.417,10,0.0,0
26-7-2025-09,Bagalkote,Missing / UDR,2025-09,26,7,24308,9,0,0,0,1,0.0,0.333,0.417,9,0.0,0
26-7-2025-10,Bagalkote,Missing / UDR,2025-10,26,7,24309,10,0,0,0,1,0.0,0.0,0.333,14,0.0,0
26-7-2025-11,Bagalkote,Missing / UDR,2025-11,26,7,24310,11,0,0,0,1,0.0,0.0,0.25,18,0.0,0
26-7-2025-12,Bagalkote,Missing / UDR,2025-12,26,7,24311,12,0,0,0,0,0.0,0.0,0.167,13,0.0,0
26-7-2026-01,Bagalkote,Missing / UDR,2026-01,26,7,24312,1,0,0,0,0,0.0,0.0,0.167,12,0.0,1
26-7-2026-02,Bagalkote,Missing / UDR,2026-02,26,7,24313,2,1,0,0,0,0.333,0.167,0.25,15,0.0667,0
26-7-2026-03,Bagalkote,Missing / UDR,2026-03,26,7,24314,3,0,1,0,2,0.333,0.167,0.25,12,0.0,2
26-7-2026-04,Bagalkote,Missing / UDR,2026-04,26,7,24315,4,2,0,1,0,1.0,0.5,0.25,26,0.0769,2
26-7-2026-05,Bagalkote,Missing / UDR,2026-05,26,7,24316,5,2,2,0,0,1.333,0.833,0.417,20,0.1,3
26-7-2026-06,Bagalkote,Missing / UDR,2026-06,26,7,24317,6,3,2,2,0,2.333,1.333,0.667,18,0.1667,2
26-8-2024-02,Bagalkote,Traffic / PAR,2024-02,26,8,24289,2,2,1,0,0,1.0,0.5,0.583,14,0.1429,0
26-8-2024-03,Bagalkote,Traffic / PAR,2024-03,26,8,24290,3,0,2,1,0,1.0,0.5,0.583,13,0.0,0
26-8-2024-04,Bagalkote,Traffic / PAR,2024-04,26,8,24291,4,0,0,2,1,0.667,0.5,0.583,7,0.0,0
26-8-2024-05,Bagalkote,Traffic / PAR,2024-05,26,8,24292,5,0,0,0,1,0.0,0.5,0.5,9,0.0,1
26-8-2024-06,Bagalkote,Traffic / PAR,2024-06,26,8,24293,6,1,0,0,0,0.333,0.667,0.5,18,0.0556,0
26-8-2024-07,Bagalkote,Traffic / PAR,2024-07,26,8,24294,7,0,1,0,2,0.333,0.5,0.5,9,0.0,1
26-8-2024-08,Bagalkote,Traffic / PAR,2024-08,26,8,24295,8,1,0,1,0,0.667,0.333,0.417,13,0.0769,1
26-8-2024-09,Bagalkote,Traffic / PAR,2024-09,26,8,24296,9,1,1,0,0,0.667,0.5,0.5,12,0.0833,1
26-8-2024-10,Bagalkote,Traffic / PAR,2024-10,26,8,24297,10,1,1,1,0,1.0,0.667,0.583,10,0.1,0
26-8-2024-11,Bagalkote,Traffic / PAR,2024-11,26,8,24298,11,0,1,1,0,0.667,0.667,0.583,20,0.0,1
26-8-2024-12,Bagalkote,Traffic / PAR,2024-12,26,8,24299,12,1,0,1,1,0.667,0.667,0.667,15,0.0667,0
26-8-2025-01,Bagalkote,Traffic / PAR,2025-01,26,8,24300,1,0,1,0,2,0.333,0.667,0.583,17,0.0,3
26-8-2025-02,Bagalkote,Traffic / PAR,2025-02,26,8,24301,2,3,0,1,0,1.333,1.0,0.667,15,0.2,0
26-8-2025-03,Bagalkote,Traffic / PAR,2025-03,26,8,24302,3,0,3,0,0,1.0,0.833,0.667,6,0.0,0
26-8-2025-04,Bagalkote,Traffic / PAR,2025-04,26,8,24303,4,0,0,3,0,1.0,0.667,0.667,9,0.0,1
26-8-2025-05,Bagalkote,Traffic / PAR,2025-05,26,8,24304,5,1,0,0,1,0.333,0.833,0.75,10,0.1,1
26-8-2025-06,Bagalkote,Traffic / PAR,2025-06,26,8,24305,6,1,1,0,0,0.667,0.833,0.75,13,0.0769,1
26-8-2025-07,Bagalkote,Traffic / PAR,2025-07,26,8,24306,7,1,1,1,1,1.0,1.0,0.833,8,0.125,1
26-8-2025-08,Bagalkote,Traffic / PAR,2025-08,26,8,24307,8,1,1,1,1,1.0,0.667,0.833,10,0.1,2
26-8-2025-09,Bagalkote,Traffic / PAR,2025-09,26,8,24308,9,2,1,1,1,1.333,1.0,0.917,9,0.2222,2
26-8-2025-10,Bagalkote,Traffic / PAR,2025-10,26,8,24309,10,2,2,1,0,1.667,1.333,1.0,14,0.1429,1
26-8-2025-11,Bagalkote,Traffic / PAR,2025-11,26,8,24310,11,1,2,2,1,1.667,1.333,1.083,18,0.0556,0
26-8-2025-12,Bagalkote,Traffic / PAR,2025-12,26,8,24311,12,0,1,2,0,1.0,1.167,1.0,13,0.0,1
26-8-2026-01,Bagalkote,Traffic / PAR,2026-01,26,8,24312,1,1,0,1,3,0.667,1.167,1.083,12,0.0833,0
26-8-2026-02,Bagalkote,Traffic / PAR,2026-02,26,8,24313,2,0,1,0,0,0.333,1.0,0.833,15,0.0,1
26-8-2026-03,Bagalkote,Traffic / PAR,2026-03,26,8,24314,3,1,0,1,0,0.667,0.833,0.917,12,0.0833,0
26-8-2026-04,Bagalkote,Traffic / PAR,2026-04,26,8,24315,4,0,1,0,1,0.333,0.5,0.917,26,0.0,2
26-8-2026-05,Bagalkote,Traffic / PAR,2026-05,26,8,24316,5,2,0,1,1,1.0,0.667,1.0,20,0.1,1
26-8-2026-06,Bagalkote,Traffic / PAR,2026-06,26,8,24317,6,1,2,0,1,1.0,0.833,1.0,18,0.0556,2
27-1-2024-02,Yadgir,Crimes Against Body,2024-02,27,1,24289,2,0,1,2,1,1.0,1.167,1.417,7,0.0,1
27-1-2024-03,Yadgir,Crimes Against Body,2024-03,27,1,24290,3,1,0,1,1,0.667,1.333,1.417,5,0.2,1
27-1-2024-04,Yadgir,Crimes Against Body,2024-04,27,1,24291,4,1,1,0,0,0.667,1.0,1.417,4,0.25,0
27-1-2024-05,Yadgir,Crimes Against Body,2024-05,27,1,24292,5,0,1,1,3,0.667,0.833,1.417,4,0.0,1
27-1-2024-06,Yadgir,Crimes Against Body,2024-06,27,1,24293,6,1,0,1,4,0.667,0.667,1.25,11,0.0909,2
27-1-2024-07,Yadgir,Crimes Against Body,2024-07,27,1,24294,7,2,1,0,1,1.0,0.833,1.083,11,0.1818,2
27-1-2024-08,Yadgir,Crimes Against Body,2024-08,27,1,24295,8,2,2,1,0,1.667,1.167,1.167,11,0.1818,0
27-1-2024-09,Yadgir,Crimes Against Body,2024-09,27,1,24296,9,0,2,2,3,1.333,1.0,1.167,11,0.0,2
27-1-2024-10,Yadgir,Crimes Against Body,2024-10,27,1,24297,10,2,0,2,1,1.333,1.167,1.083,9,0.2222,2
27-1-2024-11,Yadgir,Crimes Against Body,2024-11,27,1,24298,11,2,2,0,2,1.333,1.5,1.167,11,0.1818,2
27-1-2024-12,Yadgir,Crimes Against Body,2024-12,27,1,24299,12,2,2,2,1,2.0,1.667,1.167,18,0.1111,0
27-1-2025-01,Yadgir,Crimes Against Body,2025-01,27,1,24300,1,0,2,2,0,1.333,1.333,1.083,6,0.0,0
27-1-2025-02,Yadgir,Crimes Against Body,2025-02,27,1,24301,2,0,0,2,1,0.667,1.0,1.083,5,0.0,2
27-1-2025-03,Yadgir,Crimes Against Body,2025-03,27,1,24302,3,2,0,0,1,0.667,1.333,1.167,8,0.25,1
27-1-2025-04,Yadgir,Crimes Against Body,2025-04,27,1,24303,4,1,2,0,0,1.0,1.167,1.167,8,0.125,2
27-1-2025-05,Yadgir,Crimes Against Body,2025-05,27,1,24304,5,2,1,2,1,1.667,1.167,1.333,11,0.1818,1
27-1-2025-06,Yadgir,Crimes Against Body,2025-06,27,1,24305,6,1,2,1,2,1.333,1.0,1.333,11,0.0909,2
27-1-2025-07,Yadgir,Crimes Against Body,2025-07,27,1,24306,7,2,1,2,2,1.667,1.333,1.333,8,0.25,0
27-1-2025-08,Yadgir,Crimes Against Body,2025-08,27,1,24307,8,0,2,1,0,1.0,1.333,1.167,10,0.0,1
27-1-2025-09,Yadgir,Crimes Against Body,2025-09,27,1,24308,9,1,0,2,2,1.0,1.167,1.25,11,0.0909,1
27-1-2025-10,Yadgir,Crimes Against Body,2025-10,27,1,24309,10,1,1,0,2,0.667,1.167,1.167,4,0.25,1
27-1-2025-11,Yadgir,Crimes Against Body,2025-11,27,1,24310,11,1,1,1,2,1.0,1.0,1.083,16,0.0625,4
27-1-2025-12,Yadgir,Crimes Against Body,2025-12,27,1,24311,12,4,1,1,0,2.0,1.5,1.25,12,0.3333,3
27-1-2026-01,Yadgir,Crimes Against Body,2026-01,27,1,24312,1,3,4,1,0,2.667,1.667,1.5,15,0.2,2
27-1-2026-02,Yadgir,Crimes Against Body,2026-02,27,1,24313,2,2,3,4,2,3.0,2.0,1.667,24,0.0833,3
27-1-2026-03,Yadgir,Crimes Against Body,2026-03,27,1,24314,3,3,2,3,1,2.667,2.333,1.75,17,0.1765,3
27-1-2026-04,Yadgir,Crimes Against Body,2026-04,27,1,24315,4,3,3,2,2,2.667,2.667,1.917,19,0.1579,2
27-1-2026-05,Yadgir,Crimes Against Body,2026-05,27,1,24316,5,2,3,3,1,2.667,2.833,1.917,15,0.1333,2
27-1-2026-06,Yadgir,Crimes Against Body,2026-06,27,1,24317,6,2,2,3,2,2.333,2.5,2.0,25,0.08,4
27-2-2024-03,Yadgir,Crimes Against Property,2024-03,27,2,24290,3,0,5,0,4,1.667,4.5,3.667,5,0.0,1
27-2-2024-04,Yadgir,Crimes Against Property,2024-04,27,2,24291,4,1,0,5,4,2.0,3.833,3.417,4,0.25,2
27-2-2024-05,Yadgir,Crimes Against Property,2024-05,27,2,24292,5,2,1,0,5,1.0,2.667,3.25,4,0.5,5
27-2-2024-06,Yadgir,Crimes Against Property,2024-06,27,2,24293,6,5,2,1,1,2.667,2.167,3.25,11,0.4545,4
27-2-2024-07,Yadgir,Crimes Against Property,2024-07,27,2,24294,7,4,5,2,1,3.667,2.833,3.5,11,0.3636,3
27-2-2024-08,Yadgir,Crimes Against Property,2024-08,27,2,24295,8,3,4,5,2,4.0,2.5,3.667,11,0.2727,4
27-2-2024-09,Yadgir,Crimes Against Property,2024-09,27,2,24296,9,4,3,4,5,3.667,3.167,3.833,11,0.3636,3
27-2-2024-10,Yadgir,Crimes Against Property,2024-10,27,2,24297,10,3,4,3,9,3.333,3.5,3.667,9,0.3333,4
27-2-2024-11,Yadgir,Crimes Against Property,2024-11,27,2,24298,11,4,3,4,8,3.667,3.833,3.25,11,0.3636,9
27-2-2024-12,Yadgir,Crimes Against Property,2024-12,27,2,24299,12,9,4,3,0,5.333,4.5,3.333,18,0.5,1
27-2-2025-01,Yadgir,Crimes Against Property,2025-01,27,2,24300,1,1,9,4,5,4.667,4.0,3.417,6,0.1667,3
27-2-2025-02,Yadgir,Crimes Against Property,2025-02,27,2,24301,2,3,1,9,0,4.333,4.0,3.25,5,0.6,5
27-2-2025-03,Yadgir,Crimes Against Property,2025-03,27,2,24302,3,5,3,1,1,3.0,4.167,3.667,8,0.625,1
27-2-2025-04,Yadgir,Crimes Against Property,2025-04,27,2,24303,4,1,5,3,2,3.0,3.833,3.667,8,0.125,3
27-2-2025-05,Yadgir,Crimes Against Property,2025-05,27,2,24304,5,3,1,5,5,3.0,3.667,3.75,11,0.2727,5
27-2-2025-06,Yadgir,Crimes Against Property,2025-06,27,2,24305,6,5,3,1,4,3.0,3.0,3.75,11,0.4545,1
27-2-2025-07,Yadgir,Crimes Against Property,2025-07,27,2,24306,7,1,5,3,3,3.0,3.0,3.5,8,0.125,4
27-2-2025-08,Yadgir,Crimes Against Property,2025-08,27,2,24307,8,4,1,5,4,3.333,3.167,3.583,10,0.4,3
27-2-2025-09,Yadgir,Crimes Against Property,2025-09,27,2,24308,9,3,4,1,3,2.667,2.833,3.5,11,0.2727,1
27-2-2025-10,Yadgir,Crimes Against Property,2025-10,27,2,24309,10,1,3,4,4,2.667,2.833,3.333,4,0.25,10
27-2-2025-11,Yadgir,Crimes Against Property,2025-11,27,2,24310,11,10,1,3,9,4.667,4.0,3.833,16,0.625,7
27-2-2025-12,Yadgir,Crimes Against Property,2025-12,27,2,24311,12,7,10,1,1,6.0,4.333,3.667,12,0.5833,4
27-2-2026-01,Yadgir,Crimes Against Property,2026-01,27,2,24312,1,4,7,10,3,7.0,4.833,3.917,15,0.2667,11
27-2-2026-02,Yadgir,Crimes Against Property,2026-02,27,2,24313,2,11,4,7,5,7.333,6.0,4.583,24,0.4583,4
27-2-2026-03,Yadgir,Crimes Against Property,2026-03,27,2,24314,3,4,11,4,1,6.333,6.167,4.5,17,0.2353,7
27-2-2026-04,Yadgir,Crimes Against Property,2026-04,27,2,24315,4,7,4,11,3,7.333,7.167,5.0,19,0.3684,7
27-2-2026-05,Yadgir,Crimes Against Property,2026-05,27,2,24316,5,7,7,4,5,6.0,6.667,5.333,15,0.4667,12
27-2-2026-06,Yadgir,Crimes Against Property,2026-06,27,2,24317,6,12,7,7,1,8.667,7.5,5.917,25,0.48,10
27-3-2024-03,Yadgir,Crimes Against Women,2024-03,27,3,24290,3,0,0,2,0,0.667,0.667,0.917,5,0.0,1
27-3-2024-04,Yadgir,Crimes Against Women,2024-04,27,3,24291,4,1,0,0,1,0.333,0.667,1.0,4,0.25,1
27-3-2024-05,Yadgir,Crimes Against Women,2024-05,27,3,24292,5,1,1,0,1,0.667,0.833,1.0,4,0.25,0
27-3-2024-06,Yadgir,Crimes Against Women,2024-06,27,3,24293,6,0,1,1,2,0.667,0.667,0.917,11,0.0,0
27-3-2024-07,Yadgir,Crimes Against Women,2024-07,27,3,24294,7,0,0,1,1,0.333,0.333,0.75,11,0.0,0
27-3-2024-08,Yadgir,Crimes Against Women,2024-08,27,3,24295,8,0,0,0,2,0.0,0.333,0.667,11,0.0,3
27-3-2024-09,Yadgir,Crimes Against Women,2024-09,27,3,24296,9,3,0,0,1,1.0,0.833,0.75,11,0.2727,2
27-3-2024-10,Yadgir,Crimes Against Women,2024-10,27,3,24297,10,2,3,0,0,1.667,1.0,0.833,9,0.2222,1
27-3-2024-11,Yadgir,Crimes Against Women,2024-11,27,3,24298,11,1,2,3,1,2.0,1.0,0.917,11,0.0909,1
27-3-2024-12,Yadgir,Crimes Against Women,2024-12,27,3,24299,12,1,1,2,2,1.333,1.167,0.917,18,0.0556,1
27-3-2025-01,Yadgir,Crimes Against Women,2025-01,27,3,24300,1,1,1,1,0,1.0,1.333,0.833,6,0.1667,0
27-3-2025-02,Yadgir,Crimes Against Women,2025-02,27,3,24301,2,0,1,1,0,0.667,1.333,0.833,5,0.0,1
27-3-2025-03,Yadgir,Crimes Against Women,2025-03,27,3,24302,3,1,0,1,1,0.667,1.0,0.917,8,0.125,2
27-3-2025-04,Yadgir,Crimes Against Women,2025-04,27,3,24303,4,2,1,0,1,1.0,1.0,1.0,8,0.25,0
27-3-2025-05,Yadgir,Crimes Against Women,2025-05,27,3,24304,5,0,2,1,0,1.0,0.833,0.917,11,0.0,0
27-3-2025-06,Yadgir,Crimes Against Women,2025-06,27,3,24305,6,0,0,2,0,0.667,0.667,0.917,11,0.0,1
27-3-2025-07,Yadgir,Crimes Against Women,2025-07,27,3,24306,7,1,0,0,0,0.333,0.667,1.0,8,0.125,0
27-3-2025-08,Yadgir,Crimes Against Women,2025-08,27,3,24307,8,0,1,0,3,0.333,0.667,1.0,10,0.0,1
27-3-2025-09,Yadgir,Crimes Against Women,2025-09,27,3,24308,9,1,0,1,2,0.667,0.667,0.833,11,0.0909,0
27-3-2025-10,Yadgir,Crimes Against Women,2025-10,27,3,24309,10,0,1,0,1,0.333,0.333,0.667,4,0.0,1
27-3-2025-11,Yadgir,Crimes Against Women,2025-11,27,3,24310,11,1,0,1,1,0.667,0.5,0.667,16,0.0625,0
27-3-2025-12,Yadgir,Crimes Against Women,2025-12,27,3,24311,12,0,1,0,1,0.333,0.5,0.583,12,0.0,1
27-3-2026-01,Yadgir,Crimes Against Women,2026-01,27,3,24312,1,1,0,1,0,0.667,0.5,0.583,15,0.0667,3
27-3-2026-02,Yadgir,Crimes Against Women,2026-02,27,3,24313,2,3,1,0,1,1.333,1.0,0.833,24,0.125,3
27-3-2026-03,Yadgir,Crimes Against Women,2026-03,27,3,24314,3,3,3,1,2,2.333,1.333,1.0,17,0.1765,1
27-3-2026-04,Yadgir,Crimes Against Women,2026-04,27,3,24315,4,1,3,3,0,2.333,1.5,0.917,19,0.0526,2
27-3-2026-05,Yadgir,Crimes Against Women,2026-05,27,3,24316,5,2,1,3,0,2.0,1.667,1.083,15,0.1333,3
27-3-2026-06,Yadgir,Crimes Against Women,2026-06,27,3,24317,6,3,2,1,1,2.0,2.167,1.333,25,0.12,1
27-4-2024-02,Yadgir,Cyber Crime,2024-02,27,4,24289,2,1,0,3,1,1.333,1.167,1.833,7,0.1429,2
27-4-2024-03,Yadgir,Cyber Crime,2024-03,27,4,24290,3,2,1,0,3,1.0,1.333,1.917,5,0.4,1
27-4-2024-04,Yadgir,Cyber Crime,2024-04,27,4,24291,4,1,2,1,1,1.333,1.333,1.75,4,0.25,0
27-4-2024-05,Yadgir,Cyber Crime,2024-05,27,4,24292,5,0,1,2,4,1.0,1.167,1.667,4,0.0,1
27-4-2024-06,Yadgir,Cyber Crime,2024-06,27,4,24293,6,1,0,1,2,0.667,0.833,1.417,11,0.0909,3
27-4-2024-07,Yadgir,Cyber Crime,2024-07,27,4,24294,7,3,1,0,4,1.333,1.333,1.5,11,0.2727,1
27-4-2024-08,Yadgir,Cyber Crime,2024-08,27,4,24295,8,1,3,1,1,1.667,1.333,1.25,11,0.0909,3
27-4-2024-09,Yadgir,Cyber Crime,2024-09,27,4,24296,9,3,1,3,1,2.333,1.5,1.417,11,0.2727,0
27-4-2024-10,Yadgir,Cyber Crime,2024-10,27,4,24297,10,0,3,1,1,1.333,1.333,1.333,9,0.0,2
27-4-2024-11,Yadgir,Cyber Crime,2024-11,27,4,24298,11,2,0,3,3,1.667,1.667,1.417,11,0.1818,2
27-4-2024-12,Yadgir,Cyber Crime,2024-12,27,4,24299,12,2,2,0,0,1.333,1.833,1.333,18,0.1111,1
27-4-2025-01,Yadgir,Cyber Crime,2025-01,27,4,24300,1,1,2,2,1,1.667,1.5,1.417,6,0.1667,0
27-4-2025-02,Yadgir,Cyber Crime,2025-02,27,4,24301,2,0,1,2,2,1.0,1.333,1.333,5,0.0,0
27-4-2025-03,Yadgir,Cyber Crime,2025-03,27,4,24302,3,0,0,1,1,0.333,0.833,1.167,8,0.0,2
27-4-2025-04,Yadgir,Cyber Crime,2025-04,27,4,24303,4,2,0,0,0,0.667,1.167,1.25,8,0.25,2
27-4-2025-05,Yadgir,Cyber Crime,2025-05,27,4,24304,5,2,2,0,1,1.333,1.167,1.417,11,0.1818,2
27-4-2025-06,Yadgir,Cyber Crime,2025-06,27,4,24305,6,2,2,2,3,2.0,1.167,1.5,11,0.1818,3
27-4-2025-07,Yadgir,Cyber Crime,2025-07,27,4,24306,7,3,2,2,1,2.333,1.5,1.5,8,0.375,3
27-4-2025-08,Yadgir,Cyber Crime,2025-08,27,4,24307,8,3,3,2,3,2.667,2.0,1.667,10,0.3,2
27-4-2025-09,Yadgir,Cyber Crime,2025-09,27,4,24308,9,2,3,3,0,2.667,2.333,1.583,11,0.1818,1
27-4-2025-10,Yadgir,Cyber Crime,2025-10,27,4,24309,10,1,2,3,2,2.0,2.167,1.667,4,0.25,0
27-4-2025-11,Yadgir,Cyber Crime,2025-11,27,4,24310,11,0,1,2,2,1.0,1.833,1.5,16,0.0,1
27-4-2025-12,Yadgir,Cyber Crime,2025-12,27,4,24311,12,1,0,1,1,0.667,1.667,1.417,12,0.0833,3
27-4-2026-01,Yadgir,Cyber Crime,2026-01,27,4,24312,1,3,1,0,0,1.333,1.667,1.583,15,0.2,4
27-4-2026-02,Yadgir,Cyber Crime,2026-02,27,4,24313,2,4,3,1,0,2.667,1.833,1.917,24,0.1667,2
27-4-2026-03,Yadgir,Cyber Crime,2026-03,27,4,24314,3,2,4,3,2,3.0,1.833,2.083,17,0.1176,3
27-4-2026-04,Yadgir,Cyber Crime,2026-04,27,4,24315,4,3,2,4,2,3.0,2.167,2.167,19,0.1579,3
27-4-2026-05,Yadgir,Cyber Crime,2026-05,27,4,24316,5,3,3,2,2,2.667,2.667,2.25,15,0.2,4
27-4-2026-06,Yadgir,Cyber Crime,2026-06,27,4,24317,6,4,3,3,3,3.333,3.167,2.417,25,0.16,2
27-5-2024-03,Yadgir,Economic Offences,2024-03,27,5,24290,3,0,0,1,0,0.333,0.5,0.333,5,0.0,0
27-5-2024-04,Yadgir,Economic Offences,2024-04,27,5,24291,4,0,0,0,0,0.0,0.333,0.333,4,0.0,0
27-5-2024-05,Yadgir,Economic Offences,2024-05,27,5,24292,5,0,0,0,0,0.0,0.333,0.333,4,0.0,4
27-5-2024-06,Yadgir,Economic Offences,2024-06,27,5,24293,6,4,0,0,0,1.333,0.833,0.667,11,0.3636,0
27-5-2024-07,Yadgir,Economic Offences,2024-07,27,5,24294,7,0,4,0,0,1.333,0.667,0.667,11,0.0,3
27-5-2024-08,Yadgir,Economic Offences,2024-08,27,5,24295,8,3,0,4,1,2.333,1.167,0.917,11,0.2727,0
27-5-2024-09,Yadgir,Economic Offences,2024-09,27,5,24296,9,0,3,0,1,1.0,1.167,0.833,11,0.0,1
27-5-2024-10,Yadgir,Economic Offences,2024-10,27,5,24297,10,1,0,3,0,1.333,1.333,0.833,9,0.1111,0
27-5-2024-11,Yadgir,Economic Offences,2024-11,27,5,24298,11,0,1,0,1,0.333,1.333,0.833,11,0.0,3
27-5-2024-12,Yadgir,Economic Offences,2024-12,27,5,24299,12,3,0,1,1,1.333,1.167,1.0,18,0.1667,0
27-5-2025-01,Yadgir,Economic Offences,2025-01,27,5,24300,1,0,3,0,0,1.0,1.167,0.917,6,0.0,0
27-5-2025-02,Yadgir,Economic Offences,2025-02,27,5,24301,2,0,0,3,0,1.0,0.667,0.917,5,0.0,0
27-5-2025-03,Yadgir,Economic Offences,2025-03,27,5,24302,3,0,0,0,0,0.0,0.667,0.917,8,0.0,1
27-5-2025-04,Yadgir,Economic Offences,2025-04,27,5,24303,4,1,0,0,0,0.333,0.667,1.0,8,0.125,0
27-5-2025-05,Yadgir,Economic Offences,2025-05,27,5,24304,5,0,1,0,4,0.333,0.667,1.0,11,0.0,0
27-5-2025-06,Yadgir,Economic Offences,2025-06,27,5,24305,6,0,0,1,0,0.333,0.167,0.667,11,0.0,0
27-5-2025-07,Yadgir,Economic Offences,2025-07,27,5,24306,7,0,0,0,3,0.0,0.167,0.667,8,0.0,1
27-5-2025-08,Yadgir,Economic Offences,2025-08,27,5,24307,8,1,0,0,0,0.333,0.333,0.5,10,0.1,1
27-5-2025-09,Yadgir,Economic Offences,2025-09,27,5,24308,9,1,1,0,1,0.667,0.5,0.583,11,0.0909,1
27-5-2025-10,Yadgir,Economic Offences,2025-10,27,5,24309,10,1,1,1,0,1.0,0.5,0.583,4,0.25,3
27-5-2025-11,Yadgir,Economic Offences,2025-11,27,5,24310,11,3,1,1,3,1.667,1.0,0.833,16,0.1875,0
27-5-2025-12,Yadgir,Economic Offences,2025-12,27,5,24311,12,0,3,1,0,1.333,1.0,0.583,12,0.0,3
27-5-2026-01,Yadgir,Economic Offences,2026-01,27,5,24312,1,3,0,3,0,2.0,1.5,0.833,15,0.2,2
27-5-2026-02,Yadgir,Economic Offences,2026-02,27,5,24313,2,2,3,0,0,1.667,1.667,1.0,24,0.0833,1
27-5-2026-03,Yadgir,Economic Offences,2026-03,27,5,24314,3,1,2,3,1,2.0,1.667,1.083,17,0.0588,1
27-5-2026-04,Yadgir,Economic Offences,2026-04,27,5,24315,4,1,1,2,0,1.333,1.667,1.083,19,0.0526,0
27-5-2026-05,Yadgir,Economic Offences,2026-05,27,5,24316,5,0,1,1,0,0.667,1.167,1.083,15,0.0,1
27-5-2026-06,Yadgir,Economic Offences,2026-06,27,5,24317,6,1,0,1,0,0.667,1.333,1.167,25,0.04,1
27-6-2025-05,Yadgir,NDPS,2025-05,27,6,24304,5,1,1,0,0,0.667,0.667,0.333,11,0.0909,0
27-6-2025-06,Yadgir,NDPS,2025-06,27,6,24305,6,0,1,1,0,0.667,0.5,0.333,11,0.0,0
27-6-2025-07,Yadgir,NDPS,2025-07,27,6,24306,7,0,0,1,0,0.333,0.333,0.333,8,0.0,1
27-6-2025-08,Yadgir,NDPS,2025-08,27,6,24307,8,1,0,0,0,0.333,0.5,0.417,10,0.1,0
27-6-2025-09,Yadgir,NDPS,2025-09,27,6,24308,9,0,1,0,0,0.333,0.5,0.417,11,0.0,0
27-6-2025-10,Yadgir,NDPS,2025-10,27,6,24309,10,0,0,1,0,0.333,0.333,0.417,4,0.0,0
27-6-2025-11,Yadgir,NDPS,2025-11,27,6,24310,11,0,0,0,1,0.0,0.167,0.417,16,0.0,0
27-6-2025-12,Yadgir,NDPS,2025-12,27,6,24311,12,0,0,0,1,0.0,0.167,0.333,12,0.0,0
27-6-2026-01,Yadgir,NDPS,2026-01,27,6,24312,1,0,0,0,0,0.0,0.167,0.25,15,0.0,0
27-6-2026-02,Yadgir,NDPS,2026-02,27,6,24313,2,0,0,0,0,0.0,0.0,0.25,24,0.0,1
27-6-2026-03,Yadgir,NDPS,2026-03,27,6,24314,3,1,0,0,1,0.333,0.167,0.333,17,0.0588,2
27-6-2026-04,Yadgir,NDPS,2026-04,27,6,24315,4,2,1,0,1,1.0,0.5,0.417,19,0.1053,0
27-6-2026-05,Yadgir,NDPS,2026-05,27,6,24316,5,0,2,1,0,1.0,0.5,0.333,15,0.0,1
27-6-2026-06,Yadgir,NDPS,2026-06,27,6,24317,6,1,0,2,0,1.0,0.667,0.417,25,0.04,1
27-7-2024-05,Yadgir,Missing / UDR,2024-05,27,7,24292,5,0,0,2,1,0.667,0.5,0.667,4,0.0,0
27-7-2024-06,Yadgir,Missing / UDR,2024-06,27,7,24293,6,0,0,0,1,0.0,0.333,0.583,11,0.0,1
27-7-2024-07,Yadgir,Missing / UDR,2024-07,27,7,24294,7,1,0,0,1,0.333,0.5,0.583,11,0.0909,0
27-7-2024-08,Yadgir,Missing / UDR,2024-08,27,7,24295,8,0,1,0,0,0.333,0.5,0.5,11,0.0,0
27-7-2024-09,Yadgir,Missing / UDR,2024-09,27,7,24296,9,0,0,1,1,0.333,0.167,0.5,11,0.0,1
27-7-2024-10,Yadgir,Missing / UDR,2024-10,27,7,24297,10,1,0,0,1,0.333,0.333,0.5,9,0.1111,2
27-7-2024-11,Yadgir,Missing / UDR,2024-11,27,7,24298,11,2,1,0,1,1.0,0.667,0.583,11,0.1818,0
27-7-2024-12,Yadgir,Missing / UDR,2024-12,27,7,24299,12,0,2,1,0,1.0,0.667,0.5,18,0.0,0
27-7-2025-01,Yadgir,Missing / UDR,2025-01,27,7,24300,1,0,0,2,0,0.667,0.5,0.5,6,0.0,1
27-7-2025-02,Yadgir,Missing / UDR,2025-02,27,7,24301,2,1,0,0,2,0.333,0.667,0.583,5,0.2,0
27-7-2025-03,Yadgir,Missing / UDR,2025-03,27,7,24302,3,0,1,0,0,0.333,0.667,0.417,8,0.0,0
27-7-2025-04,Yadgir,Missing / UDR,2025-04,27,7,24303,4,0,0,1,0,0.333,0.5,0.417,8,0.0,3
27-7-2025-05,Yadgir,Missing / UDR,2025-05,27,7,24304,5,3,0,0,0,1.0,0.667,0.667,11,0.2727,2
27-7-2025-06,Yadgir,Missing / UDR,2025-06,27,7,24305,6,2,3,0,1,1.667,1.0,0.833,11,0.1818,1
27-7-2025-07,Yadgir,Missing / UDR,2025-07,27,7,24306,7,1,2,3,0,2.0,1.167,0.833,8,0.125,0
27-7-2025-08,Yadgir,Missing / UDR,2025-08,27,7,24307,8,0,1,2,0,1.0,1.0,0.833,10,0.0,1
27-7-2025-09,Yadgir,Missing / UDR,2025-09,27,7,24308,9,1,0,1,1,0.667,1.167,0.917,11,0.0909,0
27-7-2025-10,Yadgir,Missing / UDR,2025-10,27,7,24309,10,0,1,0,2,0.333,1.167,0.833,4,0.0,0
27-7-2025-11,Yadgir,Missing / UDR,2025-11,27,7,24310,11,0,0,1,0,0.333,0.667,0.667,16,0.0,0
27-7-2025-12,Yadgir,Missing / UDR,2025-12,27,7,24311,12,0,0,0,0,0.0,0.333,0.667,12,0.0,1
27-7-2026-01,Yadgir,Missing / UDR,2026-01,27,7,24312,1,1,0,0,1,0.333,0.333,0.75,15,0.0667,1
27-7-2026-02,Yadgir,Missing / UDR,2026-02,27,7,24313,2,1,1,0,0,0.667,0.5,0.75,24,0.0417,3
27-7-2026-03,Yadgir,Missing / UDR,2026-03,27,7,24314,3,3,1,1,0,1.667,0.833,1.0,17,0.1765,0
27-7-2026-04,Yadgir,Missing / UDR,2026-04,27,7,24315,4,0,3,1,3,1.333,0.833,1.0,19,0.0,0
27-7-2026-05,Yadgir,Missing / UDR,2026-05,27,7,24316,5,0,0,3,2,1.0,0.833,0.75,15,0.0,2
27-7-2026-06,Yadgir,Missing / UDR,2026-06,27,7,24317,6,2,0,0,1,0.667,1.167,0.75,25,0.08,3
27-8-2024-03,Yadgir,Traffic / PAR,2024-03,27,8,24290,3,0,1,0,0,0.333,0.333,0.167,5,0.0,0
27-8-2024-04,Yadgir,Traffic / PAR,2024-04,27,8,24291,4,0,0,1,0,0.333,0.333,0.167,4,0.0,0
27-8-2024-05,Yadgir,Traffic / PAR,2024-05,27,8,24292,5,0,0,0,0,0.0,0.333,0.167,4,0.0,0
27-8-2024-06,Yadgir,Traffic / PAR,2024-06,27,8,24293,6,0,0,0,0,0.0,0.167,0.167,11,0.0,1
27-8-2024-07,Yadgir,Traffic / PAR,2024-07,27,8,24294,7,1,0,0,0,0.333,0.333,0.25,11,0.0909,2
27-8-2024-08,Yadgir,Traffic / PAR,2024-08,27,8,24295,8,2,1,0,0,1.0,0.5,0.417,11,0.1818,1
27-8-2024-09,Yadgir,Traffic / PAR,2024-09,27,8,24296,9,1,2,1,0,1.333,0.667,0.5,11,0.0909,0
27-8-2024-10,Yadgir,Traffic / PAR,2024-10,27,8,24297,10,0,1,2,0,1.0,0.667,0.5,9,0.0,0
27-8-2024-11,Yadgir,Traffic / PAR,2024-11,27,8,24298,11,0,0,1,1,0.333,0.667,0.5,11,0.0,0
27-8-2024-12,Yadgir,Traffic / PAR,2024-12,27,8,24299,12,0,0,0,0,0.0,0.667,0.417,18,0.0,2
27-8-2025-01,Yadgir,Traffic / PAR,2025-01,27,8,24300,1,2,0,0,1,0.667,0.833,0.583,6,0.3333,1
27-8-2025-02,Yadgir,Traffic / PAR,2025-02,27,8,24301,2,1,2,0,0,1.0,0.667,0.583,5,0.2,0
27-8-2025-03,Yadgir,Traffic / PAR,2025-03,27,8,24302,3,0,1,2,0,1.0,0.5,0.583,8,0.0,0
27-8-2025-04,Yadgir,Traffic / PAR,2025-04,27,8,24303,4,0,0,1,0,0.333,0.5,0.583,8,0.0,0
27-8-2025-05,Yadgir,Traffic / PAR,2025-05,27,8,24304,5,0,0,0,0,0.0,0.5,0.583,11,0.0,1
27-8-2025-06,Yadgir,Traffic / PAR,2025-06,27,8,24305,6,1,0,0,1,0.333,0.667,0.667,11,0.0909,0
27-8-2025-07,Yadgir,Traffic / PAR,2025-07,27,8,24306,7,0,1,0,2,0.333,0.333,0.583,8,0.0,1
27-8-2025-08,Yadgir,Traffic / PAR,2025-08,27,8,24307,8,1,0,1,1,0.667,0.333,0.5,10,0.1,2
27-8-2025-09,Yadgir,Traffic / PAR,2025-09,27,8,24308,9,2,1,0,0,1.0,0.667,0.583,11,0.1818,0
27-8-2025-10,Yadgir,Traffic / PAR,2025-10,27,8,24309,10,0,2,1,0,1.0,0.667,0.583,4,0.0,1
27-8-2025-11,Yadgir,Traffic / PAR,2025-11,27,8,24310,11,1,0,2,0,1.0,0.833,0.667,16,0.0625,0
27-8-2025-12,Yadgir,Traffic / PAR,2025-12,27,8,24311,12,0,1,0,2,0.333,0.667,0.667,12,0.0,0
27-8-2026-01,Yadgir,Traffic / PAR,2026-01,27,8,24312,1,0,0,1,1,0.333,0.667,0.5,15,0.0,1
27-8-2026-02,Yadgir,Traffic / PAR,2026-02,27,8,24313,2,1,0,0,0,0.333,0.667,0.5,24,0.0417,0
27-8-2026-03,Yadgir,Traffic / PAR,2026-03,27,8,24314,3,0,1,0,0,0.333,0.333,0.5,17,0.0,2
27-8-2026-04,Yadgir,Traffic / PAR,2026-04,27,8,24315,4,2,0,1,0,1.0,0.667,0.667,19,0.1053,1
27-8-2026-05,Yadgir,Traffic / PAR,2026-05,27,8,24316,5,1,2,0,1,1.0,0.667,0.75,15,0.0667,0
27-8-2026-06,Yadgir,Traffic / PAR,2026-06,27,8,24317,6,0,1,2,0,1.0,0.667,0.667,25,0.0,1
28-1-2024-02,Chikkaballapura,Crimes Against Body,2024-02,28,1,24289,2,1,1,0,3,0.667,1.0,1.333,20,0.05,4
28-1-2024-03,Chikkaballapura,Crimes Against Body,2024-03,28,1,24290,3,4,1,1,2,2.0,1.333,1.417,16,0.25,3
28-1-2024-04,Chikkaballapura,Crimes Against Body,2024-04,28,1,24291,4,3,4,1,0,2.667,1.667,1.5,14,0.2143,2
28-1-2024-05,Chikkaballapura,Crimes Against Body,2024-05,28,1,24292,5,2,3,4,2,3.0,1.833,1.667,12,0.1667,2
28-1-2024-06,Chikkaballapura,Crimes Against Body,2024-06,28,1,24293,6,2,2,3,1,2.333,2.167,1.667,13,0.1538,2
28-1-2024-07,Chikkaballapura,Crimes Against Body,2024-07,28,1,24294,7,2,2,2,2,2.0,2.333,1.75,15,0.1333,1
28-1-2024-08,Chikkaballapura,Crimes Against Body,2024-08,28,1,24295,8,1,2,2,2,1.667,2.333,1.667,4,0.25,3
28-1-2024-09,Chikkaballapura,Crimes Against Body,2024-09,28,1,24296,9,3,1,2,1,2.0,2.167,1.75,13,0.2308,1
28-1-2024-10,Chikkaballapura,Crimes Against Body,2024-10,28,1,24297,10,1,3,1,1,1.667,1.833,1.75,10,0.1,0
28-1-2024-11,Chikkaballapura,Crimes Against Body,2024-11,28,1,24298,11,0,1,3,0,1.333,1.5,1.667,14,0.0,2
28-1-2024-12,Chikkaballapura,Crimes Against Body,2024-12,28,1,24299,12,2,0,1,1,1.0,1.5,1.833,20,0.1,1
28-1-2025-01,Chikkaballapura,Crimes Against Body,2025-01,28,1,24300,1,1,2,0,1,1.0,1.333,1.833,17,0.0588,0
28-1-2025-02,Chikkaballapura,Crimes Against Body,2025-02,28,1,24301,2,0,1,2,4,1.0,1.167,1.75,9,0.0,0
28-1-2025-03,Chikkaballapura,Crimes Against Body,2025-03,28,1,24302,3,0,0,1,3,0.333,0.667,1.417,11,0.0,0
28-1-2025-04,Chikkaballapura,Crimes Against Body,2025-04,28,1,24303,4,0,0,0,2,0.0,0.5,1.167,13,0.0,2
28-1-2025-05,Chikkaballapura,Crimes Against Body,2025-05,28,1,24304,5,2,0,0,2,0.667,0.833,1.167,9,0.2222,0
28-1-2025-06,Chikkaballapura,Crimes Against Body,2025-06,28,1,24305,6,0,2,0,2,0.667,0.5,1.0,7,0.0,1
28-1-2025-07,Chikkaballapura,Crimes Against Body,2025-07,28,1,24306,7,1,0,2,1,1.0,0.5,0.917,11,0.0909,2
28-1-2025-08,Chikkaballapura,Crimes Against Body,2025-08,28,1,24307,8,2,1,0,3,1.0,0.833,1.0,16,0.125,1
28-1-2025-09,Chikkaballapura,Crimes Against Body,2025-09,28,1,24308,9,1,2,1,1,1.333,1.0,0.833,15,0.0667,1
28-1-2025-10,Chikkaballapura,Crimes Against Body,2025-10,28,1,24309,10,1,1,2,0,1.333,1.167,0.833,6,0.1667,2
28-1-2025-11,Chikkaballapura,Crimes Against Body,2025-11,28,1,24310,11,2,1,1,2,1.333,1.167,1.0,20,0.1,2
28-1-2025-12,Chikkaballapura,Crimes Against Body,2025-12,28,1,24311,12,2,2,1,1,1.667,1.5,1.0,19,0.1053,4
28-1-2026-01,Chikkaballapura,Crimes Against Body,2026-01,28,1,24312,1,4,2,2,0,2.667,2.0,1.25,16,0.25,3
28-1-2026-02,Chikkaballapura,Crimes Against Body,2026-02,28,1,24313,2,3,4,2,0,3.0,2.167,1.5,27,0.1111,2
28-1-2026-03,Chikkaballapura,Crimes Against Body,2026-03,28,1,24314,3,2,3,4,0,3.0,2.333,1.667,18,0.1111,2
28-1-2026-04,Chikkaballapura,Crimes Against Body,2026-04,28,1,24315,4,2,2,3,2,2.333,2.5,1.833,24,0.0833,4
28-1-2026-05,Chikkaballapura,Crimes Against Body,2026-05,28,1,24316,5,4,2,2,0,2.667,2.833,2.0,14,0.2857,1
28-1-2026-06,Chikkaballapura,Crimes Against Body,2026-06,28,1,24317,6,1,4,2,1,2.333,2.667,2.083,23,0.0435,1
28-2-2024-02,Chikkaballapura,Crimes Against Property,2024-02,28,2,24289,2,9,5,8,8,7.333,7.667,6.583,20,0.45,4
28-2-2024-03,Chikkaballapura,Crimes Against Property,2024-03,28,2,24290,3,4,9,5,6,6.0,7.333,6.25,16,0.25,6
28-2-2024-04,Chikkaballapura,Crimes Against Property,2024-04,28,2,24291,4,6,4,9,4,6.333,7.0,6.25,14,0.4286,6
28-2-2024-05,Chikkaballapura,Crimes Against Property,2024-05,28,2,24292,5,6,6,4,3,5.333,6.333,6.417,12,0.5,3
28-2-2024-06,Chikkaballapura,Crimes Against Property,2024-06,28,2,24293,6,3,6,6,5,5.0,5.5,6.417,13,0.2308,5
28-2-2024-07,Chikkaballapura,Crimes Against Property,2024-07,28,2,24294,7,5,3,6,7,4.667,5.5,6.417,15,0.3333,1
28-2-2024-08,Chikkaballapura,Crimes Against Property,2024-08,28,2,24295,8,1,5,3,6,3.0,4.167,5.917,4,0.25,4
28-2-2024-09,Chikkaballapura,Crimes Against Property,2024-09,28,2,24296,9,4,1,5,8,3.333,4.167,5.75,13,0.3077,3
28-2-2024-10,Chikkaballapura,Crimes Against Property,2024-10,28,2,24297,10,3,4,1,10,2.667,3.667,5.333,10,0.3,8
28-2-2024-11,Chikkaballapura,Crimes Against Property,2024-11,28,2,24298,11,8,3,4,8,5.0,4.0,5.167,14,0.5714,14
28-2-2024-12,Chikkaballapura,Crimes Against Property,2024-12,28,2,24299,12,14,8,3,5,8.333,5.833,5.667,20,0.7,5
28-2-2025-01,Chikkaballapura,Crimes Against Property,2025-01,28,2,24300,1,5,14,8,9,9.0,5.833,5.667,17,0.2941,6
28-2-2025-02,Chikkaballapura,Crimes Against Property,2025-02,28,2,24301,2,6,5,14,4,8.333,6.667,5.417,9,0.6667,4
28-2-2025-03,Chikkaballapura,Crimes Against Property,2025-03,28,2,24302,3,4,6,5,6,5.0,6.667,5.417,11,0.3636,4
28-2-2025-04,Chikkaballapura,Crimes Against Property,2025-04,28,2,24303,4,4,4,6,6,4.667,6.833,5.25,13,0.3077,1
28-2-2025-05,Chikkaballapura,Crimes Against Property,2025-05,28,2,24304,5,1,4,4,3,3.0,5.667,4.833,9,0.1111,3
28-2-2025-06,Chikkaballapura,Crimes Against Property,2025-06,28,2,24305,6,3,1,4,5,2.667,3.833,4.833,7,0.4286,6
28-2-2025-07,Chikkaballapura,Crimes Against Property,2025-07,28,2,24306,7,6,3,1,1,3.333,4.0,4.917,11,0.5455,5
28-2-2025-08,Chikkaballapura,Crimes Against Property,2025-08,28,2,24307,8,5,6,3,4,4.667,3.833,5.25,16,0.3125,6
28-2-2025-09,Chikkaballapura,Crimes Against Property,2025-09,28,2,24308,9,6,5,6,3,5.667,4.167,5.417,15,0.4,1
28-2-2025-10,Chikkaballapura,Crimes Against Property,2025-10,28,2,24309,10,1,6,5,8,4.0,3.667,5.25,6,0.1667,12
28-2-2025-11,Chikkaballapura,Crimes Against Property,2025-11,28,2,24310,11,12,1,6,14,6.333,5.5,5.583,20,0.6,8
28-2-2025-12,Chikkaballapura,Crimes Against Property,2025-12,28,2,24311,12,8,12,1,5,7.0,6.333,5.083,19,0.4211,8
28-2-2026-01,Chikkaballapura,Crimes Against Property,2026-01,28,2,24312,1,8,8,12,6,9.333,6.667,5.333,16,0.5,12
28-2-2026-02,Chikkaballapura,Crimes Against Property,2026-02,28,2,24313,2,12,8,8,4,9.333,7.833,5.833,27,0.4444,5
28-2-2026-03,Chikkaballapura,Crimes Against Property,2026-03,28,2,24314,3,5,12,8,4,8.333,7.667,5.917,18,0.2778,10
28-2-2026-04,Chikkaballapura,Crimes Against Property,2026-04,28,2,24315,4,10,5,12,1,9.0,9.167,6.417,24,0.4167,6
28-2-2026-05,Chikkaballapura,Crimes Against Property,2026-05,28,2,24316,5,6,10,5,3,7.0,8.167,6.833,14,0.4286,11
28-2-2026-06,Chikkaballapura,Crimes Against Property,2026-06,28,2,24317,6,11,6,10,6,9.0,8.667,7.5,23,0.4783,9
28-3-2024-05,Chikkaballapura,Crimes Against Women,2024-05,28,3,24292,5,1,0,3,0,1.333,1.5,1.083,12,0.0833,3
28-3-2024-06,Chikkaballapura,Crimes Against Women,2024-06,28,3,24293,6,3,1,0,0,1.333,1.667,1.333,13,0.2308,2
28-3-2024-07,Chikkaballapura,Crimes Against Women,2024-07,28,3,24294,7,2,3,1,1,2.0,1.833,1.5,15,0.1333,1
28-3-2024-08,Chikkaballapura,Crimes Against Women,2024-08,28,3,24295,8,1,2,3,2,2.0,1.667,1.5,4,0.25,2
28-3-2024-09,Chikkaballapura,Crimes Against Women,2024-09,28,3,24296,9,2,1,2,0,1.667,1.5,1.5,13,0.1538,2
28-3-2024-10,Chikkaballapura,Crimes Against Women,2024-10,28,3,24297,10,2,2,1,1,1.667,1.833,1.667,10,0.2,0
28-3-2024-11,Chikkaballapura,Crimes Against Women,2024-11,28,3,24298,11,0,2,2,2,1.333,1.667,1.583,14,0.0,1
28-3-2024-12,Chikkaballapura,Crimes Against Women,2024-12,28,3,24299,12,1,0,2,1,1.0,1.333,1.5,20,0.05,3
28-3-2025-01,Chikkaballapura,Crimes Against Women,2025-01,28,3,24300,1,3,1,0,2,1.333,1.5,1.667,17,0.1765,2
28-3-2025-02,Chikkaballapura,Crimes Against Women,2025-02,28,3,24301,2,2,3,1,3,2.0,1.667,1.667,9,0.2222,0
28-3-2025-03,Chikkaballapura,Crimes Against Women,2025-03,28,3,24302,3,0,2,3,0,1.667,1.333,1.417,11,0.0,2
28-3-2025-04,Chikkaballapura,Crimes Against Women,2025-04,28,3,24303,4,2,0,2,1,1.333,1.333,1.583,13,0.1538,0
28-3-2025-05,Chikkaballapura,Crimes Against Women,2025-05,28,3,24304,5,0,2,0,3,0.667,1.333,1.5,9,0.0,0
28-3-2025-06,Chikkaballapura,Crimes Against Women,2025-06,28,3,24305,6,0,0,2,2,0.667,1.167,1.25,7,0.0,0
28-3-2025-07,Chikkaballapura,Crimes Against Women,2025-07,28,3,24306,7,0,0,0,1,0.0,0.667,1.083,11,0.0,1
28-3-2025-08,Chikkaballapura,Crimes Against Women,2025-08,28,3,24307,8,1,0,0,2,0.333,0.5,1.083,16,0.0625,0
28-3-2025-09,Chikkaballapura,Crimes Against Women,2025-09,28,3,24308,9,0,1,0,2,0.333,0.5,0.917,15,0.0,3
28-3-2025-10,Chikkaballapura,Crimes Against Women,2025-10,28,3,24309,10,3,0,1,0,1.333,0.667,1.0,6,0.5,2
28-3-2025-11,Chikkaballapura,Crimes Against Women,2025-11,28,3,24310,11,2,3,0,1,1.667,1.0,1.167,20,0.1,1
28-3-2025-12,Chikkaballapura,Crimes Against Women,2025-12,28,3,24311,12,1,2,3,3,2.0,1.167,1.167,19,0.0526,2
28-3-2026-01,Chikkaballapura,Crimes Against Women,2026-01,28,3,24312,1,2,1,2,2,1.667,1.5,1.083,16,0.125,2
28-3-2026-02,Chikkaballapura,Crimes Against Women,2026-02,28,3,24313,2,2,2,1,0,1.667,1.667,1.083,27,0.0741,2
28-3-2026-03,Chikkaballapura,Crimes Against Women,2026-03,28,3,24314,3,2,2,2,2,2.0,2.0,1.25,18,0.1111,2
28-3-2026-04,Chikkaballapura,Crimes Against Women,2026-04,28,3,24315,4,2,2,2,0,2.0,1.833,1.25,24,0.0833,1
28-3-2026-05,Chikkaballapura,Crimes Against Women,2026-05,28,3,24316,5,1,2,2,0,1.667,1.667,1.333,14,0.0714,0
28-3-2026-06,Chikkaballapura,Crimes Against Women,2026-06,28,3,24317,6,0,1,2,0,1.0,1.5,1.333,23,0.0,3
28-4-2024-03,Chikkaballapura,Cyber Crime,2024-03,28,4,24290,3,2,2,3,1,2.333,3.333,2.667,16,0.125,1
28-4-2024-04,Chikkaballapura,Cyber Crime,2024-04,28,4,24291,4,1,2,2,2,1.667,2.667,2.667,14,0.0714,3
28-4-2024-05,Chikkaballapura,Cyber Crime,2024-05,28,4,24292,5,3,1,2,3,2.0,2.333,2.75,12,0.25,3
28-4-2024-06,Chikkaballapura,Cyber Crime,2024-06,28,4,24293,6,3,3,1,1,2.333,2.333,2.75,13,0.2308,2
28-4-2024-07,Chikkaballapura,Cyber Crime,2024-07,28,4,24294,7,2,3,3,4,2.667,2.167,2.833,15,0.1333,0
28-4-2024-08,Chikkaballapura,Cyber Crime,2024-08,28,4,24295,8,0,2,3,1,1.667,1.833,2.5,4,0.0,0
28-4-2024-09,Chikkaballapura,Cyber Crime,2024-09,28,4,24296,9,0,0,2,5,0.667,1.5,2.417,13,0.0,2
28-4-2024-10,Chikkaballapura,Cyber Crime,2024-10,28,4,24297,10,2,0,0,5,0.667,1.667,2.167,10,0.2,2
28-4-2024-11,Chikkaballapura,Cyber Crime,2024-11,28,4,24298,11,2,2,0,3,1.333,1.5,1.917,14,0.1429,1
28-4-2024-12,Chikkaballapura,Cyber Crime,2024-12,28,4,24299,12,1,2,2,3,1.667,1.167,1.75,20,0.05,5
28-4-2025-01,Chikkaballapura,Cyber Crime,2025-01,28,4,24300,1,5,1,2,2,2.667,1.667,1.917,17,0.2941,0
28-4-2025-02,Chikkaballapura,Cyber Crime,2025-02,28,4,24301,2,0,5,1,2,2.0,1.667,1.75,9,0.0,4
28-4-2025-03,Chikkaballapura,Cyber Crime,2025-03,28,4,24302,3,4,0,5,1,3.0,2.333,1.917,11,0.3636,6
28-4-2025-04,Chikkaballapura,Cyber Crime,2025-04,28,4,24303,4,6,4,0,3,3.333,3.0,2.333,13,0.4615,5
28-4-2025-05,Chikkaballapura,Cyber Crime,2025-05,28,4,24304,5,5,6,4,3,5.0,3.5,2.5,9,0.5556,2
28-4-2025-06,Chikkaballapura,Cyber Crime,2025-06,28,4,24305,6,2,5,6,2,4.333,3.667,2.417,7,0.2857,2
28-4-2025-07,Chikkaballapura,Cyber Crime,2025-07,28,4,24306,7,2,2,5,0,3.0,3.167,2.417,11,0.1818,3
28-4-2025-08,Chikkaballapura,Cyber Crime,2025-08,28,4,24307,8,3,2,2,0,2.333,3.667,2.667,16,0.1875,2
28-4-2025-09,Chikkaballapura,Cyber Crime,2025-09,28,4,24308,9,2,3,2,2,2.333,3.333,2.833,15,0.1333,0
28-4-2025-10,Chikkaballapura,Cyber Crime,2025-10,28,4,24309,10,0,2,3,2,1.667,2.333,2.667,6,0.0,1
28-4-2025-11,Chikkaballapura,Cyber Crime,2025-11,28,4,24310,11,1,0,2,1,1.0,1.667,2.583,20,0.05,4
28-4-2025-12,Chikkaballapura,Cyber Crime,2025-12,28,4,24311,12,4,1,0,5,1.667,2.0,2.833,19,0.2105,1
28-4-2026-01,Chikkaballapura,Cyber Crime,2026-01,28,4,24312,1,1,4,1,0,2.0,1.833,2.5,16,0.0625,5
28-4-2026-02,Chikkaballapura,Cyber Crime,2026-02,28,4,24313,2,5,1,4,4,3.333,2.167,2.917,27,0.1852,6
28-4-2026-03,Chikkaballapura,Cyber Crime,2026-03,28,4,24314,3,6,5,1,6,4.0,2.833,3.083,18,0.3333,5
28-4-2026-04,Chikkaballapura,Cyber Crime,2026-04,28,4,24315,4,5,6,5,5,5.333,3.667,3.0,24,0.2083,2
28-4-2026-05,Chikkaballapura,Cyber Crime,2026-05,28,4,24316,5,2,5,6,2,4.333,3.833,2.75,14,0.1429,7
28-4-2026-06,Chikkaballapura,Cyber Crime,2026-06,28,4,24317,6,7,2,5,2,4.667,4.333,3.167,23,0.3043,5
28-5-2024-02,Chikkaballapura,Economic Offences,2024-02,28,5,24289,2,3,1,0,0,1.333,1.333,1.0,20,0.15,2
28-5-2024-03,Chikkaballapura,Economic Offences,2024-03,28,5,24290,3,2,3,1,1,2.0,1.667,1.167,16,0.125,1
28-5-2024-04,Chikkaballapura,Economic Offences,2024-04,28,5,24291,4,1,2,3,0,2.0,1.5,1.167,14,0.0714,0
28-5-2024-05,Chikkaballapura,Economic Offences,2024-05,28,5,24292,5,0,1,2,2,1.0,1.167,1.167,12,0.0,0
28-5-2024-06,Chikkaballapura,Economic Offences,2024-06,28,5,24293,6,0,0,1,0,0.333,1.167,1.0,13,0.0,1
28-5-2024-07,Chikkaballapura,Economic Offences,2024-07,28,5,24294,7,1,0,0,1,0.333,1.167,1.083,15,0.0667,0
28-5-2024-08,Chikkaballapura,Economic Offences,2024-08,28,5,24295,8,0,1,0,0,0.333,0.667,1.0,4,0.0,1
28-5-2024-09,Chikkaballapura,Economic Offences,2024-09,28,5,24296,9,1,0,1,2,0.667,0.5,1.083,13,0.0769,1
28-5-2024-10,Chikkaballapura,Economic Offences,2024-10,28,5,24297,10,1,1,0,2,0.667,0.5,1.0,10,0.1,4
28-5-2024-11,Chikkaballapura,Economic Offences,2024-11,28,5,24298,11,4,1,1,0,2.0,1.167,1.167,14,0.2857,2
28-5-2024-12,Chikkaballapura,Economic Offences,2024-12,28,5,24299,12,2,4,1,1,2.333,1.5,1.333,20,0.1,0
28-5-2025-01,Chikkaballapura,Economic Offences,2025-01,28,5,24300,1,0,2,4,3,2.0,1.333,1.25,17,0.0,0
28-5-2025-02,Chikkaballapura,Economic Offences,2025-02,28,5,24301,2,0,0,2,2,0.667,1.333,1.0,9,0.0,0
28-5-2025-03,Chikkaballapura,Economic Offences,2025-03,28,5,24302,3,0,0,0,1,0.0,1.167,0.833,11,0.0,0
28-5-2025-04,Chikkaballapura,Economic Offences,2025-04,28,5,24303,4,0,0,0,0,0.0,1.0,0.75,13,0.0,0
28-5-2025-05,Chikkaballapura,Economic Offences,2025-05,28,5,24304,5,0,0,0,0,0.0,0.333,0.75,9,0.0,1
28-5-2025-06,Chikkaballapura,Economic Offences,2025-06,28,5,24305,6,1,0,0,1,0.333,0.167,0.833,7,0.1429,2
28-5-2025-07,Chikkaballapura,Economic Offences,2025-07,28,5,24306,7,2,1,0,0,1.0,0.5,0.917,11,0.1818,1
28-5-2025-08,Chikkaballapura,Economic Offences,2025-08,28,5,24307,8,1,2,1,1,1.333,0.667,1.0,16,0.0625,0
28-5-2025-09,Chikkaballapura,Economic Offences,2025-09,28,5,24308,9,0,1,2,1,1.0,0.667,0.917,15,0.0,0
28-5-2025-10,Chikkaballapura,Economic Offences,2025-10,28,5,24309,10,0,0,1,4,0.333,0.667,0.833,6,0.0,1
28-5-2025-11,Chikkaballapura,Economic Offences,2025-11,28,5,24310,11,1,0,0,2,0.333,0.833,0.583,20,0.05,2
28-5-2025-12,Chikkaballapura,Economic Offences,2025-12,28,5,24311,12,2,1,0,0,1.0,1.0,0.583,19,0.1053,0
28-5-2026-01,Chikkaballapura,Economic Offences,2026-01,28,5,24312,1,0,2,1,0,1.0,0.667,0.583,16,0.0,0
28-5-2026-02,Chikkaballapura,Economic Offences,2026-02,28,5,24313,2,0,0,2,0,0.667,0.5,0.583,27,0.0,1
28-5-2026-03,Chikkaballapura,Economic Offences,2026-03,28,5,24314,3,1,0,0,0,0.333,0.667,0.667,18,0.0556,4
28-5-2026-04,Chikkaballapura,Economic Offences,2026-04,28,5,24315,4,4,1,0,0,1.667,1.333,1.0,24,0.1667,0
28-5-2026-05,Chikkaballapura,Economic Offences,2026-05,28,5,24316,5,0,4,1,1,1.667,1.167,1.0,14,0.0,0
28-5-2026-06,Chikkaballapura,Economic Offences,2026-06,28,5,24317,6,0,0,4,2,1.333,0.833,0.917,23,0.0,2
28-6-2024-09,Chikkaballapura,NDPS,2024-09,28,6,24296,9,1,1,0,0,0.667,0.5,0.5,13,0.0769,0
28-6-2024-10,Chikkaballapura,NDPS,2024-10,28,6,24297,10,0,1,1,1,0.667,0.5,0.5,10,0.0,0
28-6-2024-11,Chikkaballapura,NDPS,2024-11,28,6,24298,11,0,0,1,1,0.333,0.5,0.417,14,0.0,0
28-6-2024-12,Chikkaballapura,NDPS,2024-12,28,6,24299,12,0,0,0,1,0.0,0.333,0.333,20,0.0,3
28-6-2025-01,Chikkaballapura,NDPS,2025-01,28,6,24300,1,3,0,0,0,1.0,0.833,0.5,17,0.1765,0
28-6-2025-02,Chikkaballapura,NDPS,2025-02,28,6,24301,2,0,3,0,0,1.0,0.667,0.5,9,0.0,0
28-6-2025-03,Chikkaballapura,NDPS,2025-03,28,6,24302,3,0,0,3,0,1.0,0.5,0.5,11,0.0,0
28-6-2025-04,Chikkaballapura,NDPS,2025-04,28,6,24303,4,0,0,0,0,0.0,0.5,0.5,13,0.0,0
28-6-2025-05,Chikkaballapura,NDPS,2025-05,28,6,24304,5,0,0,0,1,0.0,0.5,0.5,9,0.0,1
28-6-2025-06,Chikkaballapura,NDPS,2025-06,28,6,24305,6,1,0,0,0,0.333,0.667,0.5,7,0.1429,0
28-6-2025-07,Chikkaballapura,NDPS,2025-07,28,6,24306,7,0,1,0,1,0.333,0.167,0.5,11,0.0,1
28-6-2025-08,Chikkaballapura,NDPS,2025-08,28,6,24307,8,1,0,1,1,0.667,0.333,0.5,16,0.0625,2
28-6-2025-09,Chikkaballapura,NDPS,2025-09,28,6,24308,9,2,1,0,0,1.0,0.667,0.583,15,0.1333,0
28-6-2025-10,Chikkaballapura,NDPS,2025-10,28,6,24309,10,0,2,1,0,1.0,0.667,0.583,6,0.0,0
28-6-2025-11,Chikkaballapura,NDPS,2025-11,28,6,24310,11,0,0,2,0,0.667,0.667,0.583,20,0.0,1
28-6-2025-12,Chikkaballapura,NDPS,2025-12,28,6,24311,12,1,0,0,3,0.333,0.667,0.667,19,0.0526,0
28-6-2026-01,Chikkaballapura,NDPS,2026-01,28,6,24312,1,0,1,0,0,0.333,0.667,0.417,16,0.0,2
28-6-2026-02,Chikkaballapura,NDPS,2026-02,28,6,24313,2,2,0,1,0,1.0,0.833,0.583,27,0.0741,0
28-6-2026-03,Chikkaballapura,NDPS,2026-03,28,6,24314,3,0,2,0,0,0.667,0.5,0.583,18,0.0,1
28-6-2026-04,Chikkaballapura,NDPS,2026-04,28,6,24315,4,1,0,2,0,1.0,0.667,0.667,24,0.0417,0
28-6-2026-05,Chikkaballapura,NDPS,2026-05,28,6,24316,5,0,1,0,1,0.333,0.667,0.667,14,0.0,1
28-6-2026-06,Chikkaballapura,NDPS,2026-06,28,6,24317,6,1,0,1,0,0.667,0.667,0.667,23,0.0435,0
28-7-2024-03,Chikkaballapura,Missing / UDR,2024-03,28,7,24290,3,0,3,0,0,1.0,0.5,0.5,16,0.0,2
28-7-2024-04,Chikkaballapura,Missing / UDR,2024-04,28,7,24291,4,2,0,3,1,1.667,0.833,0.667,14,0.1429,0
28-7-2024-05,Chikkaballapura,Missing / UDR,2024-05,28,7,24292,5,0,2,0,0,0.667,0.833,0.583,12,0.0,0
28-7-2024-06,Chikkaballapura,Missing / UDR,2024-06,28,7,24293,6,0,0,2,1,0.667,0.833,0.583,13,0.0,0
28-7-2024-07,Chikkaballapura,Missing / UDR,2024-07,28,7,24294,7,0,0,0,1,0.0,0.833,0.5,15,0.0,0
28-7-2024-08,Chikkaballapura,Missing / UDR,2024-08,28,7,24295,8,0,0,0,0,0.0,0.333,0.417,4,0.0,1
28-7-2024-09,Chikkaballapura,Missing / UDR,2024-09,28,7,24296,9,1,0,0,0,0.333,0.5,0.5,13,0.0769,1
28-7-2024-10,Chikkaballapura,Missing / UDR,2024-10,28,7,24297,10,1,1,0,0,0.667,0.333,0.583,10,0.1,0
28-7-2024-11,Chikkaballapura,Missing / UDR,2024-11,28,7,24298,11,0,1,1,0,0.667,0.333,0.583,14,0.0,0
28-7-2024-12,Chikkaballapura,Missing / UDR,2024-12,28,7,24299,12,0,0,1,0,0.333,0.333,0.583,20,0.0,0
28-7-2025-01,Chikkaballapura,Missing / UDR,2025-01,28,7,24300,1,0,0,0,3,0.0,0.333,0.583,17,0.0,1
28-7-2025-02,Chikkaballapura,Missing / UDR,2025-02,28,7,24301,2,1,0,0,0,0.333,0.5,0.417,9,0.1111,1
28-7-2025-03,Chikkaballapura,Missing / UDR,2025-03,28,7,24302,3,1,1,0,2,0.667,0.5,0.5,11,0.0909,1
28-7-2025-04,Chikkaballapura,Missing / UDR,2025-04,28,7,24303,4,1,1,1,0,1.0,0.5,0.417,13,0.0769,1
28-7-2025-05,Chikkaballapura,Missing / UDR,2025-05,28,7,24304,5,1,1,1,0,1.0,0.667,0.5,9,0.1111,0
28-7-2025-06,Chikkaballapura,Missing / UDR,2025-06,28,7,24305,6,0,1,1,0,0.667,0.667,0.5,7,0.0,0
28-7-2025-07,Chikkaballapura,Missing / UDR,2025-07,28,7,24306,7,0,0,1,0,0.333,0.667,0.5,11,0.0,1
28-7-2025-08,Chikkaballapura,Missing / UDR,2025-08,28,7,24307,8,1,0,0,1,0.333,0.667,0.583,16,0.0625,1
28-7-2025-09,Chikkaballapura,Missing / UDR,2025-09,28,7,24308,9,1,1,0,1,0.667,0.667,0.583,15,0.0667,0
28-7-2025-10,Chikkaballapura,Missing / UDR,2025-10,28,7,24309,10,0,1,1,0,0.667,0.5,0.5,6,0.0,0
28-7-2025-11,Chikkaballapura,Missing / UDR,2025-11,28,7,24310,11,0,0,1,0,0.333,0.333,0.5,20,0.0,1
28-7-2025-12,Chikkaballapura,Missing / UDR,2025-12,28,7,24311,12,1,0,0,0,0.333,0.5,0.583,19,0.0526,0
28-7-2026-01,Chikkaballapura,Missing / UDR,2026-01,28,7,24312,1,0,1,0,1,0.333,0.5,0.583,16,0.0,0
28-7-2026-02,Chikkaballapura,Missing / UDR,2026-02,28,7,24313,2,0,0,1,1,0.333,0.333,0.5,27,0.0,1
28-7-2026-03,Chikkaballapura,Missing / UDR,2026-03,28,7,24314,3,1,0,0,1,0.333,0.333,0.5,18,0.0556,0
28-7-2026-04,Chikkaballapura,Missing / UDR,2026-04,28,7,24315,4,0,1,0,1,0.333,0.333,0.417,24,0.0,1
28-7-2026-05,Chikkaballapura,Missing / UDR,2026-05,28,7,24316,5,1,0,1,0,0.667,0.5,0.417,14,0.0714,1
28-7-2026-06,Chikkaballapura,Missing / UDR,2026-06,28,7,24317,6,1,1,0,0,0.667,0.5,0.5,23,0.0435,3
28-8-2024-05,Chikkaballapura,Traffic / PAR,2024-05,28,8,24292,5,0,1,1,2,0.667,0.667,0.667,12,0.0,1
28-8-2024-06,Chikkaballapura,Traffic / PAR,2024-06,28,8,24293,6,1,0,1,0,0.667,0.667,0.583,13,0.0769,3
28-8-2024-07,Chikkaballapura,Traffic / PAR,2024-07,28,8,24294,7,3,1,0,1,1.333,1.0,0.833,15,0.2,0
28-8-2024-08,Chikkaballapura,Traffic / PAR,2024-08,28,8,24295,8,0,3,1,0,1.333,1.0,0.75,4,0.0,1
28-8-2024-09,Chikkaballapura,Traffic / PAR,2024-09,28,8,24296,9,1,0,3,0,1.333,1.0,0.833,13,0.0769,0
28-8-2024-10,Chikkaballapura,Traffic / PAR,2024-10,28,8,24297,10,0,1,0,1,0.333,0.833,0.833,10,0.0,0
28-8-2024-11,Chikkaballapura,Traffic / PAR,2024-11,28,8,24298,11,0,0,1,1,0.333,0.833,0.75,14,0.0,0
28-8-2024-12,Chikkaballapura,Traffic / PAR,2024-12,28,8,24299,12,0,0,0,1,0.0,0.667,0.667,20,0.0,0
28-8-2025-01,Chikkaballapura,Traffic / PAR,2025-01,28,8,24300,1,0,0,0,0,0.0,0.167,0.583,17,0.0,0
28-8-2025-02,Chikkaballapura,Traffic / PAR,2025-02,28,8,24301,2,0,0,0,1,0.0,0.167,0.583,9,0.0,2
28-8-2025-03,Chikkaballapura,Traffic / PAR,2025-03,28,8,24302,3,2,0,0,1,0.667,0.333,0.667,11,0.1818,0
28-8-2025-04,Chikkaballapura,Traffic / PAR,2025-04,28,8,24303,4,0,2,0,0,0.667,0.333,0.583,13,0.0,0
28-8-2025-05,Chikkaballapura,Traffic / PAR,2025-05,28,8,24304,5,0,0,2,1,0.667,0.333,0.583,9,0.0,0
28-8-2025-06,Chikkaballapura,Traffic / PAR,2025-06,28,8,24305,6,0,0,0,3,0.0,0.333,0.5,7,0.0,0
28-8-2025-07,Chikkaballapura,Traffic / PAR,2025-07,28,8,24306,7,0,0,0,0,0.0,0.333,0.25,11,0.0,2
28-8-2025-08,Chikkaballapura,Traffic / PAR,2025-08,28,8,24307,8,2,0,0,1,0.667,0.667,0.417,16,0.125,3
28-8-2025-09,Chikkaballapura,Traffic / PAR,2025-09,28,8,24308,9,3,2,0,0,1.667,0.833,0.583,15,0.2,1
28-8-2025-10,Chikkaballapura,Traffic / PAR,2025-10,28,8,24309,10,1,3,2,0,2.0,1.0,0.667,6,0.1667,2
28-8-2025-11,Chikkaballapura,Traffic / PAR,2025-11,28,8,24310,11,2,1,3,0,2.0,1.333,0.833,20,0.1,0
28-8-2025-12,Chikkaballapura,Traffic / PAR,2025-12,28,8,24311,12,0,2,1,0,1.0,1.333,0.833,19,0.0,1
28-8-2026-01,Chikkaballapura,Traffic / PAR,2026-01,28,8,24312,1,1,0,2,0,1.0,1.5,0.917,16,0.0625,3
28-8-2026-02,Chikkaballapura,Traffic / PAR,2026-02,28,8,24313,2,3,1,0,2,1.333,1.667,1.167,27,0.1111,1
28-8-2026-03,Chikkaballapura,Traffic / PAR,2026-03,28,8,24314,3,1,3,1,0,1.667,1.333,1.083,18,0.0556,0
28-8-2026-04,Chikkaballapura,Traffic / PAR,2026-04,28,8,24315,4,0,1,3,0,1.333,1.167,1.083,24,0.0,0
28-8-2026-05,Chikkaballapura,Traffic / PAR,2026-05,28,8,24316,5,0,0,1,0,0.333,0.833,1.083,14,0.0,2
28-8-2026-06,Chikkaballapura,Traffic / PAR,2026-06,28,8,24317,6,2,0,0,0,0.667,1.167,1.25,23,0.087,1
29-1-2024-02,Ramanagara,Crimes Against Body,2024-02,29,1,24289,2,1,2,1,2,1.333,1.833,2.083,12,0.0833,4
29-1-2024-03,Ramanagara,Crimes Against Body,2024-03,29,1,24290,3,4,1,2,5,2.333,2.0,2.25,23,0.1739,1
29-1-2024-04,Ramanagara,Crimes Against Body,2024-04,29,1,24291,4,1,4,1,3,2.0,1.833,1.917,12,0.0833,0
29-1-2024-05,Ramanagara,Crimes Against Body,2024-05,29,1,24292,5,0,1,4,1,1.667,1.5,1.667,9,0.0,1
29-1-2024-06,Ramanagara,Crimes Against Body,2024-06,29,1,24293,6,1,0,1,1,0.667,1.5,1.667,16,0.0625,2
29-1-2024-07,Ramanagara,Crimes Against Body,2024-07,29,1,24294,7,2,1,0,2,1.0,1.5,1.75,12,0.1667,2
29-1-2024-08,Ramanagara,Crimes Against Body,2024-08,29,1,24295,8,2,2,1,3,1.667,1.667,1.75,12,0.1667,2
29-1-2024-09,Ramanagara,Crimes Against Body,2024-09,29,1,24296,9,2,2,2,2,2.0,1.333,1.667,13,0.1538,1
29-1-2024-10,Ramanagara,Crimes Against Body,2024-10,29,1,24297,10,1,2,2,2,1.667,1.333,1.583,11,0.0909,3
29-1-2024-11,Ramanagara,Crimes Against Body,2024-11,29,1,24298,11,3,1,2,1,2.0,1.833,1.667,15,0.2,1
29-1-2024-12,Ramanagara,Crimes Against Body,2024-12,29,1,24299,12,1,3,1,2,1.667,1.833,1.667,19,0.0526,2
29-1-2025-01,Ramanagara,Crimes Against Body,2025-01,29,1,24300,1,2,1,3,1,2.0,1.833,1.667,12,0.1667,3
29-1-2025-02,Ramanagara,Crimes Against Body,2025-02,29,1,24301,2,3,2,1,4,2.0,2.0,1.833,16,0.1875,0
29-1-2025-03,Ramanagara,Crimes Against Body,2025-03,29,1,24302,3,0,3,2,1,1.667,1.667,1.5,9,0.0,1
29-1-2025-04,Ramanagara,Crimes Against Body,2025-04,29,1,24303,4,1,0,3,0,1.333,1.667,1.5,13,0.0769,2
29-1-2025-05,Ramanagara,Crimes Against Body,2025-05,29,1,24304,5,2,1,0,1,1.0,1.5,1.667,9,0.2222,2
29-1-2025-06,Ramanagara,Crimes Against Body,2025-06,29,1,24305,6,2,2,1,2,1.667,1.667,1.75,14,0.1429,2
29-1-2025-07,Ramanagara,Crimes Against Body,2025-07,29,1,24306,7,2,2,2,2,2.0,1.667,1.75,16,0.125,2
29-1-2025-08,Ramanagara,Crimes Against Body,2025-08,29,1,24307,8,2,2,2,2,2.0,1.5,1.75,8,0.25,1
29-1-2025-09,Ramanagara,Crimes Against Body,2025-09,29,1,24308,9,1,2,2,1,1.667,1.667,1.667,13,0.0769,7
29-1-2025-10,Ramanagara,Crimes Against Body,2025-10,29,1,24309,10,7,1,2,3,3.333,2.667,2.167,19,0.3684,2
29-1-2025-11,Ramanagara,Crimes Against Body,2025-11,29,1,24310,11,2,7,1,1,3.333,2.667,2.083,18,0.1111,2
29-1-2025-12,Ramanagara,Crimes Against Body,2025-12,29,1,24311,12,2,2,7,2,3.667,2.667,2.167,17,0.1176,0
29-1-2026-01,Ramanagara,Crimes Against Body,2026-01,29,1,24312,1,0,2,2,3,1.333,2.333,2.0,8,0.0,7
29-1-2026-02,Ramanagara,Crimes Against Body,2026-02,29,1,24313,2,7,0,2,0,3.0,3.167,2.333,25,0.28,3
29-1-2026-03,Ramanagara,Crimes Against Body,2026-03,29,1,24314,3,3,7,0,1,3.333,3.5,2.583,19,0.1579,4
29-1-2026-04,Ramanagara,Crimes Against Body,2026-04,29,1,24315,4,4,3,7,2,4.667,3.0,2.833,35,0.1143,3
29-1-2026-05,Ramanagara,Crimes Against Body,2026-05,29,1,24316,5,3,4,3,2,3.333,3.167,2.917,22,0.1364,4
29-1-2026-06,Ramanagara,Crimes Against Body,2026-06,29,1,24317,6,4,3,4,2,3.667,3.5,3.083,32,0.125,4
29-2-2024-02,Ramanagara,Crimes Against Property,2024-02,29,2,24289,2,3,10,3,2,5.333,6.167,5.0,12,0.25,9
29-2-2024-03,Ramanagara,Crimes Against Property,2024-03,29,2,24290,3,9,3,10,8,7.333,7.167,5.583,23,0.3913,3
29-2-2024-04,Ramanagara,Crimes Against Property,2024-04,29,2,24291,4,3,9,3,2,5.0,7.167,5.167,12,0.25,2
29-2-2024-05,Ramanagara,Crimes Against Property,2024-05,29,2,24292,5,2,3,9,3,4.667,5.0,5.167,9,0.2222,7
29-2-2024-06,Ramanagara,Crimes Against Property,2024-06,29,2,24293,6,7,2,3,4,4.0,5.667,5.5,16,0.4375,6
29-2-2024-07,Ramanagara,Crimes Against Property,2024-07,29,2,24294,7,6,7,2,4,5.0,5.0,5.667,12,0.5,4
29-2-2024-08,Ramanagara,Crimes Against Property,2024-08,29,2,24295,8,4,6,7,3,5.667,5.167,5.667,12,0.3333,4
29-2-2024-09,Ramanagara,Crimes Against Property,2024-09,29,2,24296,9,4,4,6,3,4.667,4.333,5.75,13,0.3077,3
29-2-2024-10,Ramanagara,Crimes Against Property,2024-10,29,2,24297,10,3,4,4,15,3.667,4.333,5.75,11,0.2727,8
29-2-2024-11,Ramanagara,Crimes Against Property,2024-11,29,2,24298,11,8,3,4,3,5.0,5.333,5.167,15,0.5333,10
29-2-2024-12,Ramanagara,Crimes Against Property,2024-12,29,2,24299,12,10,8,3,10,7.0,5.833,5.75,19,0.5263,4
29-2-2025-01,Ramanagara,Crimes Against Property,2025-01,29,2,24300,1,4,10,8,3,7.333,5.5,5.25,12,0.3333,6
29-2-2025-02,Ramanagara,Crimes Against Property,2025-02,29,2,24301,2,6,4,10,9,6.667,5.833,5.5,16,0.375,4
29-2-2025-03,Ramanagara,Crimes Against Property,2025-03,29,2,24302,3,4,6,4,3,4.667,5.833,5.083,9,0.4444,6
29-2-2025-04,Ramanagara,Crimes Against Property,2025-04,29,2,24303,4,6,4,6,2,5.333,6.333,5.333,13,0.4615,1
29-2-2025-05,Ramanagara,Crimes Against Property,2025-05,29,2,24304,5,1,6,4,7,3.667,5.167,5.25,9,0.1111,4
29-2-2025-06,Ramanagara,Crimes Against Property,2025-06,29,2,24305,6,4,1,6,6,3.667,4.167,5.0,14,0.2857,4
29-2-2025-07,Ramanagara,Crimes Against Property,2025-07,29,2,24306,7,4,4,1,4,3.0,4.167,4.833,16,0.25,5
29-2-2025-08,Ramanagara,Crimes Against Property,2025-08,29,2,24307,8,5,4,4,4,4.333,4.0,4.917,8,0.625,5
29-2-2025-09,Ramanagara,Crimes Against Property,2025-09,29,2,24308,9,5,5,4,3,4.667,4.167,5.0,13,0.3846,8
29-2-2025-10,Ramanagara,Crimes Against Property,2025-10,29,2,24309,10,8,5,5,8,6.0,4.5,5.417,19,0.4211,9
29-2-2025-11,Ramanagara,Crimes Against Property,2025-11,29,2,24310,11,9,8,5,10,7.333,5.833,5.5,18,0.5,8
29-2-2025-12,Ramanagara,Crimes Against Property,2025-12,29,2,24311,12,8,9,8,4,8.333,6.5,5.333,17,0.4706,7
29-2-2026-01,Ramanagara,Crimes Against Property,2026-01,29,2,24312,1,7,8,9,6,8.0,7.0,5.583,8,0.875,7
29-2-2026-02,Ramanagara,Crimes Against Property,2026-02,29,2,24313,2,7,7,8,4,7.333,7.333,5.667,25,0.28,5
29-2-2026-03,Ramanagara,Crimes Against Property,2026-03,29,2,24314,3,5,7,7,6,6.333,7.333,5.75,19,0.2632,13
29-2-2026-04,Ramanagara,Crimes Against Property,2026-04,29,2,24315,4,13,5,7,1,8.333,8.167,6.333,35,0.3714,6
29-2-2026-05,Ramanagara,Crimes Against Property,2026-05,29,2,24316,5,6,13,5,4,8.0,7.667,6.75,22,0.2727,10
29-2-2026-06,Ramanagara,Crimes Against Property,2026-06,29,2,24317,6,10,6,13,4,9.667,8.0,7.25,32,0.3125,14
29-3-2024-04,Ramanagara,Crimes Against Women,2024-04,29,3,24291,4,2,1,3,2,2.0,2.0,1.75,12,0.1667,1
29-3-2024-05,Ramanagara,Crimes Against Women,2024-05,29,3,24292,5,1,2,1,1,1.333,1.833,1.667,9,0.1111,1
29-3-2024-06,Ramanagara,Crimes Against Women,2024-06,29,3,24293,6,1,1,2,0,1.333,2.0,1.667,16,0.0625,1
29-3-2024-07,Ramanagara,Crimes Against Women,2024-07,29,3,24294,7,1,1,1,1,1.0,1.5,1.75,12,0.0833,0
29-3-2024-08,Ramanagara,Crimes Against Women,2024-08,29,3,24295,8,0,1,1,2,0.667,1.0,1.667,12,0.0,4
29-3-2024-09,Ramanagara,Crimes Against Women,2024-09,29,3,24296,9,4,0,1,3,1.667,1.5,1.833,13,0.3077,0
29-3-2024-10,Ramanagara,Crimes Against Women,2024-10,29,3,24297,10,0,4,0,2,1.333,1.167,1.583,11,0.0,0
29-3-2024-11,Ramanagara,Crimes Against Women,2024-11,29,3,24298,11,0,0,4,0,1.333,1.0,1.417,15,0.0,0
29-3-2024-12,Ramanagara,Crimes Against Women,2024-12,29,3,24299,12,0,0,0,4,0.0,0.833,1.417,19,0.0,2
29-3-2025-01,Ramanagara,Crimes Against Women,2025-01,29,3,24300,1,2,0,0,3,0.667,1.0,1.25,12,0.1667,0
29-3-2025-02,Ramanagara,Crimes Against Women,2025-02,29,3,24301,2,0,2,0,1,0.667,1.0,1.0,16,0.0,1
29-3-2025-03,Ramanagara,Crimes Against Women,2025-03,29,3,24302,3,1,0,2,2,1.0,0.5,1.0,9,0.1111,3
29-3-2025-04,Ramanagara,Crimes Against Women,2025-04,29,3,24303,4,3,1,0,1,1.333,1.0,1.083,13,0.2308,0
29-3-2025-05,Ramanagara,Crimes Against Women,2025-05,29,3,24304,5,0,3,1,1,1.333,1.0,1.0,9,0.0,0
29-3-2025-06,Ramanagara,Crimes Against Women,2025-06,29,3,24305,6,0,0,3,1,1.0,1.0,0.917,14,0.0,1
29-3-2025-07,Ramanagara,Crimes Against Women,2025-07,29,3,24306,7,1,0,0,0,0.333,0.833,0.917,16,0.0625,0
29-3-2025-08,Ramanagara,Crimes Against Women,2025-08,29,3,24307,8,0,1,0,4,0.333,0.833,0.917,8,0.0,3
29-3-2025-09,Ramanagara,Crimes Against Women,2025-09,29,3,24308,9,3,0,1,0,1.333,1.167,0.833,13,0.2308,0
29-3-2025-10,Ramanagara,Crimes Against Women,2025-10,29,3,24309,10,0,3,0,0,1.0,0.667,0.833,19,0.0,2
29-3-2025-11,Ramanagara,Crimes Against Women,2025-11,29,3,24310,11,2,0,3,0,1.667,1.0,1.0,18,0.1111,1
29-3-2025-12,Ramanagara,Crimes Against Women,2025-12,29,3,24311,12,1,2,0,2,1.0,1.167,1.083,17,0.0588,1
29-3-2026-01,Ramanagara,Crimes Against Women,2026-01,29,3,24312,1,1,1,2,0,1.333,1.167,1.0,8,0.125,4
29-3-2026-02,Ramanagara,Crimes Against Women,2026-02,29,3,24313,2,4,1,1,1,2.0,1.833,1.333,25,0.16,0
29-3-2026-03,Ramanagara,Crimes Against Women,2026-03,29,3,24314,3,0,4,1,3,1.667,1.333,1.25,19,0.0,5
29-3-2026-04,Ramanagara,Crimes Against Women,2026-04,29,3,24315,4,5,0,4,0,3.0,2.167,1.417,35,0.1429,1
29-3-2026-05,Ramanagara,Crimes Against Women,2026-05,29,3,24316,5,1,5,0,0,2.0,2.0,1.5,22,0.0455,3
29-3-2026-06,Ramanagara,Crimes Against Women,2026-06,29,3,24317,6,3,1,5,1,3.0,2.333,1.75,32,0.0938,2
29-4-2024-02,Ramanagara,Cyber Crime,2024-02,29,4,24289,2,4,3,2,2,3.0,2.333,2.917,12,0.3333,6
29-4-2024-03,Ramanagara,Cyber Crime,2024-03,29,4,24290,3,6,4,3,6,4.333,2.833,3.25,23,0.2609,3
29-4-2024-04,Ramanagara,Cyber Crime,2024-04,29,4,24291,4,3,6,4,6,4.333,3.167,3.0,12,0.25,5
29-4-2024-05,Ramanagara,Cyber Crime,2024-05,29,4,24292,5,5,3,6,5,4.667,3.833,2.917,9,0.5556,2
29-4-2024-06,Ramanagara,Cyber Crime,2024-06,29,4,24293,6,2,5,3,2,3.333,3.833,2.667,16,0.125,3
29-4-2024-07,Ramanagara,Cyber Crime,2024-07,29,4,24294,7,3,2,5,0,3.333,3.833,2.75,12,0.25,2
29-4-2024-08,Ramanagara,Cyber Crime,2024-08,29,4,24295,8,2,3,2,3,2.333,3.5,2.917,12,0.1667,1
29-4-2024-09,Ramanagara,Cyber Crime,2024-09,29,4,24296,9,1,2,3,1,2.0,2.667,2.75,13,0.0769,4
29-4-2024-10,Ramanagara,Cyber Crime,2024-10,29,4,24297,10,4,1,2,1,2.333,2.833,3.0,11,0.3636,2
29-4-2024-11,Ramanagara,Cyber Crime,2024-11,29,4,24298,11,2,4,1,2,2.333,2.333,3.083,15,0.1333,5
29-4-2024-12,Ramanagara,Cyber Crime,2024-12,29,4,24299,12,5,2,4,3,3.667,2.833,3.333,19,0.2632,1
29-4-2025-01,Ramanagara,Cyber Crime,2025-01,29,4,24300,1,1,5,2,4,2.667,2.5,3.167,12,0.0833,5
29-4-2025-02,Ramanagara,Cyber Crime,2025-02,29,4,24301,2,5,1,5,6,3.667,3.0,3.25,16,0.3125,2
29-4-2025-03,Ramanagara,Cyber Crime,2025-03,29,4,24302,3,2,5,1,3,2.667,3.167,2.917,9,0.2222,1
29-4-2025-04,Ramanagara,Cyber Crime,2025-04,29,4,24303,4,1,2,5,5,2.667,2.667,2.75,13,0.0769,3
29-4-2025-05,Ramanagara,Cyber Crime,2025-05,29,4,24304,5,3,1,2,2,2.0,2.833,2.583,9,0.3333,2
29-4-2025-06,Ramanagara,Cyber Crime,2025-06,29,4,24305,6,2,3,1,3,2.0,2.333,2.583,14,0.1429,5
29-4-2025-07,Ramanagara,Cyber Crime,2025-07,29,4,24306,7,5,2,3,2,3.333,3.0,2.75,16,0.3125,0
29-4-2025-08,Ramanagara,Cyber Crime,2025-08,29,4,24307,8,0,5,2,1,2.333,2.167,2.583,8,0.0,3
29-4-2025-09,Ramanagara,Cyber Crime,2025-09,29,4,24308,9,3,0,5,4,2.667,2.333,2.75,13,0.2308,1
29-4-2025-10,Ramanagara,Cyber Crime,2025-10,29,4,24309,10,1,3,0,2,1.333,2.333,2.5,19,0.0526,4
29-4-2025-11,Ramanagara,Cyber Crime,2025-11,29,4,24310,11,4,1,3,5,2.667,2.5,2.667,18,0.2222,1
29-4-2025-12,Ramanagara,Cyber Crime,2025-12,29,4,24311,12,1,4,1,1,2.0,2.333,2.333,17,0.0588,0
29-4-2026-01,Ramanagara,Cyber Crime,2026-01,29,4,24312,1,0,1,4,5,1.667,1.5,2.25,8,0.0,3
29-4-2026-02,Ramanagara,Cyber Crime,2026-02,29,4,24313,2,3,0,1,2,1.333,2.0,2.083,25,0.12,6
29-4-2026-03,Ramanagara,Cyber Crime,2026-03,29,4,24314,3,6,3,0,1,3.0,2.5,2.417,19,0.3158,7
29-4-2026-04,Ramanagara,Cyber Crime,2026-04,29,4,24315,4,7,6,3,3,5.333,3.5,2.917,35,0.2,5
29-4-2026-05,Ramanagara,Cyber Crime,2026-05,29,4,24316,5,5,7,6,2,6.0,3.667,3.083,22,0.2273,7
29-4-2026-06,Ramanagara,Cyber Crime,2026-06,29,4,24317,6,7,5,7,5,6.333,4.667,3.5,32,0.2188,3
29-5-2024-03,Ramanagara,Economic Offences,2024-03,29,5,24290,3,0,1,0,0,0.333,0.333,0.25,23,0.0,1
29-5-2024-04,Ramanagara,Economic Offences,2024-04,29,5,24291,4,1,0,1,0,0.667,0.5,0.333,12,0.0833,0
29-5-2024-05,Ramanagara,Economic Offences,2024-05,29,5,24292,5,0,1,0,0,0.333,0.5,0.333,9,0.0,0
29-5-2024-06,Ramanagara,Economic Offences,2024-06,29,5,24293,6,0,0,1,1,0.333,0.333,0.333,16,0.0,0
29-5-2024-07,Ramanagara,Economic Offences,2024-07,29,5,24294,7,0,0,0,0,0.0,0.333,0.25,12,0.0,2
29-5-2024-08,Ramanagara,Economic Offences,2024-08,29,5,24295,8,2,0,0,0,0.667,0.5,0.417,12,0.1667,0
29-5-2024-09,Ramanagara,Economic Offences,2024-09,29,5,24296,9,0,2,0,0,0.667,0.5,0.417,13,0.0,1
29-5-2024-10,Ramanagara,Economic Offences,2024-10,29,5,24297,10,1,0,2,0,1.0,0.5,0.5,11,0.0909,1
29-5-2024-11,Ramanagara,Economic Offences,2024-11,29,5,24298,11,1,1,0,1,0.667,0.667,0.583,15,0.0667,0
29-5-2024-12,Ramanagara,Economic Offences,2024-12,29,5,24299,12,0,1,1,0,0.667,0.667,0.5,19,0.0,2
29-5-2025-01,Ramanagara,Economic Offences,2025-01,29,5,24300,1,2,0,1,1,1.0,1.0,0.667,12,0.1667,1
29-5-2025-02,Ramanagara,Economic Offences,2025-02,29,5,24301,2,1,2,0,0,1.0,0.833,0.667,16,0.0625,1
29-5-2025-03,Ramanagara,Economic Offences,2025-03,29,5,24302,3,1,1,2,1,1.333,1.0,0.75,9,0.1111,0
29-5-2025-04,Ramanagara,Economic Offences,2025-04,29,5,24303,4,0,1,1,0,0.667,0.833,0.667,13,0.0,1
29-5-2025-05,Ramanagara,Economic Offences,2025-05,29,5,24304,5,1,0,1,0,0.667,0.833,0.75,9,0.1111,1
29-5-2025-06,Ramanagara,Economic Offences,2025-06,29,5,24305,6,1,1,0,0,0.667,1.0,0.833,14,0.0714,1
29-5-2025-07,Ramanagara,Economic Offences,2025-07,29,5,24306,7,1,1,1,2,1.0,0.833,0.917,16,0.0625,1
29-5-2025-08,Ramanagara,Economic Offences,2025-08,29,5,24307,8,1,1,1,0,1.0,0.833,0.833,8,0.125,1
29-5-2025-09,Ramanagara,Economic Offences,2025-09,29,5,24308,9,1,1,1,1,1.0,0.833,0.917,13,0.0769,0
29-5-2025-10,Ramanagara,Economic Offences,2025-10,29,5,24309,10,0,1,1,1,0.667,0.833,0.833,19,0.0,0
29-5-2025-11,Ramanagara,Economic Offences,2025-11,29,5,24310,11,0,0,1,0,0.333,0.667,0.75,18,0.0,3
29-5-2025-12,Ramanagara,Economic Offences,2025-12,29,5,24311,12,3,0,0,2,1.0,1.0,1.0,17,0.1765,0
29-5-2026-01,Ramanagara,Economic Offences,2026-01,29,5,24312,1,0,3,0,1,1.0,0.833,0.833,8,0.0,1
29-5-2026-02,Ramanagara,Economic Offences,2026-02,29,5,24313,2,1,0,3,1,1.333,0.833,0.833,25,0.04,4
29-5-2026-03,Ramanagara,Economic Offences,2026-03,29,5,24314,3,4,1,0,0,1.667,1.333,1.083,19,0.2105,2
29-5-2026-04,Ramanagara,Economic Offences,2026-04,29,5,24315,4,2,4,1,1,2.333,1.667,1.25,35,0.0571,3
29-5-2026-05,Ramanagara,Economic Offences,2026-05,29,5,24316,5,3,2,4,1,3.0,2.167,1.417,22,0.1364,4
29-5-2026-06,Ramanagara,Economic Offences,2026-06,29,5,24317,6,4,3,2,1,3.0,2.333,1.667,32,0.125,2
29-6-2024-05,Ramanagara,NDPS,2024-05,29,6,24292,5,0,1,1,0,0.667,0.333,0.333,9,0.0,3
29-6-2024-06,Ramanagara,NDPS,2024-06,29,6,24293,6,3,0,1,0,1.333,0.833,0.583,16,0.1875,0
29-6-2024-07,Ramanagara,NDPS,2024-07,29,6,24294,7,0,3,0,1,1.0,0.833,0.583,12,0.0,0
29-6-2024-08,Ramanagara,NDPS,2024-08,29,6,24295,8,0,0,3,0,1.0,0.833,0.5,12,0.0,1
29-6-2024-09,Ramanagara,NDPS,2024-09,29,6,24296,9,1,0,0,1,0.333,0.833,0.583,13,0.0769,2
29-6-2024-10,Ramanagara,NDPS,2024-10,29,6,24297,10,2,1,0,0,1.0,1.0,0.667,11,0.1818,0
29-6-2024-11,Ramanagara,NDPS,2024-11,29,6,24298,11,0,2,1,0,1.0,1.0,0.667,15,0.0,1
29-6-2024-12,Ramanagara,NDPS,2024-12,29,6,24299,12,1,0,2,0,1.0,0.667,0.75,19,0.0526,0
29-6-2025-01,Ramanagara,NDPS,2025-01,29,6,24300,1,0,1,0,0,0.333,0.667,0.75,12,0.0,0
29-6-2025-02,Ramanagara,NDPS,2025-02,29,6,24301,2,0,0,1,1,0.333,0.667,0.75,16,0.0,0
29-6-2025-03,Ramanagara,NDPS,2025-03,29,6,24302,3,0,0,0,1,0.0,0.5,0.667,9,0.0,0
29-6-2025-04,Ramanagara,NDPS,2025-04,29,6,24303,4,0,0,0,0,0.0,0.167,0.583,13,0.0,0
29-6-2025-05,Ramanagara,NDPS,2025-05,29,6,24304,5,0,0,0,3,0.0,0.167,0.583,9,0.0,0
29-6-2025-06,Ramanagara,NDPS,2025-06,29,6,24305,6,0,0,0,0,0.0,0.0,0.333,14,0.0,1
29-6-2025-07,Ramanagara,NDPS,2025-07,29,6,24306,7,1,0,0,0,0.333,0.167,0.417,16,0.0625,0
29-6-2025-08,Ramanagara,NDPS,2025-08,29,6,24307,8,0,1,0,1,0.333,0.167,0.417,8,0.0,0
29-6-2025-09,Ramanagara,NDPS,2025-09,29,6,24308,9,0,0,1,2,0.333,0.167,0.333,13,0.0,0
29-6-2025-10,Ramanagara,NDPS,2025-10,29,6,24309,10,0,0,0,0,0.0,0.167,0.167,19,0.0,0
29-6-2025-11,Ramanagara,NDPS,2025-11,29,6,24310,11,0,0,0,1,0.0,0.167,0.167,18,0.0,2
29-6-2025-12,Ramanagara,NDPS,2025-12,29,6,24311,12,2,0,0,0,0.667,0.5,0.25,17,0.1176,0
29-6-2026-01,Ramanagara,NDPS,2026-01,29,6,24312,1,0,2,0,0,0.667,0.333,0.25,8,0.0,2
29-6-2026-02,Ramanagara,NDPS,2026-02,29,6,24313,2,2,0,2,0,1.333,0.667,0.417,25,0.08,1
29-6-2026-03,Ramanagara,NDPS,2026-03,29,6,24314,3,1,2,0,0,1.0,0.833,0.5,19,0.0526,1
29-6-2026-04,Ramanagara,NDPS,2026-04,29,6,24315,4,1,1,2,0,1.333,1.0,0.583,35,0.0286,1
29-6-2026-05,Ramanagara,NDPS,2026-05,29,6,24316,5,1,1,1,0,1.0,1.167,0.667,22,0.0455,1
29-6-2026-06,Ramanagara,NDPS,2026-06,29,6,24317,6,1,1,1,1,1.0,1.0,0.75,32,0.0312,2
29-7-2024-07,Ramanagara,Missing / UDR,2024-07,29,7,24294,7,0,2,0,0,0.667,0.667,0.417,12,0.0,2
29-7-2024-08,Ramanagara,Missing / UDR,2024-08,29,7,24295,8,2,0,2,1,1.333,1.0,0.583,12,0.1667,1
29-7-2024-09,Ramanagara,Missing / UDR,2024-09,29,7,24296,9,1,2,0,0,1.0,1.0,0.583,13,0.0769,0
29-7-2024-10,Ramanagara,Missing / UDR,2024-10,29,7,24297,10,0,1,2,0,1.0,0.833,0.583,11,0.0,0
29-7-2024-11,Ramanagara,Missing / UDR,2024-11,29,7,24298,11,0,0,1,0,0.333,0.833,0.583,15,0.0,0
29-7-2024-12,Ramanagara,Missing / UDR,2024-12,29,7,24299,12,0,0,0,0,0.0,0.5,0.583,19,0.0,0
29-7-2025-01,Ramanagara,Missing / UDR,2025-01,29,7,24300,1,0,0,0,0,0.0,0.5,0.583,12,0.0,1
29-7-2025-02,Ramanagara,Missing / UDR,2025-02,29,7,24301,2,1,0,0,1,0.333,0.333,0.667,16,0.0625,0
29-7-2025-03,Ramanagara,Missing / UDR,2025-03,29,7,24302,3,0,1,0,1,0.333,0.167,0.583,9,0.0,0
29-7-2025-04,Ramanagara,Missing / UDR,2025-04,29,7,24303,4,0,0,1,0,0.333,0.167,0.5,13,0.0,1
29-7-2025-05,Ramanagara,Missing / UDR,2025-05,29,7,24304,5,1,0,0,2,0.333,0.333,0.583,9,0.1111,3
29-7-2025-06,Ramanagara,Missing / UDR,2025-06,29,7,24305,6,3,1,0,0,1.333,0.833,0.667,14,0.2143,0
29-7-2025-07,Ramanagara,Missing / UDR,2025-07,29,7,24306,7,0,3,1,2,1.333,0.833,0.667,16,0.0,0
29-7-2025-08,Ramanagara,Missing / UDR,2025-08,29,7,24307,8,0,0,3,1,1.0,0.667,0.5,8,0.0,0
29-7-2025-09,Ramanagara,Missing / UDR,2025-09,29,7,24308,9,0,0,0,0,0.0,0.667,0.417,13,0.0,3
29-7-2025-10,Ramanagara,Missing / UDR,2025-10,29,7,24309,10,3,0,0,0,1.0,1.167,0.667,19,0.1579,1
29-7-2025-11,Ramanagara,Missing / UDR,2025-11,29,7,24310,11,1,3,0,0,1.333,1.167,0.75,18,0.0556,0
29-7-2025-12,Ramanagara,Missing / UDR,2025-12,29,7,24311,12,0,1,3,0,1.333,0.667,0.75,17,0.0,0
29-7-2026-01,Ramanagara,Missing / UDR,2026-01,29,7,24312,1,0,0,1,1,0.333,0.667,0.75,8,0.0,0
29-7-2026-02,Ramanagara,Missing / UDR,2026-02,29,7,24313,2,0,0,0,0,0.0,0.667,0.667,25,0.0,0
29-7-2026-03,Ramanagara,Missing / UDR,2026-03,29,7,24314,3,0,0,0,0,0.0,0.667,0.667,19,0.0,2
29-7-2026-04,Ramanagara,Missing / UDR,2026-04,29,7,24315,4,2,0,0,1,0.667,0.5,0.833,35,0.0571,2
29-7-2026-05,Ramanagara,Missing / UDR,2026-05,29,7,24316,5,2,2,0,3,1.333,0.667,0.917,22,0.0909,2
29-7-2026-06,Ramanagara,Missing / UDR,2026-06,29,7,24317,6,2,2,2,0,2.0,1.0,0.833,32,0.0625,3
29-8-2024-05,Ramanagara,Traffic / PAR,2024-05,29,8,24292,5,1,0,1,0,0.667,0.333,0.5,9,0.1111,0
29-8-2024-06,Ramanagara,Traffic / PAR,2024-06,29,8,24293,6,0,1,0,0,0.333,0.333,0.5,16,0.0,0
29-8-2024-07,Ramanagara,Traffic / PAR,2024-07,29,8,24294,7,0,0,1,0,0.333,0.333,0.5,12,0.0,0
29-8-2024-08,Ramanagara,Traffic / PAR,2024-08,29,8,24295,8,0,0,0,1,0.0,0.333,0.5,12,0.0,0
29-8-2024-09,Ramanagara,Traffic / PAR,2024-09,29,8,24296,9,0,0,0,1,0.0,0.167,0.417,13,0.0,0
29-8-2024-10,Ramanagara,Traffic / PAR,2024-10,29,8,24297,10,0,0,0,2,0.0,0.167,0.333,11,0.0,1
29-8-2024-11,Ramanagara,Traffic / PAR,2024-11,29,8,24298,11,1,0,0,0,0.333,0.167,0.25,15,0.0667,2
29-8-2024-12,Ramanagara,Traffic / PAR,2024-12,29,8,24299,12,2,1,0,0,1.0,0.5,0.417,19,0.1053,1
29-8-2025-01,Ramanagara,Traffic / PAR,2025-01,29,8,24300,1,1,2,1,0,1.333,0.667,0.5,12,0.0833,0
29-8-2025-02,Ramanagara,Traffic / PAR,2025-02,29,8,24301,2,0,1,2,1,1.0,0.667,0.5,16,0.0,1
29-8-2025-03,Ramanagara,Traffic / PAR,2025-03,29,8,24302,3,1,0,1,0,0.667,0.833,0.5,9,0.1111,2
29-8-2025-04,Ramanagara,Traffic / PAR,2025-04,29,8,24303,4,2,1,0,1,1.0,1.167,0.667,13,0.1538,1
29-8-2025-05,Ramanagara,Traffic / PAR,2025-05,29,8,24304,5,1,2,1,0,1.333,1.167,0.667,9,0.1111,2
29-8-2025-06,Ramanagara,Traffic / PAR,2025-06,29,8,24305,6,2,1,2,0,1.667,1.167,0.833,14,0.1429,2
29-8-2025-07,Ramanagara,Traffic / PAR,2025-07,29,8,24306,7,2,2,1,0,1.667,1.333,1.0,16,0.125,0
29-8-2025-08,Ramanagara,Traffic / PAR,2025-08,29,8,24307,8,0,2,2,0,1.333,1.333,1.0,8,0.0,0
29-8-2025-09,Ramanagara,Traffic / PAR,2025-09,29,8,24308,9,0,0,2,0,0.667,1.167,1.0,13,0.0,0
29-8-2025-10,Ramanagara,Traffic / PAR,2025-10,29,8,24309,10,0,0,0,1,0.0,0.833,1.0,19,0.0,0
29-8-2025-11,Ramanagara,Traffic / PAR,2025-11,29,8,24310,11,0,0,0,2,0.0,0.667,0.917,18,0.0,0
29-8-2025-12,Ramanagara,Traffic / PAR,2025-12,29,8,24311,12,0,0,0,1,0.0,0.333,0.75,17,0.0,0
29-8-2026-01,Ramanagara,Traffic / PAR,2026-01,29,8,24312,1,0,0,0,0,0.0,0.0,0.667,8,0.0,1
29-8-2026-02,Ramanagara,Traffic / PAR,2026-02,29,8,24313,2,1,0,0,1,0.333,0.167,0.75,25,0.04,0
29-8-2026-03,Ramanagara,Traffic / PAR,2026-03,29,8,24314,3,0,1,0,2,0.333,0.167,0.667,19,0.0,1
29-8-2026-04,Ramanagara,Traffic / PAR,2026-04,29,8,24315,4,1,0,1,1,0.667,0.333,0.583,35,0.0286,1
29-8-2026-05,Ramanagara,Traffic / PAR,2026-05,29,8,24316,5,1,1,0,2,0.667,0.5,0.583,22,0.0455,1
29-8-2026-06,Ramanagara,Traffic / PAR,2026-06,29,8,24317,6,1,1,1,2,1.0,0.667,0.5,32,0.0312,3
3-1-2024-02,Mysuru,Crimes Against Body,2024-02,3,1,24289,2,15,9,17,12,13.667,12.167,12.0,74,0.2027,9
3-1-2024-03,Mysuru,Crimes Against Body,2024-03,3,1,24290,3,9,15,9,10,11.0,12.167,11.75,65,0.1385,8
3-1-2024-04,Mysuru,Crimes Against Body,2024-04,3,1,24291,4,8,9,15,8,10.667,12.0,11.583,64,0.125,13
3-1-2024-05,Mysuru,Crimes Against Body,2024-05,3,1,24292,5,13,8,9,9,10.0,11.833,12.0,79,0.1646,9
3-1-2024-06,Mysuru,Crimes Against Body,2024-06,3,1,24293,6,9,13,8,14,10.0,10.5,12.0,81,0.1111,7
3-1-2024-07,Mysuru,Crimes Against Body,2024-07,3,1,24294,7,7,9,13,18,9.667,10.167,11.417,73,0.0959,9
3-1-2024-08,Mysuru,Crimes Against Body,2024-08,3,1,24295,8,9,7,9,9,8.333,9.167,10.667,65,0.1385,7
3-1-2024-09,Mysuru,Crimes Against Body,2024-09,3,1,24296,9,7,9,7,9,7.667,8.833,10.5,73,0.0959,8
3-1-2024-10,Mysuru,Crimes Against Body,2024-10,3,1,24297,10,8,7,9,14,8.0,8.833,10.417,73,0.1096,10
3-1-2024-11,Mysuru,Crimes Against Body,2024-11,3,1,24298,11,10,8,7,17,8.333,8.333,10.083,106,0.0943,11
3-1-2024-12,Mysuru,Crimes Against Body,2024-12,3,1,24299,12,11,10,8,9,9.667,8.667,9.583,119,0.0924,8
3-1-2025-01,Mysuru,Crimes Against Body,2025-01,3,1,24300,1,8,11,10,15,9.667,8.833,9.5,84,0.0952,7
3-1-2025-02,Mysuru,Crimes Against Body,2025-02,3,1,24301,2,7,8,11,9,8.667,8.5,8.833,59,0.1186,5
3-1-2025-03,Mysuru,Crimes Against Body,2025-03,3,1,24302,3,5,7,8,8,6.667,8.167,8.5,58,0.0862,13
3-1-2025-04,Mysuru,Crimes Against Body,2025-04,3,1,24303,4,13,5,7,13,8.333,9.0,8.917,87,0.1494,14
3-1-2025-05,Mysuru,Crimes Against Body,2025-05,3,1,24304,5,14,13,5,9,10.667,9.667,9.0,76,0.1842,11
3-1-2025-06,Mysuru,Crimes Against Body,2025-06,3,1,24305,6,11,14,13,7,12.667,9.667,9.167,70,0.1571,9
3-1-2025-07,Mysuru,Crimes Against Body,2025-07,3,1,24306,7,9,11,14,9,11.333,9.833,9.333,66,0.1364,5
3-1-2025-08,Mysuru,Crimes Against Body,2025-08,3,1,24307,8,5,9,11,7,8.333,9.5,9.0,67,0.0746,9
3-1-2025-09,Mysuru,Crimes Against Body,2025-09,3,1,24308,9,9,5,9,8,7.667,10.167,9.167,65,0.1385,12
3-1-2025-10,Mysuru,Crimes Against Body,2025-10,3,1,24309,10,12,9,5,10,8.667,10.0,9.5,65,0.1846,10
3-1-2025-11,Mysuru,Crimes Against Body,2025-11,3,1,24310,11,10,12,9,11,10.333,9.333,9.5,110,0.0909,10
3-1-2025-12,Mysuru,Crimes Against Body,2025-12,3,1,24311,12,10,10,12,8,10.667,9.167,9.417,109,0.0917,11
3-1-2026-01,Mysuru,Crimes Against Body,2026-01,3,1,24312,1,11,10,10,7,10.333,9.5,9.667,84,0.131,24
3-1-2026-02,Mysuru,Crimes Against Body,2026-02,3,1,24313,2,24,11,10,5,15.0,12.667,11.083,141,0.1702,16
3-1-2026-03,Mysuru,Crimes Against Body,2026-03,3,1,24314,3,16,24,11,13,17.0,13.833,12.0,115,0.1391,21
3-1-2026-04,Mysuru,Crimes Against Body,2026-04,3,1,24315,4,21,16,24,14,20.333,15.333,12.667,159,0.1321,27
3-1-2026-05,Mysuru,Crimes Against Body,2026-05,3,1,24316,5,27,21,16,11,21.333,18.167,13.75,152,0.1776,21
3-1-2026-06,Mysuru,Crimes Against Body,2026-06,3,1,24317,6,21,27,21,9,23.0,20.0,14.583,141,0.1489,17
3-2-2024-02,Mysuru,Crimes Against Property,2024-02,3,2,24289,2,31,40,71,27,47.333,43.167,33.583,74,0.4189,21
3-2-2024-03,Mysuru,Crimes Against Property,2024-03,3,2,24290,3,21,31,40,28,30.667,41.833,33.083,65,0.3231,23
3-2-2024-04,Mysuru,Crimes Against Property,2024-04,3,2,24291,4,23,21,31,23,25.0,40.667,32.667,64,0.3594,19
3-2-2024-05,Mysuru,Crimes Against Property,2024-05,3,2,24292,5,19,23,21,22,21.0,34.167,32.333,79,0.2405,27
3-2-2024-06,Mysuru,Crimes Against Property,2024-06,3,2,24293,6,27,19,23,19,23.0,26.833,32.75,81,0.3333,29
3-2-2024-07,Mysuru,Crimes Against Property,2024-07,3,2,24294,7,29,27,19,25,25.0,25.0,33.583,73,0.3973,20
3-2-2024-08,Mysuru,Crimes Against Property,2024-08,3,2,24295,8,20,29,27,29,25.333,23.167,33.167,65,0.3077,30
3-2-2024-09,Mysuru,Crimes Against Property,2024-09,3,2,24296,9,30,20,29,30,26.333,24.667,33.25,73,0.411,27
3-2-2024-10,Mysuru,Crimes Against Property,2024-10,3,2,24297,10,27,30,20,58,25.667,25.333,33.0,73,0.3699,57
3-2-2024-11,Mysuru,Crimes Against Property,2024-11,3,2,24298,11,57,27,30,71,38.0,31.667,32.917,106,0.5377,69
3-2-2024-12,Mysuru,Crimes Against Property,2024-12,3,2,24299,12,69,57,27,40,51.0,38.667,32.75,119,0.5798,36
3-2-2025-01,Mysuru,Crimes Against Property,2025-01,3,2,24300,1,36,69,57,31,54.0,39.833,32.417,84,0.4286,17
3-2-2025-02,Mysuru,Crimes Against Property,2025-02,3,2,24301,2,17,36,69,21,40.667,39.333,31.25,59,0.2881,27
3-2-2025-03,Mysuru,Crimes Against Property,2025-03,3,2,24302,3,27,17,36,23,26.667,38.833,31.75,58,0.4655,28
3-2-2025-04,Mysuru,Crimes Against Property,2025-04,3,2,24303,4,28,27,17,19,24.0,39.0,32.167,87,0.3218,20
3-2-2025-05,Mysuru,Crimes Against Property,2025-05,3,2,24304,5,20,28,27,27,25.0,32.833,32.25,76,0.2632,18
3-2-2025-06,Mysuru,Crimes Against Property,2025-06,3,2,24305,6,18,20,28,29,22.0,24.333,31.5,70,0.2571,25
3-2-2025-07,Mysuru,Crimes Against Property,2025-07,3,2,24306,7,25,18,20,20,21.0,22.5,31.167,66,0.3788,23
3-2-2025-08,Mysuru,Crimes Against Property,2025-08,3,2,24307,8,23,25,18,30,22.0,23.5,31.417,67,0.3433,24
3-2-2025-09,Mysuru,Crimes Against Property,2025-09,3,2,24308,9,24,23,25,27,24.0,23.0,30.917,65,0.3692,22
3-2-2025-10,Mysuru,Crimes Against Property,2025-10,3,2,24309,10,22,24,23,57,23.0,22.0,30.5,65,0.3385,62
3-2-2025-11,Mysuru,Crimes Against Property,2025-11,3,2,24310,11,62,22,24,69,36.0,29.0,30.917,110,0.5636,68
3-2-2025-12,Mysuru,Crimes Against Property,2025-12,3,2,24311,12,68,62,22,36,50.667,37.333,30.833,109,0.6239,36
3-2-2026-01,Mysuru,Crimes Against Property,2026-01,3,2,24312,1,36,68,62,17,55.333,39.167,30.833,84,0.4286,53
3-2-2026-02,Mysuru,Crimes Against Property,2026-02,3,2,24313,2,53,36,68,27,52.333,44.167,33.833,141,0.3759,49
3-2-2026-03,Mysuru,Crimes Against Property,2026-03,3,2,24314,3,49,53,36,28,46.0,48.333,35.667,115,0.4261,59
3-2-2026-04,Mysuru,Crimes Against Property,2026-04,3,2,24315,4,59,49,53,20,53.667,54.5,38.25,159,0.3711,60
3-2-2026-05,Mysuru,Crimes Against Property,2026-05,3,2,24316,5,60,59,49,18,56.0,54.167,41.583,152,0.3947,57
3-2-2026-06,Mysuru,Crimes Against Property,2026-06,3,2,24317,6,57,60,59,25,58.667,52.333,44.833,141,0.4043,54
3-3-2024-02,Mysuru,Crimes Against Women,2024-02,3,3,24289,2,8,8,6,6,7.333,5.667,5.25,74,0.1081,6
3-3-2024-03,Mysuru,Crimes Against Women,2024-03,3,3,24290,3,6,8,8,8,7.333,6.167,5.25,65,0.0923,9
3-3-2024-04,Mysuru,Crimes Against Women,2024-04,3,3,24291,4,9,6,8,4,7.667,6.833,5.333,64,0.1406,8
3-3-2024-05,Mysuru,Crimes Against Women,2024-05,3,3,24292,5,8,9,6,4,7.667,7.5,5.667,79,0.1013,8
3-3-2024-06,Mysuru,Crimes Against Women,2024-06,3,3,24293,6,8,8,9,1,8.333,7.833,6.0,81,0.0988,7
3-3-2024-07,Mysuru,Crimes Against Women,2024-07,3,3,24294,7,7,8,8,6,7.667,7.667,6.5,73,0.0959,6
3-3-2024-08,Mysuru,Crimes Against Women,2024-08,3,3,24295,8,6,7,8,3,7.0,7.333,6.5,65,0.0923,10
3-3-2024-09,Mysuru,Crimes Against Women,2024-09,3,3,24296,9,10,6,7,5,7.667,8.0,7.083,73,0.137,5
3-3-2024-10,Mysuru,Crimes Against Women,2024-10,3,3,24297,10,5,10,6,4,7.0,7.333,7.083,73,0.0685,8
3-3-2024-11,Mysuru,Crimes Against Women,2024-11,3,3,24298,11,8,5,10,6,7.667,7.333,7.417,106,0.0755,8
3-3-2024-12,Mysuru,Crimes Against Women,2024-12,3,3,24299,12,8,8,5,8,7.0,7.333,7.583,119,0.0672,9
3-3-2025-01,Mysuru,Crimes Against Women,2025-01,3,3,24300,1,9,8,8,8,8.333,7.667,7.667,84,0.1071,10
3-3-2025-02,Mysuru,Crimes Against Women,2025-02,3,3,24301,2,10,9,8,6,9.0,8.333,7.833,59,0.1695,6
3-3-2025-03,Mysuru,Crimes Against Women,2025-03,3,3,24302,3,6,10,9,9,8.333,7.667,7.833,58,0.1034,10
3-3-2025-04,Mysuru,Crimes Against Women,2025-04,3,3,24303,4,10,6,10,8,8.667,8.5,7.917,87,0.1149,6
3-3-2025-05,Mysuru,Crimes Against Women,2025-05,3,3,24304,5,6,10,6,8,7.333,8.167,7.75,76,0.0789,4
3-3-2025-06,Mysuru,Crimes Against Women,2025-06,3,3,24305,6,4,6,10,7,6.667,7.5,7.417,70,0.0571,5
3-3-2025-07,Mysuru,Crimes Against Women,2025-07,3,3,24306,7,5,4,6,6,5.0,6.833,7.25,66,0.0758,6
3-3-2025-08,Mysuru,Crimes Against Women,2025-08,3,3,24307,8,6,5,4,10,5.0,6.167,7.25,67,0.0896,7
3-3-2025-09,Mysuru,Crimes Against Women,2025-09,3,3,24308,9,7,6,5,5,6.0,6.333,7.0,65,0.1077,1
3-3-2025-10,Mysuru,Crimes Against Women,2025-10,3,3,24309,10,1,7,6,8,4.667,4.833,6.667,65,0.0154,5
3-3-2025-11,Mysuru,Crimes Against Women,2025-11,3,3,24310,11,5,1,7,8,4.333,4.667,6.417,110,0.0455,4
3-3-2025-12,Mysuru,Crimes Against Women,2025-12,3,3,24311,12,4,5,1,9,3.333,4.667,6.083,109,0.0367,7
3-3-2026-01,Mysuru,Crimes Against Women,2026-01,3,3,24312,1,7,4,5,10,5.333,5.0,5.917,84,0.0833,19
3-3-2026-02,Mysuru,Crimes Against Women,2026-02,3,3,24313,2,19,7,4,6,10.0,7.167,6.667,141,0.1348,8
3-3-2026-03,Mysuru,Crimes Against Women,2026-03,3,3,24314,3,8,19,7,10,11.333,7.333,6.833,115,0.0696,9
3-3-2026-04,Mysuru,Crimes Against Women,2026-04,3,3,24315,4,9,8,19,6,12.0,8.667,6.75,159,0.0566,12
3-3-2026-05,Mysuru,Crimes Against Women,2026-05,3,3,24316,5,12,9,8,4,9.667,9.833,7.25,152,0.0789,8
3-3-2026-06,Mysuru,Crimes Against Women,2026-06,3,3,24317,6,8,12,9,5,9.667,10.5,7.583,141,0.0567,13
3-4-2024-02,Mysuru,Cyber Crime,2024-02,3,4,24289,2,5,13,18,11,12.0,12.5,12.25,74,0.0676,11
3-4-2024-03,Mysuru,Cyber Crime,2024-03,3,4,24290,3,11,5,13,22,9.667,13.167,12.25,65,0.1692,8
3-4-2024-04,Mysuru,Cyber Crime,2024-04,3,4,24291,4,8,11,5,5,8.0,12.5,11.083,64,0.125,19
3-4-2024-05,Mysuru,Cyber Crime,2024-05,3,4,24292,5,19,8,11,10,12.667,12.333,12.25,79,0.2405,19
3-4-2024-06,Mysuru,Cyber Crime,2024-06,3,4,24293,6,19,19,8,9,15.333,12.5,13.0,81,0.2346,14
3-4-2024-07,Mysuru,Cyber Crime,2024-07,3,4,24294,7,14,19,19,15,17.333,12.667,13.417,73,0.1918,10
3-4-2024-08,Mysuru,Cyber Crime,2024-08,3,4,24295,8,10,14,19,7,14.333,13.5,13.0,65,0.1538,10
3-4-2024-09,Mysuru,Cyber Crime,2024-09,3,4,24296,9,10,10,14,12,11.333,13.333,13.25,73,0.137,14
3-4-2024-10,Mysuru,Cyber Crime,2024-10,3,4,24297,10,14,10,10,20,11.333,14.333,13.417,73,0.1918,18
3-4-2024-11,Mysuru,Cyber Crime,2024-11,3,4,24298,11,18,14,10,18,14.0,14.167,13.25,106,0.1698,11
3-4-2024-12,Mysuru,Cyber Crime,2024-12,3,4,24299,12,11,18,14,13,14.333,12.833,12.667,119,0.0924,12
3-4-2025-01,Mysuru,Cyber Crime,2025-01,3,4,24300,1,12,11,18,5,13.667,12.5,12.583,84,0.1429,12
3-4-2025-02,Mysuru,Cyber Crime,2025-02,3,4,24301,2,12,12,11,11,11.667,12.833,13.167,59,0.2034,9
3-4-2025-03,Mysuru,Cyber Crime,2025-03,3,4,24302,3,9,12,12,8,11.0,12.667,13.0,58,0.1552,19
3-4-2025-04,Mysuru,Cyber Crime,2025-04,3,4,24303,4,19,9,12,19,13.333,13.5,13.917,87,0.2184,12
3-4-2025-05,Mysuru,Cyber Crime,2025-05,3,4,24304,5,12,19,9,19,13.333,12.5,13.333,76,0.1579,14
3-4-2025-06,Mysuru,Cyber Crime,2025-06,3,4,24305,6,14,12,19,14,15.0,13.0,12.917,70,0.2,10
3-4-2025-07,Mysuru,Cyber Crime,2025-07,3,4,24306,7,10,14,12,10,12.0,12.667,12.583,66,0.1515,18
3-4-2025-08,Mysuru,Cyber Crime,2025-08,3,4,24307,8,18,10,14,10,14.0,13.667,13.25,67,0.2687,13
3-4-2025-09,Mysuru,Cyber Crime,2025-09,3,4,24308,9,13,18,10,14,13.667,14.333,13.5,65,0.2,19
3-4-2025-10,Mysuru,Cyber Crime,2025-10,3,4,24309,10,19,13,18,18,16.667,14.333,13.917,65,0.2923,16
3-4-2025-11,Mysuru,Cyber Crime,2025-11,3,4,24310,11,16,19,13,11,16.0,15.0,13.75,110,0.1455,12
3-4-2025-12,Mysuru,Cyber Crime,2025-12,3,4,24311,12,12,16,19,12,15.667,14.667,13.833,109,0.1101,13
3-4-2026-01,Mysuru,Cyber Crime,2026-01,3,4,24312,1,13,12,16,12,13.667,15.167,13.917,84,0.1548,21
3-4-2026-02,Mysuru,Cyber Crime,2026-02,3,4,24313,2,21,13,12,9,15.333,15.667,14.667,141,0.1489,20
3-4-2026-03,Mysuru,Cyber Crime,2026-03,3,4,24314,3,20,21,13,19,18.0,16.833,15.583,115,0.1739,27
3-4-2026-04,Mysuru,Cyber Crime,2026-04,3,4,24315,4,27,20,21,12,22.667,18.167,16.25,159,0.1698,16
3-4-2026-05,Mysuru,Cyber Crime,2026-05,3,4,24316,5,16,27,20,14,21.0,18.167,16.583,152,0.1053,23
3-4-2026-06,Mysuru,Cyber Crime,2026-06,3,4,24317,6,23,16,27,10,22.0,20.0,17.333,141,0.1631,19
3-5-2024-02,Mysuru,Economic Offences,2024-02,3,5,24289,2,5,5,8,5,6.0,6.833,5.833,74,0.0676,5
3-5-2024-03,Mysuru,Economic Offences,2024-03,3,5,24290,3,5,5,5,5,5.0,6.5,5.833,65,0.0769,5
3-5-2024-04,Mysuru,Economic Offences,2024-04,3,5,24291,4,5,5,5,5,5.0,6.5,5.833,64,0.0781,5
3-5-2024-05,Mysuru,Economic Offences,2024-05,3,5,24292,5,5,5,5,6,5.0,5.5,5.833,79,0.0633,9
3-5-2024-06,Mysuru,Economic Offences,2024-06,3,5,24293,6,9,5,5,5,6.333,5.667,6.083,81,0.1111,4
3-5-2024-07,Mysuru,Economic Offences,2024-07,3,5,24294,7,4,9,5,3,6.0,5.5,6.0,73,0.0548,5
3-5-2024-08,Mysuru,Economic Offences,2024-08,3,5,24295,8,5,4,9,7,6.0,5.5,6.167,65,0.0769,5
3-5-2024-09,Mysuru,Economic Offences,2024-09,3,5,24296,9,5,5,4,5,4.667,5.5,6.0,73,0.0685,5
3-5-2024-10,Mysuru,Economic Offences,2024-10,3,5,24297,10,5,5,5,11,5.0,5.5,6.0,73,0.0685,6
3-5-2024-11,Mysuru,Economic Offences,2024-11,3,5,24298,11,6,5,5,8,5.333,5.667,5.583,106,0.0566,7
3-5-2024-12,Mysuru,Economic Offences,2024-12,3,5,24299,12,7,6,5,5,6.0,5.333,5.5,119,0.0588,9
3-5-2025-01,Mysuru,Economic Offences,2025-01,3,5,24300,1,9,7,6,5,7.333,6.167,5.833,84,0.1071,5
3-5-2025-02,Mysuru,Economic Offences,2025-02,3,5,24301,2,5,9,7,5,7.0,6.167,5.833,59,0.0847,3
3-5-2025-03,Mysuru,Economic Offences,2025-03,3,5,24302,3,3,5,9,5,5.667,5.833,5.667,58,0.0517,5
3-5-2025-04,Mysuru,Economic Offences,2025-04,3,5,24303,4,5,3,5,5,4.333,5.833,5.667,87,0.0575,6
3-5-2025-05,Mysuru,Economic Offences,2025-05,3,5,24304,5,6,5,3,9,4.667,5.833,5.75,76,0.0789,7
3-5-2025-06,Mysuru,Economic Offences,2025-06,3,5,24305,6,7,6,5,4,6.0,5.833,5.583,70,0.1,6
3-5-2025-07,Mysuru,Economic Offences,2025-07,3,5,24306,7,6,7,6,5,6.333,5.333,5.75,66,0.0909,7
3-5-2025-08,Mysuru,Economic Offences,2025-08,3,5,24307,8,7,6,7,5,6.667,5.667,5.917,67,0.1045,4
3-5-2025-09,Mysuru,Economic Offences,2025-09,3,5,24308,9,4,7,6,5,5.667,5.833,5.833,65,0.0615,4
3-5-2025-10,Mysuru,Economic Offences,2025-10,3,5,24309,10,4,4,7,6,5.0,5.667,5.75,65,0.0615,2
3-5-2025-11,Mysuru,Economic Offences,2025-11,3,5,24310,11,2,4,4,7,3.333,5.0,5.417,110,0.0182,5
3-5-2025-12,Mysuru,Economic Offences,2025-12,3,5,24311,12,5,2,4,9,3.667,4.667,5.25,109,0.0459,4
3-5-2026-01,Mysuru,Economic Offences,2026-01,3,5,24312,1,4,5,2,5,3.667,4.333,4.833,84,0.0476,6
3-5-2026-02,Mysuru,Economic Offences,2026-02,3,5,24313,2,6,4,5,3,5.0,4.167,4.917,141,0.0426,8
3-5-2026-03,Mysuru,Economic Offences,2026-03,3,5,24314,3,8,6,4,5,6.0,4.833,5.333,115,0.0696,13
3-5-2026-04,Mysuru,Economic Offences,2026-04,3,5,24315,4,13,8,6,6,9.0,6.333,6.0,159,0.0818,14
3-5-2026-05,Mysuru,Economic Offences,2026-05,3,5,24316,5,14,13,8,7,11.667,8.333,6.667,152,0.0921,12
3-5-2026-06,Mysuru,Economic Offences,2026-06,3,5,24317,6,12,14,13,6,13.0,9.5,7.083,141,0.0851,6
3-6-2024-02,Mysuru,NDPS,2024-02,3,6,24289,2,2,3,2,2,2.333,2.5,2.5,74,0.027,4
3-6-2024-03,Mysuru,NDPS,2024-03,3,6,24290,3,4,2,3,4,3.0,2.667,2.667,65,0.0615,2
3-6-2024-04,Mysuru,NDPS,2024-04,3,6,24291,4,2,4,2,4,2.667,2.5,2.5,64,0.0312,5
3-6-2024-05,Mysuru,NDPS,2024-05,3,6,24292,5,5,2,4,2,3.667,3.0,2.583,79,0.0633,4
3-6-2024-06,Mysuru,NDPS,2024-06,3,6,24293,6,4,5,2,3,3.667,3.333,2.75,81,0.0494,4
3-6-2024-07,Mysuru,NDPS,2024-07,3,6,24294,7,4,4,5,0,4.333,3.5,2.833,73,0.0548,4
3-6-2024-08,Mysuru,NDPS,2024-08,3,6,24295,8,4,4,4,3,4.0,3.833,3.167,65,0.0615,3
3-6-2024-09,Mysuru,NDPS,2024-09,3,6,24296,9,3,4,4,3,3.667,3.667,3.167,73,0.0411,4
3-6-2024-10,Mysuru,NDPS,2024-10,3,6,24297,10,4,3,4,2,3.667,4.0,3.25,73,0.0548,4
3-6-2024-11,Mysuru,NDPS,2024-11,3,6,24298,11,4,4,3,2,3.667,3.833,3.417,106,0.0377,2
3-6-2024-12,Mysuru,NDPS,2024-12,3,6,24299,12,2,4,4,3,3.333,3.5,3.417,119,0.0168,1
3-6-2025-01,Mysuru,NDPS,2025-01,3,6,24300,1,1,2,4,2,2.333,3.0,3.25,84,0.0119,3
3-6-2025-02,Mysuru,NDPS,2025-02,3,6,24301,2,3,1,2,4,2.0,2.833,3.333,59,0.0508,0
3-6-2025-03,Mysuru,NDPS,2025-03,3,6,24302,3,0,3,1,2,1.333,2.333,3.0,58,0.0,2
3-6-2025-04,Mysuru,NDPS,2025-04,3,6,24303,4,2,0,3,5,1.667,2.0,3.0,87,0.023,3
3-6-2025-05,Mysuru,NDPS,2025-05,3,6,24304,5,3,2,0,4,1.667,1.833,2.833,76,0.0395,4
3-6-2025-06,Mysuru,NDPS,2025-06,3,6,24305,6,4,3,2,4,3.0,2.167,2.833,70,0.0571,6
3-6-2025-07,Mysuru,NDPS,2025-07,3,6,24306,7,6,4,3,4,4.333,3.0,3.0,66,0.0909,1
3-6-2025-08,Mysuru,NDPS,2025-08,3,6,24307,8,1,6,4,3,3.667,2.667,2.75,67,0.0149,2
3-6-2025-09,Mysuru,NDPS,2025-09,3,6,24308,9,2,1,6,4,3.0,3.0,2.667,65,0.0308,1
3-6-2025-10,Mysuru,NDPS,2025-10,3,6,24309,10,1,2,1,4,1.333,2.833,2.417,65,0.0154,4
3-6-2025-11,Mysuru,NDPS,2025-11,3,6,24310,11,4,1,2,2,2.333,3.0,2.417,110,0.0364,4
3-6-2025-12,Mysuru,NDPS,2025-12,3,6,24311,12,4,4,1,1,3.0,3.0,2.583,109,0.0367,5
3-6-2026-01,Mysuru,NDPS,2026-01,3,6,24312,1,5,4,4,3,4.333,2.833,2.917,84,0.0595,6
3-6-2026-02,Mysuru,NDPS,2026-02,3,6,24313,2,6,5,4,0,5.0,3.667,3.167,141,0.0426,6
3-6-2026-03,Mysuru,NDPS,2026-03,3,6,24314,3,6,6,5,2,5.667,4.333,3.667,115,0.0522,5
3-6-2026-04,Mysuru,NDPS,2026-04,3,6,24315,4,5,6,6,3,5.667,5.0,3.917,159,0.0314,4
3-6-2026-05,Mysuru,NDPS,2026-05,3,6,24316,5,4,5,6,4,5.0,5.0,4.0,152,0.0263,2
3-6-2026-06,Mysuru,NDPS,2026-06,3,6,24317,6,2,4,5,6,3.667,4.667,3.833,141,0.0142,6
3-7-2024-02,Mysuru,Missing / UDR,2024-02,3,7,24289,2,2,2,3,7,2.333,3.0,3.5,74,0.027,4
3-7-2024-03,Mysuru,Missing / UDR,2024-03,3,7,24290,3,4,2,2,2,2.667,3.0,3.25,65,0.0615,3
3-7-2024-04,Mysuru,Missing / UDR,2024-04,3,7,24291,4,3,4,2,1,3.0,3.333,3.333,64,0.0469,3
3-7-2024-05,Mysuru,Missing / UDR,2024-05,3,7,24292,5,3,3,4,5,3.333,2.833,3.5,79,0.038,2
3-7-2024-06,Mysuru,Missing / UDR,2024-06,3,7,24293,6,2,3,3,2,2.667,2.667,3.25,81,0.0247,2
3-7-2024-07,Mysuru,Missing / UDR,2024-07,3,7,24294,7,2,2,3,7,2.333,2.667,3.25,73,0.0274,4
3-7-2024-08,Mysuru,Missing / UDR,2024-08,3,7,24295,8,4,2,2,4,2.667,3.0,3.0,65,0.0615,6
3-7-2024-09,Mysuru,Missing / UDR,2024-09,3,7,24296,9,6,4,2,1,4.0,3.333,3.167,73,0.0822,3
3-7-2024-10,Mysuru,Missing / UDR,2024-10,3,7,24297,10,3,6,4,6,4.333,3.333,3.333,73,0.0411,1
3-7-2024-11,Mysuru,Missing / UDR,2024-11,3,7,24298,11,1,3,6,3,3.333,3.0,2.917,106,0.0094,4
3-7-2024-12,Mysuru,Missing / UDR,2024-12,3,7,24299,12,4,1,3,2,2.667,3.333,3.0,119,0.0336,6
3-7-2025-01,Mysuru,Missing / UDR,2025-01,3,7,24300,1,6,4,1,2,3.667,4.0,3.333,84,0.0714,2
3-7-2025-02,Mysuru,Missing / UDR,2025-02,3,7,24301,2,2,6,4,4,4.0,3.667,3.333,59,0.0339,3
3-7-2025-03,Mysuru,Missing / UDR,2025-03,3,7,24302,3,3,2,6,3,3.667,3.167,3.25,58,0.0517,4
3-7-2025-04,Mysuru,Missing / UDR,2025-04,3,7,24303,4,4,3,2,3,3.0,3.333,3.333,87,0.046,10
3-7-2025-05,Mysuru,Missing / UDR,2025-05,3,7,24304,5,10,4,3,2,5.667,4.833,3.917,76,0.1316,2
3-7-2025-06,Mysuru,Missing / UDR,2025-06,3,7,24305,6,2,10,4,2,5.333,4.5,3.917,70,0.0286,1
3-7-2025-07,Mysuru,Missing / UDR,2025-07,3,7,24306,7,1,2,10,4,4.333,3.667,3.833,66,0.0152,3
3-7-2025-08,Mysuru,Missing / UDR,2025-08,3,7,24307,8,3,1,2,6,2.0,3.833,3.75,67,0.0448,2
3-7-2025-09,Mysuru,Missing / UDR,2025-09,3,7,24308,9,2,3,1,3,2.0,3.667,3.417,65,0.0308,4
3-7-2025-10,Mysuru,Missing / UDR,2025-10,3,7,24309,10,4,2,3,1,3.0,3.667,3.5,65,0.0615,5
3-7-2025-11,Mysuru,Missing / UDR,2025-11,3,7,24310,11,5,4,2,4,3.667,2.833,3.833,110,0.0455,3
3-7-2025-12,Mysuru,Missing / UDR,2025-12,3,7,24311,12,3,5,4,6,4.0,3.0,3.75,109,0.0275,5
3-7-2026-01,Mysuru,Missing / UDR,2026-01,3,7,24312,1,5,3,5,2,4.333,3.667,3.667,84,0.0595,4
3-7-2026-02,Mysuru,Missing / UDR,2026-02,3,7,24313,2,4,5,3,3,4.0,3.833,3.833,141,0.0284,5
3-7-2026-03,Mysuru,Missing / UDR,2026-03,3,7,24314,3,5,4,5,4,4.667,4.333,4.0,115,0.0435,9
3-7-2026-04,Mysuru,Missing / UDR,2026-04,3,7,24315,4,9,5,4,10,6.0,5.167,4.417,159,0.0566,9
3-7-2026-05,Mysuru,Missing / UDR,2026-05,3,7,24316,5,9,9,5,2,7.667,5.833,4.333,152,0.0592,10
3-7-2026-06,Mysuru,Missing / UDR,2026-06,3,7,24317,6,10,9,9,1,9.333,7.0,5.0,141,0.0709,5
3-8-2024-02,Mysuru,Traffic / PAR,2024-02,3,8,24289,2,6,2,2,3,3.333,3.0,2.917,74,0.0811,5
3-8-2024-03,Mysuru,Traffic / PAR,2024-03,3,8,24290,3,5,6,2,3,4.333,3.833,3.083,65,0.0769,6
3-8-2024-04,Mysuru,Traffic / PAR,2024-04,3,8,24291,4,6,5,6,4,5.667,4.167,3.333,64,0.0938,7
3-8-2024-05,Mysuru,Traffic / PAR,2024-05,3,8,24292,5,7,6,5,3,6.0,4.667,3.583,79,0.0886,3
3-8-2024-06,Mysuru,Traffic / PAR,2024-06,3,8,24293,6,3,7,6,4,5.333,4.833,3.583,81,0.037,6
3-8-2024-07,Mysuru,Traffic / PAR,2024-07,3,8,24294,7,6,3,7,0,5.333,5.5,3.75,73,0.0822,7
3-8-2024-08,Mysuru,Traffic / PAR,2024-08,3,8,24295,8,7,6,3,0,5.333,5.667,4.333,65,0.1077,2
3-8-2024-09,Mysuru,Traffic / PAR,2024-09,3,8,24296,9,2,7,6,4,5.0,5.167,4.5,73,0.0274,7
3-8-2024-10,Mysuru,Traffic / PAR,2024-10,3,8,24297,10,7,2,7,4,5.333,5.333,4.75,73,0.0959,2
3-8-2024-11,Mysuru,Traffic / PAR,2024-11,3,8,24298,11,2,7,2,2,3.667,4.5,4.583,106,0.0189,7
3-8-2024-12,Mysuru,Traffic / PAR,2024-12,3,8,24299,12,7,2,7,2,5.333,5.167,5.0,119,0.0588,3
3-8-2025-01,Mysuru,Traffic / PAR,2025-01,3,8,24300,1,3,7,2,6,4.0,4.667,5.083,84,0.0357,3
3-8-2025-02,Mysuru,Traffic / PAR,2025-02,3,8,24301,2,3,3,7,5,4.333,4.0,4.833,59,0.0508,5
3-8-2025-03,Mysuru,Traffic / PAR,2025-03,3,8,24302,3,5,3,3,6,3.667,4.5,4.833,58,0.0862,6
3-8-2025-04,Mysuru,Traffic / PAR,2025-04,3,8,24303,4,6,5,3,7,4.667,4.333,4.833,87,0.069,5
3-8-2025-05,Mysuru,Traffic / PAR,2025-05,3,8,24304,5,5,6,5,3,5.333,4.833,4.667,76,0.0658,10
3-8-2025-06,Mysuru,Traffic / PAR,2025-06,3,8,24305,6,10,5,6,6,7.0,5.333,5.25,70,0.1429,4
3-8-2025-07,Mysuru,Traffic / PAR,2025-07,3,8,24306,7,4,10,5,7,6.333,5.5,5.083,66,0.0606,4
3-8-2025-08,Mysuru,Traffic / PAR,2025-08,3,8,24307,8,4,4,10,2,6.0,5.667,4.833,67,0.0597,4
3-8-2025-09,Mysuru,Traffic / PAR,2025-09,3,8,24308,9,4,4,4,7,4.0,5.5,5.0,65,0.0615,2
3-8-2025-10,Mysuru,Traffic / PAR,2025-10,3,8,24309,10,2,4,4,2,3.333,4.833,4.583,65,0.0308,6
3-8-2025-11,Mysuru,Traffic / PAR,2025-11,3,8,24310,11,6,2,4,7,4.0,5.0,4.917,110,0.0545,3
3-8-2025-12,Mysuru,Traffic / PAR,2025-12,3,8,24311,12,3,6,2,3,3.667,3.833,4.583,109,0.0275,3
3-8-2026-01,Mysuru,Traffic / PAR,2026-01,3,8,24312,1,3,3,6,3,4.0,3.667,4.583,84,0.0357,8
3-8-2026-02,Mysuru,Traffic / PAR,2026-02,3,8,24313,2,8,3,3,5,4.667,4.333,5.0,141,0.0567,3
3-8-2026-03,Mysuru,Traffic / PAR,2026-03,3,8,24314,3,3,8,3,6,4.667,4.167,4.833,115,0.0261,16
3-8-2026-04,Mysuru,Traffic / PAR,2026-04,3,8,24315,4,16,3,8,5,9.0,6.5,5.667,159,0.1006,10
3-8-2026-05,Mysuru,Traffic / PAR,2026-05,3,8,24316,5,10,16,3,10,9.667,7.167,6.083,152,0.0658,8
3-8-2026-06,Mysuru,Traffic / PAR,2026-06,3,8,24317,6,8,10,16,4,11.333,8.0,5.917,141,0.0567,5
30-1-2024-02,Uttara Kannada,Crimes Against Body,2024-02,30,1,24289,2,2,3,0,2,1.667,2.0,2.0,15,0.1333,1
30-1-2024-03,Uttara Kannada,Crimes Against Body,2024-03,30,1,24290,3,1,2,3,1,2.0,1.667,1.917,11,0.0909,2
30-1-2024-04,Uttara Kannada,Crimes Against Body,2024-04,30,1,24291,4,2,1,2,1,1.667,1.667,2.0,9,0.2222,2
30-1-2024-05,Uttara Kannada,Crimes Against Body,2024-05,30,1,24292,5,2,2,1,5,1.667,1.667,2.083,14,0.1429,0
30-1-2024-06,Uttara Kannada,Crimes Against Body,2024-06,30,1,24293,6,0,2,2,1,1.333,1.667,1.667,6,0.0,2
30-1-2024-07,Uttara Kannada,Crimes Against Body,2024-07,30,1,24294,7,2,0,2,2,1.333,1.5,1.75,14,0.1429,0
30-1-2024-08,Uttara Kannada,Crimes Against Body,2024-08,30,1,24295,8,0,2,0,3,0.667,1.167,1.583,14,0.0,0
30-1-2024-09,Uttara Kannada,Crimes Against Body,2024-09,30,1,24296,9,0,0,2,2,0.667,1.0,1.333,8,0.0,0
30-1-2024-10,Uttara Kannada,Crimes Against Body,2024-10,30,1,24297,10,0,0,0,2,0.0,0.667,1.167,10,0.0,2
30-1-2024-11,Uttara Kannada,Crimes Against Body,2024-11,30,1,24298,11,2,0,0,0,0.667,0.667,1.167,20,0.1,1
30-1-2024-12,Uttara Kannada,Crimes Against Body,2024-12,30,1,24299,12,1,2,0,3,1.0,0.833,1.25,16,0.0625,2
30-1-2025-01,Uttara Kannada,Crimes Against Body,2025-01,30,1,24300,1,2,1,2,2,1.667,0.833,1.167,20,0.1,0
30-1-2025-02,Uttara Kannada,Crimes Against Body,2025-02,30,1,24301,2,0,2,1,1,1.0,0.833,1.0,13,0.0,2
30-1-2025-03,Uttara Kannada,Crimes Against Body,2025-03,30,1,24302,3,2,0,2,2,1.333,1.167,1.083,9,0.2222,1
30-1-2025-04,Uttara Kannada,Crimes Against Body,2025-04,30,1,24303,4,1,2,0,2,1.0,1.333,1.0,9,0.1111,1
30-1-2025-05,Uttara Kannada,Crimes Against Body,2025-05,30,1,24304,5,1,1,2,0,1.333,1.167,0.917,10,0.1,3
30-1-2025-06,Uttara Kannada,Crimes Against Body,2025-06,30,1,24305,6,3,1,1,2,1.667,1.5,1.167,15,0.2,2
30-1-2025-07,Uttara Kannada,Crimes Against Body,2025-07,30,1,24306,7,2,3,1,0,2.0,1.5,1.167,10,0.2,0
30-1-2025-08,Uttara Kannada,Crimes Against Body,2025-08,30,1,24307,8,0,2,3,0,1.667,1.5,1.167,7,0.0,2
30-1-2025-09,Uttara Kannada,Crimes Against Body,2025-09,30,1,24308,9,2,0,2,0,1.333,1.5,1.333,13,0.1538,0
30-1-2025-10,Uttara Kannada,Crimes Against Body,2025-10,30,1,24309,10,0,2,0,2,0.667,1.333,1.333,10,0.0,1
30-1-2025-11,Uttara Kannada,Crimes Against Body,2025-11,30,1,24310,11,1,0,2,1,1.0,1.333,1.25,18,0.0556,3
30-1-2025-12,Uttara Kannada,Crimes Against Body,2025-12,30,1,24311,12,3,1,0,2,1.333,1.333,1.417,15,0.2,0
30-1-2026-01,Uttara Kannada,Crimes Against Body,2026-01,30,1,24312,1,0,3,1,0,1.333,1.0,1.25,5,0.0,2
30-1-2026-02,Uttara Kannada,Crimes Against Body,2026-02,30,1,24313,2,2,0,3,2,1.667,1.333,1.417,18,0.1111,1
30-1-2026-03,Uttara Kannada,Crimes Against Body,2026-03,30,1,24314,3,1,2,0,1,1.0,1.167,1.333,20,0.05,3
30-1-2026-04,Uttara Kannada,Crimes Against Body,2026-04,30,1,24315,4,3,1,2,1,2.0,1.667,1.5,29,0.1034,1
30-1-2026-05,Uttara Kannada,Crimes Against Body,2026-05,30,1,24316,5,1,3,1,3,1.667,1.667,1.5,21,0.0476,4
30-1-2026-06,Uttara Kannada,Crimes Against Body,2026-06,30,1,24317,6,4,1,3,2,2.667,1.833,1.583,20,0.2,10
30-2-2024-02,Uttara Kannada,Crimes Against Property,2024-02,30,2,24289,2,4,7,13,3,8.0,7.167,6.0,15,0.2667,6
30-2-2024-03,Uttara Kannada,Crimes Against Property,2024-03,30,2,24290,3,6,4,7,6,5.667,8.0,6.25,11,0.5455,3
30-2-2024-04,Uttara Kannada,Crimes Against Property,2024-04,30,2,24291,4,3,6,4,5,4.333,7.833,6.0,9,0.3333,5
30-2-2024-05,Uttara Kannada,Crimes Against Property,2024-05,30,2,24292,5,5,3,6,5,4.667,6.333,6.0,14,0.3571,4
30-2-2024-06,Uttara Kannada,Crimes Against Property,2024-06,30,2,24293,6,4,5,3,5,4.0,4.833,5.917,6,0.6667,3
30-2-2024-07,Uttara Kannada,Crimes Against Property,2024-07,30,2,24294,7,3,4,5,5,4.0,4.167,5.75,14,0.2143,5
30-2-2024-08,Uttara Kannada,Crimes Against Property,2024-08,30,2,24295,8,5,3,4,1,4.0,4.333,5.75,14,0.3571,6
30-2-2024-09,Uttara Kannada,Crimes Against Property,2024-09,30,2,24296,9,6,5,3,4,4.667,4.333,6.167,8,0.75,10
30-2-2024-10,Uttara Kannada,Crimes Against Property,2024-10,30,2,24297,10,10,6,5,14,7.0,5.5,6.667,10,1.0,14
30-2-2024-11,Uttara Kannada,Crimes Against Property,2024-11,30,2,24298,11,14,10,6,13,10.0,7.0,6.667,20,0.7,10
30-2-2024-12,Uttara Kannada,Crimes Against Property,2024-12,30,2,24299,12,10,14,10,7,11.333,8.0,6.417,16,0.625,11
30-2-2025-01,Uttara Kannada,Crimes Against Property,2025-01,30,2,24300,1,11,10,14,4,11.667,9.333,6.75,20,0.55,7
30-2-2025-02,Uttara Kannada,Crimes Against Property,2025-02,30,2,24301,2,7,11,10,6,9.333,9.667,7.0,13,0.5385,3
30-2-2025-03,Uttara Kannada,Crimes Against Property,2025-03,30,2,24302,3,3,7,11,3,7.0,9.167,6.75,9,0.3333,1
30-2-2025-04,Uttara Kannada,Crimes Against Property,2025-04,30,2,24303,4,1,3,7,5,3.667,7.667,6.583,9,0.1111,5
30-2-2025-05,Uttara Kannada,Crimes Against Property,2025-05,30,2,24304,5,5,1,3,4,3.0,6.167,6.583,10,0.5,4
30-2-2025-06,Uttara Kannada,Crimes Against Property,2025-06,30,2,24305,6,4,5,1,3,3.333,5.167,6.583,15,0.2667,5
30-2-2025-07,Uttara Kannada,Crimes Against Property,2025-07,30,2,24306,7,5,4,5,5,4.667,4.167,6.75,10,0.5,4
30-2-2025-08,Uttara Kannada,Crimes Against Property,2025-08,30,2,24307,8,4,5,4,6,4.333,3.667,6.667,7,0.5714,7
30-2-2025-09,Uttara Kannada,Crimes Against Property,2025-09,30,2,24308,9,7,4,5,10,5.333,4.333,6.75,13,0.5385,3
30-2-2025-10,Uttara Kannada,Crimes Against Property,2025-10,30,2,24309,10,3,7,4,14,4.667,4.667,6.167,10,0.3,12
30-2-2025-11,Uttara Kannada,Crimes Against Property,2025-11,30,2,24310,11,12,3,7,10,7.333,5.833,6.0,18,0.6667,9
30-2-2025-12,Uttara Kannada,Crimes Against Property,2025-12,30,2,24311,12,9,12,3,11,8.0,6.667,5.917,15,0.6,2
30-2-2026-01,Uttara Kannada,Crimes Against Property,2026-01,30,2,24312,1,2,9,12,7,7.667,6.167,5.167,5,0.4,9
30-2-2026-02,Uttara Kannada,Crimes Against Property,2026-02,30,2,24313,2,9,2,9,3,6.667,7.0,5.333,18,0.5,7
30-2-2026-03,Uttara Kannada,Crimes Against Property,2026-03,30,2,24314,3,7,9,2,1,6.0,7.0,5.667,20,0.35,8
30-2-2026-04,Uttara Kannada,Crimes Against Property,2026-04,30,2,24315,4,8,7,9,5,8.0,7.833,6.25,29,0.2759,12
30-2-2026-05,Uttara Kannada,Crimes Against Property,2026-05,30,2,24316,5,12,8,7,4,9.0,7.833,6.833,21,0.5714,6
30-2-2026-06,Uttara Kannada,Crimes Against Property,2026-06,30,2,24317,6,6,12,8,5,8.667,7.333,7.0,20,0.3,11
30-3-2024-04,Uttara Kannada,Crimes Against Women,2024-04,30,3,24291,4,1,0,4,1,1.667,1.0,1.0,9,0.1111,1
30-3-2024-05,Uttara Kannada,Crimes Against Women,2024-05,30,3,24292,5,1,1,0,2,0.667,1.167,1.0,14,0.0714,1
30-3-2024-06,Uttara Kannada,Crimes Against Women,2024-06,30,3,24293,6,1,1,1,0,1.0,1.333,0.917,6,0.1667,1
30-3-2024-07,Uttara Kannada,Crimes Against Women,2024-07,30,3,24294,7,1,1,1,1,1.0,1.333,1.0,14,0.0714,2
30-3-2024-08,Uttara Kannada,Crimes Against Women,2024-08,30,3,24295,8,2,1,1,0,1.333,1.0,1.083,14,0.1429,0
30-3-2024-09,Uttara Kannada,Crimes Against Women,2024-09,30,3,24296,9,0,2,1,2,1.0,1.0,1.083,8,0.0,0
30-3-2024-10,Uttara Kannada,Crimes Against Women,2024-10,30,3,24297,10,0,0,2,0,0.667,0.833,0.917,10,0.0,0
30-3-2024-11,Uttara Kannada,Crimes Against Women,2024-11,30,3,24298,11,0,0,0,0,0.0,0.667,0.917,20,0.0,0
30-3-2024-12,Uttara Kannada,Crimes Against Women,2024-12,30,3,24299,12,0,0,0,1,0.0,0.5,0.917,16,0.0,0
30-3-2025-01,Uttara Kannada,Crimes Against Women,2025-01,30,3,24300,1,0,0,0,4,0.0,0.333,0.833,20,0.0,3
30-3-2025-02,Uttara Kannada,Crimes Against Women,2025-02,30,3,24301,2,3,0,0,0,1.0,0.5,0.75,13,0.2308,0
30-3-2025-03,Uttara Kannada,Crimes Against Women,2025-03,30,3,24302,3,0,3,0,1,1.0,0.5,0.75,9,0.0,0
30-3-2025-04,Uttara Kannada,Crimes Against Women,2025-04,30,3,24303,4,0,0,3,1,1.0,0.5,0.667,9,0.0,2
30-3-2025-05,Uttara Kannada,Crimes Against Women,2025-05,30,3,24304,5,2,0,0,1,0.667,0.833,0.75,10,0.2,1
30-3-2025-06,Uttara Kannada,Crimes Against Women,2025-06,30,3,24305,6,1,2,0,1,1.0,1.0,0.75,15,0.0667,1
30-3-2025-07,Uttara Kannada,Crimes Against Women,2025-07,30,3,24306,7,1,1,2,2,1.333,1.167,0.75,10,0.1,0
30-3-2025-08,Uttara Kannada,Crimes Against Women,2025-08,30,3,24307,8,0,1,1,0,0.667,0.667,0.583,7,0.0,0
30-3-2025-09,Uttara Kannada,Crimes Against Women,2025-09,30,3,24308,9,0,0,1,0,0.333,0.667,0.583,13,0.0,3
30-3-2025-10,Uttara Kannada,Crimes Against Women,2025-10,30,3,24309,10,3,0,0,0,1.0,1.167,0.833,10,0.3,1
30-3-2025-11,Uttara Kannada,Crimes Against Women,2025-11,30,3,24310,11,1,3,0,0,1.333,1.0,0.917,18,0.0556,1
30-3-2025-12,Uttara Kannada,Crimes Against Women,2025-12,30,3,24311,12,1,1,3,0,1.667,1.0,1.0,15,0.0667,0
30-3-2026-01,Uttara Kannada,Crimes Against Women,2026-01,30,3,24312,1,0,1,1,3,0.667,0.833,1.0,5,0.0,0
30-3-2026-02,Uttara Kannada,Crimes Against Women,2026-02,30,3,24313,2,0,0,1,0,0.333,0.833,0.75,18,0.0,1
30-3-2026-03,Uttara Kannada,Crimes Against Women,2026-03,30,3,24314,3,1,0,0,0,0.333,1.0,0.833,20,0.05,5
30-3-2026-04,Uttara Kannada,Crimes Against Women,2026-04,30,3,24315,4,5,1,0,2,2.0,1.333,1.25,29,0.1724,1
30-3-2026-05,Uttara Kannada,Crimes Against Women,2026-05,30,3,24316,5,1,5,1,1,2.333,1.333,1.167,21,0.0476,2
30-3-2026-06,Uttara Kannada,Crimes Against Women,2026-06,30,3,24317,6,2,1,5,1,2.667,1.5,1.25,20,0.1,1
30-4-2024-02,Uttara Kannada,Cyber Crime,2024-02,30,4,24289,2,3,3,2,3,2.667,3.333,3.0,15,0.2,3
30-4-2024-03,Uttara Kannada,Cyber Crime,2024-03,30,4,24290,3,3,3,3,3,3.0,3.0,3.0,11,0.2727,1
30-4-2024-04,Uttara Kannada,Cyber Crime,2024-04,30,4,24291,4,1,3,3,2,2.333,2.667,2.833,9,0.1111,3
30-4-2024-05,Uttara Kannada,Cyber Crime,2024-05,30,4,24292,5,3,1,3,3,2.333,2.5,2.917,14,0.2143,1
30-4-2024-06,Uttara Kannada,Cyber Crime,2024-06,30,4,24293,6,1,3,1,2,1.667,2.333,2.75,6,0.1667,3
30-4-2024-07,Uttara Kannada,Cyber Crime,2024-07,30,4,24294,7,3,1,3,3,2.333,2.333,2.833,14,0.2143,2
30-4-2024-08,Uttara Kannada,Cyber Crime,2024-08,30,4,24295,8,2,3,1,5,2.0,2.167,2.75,14,0.1429,1
30-4-2024-09,Uttara Kannada,Cyber Crime,2024-09,30,4,24296,9,1,2,3,3,2.0,1.833,2.417,8,0.125,0
30-4-2024-10,Uttara Kannada,Cyber Crime,2024-10,30,4,24297,10,0,1,2,4,1.0,1.667,2.167,10,0.0,1
30-4-2024-11,Uttara Kannada,Cyber Crime,2024-11,30,4,24298,11,1,0,1,2,0.667,1.333,1.917,20,0.05,1
30-4-2024-12,Uttara Kannada,Cyber Crime,2024-12,30,4,24299,12,1,1,0,3,0.667,1.333,1.833,16,0.0625,1
30-4-2025-01,Uttara Kannada,Cyber Crime,2025-01,30,4,24300,1,1,1,1,3,1.0,1.0,1.667,20,0.05,0
30-4-2025-02,Uttara Kannada,Cyber Crime,2025-02,30,4,24301,2,0,1,1,3,0.667,0.667,1.417,13,0.0,1
30-4-2025-03,Uttara Kannada,Cyber Crime,2025-03,30,4,24302,3,1,0,1,1,0.667,0.667,1.25,9,0.1111,1
30-4-2025-04,Uttara Kannada,Cyber Crime,2025-04,30,4,24303,4,1,1,0,3,0.667,0.833,1.25,9,0.1111,1
30-4-2025-05,Uttara Kannada,Cyber Crime,2025-05,30,4,24304,5,1,1,1,1,1.0,0.833,1.083,10,0.1,4
30-4-2025-06,Uttara Kannada,Cyber Crime,2025-06,30,4,24305,6,4,1,1,3,2.0,1.333,1.333,15,0.2667,1
30-4-2025-07,Uttara Kannada,Cyber Crime,2025-07,30,4,24306,7,1,4,1,2,2.0,1.333,1.167,10,0.1,2
30-4-2025-08,Uttara Kannada,Cyber Crime,2025-08,30,4,24307,8,2,1,4,1,2.333,1.667,1.167,7,0.2857,1
30-4-2025-09,Uttara Kannada,Cyber Crime,2025-09,30,4,24308,9,1,2,1,0,1.333,1.667,1.167,13,0.0769,1
30-4-2025-10,Uttara Kannada,Cyber Crime,2025-10,30,4,24309,10,1,1,2,1,1.333,1.667,1.25,10,0.1,2
30-4-2025-11,Uttara Kannada,Cyber Crime,2025-11,30,4,24310,11,2,1,1,1,1.333,1.833,1.333,18,0.1111,1
30-4-2025-12,Uttara Kannada,Cyber Crime,2025-12,30,4,24311,12,1,2,1,1,1.333,1.333,1.333,15,0.0667,1
30-4-2026-01,Uttara Kannada,Cyber Crime,2026-01,30,4,24312,1,1,1,2,0,1.333,1.333,1.333,5,0.2,2
30-4-2026-02,Uttara Kannada,Cyber Crime,2026-02,30,4,24313,2,2,1,1,1,1.333,1.333,1.5,18,0.1111,3
30-4-2026-03,Uttara Kannada,Cyber Crime,2026-03,30,4,24314,3,3,2,1,1,2.0,1.667,1.667,20,0.15,7
30-4-2026-04,Uttara Kannada,Cyber Crime,2026-04,30,4,24315,4,7,3,2,1,4.0,2.667,2.167,29,0.2414,4
30-4-2026-05,Uttara Kannada,Cyber Crime,2026-05,30,4,24316,5,4,7,3,4,4.667,3.0,2.417,21,0.1905,5
30-4-2026-06,Uttara Kannada,Cyber Crime,2026-06,30,4,24317,6,5,4,7,1,5.333,3.667,2.5,20,0.25,5
30-5-2024-02,Uttara Kannada,Economic Offences,2024-02,30,5,24289,2,0,1,1,0,0.667,0.833,0.667,15,0.0,0
30-5-2024-03,Uttara Kannada,Economic Offences,2024-03,30,5,24290,3,0,0,1,1,0.333,0.833,0.667,11,0.0,2
30-5-2024-04,Uttara Kannada,Economic Offences,2024-04,30,5,24291,4,2,0,0,2,0.667,0.667,0.75,9,0.2222,2
30-5-2024-05,Uttara Kannada,Economic Offences,2024-05,30,5,24292,5,2,2,0,0,1.333,1.0,0.75,14,0.1429,0
30-5-2024-06,Uttara Kannada,Economic Offences,2024-06,30,5,24293,6,0,2,2,0,1.333,0.833,0.75,6,0.0,0
30-5-2024-07,Uttara Kannada,Economic Offences,2024-07,30,5,24294,7,0,0,2,0,0.667,0.667,0.75,14,0.0,1
30-5-2024-08,Uttara Kannada,Economic Offences,2024-08,30,5,24295,8,1,0,0,0,0.333,0.833,0.833,14,0.0714,1
30-5-2024-09,Uttara Kannada,Economic Offences,2024-09,30,5,24296,9,1,1,0,3,0.667,1.0,0.917,8,0.125,0
30-5-2024-10,Uttara Kannada,Economic Offences,2024-10,30,5,24297,10,0,1,1,0,0.667,0.667,0.667,10,0.0,1
30-5-2024-11,Uttara Kannada,Economic Offences,2024-11,30,5,24298,11,1,0,1,1,0.667,0.5,0.75,20,0.05,2
30-5-2024-12,Uttara Kannada,Economic Offences,2024-12,30,5,24299,12,2,1,0,1,1.0,0.833,0.833,16,0.125,1
30-5-2025-01,Uttara Kannada,Economic Offences,2025-01,30,5,24300,1,1,2,1,0,1.333,1.0,0.833,20,0.05,1
30-5-2025-02,Uttara Kannada,Economic Offences,2025-02,30,5,24301,2,1,1,2,0,1.333,1.0,0.917,13,0.0769,2
30-5-2025-03,Uttara Kannada,Economic Offences,2025-03,30,5,24302,3,2,1,1,2,1.333,1.167,1.083,9,0.2222,2
30-5-2025-04,Uttara Kannada,Economic Offences,2025-04,30,5,24303,4,2,2,1,2,1.667,1.5,1.083,9,0.2222,1
30-5-2025-05,Uttara Kannada,Economic Offences,2025-05,30,5,24304,5,1,2,2,0,1.667,1.5,1.0,10,0.1,1
30-5-2025-06,Uttara Kannada,Economic Offences,2025-06,30,5,24305,6,1,1,2,0,1.333,1.333,1.083,15,0.0667,0
30-5-2025-07,Uttara Kannada,Economic Offences,2025-07,30,5,24306,7,0,1,1,1,0.667,1.167,1.083,10,0.0,1
30-5-2025-08,Uttara Kannada,Economic Offences,2025-08,30,5,24307,8,1,0,1,1,0.667,1.167,1.083,7,0.1429,0
30-5-2025-09,Uttara Kannada,Economic Offences,2025-09,30,5,24308,9,0,1,0,0,0.333,0.833,1.0,13,0.0,0
30-5-2025-10,Uttara Kannada,Economic Offences,2025-10,30,5,24309,10,0,0,1,1,0.333,0.5,1.0,10,0.0,1
30-5-2025-11,Uttara Kannada,Economic Offences,2025-11,30,5,24310,11,1,0,0,2,0.333,0.5,1.0,18,0.0556,1
30-5-2025-12,Uttara Kannada,Economic Offences,2025-12,30,5,24311,12,1,1,0,1,0.667,0.5,0.917,15,0.0667,0
30-5-2026-01,Uttara Kannada,Economic Offences,2026-01,30,5,24312,1,0,1,1,1,0.667,0.5,0.833,5,0.0,2
30-5-2026-02,Uttara Kannada,Economic Offences,2026-02,30,5,24313,2,2,0,1,2,1.0,0.667,0.917,18,0.1111,5
30-5-2026-03,Uttara Kannada,Economic Offences,2026-03,30,5,24314,3,5,2,0,2,2.333,1.5,1.167,20,0.25,3
30-5-2026-04,Uttara Kannada,Economic Offences,2026-04,30,5,24315,4,3,5,2,1,3.333,2.0,1.25,29,0.1034,0
30-5-2026-05,Uttara Kannada,Economic Offences,2026-05,30,5,24316,5,0,3,5,1,2.667,1.833,1.167,21,0.0,0
30-5-2026-06,Uttara Kannada,Economic Offences,2026-06,30,5,24317,6,0,0,3,0,1.0,1.667,1.083,20,0.0,5
30-6-2024-12,Uttara Kannada,NDPS,2024-12,30,6,24299,12,1,0,0,0,0.333,0.5,0.333,16,0.0625,2
30-6-2025-01,Uttara Kannada,NDPS,2025-01,30,6,24300,1,2,1,0,1,1.0,0.5,0.5,20,0.1,0
30-6-2025-02,Uttara Kannada,NDPS,2025-02,30,6,24301,2,0,2,1,0,1.0,0.5,0.417,13,0.0,0
30-6-2025-03,Uttara Kannada,NDPS,2025-03,30,6,24302,3,0,0,2,0,0.667,0.5,0.417,9,0.0,0
30-6-2025-04,Uttara Kannada,NDPS,2025-04,30,6,24303,4,0,0,0,0,0.0,0.5,0.417,9,0.0,0
30-6-2025-05,Uttara Kannada,NDPS,2025-05,30,6,24304,5,0,0,0,0,0.0,0.5,0.417,10,0.0,1
30-6-2025-06,Uttara Kannada,NDPS,2025-06,30,6,24305,6,1,0,0,2,0.333,0.5,0.5,15,0.0667,1
30-6-2025-07,Uttara Kannada,NDPS,2025-07,30,6,24306,7,1,1,0,0,0.667,0.333,0.417,10,0.1,0
30-6-2025-08,Uttara Kannada,NDPS,2025-08,30,6,24307,8,0,1,1,0,0.667,0.333,0.417,7,0.0,1
30-6-2025-09,Uttara Kannada,NDPS,2025-09,30,6,24308,9,1,0,1,0,0.667,0.5,0.5,13,0.0769,0
30-6-2025-10,Uttara Kannada,NDPS,2025-10,30,6,24309,10,0,1,0,0,0.333,0.5,0.5,10,0.0,0
30-6-2025-11,Uttara Kannada,NDPS,2025-11,30,6,24310,11,0,0,1,1,0.333,0.5,0.5,18,0.0,0
30-6-2025-12,Uttara Kannada,NDPS,2025-12,30,6,24311,12,0,0,0,2,0.0,0.333,0.417,15,0.0,0
30-6-2026-01,Uttara Kannada,NDPS,2026-01,30,6,24312,1,0,0,0,0,0.0,0.167,0.25,5,0.0,0
30-6-2026-02,Uttara Kannada,NDPS,2026-02,30,6,24313,2,0,0,0,0,0.0,0.167,0.25,18,0.0,2
30-6-2026-03,Uttara Kannada,NDPS,2026-03,30,6,24314,3,2,0,0,0,0.667,0.333,0.417,20,0.1,1
30-6-2026-04,Uttara Kannada,NDPS,2026-04,30,6,24315,4,1,2,0,0,1.0,0.5,0.5,29,0.0345,1
30-6-2026-05,Uttara Kannada,NDPS,2026-05,30,6,24316,5,1,1,2,1,1.333,0.667,0.583,21,0.0476,1
30-6-2026-06,Uttara Kannada,NDPS,2026-06,30,6,24317,6,1,1,1,1,1.0,0.833,0.583,20,0.05,0
30-7-2024-05,Uttara Kannada,Missing / UDR,2024-05,30,7,24292,5,1,0,0,1,0.333,0.333,0.583,14,0.0714,0
30-7-2024-06,Uttara Kannada,Missing / UDR,2024-06,30,7,24293,6,0,1,0,0,0.333,0.333,0.5,6,0.0,1
30-7-2024-07,Uttara Kannada,Missing / UDR,2024-07,30,7,24294,7,1,0,1,1,0.667,0.5,0.583,14,0.0714,2
30-7-2024-08,Uttara Kannada,Missing / UDR,2024-08,30,7,24295,8,2,1,0,2,1.0,0.667,0.667,14,0.1429,0
30-7-2024-09,Uttara Kannada,Missing / UDR,2024-09,30,7,24296,9,0,2,1,1,1.0,0.667,0.5,8,0.0,0
30-7-2024-10,Uttara Kannada,Missing / UDR,2024-10,30,7,24297,10,0,0,2,0,0.667,0.667,0.417,10,0.0,1
30-7-2024-11,Uttara Kannada,Missing / UDR,2024-11,30,7,24298,11,1,0,0,0,0.333,0.667,0.5,20,0.05,0
30-7-2024-12,Uttara Kannada,Missing / UDR,2024-12,30,7,24299,12,0,1,0,0,0.333,0.667,0.5,16,0.0,1
30-7-2025-01,Uttara Kannada,Missing / UDR,2025-01,30,7,24300,1,1,0,1,1,0.667,0.667,0.583,20,0.05,2
30-7-2025-02,Uttara Kannada,Missing / UDR,2025-02,30,7,24301,2,2,1,0,0,1.0,0.667,0.667,13,0.1538,0
30-7-2025-03,Uttara Kannada,Missing / UDR,2025-03,30,7,24302,3,0,2,1,0,1.0,0.667,0.667,9,0.0,2
30-7-2025-04,Uttara Kannada,Missing / UDR,2025-04,30,7,24303,4,2,0,2,1,1.333,1.0,0.833,9,0.2222,0
30-7-2025-05,Uttara Kannada,Missing / UDR,2025-05,30,7,24304,5,0,2,0,0,0.667,0.833,0.75,10,0.0,1
30-7-2025-06,Uttara Kannada,Missing / UDR,2025-06,30,7,24305,6,1,0,2,1,1.0,1.0,0.833,15,0.0667,0
30-7-2025-07,Uttara Kannada,Missing / UDR,2025-07,30,7,24306,7,0,1,0,2,0.333,0.833,0.75,10,0.0,0
30-7-2025-08,Uttara Kannada,Missing / UDR,2025-08,30,7,24307,8,0,0,1,0,0.333,0.5,0.583,7,0.0,1
30-7-2025-09,Uttara Kannada,Missing / UDR,2025-09,30,7,24308,9,1,0,0,0,0.333,0.667,0.667,13,0.0769,2
30-7-2025-10,Uttara Kannada,Missing / UDR,2025-10,30,7,24309,10,2,1,0,1,1.0,0.667,0.833,10,0.2,0
30-7-2025-11,Uttara Kannada,Missing / UDR,2025-11,30,7,24310,11,0,2,1,0,1.0,0.667,0.75,18,0.0,0
30-7-2025-12,Uttara Kannada,Missing / UDR,2025-12,30,7,24311,12,0,0,2,1,0.667,0.5,0.75,15,0.0,1
30-7-2026-01,Uttara Kannada,Missing / UDR,2026-01,30,7,24312,1,1,0,0,2,0.333,0.667,0.75,5,0.2,2
30-7-2026-02,Uttara Kannada,Missing / UDR,2026-02,30,7,24313,2,2,1,0,0,1.0,1.0,0.75,18,0.1111,1
30-7-2026-03,Uttara Kannada,Missing / UDR,2026-03,30,7,24314,3,1,2,1,2,1.333,1.0,0.833,20,0.05,2
30-7-2026-04,Uttara Kannada,Missing / UDR,2026-04,30,7,24315,4,2,1,2,0,1.667,1.0,0.833,29,0.069,0
30-7-2026-05,Uttara Kannada,Missing / UDR,2026-05,30,7,24316,5,0,2,1,1,1.0,1.0,0.833,21,0.0,1
30-7-2026-06,Uttara Kannada,Missing / UDR,2026-06,30,7,24317,6,1,0,2,0,1.0,1.167,0.833,20,0.05,3
30-8-2024-02,Uttara Kannada,Traffic / PAR,2024-02,30,8,24289,2,0,0,0,1,0.0,0.333,0.667,15,0.0,1
30-8-2024-03,Uttara Kannada,Traffic / PAR,2024-03,30,8,24290,3,1,0,0,0,0.333,0.5,0.667,11,0.0909,0
30-8-2024-04,Uttara Kannada,Traffic / PAR,2024-04,30,8,24291,4,0,1,0,0,0.333,0.167,0.667,9,0.0,0
30-8-2024-05,Uttara Kannada,Traffic / PAR,2024-05,30,8,24292,5,0,0,1,3,0.333,0.167,0.667,14,0.0,0
30-8-2024-06,Uttara Kannada,Traffic / PAR,2024-06,30,8,24293,6,0,0,0,1,0.0,0.167,0.417,6,0.0,2
30-8-2024-07,Uttara Kannada,Traffic / PAR,2024-07,30,8,24294,7,2,0,0,1,0.667,0.5,0.5,14,0.1429,2
30-8-2024-08,Uttara Kannada,Traffic / PAR,2024-08,30,8,24295,8,2,2,0,0,1.333,0.833,0.583,14,0.1429,0
30-8-2024-09,Uttara Kannada,Traffic / PAR,2024-09,30,8,24296,9,0,2,2,2,1.333,0.667,0.583,8,0.0,0
30-8-2024-10,Uttara Kannada,Traffic / PAR,2024-10,30,8,24297,10,0,0,2,0,0.667,0.667,0.417,10,0.0,1
30-8-2024-11,Uttara Kannada,Traffic / PAR,2024-11,30,8,24298,11,1,0,0,0,0.333,0.833,0.5,20,0.05,1
30-8-2024-12,Uttara Kannada,Traffic / PAR,2024-12,30,8,24299,12,1,1,0,0,0.667,1.0,0.583,16,0.0625,2
30-8-2025-01,Uttara Kannada,Traffic / PAR,2025-01,30,8,24300,1,2,1,1,0,1.333,1.0,0.75,20,0.1,0
30-8-2025-02,Uttara Kannada,Traffic / PAR,2025-02,30,8,24301,2,0,2,1,1,1.0,0.667,0.75,13,0.0,1
30-8-2025-03,Uttara Kannada,Traffic / PAR,2025-03,30,8,24302,3,1,0,2,0,1.0,0.833,0.75,9,0.1111,2
30-8-2025-04,Uttara Kannada,Traffic / PAR,2025-04,30,8,24303,4,2,1,0,0,1.0,1.167,0.917,9,0.2222,0
30-8-2025-05,Uttara Kannada,Traffic / PAR,2025-05,30,8,24304,5,0,2,1,0,1.0,1.0,0.917,10,0.0,0
30-8-2025-06,Uttara Kannada,Traffic / PAR,2025-06,30,8,24305,6,0,0,2,2,0.667,0.833,0.917,15,0.0,0
30-8-2025-07,Uttara Kannada,Traffic / PAR,2025-07,30,8,24306,7,0,0,0,2,0.0,0.5,0.75,10,0.0,0
30-8-2025-08,Uttara Kannada,Traffic / PAR,2025-08,30,8,24307,8,0,0,0,0,0.0,0.5,0.583,7,0.0,1
30-8-2025-09,Uttara Kannada,Traffic / PAR,2025-09,30,8,24308,9,1,0,0,0,0.333,0.5,0.667,13,0.0769,1
30-8-2025-10,Uttara Kannada,Traffic / PAR,2025-10,30,8,24309,10,1,1,0,1,0.667,0.333,0.75,10,0.1,1
30-8-2025-11,Uttara Kannada,Traffic / PAR,2025-11,30,8,24310,11,1,1,1,1,1.0,0.5,0.75,18,0.0556,0
30-8-2025-12,Uttara Kannada,Traffic / PAR,2025-12,30,8,24311,12,0,1,1,2,0.667,0.5,0.667,15,0.0,1
30-8-2026-01,Uttara Kannada,Traffic / PAR,2026-01,30,8,24312,1,1,0,1,0,0.667,0.667,0.583,5,0.2,1
30-8-2026-02,Uttara Kannada,Traffic / PAR,2026-02,30,8,24313,2,1,1,0,1,0.667,0.833,0.667,18,0.0556,0
30-8-2026-03,Uttara Kannada,Traffic / PAR,2026-03,30,8,24314,3,0,1,1,2,0.667,0.667,0.583,20,0.0,0
30-8-2026-04,Uttara Kannada,Traffic / PAR,2026-04,30,8,24315,4,0,0,1,0,0.333,0.5,0.417,29,0.0,2
30-8-2026-05,Uttara Kannada,Traffic / PAR,2026-05,30,8,24316,5,2,0,0,0,0.667,0.667,0.583,21,0.0952,1
30-8-2026-06,Uttara Kannada,Traffic / PAR,2026-06,30,8,24317,6,1,2,0,0,1.0,0.833,0.667,20,0.05,3
31-1-2024-02,Dharwad,Crimes Against Body,2024-02,31,1,24289,2,1,2,2,0,1.667,1.667,1.167,11,0.0909,1
31-1-2024-03,Dharwad,Crimes Against Body,2024-03,31,1,24290,3,1,1,2,1,1.333,1.833,1.25,8,0.125,1
31-1-2024-04,Dharwad,Crimes Against Body,2024-04,31,1,24291,4,1,1,1,0,1.0,1.5,1.25,17,0.0588,1
31-1-2024-05,Dharwad,Crimes Against Body,2024-05,31,1,24292,5,1,1,1,0,1.0,1.333,1.333,12,0.0833,1
31-1-2024-06,Dharwad,Crimes Against Body,2024-06,31,1,24293,6,1,1,1,3,1.0,1.167,1.417,11,0.0909,1
31-1-2024-07,Dharwad,Crimes Against Body,2024-07,31,1,24294,7,1,1,1,0,1.0,1.0,1.25,8,0.125,1
31-1-2024-08,Dharwad,Crimes Against Body,2024-08,31,1,24295,8,1,1,1,0,1.0,1.0,1.333,7,0.1429,3
31-1-2024-09,Dharwad,Crimes Against Body,2024-09,31,1,24296,9,3,1,1,3,1.667,1.333,1.583,8,0.375,1
31-1-2024-10,Dharwad,Crimes Against Body,2024-10,31,1,24297,10,1,3,1,2,1.667,1.333,1.417,10,0.1,2
31-1-2024-11,Dharwad,Crimes Against Body,2024-11,31,1,24298,11,2,1,3,2,2.0,1.5,1.417,19,0.1053,0
31-1-2024-12,Dharwad,Crimes Against Body,2024-12,31,1,24299,12,0,2,1,2,1.0,1.333,1.25,17,0.0,2
31-1-2025-01,Dharwad,Crimes Against Body,2025-01,31,1,24300,1,2,0,2,1,1.333,1.5,1.25,17,0.1176,3
31-1-2025-02,Dharwad,Crimes Against Body,2025-02,31,1,24301,2,3,2,0,1,1.667,1.833,1.417,17,0.1765,0
31-1-2025-03,Dharwad,Crimes Against Body,2025-03,31,1,24302,3,0,3,2,1,1.667,1.333,1.333,12,0.0,0
31-1-2025-04,Dharwad,Crimes Against Body,2025-04,31,1,24303,4,0,0,3,1,1.0,1.167,1.25,4,0.0,2
31-1-2025-05,Dharwad,Crimes Against Body,2025-05,31,1,24304,5,2,0,0,1,0.667,1.167,1.333,15,0.1333,4
31-1-2025-06,Dharwad,Crimes Against Body,2025-06,31,1,24305,6,4,2,0,1,2.0,1.833,1.583,12,0.3333,0
31-1-2025-07,Dharwad,Crimes Against Body,2025-07,31,1,24306,7,0,4,2,1,2.0,1.5,1.5,7,0.0,3
31-1-2025-08,Dharwad,Crimes Against Body,2025-08,31,1,24307,8,3,0,4,3,2.333,1.5,1.667,10,0.3,0
31-1-2025-09,Dharwad,Crimes Against Body,2025-09,31,1,24308,9,0,3,0,1,1.0,1.5,1.417,14,0.0,1
31-1-2025-10,Dharwad,Crimes Against Body,2025-10,31,1,24309,10,1,0,3,2,1.333,1.667,1.417,12,0.0833,1
31-1-2025-11,Dharwad,Crimes Against Body,2025-11,31,1,24310,11,1,1,0,0,0.667,1.5,1.333,19,0.0526,1
31-1-2025-12,Dharwad,Crimes Against Body,2025-12,31,1,24311,12,1,1,1,2,1.0,1.0,1.417,19,0.0526,0
31-1-2026-01,Dharwad,Crimes Against Body,2026-01,31,1,24312,1,0,1,1,3,0.667,1.0,1.25,14,0.0,4
31-1-2026-02,Dharwad,Crimes Against Body,2026-02,31,1,24313,2,4,0,1,0,1.667,1.167,1.333,21,0.1905,7
31-1-2026-03,Dharwad,Crimes Against Body,2026-03,31,1,24314,3,7,4,0,0,3.667,2.333,1.917,18,0.3889,7
31-1-2026-04,Dharwad,Crimes Against Body,2026-04,31,1,24315,4,7,7,4,2,6.0,3.333,2.5,23,0.3043,8
31-1-2026-05,Dharwad,Crimes Against Body,2026-05,31,1,24316,5,8,7,7,4,7.333,4.5,3.0,35,0.2286,2
31-1-2026-06,Dharwad,Crimes Against Body,2026-06,31,1,24317,6,2,8,7,0,5.667,4.667,2.833,26,0.0769,4
31-2-2024-02,Dharwad,Crimes Against Property,2024-02,31,2,24289,2,3,7,6,3,5.333,5.167,4.25,11,0.2727,4
31-2-2024-03,Dharwad,Crimes Against Property,2024-03,31,2,24290,3,4,3,7,0,4.667,4.833,4.333,8,0.5,2
31-2-2024-04,Dharwad,Crimes Against Property,2024-04,31,2,24291,4,2,4,3,3,3.0,4.833,4.5,17,0.1176,7
31-2-2024-05,Dharwad,Crimes Against Property,2024-05,31,2,24292,5,7,2,4,6,4.333,4.833,4.833,12,0.5833,5
31-2-2024-06,Dharwad,Crimes Against Property,2024-06,31,2,24293,6,5,7,2,3,4.667,4.667,4.75,11,0.4545,1
31-2-2024-07,Dharwad,Crimes Against Property,2024-07,31,2,24294,7,1,5,7,5,4.333,3.667,4.583,8,0.125,2
31-2-2024-08,Dharwad,Crimes Against Property,2024-08,31,2,24295,8,2,1,5,6,2.667,3.5,4.333,7,0.2857,4
31-2-2024-09,Dharwad,Crimes Against Property,2024-09,31,2,24296,9,4,2,1,2,2.333,3.5,4.167,8,0.5,4
31-2-2024-10,Dharwad,Crimes Against Property,2024-10,31,2,24297,10,4,4,2,7,3.333,3.833,4.333,10,0.4,9
31-2-2024-11,Dharwad,Crimes Against Property,2024-11,31,2,24298,11,9,4,4,6,5.667,4.167,4.5,19,0.4737,12
31-2-2024-12,Dharwad,Crimes Against Property,2024-12,31,2,24299,12,12,9,4,7,8.333,5.333,5.0,17,0.7059,8
31-2-2025-01,Dharwad,Crimes Against Property,2025-01,31,2,24300,1,8,12,9,3,9.667,6.5,5.083,17,0.4706,6
31-2-2025-02,Dharwad,Crimes Against Property,2025-02,31,2,24301,2,6,8,12,4,8.667,7.167,5.333,17,0.3529,9
31-2-2025-03,Dharwad,Crimes Against Property,2025-03,31,2,24302,3,9,6,8,2,7.667,8.0,5.75,12,0.75,1
31-2-2025-04,Dharwad,Crimes Against Property,2025-04,31,2,24303,4,1,9,6,7,5.333,7.5,5.667,4,0.25,6
31-2-2025-05,Dharwad,Crimes Against Property,2025-05,31,2,24304,5,6,1,9,5,5.333,7.0,5.583,15,0.4,3
31-2-2025-06,Dharwad,Crimes Against Property,2025-06,31,2,24305,6,3,6,1,1,3.333,5.5,5.417,12,0.25,4
31-2-2025-07,Dharwad,Crimes Against Property,2025-07,31,2,24306,7,4,3,6,2,4.333,4.833,5.667,7,0.5714,3
31-2-2025-08,Dharwad,Crimes Against Property,2025-08,31,2,24307,8,3,4,3,4,3.333,4.333,5.75,10,0.3,6
31-2-2025-09,Dharwad,Crimes Against Property,2025-09,31,2,24308,9,6,3,4,4,4.333,3.833,5.917,14,0.4286,6
31-2-2025-10,Dharwad,Crimes Against Property,2025-10,31,2,24309,10,6,6,3,9,5.0,4.667,6.083,12,0.5,8
31-2-2025-11,Dharwad,Crimes Against Property,2025-11,31,2,24310,11,8,6,6,12,6.667,5.0,6.0,19,0.4211,14
31-2-2025-12,Dharwad,Crimes Against Property,2025-12,31,2,24311,12,14,8,6,8,9.333,6.833,6.167,19,0.7368,5
31-2-2026-01,Dharwad,Crimes Against Property,2026-01,31,2,24312,1,5,14,8,6,9.0,7.0,5.917,14,0.3571,8
31-2-2026-02,Dharwad,Crimes Against Property,2026-02,31,2,24313,2,8,5,14,9,9.0,7.833,6.083,21,0.381,5
31-2-2026-03,Dharwad,Crimes Against Property,2026-03,31,2,24314,3,5,8,5,1,6.0,7.667,5.75,18,0.2778,8
31-2-2026-04,Dharwad,Crimes Against Property,2026-04,31,2,24315,4,8,5,8,6,7.0,8.0,6.333,23,0.3478,11
31-2-2026-05,Dharwad,Crimes Against Property,2026-05,31,2,24316,5,11,8,5,3,8.0,8.5,6.75,35,0.3143,9
31-2-2026-06,Dharwad,Crimes Against Property,2026-06,31,2,24317,6,9,11,8,4,9.333,7.667,7.25,26,0.3462,7
31-3-2024-03,Dharwad,Crimes Against Women,2024-03,31,3,24290,3,1,1,0,0,0.667,0.667,0.5,8,0.125,0
31-3-2024-04,Dharwad,Crimes Against Women,2024-04,31,3,24291,4,0,1,1,1,0.667,0.667,0.5,17,0.0,0
31-3-2024-05,Dharwad,Crimes Against Women,2024-05,31,3,24292,5,0,0,1,0,0.333,0.333,0.417,12,0.0,1
31-3-2024-06,Dharwad,Crimes Against Women,2024-06,31,3,24293,6,1,0,0,0,0.333,0.5,0.5,11,0.0909,1
31-3-2024-07,Dharwad,Crimes Against Women,2024-07,31,3,24294,7,1,1,0,0,0.667,0.667,0.583,8,0.125,0
31-3-2024-08,Dharwad,Crimes Against Women,2024-08,31,3,24295,8,0,1,1,1,0.667,0.5,0.583,7,0.0,0
31-3-2024-09,Dharwad,Crimes Against Women,2024-09,31,3,24296,9,0,0,1,0,0.333,0.333,0.5,8,0.0,2
31-3-2024-10,Dharwad,Crimes Against Women,2024-10,31,3,24297,10,2,0,0,2,0.667,0.667,0.667,10,0.2,2
31-3-2024-11,Dharwad,Crimes Against Women,2024-11,31,3,24298,11,2,2,0,0,1.333,1.0,0.667,19,0.1053,1
31-3-2024-12,Dharwad,Crimes Against Women,2024-12,31,3,24299,12,1,2,2,0,1.667,1.0,0.75,17,0.0588,1
31-3-2025-01,Dharwad,Crimes Against Women,2025-01,31,3,24300,1,1,1,2,1,1.333,1.0,0.833,17,0.0588,2
31-3-2025-02,Dharwad,Crimes Against Women,2025-02,31,3,24301,2,2,1,1,1,1.333,1.333,0.917,17,0.1176,0
31-3-2025-03,Dharwad,Crimes Against Women,2025-03,31,3,24302,3,0,2,1,0,1.0,1.333,0.833,12,0.0,1
31-3-2025-04,Dharwad,Crimes Against Women,2025-04,31,3,24303,4,1,0,2,0,1.0,1.167,0.917,4,0.25,1
31-3-2025-05,Dharwad,Crimes Against Women,2025-05,31,3,24304,5,1,1,0,1,0.667,1.0,1.0,15,0.0667,1
31-3-2025-06,Dharwad,Crimes Against Women,2025-06,31,3,24305,6,1,1,1,1,1.0,1.0,1.0,12,0.0833,0
31-3-2025-07,Dharwad,Crimes Against Women,2025-07,31,3,24306,7,0,1,1,0,0.667,0.833,0.917,7,0.0,0
31-3-2025-08,Dharwad,Crimes Against Women,2025-08,31,3,24307,8,0,0,1,0,0.333,0.5,0.917,10,0.0,3
31-3-2025-09,Dharwad,Crimes Against Women,2025-09,31,3,24308,9,3,0,0,2,1.0,1.0,1.167,14,0.2143,0
31-3-2025-10,Dharwad,Crimes Against Women,2025-10,31,3,24309,10,0,3,0,2,1.0,0.833,1.0,12,0.0,3
31-3-2025-11,Dharwad,Crimes Against Women,2025-11,31,3,24310,11,3,0,3,1,2.0,1.167,1.083,19,0.1579,0
31-3-2025-12,Dharwad,Crimes Against Women,2025-12,31,3,24311,12,0,3,0,1,1.0,1.0,1.0,19,0.0,2
31-3-2026-01,Dharwad,Crimes Against Women,2026-01,31,3,24312,1,2,0,3,2,1.667,1.333,1.083,14,0.1429,0
31-3-2026-02,Dharwad,Crimes Against Women,2026-02,31,3,24313,2,0,2,0,0,0.667,1.333,0.917,21,0.0,1
31-3-2026-03,Dharwad,Crimes Against Women,2026-03,31,3,24314,3,1,0,2,1,1.0,1.0,1.0,18,0.0556,1
31-3-2026-04,Dharwad,Crimes Against Women,2026-04,31,3,24315,4,1,1,0,1,0.667,1.167,1.0,23,0.0435,3
31-3-2026-05,Dharwad,Crimes Against Women,2026-05,31,3,24316,5,3,1,1,1,1.667,1.167,1.167,35,0.0857,0
31-3-2026-06,Dharwad,Crimes Against Women,2026-06,31,3,24317,6,0,3,1,0,1.333,1.167,1.083,26,0.0,3
31-4-2024-02,Dharwad,Cyber Crime,2024-02,31,4,24289,2,3,1,2,1,2.0,2.667,2.333,11,0.2727,2
31-4-2024-03,Dharwad,Cyber Crime,2024-03,31,4,24290,3,2,3,1,1,2.0,2.0,2.417,8,0.25,9
31-4-2024-04,Dharwad,Cyber Crime,2024-04,31,4,24291,4,9,2,3,2,4.667,3.0,3.083,17,0.5294,2
31-4-2024-05,Dharwad,Cyber Crime,2024-05,31,4,24292,5,2,9,2,4,4.333,3.167,3.083,12,0.1667,2
31-4-2024-06,Dharwad,Cyber Crime,2024-06,31,4,24293,6,2,2,9,2,4.333,3.167,2.917,11,0.1818,3
31-4-2024-07,Dharwad,Cyber Crime,2024-07,31,4,24294,7,3,2,2,2,2.333,3.5,3.0,8,0.375,2
31-4-2024-08,Dharwad,Cyber Crime,2024-08,31,4,24295,8,2,3,2,6,2.333,3.333,3.0,7,0.2857,1
31-4-2024-09,Dharwad,Cyber Crime,2024-09,31,4,24296,9,1,2,3,3,2.0,3.167,2.583,8,0.125,1
31-4-2024-10,Dharwad,Cyber Crime,2024-10,31,4,24297,10,1,1,2,1,1.333,1.833,2.417,10,0.1,2
31-4-2024-11,Dharwad,Cyber Crime,2024-11,31,4,24298,11,2,1,1,2,1.333,1.833,2.5,19,0.1053,3
31-4-2024-12,Dharwad,Cyber Crime,2024-12,31,4,24299,12,3,2,1,1,2.0,2.0,2.583,17,0.1765,2
31-4-2025-01,Dharwad,Cyber Crime,2025-01,31,4,24300,1,2,3,2,3,2.333,1.833,2.667,17,0.1176,2
31-4-2025-02,Dharwad,Cyber Crime,2025-02,31,4,24301,2,2,2,3,2,2.333,1.833,2.583,17,0.1176,0
31-4-2025-03,Dharwad,Cyber Crime,2025-03,31,4,24302,3,0,2,2,9,1.333,1.667,2.417,12,0.0,0
31-4-2025-04,Dharwad,Cyber Crime,2025-04,31,4,24303,4,0,0,2,2,0.667,1.5,1.667,4,0.0,2
31-4-2025-05,Dharwad,Cyber Crime,2025-05,31,4,24304,5,2,0,0,2,0.667,1.5,1.667,15,0.1333,1
31-4-2025-06,Dharwad,Cyber Crime,2025-06,31,4,24305,6,1,2,0,3,1.0,1.167,1.583,12,0.0833,1
31-4-2025-07,Dharwad,Cyber Crime,2025-07,31,4,24306,7,1,1,2,2,1.333,1.0,1.417,7,0.1429,1
31-4-2025-08,Dharwad,Cyber Crime,2025-08,31,4,24307,8,1,1,1,1,1.0,0.833,1.333,10,0.1,3
31-4-2025-09,Dharwad,Cyber Crime,2025-09,31,4,24308,9,3,1,1,1,1.667,1.333,1.5,14,0.2143,4
31-4-2025-10,Dharwad,Cyber Crime,2025-10,31,4,24309,10,4,3,1,2,2.667,2.0,1.75,12,0.3333,3
31-4-2025-11,Dharwad,Cyber Crime,2025-11,31,4,24310,11,3,4,3,3,3.333,2.167,1.833,19,0.1579,1
31-4-2025-12,Dharwad,Cyber Crime,2025-12,31,4,24311,12,1,3,4,2,2.667,2.167,1.667,19,0.0526,5
31-4-2026-01,Dharwad,Cyber Crime,2026-01,31,4,24312,1,5,1,3,2,3.0,2.833,1.917,14,0.3571,3
31-4-2026-02,Dharwad,Cyber Crime,2026-02,31,4,24313,2,3,5,1,0,3.0,3.167,2.0,21,0.1429,2
31-4-2026-03,Dharwad,Cyber Crime,2026-03,31,4,24314,3,2,3,5,0,3.333,3.0,2.167,18,0.1111,2
31-4-2026-04,Dharwad,Cyber Crime,2026-04,31,4,24315,4,2,2,3,2,2.333,2.667,2.333,23,0.087,4
31-4-2026-05,Dharwad,Cyber Crime,2026-05,31,4,24316,5,4,2,2,1,2.667,2.833,2.5,35,0.1143,6
31-4-2026-06,Dharwad,Cyber Crime,2026-06,31,4,24317,6,6,4,2,1,4.0,3.667,2.917,26,0.2308,2
31-5-2024-02,Dharwad,Economic Offences,2024-02,31,5,24289,2,1,0,2,1,1.0,1.0,0.833,11,0.0909,0
31-5-2024-03,Dharwad,Economic Offences,2024-03,31,5,24290,3,0,1,0,2,0.333,0.667,0.75,8,0.0,1
31-5-2024-04,Dharwad,Economic Offences,2024-04,31,5,24291,4,1,0,1,0,0.667,0.833,0.667,17,0.0588,0
31-5-2024-05,Dharwad,Economic Offences,2024-05,31,5,24292,5,0,1,0,0,0.333,0.667,0.667,12,0.0,1
31-5-2024-06,Dharwad,Economic Offences,2024-06,31,5,24293,6,1,0,1,0,0.667,0.5,0.75,11,0.0909,0
31-5-2024-07,Dharwad,Economic Offences,2024-07,31,5,24294,7,0,1,0,1,0.333,0.5,0.75,8,0.0,1
31-5-2024-08,Dharwad,Economic Offences,2024-08,31,5,24295,8,1,0,1,2,0.667,0.5,0.75,7,0.1429,0
31-5-2024-09,Dharwad,Economic Offences,2024-09,31,5,24296,9,0,1,0,0,0.333,0.5,0.583,8,0.0,1
31-5-2024-10,Dharwad,Economic Offences,2024-10,31,5,24297,10,1,0,1,1,0.667,0.5,0.667,10,0.1,2
31-5-2024-11,Dharwad,Economic Offences,2024-11,31,5,24298,11,2,1,0,2,1.0,0.833,0.75,19,0.1053,0
31-5-2024-12,Dharwad,Economic Offences,2024-12,31,5,24299,12,0,2,1,0,1.0,0.667,0.583,17,0.0,0
31-5-2025-01,Dharwad,Economic Offences,2025-01,31,5,24300,1,0,0,2,1,0.667,0.667,0.583,17,0.0,2
31-5-2025-02,Dharwad,Economic Offences,2025-02,31,5,24301,2,2,0,0,0,0.667,0.833,0.667,17,0.1176,1
31-5-2025-03,Dharwad,Economic Offences,2025-03,31,5,24302,3,1,2,0,1,1.0,1.0,0.75,12,0.0833,0
31-5-2025-04,Dharwad,Economic Offences,2025-04,31,5,24303,4,0,1,2,0,1.0,0.833,0.667,4,0.0,2
31-5-2025-05,Dharwad,Economic Offences,2025-05,31,5,24304,5,2,0,1,1,1.0,0.833,0.833,15,0.1333,1
31-5-2025-06,Dharwad,Economic Offences,2025-06,31,5,24305,6,1,2,0,0,1.0,1.0,0.833,12,0.0833,0
31-5-2025-07,Dharwad,Economic Offences,2025-07,31,5,24306,7,0,1,2,1,1.0,1.0,0.833,7,0.0,0
31-5-2025-08,Dharwad,Economic Offences,2025-08,31,5,24307,8,0,0,1,0,0.333,0.667,0.75,10,0.0,1
31-5-2025-09,Dharwad,Economic Offences,2025-09,31,5,24308,9,1,0,0,1,0.333,0.667,0.833,14,0.0714,1
31-5-2025-10,Dharwad,Economic Offences,2025-10,31,5,24309,10,1,1,0,2,0.667,0.833,0.833,12,0.0833,2
31-5-2025-11,Dharwad,Economic Offences,2025-11,31,5,24310,11,2,1,1,0,1.333,0.833,0.833,19,0.1053,2
31-5-2025-12,Dharwad,Economic Offences,2025-12,31,5,24311,12,2,2,1,0,1.667,1.0,1.0,19,0.1053,0
31-5-2026-01,Dharwad,Economic Offences,2026-01,31,5,24312,1,0,2,2,2,1.333,1.0,1.0,14,0.0,3
31-5-2026-02,Dharwad,Economic Offences,2026-02,31,5,24313,2,3,0,2,1,1.667,1.5,1.083,21,0.1429,0
31-5-2026-03,Dharwad,Economic Offences,2026-03,31,5,24314,3,0,3,0,0,1.0,1.333,1.0,18,0.0,0
31-5-2026-04,Dharwad,Economic Offences,2026-04,31,5,24315,4,0,0,3,2,1.0,1.167,1.0,23,0.0,3
31-5-2026-05,Dharwad,Economic Offences,2026-05,31,5,24316,5,3,0,0,1,1.0,1.333,1.083,35,0.0857,5
31-5-2026-06,Dharwad,Economic Offences,2026-06,31,5,24317,6,5,3,0,0,2.667,1.833,1.417,26,0.1923,2
31-6-2024-07,Dharwad,NDPS,2024-07,31,6,24294,7,0,0,0,1,0.0,0.0,0.167,8,0.0,1
31-6-2024-08,Dharwad,NDPS,2024-08,31,6,24295,8,1,0,0,0,0.333,0.167,0.167,7,0.1429,0
31-6-2024-09,Dharwad,NDPS,2024-09,31,6,24296,9,0,1,0,0,0.333,0.167,0.167,8,0.0,0
31-6-2024-10,Dharwad,NDPS,2024-10,31,6,24297,10,0,0,1,1,0.333,0.167,0.167,10,0.0,1
31-6-2024-11,Dharwad,NDPS,2024-11,31,6,24298,11,1,0,0,0,0.333,0.333,0.167,19,0.0526,0
31-6-2024-12,Dharwad,NDPS,2024-12,31,6,24299,12,0,1,0,0,0.333,0.333,0.167,17,0.0,1
31-6-2025-01,Dharwad,NDPS,2025-01,31,6,24300,1,1,0,1,0,0.667,0.5,0.25,17,0.0588,0
31-6-2025-02,Dharwad,NDPS,2025-02,31,6,24301,2,0,1,0,0,0.333,0.333,0.25,17,0.0,1
31-6-2025-03,Dharwad,NDPS,2025-03,31,6,24302,3,1,0,1,0,0.667,0.5,0.333,12,0.0833,1
31-6-2025-04,Dharwad,NDPS,2025-04,31,6,24303,4,1,1,0,0,0.667,0.667,0.417,4,0.25,0
31-6-2025-05,Dharwad,NDPS,2025-05,31,6,24304,5,0,1,1,0,0.667,0.5,0.417,15,0.0,1
31-6-2025-06,Dharwad,NDPS,2025-06,31,6,24305,6,1,0,1,0,0.667,0.667,0.5,12,0.0833,1
31-6-2025-07,Dharwad,NDPS,2025-07,31,6,24306,7,1,1,0,1,0.667,0.667,0.583,7,0.1429,0
31-6-2025-08,Dharwad,NDPS,2025-08,31,6,24307,8,0,1,1,0,0.667,0.667,0.5,10,0.0,0
31-6-2025-09,Dharwad,NDPS,2025-09,31,6,24308,9,0,0,1,0,0.333,0.5,0.5,14,0.0,0
31-6-2025-10,Dharwad,NDPS,2025-10,31,6,24309,10,0,0,0,1,0.0,0.333,0.5,12,0.0,0
31-6-2025-11,Dharwad,NDPS,2025-11,31,6,24310,11,0,0,0,0,0.0,0.333,0.417,19,0.0,0
31-6-2025-12,Dharwad,NDPS,2025-12,31,6,24311,12,0,0,0,1,0.0,0.167,0.417,19,0.0,0
31-6-2026-01,Dharwad,NDPS,2026-01,31,6,24312,1,0,0,0,0,0.0,0.0,0.333,14,0.0,1
31-6-2026-02,Dharwad,NDPS,2026-02,31,6,24313,2,1,0,0,1,0.333,0.167,0.417,21,0.0476,0
31-6-2026-03,Dharwad,NDPS,2026-03,31,6,24314,3,0,1,0,1,0.333,0.167,0.333,18,0.0,1
31-6-2026-04,Dharwad,NDPS,2026-04,31,6,24315,4,1,0,1,0,0.667,0.333,0.333,23,0.0435,2
31-6-2026-05,Dharwad,NDPS,2026-05,31,6,24316,5,2,1,0,1,1.0,0.667,0.5,35,0.0571,1
31-6-2026-06,Dharwad,NDPS,2026-06,31,6,24317,6,1,2,1,1,1.333,0.833,0.5,26,0.0385,0
31-7-2024-02,Dharwad,Missing / UDR,2024-02,31,7,24289,2,2,0,1,0,1.0,1.0,0.667,11,0.1818,0
31-7-2024-03,Dharwad,Missing / UDR,2024-03,31,7,24290,3,0,2,0,0,0.667,0.667,0.667,8,0.0,2
31-7-2024-04,Dharwad,Missing / UDR,2024-04,31,7,24291,4,2,0,2,1,1.333,1.0,0.833,17,0.1176,0
31-7-2024-05,Dharwad,Missing / UDR,2024-05,31,7,24292,5,0,2,0,1,0.667,0.833,0.75,12,0.0,1
31-7-2024-06,Dharwad,Missing / UDR,2024-06,31,7,24293,6,1,0,2,0,1.0,0.833,0.75,11,0.0909,1
31-7-2024-07,Dharwad,Missing / UDR,2024-07,31,7,24294,7,1,1,0,0,0.667,1.0,0.833,8,0.125,0
31-7-2024-08,Dharwad,Missing / UDR,2024-08,31,7,24295,8,0,1,1,2,0.667,0.667,0.833,7,0.0,0
31-7-2024-09,Dharwad,Missing / UDR,2024-09,31,7,24296,9,0,0,1,0,0.333,0.667,0.667,8,0.0,0
31-7-2024-10,Dharwad,Missing / UDR,2024-10,31,7,24297,10,0,0,0,1,0.0,0.333,0.667,10,0.0,1
31-7-2024-11,Dharwad,Missing / UDR,2024-11,31,7,24298,11,1,0,0,1,0.333,0.5,0.667,19,0.0526,0
31-7-2024-12,Dharwad,Missing / UDR,2024-12,31,7,24299,12,0,1,0,0,0.333,0.333,0.583,17,0.0,0
31-7-2025-01,Dharwad,Missing / UDR,2025-01,31,7,24300,1,0,0,1,2,0.333,0.167,0.583,17,0.0,0
31-7-2025-02,Dharwad,Missing / UDR,2025-02,31,7,24301,2,0,0,0,0,0.0,0.167,0.417,17,0.0,1
31-7-2025-03,Dharwad,Missing / UDR,2025-03,31,7,24302,3,1,0,0,2,0.333,0.333,0.5,12,0.0833,0
31-7-2025-04,Dharwad,Missing / UDR,2025-04,31,7,24303,4,0,1,0,0,0.333,0.333,0.333,4,0.0,1
31-7-2025-05,Dharwad,Missing / UDR,2025-05,31,7,24304,5,1,0,1,1,0.667,0.333,0.417,15,0.0667,1
31-7-2025-06,Dharwad,Missing / UDR,2025-06,31,7,24305,6,1,1,0,1,0.667,0.5,0.417,12,0.0833,1
31-7-2025-07,Dharwad,Missing / UDR,2025-07,31,7,24306,7,1,1,1,0,1.0,0.667,0.417,7,0.1429,1
31-7-2025-08,Dharwad,Missing / UDR,2025-08,31,7,24307,8,1,1,1,0,1.0,0.833,0.5,10,0.1,1
31-7-2025-09,Dharwad,Missing / UDR,2025-09,31,7,24308,9,1,1,1,0,1.0,0.833,0.583,14,0.0714,0
31-7-2025-10,Dharwad,Missing / UDR,2025-10,31,7,24309,10,0,1,1,1,0.667,0.833,0.583,12,0.0,1
31-7-2025-11,Dharwad,Missing / UDR,2025-11,31,7,24310,11,1,0,1,0,0.667,0.833,0.583,19,0.0526,1
31-7-2025-12,Dharwad,Missing / UDR,2025-12,31,7,24311,12,1,1,0,0,0.667,0.833,0.667,19,0.0526,1
31-7-2026-01,Dharwad,Missing / UDR,2026-01,31,7,24312,1,1,1,1,0,1.0,0.833,0.75,14,0.0714,1
31-7-2026-02,Dharwad,Missing / UDR,2026-02,31,7,24313,2,1,1,1,1,1.0,0.833,0.833,21,0.0476,2
31-7-2026-03,Dharwad,Missing / UDR,2026-03,31,7,24314,3,2,1,1,0,1.333,1.0,0.917,18,0.1111,1
31-7-2026-04,Dharwad,Missing / UDR,2026-04,31,7,24315,4,1,2,1,1,1.333,1.167,1.0,23,0.0435,3
31-7-2026-05,Dharwad,Missing / UDR,2026-05,31,7,24316,5,3,1,2,1,2.0,1.5,1.167,35,0.0857,3
31-7-2026-06,Dharwad,Missing / UDR,2026-06,31,7,24317,6,3,3,1,1,2.333,1.833,1.333,26,0.1154,0
31-8-2024-03,Dharwad,Traffic / PAR,2024-03,31,8,24290,3,0,0,0,0,0.0,0.667,0.5,8,0.0,2
31-8-2024-04,Dharwad,Traffic / PAR,2024-04,31,8,24291,4,2,0,0,1,0.667,1.0,0.667,17,0.1176,2
31-8-2024-05,Dharwad,Traffic / PAR,2024-05,31,8,24292,5,2,2,0,1,1.333,0.667,0.75,12,0.1667,0
31-8-2024-06,Dharwad,Traffic / PAR,2024-06,31,8,24293,6,0,2,2,0,1.333,0.667,0.667,11,0.0,1
31-8-2024-07,Dharwad,Traffic / PAR,2024-07,31,8,24294,7,1,0,2,0,1.0,0.833,0.75,8,0.125,0
31-8-2024-08,Dharwad,Traffic / PAR,2024-08,31,8,24295,8,0,1,0,0,0.333,0.833,0.75,7,0.0,0
31-8-2024-09,Dharwad,Traffic / PAR,2024-09,31,8,24296,9,0,0,1,0,0.333,0.833,0.75,8,0.0,1
31-8-2024-10,Dharwad,Traffic / PAR,2024-10,31,8,24297,10,1,0,0,4,0.333,0.667,0.833,10,0.1,0
31-8-2024-11,Dharwad,Traffic / PAR,2024-11,31,8,24298,11,0,1,0,0,0.333,0.333,0.5,19,0.0,1
31-8-2024-12,Dharwad,Traffic / PAR,2024-12,31,8,24299,12,1,0,1,0,0.667,0.5,0.583,17,0.0588,3
31-8-2025-01,Dharwad,Traffic / PAR,2025-01,31,8,24300,1,3,1,0,0,1.333,0.833,0.833,17,0.1765,2
31-8-2025-02,Dharwad,Traffic / PAR,2025-02,31,8,24301,2,2,3,1,0,2.0,1.167,1.0,17,0.1176,0
31-8-2025-03,Dharwad,Traffic / PAR,2025-03,31,8,24302,3,0,2,3,2,1.667,1.167,1.0,12,0.0,1
31-8-2025-04,Dharwad,Traffic / PAR,2025-04,31,8,24303,4,1,0,2,2,1.0,1.167,0.917,4,0.25,1
31-8-2025-05,Dharwad,Traffic / PAR,2025-05,31,8,24304,5,1,1,0,0,0.667,1.333,0.833,15,0.0667,0
31-8-2025-06,Dharwad,Traffic / PAR,2025-06,31,8,24305,6,0,1,1,1,0.667,1.167,0.833,12,0.0,0
31-8-2025-07,Dharwad,Traffic / PAR,2025-07,31,8,24306,7,0,0,1,0,0.333,0.667,0.75,7,0.0,2
31-8-2025-08,Dharwad,Traffic / PAR,2025-08,31,8,24307,8,2,0,0,0,0.667,0.667,0.917,10,0.2,0
31-8-2025-09,Dharwad,Traffic / PAR,2025-09,31,8,24308,9,0,2,0,1,0.667,0.667,0.917,14,0.0,0
31-8-2025-10,Dharwad,Traffic / PAR,2025-10,31,8,24309,10,0,0,2,0,0.667,0.5,0.833,12,0.0,1
31-8-2025-11,Dharwad,Traffic / PAR,2025-11,31,8,24310,11,1,0,0,1,0.333,0.5,0.917,19,0.0526,0
31-8-2025-12,Dharwad,Traffic / PAR,2025-12,31,8,24311,12,0,1,0,3,0.333,0.5,0.833,19,0.0,1
31-8-2026-01,Dharwad,Traffic / PAR,2026-01,31,8,24312,1,1,0,1,2,0.667,0.667,0.667,14,0.0714,1
31-8-2026-02,Dharwad,Traffic / PAR,2026-02,31,8,24313,2,1,1,0,0,0.667,0.5,0.583,21,0.0476,1
31-8-2026-03,Dharwad,Traffic / PAR,2026-03,31,8,24314,3,1,1,1,1,1.0,0.667,0.667,18,0.0556,3
31-8-2026-04,Dharwad,Traffic / PAR,2026-04,31,8,24315,4,3,1,1,1,1.667,1.167,0.833,23,0.1304,1
31-8-2026-05,Dharwad,Traffic / PAR,2026-05,31,8,24316,5,1,3,1,0,1.667,1.167,0.833,35,0.0286,0
31-8-2026-06,Dharwad,Traffic / PAR,2026-06,31,8,24317,6,0,1,3,0,1.333,1.167,0.833,26,0.0,4
4-1-2024-02,Dakshina Kannada,Crimes Against Body,2024-02,4,1,24289,2,7,9,5,5,7.0,7.667,7.75,55,0.1273,9
4-1-2024-03,Dakshina Kannada,Crimes Against Body,2024-03,4,1,24290,3,9,7,9,8,8.333,8.333,8.083,49,0.1837,12
4-1-2024-04,Dakshina Kannada,Crimes Against Body,2024-04,4,1,24291,4,12,9,7,8,9.333,8.833,8.417,54,0.2222,9
4-1-2024-05,Dakshina Kannada,Crimes Against Body,2024-05,4,1,24292,5,9,12,9,11,10.0,8.5,8.5,52,0.1731,5
4-1-2024-06,Dakshina Kannada,Crimes Against Body,2024-06,4,1,24293,6,5,9,12,8,8.667,8.5,8.0,62,0.0806,7
4-1-2024-07,Dakshina Kannada,Crimes Against Body,2024-07,4,1,24294,7,7,5,9,7,7.0,8.167,7.917,44,0.1591,6
4-1-2024-08,Dakshina Kannada,Crimes Against Body,2024-08,4,1,24295,8,6,7,5,5,6.0,8.0,7.833,51,0.1176,10
4-1-2024-09,Dakshina Kannada,Crimes Against Body,2024-09,4,1,24296,9,10,6,7,9,7.667,8.167,8.25,68,0.1471,5
4-1-2024-10,Dakshina Kannada,Crimes Against Body,2024-10,4,1,24297,10,5,10,6,11,7.0,7.0,7.917,49,0.102,5
4-1-2024-11,Dakshina Kannada,Crimes Against Body,2024-11,4,1,24298,11,5,5,10,5,6.667,6.333,7.417,78,0.0641,9
4-1-2024-12,Dakshina Kannada,Crimes Against Body,2024-12,4,1,24299,12,9,5,5,9,6.333,7.0,7.75,82,0.1098,7
4-1-2025-01,Dakshina Kannada,Crimes Against Body,2025-01,4,1,24300,1,7,9,5,7,7.0,7.0,7.583,68,0.1029,6
4-1-2025-02,Dakshina Kannada,Crimes Against Body,2025-02,4,1,24301,2,6,7,9,9,7.333,7.0,7.5,68,0.0882,8
4-1-2025-03,Dakshina Kannada,Crimes Against Body,2025-03,4,1,24302,3,8,6,7,12,7.0,6.667,7.417,53,0.1509,6
4-1-2025-04,Dakshina Kannada,Crimes Against Body,2025-04,4,1,24303,4,6,8,6,9,6.667,6.833,6.917,67,0.0896,6
4-1-2025-05,Dakshina Kannada,Crimes Against Body,2025-05,4,1,24304,5,6,6,8,5,6.667,7.0,6.667,51,0.1176,12
4-1-2025-06,Dakshina Kannada,Crimes Against Body,2025-06,4,1,24305,6,12,6,6,7,8.0,7.5,7.25,81,0.1481,12
4-1-2025-07,Dakshina Kannada,Crimes Against Body,2025-07,4,1,24306,7,12,12,6,6,10.0,8.333,7.667,62,0.1935,6
4-1-2025-08,Dakshina Kannada,Crimes Against Body,2025-08,4,1,24307,8,6,12,12,10,10.0,8.333,7.667,50,0.12,12
4-1-2025-09,Dakshina Kannada,Crimes Against Body,2025-09,4,1,24308,9,12,6,12,5,10.0,9.0,7.833,70,0.1714,10
4-1-2025-10,Dakshina Kannada,Crimes Against Body,2025-10,4,1,24309,10,10,12,6,5,9.333,9.667,8.25,57,0.1754,8
4-1-2025-11,Dakshina Kannada,Crimes Against Body,2025-11,4,1,24310,11,8,10,12,9,10.0,10.0,8.5,79,0.1013,4
4-1-2025-12,Dakshina Kannada,Crimes Against Body,2025-12,4,1,24311,12,4,8,10,7,7.333,8.667,8.083,74,0.0541,6
4-1-2026-01,Dakshina Kannada,Crimes Against Body,2026-01,4,1,24312,1,6,4,8,6,6.0,7.667,8.0,53,0.1132,19
4-1-2026-02,Dakshina Kannada,Crimes Against Body,2026-02,4,1,24313,2,19,6,4,8,9.667,9.833,9.083,103,0.1845,13
4-1-2026-03,Dakshina Kannada,Crimes Against Body,2026-03,4,1,24314,3,13,19,6,6,12.667,10.0,9.5,103,0.1262,20
4-1-2026-04,Dakshina Kannada,Crimes Against Body,2026-04,4,1,24315,4,20,13,19,6,17.333,11.667,10.667,118,0.1695,25
4-1-2026-05,Dakshina Kannada,Crimes Against Body,2026-05,4,1,24316,5,25,20,13,12,19.333,14.5,12.25,121,0.2066,21
4-1-2026-06,Dakshina Kannada,Crimes Against Body,2026-06,4,1,24317,6,21,25,20,12,22.0,17.333,13.0,118,0.178,20
4-2-2024-02,Dakshina Kannada,Crimes Against Property,2024-02,4,2,24289,2,23,17,54,10,31.333,31.5,24.417,55,0.4182,17
4-2-2024-03,Dakshina Kannada,Crimes Against Property,2024-03,4,2,24290,3,17,23,17,19,19.0,31.5,25.0,49,0.3469,18
4-2-2024-04,Dakshina Kannada,Crimes Against Property,2024-04,4,2,24291,4,18,17,23,23,19.333,30.5,24.917,54,0.3333,18
4-2-2024-05,Dakshina Kannada,Crimes Against Property,2024-05,4,2,24292,5,18,18,17,20,17.667,24.5,24.5,52,0.3462,22
4-2-2024-06,Dakshina Kannada,Crimes Against Property,2024-06,4,2,24293,6,22,18,18,13,19.333,19.167,24.667,62,0.3548,16
4-2-2024-07,Dakshina Kannada,Crimes Against Property,2024-07,4,2,24294,7,16,22,18,19,18.667,19.0,24.917,44,0.3636,23
4-2-2024-08,Dakshina Kannada,Crimes Against Property,2024-08,4,2,24295,8,23,16,22,17,20.333,19.0,25.25,51,0.451,29
4-2-2024-09,Dakshina Kannada,Crimes Against Property,2024-09,4,2,24296,9,29,23,16,24,22.667,21.0,26.25,68,0.4265,17
4-2-2024-10,Dakshina Kannada,Crimes Against Property,2024-10,4,2,24297,10,17,29,23,54,23.0,20.833,25.667,49,0.3469,50
4-2-2024-11,Dakshina Kannada,Crimes Against Property,2024-11,4,2,24298,11,50,17,29,54,32.0,26.167,25.333,78,0.641,44
4-2-2024-12,Dakshina Kannada,Crimes Against Property,2024-12,4,2,24299,12,44,50,17,17,37.0,29.833,24.5,82,0.5366,36
4-2-2025-01,Dakshina Kannada,Crimes Against Property,2025-01,4,2,24300,1,36,44,50,23,43.333,33.167,26.083,68,0.5294,26
4-2-2025-02,Dakshina Kannada,Crimes Against Property,2025-02,4,2,24301,2,26,36,44,17,35.333,33.667,26.333,68,0.3824,18
4-2-2025-03,Dakshina Kannada,Crimes Against Property,2025-03,4,2,24302,3,18,26,36,18,26.667,31.833,26.417,53,0.3396,26
4-2-2025-04,Dakshina Kannada,Crimes Against Property,2025-04,4,2,24303,4,26,18,26,18,23.333,33.333,27.083,67,0.3881,22
4-2-2025-05,Dakshina Kannada,Crimes Against Property,2025-05,4,2,24304,5,22,26,18,22,22.0,28.667,27.417,51,0.4314,25
4-2-2025-06,Dakshina Kannada,Crimes Against Property,2025-06,4,2,24305,6,25,22,26,16,24.333,25.5,27.667,81,0.3086,22
4-2-2025-07,Dakshina Kannada,Crimes Against Property,2025-07,4,2,24306,7,22,25,22,23,23.0,23.167,28.167,62,0.3548,22
4-2-2025-08,Dakshina Kannada,Crimes Against Property,2025-08,4,2,24307,8,22,22,25,29,23.0,22.5,28.083,50,0.44,21
4-2-2025-09,Dakshina Kannada,Crimes Against Property,2025-09,4,2,24308,9,21,22,22,17,21.667,23.0,27.417,70,0.3,21
4-2-2025-10,Dakshina Kannada,Crimes Against Property,2025-10,4,2,24309,10,21,21,22,50,21.333,22.167,27.75,57,0.3684,52
4-2-2025-11,Dakshina Kannada,Crimes Against Property,2025-11,4,2,24310,11,52,21,21,44,31.333,27.167,27.917,79,0.6582,51
4-2-2025-12,Dakshina Kannada,Crimes Against Property,2025-12,4,2,24311,12,51,52,21,36,41.333,31.5,28.5,74,0.6892,21
4-2-2026-01,Dakshina Kannada,Crimes Against Property,2026-01,4,2,24312,1,21,51,52,26,41.333,31.333,27.25,53,0.3962,33
4-2-2026-02,Dakshina Kannada,Crimes Against Property,2026-02,4,2,24313,2,33,21,51,18,35.0,33.167,27.833,103,0.3204,40
4-2-2026-03,Dakshina Kannada,Crimes Against Property,2026-03,4,2,24314,3,40,33,21,26,31.333,36.333,29.667,103,0.3883,41
4-2-2026-04,Dakshina Kannada,Crimes Against Property,2026-04,4,2,24315,4,41,40,33,22,38.0,39.667,30.917,118,0.3475,40
4-2-2026-05,Dakshina Kannada,Crimes Against Property,2026-05,4,2,24316,5,40,41,40,25,40.333,37.667,32.417,121,0.3306,51
4-2-2026-06,Dakshina Kannada,Crimes Against Property,2026-06,4,2,24317,6,51,40,41,22,44.0,37.667,34.583,118,0.4322,37
4-3-2024-02,Dakshina Kannada,Crimes Against Women,2024-02,4,3,24289,2,5,4,1,1,3.333,3.833,3.917,55,0.0909,2
4-3-2024-03,Dakshina Kannada,Crimes Against Women,2024-03,4,3,24290,3,2,5,4,7,3.667,3.667,4.0,49,0.0408,5
4-3-2024-04,Dakshina Kannada,Crimes Against Women,2024-04,4,3,24291,4,5,2,5,3,4.0,3.667,3.833,54,0.0926,5
4-3-2024-05,Dakshina Kannada,Crimes Against Women,2024-05,4,3,24292,5,5,5,2,4,4.0,3.667,4.0,52,0.0962,3
4-3-2024-06,Dakshina Kannada,Crimes Against Women,2024-06,4,3,24293,6,3,5,5,6,4.333,4.0,3.917,62,0.0484,4
4-3-2024-07,Dakshina Kannada,Crimes Against Women,2024-07,4,3,24294,7,4,3,5,3,4.0,4.0,3.75,44,0.0909,4
4-3-2024-08,Dakshina Kannada,Crimes Against Women,2024-08,4,3,24295,8,4,4,3,3,3.667,3.833,3.833,51,0.0784,5
4-3-2024-09,Dakshina Kannada,Crimes Against Women,2024-09,4,3,24296,9,5,4,4,5,4.333,4.333,4.0,68,0.0735,4
4-3-2024-10,Dakshina Kannada,Crimes Against Women,2024-10,4,3,24297,10,4,5,4,5,4.333,4.167,3.917,49,0.0816,4
4-3-2024-11,Dakshina Kannada,Crimes Against Women,2024-11,4,3,24298,11,4,4,5,1,4.333,4.0,3.833,78,0.0513,3
4-3-2024-12,Dakshina Kannada,Crimes Against Women,2024-12,4,3,24299,12,3,4,4,4,3.667,4.0,4.0,82,0.0366,5
4-3-2025-01,Dakshina Kannada,Crimes Against Women,2025-01,4,3,24300,1,5,3,4,5,4.0,4.167,4.083,68,0.0735,6
4-3-2025-02,Dakshina Kannada,Crimes Against Women,2025-02,4,3,24301,2,6,5,3,2,4.667,4.5,4.167,68,0.0882,4
4-3-2025-03,Dakshina Kannada,Crimes Against Women,2025-03,4,3,24302,3,4,6,5,5,5.0,4.333,4.333,53,0.0755,7
4-3-2025-04,Dakshina Kannada,Crimes Against Women,2025-04,4,3,24303,4,7,4,6,5,5.667,4.833,4.5,67,0.1045,5
4-3-2025-05,Dakshina Kannada,Crimes Against Women,2025-05,4,3,24304,5,5,7,4,3,5.333,5.0,4.5,51,0.098,15
4-3-2025-06,Dakshina Kannada,Crimes Against Women,2025-06,4,3,24305,6,15,5,7,4,9.0,7.0,5.5,81,0.1852,6
4-3-2025-07,Dakshina Kannada,Crimes Against Women,2025-07,4,3,24306,7,6,15,5,4,8.667,7.167,5.667,62,0.0968,2
4-3-2025-08,Dakshina Kannada,Crimes Against Women,2025-08,4,3,24307,8,2,6,15,5,7.667,6.5,5.5,50,0.04,9
4-3-2025-09,Dakshina Kannada,Crimes Against Women,2025-09,4,3,24308,9,9,2,6,4,5.667,7.333,5.833,70,0.1286,3
4-3-2025-10,Dakshina Kannada,Crimes Against Women,2025-10,4,3,24309,10,3,9,2,4,4.667,6.667,5.75,57,0.0526,4
4-3-2025-11,Dakshina Kannada,Crimes Against Women,2025-11,4,3,24310,11,4,3,9,3,5.333,6.5,5.75,79,0.0506,1
4-3-2025-12,Dakshina Kannada,Crimes Against Women,2025-12,4,3,24311,12,1,4,3,5,2.667,4.167,5.583,74,0.0135,1
4-3-2026-01,Dakshina Kannada,Crimes Against Women,2026-01,4,3,24312,1,1,1,4,6,2.0,3.333,5.25,53,0.0189,14
4-3-2026-02,Dakshina Kannada,Crimes Against Women,2026-02,4,3,24313,2,14,1,1,4,5.333,5.333,5.917,103,0.1359,7
4-3-2026-03,Dakshina Kannada,Crimes Against Women,2026-03,4,3,24314,3,7,14,1,7,7.333,5.0,6.167,103,0.068,4
4-3-2026-04,Dakshina Kannada,Crimes Against Women,2026-04,4,3,24315,4,4,7,14,5,8.333,5.167,5.917,118,0.0339,9
4-3-2026-05,Dakshina Kannada,Crimes Against Women,2026-05,4,3,24316,5,9,4,7,15,6.667,6.0,6.25,121,0.0744,8
4-3-2026-06,Dakshina Kannada,Crimes Against Women,2026-06,4,3,24317,6,8,9,4,6,7.0,7.167,5.667,118,0.0678,7
4-4-2024-02,Dakshina Kannada,Cyber Crime,2024-02,4,4,24289,2,9,11,11,7,10.333,9.667,9.167,55,0.1636,10
4-4-2024-03,Dakshina Kannada,Cyber Crime,2024-03,4,4,24290,3,10,9,11,15,10.0,8.833,9.417,49,0.2041,10
4-4-2024-04,Dakshina Kannada,Cyber Crime,2024-04,4,4,24291,4,10,10,9,6,9.667,9.833,9.0,54,0.1852,6
4-4-2024-05,Dakshina Kannada,Cyber Crime,2024-05,4,4,24292,5,6,10,10,6,8.667,9.5,9.0,52,0.1154,14
4-4-2024-06,Dakshina Kannada,Cyber Crime,2024-06,4,4,24293,6,14,6,10,6,10.0,10.0,9.667,62,0.2258,3
4-4-2024-07,Dakshina Kannada,Cyber Crime,2024-07,4,4,24294,7,3,14,6,12,7.667,8.667,9.417,44,0.0682,8
4-4-2024-08,Dakshina Kannada,Cyber Crime,2024-08,4,4,24295,8,8,3,14,15,8.333,8.5,9.083,51,0.1569,9
4-4-2024-09,Dakshina Kannada,Cyber Crime,2024-09,4,4,24296,9,9,8,3,4,6.667,8.333,8.583,68,0.1324,8
4-4-2024-10,Dakshina Kannada,Cyber Crime,2024-10,4,4,24297,10,8,9,8,8,8.333,8.0,8.917,49,0.1633,10
4-4-2024-11,Dakshina Kannada,Cyber Crime,2024-11,4,4,24298,11,10,8,9,11,9.0,8.667,9.083,78,0.1282,10
4-4-2024-12,Dakshina Kannada,Cyber Crime,2024-12,4,4,24299,12,10,10,8,11,9.333,8.0,9.0,82,0.122,10
4-4-2025-01,Dakshina Kannada,Cyber Crime,2025-01,4,4,24300,1,10,10,10,9,10.0,9.167,8.917,68,0.1471,13
4-4-2025-02,Dakshina Kannada,Cyber Crime,2025-02,4,4,24301,2,13,10,10,10,11.0,10.0,9.25,68,0.1912,6
4-4-2025-03,Dakshina Kannada,Cyber Crime,2025-03,4,4,24302,3,6,13,10,10,9.667,9.5,8.917,53,0.1132,13
4-4-2025-04,Dakshina Kannada,Cyber Crime,2025-04,4,4,24303,4,13,6,13,6,10.667,10.333,9.167,67,0.194,11
4-4-2025-05,Dakshina Kannada,Cyber Crime,2025-05,4,4,24304,5,11,13,6,14,10.0,10.5,9.583,51,0.2157,11
4-4-2025-06,Dakshina Kannada,Cyber Crime,2025-06,4,4,24305,6,11,11,13,3,11.667,10.667,9.333,81,0.1358,10
4-4-2025-07,Dakshina Kannada,Cyber Crime,2025-07,4,4,24306,7,10,11,11,8,10.667,10.667,9.917,62,0.1613,5
4-4-2025-08,Dakshina Kannada,Cyber Crime,2025-08,4,4,24307,8,5,10,11,9,8.667,9.333,9.667,50,0.1,7
4-4-2025-09,Dakshina Kannada,Cyber Crime,2025-09,4,4,24308,9,7,5,10,8,7.333,9.5,9.5,70,0.1,9
4-4-2025-10,Dakshina Kannada,Cyber Crime,2025-10,4,4,24309,10,9,7,5,10,7.0,8.833,9.583,57,0.1579,10
4-4-2025-11,Dakshina Kannada,Cyber Crime,2025-11,4,4,24310,11,10,9,7,10,8.667,8.667,9.583,79,0.1266,10
4-4-2025-12,Dakshina Kannada,Cyber Crime,2025-12,4,4,24311,12,10,10,9,10,9.667,8.5,9.583,74,0.1351,12
4-4-2026-01,Dakshina Kannada,Cyber Crime,2026-01,4,4,24312,1,12,10,10,13,10.667,8.833,9.75,53,0.2264,10
4-4-2026-02,Dakshina Kannada,Cyber Crime,2026-02,4,4,24313,2,10,12,10,6,10.667,9.667,9.5,103,0.0971,21
4-4-2026-03,Dakshina Kannada,Cyber Crime,2026-03,4,4,24314,3,21,10,12,13,14.333,12.0,10.75,103,0.2039,24
4-4-2026-04,Dakshina Kannada,Cyber Crime,2026-04,4,4,24315,4,24,21,10,11,18.333,14.5,11.667,118,0.2034,20
4-4-2026-05,Dakshina Kannada,Cyber Crime,2026-05,4,4,24316,5,20,24,21,11,21.667,16.167,12.417,121,0.1653,19
4-4-2026-06,Dakshina Kannada,Cyber Crime,2026-06,4,4,24317,6,19,20,24,10,21.0,17.667,13.083,118,0.161,22
4-5-2024-02,Dakshina Kannada,Economic Offences,2024-02,4,5,24289,2,4,4,4,3,4.0,5.5,4.417,55,0.0727,1
4-5-2024-03,Dakshina Kannada,Economic Offences,2024-03,4,5,24290,3,1,4,4,5,3.0,4.833,4.25,49,0.0204,5
4-5-2024-04,Dakshina Kannada,Economic Offences,2024-04,4,5,24291,4,5,1,4,2,3.333,5.167,4.25,54,0.0926,3
4-5-2024-05,Dakshina Kannada,Economic Offences,2024-05,4,5,24292,5,3,5,1,4,3.0,3.5,4.333,52,0.0577,4
4-5-2024-06,Dakshina Kannada,Economic Offences,2024-06,4,5,24293,6,4,3,5,3,4.0,3.5,4.333,62,0.0645,4
4-5-2024-07,Dakshina Kannada,Economic Offences,2024-07,4,5,24294,7,4,4,3,3,3.667,3.5,4.417,44,0.0909,3
4-5-2024-08,Dakshina Kannada,Economic Offences,2024-08,4,5,24295,8,3,4,4,5,3.667,3.333,4.417,51,0.0588,8
4-5-2024-09,Dakshina Kannada,Economic Offences,2024-09,4,5,24296,9,8,3,4,3,5.0,4.5,4.667,68,0.1176,6
4-5-2024-10,Dakshina Kannada,Economic Offences,2024-10,4,5,24297,10,6,8,3,13,5.667,4.667,4.917,49,0.1224,3
4-5-2024-11,Dakshina Kannada,Economic Offences,2024-11,4,5,24298,11,3,6,8,4,5.667,4.667,4.083,78,0.0385,6
4-5-2024-12,Dakshina Kannada,Economic Offences,2024-12,4,5,24299,12,6,3,6,4,5.0,5.0,4.25,82,0.0732,6
4-5-2025-01,Dakshina Kannada,Economic Offences,2025-01,4,5,24300,1,6,6,3,4,5.0,5.333,4.417,68,0.0882,3
4-5-2025-02,Dakshina Kannada,Economic Offences,2025-02,4,5,24301,2,3,6,6,1,5.0,5.333,4.333,68,0.0441,6
4-5-2025-03,Dakshina Kannada,Economic Offences,2025-03,4,5,24302,3,6,3,6,5,5.0,5.0,4.75,53,0.1132,8
4-5-2025-04,Dakshina Kannada,Economic Offences,2025-04,4,5,24303,4,8,6,3,3,5.667,5.333,5.0,67,0.1194,1
4-5-2025-05,Dakshina Kannada,Economic Offences,2025-05,4,5,24304,5,1,8,6,4,5.0,5.0,4.833,51,0.0196,4
4-5-2025-06,Dakshina Kannada,Economic Offences,2025-06,4,5,24305,6,4,1,8,4,4.333,4.667,4.833,81,0.0494,2
4-5-2025-07,Dakshina Kannada,Economic Offences,2025-07,4,5,24306,7,2,4,1,3,2.333,4.0,4.667,62,0.0323,4
4-5-2025-08,Dakshina Kannada,Economic Offences,2025-08,4,5,24307,8,4,2,4,8,3.333,4.167,4.75,50,0.08,6
4-5-2025-09,Dakshina Kannada,Economic Offences,2025-09,4,5,24308,9,6,4,2,6,4.0,4.167,4.583,70,0.0857,8
4-5-2025-10,Dakshina Kannada,Economic Offences,2025-10,4,5,24309,10,8,6,4,3,6.0,4.167,4.75,57,0.1404,3
4-5-2025-11,Dakshina Kannada,Economic Offences,2025-11,4,5,24310,11,3,8,6,6,5.667,4.5,4.75,79,0.038,0
4-5-2025-12,Dakshina Kannada,Economic Offences,2025-12,4,5,24311,12,0,3,8,6,3.667,3.833,4.25,74,0.0,6
4-5-2026-01,Dakshina Kannada,Economic Offences,2026-01,4,5,24312,1,6,0,3,3,3.0,4.5,4.25,53,0.1132,9
4-5-2026-02,Dakshina Kannada,Economic Offences,2026-02,4,5,24313,2,9,6,0,6,5.0,5.333,4.75,103,0.0874,8
4-5-2026-03,Dakshina Kannada,Economic Offences,2026-03,4,5,24314,3,8,9,6,8,7.667,5.667,4.917,103,0.0777,9
4-5-2026-04,Dakshina Kannada,Economic Offences,2026-04,4,5,24315,4,9,8,9,1,8.667,5.833,5.0,118,0.0763,12
4-5-2026-05,Dakshina Kannada,Economic Offences,2026-05,4,5,24316,5,12,9,8,4,9.667,7.333,5.917,121,0.0992,6
4-5-2026-06,Dakshina Kannada,Economic Offences,2026-06,4,5,24317,6,6,12,9,2,9.0,8.333,6.083,118,0.0508,7
4-6-2024-03,Dakshina Kannada,NDPS,2024-03,4,6,24290,3,2,0,2,1,1.333,1.333,1.333,49,0.0408,0
4-6-2024-04,Dakshina Kannada,NDPS,2024-04,4,6,24291,4,0,2,0,0,0.667,1.0,1.25,54,0.0,1
4-6-2024-05,Dakshina Kannada,NDPS,2024-05,4,6,24292,5,1,0,2,2,1.0,0.833,1.333,52,0.0192,5
4-6-2024-06,Dakshina Kannada,NDPS,2024-06,4,6,24293,6,5,1,0,3,2.0,1.667,1.583,62,0.0806,3
4-6-2024-07,Dakshina Kannada,NDPS,2024-07,4,6,24294,7,3,5,1,1,3.0,1.833,1.583,44,0.0682,1
4-6-2024-08,Dakshina Kannada,NDPS,2024-08,4,6,24295,8,1,3,5,1,3.0,2.0,1.583,51,0.0196,3
4-6-2024-09,Dakshina Kannada,NDPS,2024-09,4,6,24296,9,3,1,3,2,2.333,2.167,1.75,68,0.0441,1
4-6-2024-10,Dakshina Kannada,NDPS,2024-10,4,6,24297,10,1,3,1,2,1.667,2.333,1.667,49,0.0204,1
4-6-2024-11,Dakshina Kannada,NDPS,2024-11,4,6,24298,11,1,1,3,0,1.667,2.333,1.583,78,0.0128,2
4-6-2024-12,Dakshina Kannada,NDPS,2024-12,4,6,24299,12,2,1,1,2,1.333,1.833,1.75,82,0.0244,1
4-6-2025-01,Dakshina Kannada,NDPS,2025-01,4,6,24300,1,1,2,1,0,1.333,1.5,1.667,68,0.0147,4
4-6-2025-02,Dakshina Kannada,NDPS,2025-02,4,6,24301,2,4,1,2,2,2.333,2.0,2.0,68,0.0588,4
4-6-2025-03,Dakshina Kannada,NDPS,2025-03,4,6,24302,3,4,4,1,0,3.0,2.167,2.167,53,0.0755,0
4-6-2025-04,Dakshina Kannada,NDPS,2025-04,4,6,24303,4,0,4,4,1,2.667,2.0,2.167,67,0.0,1
4-6-2025-05,Dakshina Kannada,NDPS,2025-05,4,6,24304,5,1,0,4,5,1.667,2.0,2.167,51,0.0196,6
4-6-2025-06,Dakshina Kannada,NDPS,2025-06,4,6,24305,6,6,1,0,3,2.333,2.667,2.25,81,0.0741,2
4-6-2025-07,Dakshina Kannada,NDPS,2025-07,4,6,24306,7,2,6,1,1,3.0,2.833,2.167,62,0.0323,3
4-6-2025-08,Dakshina Kannada,NDPS,2025-08,4,6,24307,8,3,2,6,3,3.667,2.667,2.333,50,0.06,3
4-6-2025-09,Dakshina Kannada,NDPS,2025-09,4,6,24308,9,3,3,2,1,2.667,2.5,2.333,70,0.0429,1
4-6-2025-10,Dakshina Kannada,NDPS,2025-10,4,6,24309,10,1,3,3,1,2.333,2.667,2.333,57,0.0175,0
4-6-2025-11,Dakshina Kannada,NDPS,2025-11,4,6,24310,11,0,1,3,2,1.333,2.5,2.25,79,0.0,0
4-6-2025-12,Dakshina Kannada,NDPS,2025-12,4,6,24311,12,0,0,1,1,0.333,1.5,2.083,74,0.0,2
4-6-2026-01,Dakshina Kannada,NDPS,2026-01,4,6,24312,1,2,0,0,4,0.667,1.5,2.167,53,0.0377,1
4-6-2026-02,Dakshina Kannada,NDPS,2026-02,4,6,24313,2,1,2,0,4,1.0,1.167,1.917,103,0.0097,2
4-6-2026-03,Dakshina Kannada,NDPS,2026-03,4,6,24314,3,2,1,2,0,1.667,1.0,1.75,103,0.0194,4
4-6-2026-04,Dakshina Kannada,NDPS,2026-04,4,6,24315,4,4,2,1,1,2.333,1.5,2.083,118,0.0339,5
4-6-2026-05,Dakshina Kannada,NDPS,2026-05,4,6,24316,5,5,4,2,6,3.667,2.333,2.417,121,0.0413,5
4-6-2026-06,Dakshina Kannada,NDPS,2026-06,4,6,24317,6,5,5,4,2,4.667,3.167,2.333,118,0.0424,3
4-7-2024-02,Dakshina Kannada,Missing / UDR,2024-02,4,7,24289,2,3,2,3,4,2.667,2.667,2.667,55,0.0545,4
4-7-2024-03,Dakshina Kannada,Missing / UDR,2024-03,4,7,24290,3,4,3,2,3,3.0,2.333,2.667,49,0.0816,0
4-7-2024-04,Dakshina Kannada,Missing / UDR,2024-04,4,7,24291,4,0,4,3,1,2.333,2.167,2.417,54,0.0,6
4-7-2024-05,Dakshina Kannada,Missing / UDR,2024-05,4,7,24292,5,6,0,4,4,3.333,3.0,2.833,52,0.1154,5
4-7-2024-06,Dakshina Kannada,Missing / UDR,2024-06,4,7,24293,6,5,6,0,3,3.667,3.333,2.917,62,0.0806,4
4-7-2024-07,Dakshina Kannada,Missing / UDR,2024-07,4,7,24294,7,4,5,6,1,5.0,3.667,3.0,44,0.0909,1
4-7-2024-08,Dakshina Kannada,Missing / UDR,2024-08,4,7,24295,8,1,4,5,6,3.333,3.333,3.0,51,0.0196,2
4-7-2024-09,Dakshina Kannada,Missing / UDR,2024-09,4,7,24296,9,2,1,4,1,2.333,3.0,2.667,68,0.0294,4
4-7-2024-10,Dakshina Kannada,Missing / UDR,2024-10,4,7,24297,10,4,2,1,1,2.333,3.667,2.917,49,0.0816,2
4-7-2024-11,Dakshina Kannada,Missing / UDR,2024-11,4,7,24298,11,2,4,2,3,2.667,3.0,3.0,78,0.0256,5
4-7-2024-12,Dakshina Kannada,Missing / UDR,2024-12,4,7,24299,12,5,2,4,2,3.667,3.0,3.167,82,0.061,2
4-7-2025-01,Dakshina Kannada,Missing / UDR,2025-01,4,7,24300,1,2,5,2,3,3.0,2.667,3.167,68,0.0294,3
4-7-2025-02,Dakshina Kannada,Missing / UDR,2025-02,4,7,24301,2,3,2,5,4,3.333,3.0,3.167,68,0.0441,5
4-7-2025-03,Dakshina Kannada,Missing / UDR,2025-03,4,7,24302,3,5,3,2,0,3.333,3.5,3.25,53,0.0943,3
4-7-2025-04,Dakshina Kannada,Missing / UDR,2025-04,4,7,24303,4,3,5,3,6,3.667,3.333,3.5,67,0.0448,2
4-7-2025-05,Dakshina Kannada,Missing / UDR,2025-05,4,7,24304,5,2,3,5,5,3.333,3.333,3.167,51,0.0392,6
4-7-2025-06,Dakshina Kannada,Missing / UDR,2025-06,4,7,24305,6,6,2,3,4,3.667,3.5,3.25,81,0.0741,2
4-7-2025-07,Dakshina Kannada,Missing / UDR,2025-07,4,7,24306,7,2,6,2,1,3.333,3.5,3.083,62,0.0323,3
4-7-2025-08,Dakshina Kannada,Missing / UDR,2025-08,4,7,24307,8,3,2,6,2,3.667,3.5,3.25,50,0.06,5
4-7-2025-09,Dakshina Kannada,Missing / UDR,2025-09,4,7,24308,9,5,3,2,4,3.333,3.5,3.5,70,0.0714,3
4-7-2025-10,Dakshina Kannada,Missing / UDR,2025-10,4,7,24309,10,3,5,3,2,3.667,3.5,3.417,57,0.0526,2
4-7-2025-11,Dakshina Kannada,Missing / UDR,2025-11,4,7,24310,11,2,3,5,5,3.333,3.5,3.417,79,0.0253,6
4-7-2025-12,Dakshina Kannada,Missing / UDR,2025-12,4,7,24311,12,6,2,3,2,3.667,3.5,3.5,74,0.0811,2
4-7-2026-01,Dakshina Kannada,Missing / UDR,2026-01,4,7,24312,1,2,6,2,3,3.333,3.5,3.5,53,0.0377,7
4-7-2026-02,Dakshina Kannada,Missing / UDR,2026-02,4,7,24313,2,7,2,6,5,5.0,4.167,3.833,103,0.068,5
4-7-2026-03,Dakshina Kannada,Missing / UDR,2026-03,4,7,24314,3,5,7,2,3,4.667,4.167,3.833,103,0.0485,9
4-7-2026-04,Dakshina Kannada,Missing / UDR,2026-04,4,7,24315,4,9,5,7,2,7.0,5.167,4.333,118,0.0763,2
4-7-2026-05,Dakshina Kannada,Missing / UDR,2026-05,4,7,24316,5,2,9,5,6,5.333,5.167,4.333,121,0.0165,7
4-7-2026-06,Dakshina Kannada,Missing / UDR,2026-06,4,7,24317,6,7,2,9,2,6.0,5.333,4.417,118,0.0593,10
4-8-2024-02,Dakshina Kannada,Traffic / PAR,2024-02,4,8,24289,2,4,3,6,3,4.333,4.167,3.917,55,0.0727,4
4-8-2024-03,Dakshina Kannada,Traffic / PAR,2024-03,4,8,24290,3,4,4,3,6,3.667,3.833,4.0,49,0.0816,4
4-8-2024-04,Dakshina Kannada,Traffic / PAR,2024-04,4,8,24291,4,4,4,4,3,4.0,4.0,3.833,54,0.0741,4
4-8-2024-05,Dakshina Kannada,Traffic / PAR,2024-05,4,8,24292,5,4,4,4,2,4.0,4.167,3.917,52,0.0769,4
4-8-2024-06,Dakshina Kannada,Traffic / PAR,2024-06,4,8,24293,6,4,4,4,7,4.0,3.833,4.083,62,0.0645,3
4-8-2024-07,Dakshina Kannada,Traffic / PAR,2024-07,4,8,24294,7,3,4,4,1,3.667,3.833,3.75,44,0.0682,5
4-8-2024-08,Dakshina Kannada,Traffic / PAR,2024-08,4,8,24295,8,5,3,4,6,4.0,4.0,4.083,51,0.098,2
4-8-2024-09,Dakshina Kannada,Traffic / PAR,2024-09,4,8,24296,9,2,5,3,3,3.333,3.667,3.75,68,0.0294,4
4-8-2024-10,Dakshina Kannada,Traffic / PAR,2024-10,4,8,24297,10,4,2,5,3,3.667,3.667,3.833,49,0.0816,3
4-8-2024-11,Dakshina Kannada,Traffic / PAR,2024-11,4,8,24298,11,3,4,2,6,3.0,3.5,3.833,78,0.0385,3
4-8-2024-12,Dakshina Kannada,Traffic / PAR,2024-12,4,8,24299,12,3,3,4,3,3.333,3.333,3.583,82,0.0366,1
4-8-2025-01,Dakshina Kannada,Traffic / PAR,2025-01,4,8,24300,1,1,3,3,4,2.333,3.0,3.417,68,0.0147,7
4-8-2025-02,Dakshina Kannada,Traffic / PAR,2025-02,4,8,24301,2,7,1,3,4,3.667,3.333,3.667,68,0.1029,2
4-8-2025-03,Dakshina Kannada,Traffic / PAR,2025-03,4,8,24302,3,2,7,1,4,3.333,3.333,3.5,53,0.0377,4
4-8-2025-04,Dakshina Kannada,Traffic / PAR,2025-04,4,8,24303,4,4,2,7,4,4.333,3.333,3.5,67,0.0597,3
4-8-2025-05,Dakshina Kannada,Traffic / PAR,2025-05,4,8,24304,5,3,4,2,4,3.0,3.333,3.417,51,0.0588,2
4-8-2025-06,Dakshina Kannada,Traffic / PAR,2025-06,4,8,24305,6,2,3,4,3,3.0,3.167,3.25,81,0.0247,6
4-8-2025-07,Dakshina Kannada,Traffic / PAR,2025-07,4,8,24306,7,6,2,3,5,3.667,4.0,3.5,62,0.0968,5
4-8-2025-08,Dakshina Kannada,Traffic / PAR,2025-08,4,8,24307,8,5,6,2,2,4.333,3.667,3.5,50,0.1,7
4-8-2025-09,Dakshina Kannada,Traffic / PAR,2025-09,4,8,24308,9,7,5,6,4,6.0,4.5,3.917,70,0.1,2
4-8-2025-10,Dakshina Kannada,Traffic / PAR,2025-10,4,8,24309,10,2,7,5,3,4.667,4.167,3.75,57,0.0351,0
4-8-2025-11,Dakshina Kannada,Traffic / PAR,2025-11,4,8,24310,11,0,2,7,3,3.0,3.667,3.5,79,0.0,2
4-8-2025-12,Dakshina Kannada,Traffic / PAR,2025-12,4,8,24311,12,2,0,2,1,1.333,3.667,3.417,74,0.027,3
4-8-2026-01,Dakshina Kannada,Traffic / PAR,2026-01,4,8,24312,1,3,2,0,7,1.667,3.167,3.583,53,0.0566,10
4-8-2026-02,Dakshina Kannada,Traffic / PAR,2026-02,4,8,24313,2,10,3,2,2,5.0,4.0,3.833,103,0.0971,7
4-8-2026-03,Dakshina Kannada,Traffic / PAR,2026-03,4,8,24314,3,7,10,3,4,6.667,4.0,4.25,103,0.068,7
4-8-2026-04,Dakshina Kannada,Traffic / PAR,2026-04,4,8,24315,4,7,7,10,3,8.0,4.833,4.5,118,0.0593,8
4-8-2026-05,Dakshina Kannada,Traffic / PAR,2026-05,4,8,24316,5,8,7,7,2,7.333,6.167,4.917,121,0.0661,1
4-8-2026-06,Dakshina Kannada,Traffic / PAR,2026-06,4,8,24317,6,1,8,7,6,5.333,6.0,4.833,118,0.0085,8
5-1-2024-02,Belagavi,Crimes Against Body,2024-02,5,1,24289,2,8,4,7,6,6.333,6.833,7.917,61,0.1311,6
5-1-2024-03,Belagavi,Crimes Against Body,2024-03,5,1,24290,3,6,8,4,7,6.0,6.167,7.917,49,0.1224,6
5-1-2024-04,Belagavi,Crimes Against Body,2024-04,5,1,24291,4,6,6,8,11,6.667,6.167,7.833,53,0.1132,6
5-1-2024-05,Belagavi,Crimes Against Body,2024-05,5,1,24292,5,6,6,6,12,6.0,6.167,7.417,51,0.1176,10
5-1-2024-06,Belagavi,Crimes Against Body,2024-06,5,1,24293,6,10,6,6,7,7.333,6.667,7.25,53,0.1887,7
5-1-2024-07,Belagavi,Crimes Against Body,2024-07,5,1,24294,7,7,10,6,11,7.667,7.167,7.25,51,0.1373,8
5-1-2024-08,Belagavi,Crimes Against Body,2024-08,5,1,24295,8,8,7,10,10,8.333,7.167,7.0,57,0.1404,8
5-1-2024-09,Belagavi,Crimes Against Body,2024-09,5,1,24296,9,8,8,7,6,7.667,7.5,6.833,58,0.1379,3
5-1-2024-10,Belagavi,Crimes Against Body,2024-10,5,1,24297,10,3,8,8,6,6.333,7.0,6.583,59,0.0508,8
5-1-2024-11,Belagavi,Crimes Against Body,2024-11,5,1,24298,11,8,3,8,7,6.333,7.333,6.75,77,0.1039,10
5-1-2024-12,Belagavi,Crimes Against Body,2024-12,5,1,24299,12,10,8,3,4,7.0,7.333,7.0,86,0.1163,4
5-1-2025-01,Belagavi,Crimes Against Body,2025-01,5,1,24300,1,4,10,8,8,7.333,6.833,7.0,54,0.0741,7
5-1-2025-02,Belagavi,Crimes Against Body,2025-02,5,1,24301,2,7,4,10,6,7.0,6.667,6.917,50,0.14,4
5-1-2025-03,Belagavi,Crimes Against Body,2025-03,5,1,24302,3,4,7,4,6,5.0,6.0,6.75,49,0.0816,6
5-1-2025-04,Belagavi,Crimes Against Body,2025-04,5,1,24303,4,6,4,7,6,5.667,6.5,6.75,60,0.1,8
5-1-2025-05,Belagavi,Crimes Against Body,2025-05,5,1,24304,5,8,6,4,10,6.0,6.5,6.917,48,0.1667,11
5-1-2025-06,Belagavi,Crimes Against Body,2025-06,5,1,24305,6,11,8,6,7,8.333,6.667,7.0,53,0.2075,5
5-1-2025-07,Belagavi,Crimes Against Body,2025-07,5,1,24306,7,5,11,8,8,8.0,6.833,6.833,61,0.082,6
5-1-2025-08,Belagavi,Crimes Against Body,2025-08,5,1,24307,8,6,5,11,8,7.333,6.667,6.667,49,0.1224,5
5-1-2025-09,Belagavi,Crimes Against Body,2025-09,5,1,24308,9,5,6,5,3,5.333,6.833,6.417,61,0.082,8
5-1-2025-10,Belagavi,Crimes Against Body,2025-10,5,1,24309,10,8,5,6,8,6.333,7.167,6.833,54,0.1481,7
5-1-2025-11,Belagavi,Crimes Against Body,2025-11,5,1,24310,11,7,8,5,10,6.667,7.0,6.75,80,0.0875,5
5-1-2025-12,Belagavi,Crimes Against Body,2025-12,5,1,24311,12,5,7,8,4,6.667,6.0,6.333,80,0.0625,11
5-1-2026-01,Belagavi,Crimes Against Body,2026-01,5,1,24312,1,11,5,7,7,7.667,7.0,6.917,75,0.1467,15
5-1-2026-02,Belagavi,Crimes Against Body,2026-02,5,1,24313,2,15,11,5,4,10.333,8.5,7.583,95,0.1579,17
5-1-2026-03,Belagavi,Crimes Against Body,2026-03,5,1,24314,3,17,15,11,6,14.333,10.5,8.667,95,0.1789,19
5-1-2026-04,Belagavi,Crimes Against Body,2026-04,5,1,24315,4,19,17,15,8,17.0,12.333,9.75,118,0.161,10
5-1-2026-05,Belagavi,Crimes Against Body,2026-05,5,1,24316,5,10,19,17,11,15.333,12.833,9.917,108,0.0926,12
5-1-2026-06,Belagavi,Crimes Against Body,2026-06,5,1,24317,6,12,10,19,5,13.667,14.0,10.0,90,0.1333,16
5-2-2024-02,Belagavi,Crimes Against Property,2024-02,5,2,24289,2,24,28,49,25,33.667,30.0,25.583,61,0.3934,18
5-2-2024-03,Belagavi,Crimes Against Property,2024-03,5,2,24290,3,18,24,28,20,23.333,29.833,25.0,49,0.3673,23
5-2-2024-04,Belagavi,Crimes Against Property,2024-04,5,2,24291,4,23,18,24,19,21.667,30.0,25.25,53,0.434,22
5-2-2024-05,Belagavi,Crimes Against Property,2024-05,5,2,24292,5,22,23,18,21,21.0,27.333,25.5,51,0.4314,17
5-2-2024-06,Belagavi,Crimes Against Property,2024-06,5,2,24293,6,17,22,23,22,20.667,22.0,25.167,53,0.3208,20
5-2-2024-07,Belagavi,Crimes Against Property,2024-07,5,2,24294,7,20,17,22,20,19.667,20.667,25.0,51,0.3922,23
5-2-2024-08,Belagavi,Crimes Against Property,2024-08,5,2,24295,8,23,20,17,19,20.0,20.5,25.25,57,0.4035,22
5-2-2024-09,Belagavi,Crimes Against Property,2024-09,5,2,24296,9,22,23,20,22,21.667,21.167,25.5,58,0.3793,23
5-2-2024-10,Belagavi,Crimes Against Property,2024-10,5,2,24297,10,23,22,23,38,22.667,21.167,25.583,59,0.3898,36
5-2-2024-11,Belagavi,Crimes Against Property,2024-11,5,2,24298,11,36,23,22,49,27.0,23.5,25.417,77,0.4675,50
5-2-2024-12,Belagavi,Crimes Against Property,2024-12,5,2,24299,12,50,36,23,28,36.333,29.0,25.5,86,0.5814,18
5-2-2025-01,Belagavi,Crimes Against Property,2025-01,5,2,24300,1,18,50,36,24,34.667,28.667,24.667,54,0.3333,18
5-2-2025-02,Belagavi,Crimes Against Property,2025-02,5,2,24301,2,18,18,50,18,28.667,27.833,24.167,50,0.36,19
5-2-2025-03,Belagavi,Crimes Against Property,2025-03,5,2,24302,3,19,18,18,23,18.333,27.333,24.25,49,0.3878,22
5-2-2025-04,Belagavi,Crimes Against Property,2025-04,5,2,24303,4,22,19,18,22,19.667,27.167,24.167,60,0.3667,23
5-2-2025-05,Belagavi,Crimes Against Property,2025-05,5,2,24304,5,23,22,19,17,21.333,25.0,24.25,48,0.4792,20
5-2-2025-06,Belagavi,Crimes Against Property,2025-06,5,2,24305,6,20,23,22,20,21.667,20.0,24.5,53,0.3774,26
5-2-2025-07,Belagavi,Crimes Against Property,2025-07,5,2,24306,7,26,20,23,23,23.0,21.333,25.0,61,0.4262,17
5-2-2025-08,Belagavi,Crimes Against Property,2025-08,5,2,24307,8,17,26,20,22,21.0,21.167,24.5,49,0.3469,19
5-2-2025-09,Belagavi,Crimes Against Property,2025-09,5,2,24308,9,19,17,26,23,20.667,21.167,24.25,61,0.3115,16
5-2-2025-10,Belagavi,Crimes Against Property,2025-10,5,2,24309,10,16,19,17,36,17.333,20.167,23.667,54,0.2963,51
5-2-2025-11,Belagavi,Crimes Against Property,2025-11,5,2,24310,11,51,16,19,50,28.667,24.833,24.917,80,0.6375,50
5-2-2025-12,Belagavi,Crimes Against Property,2025-12,5,2,24311,12,50,51,16,18,39.0,29.833,24.917,80,0.625,29
5-2-2026-01,Belagavi,Crimes Against Property,2026-01,5,2,24312,1,29,50,51,18,43.333,30.333,25.833,75,0.3867,38
5-2-2026-02,Belagavi,Crimes Against Property,2026-02,5,2,24313,2,38,29,50,19,39.0,33.833,27.5,95,0.4,29
5-2-2026-03,Belagavi,Crimes Against Property,2026-03,5,2,24314,3,29,38,29,22,32.0,35.5,28.333,95,0.3053,43
5-2-2026-04,Belagavi,Crimes Against Property,2026-04,5,2,24315,4,43,29,38,23,36.667,40.0,30.083,118,0.3644,44
5-2-2026-05,Belagavi,Crimes Against Property,2026-05,5,2,24316,5,44,43,29,20,38.667,38.833,31.833,108,0.4074,34
5-2-2026-06,Belagavi,Crimes Against Property,2026-06,5,2,24317,6,34,44,43,26,40.333,36.167,33.0,90,0.3778,39
5-3-2024-02,Belagavi,Crimes Against Women,2024-02,5,3,24289,2,5,4,6,6,5.0,5.167,4.5,61,0.082,3
5-3-2024-03,Belagavi,Crimes Against Women,2024-03,5,3,24290,3,3,5,4,3,4.0,4.5,4.25,49,0.0612,4
5-3-2024-04,Belagavi,Crimes Against Women,2024-04,5,3,24291,4,4,3,5,3,4.0,4.167,4.333,53,0.0755,2
5-3-2024-05,Belagavi,Crimes Against Women,2024-05,5,3,24292,5,2,4,3,4,3.0,4.0,4.25,51,0.0392,4
5-3-2024-06,Belagavi,Crimes Against Women,2024-06,5,3,24293,6,4,2,4,2,3.333,3.667,4.25,53,0.0755,2
5-3-2024-07,Belagavi,Crimes Against Women,2024-07,5,3,24294,7,2,4,2,5,2.667,3.333,4.25,51,0.0392,2
5-3-2024-08,Belagavi,Crimes Against Women,2024-08,5,3,24295,8,2,2,4,7,2.667,2.833,4.0,57,0.0351,5
5-3-2024-09,Belagavi,Crimes Against Women,2024-09,5,3,24296,9,5,2,2,6,3.0,3.167,3.833,58,0.0862,3
5-3-2024-10,Belagavi,Crimes Against Women,2024-10,5,3,24297,10,3,5,2,3,3.333,3.0,3.583,59,0.0508,5
5-3-2024-11,Belagavi,Crimes Against Women,2024-11,5,3,24298,11,5,3,5,6,4.333,3.5,3.75,77,0.0649,7
5-3-2024-12,Belagavi,Crimes Against Women,2024-12,5,3,24299,12,7,5,3,4,5.0,4.0,3.833,86,0.0814,5
5-3-2025-01,Belagavi,Crimes Against Women,2025-01,5,3,24300,1,5,7,5,5,5.667,4.5,3.917,54,0.0926,4
5-3-2025-02,Belagavi,Crimes Against Women,2025-02,5,3,24301,2,4,5,7,3,5.333,4.833,3.833,50,0.08,8
5-3-2025-03,Belagavi,Crimes Against Women,2025-03,5,3,24302,3,8,4,5,4,5.667,5.333,4.25,49,0.1633,4
5-3-2025-04,Belagavi,Crimes Against Women,2025-04,5,3,24303,4,4,8,4,2,5.333,5.5,4.25,60,0.0667,2
5-3-2025-05,Belagavi,Crimes Against Women,2025-05,5,3,24304,5,2,4,8,4,4.667,5.0,4.25,48,0.0417,4
5-3-2025-06,Belagavi,Crimes Against Women,2025-06,5,3,24305,6,4,2,4,2,3.333,4.5,4.25,53,0.0755,6
5-3-2025-07,Belagavi,Crimes Against Women,2025-07,5,3,24306,7,6,4,2,2,4.0,4.667,4.583,61,0.0984,6
5-3-2025-08,Belagavi,Crimes Against Women,2025-08,5,3,24307,8,6,6,4,5,5.333,5.0,4.917,49,0.1224,6
5-3-2025-09,Belagavi,Crimes Against Women,2025-09,5,3,24308,9,6,6,6,3,6.0,4.667,5.0,61,0.0984,1
5-3-2025-10,Belagavi,Crimes Against Women,2025-10,5,3,24309,10,1,6,6,5,4.333,4.167,4.833,54,0.0185,2
5-3-2025-11,Belagavi,Crimes Against Women,2025-11,5,3,24310,11,2,1,6,7,3.0,4.167,4.583,80,0.025,3
5-3-2025-12,Belagavi,Crimes Against Women,2025-12,5,3,24311,12,3,2,1,5,2.0,4.0,4.25,80,0.0375,7
5-3-2026-01,Belagavi,Crimes Against Women,2026-01,5,3,24312,1,7,3,2,4,4.0,4.167,4.417,75,0.0933,7
5-3-2026-02,Belagavi,Crimes Against Women,2026-02,5,3,24313,2,7,7,3,8,5.667,4.333,4.667,95,0.0737,9
5-3-2026-03,Belagavi,Crimes Against Women,2026-03,5,3,24314,3,9,7,7,4,7.667,4.833,4.75,95,0.0947,7
5-3-2026-04,Belagavi,Crimes Against Women,2026-04,5,3,24315,4,7,9,7,2,7.667,5.833,5.0,118,0.0593,7
5-3-2026-05,Belagavi,Crimes Against Women,2026-05,5,3,24316,5,7,7,9,4,7.667,6.667,5.417,108,0.0648,6
5-3-2026-06,Belagavi,Crimes Against Women,2026-06,5,3,24317,6,6,7,7,6,6.667,7.167,5.583,90,0.0667,6
5-4-2024-02,Belagavi,Cyber Crime,2024-02,5,4,24289,2,12,13,11,8,12.0,13.0,11.167,61,0.1967,11
5-4-2024-03,Belagavi,Cyber Crime,2024-03,5,4,24290,3,11,12,13,11,12.0,13.0,11.417,49,0.2245,13
5-4-2024-04,Belagavi,Cyber Crime,2024-04,5,4,24291,4,13,11,12,8,12.0,12.833,11.583,53,0.2453,12
5-4-2024-05,Belagavi,Cyber Crime,2024-05,5,4,24292,5,12,13,11,11,12.0,12.0,11.917,51,0.2353,9
5-4-2024-06,Belagavi,Cyber Crime,2024-06,5,4,24293,6,9,12,13,11,11.333,11.667,11.75,53,0.1698,9
5-4-2024-07,Belagavi,Cyber Crime,2024-07,5,4,24294,7,9,9,12,7,10.0,11.0,11.583,51,0.1765,8
5-4-2024-08,Belagavi,Cyber Crime,2024-08,5,4,24295,8,8,9,9,11,8.667,10.333,11.667,57,0.1404,10
5-4-2024-09,Belagavi,Cyber Crime,2024-09,5,4,24296,9,10,8,9,14,9.0,10.167,11.583,58,0.1724,14
5-4-2024-10,Belagavi,Cyber Crime,2024-10,5,4,24297,10,14,10,8,17,10.667,10.333,11.583,59,0.2373,9
5-4-2024-11,Belagavi,Cyber Crime,2024-11,5,4,24298,11,9,14,10,11,11.0,9.833,10.917,77,0.1169,10
5-4-2024-12,Belagavi,Cyber Crime,2024-12,5,4,24299,12,10,9,14,13,11.0,10.0,10.833,86,0.1163,12
5-4-2025-01,Belagavi,Cyber Crime,2025-01,5,4,24300,1,12,10,9,12,10.333,10.5,10.75,54,0.2222,10
5-4-2025-02,Belagavi,Cyber Crime,2025-02,5,4,24301,2,10,12,10,11,10.667,10.833,10.583,50,0.2,10
5-4-2025-03,Belagavi,Cyber Crime,2025-03,5,4,24302,3,10,10,12,13,10.667,10.833,10.5,49,0.2041,10
5-4-2025-04,Belagavi,Cyber Crime,2025-04,5,4,24303,4,10,10,10,12,10.0,10.167,10.25,60,0.1667,7
5-4-2025-05,Belagavi,Cyber Crime,2025-05,5,4,24304,5,7,10,10,9,9.0,9.833,9.833,48,0.1458,6
5-4-2025-06,Belagavi,Cyber Crime,2025-06,5,4,24305,6,6,7,10,9,7.667,9.167,9.583,53,0.1132,10
5-4-2025-07,Belagavi,Cyber Crime,2025-07,5,4,24306,7,10,6,7,8,7.667,8.833,9.667,61,0.1639,6
5-4-2025-08,Belagavi,Cyber Crime,2025-08,5,4,24307,8,6,10,6,10,7.333,8.167,9.5,49,0.1224,16
5-4-2025-09,Belagavi,Cyber Crime,2025-09,5,4,24308,9,16,6,10,14,10.667,9.167,10.0,61,0.2623,10
5-4-2025-10,Belagavi,Cyber Crime,2025-10,5,4,24309,10,10,16,6,9,10.667,9.167,9.667,54,0.1852,5
5-4-2025-11,Belagavi,Cyber Crime,2025-11,5,4,24310,11,5,10,16,10,10.333,8.833,9.333,80,0.0625,10
5-4-2025-12,Belagavi,Cyber Crime,2025-12,5,4,24311,12,10,5,10,12,8.333,9.5,9.333,80,0.125,11
5-4-2026-01,Belagavi,Cyber Crime,2026-01,5,4,24312,1,11,10,5,10,8.667,9.667,9.25,75,0.1467,17
5-4-2026-02,Belagavi,Cyber Crime,2026-02,5,4,24313,2,17,11,10,10,12.667,11.5,9.833,95,0.1789,15
5-4-2026-03,Belagavi,Cyber Crime,2026-03,5,4,24314,3,15,17,11,10,14.333,11.333,10.25,95,0.1579,24
5-4-2026-04,Belagavi,Cyber Crime,2026-04,5,4,24315,4,24,15,17,7,18.667,13.667,11.417,118,0.2034,26
5-4-2026-05,Belagavi,Cyber Crime,2026-05,5,4,24316,5,26,24,15,6,21.667,17.167,13.0,108,0.2407,15
5-4-2026-06,Belagavi,Cyber Crime,2026-06,5,4,24317,6,15,26,24,10,21.667,18.0,13.75,90,0.1667,17
5-5-2024-02,Belagavi,Economic Offences,2024-02,5,5,24289,2,2,5,2,0,3.0,3.5,4.083,61,0.0328,5
5-5-2024-03,Belagavi,Economic Offences,2024-03,5,5,24290,3,5,2,5,5,4.0,3.667,4.5,49,0.102,3
5-5-2024-04,Belagavi,Economic Offences,2024-04,5,5,24291,4,3,5,2,6,3.333,3.5,4.333,53,0.0566,5
5-5-2024-05,Belagavi,Economic Offences,2024-05,5,5,24292,5,5,3,5,4,4.333,3.667,4.25,51,0.098,6
5-5-2024-06,Belagavi,Economic Offences,2024-06,5,5,24293,6,6,5,3,3,4.667,4.333,4.417,53,0.1132,7
5-5-2024-07,Belagavi,Economic Offences,2024-07,5,5,24294,7,7,6,5,10,6.0,4.667,4.75,51,0.1373,7
5-5-2024-08,Belagavi,Economic Offences,2024-08,5,5,24295,8,7,7,6,4,6.667,5.5,4.5,57,0.1228,4
5-5-2024-09,Belagavi,Economic Offences,2024-09,5,5,24296,9,4,7,7,4,6.0,5.333,4.5,58,0.069,8
5-5-2024-10,Belagavi,Economic Offences,2024-10,5,5,24297,10,8,4,7,4,6.333,6.167,4.833,59,0.1356,7
5-5-2024-11,Belagavi,Economic Offences,2024-11,5,5,24298,11,7,8,4,2,6.333,6.5,5.083,77,0.0909,4
5-5-2024-12,Belagavi,Economic Offences,2024-12,5,5,24299,12,4,7,8,5,6.333,6.167,5.25,86,0.0465,5
5-5-2025-01,Belagavi,Economic Offences,2025-01,5,5,24300,1,5,4,7,2,5.333,5.833,5.25,54,0.0926,4
5-5-2025-02,Belagavi,Economic Offences,2025-02,5,5,24301,2,4,5,4,5,4.333,5.333,5.417,50,0.08,3
5-5-2025-03,Belagavi,Economic Offences,2025-03,5,5,24302,3,3,4,5,3,4.0,5.167,5.25,49,0.0612,7
5-5-2025-04,Belagavi,Economic Offences,2025-04,5,5,24303,4,7,3,4,5,4.667,5.0,5.583,60,0.1167,4
5-5-2025-05,Belagavi,Economic Offences,2025-05,5,5,24304,5,4,7,3,6,4.667,4.5,5.5,48,0.0833,6
5-5-2025-06,Belagavi,Economic Offences,2025-06,5,5,24305,6,6,4,7,7,5.667,4.833,5.5,53,0.1132,2
5-5-2025-07,Belagavi,Economic Offences,2025-07,5,5,24306,7,2,6,4,7,4.0,4.333,5.083,61,0.0328,4
5-5-2025-08,Belagavi,Economic Offences,2025-08,5,5,24307,8,4,2,6,4,4.0,4.333,4.833,49,0.0816,5
5-5-2025-09,Belagavi,Economic Offences,2025-09,5,5,24308,9,5,4,2,8,3.667,4.667,4.917,61,0.082,8
5-5-2025-10,Belagavi,Economic Offences,2025-10,5,5,24309,10,8,5,4,7,5.667,4.833,4.917,54,0.1481,5
5-5-2025-11,Belagavi,Economic Offences,2025-11,5,5,24310,11,5,8,5,4,6.0,5.0,4.75,80,0.0625,3
5-5-2025-12,Belagavi,Economic Offences,2025-12,5,5,24311,12,3,5,8,5,5.333,4.5,4.667,80,0.0375,8
5-5-2026-01,Belagavi,Economic Offences,2026-01,5,5,24312,1,8,3,5,4,5.333,5.5,4.917,75,0.1067,6
5-5-2026-02,Belagavi,Economic Offences,2026-02,5,5,24313,2,6,8,3,3,5.667,5.833,5.083,95,0.0632,8
5-5-2026-03,Belagavi,Economic Offences,2026-03,5,5,24314,3,8,6,8,7,7.333,6.333,5.5,95,0.0842,9
5-5-2026-04,Belagavi,Economic Offences,2026-04,5,5,24315,4,9,8,6,4,7.667,6.5,5.667,118,0.0763,10
5-5-2026-05,Belagavi,Economic Offences,2026-05,5,5,24316,5,10,9,8,6,9.0,7.333,6.167,108,0.0926,8
5-5-2026-06,Belagavi,Economic Offences,2026-06,5,5,24317,6,8,10,9,2,9.0,8.167,6.333,90,0.0889,7
5-6-2024-02,Belagavi,NDPS,2024-02,5,6,24289,2,1,1,3,2,1.667,2.667,2.5,61,0.0164,1
5-6-2024-03,Belagavi,NDPS,2024-03,5,6,24290,3,1,1,1,4,1.0,2.167,2.417,49,0.0204,0
5-6-2024-04,Belagavi,NDPS,2024-04,5,6,24291,4,0,1,1,2,0.667,1.833,2.083,53,0.0,0
5-6-2024-05,Belagavi,NDPS,2024-05,5,6,24292,5,0,0,1,3,0.333,1.0,1.917,51,0.0,1
5-6-2024-06,Belagavi,NDPS,2024-06,5,6,24293,6,1,0,0,2,0.333,0.667,1.75,53,0.0189,2
5-6-2024-07,Belagavi,NDPS,2024-07,5,6,24294,7,2,1,0,1,1.0,0.833,1.75,51,0.0392,2
5-6-2024-08,Belagavi,NDPS,2024-08,5,6,24295,8,2,2,1,4,1.667,1.0,1.833,57,0.0351,2
5-6-2024-09,Belagavi,NDPS,2024-09,5,6,24296,9,2,2,2,2,2.0,1.167,1.667,58,0.0345,2
5-6-2024-10,Belagavi,NDPS,2024-10,5,6,24297,10,2,2,2,5,2.0,1.5,1.667,59,0.0339,5
5-6-2024-11,Belagavi,NDPS,2024-11,5,6,24298,11,5,2,2,3,3.0,2.333,1.667,77,0.0649,1
5-6-2024-12,Belagavi,NDPS,2024-12,5,6,24299,12,1,5,2,1,2.667,2.333,1.5,86,0.0116,1
5-6-2025-01,Belagavi,NDPS,2025-01,5,6,24300,1,1,1,5,1,2.333,2.167,1.5,54,0.0185,3
5-6-2025-02,Belagavi,NDPS,2025-02,5,6,24301,2,3,1,1,1,1.667,2.333,1.667,50,0.06,2
5-6-2025-03,Belagavi,NDPS,2025-03,5,6,24302,3,2,3,1,0,2.0,2.333,1.75,49,0.0408,2
5-6-2025-04,Belagavi,NDPS,2025-04,5,6,24303,4,2,2,3,0,2.333,2.333,1.917,60,0.0333,2
5-6-2025-05,Belagavi,NDPS,2025-05,5,6,24304,5,2,2,2,1,2.0,1.833,2.083,48,0.0417,1
5-6-2025-06,Belagavi,NDPS,2025-06,5,6,24305,6,1,2,2,2,1.667,1.833,2.083,53,0.0189,3
5-6-2025-07,Belagavi,NDPS,2025-07,5,6,24306,7,3,1,2,2,2.0,2.167,2.167,61,0.0492,3
5-6-2025-08,Belagavi,NDPS,2025-08,5,6,24307,8,3,3,1,2,2.333,2.167,2.25,49,0.0612,1
5-6-2025-09,Belagavi,NDPS,2025-09,5,6,24308,9,1,3,3,2,2.333,2.0,2.167,61,0.0164,3
5-6-2025-10,Belagavi,NDPS,2025-10,5,6,24309,10,3,1,3,5,2.333,2.167,2.25,54,0.0556,2
5-6-2025-11,Belagavi,NDPS,2025-11,5,6,24310,11,2,3,1,1,2.0,2.167,2.0,80,0.025,3
5-6-2025-12,Belagavi,NDPS,2025-12,5,6,24311,12,3,2,3,1,2.667,2.5,2.167,80,0.0375,2
5-6-2026-01,Belagavi,NDPS,2026-01,5,6,24312,1,2,3,2,3,2.333,2.333,2.25,75,0.0267,4
5-6-2026-02,Belagavi,NDPS,2026-02,5,6,24313,2,4,2,3,2,3.0,2.5,2.333,95,0.0421,3
5-6-2026-03,Belagavi,NDPS,2026-03,5,6,24314,3,3,4,2,2,3.0,2.833,2.417,95,0.0316,6
5-6-2026-04,Belagavi,NDPS,2026-04,5,6,24315,4,6,3,4,2,4.333,3.333,2.75,118,0.0508,0
5-6-2026-05,Belagavi,NDPS,2026-05,5,6,24316,5,0,6,3,1,3.0,3.0,2.583,108,0.0,2
5-6-2026-06,Belagavi,NDPS,2026-06,5,6,24317,6,2,0,6,3,2.667,2.833,2.667,90,0.0222,5
5-7-2024-02,Belagavi,Missing / UDR,2024-02,5,7,24289,2,5,5,3,2,4.333,3.667,3.417,61,0.082,4
5-7-2024-03,Belagavi,Missing / UDR,2024-03,5,7,24290,3,4,5,5,1,4.667,4.0,3.583,49,0.0816,1
5-7-2024-04,Belagavi,Missing / UDR,2024-04,5,7,24291,4,1,4,5,7,3.333,3.833,3.583,53,0.0189,1
5-7-2024-05,Belagavi,Missing / UDR,2024-05,5,7,24292,5,1,1,4,4,2.0,3.167,3.083,51,0.0196,4
5-7-2024-06,Belagavi,Missing / UDR,2024-06,5,7,24293,6,4,1,1,3,2.0,3.333,3.083,53,0.0755,1
5-7-2024-07,Belagavi,Missing / UDR,2024-07,5,7,24294,7,1,4,1,2,2.0,2.667,2.917,51,0.0196,3
5-7-2024-08,Belagavi,Missing / UDR,2024-08,5,7,24295,8,3,1,4,2,2.667,2.333,3.0,57,0.0526,5
5-7-2024-09,Belagavi,Missing / UDR,2024-09,5,7,24296,9,5,3,1,2,3.0,2.5,3.25,58,0.0862,2
5-7-2024-10,Belagavi,Missing / UDR,2024-10,5,7,24297,10,2,5,3,5,3.333,2.667,3.25,59,0.0339,1
5-7-2024-11,Belagavi,Missing / UDR,2024-11,5,7,24298,11,1,2,5,3,2.667,2.667,2.917,77,0.013,2
5-7-2024-12,Belagavi,Missing / UDR,2024-12,5,7,24299,12,2,1,2,5,1.667,2.333,2.833,86,0.0233,5
5-7-2025-01,Belagavi,Missing / UDR,2025-01,5,7,24300,1,5,2,1,5,2.667,3.0,2.833,54,0.0926,4
5-7-2025-02,Belagavi,Missing / UDR,2025-02,5,7,24301,2,4,5,2,4,3.667,3.167,2.75,50,0.08,2
5-7-2025-03,Belagavi,Missing / UDR,2025-03,5,7,24302,3,2,4,5,1,3.667,2.667,2.583,49,0.0408,5
5-7-2025-04,Belagavi,Missing / UDR,2025-04,5,7,24303,4,5,2,4,1,3.667,3.167,2.917,60,0.0833,2
5-7-2025-05,Belagavi,Missing / UDR,2025-05,5,7,24304,5,2,5,2,4,3.0,3.333,3.0,48,0.0417,3
5-7-2025-06,Belagavi,Missing / UDR,2025-06,5,7,24305,6,3,2,5,1,3.333,3.5,2.917,53,0.0566,2
5-7-2025-07,Belagavi,Missing / UDR,2025-07,5,7,24306,7,2,3,2,3,2.333,3.0,3.0,61,0.0328,3
5-7-2025-08,Belagavi,Missing / UDR,2025-08,5,7,24307,8,3,2,3,5,2.667,2.833,3.0,49,0.0612,7
5-7-2025-09,Belagavi,Missing / UDR,2025-09,5,7,24308,9,7,3,2,2,4.0,3.667,3.167,61,0.1148,4
5-7-2025-10,Belagavi,Missing / UDR,2025-10,5,7,24309,10,4,7,3,1,4.667,3.5,3.333,54,0.0741,4
5-7-2025-11,Belagavi,Missing / UDR,2025-11,5,7,24310,11,4,4,7,2,5.0,3.833,3.583,80,0.05,3
5-7-2025-12,Belagavi,Missing / UDR,2025-12,5,7,24311,12,3,4,4,5,3.667,3.833,3.667,80,0.0375,2
5-7-2026-01,Belagavi,Missing / UDR,2026-01,5,7,24312,1,2,3,4,4,3.0,3.833,3.417,75,0.0267,7
5-7-2026-02,Belagavi,Missing / UDR,2026-02,5,7,24313,2,7,2,3,2,4.0,4.5,3.667,95,0.0737,4
5-7-2026-03,Belagavi,Missing / UDR,2026-03,5,7,24314,3,4,7,2,5,4.333,4.0,3.833,95,0.0421,8
5-7-2026-04,Belagavi,Missing / UDR,2026-04,5,7,24315,4,8,4,7,2,6.333,4.667,4.083,118,0.0678,7
5-7-2026-05,Belagavi,Missing / UDR,2026-05,5,7,24316,5,7,8,4,3,6.333,5.167,4.5,108,0.0648,8
5-7-2026-06,Belagavi,Missing / UDR,2026-06,5,7,24317,6,8,7,8,2,7.667,6.0,4.917,90,0.0889,5
5-8-2024-02,Belagavi,Traffic / PAR,2024-02,5,8,24289,2,4,1,2,1,2.333,2.0,2.333,61,0.0656,1
5-8-2024-03,Belagavi,Traffic / PAR,2024-03,5,8,24290,3,1,4,1,3,2.0,2.167,2.333,49,0.0204,3
5-8-2024-04,Belagavi,Traffic / PAR,2024-04,5,8,24291,4,3,1,4,4,2.667,2.167,2.333,53,0.0566,3
5-8-2024-05,Belagavi,Traffic / PAR,2024-05,5,8,24292,5,3,3,1,1,2.333,2.333,2.25,51,0.0588,2
5-8-2024-06,Belagavi,Traffic / PAR,2024-06,5,8,24293,6,2,3,3,4,2.667,2.333,2.333,53,0.0377,3
5-8-2024-07,Belagavi,Traffic / PAR,2024-07,5,8,24294,7,3,2,3,3,2.667,2.667,2.25,51,0.0588,4
5-8-2024-08,Belagavi,Traffic / PAR,2024-08,5,8,24295,8,4,3,2,0,3.0,2.667,2.333,57,0.0702,2
5-8-2024-09,Belagavi,Traffic / PAR,2024-09,5,8,24296,9,2,4,3,3,3.0,2.833,2.5,58,0.0345,4
5-8-2024-10,Belagavi,Traffic / PAR,2024-10,5,8,24297,10,4,2,4,2,3.333,3.0,2.583,59,0.0678,6
5-8-2024-11,Belagavi,Traffic / PAR,2024-11,5,8,24298,11,6,4,2,2,4.0,3.5,2.917,77,0.0779,2
5-8-2024-12,Belagavi,Traffic / PAR,2024-12,5,8,24299,12,2,6,4,1,4.0,3.5,2.917,86,0.0233,4
5-8-2025-01,Belagavi,Traffic / PAR,2025-01,5,8,24300,1,4,2,6,4,4.0,3.667,3.167,54,0.0741,0
5-8-2025-02,Belagavi,Traffic / PAR,2025-02,5,8,24301,2,0,4,2,1,2.0,3.0,2.833,50,0.0,1
5-8-2025-03,Belagavi,Traffic / PAR,2025-03,5,8,24302,3,1,0,4,3,1.667,2.833,2.833,49,0.0204,4
5-8-2025-04,Belagavi,Traffic / PAR,2025-04,5,8,24303,4,4,1,0,3,1.667,2.833,2.917,60,0.0667,0
5-8-2025-05,Belagavi,Traffic / PAR,2025-05,5,8,24304,5,0,4,1,2,1.667,1.833,2.667,48,0.0,2
5-8-2025-06,Belagavi,Traffic / PAR,2025-06,5,8,24305,6,2,0,4,3,2.0,1.833,2.667,53,0.0377,7
5-8-2025-07,Belagavi,Traffic / PAR,2025-07,5,8,24306,7,7,2,0,4,3.0,2.333,3.0,61,0.1148,4
5-8-2025-08,Belagavi,Traffic / PAR,2025-08,5,8,24307,8,4,7,2,2,4.333,3.0,3.0,49,0.0816,2
5-8-2025-09,Belagavi,Traffic / PAR,2025-09,5,8,24308,9,2,4,7,4,4.333,3.167,3.0,61,0.0328,4
5-8-2025-10,Belagavi,Traffic / PAR,2025-10,5,8,24309,10,4,2,4,6,3.333,3.167,3.0,54,0.0741,4
5-8-2025-11,Belagavi,Traffic / PAR,2025-11,5,8,24310,11,4,4,2,2,3.333,3.833,2.833,80,0.05,3
5-8-2025-12,Belagavi,Traffic / PAR,2025-12,5,8,24311,12,3,4,4,4,3.667,4.0,2.917,80,0.0375,5
5-8-2026-01,Belagavi,Traffic / PAR,2026-01,5,8,24312,1,5,3,4,0,4.0,3.667,3.0,75,0.0667,1
5-8-2026-02,Belagavi,Traffic / PAR,2026-02,5,8,24313,2,1,5,3,1,3.0,3.167,3.083,95,0.0105,10
5-8-2026-03,Belagavi,Traffic / PAR,2026-03,5,8,24314,3,10,1,5,4,5.333,4.5,3.833,95,0.1053,2
5-8-2026-04,Belagavi,Traffic / PAR,2026-04,5,8,24315,4,2,10,1,0,4.333,4.167,3.667,118,0.0169,4
5-8-2026-05,Belagavi,Traffic / PAR,2026-05,5,8,24316,5,4,2,10,2,5.333,4.167,4.0,108,0.037,5
5-8-2026-06,Belagavi,Traffic / PAR,2026-06,5,8,24317,6,5,4,2,7,3.667,4.5,4.25,90,0.0556,2
6-1-2024-02,Kalaburagi,Crimes Against Body,2024-02,6,1,24289,2,4,8,5,7,5.667,5.167,5.5,36,0.1111,7
6-1-2024-03,Kalaburagi,Crimes Against Body,2024-03,6,1,24290,3,7,4,8,4,6.333,5.833,5.5,32,0.2188,3
6-1-2024-04,Kalaburagi,Crimes Against Body,2024-04,6,1,24291,4,3,7,4,2,4.667,5.333,5.417,31,0.0968,11
6-1-2024-05,Kalaburagi,Crimes Against Body,2024-05,6,1,24292,5,11,3,7,6,7.0,6.333,6.167,30,0.3667,5
6-1-2024-06,Kalaburagi,Crimes Against Body,2024-06,6,1,24293,6,5,11,3,7,6.333,6.333,6.083,35,0.1429,1
6-1-2024-07,Kalaburagi,Crimes Against Body,2024-07,6,1,24294,7,1,5,11,9,5.667,5.167,5.583,30,0.0333,4
6-1-2024-08,Kalaburagi,Crimes Against Body,2024-08,6,1,24295,8,4,1,5,3,3.333,5.167,5.167,30,0.1333,1
6-1-2024-09,Kalaburagi,Crimes Against Body,2024-09,6,1,24296,9,1,4,1,6,2.0,4.167,5.0,32,0.0312,3
6-1-2024-10,Kalaburagi,Crimes Against Body,2024-10,6,1,24297,10,3,1,4,5,2.667,4.167,4.75,25,0.12,4
6-1-2024-11,Kalaburagi,Crimes Against Body,2024-11,6,1,24298,11,4,3,1,5,2.667,3.0,4.667,50,0.08,9
6-1-2024-12,Kalaburagi,Crimes Against Body,2024-12,6,1,24299,12,9,4,3,8,5.333,3.667,5.0,65,0.1385,2
6-1-2025-01,Kalaburagi,Crimes Against Body,2025-01,6,1,24300,1,2,9,4,4,5.0,3.833,4.5,32,0.0625,4
6-1-2025-02,Kalaburagi,Crimes Against Body,2025-02,6,1,24301,2,4,2,9,7,5.0,3.833,4.5,34,0.1176,4
6-1-2025-03,Kalaburagi,Crimes Against Body,2025-03,6,1,24302,3,4,4,2,3,3.333,4.333,4.25,31,0.129,3
6-1-2025-04,Kalaburagi,Crimes Against Body,2025-04,6,1,24303,4,3,4,4,11,3.667,4.333,4.25,36,0.0833,3
6-1-2025-05,Kalaburagi,Crimes Against Body,2025-05,6,1,24304,5,3,3,4,5,3.333,4.167,3.583,32,0.0938,6
6-1-2025-06,Kalaburagi,Crimes Against Body,2025-06,6,1,24305,6,6,3,3,1,4.0,3.667,3.667,32,0.1875,7
6-1-2025-07,Kalaburagi,Crimes Against Body,2025-07,6,1,24306,7,7,6,3,4,5.333,4.5,4.167,37,0.1892,5
6-1-2025-08,Kalaburagi,Crimes Against Body,2025-08,6,1,24307,8,5,7,6,1,6.0,4.667,4.25,33,0.1515,5
6-1-2025-09,Kalaburagi,Crimes Against Body,2025-09,6,1,24308,9,5,5,7,3,5.667,4.833,4.583,40,0.125,1
6-1-2025-10,Kalaburagi,Crimes Against Body,2025-10,6,1,24309,10,1,5,5,4,3.667,4.5,4.417,22,0.0455,5
6-1-2025-11,Kalaburagi,Crimes Against Body,2025-11,6,1,24310,11,5,1,5,9,3.667,4.833,4.5,61,0.082,6
6-1-2025-12,Kalaburagi,Crimes Against Body,2025-12,6,1,24311,12,6,5,1,2,4.0,4.833,4.25,56,0.1071,6
6-1-2026-01,Kalaburagi,Crimes Against Body,2026-01,6,1,24312,1,6,6,5,4,5.667,4.667,4.583,46,0.1304,6
6-1-2026-02,Kalaburagi,Crimes Against Body,2026-02,6,1,24313,2,6,6,6,4,6.0,4.833,4.75,63,0.0952,9
6-1-2026-03,Kalaburagi,Crimes Against Body,2026-03,6,1,24314,3,9,6,6,3,7.0,5.5,5.167,67,0.1343,10
6-1-2026-04,Kalaburagi,Crimes Against Body,2026-04,6,1,24315,4,10,9,6,3,8.333,7.0,5.75,79,0.1266,7
6-1-2026-05,Kalaburagi,Crimes Against Body,2026-05,6,1,24316,5,7,10,9,6,8.667,7.333,6.083,65,0.1077,14
6-1-2026-06,Kalaburagi,Crimes Against Body,2026-06,6,1,24317,6,14,7,10,7,10.333,8.667,6.75,81,0.1728,8
6-2-2024-02,Kalaburagi,Crimes Against Property,2024-02,6,2,24289,2,11,17,25,17,17.667,18.833,16.583,36,0.3056,14
6-2-2024-03,Kalaburagi,Crimes Against Property,2024-03,6,2,24290,3,14,11,17,15,14.0,17.667,16.333,32,0.4375,14
6-2-2024-04,Kalaburagi,Crimes Against Property,2024-04,6,2,24291,4,14,14,11,13,13.0,18.0,16.25,31,0.4516,9
6-2-2024-05,Kalaburagi,Crimes Against Property,2024-05,6,2,24292,5,9,14,14,10,12.333,15.0,15.917,30,0.3,12
6-2-2024-06,Kalaburagi,Crimes Against Property,2024-06,6,2,24293,6,12,9,14,15,11.667,12.833,16.083,35,0.3429,15
6-2-2024-07,Kalaburagi,Crimes Against Property,2024-07,6,2,24294,7,15,12,9,16,12.0,12.5,16.083,30,0.5,14
6-2-2024-08,Kalaburagi,Crimes Against Property,2024-08,6,2,24295,8,14,15,12,21,13.667,13.0,15.917,30,0.4667,10
6-2-2024-09,Kalaburagi,Crimes Against Property,2024-09,6,2,24296,9,10,14,15,12,13.0,12.333,15.0,32,0.3125,13
6-2-2024-10,Kalaburagi,Crimes Against Property,2024-10,6,2,24297,10,13,10,14,27,12.333,12.167,15.083,25,0.52,34
6-2-2024-11,Kalaburagi,Crimes Against Property,2024-11,6,2,24298,11,34,13,10,25,19.0,16.333,15.667,50,0.68,37
6-2-2024-12,Kalaburagi,Crimes Against Property,2024-12,6,2,24299,12,37,34,13,17,28.0,20.5,16.667,65,0.5692,19
6-2-2025-01,Kalaburagi,Crimes Against Property,2025-01,6,2,24300,1,19,37,34,11,30.0,21.167,16.833,32,0.5938,15
6-2-2025-02,Kalaburagi,Crimes Against Property,2025-02,6,2,24301,2,15,19,37,14,23.667,21.333,17.167,34,0.4412,17
6-2-2025-03,Kalaburagi,Crimes Against Property,2025-03,6,2,24302,3,17,15,19,14,17.0,22.5,17.417,31,0.5484,8
6-2-2025-04,Kalaburagi,Crimes Against Property,2025-04,6,2,24303,4,8,17,15,9,13.333,21.667,16.917,36,0.2222,12
6-2-2025-05,Kalaburagi,Crimes Against Property,2025-05,6,2,24304,5,12,8,17,12,12.333,18.0,17.167,32,0.375,8
6-2-2025-06,Kalaburagi,Crimes Against Property,2025-06,6,2,24305,6,8,12,8,15,9.333,13.167,16.833,32,0.25,20
6-2-2025-07,Kalaburagi,Crimes Against Property,2025-07,6,2,24306,7,20,8,12,14,13.333,13.333,17.25,37,0.5405,13
6-2-2025-08,Kalaburagi,Crimes Against Property,2025-08,6,2,24307,8,13,20,8,10,13.667,13.0,17.167,33,0.3939,12
6-2-2025-09,Kalaburagi,Crimes Against Property,2025-09,6,2,24308,9,12,13,20,13,15.0,12.167,17.333,40,0.3,9
6-2-2025-10,Kalaburagi,Crimes Against Property,2025-10,6,2,24309,10,9,12,13,34,11.333,12.333,17.0,22,0.4091,33
6-2-2025-11,Kalaburagi,Crimes Against Property,2025-11,6,2,24310,11,33,9,12,37,18.0,15.833,16.917,61,0.541,33
6-2-2025-12,Kalaburagi,Crimes Against Property,2025-12,6,2,24311,12,33,33,9,19,25.0,20.0,16.583,56,0.5893,18
6-2-2026-01,Kalaburagi,Crimes Against Property,2026-01,6,2,24312,1,18,33,33,15,28.0,19.667,16.5,46,0.3913,22
6-2-2026-02,Kalaburagi,Crimes Against Property,2026-02,6,2,24313,2,22,18,33,17,24.333,21.167,17.083,63,0.3492,24
6-2-2026-03,Kalaburagi,Crimes Against Property,2026-03,6,2,24314,3,24,22,18,8,21.333,23.167,17.667,67,0.3582,30
6-2-2026-04,Kalaburagi,Crimes Against Property,2026-04,6,2,24315,4,30,24,22,12,25.333,26.667,19.5,79,0.3797,25
6-2-2026-05,Kalaburagi,Crimes Against Property,2026-05,6,2,24316,5,25,30,24,8,26.333,25.333,20.583,65,0.3846,31
6-2-2026-06,Kalaburagi,Crimes Against Property,2026-06,6,2,24317,6,31,25,30,20,28.667,25.0,22.5,81,0.3827,34
6-3-2024-03,Kalaburagi,Crimes Against Women,2024-03,6,3,24290,3,1,2,3,5,2.0,2.667,2.417,32,0.0312,3
6-3-2024-04,Kalaburagi,Crimes Against Women,2024-04,6,3,24291,4,3,1,2,1,2.0,2.333,2.25,31,0.0968,1
6-3-2024-05,Kalaburagi,Crimes Against Women,2024-05,6,3,24292,5,1,3,1,2,1.667,2.167,2.25,30,0.0333,4
6-3-2024-06,Kalaburagi,Crimes Against Women,2024-06,6,3,24293,6,4,1,3,0,2.667,2.333,2.417,35,0.1143,2
6-3-2024-07,Kalaburagi,Crimes Against Women,2024-07,6,3,24294,7,2,4,1,3,2.333,2.167,2.583,30,0.0667,2
6-3-2024-08,Kalaburagi,Crimes Against Women,2024-08,6,3,24295,8,2,2,4,2,2.667,2.167,2.5,30,0.0667,3
6-3-2024-09,Kalaburagi,Crimes Against Women,2024-09,6,3,24296,9,3,2,2,5,2.333,2.5,2.583,32,0.0938,2
6-3-2024-10,Kalaburagi,Crimes Against Women,2024-10,6,3,24297,10,2,3,2,2,2.333,2.333,2.333,25,0.08,3
6-3-2024-11,Kalaburagi,Crimes Against Women,2024-11,6,3,24298,11,3,2,3,3,2.667,2.667,2.417,50,0.06,6
6-3-2024-12,Kalaburagi,Crimes Against Women,2024-12,6,3,24299,12,6,3,2,3,3.667,3.0,2.667,65,0.0923,1
6-3-2025-01,Kalaburagi,Crimes Against Women,2025-01,6,3,24300,1,1,6,3,2,3.333,2.833,2.5,32,0.0312,3
6-3-2025-02,Kalaburagi,Crimes Against Women,2025-02,6,3,24301,2,3,1,6,1,3.333,3.0,2.583,34,0.0882,1
6-3-2025-03,Kalaburagi,Crimes Against Women,2025-03,6,3,24302,3,1,3,1,3,1.667,2.667,2.583,31,0.0323,3
6-3-2025-04,Kalaburagi,Crimes Against Women,2025-04,6,3,24303,4,3,1,3,1,2.333,2.833,2.583,36,0.0833,5
6-3-2025-05,Kalaburagi,Crimes Against Women,2025-05,6,3,24304,5,5,3,1,4,3.0,3.167,2.917,32,0.1562,6
6-3-2025-06,Kalaburagi,Crimes Against Women,2025-06,6,3,24305,6,6,5,3,2,4.667,3.167,3.083,32,0.1875,1
6-3-2025-07,Kalaburagi,Crimes Against Women,2025-07,6,3,24306,7,1,6,5,2,4.0,3.167,3.0,37,0.027,2
6-3-2025-08,Kalaburagi,Crimes Against Women,2025-08,6,3,24307,8,2,1,6,3,3.0,3.0,3.0,33,0.0606,5
6-3-2025-09,Kalaburagi,Crimes Against Women,2025-09,6,3,24308,9,5,2,1,2,2.667,3.667,3.167,40,0.125,2
6-3-2025-10,Kalaburagi,Crimes Against Women,2025-10,6,3,24309,10,2,5,2,3,3.0,3.5,3.167,22,0.0909,4
6-3-2025-11,Kalaburagi,Crimes Against Women,2025-11,6,3,24310,11,4,2,5,6,3.667,3.333,3.25,61,0.0656,4
6-3-2025-12,Kalaburagi,Crimes Against Women,2025-12,6,3,24311,12,4,4,2,1,3.333,3.0,3.083,56,0.0714,5
6-3-2026-01,Kalaburagi,Crimes Against Women,2026-01,6,3,24312,1,5,4,4,3,4.333,3.667,3.417,46,0.1087,7
6-3-2026-02,Kalaburagi,Crimes Against Women,2026-02,6,3,24313,2,7,5,4,1,5.333,4.5,3.75,63,0.1111,4
6-3-2026-03,Kalaburagi,Crimes Against Women,2026-03,6,3,24314,3,4,7,5,3,5.333,4.333,4.0,67,0.0597,4
6-3-2026-04,Kalaburagi,Crimes Against Women,2026-04,6,3,24315,4,4,4,7,5,5.0,4.667,4.083,79,0.0506,10
6-3-2026-05,Kalaburagi,Crimes Against Women,2026-05,6,3,24316,5,10,4,4,6,6.0,5.667,4.5,65,0.1538,6
6-3-2026-06,Kalaburagi,Crimes Against Women,2026-06,6,3,24317,6,6,10,4,1,6.667,6.0,4.5,81,0.0741,4
6-4-2024-02,Kalaburagi,Cyber Crime,2024-02,6,4,24289,2,8,6,2,8,5.333,6.5,5.833,36,0.2222,3
6-4-2024-03,Kalaburagi,Cyber Crime,2024-03,6,4,24290,3,3,8,6,4,5.667,5.667,5.417,32,0.0938,5
6-4-2024-04,Kalaburagi,Cyber Crime,2024-04,6,4,24291,4,5,3,8,2,5.333,5.5,5.5,31,0.1613,3
6-4-2024-05,Kalaburagi,Cyber Crime,2024-05,6,4,24292,5,3,5,3,6,3.667,4.5,5.583,30,0.1,5
6-4-2024-06,Kalaburagi,Cyber Crime,2024-06,6,4,24293,6,5,3,5,5,4.333,5.0,5.5,35,0.1429,8
6-4-2024-07,Kalaburagi,Cyber Crime,2024-07,6,4,24294,7,8,5,3,6,5.333,5.333,5.75,30,0.2667,7
6-4-2024-08,Kalaburagi,Cyber Crime,2024-08,6,4,24295,8,7,8,5,8,6.667,5.167,5.833,30,0.2333,10
6-4-2024-09,Kalaburagi,Cyber Crime,2024-09,6,4,24296,9,10,7,8,6,8.333,6.333,6.0,32,0.3125,3
6-4-2024-10,Kalaburagi,Cyber Crime,2024-10,6,4,24297,10,3,10,7,9,6.667,6.0,5.75,25,0.12,4
6-4-2024-11,Kalaburagi,Cyber Crime,2024-11,6,4,24298,11,4,3,10,2,5.667,6.167,5.333,50,0.08,6
6-4-2024-12,Kalaburagi,Cyber Crime,2024-12,6,4,24299,12,6,4,3,6,4.333,6.333,5.667,65,0.0923,6
6-4-2025-01,Kalaburagi,Cyber Crime,2025-01,6,4,24300,1,6,6,4,8,5.333,6.0,5.667,32,0.1875,6
6-4-2025-02,Kalaburagi,Cyber Crime,2025-02,6,4,24301,2,6,6,6,3,6.0,5.833,5.5,34,0.1765,4
6-4-2025-03,Kalaburagi,Cyber Crime,2025-03,6,4,24302,3,4,6,6,5,5.333,4.833,5.583,31,0.129,14
6-4-2025-04,Kalaburagi,Cyber Crime,2025-04,6,4,24303,4,14,4,6,3,8.0,6.667,6.333,36,0.3889,7
6-4-2025-05,Kalaburagi,Cyber Crime,2025-05,6,4,24304,5,7,14,4,5,8.333,7.167,6.667,32,0.2188,5
6-4-2025-06,Kalaburagi,Cyber Crime,2025-06,6,4,24305,6,5,7,14,8,8.667,7.0,6.667,32,0.1562,6
6-4-2025-07,Kalaburagi,Cyber Crime,2025-07,6,4,24306,7,6,5,7,7,6.0,7.0,6.5,37,0.1622,7
6-4-2025-08,Kalaburagi,Cyber Crime,2025-08,6,4,24307,8,7,6,5,10,6.0,7.167,6.5,33,0.2121,7
6-4-2025-09,Kalaburagi,Cyber Crime,2025-09,6,4,24308,9,7,7,6,3,6.667,7.667,6.25,40,0.175,4
6-4-2025-10,Kalaburagi,Cyber Crime,2025-10,6,4,24309,10,4,7,7,4,6.0,6.0,6.333,22,0.1818,13
6-4-2025-11,Kalaburagi,Cyber Crime,2025-11,6,4,24310,11,13,4,7,6,8.0,7.0,7.083,61,0.2131,5
6-4-2025-12,Kalaburagi,Cyber Crime,2025-12,6,4,24311,12,5,13,4,6,7.333,7.0,7.0,56,0.0893,5
6-4-2026-01,Kalaburagi,Cyber Crime,2026-01,6,4,24312,1,5,5,13,6,7.667,6.833,6.917,46,0.1087,10
6-4-2026-02,Kalaburagi,Cyber Crime,2026-02,6,4,24313,2,10,5,5,4,6.667,7.333,7.25,63,0.1587,13
6-4-2026-03,Kalaburagi,Cyber Crime,2026-03,6,4,24314,3,13,10,5,14,9.333,8.333,8.0,67,0.194,17
6-4-2026-04,Kalaburagi,Cyber Crime,2026-04,6,4,24315,4,17,13,10,7,13.333,10.5,8.25,79,0.2152,11
6-4-2026-05,Kalaburagi,Cyber Crime,2026-05,6,4,24316,5,11,17,13,5,13.667,10.167,8.583,65,0.1692,16
6-4-2026-06,Kalaburagi,Cyber Crime,2026-06,6,4,24317,6,16,11,17,6,14.667,12.0,9.5,81,0.1975,12
6-5-2024-02,Kalaburagi,Economic Offences,2024-02,6,5,24289,2,2,2,2,3,2.0,3.0,2.917,36,0.0556,4
6-5-2024-03,Kalaburagi,Economic Offences,2024-03,6,5,24290,3,4,2,2,4,2.667,3.0,3.0,32,0.125,1
6-5-2024-04,Kalaburagi,Economic Offences,2024-04,6,5,24291,4,1,4,2,4,2.333,2.5,2.75,31,0.0323,2
6-5-2024-05,Kalaburagi,Economic Offences,2024-05,6,5,24292,5,2,1,4,2,2.333,2.167,2.583,30,0.0667,2
6-5-2024-06,Kalaburagi,Economic Offences,2024-06,6,5,24293,6,2,2,1,4,1.667,2.167,2.583,35,0.0571,2
6-5-2024-07,Kalaburagi,Economic Offences,2024-07,6,5,24294,7,2,2,2,0,2.0,2.167,2.417,30,0.0667,0
6-5-2024-08,Kalaburagi,Economic Offences,2024-08,6,5,24295,8,0,2,2,4,1.333,1.833,2.417,30,0.0,3
6-5-2024-09,Kalaburagi,Economic Offences,2024-09,6,5,24296,9,3,0,2,4,1.667,1.667,2.333,32,0.0938,2
6-5-2024-10,Kalaburagi,Economic Offences,2024-10,6,5,24297,10,2,3,0,4,1.667,1.833,2.167,25,0.08,2
6-5-2024-11,Kalaburagi,Economic Offences,2024-11,6,5,24298,11,2,2,3,2,2.333,1.833,2.0,50,0.04,3
6-5-2024-12,Kalaburagi,Economic Offences,2024-12,6,5,24299,12,3,2,2,2,2.333,2.0,2.083,65,0.0462,2
6-5-2025-01,Kalaburagi,Economic Offences,2025-01,6,5,24300,1,2,3,2,2,2.333,2.0,2.083,32,0.0625,3
6-5-2025-02,Kalaburagi,Economic Offences,2025-02,6,5,24301,2,3,2,3,4,2.667,2.5,2.167,34,0.0882,2
6-5-2025-03,Kalaburagi,Economic Offences,2025-03,6,5,24302,3,2,3,2,1,2.333,2.333,2.0,31,0.0645,1
6-5-2025-04,Kalaburagi,Economic Offences,2025-04,6,5,24303,4,1,2,3,2,2.0,2.167,2.0,36,0.0278,2
6-5-2025-05,Kalaburagi,Economic Offences,2025-05,6,5,24304,5,2,1,2,2,1.667,2.167,2.0,32,0.0625,3
6-5-2025-06,Kalaburagi,Economic Offences,2025-06,6,5,24305,6,3,2,1,2,2.0,2.167,2.083,32,0.0938,3
6-5-2025-07,Kalaburagi,Economic Offences,2025-07,6,5,24306,7,3,3,2,0,2.667,2.333,2.167,37,0.0811,3
6-5-2025-08,Kalaburagi,Economic Offences,2025-08,6,5,24307,8,3,3,3,3,3.0,2.333,2.417,33,0.0909,4
6-5-2025-09,Kalaburagi,Economic Offences,2025-09,6,5,24308,9,4,3,3,2,3.333,2.667,2.5,40,0.1,0
6-5-2025-10,Kalaburagi,Economic Offences,2025-10,6,5,24309,10,0,4,3,2,2.333,2.5,2.333,22,0.0,0
6-5-2025-11,Kalaburagi,Economic Offences,2025-11,6,5,24310,11,0,0,4,3,1.333,2.167,2.167,61,0.0,4
6-5-2025-12,Kalaburagi,Economic Offences,2025-12,6,5,24311,12,4,0,0,2,1.333,2.333,2.25,56,0.0714,8
6-5-2026-01,Kalaburagi,Economic Offences,2026-01,6,5,24312,1,8,4,0,3,4.0,3.167,2.75,46,0.1739,12
6-5-2026-02,Kalaburagi,Economic Offences,2026-02,6,5,24313,2,12,8,4,2,8.0,4.667,3.5,63,0.1905,7
6-5-2026-03,Kalaburagi,Economic Offences,2026-03,6,5,24314,3,7,12,8,1,9.0,5.167,3.917,67,0.1045,9
6-5-2026-04,Kalaburagi,Economic Offences,2026-04,6,5,24315,4,9,7,12,2,9.333,6.667,4.583,79,0.1139,6
6-5-2026-05,Kalaburagi,Economic Offences,2026-05,6,5,24316,5,6,9,7,3,7.333,7.667,4.917,65,0.0923,6
6-5-2026-06,Kalaburagi,Economic Offences,2026-06,6,5,24317,6,6,6,9,3,7.0,8.0,5.167,81,0.0741,8
6-6-2024-02,Kalaburagi,NDPS,2024-02,6,6,24289,2,5,1,1,4,2.333,1.5,1.5,36,0.1389,1
6-6-2024-03,Kalaburagi,NDPS,2024-03,6,6,24290,3,1,5,1,0,2.333,1.5,1.25,32,0.0312,0
6-6-2024-04,Kalaburagi,NDPS,2024-04,6,6,24291,4,0,1,5,2,2.0,1.5,1.25,31,0.0,0
6-6-2024-05,Kalaburagi,NDPS,2024-05,6,6,24292,5,0,0,1,0,0.333,1.333,1.083,30,0.0,0
6-6-2024-06,Kalaburagi,NDPS,2024-06,6,6,24293,6,0,0,0,1,0.0,1.167,1.083,35,0.0,0
6-6-2024-07,Kalaburagi,NDPS,2024-07,6,6,24294,7,0,0,0,2,0.0,1.0,1.0,30,0.0,1
6-6-2024-08,Kalaburagi,NDPS,2024-08,6,6,24295,8,1,0,0,1,0.333,0.333,0.917,30,0.0333,2
6-6-2024-09,Kalaburagi,NDPS,2024-09,6,6,24296,9,2,1,0,0,1.0,0.5,1.0,32,0.0625,1
6-6-2024-10,Kalaburagi,NDPS,2024-10,6,6,24297,10,1,2,1,1,1.333,0.667,1.083,25,0.04,1
6-6-2024-11,Kalaburagi,NDPS,2024-11,6,6,24298,11,1,1,2,1,1.333,0.833,1.083,50,0.02,0
6-6-2024-12,Kalaburagi,NDPS,2024-12,6,6,24299,12,0,1,1,1,0.667,0.833,1.0,65,0.0,2
6-6-2025-01,Kalaburagi,NDPS,2025-01,6,6,24300,1,2,0,1,5,1.0,1.167,1.083,32,0.0625,1
6-6-2025-02,Kalaburagi,NDPS,2025-02,6,6,24301,2,1,2,0,1,1.0,1.167,0.75,34,0.0294,0
6-6-2025-03,Kalaburagi,NDPS,2025-03,6,6,24302,3,0,1,2,0,1.0,0.833,0.667,31,0.0,2
6-6-2025-04,Kalaburagi,NDPS,2025-04,6,6,24303,4,2,0,1,0,1.0,1.0,0.833,36,0.0556,0
6-6-2025-05,Kalaburagi,NDPS,2025-05,6,6,24304,5,0,2,0,0,0.667,0.833,0.833,32,0.0,1
6-6-2025-06,Kalaburagi,NDPS,2025-06,6,6,24305,6,1,0,2,0,1.0,1.0,0.917,32,0.0312,0
6-6-2025-07,Kalaburagi,NDPS,2025-07,6,6,24306,7,0,1,0,1,0.333,0.667,0.917,37,0.0,0
6-6-2025-08,Kalaburagi,NDPS,2025-08,6,6,24307,8,0,0,1,2,0.333,0.5,0.833,33,0.0,1
6-6-2025-09,Kalaburagi,NDPS,2025-09,6,6,24308,9,1,0,0,1,0.333,0.667,0.75,40,0.025,2
6-6-2025-10,Kalaburagi,NDPS,2025-10,6,6,24309,10,2,1,0,1,1.0,0.667,0.833,22,0.0909,3
6-6-2025-11,Kalaburagi,NDPS,2025-11,6,6,24310,11,3,2,1,0,2.0,1.167,1.0,61,0.0492,1
6-6-2025-12,Kalaburagi,NDPS,2025-12,6,6,24311,12,1,3,2,2,2.0,1.167,1.083,56,0.0179,2
6-6-2026-01,Kalaburagi,NDPS,2026-01,6,6,24312,1,2,1,3,1,2.0,1.5,1.083,46,0.0435,0
6-6-2026-02,Kalaburagi,NDPS,2026-02,6,6,24313,2,0,2,1,0,1.0,1.5,1.0,63,0.0,1
6-6-2026-03,Kalaburagi,NDPS,2026-03,6,6,24314,3,1,0,2,2,1.0,1.5,1.083,67,0.0149,6
6-6-2026-04,Kalaburagi,NDPS,2026-04,6,6,24315,4,6,1,0,0,2.333,2.167,1.417,79,0.0759,2
6-6-2026-05,Kalaburagi,NDPS,2026-05,6,6,24316,5,2,6,1,1,3.0,2.0,1.583,65,0.0308,2
6-6-2026-06,Kalaburagi,NDPS,2026-06,6,6,24317,6,2,2,6,0,3.333,2.167,1.667,81,0.0247,3
6-7-2024-02,Kalaburagi,Missing / UDR,2024-02,6,7,24289,2,2,3,0,2,1.667,1.667,1.583,36,0.0556,1
6-7-2024-03,Kalaburagi,Missing / UDR,2024-03,6,7,24290,3,1,2,3,1,2.0,1.5,1.5,32,0.0312,3
6-7-2024-04,Kalaburagi,Missing / UDR,2024-04,6,7,24291,4,3,1,2,1,2.0,1.667,1.667,31,0.0968,1
6-7-2024-05,Kalaburagi,Missing / UDR,2024-05,6,7,24292,5,1,3,1,3,1.667,1.667,1.667,30,0.0333,3
6-7-2024-06,Kalaburagi,Missing / UDR,2024-06,6,7,24293,6,3,1,3,0,2.333,2.167,1.667,35,0.0857,1
6-7-2024-07,Kalaburagi,Missing / UDR,2024-07,6,7,24294,7,1,3,1,2,1.667,1.833,1.75,30,0.0333,2
6-7-2024-08,Kalaburagi,Missing / UDR,2024-08,6,7,24295,8,2,1,3,2,2.0,1.833,1.75,30,0.0667,1
6-7-2024-09,Kalaburagi,Missing / UDR,2024-09,6,7,24296,9,1,2,1,2,1.333,1.833,1.667,32,0.0312,1
6-7-2024-10,Kalaburagi,Missing / UDR,2024-10,6,7,24297,10,1,1,2,1,1.333,1.5,1.583,25,0.04,0
6-7-2024-11,Kalaburagi,Missing / UDR,2024-11,6,7,24298,11,0,1,1,0,0.667,1.333,1.5,50,0.0,0
6-7-2024-12,Kalaburagi,Missing / UDR,2024-12,6,7,24299,12,0,0,1,3,0.333,0.833,1.5,65,0.0,0
6-7-2025-01,Kalaburagi,Missing / UDR,2025-01,6,7,24300,1,0,0,0,2,0.0,0.667,1.25,32,0.0,1
6-7-2025-02,Kalaburagi,Missing / UDR,2025-02,6,7,24301,2,1,0,0,1,0.333,0.5,1.167,34,0.0294,0
6-7-2025-03,Kalaburagi,Missing / UDR,2025-03,6,7,24302,3,0,1,0,3,0.333,0.333,1.083,31,0.0,1
6-7-2025-04,Kalaburagi,Missing / UDR,2025-04,6,7,24303,4,1,0,1,1,0.667,0.333,0.917,36,0.0278,2
6-7-2025-05,Kalaburagi,Missing / UDR,2025-05,6,7,24304,5,2,1,0,3,1.0,0.667,1.0,32,0.0625,2
6-7-2025-06,Kalaburagi,Missing / UDR,2025-06,6,7,24305,6,2,2,1,1,1.667,1.0,0.917,32,0.0625,0
6-7-2025-07,Kalaburagi,Missing / UDR,2025-07,6,7,24306,7,0,2,2,2,1.333,1.0,0.833,37,0.0,3
6-7-2025-08,Kalaburagi,Missing / UDR,2025-08,6,7,24307,8,3,0,2,1,1.667,1.333,0.917,33,0.0909,4
6-7-2025-09,Kalaburagi,Missing / UDR,2025-09,6,7,24308,9,4,3,0,1,2.333,2.0,1.167,40,0.1,2
6-7-2025-10,Kalaburagi,Missing / UDR,2025-10,6,7,24309,10,2,4,3,0,3.0,2.167,1.25,22,0.0909,1
6-7-2025-11,Kalaburagi,Missing / UDR,2025-11,6,7,24310,11,1,2,4,0,2.333,2.0,1.333,61,0.0164,2
6-7-2025-12,Kalaburagi,Missing / UDR,2025-12,6,7,24311,12,2,1,2,0,1.667,2.0,1.5,56,0.0357,2
6-7-2026-01,Kalaburagi,Missing / UDR,2026-01,6,7,24312,1,2,2,1,1,1.667,2.333,1.667,46,0.0435,5
6-7-2026-02,Kalaburagi,Missing / UDR,2026-02,6,7,24313,2,5,2,2,0,3.0,2.667,2.0,63,0.0794,6
6-7-2026-03,Kalaburagi,Missing / UDR,2026-03,6,7,24314,3,6,5,2,1,4.333,3.0,2.5,67,0.0896,2
6-7-2026-04,Kalaburagi,Missing / UDR,2026-04,6,7,24315,4,2,6,5,2,4.333,3.0,2.583,79,0.0253,0
6-7-2026-05,Kalaburagi,Missing / UDR,2026-05,6,7,24316,5,0,2,6,2,2.667,2.833,2.417,65,0.0,4
6-7-2026-06,Kalaburagi,Missing / UDR,2026-06,6,7,24317,6,4,0,2,0,2.0,3.167,2.583,81,0.0494,3
6-8-2024-02,Kalaburagi,Traffic / PAR,2024-02,6,8,24289,2,2,3,1,0,2.0,2.167,1.917,36,0.0556,1
6-8-2024-03,Kalaburagi,Traffic / PAR,2024-03,6,8,24290,3,1,2,3,2,2.0,2.167,2.0,32,0.0312,2
6-8-2024-04,Kalaburagi,Traffic / PAR,2024-04,6,8,24291,4,2,1,2,1,1.667,1.5,2.0,31,0.0645,3
6-8-2024-05,Kalaburagi,Traffic / PAR,2024-05,6,8,24292,5,3,2,1,1,2.0,2.0,2.167,30,0.1,4
6-8-2024-06,Kalaburagi,Traffic / PAR,2024-06,6,8,24293,6,4,3,2,5,3.0,2.5,2.417,35,0.1143,1
6-8-2024-07,Kalaburagi,Traffic / PAR,2024-07,6,8,24294,7,1,4,3,1,2.667,2.167,2.083,30,0.0333,0
6-8-2024-08,Kalaburagi,Traffic / PAR,2024-08,6,8,24295,8,0,1,4,1,1.667,1.833,2.0,30,0.0,2
6-8-2024-09,Kalaburagi,Traffic / PAR,2024-09,6,8,24296,9,2,0,1,6,1.0,2.0,2.083,32,0.0625,0
6-8-2024-10,Kalaburagi,Traffic / PAR,2024-10,6,8,24297,10,0,2,0,0,0.667,1.667,1.583,25,0.0,2
6-8-2024-11,Kalaburagi,Traffic / PAR,2024-11,6,8,24298,11,2,0,2,1,1.333,1.5,1.75,50,0.04,4
6-8-2024-12,Kalaburagi,Traffic / PAR,2024-12,6,8,24299,12,4,2,0,3,2.0,1.5,2.0,65,0.0615,0
6-8-2025-01,Kalaburagi,Traffic / PAR,2025-01,6,8,24300,1,0,4,2,2,2.0,1.333,1.75,32,0.0,1
6-8-2025-02,Kalaburagi,Traffic / PAR,2025-02,6,8,24301,2,1,0,4,1,1.667,1.5,1.667,34,0.0294,3
6-8-2025-03,Kalaburagi,Traffic / PAR,2025-03,6,8,24302,3,3,1,0,2,1.333,1.667,1.833,31,0.0968,4
6-8-2025-04,Kalaburagi,Traffic / PAR,2025-04,6,8,24303,4,4,3,1,3,2.667,2.333,2.0,36,0.1111,1
6-8-2025-05,Kalaburagi,Traffic / PAR,2025-05,6,8,24304,5,1,4,3,4,2.667,2.167,1.833,32,0.0312,1
6-8-2025-06,Kalaburagi,Traffic / PAR,2025-06,6,8,24305,6,1,1,4,1,2.0,1.667,1.583,32,0.0312,0
6-8-2025-07,Kalaburagi,Traffic / PAR,2025-07,6,8,24306,7,0,1,1,0,0.667,1.667,1.5,37,0.0,0
6-8-2025-08,Kalaburagi,Traffic / PAR,2025-08,6,8,24307,8,0,0,1,2,0.333,1.5,1.5,33,0.0,2
6-8-2025-09,Kalaburagi,Traffic / PAR,2025-09,6,8,24308,9,2,0,0,0,0.667,1.333,1.5,40,0.05,2
6-8-2025-10,Kalaburagi,Traffic / PAR,2025-10,6,8,24309,10,2,2,0,2,1.333,1.0,1.667,22,0.0909,2
6-8-2025-11,Kalaburagi,Traffic / PAR,2025-11,6,8,24310,11,2,2,2,4,2.0,1.167,1.667,61,0.0328,1
6-8-2025-12,Kalaburagi,Traffic / PAR,2025-12,6,8,24311,12,1,2,2,0,1.667,1.167,1.417,56,0.0179,0
6-8-2026-01,Kalaburagi,Traffic / PAR,2026-01,6,8,24312,1,0,1,2,1,1.0,1.167,1.417,46,0.0,1
6-8-2026-02,Kalaburagi,Traffic / PAR,2026-02,6,8,24313,2,1,0,1,3,0.667,1.333,1.417,63,0.0159,3
6-8-2026-03,Kalaburagi,Traffic / PAR,2026-03,6,8,24314,3,3,1,0,4,1.333,1.5,1.417,67,0.0448,1
6-8-2026-04,Kalaburagi,Traffic / PAR,2026-04,6,8,24315,4,1,3,1,1,1.667,1.333,1.167,79,0.0127,4
6-8-2026-05,Kalaburagi,Traffic / PAR,2026-05,6,8,24316,5,4,1,3,1,2.667,1.667,1.417,65,0.0615,2
6-8-2026-06,Kalaburagi,Traffic / PAR,2026-06,6,8,24317,6,2,4,1,0,2.333,1.833,1.5,81,0.0247,4
7-1-2024-02,Hubballi-Dharwad,Crimes Against Body,2024-02,7,1,24289,2,1,6,7,5,4.667,4.667,5.083,36,0.0278,8
7-1-2024-03,Hubballi-Dharwad,Crimes Against Body,2024-03,7,1,24290,3,8,1,6,4,5.0,5.167,5.333,37,0.2162,7
7-1-2024-04,Hubballi-Dharwad,Crimes Against Body,2024-04,7,1,24291,4,7,8,1,5,5.333,5.333,5.583,50,0.14,10
7-1-2024-05,Hubballi-Dharwad,Crimes Against Body,2024-05,7,1,24292,5,10,7,8,5,8.333,6.5,6.0,44,0.2273,4
7-1-2024-06,Hubballi-Dharwad,Crimes Against Body,2024-06,7,1,24293,6,4,10,7,8,7.0,6.0,5.917,45,0.0889,9
7-1-2024-07,Hubballi-Dharwad,Crimes Against Body,2024-07,7,1,24294,7,9,4,10,6,7.667,6.5,6.0,53,0.1698,6
7-1-2024-08,Hubballi-Dharwad,Crimes Against Body,2024-08,7,1,24295,8,6,9,4,5,6.333,7.333,6.0,50,0.12,5
7-1-2024-09,Hubballi-Dharwad,Crimes Against Body,2024-09,7,1,24296,9,5,6,9,6,6.667,6.833,6.0,36,0.1389,9
7-1-2024-10,Hubballi-Dharwad,Crimes Against Body,2024-10,7,1,24297,10,9,5,6,3,6.667,7.167,6.25,51,0.1765,2
7-1-2024-11,Hubballi-Dharwad,Crimes Against Body,2024-11,7,1,24298,11,2,9,5,7,5.333,5.833,6.167,53,0.0377,6
7-1-2024-12,Hubballi-Dharwad,Crimes Against Body,2024-12,7,1,24299,12,6,2,9,6,5.667,6.167,6.083,68,0.0882,4
7-1-2025-01,Hubballi-Dharwad,Crimes Against Body,2025-01,7,1,24300,1,4,6,2,1,4.0,5.333,5.917,48,0.0833,10
7-1-2025-02,Hubballi-Dharwad,Crimes Against Body,2025-02,7,1,24301,2,10,4,6,8,6.667,6.0,6.667,51,0.1961,7
7-1-2025-03,Hubballi-Dharwad,Crimes Against Body,2025-03,7,1,24302,3,7,10,4,7,7.0,6.333,6.583,44,0.1591,7
7-1-2025-04,Hubballi-Dharwad,Crimes Against Body,2025-04,7,1,24303,4,7,7,10,10,8.0,6.0,6.583,36,0.1944,4
7-1-2025-05,Hubballi-Dharwad,Crimes Against Body,2025-05,7,1,24304,5,4,7,7,4,6.0,6.333,6.083,41,0.0976,7
7-1-2025-06,Hubballi-Dharwad,Crimes Against Body,2025-06,7,1,24305,6,7,4,7,9,6.0,6.5,6.333,44,0.1591,5
7-1-2025-07,Hubballi-Dharwad,Crimes Against Body,2025-07,7,1,24306,7,5,7,4,6,5.333,6.667,6.0,38,0.1316,5
7-1-2025-08,Hubballi-Dharwad,Crimes Against Body,2025-08,7,1,24307,8,5,5,7,5,5.667,5.833,5.917,38,0.1316,7
7-1-2025-09,Hubballi-Dharwad,Crimes Against Body,2025-09,7,1,24308,9,7,5,5,9,5.667,5.833,6.083,37,0.1892,6
7-1-2025-10,Hubballi-Dharwad,Crimes Against Body,2025-10,7,1,24309,10,6,7,5,2,6.0,5.667,5.833,33,0.1818,7
7-1-2025-11,Hubballi-Dharwad,Crimes Against Body,2025-11,7,1,24310,11,7,6,7,6,6.667,6.167,6.25,51,0.1373,5
7-1-2025-12,Hubballi-Dharwad,Crimes Against Body,2025-12,7,1,24311,12,5,7,6,4,6.0,5.833,6.167,64,0.0781,7
7-1-2026-01,Hubballi-Dharwad,Crimes Against Body,2026-01,7,1,24312,1,7,5,7,10,6.333,6.167,6.417,44,0.1591,12
7-1-2026-02,Hubballi-Dharwad,Crimes Against Body,2026-02,7,1,24313,2,12,7,5,7,8.0,7.333,6.583,76,0.1579,13
7-1-2026-03,Hubballi-Dharwad,Crimes Against Body,2026-03,7,1,24314,3,13,12,7,7,10.667,8.333,7.083,82,0.1585,6
7-1-2026-04,Hubballi-Dharwad,Crimes Against Body,2026-04,7,1,24315,4,6,13,12,4,10.333,8.333,7.0,77,0.0779,13
7-1-2026-05,Hubballi-Dharwad,Crimes Against Body,2026-05,7,1,24316,5,13,6,13,7,10.667,9.333,7.75,78,0.1667,21
7-1-2026-06,Hubballi-Dharwad,Crimes Against Body,2026-06,7,1,24317,6,21,13,6,5,13.333,12.0,8.917,85,0.2471,17
7-2-2024-02,Hubballi-Dharwad,Crimes Against Property,2024-02,7,2,24289,2,16,17,37,11,23.333,22.167,17.333,36,0.4444,9
7-2-2024-03,Hubballi-Dharwad,Crimes Against Property,2024-03,7,2,24290,3,9,16,17,14,14.0,21.5,17.167,37,0.2432,19
7-2-2024-04,Hubballi-Dharwad,Crimes Against Property,2024-04,7,2,24291,4,19,9,16,18,14.667,21.0,17.583,50,0.38,17
7-2-2024-05,Hubballi-Dharwad,Crimes Against Property,2024-05,7,2,24292,5,17,19,9,6,15.0,19.167,17.5,44,0.3864,18
7-2-2024-06,Hubballi-Dharwad,Crimes Against Property,2024-06,7,2,24293,6,18,17,19,12,18.0,16.0,18.5,45,0.4,25
7-2-2024-07,Hubballi-Dharwad,Crimes Against Property,2024-07,7,2,24294,7,25,18,17,14,20.0,17.333,19.583,53,0.4717,21
7-2-2024-08,Hubballi-Dharwad,Crimes Against Property,2024-08,7,2,24295,8,21,25,18,13,21.333,18.167,20.167,50,0.42,14
7-2-2024-09,Hubballi-Dharwad,Crimes Against Property,2024-09,7,2,24296,9,14,21,25,22,20.0,19.0,20.25,36,0.3889,22
7-2-2024-10,Hubballi-Dharwad,Crimes Against Property,2024-10,7,2,24297,10,22,14,21,28,19.0,19.5,20.25,51,0.4314,36
7-2-2024-11,Hubballi-Dharwad,Crimes Against Property,2024-11,7,2,24298,11,36,22,14,37,24.0,22.667,20.917,53,0.6792,39
7-2-2024-12,Hubballi-Dharwad,Crimes Against Property,2024-12,7,2,24299,12,39,36,22,17,32.333,26.167,21.083,68,0.5735,19
7-2-2025-01,Hubballi-Dharwad,Crimes Against Property,2025-01,7,2,24300,1,19,39,36,16,31.333,25.167,21.25,48,0.3958,20
7-2-2025-02,Hubballi-Dharwad,Crimes Against Property,2025-02,7,2,24301,2,20,19,39,9,26.0,25.0,21.583,51,0.3922,16
7-2-2025-03,Hubballi-Dharwad,Crimes Against Property,2025-03,7,2,24302,3,16,20,19,19,18.333,25.333,22.167,44,0.3636,10
7-2-2025-04,Hubballi-Dharwad,Crimes Against Property,2025-04,7,2,24303,4,10,16,20,17,15.333,23.333,21.417,36,0.2778,19
7-2-2025-05,Hubballi-Dharwad,Crimes Against Property,2025-05,7,2,24304,5,19,10,16,18,15.0,20.5,21.583,41,0.4634,12
7-2-2025-06,Hubballi-Dharwad,Crimes Against Property,2025-06,7,2,24305,6,12,19,10,25,13.667,16.0,21.083,44,0.2727,12
7-2-2025-07,Hubballi-Dharwad,Crimes Against Property,2025-07,7,2,24306,7,12,12,19,21,14.333,14.833,20.0,38,0.3158,19
7-2-2025-08,Hubballi-Dharwad,Crimes Against Property,2025-08,7,2,24307,8,19,12,12,14,14.333,14.667,19.833,38,0.5,6
7-2-2025-09,Hubballi-Dharwad,Crimes Against Property,2025-09,7,2,24308,9,6,19,12,22,12.333,13.0,19.167,37,0.1622,12
7-2-2025-10,Hubballi-Dharwad,Crimes Against Property,2025-10,7,2,24309,10,12,6,19,36,12.333,13.333,18.333,33,0.3636,30
7-2-2025-11,Hubballi-Dharwad,Crimes Against Property,2025-11,7,2,24310,11,30,12,6,39,16.0,15.167,17.833,51,0.5882,40
7-2-2025-12,Hubballi-Dharwad,Crimes Against Property,2025-12,7,2,24311,12,40,30,12,19,27.333,19.833,17.917,64,0.625,13
7-2-2026-01,Hubballi-Dharwad,Crimes Against Property,2026-01,7,2,24312,1,13,40,30,20,27.667,20.0,17.417,44,0.2955,29
7-2-2026-02,Hubballi-Dharwad,Crimes Against Property,2026-02,7,2,24313,2,29,13,40,16,27.333,21.667,18.167,76,0.3816,28
7-2-2026-03,Hubballi-Dharwad,Crimes Against Property,2026-03,7,2,24314,3,28,29,13,10,23.333,25.333,19.167,82,0.3415,31
7-2-2026-04,Hubballi-Dharwad,Crimes Against Property,2026-04,7,2,24315,4,31,28,29,19,29.333,28.5,20.917,77,0.4026,27
7-2-2026-05,Hubballi-Dharwad,Crimes Against Property,2026-05,7,2,24316,5,27,31,28,12,28.667,28.0,21.583,78,0.3462,28
7-2-2026-06,Hubballi-Dharwad,Crimes Against Property,2026-06,7,2,24317,6,28,27,31,12,28.667,26.0,22.917,85,0.3294,29
7-3-2024-02,Hubballi-Dharwad,Crimes Against Women,2024-02,7,3,24289,2,7,3,4,4,4.667,3.833,4.0,36,0.1944,2
7-3-2024-03,Hubballi-Dharwad,Crimes Against Women,2024-03,7,3,24290,3,2,7,3,5,4.0,3.5,3.833,37,0.0541,5
7-3-2024-04,Hubballi-Dharwad,Crimes Against Women,2024-04,7,3,24291,4,5,2,7,3,4.667,3.667,3.833,50,0.1,6
7-3-2024-05,Hubballi-Dharwad,Crimes Against Women,2024-05,7,3,24292,5,6,5,2,1,4.333,4.5,4.083,44,0.1364,2
7-3-2024-06,Hubballi-Dharwad,Crimes Against Women,2024-06,7,3,24293,6,2,6,5,8,4.333,4.167,4.167,45,0.0444,6
7-3-2024-07,Hubballi-Dharwad,Crimes Against Women,2024-07,7,3,24294,7,6,2,6,4,4.667,4.667,4.0,53,0.1132,7
7-3-2024-08,Hubballi-Dharwad,Crimes Against Women,2024-08,7,3,24295,8,7,6,2,4,5.0,4.667,4.25,50,0.14,3
7-3-2024-09,Hubballi-Dharwad,Crimes Against Women,2024-09,7,3,24296,9,3,7,6,4,5.333,4.833,4.167,36,0.0833,2
7-3-2024-10,Hubballi-Dharwad,Crimes Against Women,2024-10,7,3,24297,10,2,3,7,1,4.0,4.333,4.0,51,0.0392,1
7-3-2024-11,Hubballi-Dharwad,Crimes Against Women,2024-11,7,3,24298,11,1,2,3,4,2.0,3.5,4.0,53,0.0189,8
7-3-2024-12,Hubballi-Dharwad,Crimes Against Women,2024-12,7,3,24299,12,8,1,2,3,3.667,4.5,4.333,68,0.1176,3
7-3-2025-01,Hubballi-Dharwad,Crimes Against Women,2025-01,7,3,24300,1,3,8,1,7,4.0,4.0,4.333,48,0.0625,3
7-3-2025-02,Hubballi-Dharwad,Crimes Against Women,2025-02,7,3,24301,2,3,3,8,2,4.667,3.333,4.0,51,0.0588,3
7-3-2025-03,Hubballi-Dharwad,Crimes Against Women,2025-03,7,3,24302,3,3,3,3,5,3.0,3.333,4.083,44,0.0682,4
7-3-2025-04,Hubballi-Dharwad,Crimes Against Women,2025-04,7,3,24303,4,4,3,3,6,3.333,3.667,4.0,36,0.1111,2
7-3-2025-05,Hubballi-Dharwad,Crimes Against Women,2025-05,7,3,24304,5,2,4,3,2,3.0,3.833,3.667,41,0.0488,3
7-3-2025-06,Hubballi-Dharwad,Crimes Against Women,2025-06,7,3,24305,6,3,2,4,6,3.0,3.0,3.75,44,0.0682,2
7-3-2025-07,Hubballi-Dharwad,Crimes Against Women,2025-07,7,3,24306,7,2,3,2,7,2.333,2.833,3.417,38,0.0526,4
7-3-2025-08,Hubballi-Dharwad,Crimes Against Women,2025-08,7,3,24307,8,4,2,3,3,3.0,3.0,3.167,38,0.1053,6
7-3-2025-09,Hubballi-Dharwad,Crimes Against Women,2025-09,7,3,24308,9,6,4,2,2,4.0,3.5,3.417,37,0.1622,1
7-3-2025-10,Hubballi-Dharwad,Crimes Against Women,2025-10,7,3,24309,10,1,6,4,1,3.667,3.0,3.333,33,0.0303,2
7-3-2025-11,Hubballi-Dharwad,Crimes Against Women,2025-11,7,3,24310,11,2,1,6,8,3.0,3.0,3.417,51,0.0392,4
7-3-2025-12,Hubballi-Dharwad,Crimes Against Women,2025-12,7,3,24311,12,4,2,1,3,2.333,3.167,3.083,64,0.0625,3
7-3-2026-01,Hubballi-Dharwad,Crimes Against Women,2026-01,7,3,24312,1,3,4,2,3,3.0,3.333,3.083,44,0.0682,7
7-3-2026-02,Hubballi-Dharwad,Crimes Against Women,2026-02,7,3,24313,2,7,3,4,3,4.667,3.833,3.417,76,0.0921,8
7-3-2026-03,Hubballi-Dharwad,Crimes Against Women,2026-03,7,3,24314,3,8,7,3,4,6.0,4.167,3.833,82,0.0976,7
7-3-2026-04,Hubballi-Dharwad,Crimes Against Women,2026-04,7,3,24315,4,7,8,7,2,7.333,5.167,4.083,77,0.0909,5
7-3-2026-05,Hubballi-Dharwad,Crimes Against Women,2026-05,7,3,24316,5,5,7,8,3,6.667,5.667,4.333,78,0.0641,4
7-3-2026-06,Hubballi-Dharwad,Crimes Against Women,2026-06,7,3,24317,6,4,5,7,2,5.333,5.667,4.417,85,0.0471,8
7-4-2024-02,Hubballi-Dharwad,Cyber Crime,2024-02,7,4,24289,2,7,9,9,9,8.333,9.167,9.25,36,0.1944,12
7-4-2024-03,Hubballi-Dharwad,Cyber Crime,2024-03,7,4,24290,3,12,7,9,8,9.333,9.5,9.5,37,0.3243,12
7-4-2024-04,Hubballi-Dharwad,Cyber Crime,2024-04,7,4,24291,4,12,12,7,7,10.333,9.667,9.833,50,0.24,3
7-4-2024-05,Hubballi-Dharwad,Cyber Crime,2024-05,7,4,24292,5,3,12,12,9,9.0,8.667,9.5,44,0.0682,12
7-4-2024-06,Hubballi-Dharwad,Cyber Crime,2024-06,7,4,24293,6,12,3,12,10,9.0,9.167,9.75,45,0.2667,6
7-4-2024-07,Hubballi-Dharwad,Cyber Crime,2024-07,7,4,24294,7,6,12,3,13,7.0,8.667,9.417,53,0.1132,8
7-4-2024-08,Hubballi-Dharwad,Cyber Crime,2024-08,7,4,24295,8,8,6,12,10,8.667,8.833,9.0,50,0.16,9
7-4-2024-09,Hubballi-Dharwad,Cyber Crime,2024-09,7,4,24296,9,9,8,6,11,7.667,8.333,8.917,36,0.25,11
7-4-2024-10,Hubballi-Dharwad,Cyber Crime,2024-10,7,4,24297,10,11,9,8,9,9.333,8.167,8.917,51,0.2157,5
7-4-2024-11,Hubballi-Dharwad,Cyber Crime,2024-11,7,4,24298,11,5,11,9,9,8.333,8.5,8.583,53,0.0943,7
7-4-2024-12,Hubballi-Dharwad,Cyber Crime,2024-12,7,4,24299,12,7,5,11,9,7.667,7.667,8.417,68,0.1029,8
7-4-2025-01,Hubballi-Dharwad,Cyber Crime,2025-01,7,4,24300,1,8,7,5,7,6.667,8.0,8.333,48,0.1667,12
7-4-2025-02,Hubballi-Dharwad,Cyber Crime,2025-02,7,4,24301,2,12,8,7,12,9.0,8.667,8.75,51,0.2353,5
7-4-2025-03,Hubballi-Dharwad,Cyber Crime,2025-03,7,4,24302,3,5,12,8,12,8.333,8.0,8.167,44,0.1136,3
7-4-2025-04,Hubballi-Dharwad,Cyber Crime,2025-04,7,4,24303,4,3,5,12,3,6.667,6.667,7.417,36,0.0833,5
7-4-2025-05,Hubballi-Dharwad,Cyber Crime,2025-05,7,4,24304,5,5,3,5,12,4.333,6.667,7.583,41,0.122,6
7-4-2025-06,Hubballi-Dharwad,Cyber Crime,2025-06,7,4,24305,6,6,5,3,6,4.667,6.5,7.083,44,0.1364,7
7-4-2025-07,Hubballi-Dharwad,Cyber Crime,2025-07,7,4,24306,7,7,6,5,8,6.0,6.333,7.167,38,0.1842,3
7-4-2025-08,Hubballi-Dharwad,Cyber Crime,2025-08,7,4,24307,8,3,7,6,9,5.333,4.833,6.75,38,0.0789,7
7-4-2025-09,Hubballi-Dharwad,Cyber Crime,2025-09,7,4,24308,9,7,3,7,11,5.667,5.167,6.583,37,0.1892,7
7-4-2025-10,Hubballi-Dharwad,Cyber Crime,2025-10,7,4,24309,10,7,7,3,5,5.667,5.833,6.25,33,0.2121,3
7-4-2025-11,Hubballi-Dharwad,Cyber Crime,2025-11,7,4,24310,11,3,7,7,7,5.667,5.5,6.083,51,0.0588,8
7-4-2025-12,Hubballi-Dharwad,Cyber Crime,2025-12,7,4,24311,12,8,3,7,8,6.0,5.833,6.167,64,0.125,6
7-4-2026-01,Hubballi-Dharwad,Cyber Crime,2026-01,7,4,24312,1,6,8,3,12,5.667,5.667,6.0,44,0.1364,14
7-4-2026-02,Hubballi-Dharwad,Cyber Crime,2026-02,7,4,24313,2,14,6,8,5,9.333,7.5,6.167,76,0.1842,17
7-4-2026-03,Hubballi-Dharwad,Cyber Crime,2026-03,7,4,24314,3,17,14,6,3,12.333,9.167,7.167,82,0.2073,18
7-4-2026-04,Hubballi-Dharwad,Cyber Crime,2026-04,7,4,24315,4,18,17,14,5,16.333,11.0,8.417,77,0.2338,19
7-4-2026-05,Hubballi-Dharwad,Cyber Crime,2026-05,7,4,24316,5,19,18,17,6,18.0,13.667,9.583,78,0.2436,20
7-4-2026-06,Hubballi-Dharwad,Cyber Crime,2026-06,7,4,24317,6,20,19,18,7,19.0,15.667,10.75,85,0.2353,15
7-5-2024-02,Hubballi-Dharwad,Economic Offences,2024-02,7,5,24289,2,2,2,7,1,3.667,5.0,4.167,36,0.0556,2
7-5-2024-03,Hubballi-Dharwad,Economic Offences,2024-03,7,5,24290,3,2,2,2,5,2.0,4.667,4.25,37,0.0541,3
7-5-2024-04,Hubballi-Dharwad,Economic Offences,2024-04,7,5,24291,4,3,2,2,4,2.333,4.167,4.083,50,0.06,5
7-5-2024-05,Hubballi-Dharwad,Economic Offences,2024-05,7,5,24292,5,5,3,2,3,3.333,3.5,4.167,44,0.1136,2
7-5-2024-06,Hubballi-Dharwad,Economic Offences,2024-06,7,5,24293,6,2,5,3,6,3.333,2.667,4.083,45,0.0444,4
7-5-2024-07,Hubballi-Dharwad,Economic Offences,2024-07,7,5,24294,7,4,2,5,1,3.667,3.0,3.917,53,0.0755,2
7-5-2024-08,Hubballi-Dharwad,Economic Offences,2024-08,7,5,24295,8,2,4,2,4,2.667,3.0,4.0,50,0.04,1
7-5-2024-09,Hubballi-Dharwad,Economic Offences,2024-09,7,5,24296,9,1,2,4,6,2.333,2.833,3.75,36,0.0278,4
7-5-2024-10,Hubballi-Dharwad,Economic Offences,2024-10,7,5,24297,10,4,1,2,9,2.333,3.0,3.583,51,0.0784,4
7-5-2024-11,Hubballi-Dharwad,Economic Offences,2024-11,7,5,24298,11,4,4,1,7,3.0,2.833,3.167,53,0.0755,0
7-5-2024-12,Hubballi-Dharwad,Economic Offences,2024-12,7,5,24299,12,0,4,4,2,2.667,2.5,2.583,68,0.0,3
7-5-2025-01,Hubballi-Dharwad,Economic Offences,2025-01,7,5,24300,1,3,0,4,2,2.333,2.333,2.667,48,0.0625,2
7-5-2025-02,Hubballi-Dharwad,Economic Offences,2025-02,7,5,24301,2,2,3,0,2,1.667,2.333,2.667,51,0.0392,5
7-5-2025-03,Hubballi-Dharwad,Economic Offences,2025-03,7,5,24302,3,5,2,3,3,3.333,3.0,2.917,44,0.1136,3
7-5-2025-04,Hubballi-Dharwad,Economic Offences,2025-04,7,5,24303,4,3,5,2,5,3.333,2.833,2.917,36,0.0833,6
7-5-2025-05,Hubballi-Dharwad,Economic Offences,2025-05,7,5,24304,5,6,3,5,2,4.667,3.167,3.0,41,0.1463,4
7-5-2025-06,Hubballi-Dharwad,Economic Offences,2025-06,7,5,24305,6,4,6,3,4,4.333,3.833,3.167,44,0.0909,3
7-5-2025-07,Hubballi-Dharwad,Economic Offences,2025-07,7,5,24306,7,3,4,6,2,4.333,3.833,3.083,38,0.0789,3
7-5-2025-08,Hubballi-Dharwad,Economic Offences,2025-08,7,5,24307,8,3,3,4,1,3.333,4.0,3.167,38,0.0789,2
7-5-2025-09,Hubballi-Dharwad,Economic Offences,2025-09,7,5,24308,9,2,3,3,4,2.667,3.5,3.25,37,0.0541,2
7-5-2025-10,Hubballi-Dharwad,Economic Offences,2025-10,7,5,24309,10,2,2,3,4,2.333,3.333,3.083,33,0.0606,3
7-5-2025-11,Hubballi-Dharwad,Economic Offences,2025-11,7,5,24310,11,3,2,2,0,2.333,2.833,3.0,51,0.0588,2
7-5-2025-12,Hubballi-Dharwad,Economic Offences,2025-12,7,5,24311,12,2,3,2,3,2.333,2.5,3.167,64,0.0312,4
7-5-2026-01,Hubballi-Dharwad,Economic Offences,2026-01,7,5,24312,1,4,2,3,2,3.0,2.667,3.25,44,0.0909,6
7-5-2026-02,Hubballi-Dharwad,Economic Offences,2026-02,7,5,24313,2,6,4,2,5,4.0,3.167,3.583,76,0.0789,4
7-5-2026-03,Hubballi-Dharwad,Economic Offences,2026-03,7,5,24314,3,4,6,4,3,4.667,3.5,3.5,82,0.0488,2
7-5-2026-04,Hubballi-Dharwad,Economic Offences,2026-04,7,5,24315,4,2,4,6,6,4.0,3.5,3.417,77,0.026,11
7-5-2026-05,Hubballi-Dharwad,Economic Offences,2026-05,7,5,24316,5,11,2,4,4,5.667,4.833,3.833,78,0.141,7
7-5-2026-06,Hubballi-Dharwad,Economic Offences,2026-06,7,5,24317,6,7,11,2,3,6.667,5.667,4.083,85,0.0824,3
7-6-2024-03,Hubballi-Dharwad,NDPS,2024-03,7,6,24290,3,1,1,2,1,1.333,1.0,1.083,37,0.027,1
7-6-2024-04,Hubballi-Dharwad,NDPS,2024-04,7,6,24291,4,1,1,1,1,1.0,1.167,1.083,50,0.02,0
7-6-2024-05,Hubballi-Dharwad,NDPS,2024-05,7,6,24292,5,0,1,1,0,0.667,1.167,1.0,44,0.0,1
7-6-2024-06,Hubballi-Dharwad,NDPS,2024-06,7,6,24293,6,1,0,1,2,0.667,1.0,1.083,45,0.0222,2
7-6-2024-07,Hubballi-Dharwad,NDPS,2024-07,7,6,24294,7,2,1,0,2,1.0,1.0,1.083,53,0.0377,4
7-6-2024-08,Hubballi-Dharwad,NDPS,2024-08,7,6,24295,8,4,2,1,1,2.333,1.5,1.25,50,0.08,1
7-6-2024-09,Hubballi-Dharwad,NDPS,2024-09,7,6,24296,9,1,4,2,0,2.333,1.5,1.25,36,0.0278,1
7-6-2024-10,Hubballi-Dharwad,NDPS,2024-10,7,6,24297,10,1,1,4,0,2.0,1.5,1.333,51,0.0196,1
7-6-2024-11,Hubballi-Dharwad,NDPS,2024-11,7,6,24298,11,1,1,1,2,1.0,1.667,1.417,53,0.0189,0
7-6-2024-12,Hubballi-Dharwad,NDPS,2024-12,7,6,24299,12,0,1,1,2,0.667,1.5,1.25,68,0.0,3
7-6-2025-01,Hubballi-Dharwad,NDPS,2025-01,7,6,24300,1,3,0,1,1,1.333,1.667,1.333,48,0.0625,2
7-6-2025-02,Hubballi-Dharwad,NDPS,2025-02,7,6,24301,2,2,3,0,1,1.667,1.333,1.417,51,0.0392,2
7-6-2025-03,Hubballi-Dharwad,NDPS,2025-03,7,6,24302,3,2,2,3,1,2.333,1.5,1.5,44,0.0455,2
7-6-2025-04,Hubballi-Dharwad,NDPS,2025-04,7,6,24303,4,2,2,2,0,2.0,1.667,1.583,36,0.0556,0
7-6-2025-05,Hubballi-Dharwad,NDPS,2025-05,7,6,24304,5,0,2,2,1,1.333,1.5,1.583,41,0.0,3
7-6-2025-06,Hubballi-Dharwad,NDPS,2025-06,7,6,24305,6,3,0,2,2,1.667,2.0,1.75,44,0.0682,5
7-6-2025-07,Hubballi-Dharwad,NDPS,2025-07,7,6,24306,7,5,3,0,4,2.667,2.333,2.0,38,0.1316,1
7-6-2025-08,Hubballi-Dharwad,NDPS,2025-08,7,6,24307,8,1,5,3,1,3.0,2.167,1.75,38,0.0263,3
7-6-2025-09,Hubballi-Dharwad,NDPS,2025-09,7,6,24308,9,3,1,5,1,3.0,2.333,1.917,37,0.0811,0
7-6-2025-10,Hubballi-Dharwad,NDPS,2025-10,7,6,24309,10,0,3,1,1,1.333,2.0,1.833,33,0.0,2
7-6-2025-11,Hubballi-Dharwad,NDPS,2025-11,7,6,24310,11,2,0,3,0,1.667,2.333,1.917,51,0.0392,1
7-6-2025-12,Hubballi-Dharwad,NDPS,2025-12,7,6,24311,12,1,2,0,3,1.0,2.0,2.0,64,0.0156,3
7-6-2026-01,Hubballi-Dharwad,NDPS,2026-01,7,6,24312,1,3,1,2,2,2.0,1.667,2.0,44,0.0682,0
7-6-2026-02,Hubballi-Dharwad,NDPS,2026-02,7,6,24313,2,0,3,1,2,1.333,1.5,1.833,76,0.0,1
7-6-2026-03,Hubballi-Dharwad,NDPS,2026-03,7,6,24314,3,1,0,3,2,1.333,1.167,1.75,82,0.0122,4
7-6-2026-04,Hubballi-Dharwad,NDPS,2026-04,7,6,24315,4,4,1,0,0,1.667,1.833,1.917,77,0.0519,2
7-6-2026-05,Hubballi-Dharwad,NDPS,2026-05,7,6,24316,5,2,4,1,3,2.333,1.833,2.083,78,0.0256,3
7-6-2026-06,Hubballi-Dharwad,NDPS,2026-06,7,6,24317,6,3,2,4,5,3.0,2.167,2.083,85,0.0353,3
7-7-2024-02,Hubballi-Dharwad,Missing / UDR,2024-02,7,7,24289,2,1,5,4,1,3.333,2.167,2.583,36,0.0278,0
7-7-2024-03,Hubballi-Dharwad,Missing / UDR,2024-03,7,7,24290,3,0,1,5,6,2.0,2.0,2.5,37,0.0,1
7-7-2024-04,Hubballi-Dharwad,Missing / UDR,2024-04,7,7,24291,4,1,0,1,2,0.667,1.833,2.083,50,0.02,2
7-7-2024-05,Hubballi-Dharwad,Missing / UDR,2024-05,7,7,24292,5,2,1,0,5,1.0,2.167,2.083,44,0.0455,2
7-7-2024-06,Hubballi-Dharwad,Missing / UDR,2024-06,7,7,24293,6,2,2,1,2,1.667,1.833,1.833,45,0.0444,1
7-7-2024-07,Hubballi-Dharwad,Missing / UDR,2024-07,7,7,24294,7,1,2,2,2,1.667,1.167,1.75,53,0.0189,0
7-7-2024-08,Hubballi-Dharwad,Missing / UDR,2024-08,7,7,24295,8,0,1,2,1,1.0,1.0,1.583,50,0.0,2
7-7-2024-09,Hubballi-Dharwad,Missing / UDR,2024-09,7,7,24296,9,2,0,1,2,1.0,1.333,1.667,36,0.0556,0
7-7-2024-10,Hubballi-Dharwad,Missing / UDR,2024-10,7,7,24297,10,0,2,0,0,0.667,1.167,1.5,51,0.0,2
7-7-2024-11,Hubballi-Dharwad,Missing / UDR,2024-11,7,7,24298,11,2,0,2,4,1.333,1.167,1.667,53,0.0377,5
7-7-2024-12,Hubballi-Dharwad,Missing / UDR,2024-12,7,7,24299,12,5,2,0,5,2.333,1.667,1.75,68,0.0735,5
7-7-2025-01,Hubballi-Dharwad,Missing / UDR,2025-01,7,7,24300,1,5,5,2,1,4.0,2.333,1.75,48,0.1042,2
7-7-2025-02,Hubballi-Dharwad,Missing / UDR,2025-02,7,7,24301,2,2,5,5,0,4.0,2.667,1.833,51,0.0392,6
7-7-2025-03,Hubballi-Dharwad,Missing / UDR,2025-03,7,7,24302,3,6,2,5,1,4.333,3.333,2.333,44,0.1364,5
7-7-2025-04,Hubballi-Dharwad,Missing / UDR,2025-04,7,7,24303,4,5,6,2,2,4.333,4.167,2.667,36,0.1389,2
7-7-2025-05,Hubballi-Dharwad,Missing / UDR,2025-05,7,7,24304,5,2,5,6,2,4.333,4.167,2.667,41,0.0488,5
7-7-2025-06,Hubballi-Dharwad,Missing / UDR,2025-06,7,7,24305,6,5,2,5,1,4.0,4.167,2.917,44,0.1136,1
7-7-2025-07,Hubballi-Dharwad,Missing / UDR,2025-07,7,7,24306,7,1,5,2,0,2.667,3.5,2.917,38,0.0263,1
7-7-2025-08,Hubballi-Dharwad,Missing / UDR,2025-08,7,7,24307,8,1,1,5,2,2.333,3.333,3.0,38,0.0263,2
7-7-2025-09,Hubballi-Dharwad,Missing / UDR,2025-09,7,7,24308,9,2,1,1,0,1.333,2.667,3.0,37,0.0541,2
7-7-2025-10,Hubballi-Dharwad,Missing / UDR,2025-10,7,7,24309,10,2,2,1,2,1.667,2.167,3.167,33,0.0606,1
7-7-2025-11,Hubballi-Dharwad,Missing / UDR,2025-11,7,7,24310,11,1,2,2,5,1.667,2.0,3.083,51,0.0196,2
7-7-2025-12,Hubballi-Dharwad,Missing / UDR,2025-12,7,7,24311,12,2,1,2,5,1.667,1.5,2.833,64,0.0312,4
7-7-2026-01,Hubballi-Dharwad,Missing / UDR,2026-01,7,7,24312,1,4,2,1,2,2.333,2.0,2.75,44,0.0909,3
7-7-2026-02,Hubballi-Dharwad,Missing / UDR,2026-02,7,7,24313,2,3,4,2,6,3.0,2.333,2.833,76,0.0395,8
7-7-2026-03,Hubballi-Dharwad,Missing / UDR,2026-03,7,7,24314,3,8,3,4,5,5.0,3.333,3.0,82,0.0976,6
7-7-2026-04,Hubballi-Dharwad,Missing / UDR,2026-04,7,7,24315,4,6,8,3,2,5.667,4.0,3.083,77,0.0779,1
7-7-2026-05,Hubballi-Dharwad,Missing / UDR,2026-05,7,7,24316,5,1,6,8,5,5.0,4.0,3.0,78,0.0128,1
7-7-2026-06,Hubballi-Dharwad,Missing / UDR,2026-06,7,7,24317,6,1,1,6,1,2.667,3.833,2.667,85,0.0118,2
7-8-2024-02,Hubballi-Dharwad,Traffic / PAR,2024-02,7,8,24289,2,1,1,3,3,1.667,1.833,1.917,36,0.0278,3
7-8-2024-03,Hubballi-Dharwad,Traffic / PAR,2024-03,7,8,24290,3,3,1,1,0,1.667,1.667,1.917,37,0.0811,2
7-8-2024-04,Hubballi-Dharwad,Traffic / PAR,2024-04,7,8,24291,4,2,3,1,4,2.0,2.0,2.083,50,0.04,1
7-8-2024-05,Hubballi-Dharwad,Traffic / PAR,2024-05,7,8,24292,5,1,2,3,2,2.0,1.833,1.833,44,0.0227,4
7-8-2024-06,Hubballi-Dharwad,Traffic / PAR,2024-06,7,8,24293,6,4,1,2,2,2.333,2.0,2.0,45,0.0889,0
7-8-2024-07,Hubballi-Dharwad,Traffic / PAR,2024-07,7,8,24294,7,0,4,1,1,1.667,1.833,1.833,53,0.0,2
7-8-2024-08,Hubballi-Dharwad,Traffic / PAR,2024-08,7,8,24295,8,2,0,4,4,2.0,2.0,1.917,50,0.04,1
7-8-2024-09,Hubballi-Dharwad,Traffic / PAR,2024-09,7,8,24296,9,1,2,0,0,1.0,1.667,1.667,36,0.0278,2
7-8-2024-10,Hubballi-Dharwad,Traffic / PAR,2024-10,7,8,24297,10,2,1,2,2,1.667,1.667,1.833,51,0.0392,2
7-8-2024-11,Hubballi-Dharwad,Traffic / PAR,2024-11,7,8,24298,11,2,2,1,3,1.667,1.833,1.833,53,0.0377,3
7-8-2024-12,Hubballi-Dharwad,Traffic / PAR,2024-12,7,8,24299,12,3,2,2,1,2.333,1.667,1.833,68,0.0441,3
7-8-2025-01,Hubballi-Dharwad,Traffic / PAR,2025-01,7,8,24300,1,3,3,2,1,2.667,2.167,2.0,48,0.0625,0
7-8-2025-02,Hubballi-Dharwad,Traffic / PAR,2025-02,7,8,24301,2,0,3,3,3,2.0,1.833,1.917,51,0.0,0
7-8-2025-03,Hubballi-Dharwad,Traffic / PAR,2025-03,7,8,24302,3,0,0,3,2,1.0,1.667,1.667,44,0.0,2
7-8-2025-04,Hubballi-Dharwad,Traffic / PAR,2025-04,7,8,24303,4,2,0,0,1,0.667,1.667,1.667,36,0.0556,3
7-8-2025-05,Hubballi-Dharwad,Traffic / PAR,2025-05,7,8,24304,5,3,2,0,4,1.667,1.833,1.833,41,0.0732,4
7-8-2025-06,Hubballi-Dharwad,Traffic / PAR,2025-06,7,8,24305,6,4,3,2,0,3.0,2.0,1.833,44,0.0909,3
7-8-2025-07,Hubballi-Dharwad,Traffic / PAR,2025-07,7,8,24306,7,3,4,3,2,3.333,2.0,2.083,38,0.0789,2
7-8-2025-08,Hubballi-Dharwad,Traffic / PAR,2025-08,7,8,24307,8,2,3,4,1,3.0,2.333,2.083,38,0.0526,4
7-8-2025-09,Hubballi-Dharwad,Traffic / PAR,2025-09,7,8,24308,9,4,2,3,2,3.0,3.0,2.333,37,0.1081,3
7-8-2025-10,Hubballi-Dharwad,Traffic / PAR,2025-10,7,8,24309,10,3,4,2,2,3.0,3.167,2.417,33,0.0909,3
7-8-2025-11,Hubballi-Dharwad,Traffic / PAR,2025-11,7,8,24310,11,3,3,4,3,3.333,3.167,2.5,51,0.0588,2
7-8-2025-12,Hubballi-Dharwad,Traffic / PAR,2025-12,7,8,24311,12,2,3,3,3,2.667,2.833,2.417,64,0.0312,4
7-8-2026-01,Hubballi-Dharwad,Traffic / PAR,2026-01,7,8,24312,1,4,2,3,0,3.0,3.0,2.5,44,0.0909,5
7-8-2026-02,Hubballi-Dharwad,Traffic / PAR,2026-02,7,8,24313,2,5,4,2,0,3.667,3.5,2.917,76,0.0658,3
7-8-2026-03,Hubballi-Dharwad,Traffic / PAR,2026-03,7,8,24314,3,3,5,4,2,4.0,3.333,3.167,82,0.0366,3
7-8-2026-04,Hubballi-Dharwad,Traffic / PAR,2026-04,7,8,24315,4,3,3,5,3,3.667,3.333,3.25,77,0.039,0
7-8-2026-05,Hubballi-Dharwad,Traffic / PAR,2026-05,7,8,24316,5,0,3,3,4,2.0,2.833,3.0,78,0.0,1
7-8-2026-06,Hubballi-Dharwad,Traffic / PAR,2026-06,7,8,24317,6,1,0,3,3,1.333,2.667,2.75,85,0.0118,5
8-1-2024-02,Ballari,Crimes Against Body,2024-02,8,1,24289,2,5,2,1,5,2.667,2.333,2.833,24,0.2083,2
8-1-2024-03,Ballari,Crimes Against Body,2024-03,8,1,24290,3,2,5,2,1,3.0,1.833,2.583,25,0.08,1
8-1-2024-04,Ballari,Crimes Against Body,2024-04,8,1,24291,4,1,2,5,4,2.667,2.0,2.583,16,0.0625,7
8-1-2024-05,Ballari,Crimes Against Body,2024-05,8,1,24292,5,7,1,2,4,3.333,3.0,2.833,41,0.1707,4
8-1-2024-06,Ballari,Crimes Against Body,2024-06,8,1,24293,6,4,7,1,5,4.0,3.5,2.833,35,0.1143,6
8-1-2024-07,Ballari,Crimes Against Body,2024-07,8,1,24294,7,6,4,7,1,5.667,4.167,2.917,27,0.2222,1
8-1-2024-08,Ballari,Crimes Against Body,2024-08,8,1,24295,8,1,6,4,5,3.667,3.5,2.917,29,0.0345,5
8-1-2024-09,Ballari,Crimes Against Body,2024-09,8,1,24296,9,5,1,6,0,4.0,4.0,2.917,27,0.1852,2
8-1-2024-10,Ballari,Crimes Against Body,2024-10,8,1,24297,10,2,5,1,1,2.667,4.167,3.083,35,0.0571,5
8-1-2024-11,Ballari,Crimes Against Body,2024-11,8,1,24298,11,5,2,5,1,4.0,3.833,3.417,53,0.0943,4
8-1-2024-12,Ballari,Crimes Against Body,2024-12,8,1,24299,12,4,5,2,2,3.667,3.833,3.667,42,0.0952,7
8-1-2025-01,Ballari,Crimes Against Body,2025-01,8,1,24300,1,7,4,5,5,5.333,4.0,4.083,34,0.2059,1
8-1-2025-02,Ballari,Crimes Against Body,2025-02,8,1,24301,2,1,7,4,2,4.0,4.0,3.75,26,0.0385,1
8-1-2025-03,Ballari,Crimes Against Body,2025-03,8,1,24302,3,1,1,7,1,3.0,3.333,3.667,19,0.0526,6
8-1-2025-04,Ballari,Crimes Against Body,2025-04,8,1,24303,4,6,1,1,7,2.667,4.0,4.083,28,0.2143,8
8-1-2025-05,Ballari,Crimes Against Body,2025-05,8,1,24304,5,8,6,1,4,5.0,4.5,4.167,37,0.2162,2
8-1-2025-06,Ballari,Crimes Against Body,2025-06,8,1,24305,6,2,8,6,6,5.333,4.167,4.0,21,0.0952,3
8-1-2025-07,Ballari,Crimes Against Body,2025-07,8,1,24306,7,3,2,8,1,4.333,3.5,3.75,33,0.0909,7
8-1-2025-08,Ballari,Crimes Against Body,2025-08,8,1,24307,8,7,3,2,5,4.0,4.5,4.25,39,0.1795,4
8-1-2025-09,Ballari,Crimes Against Body,2025-09,8,1,24308,9,4,7,3,2,4.667,5.0,4.167,39,0.1026,7
8-1-2025-10,Ballari,Crimes Against Body,2025-10,8,1,24309,10,7,4,7,5,6.0,5.167,4.583,26,0.2692,7
8-1-2025-11,Ballari,Crimes Against Body,2025-11,8,1,24310,11,7,7,4,4,6.0,5.0,4.75,50,0.14,2
8-1-2025-12,Ballari,Crimes Against Body,2025-12,8,1,24311,12,2,7,7,7,5.333,5.0,4.583,50,0.04,6
8-1-2026-01,Ballari,Crimes Against Body,2026-01,8,1,24312,1,6,2,7,1,5.0,5.5,4.5,30,0.2,4
8-1-2026-02,Ballari,Crimes Against Body,2026-02,8,1,24313,2,4,6,2,1,4.0,5.0,4.75,51,0.0784,10
8-1-2026-03,Ballari,Crimes Against Body,2026-03,8,1,24314,3,10,4,6,6,6.667,6.0,5.5,64,0.1562,14
8-1-2026-04,Ballari,Crimes Against Body,2026-04,8,1,24315,4,14,10,4,8,9.333,7.167,6.167,60,0.2333,9
8-1-2026-05,Ballari,Crimes Against Body,2026-05,8,1,24316,5,9,14,10,2,11.0,7.5,6.25,65,0.1385,7
8-1-2026-06,Ballari,Crimes Against Body,2026-06,8,1,24317,6,7,9,14,3,10.0,8.333,6.667,60,0.1167,7
8-2-2024-02,Ballari,Crimes Against Property,2024-02,8,2,24289,2,9,12,27,12,16.0,17.333,14.75,24,0.375,12
8-2-2024-03,Ballari,Crimes Against Property,2024-03,8,2,24290,3,12,9,12,12,11.0,16.333,14.75,25,0.48,5
8-2-2024-04,Ballari,Crimes Against Property,2024-04,8,2,24291,4,5,12,9,17,8.667,15.167,14.167,16,0.3125,16
8-2-2024-05,Ballari,Crimes Against Property,2024-05,8,2,24292,5,16,5,12,9,11.0,13.5,14.083,41,0.3902,16
8-2-2024-06,Ballari,Crimes Against Property,2024-06,8,2,24293,6,16,16,5,10,12.333,11.667,14.667,35,0.4571,10
8-2-2024-07,Ballari,Crimes Against Property,2024-07,8,2,24294,7,10,16,16,13,14.0,11.333,14.667,27,0.3704,8
8-2-2024-08,Ballari,Crimes Against Property,2024-08,8,2,24295,8,8,10,16,18,11.333,11.167,14.25,29,0.2759,7
8-2-2024-09,Ballari,Crimes Against Property,2024-09,8,2,24296,9,7,8,10,12,8.333,10.333,13.333,27,0.2593,14
8-2-2024-10,Ballari,Crimes Against Property,2024-10,8,2,24297,10,14,7,8,26,9.667,11.833,13.5,35,0.4,34
8-2-2024-11,Ballari,Crimes Against Property,2024-11,8,2,24298,11,34,14,7,27,18.333,14.833,14.167,53,0.6415,24
8-2-2024-12,Ballari,Crimes Against Property,2024-12,8,2,24299,12,24,34,14,12,24.0,16.167,13.917,42,0.5714,19
8-2-2025-01,Ballari,Crimes Against Property,2025-01,8,2,24300,1,19,24,34,9,25.667,17.667,14.5,34,0.5588,11
8-2-2025-02,Ballari,Crimes Against Property,2025-02,8,2,24301,2,11,19,24,12,18.0,18.167,14.667,26,0.4231,6
8-2-2025-03,Ballari,Crimes Against Property,2025-03,8,2,24302,3,6,11,19,5,12.0,18.0,14.167,19,0.3158,12
8-2-2025-04,Ballari,Crimes Against Property,2025-04,8,2,24303,4,12,6,11,16,9.667,17.667,14.75,28,0.4286,11
8-2-2025-05,Ballari,Crimes Against Property,2025-05,8,2,24304,5,11,12,6,16,9.667,13.833,14.333,37,0.2973,9
8-2-2025-06,Ballari,Crimes Against Property,2025-06,8,2,24305,6,9,11,12,10,10.667,11.333,13.75,21,0.4286,15
8-2-2025-07,Ballari,Crimes Against Property,2025-07,8,2,24306,7,15,9,11,8,11.667,10.667,14.167,33,0.4545,15
8-2-2025-08,Ballari,Crimes Against Property,2025-08,8,2,24307,8,15,15,9,7,13.0,11.333,14.75,39,0.3846,14
8-2-2025-09,Ballari,Crimes Against Property,2025-09,8,2,24308,9,14,15,15,14,14.667,12.667,15.333,39,0.359,7
8-2-2025-10,Ballari,Crimes Against Property,2025-10,8,2,24309,10,7,14,15,34,12.0,11.833,14.75,26,0.2692,19
8-2-2025-11,Ballari,Crimes Against Property,2025-11,8,2,24310,11,19,7,14,24,13.333,13.167,13.5,50,0.38,30
8-2-2025-12,Ballari,Crimes Against Property,2025-12,8,2,24311,12,30,19,7,19,18.667,16.667,14.0,50,0.6,11
8-2-2026-01,Ballari,Crimes Against Property,2026-01,8,2,24312,1,11,30,19,11,20.0,16.0,13.333,30,0.3667,25
8-2-2026-02,Ballari,Crimes Against Property,2026-02,8,2,24313,2,25,11,30,6,22.0,17.667,14.5,51,0.4902,19
8-2-2026-03,Ballari,Crimes Against Property,2026-03,8,2,24314,3,19,25,11,12,18.333,18.5,15.583,64,0.2969,22
8-2-2026-04,Ballari,Crimes Against Property,2026-04,8,2,24315,4,22,19,25,11,22.0,21.0,16.417,60,0.3667,27
8-2-2026-05,Ballari,Crimes Against Property,2026-05,8,2,24316,5,27,22,19,9,22.667,22.333,17.75,65,0.4154,22
8-2-2026-06,Ballari,Crimes Against Property,2026-06,8,2,24317,6,22,27,22,15,23.667,21.0,18.833,60,0.3667,22
8-3-2024-02,Ballari,Crimes Against Women,2024-02,8,3,24289,2,0,1,3,0,1.333,1.5,1.75,24,0.0,1
8-3-2024-03,Ballari,Crimes Against Women,2024-03,8,3,24290,3,1,0,1,8,0.667,1.5,1.833,25,0.04,2
8-3-2024-04,Ballari,Crimes Against Women,2024-04,8,3,24291,4,2,1,0,1,1.0,1.333,1.333,16,0.125,3
8-3-2024-05,Ballari,Crimes Against Women,2024-05,8,3,24292,5,3,2,1,0,2.0,1.667,1.5,41,0.0732,0
8-3-2024-06,Ballari,Crimes Against Women,2024-06,8,3,24293,6,0,3,2,1,1.667,1.167,1.5,35,0.0,1
8-3-2024-07,Ballari,Crimes Against Women,2024-07,8,3,24294,7,1,0,3,2,1.333,1.167,1.5,27,0.037,2
8-3-2024-08,Ballari,Crimes Against Women,2024-08,8,3,24295,8,2,1,0,1,1.0,1.5,1.5,29,0.069,2
8-3-2024-09,Ballari,Crimes Against Women,2024-09,8,3,24296,9,2,2,1,3,1.667,1.667,1.583,27,0.0741,2
8-3-2024-10,Ballari,Crimes Against Women,2024-10,8,3,24297,10,2,2,2,1,2.0,1.667,1.5,35,0.0571,1
8-3-2024-11,Ballari,Crimes Against Women,2024-11,8,3,24298,11,1,2,2,3,1.667,1.333,1.5,53,0.0189,3
8-3-2024-12,Ballari,Crimes Against Women,2024-12,8,3,24299,12,3,1,2,1,2.0,1.833,1.5,42,0.0714,1
8-3-2025-01,Ballari,Crimes Against Women,2025-01,8,3,24300,1,1,3,1,0,1.667,1.833,1.5,34,0.0294,2
8-3-2025-02,Ballari,Crimes Against Women,2025-02,8,3,24301,2,2,1,3,1,2.0,1.833,1.667,26,0.0769,1
8-3-2025-03,Ballari,Crimes Against Women,2025-03,8,3,24302,3,1,2,1,2,1.333,1.667,1.667,19,0.0526,3
8-3-2025-04,Ballari,Crimes Against Women,2025-04,8,3,24303,4,3,1,2,3,2.0,1.833,1.75,28,0.1071,2
8-3-2025-05,Ballari,Crimes Against Women,2025-05,8,3,24304,5,2,3,1,0,2.0,2.0,1.667,37,0.0541,0
8-3-2025-06,Ballari,Crimes Against Women,2025-06,8,3,24305,6,0,2,3,1,1.667,1.5,1.667,21,0.0,2
8-3-2025-07,Ballari,Crimes Against Women,2025-07,8,3,24306,7,2,0,2,2,1.333,1.667,1.75,33,0.0606,0
8-3-2025-08,Ballari,Crimes Against Women,2025-08,8,3,24307,8,0,2,0,2,0.667,1.333,1.583,39,0.0,4
8-3-2025-09,Ballari,Crimes Against Women,2025-09,8,3,24308,9,4,0,2,2,2.0,1.833,1.75,39,0.1026,2
8-3-2025-10,Ballari,Crimes Against Women,2025-10,8,3,24309,10,2,4,0,1,2.0,1.667,1.75,26,0.0769,6
8-3-2025-11,Ballari,Crimes Against Women,2025-11,8,3,24310,11,6,2,4,3,4.0,2.333,2.167,50,0.12,4
8-3-2025-12,Ballari,Crimes Against Women,2025-12,8,3,24311,12,4,6,2,1,4.0,3.0,2.25,50,0.08,2
8-3-2026-01,Ballari,Crimes Against Women,2026-01,8,3,24312,1,2,4,6,2,4.0,3.0,2.333,30,0.0667,3
8-3-2026-02,Ballari,Crimes Against Women,2026-02,8,3,24313,2,3,2,4,1,3.0,3.5,2.417,51,0.0588,5
8-3-2026-03,Ballari,Crimes Against Women,2026-03,8,3,24314,3,5,3,2,3,3.333,3.667,2.75,64,0.0781,3
8-3-2026-04,Ballari,Crimes Against Women,2026-04,8,3,24315,4,3,5,3,2,3.667,3.833,2.75,60,0.05,2
8-3-2026-05,Ballari,Crimes Against Women,2026-05,8,3,24316,5,2,3,5,0,3.333,3.167,2.75,65,0.0308,4
8-3-2026-06,Ballari,Crimes Against Women,2026-06,8,3,24317,6,4,2,3,2,3.0,3.167,3.083,60,0.0667,6
8-4-2024-02,Ballari,Cyber Crime,2024-02,8,4,24289,2,7,6,5,3,6.0,6.333,5.5,24,0.2917,4
8-4-2024-03,Ballari,Cyber Crime,2024-03,8,4,24290,3,4,7,6,5,5.667,6.167,5.583,25,0.16,2
8-4-2024-04,Ballari,Cyber Crime,2024-04,8,4,24291,4,2,4,7,2,4.333,5.167,5.333,16,0.125,8
8-4-2024-05,Ballari,Cyber Crime,2024-05,8,4,24292,5,8,2,4,1,4.667,5.333,5.833,41,0.1951,7
8-4-2024-06,Ballari,Cyber Crime,2024-06,8,4,24293,6,7,8,2,8,5.667,5.667,6.333,35,0.2,4
8-4-2024-07,Ballari,Cyber Crime,2024-07,8,4,24294,7,4,7,8,9,6.333,5.333,6.0,27,0.1481,8
8-4-2024-08,Ballari,Cyber Crime,2024-08,8,4,24295,8,8,4,7,5,6.333,5.5,5.917,29,0.2759,3
8-4-2024-09,Ballari,Cyber Crime,2024-09,8,4,24296,9,3,8,4,8,5.0,5.333,5.75,27,0.1111,12
8-4-2024-10,Ballari,Cyber Crime,2024-10,8,4,24297,10,12,3,8,7,7.667,7.0,6.083,35,0.3429,8
8-4-2024-11,Ballari,Cyber Crime,2024-11,8,4,24298,11,8,12,3,5,7.667,7.0,6.167,53,0.1509,4
8-4-2024-12,Ballari,Cyber Crime,2024-12,8,4,24299,12,4,8,12,6,8.0,6.5,6.083,42,0.0952,3
8-4-2025-01,Ballari,Cyber Crime,2025-01,8,4,24300,1,3,4,8,7,5.0,6.333,5.833,34,0.0882,7
8-4-2025-02,Ballari,Cyber Crime,2025-02,8,4,24301,2,7,3,4,4,4.667,6.167,5.833,26,0.2692,5
8-4-2025-03,Ballari,Cyber Crime,2025-03,8,4,24302,3,5,7,3,2,5.0,6.5,5.917,19,0.2632,1
8-4-2025-04,Ballari,Cyber Crime,2025-04,8,4,24303,4,1,5,7,8,4.333,4.667,5.833,28,0.0357,7
8-4-2025-05,Ballari,Cyber Crime,2025-05,8,4,24304,5,7,1,5,7,4.333,4.5,5.75,37,0.1892,5
8-4-2025-06,Ballari,Cyber Crime,2025-06,8,4,24305,6,5,7,1,4,4.333,4.667,5.583,21,0.2381,6
8-4-2025-07,Ballari,Cyber Crime,2025-07,8,4,24306,7,6,5,7,8,6.0,5.167,5.75,33,0.1818,9
8-4-2025-08,Ballari,Cyber Crime,2025-08,8,4,24307,8,9,6,5,3,6.667,5.5,5.833,39,0.2308,8
8-4-2025-09,Ballari,Cyber Crime,2025-09,8,4,24308,9,8,9,6,12,7.667,6.0,6.25,39,0.2051,4
8-4-2025-10,Ballari,Cyber Crime,2025-10,8,4,24309,10,4,8,9,8,7.0,6.5,5.583,26,0.1538,6
8-4-2025-11,Ballari,Cyber Crime,2025-11,8,4,24310,11,6,4,8,4,6.0,6.333,5.417,50,0.12,4
8-4-2025-12,Ballari,Cyber Crime,2025-12,8,4,24311,12,4,6,4,3,4.667,6.167,5.417,50,0.08,4
8-4-2026-01,Ballari,Cyber Crime,2026-01,8,4,24312,1,4,4,6,7,4.667,5.833,5.5,30,0.1333,10
8-4-2026-02,Ballari,Cyber Crime,2026-02,8,4,24313,2,10,4,4,5,6.0,6.0,5.75,51,0.1961,11
8-4-2026-03,Ballari,Cyber Crime,2026-03,8,4,24314,3,11,10,4,1,8.333,6.5,6.25,64,0.1719,8
8-4-2026-04,Ballari,Cyber Crime,2026-04,8,4,24315,4,8,11,10,7,9.667,7.167,6.833,60,0.1333,9
8-4-2026-05,Ballari,Cyber Crime,2026-05,8,4,24316,5,9,8,11,5,9.333,7.667,7.0,65,0.1385,11
8-4-2026-06,Ballari,Cyber Crime,2026-06,8,4,24317,6,11,9,8,6,9.333,8.833,7.5,60,0.1833,10
8-5-2024-02,Ballari,Economic Offences,2024-02,8,5,24289,2,1,3,0,3,1.333,1.833,1.75,24,0.0417,1
8-5-2024-03,Ballari,Economic Offences,2024-03,8,5,24290,3,1,1,3,3,1.667,1.833,1.583,25,0.04,2
8-5-2024-04,Ballari,Economic Offences,2024-04,8,5,24291,4,2,1,1,1,1.333,1.833,1.5,16,0.125,3
8-5-2024-05,Ballari,Economic Offences,2024-05,8,5,24292,5,3,2,1,0,2.0,1.667,1.667,41,0.0732,4
8-5-2024-06,Ballari,Economic Offences,2024-06,8,5,24293,6,4,3,2,3,3.0,2.333,2.0,35,0.1143,2
8-5-2024-07,Ballari,Economic Offences,2024-07,8,5,24294,7,2,4,3,0,3.0,2.167,1.917,27,0.0741,2
8-5-2024-08,Ballari,Economic Offences,2024-08,8,5,24295,8,2,2,4,1,2.667,2.333,2.083,29,0.069,4
8-5-2024-09,Ballari,Economic Offences,2024-09,8,5,24296,9,4,2,2,2,2.667,2.833,2.333,27,0.1481,3
8-5-2024-10,Ballari,Economic Offences,2024-10,8,5,24297,10,3,4,2,4,3.0,3.0,2.417,35,0.0857,1
8-5-2024-11,Ballari,Economic Offences,2024-11,8,5,24298,11,1,3,4,0,2.667,2.667,2.167,53,0.0189,1
8-5-2024-12,Ballari,Economic Offences,2024-12,8,5,24299,12,1,1,3,3,1.667,2.167,2.25,42,0.0238,4
8-5-2025-01,Ballari,Economic Offences,2025-01,8,5,24300,1,4,1,1,1,2.0,2.5,2.333,34,0.1176,3
8-5-2025-02,Ballari,Economic Offences,2025-02,8,5,24301,2,3,4,1,1,2.667,2.667,2.5,26,0.1154,1
8-5-2025-03,Ballari,Economic Offences,2025-03,8,5,24302,3,1,3,4,2,2.667,2.167,2.5,19,0.0526,3
8-5-2025-04,Ballari,Economic Offences,2025-04,8,5,24303,4,3,1,3,3,2.333,2.167,2.583,28,0.1071,3
8-5-2025-05,Ballari,Economic Offences,2025-05,8,5,24304,5,3,3,1,4,2.333,2.5,2.583,37,0.0811,1
8-5-2025-06,Ballari,Economic Offences,2025-06,8,5,24305,6,1,3,3,2,2.333,2.5,2.333,21,0.0476,0
8-5-2025-07,Ballari,Economic Offences,2025-07,8,5,24306,7,0,1,3,2,1.333,1.833,2.167,33,0.0,4
8-5-2025-08,Ballari,Economic Offences,2025-08,8,5,24307,8,4,0,1,4,1.667,2.0,2.333,39,0.1026,3
8-5-2025-09,Ballari,Economic Offences,2025-09,8,5,24308,9,3,4,0,3,2.333,2.333,2.25,39,0.0769,1
8-5-2025-10,Ballari,Economic Offences,2025-10,8,5,24309,10,1,3,4,1,2.667,2.0,2.083,26,0.0385,5
8-5-2025-11,Ballari,Economic Offences,2025-11,8,5,24310,11,5,1,3,1,3.0,2.333,2.417,50,0.1,4
8-5-2025-12,Ballari,Economic Offences,2025-12,8,5,24311,12,4,5,1,4,3.333,2.833,2.667,50,0.08,2
8-5-2026-01,Ballari,Economic Offences,2026-01,8,5,24312,1,2,4,5,3,3.667,3.167,2.5,30,0.0667,2
8-5-2026-02,Ballari,Economic Offences,2026-02,8,5,24313,2,2,2,4,1,2.667,2.833,2.417,51,0.0392,6
8-5-2026-03,Ballari,Economic Offences,2026-03,8,5,24314,3,6,2,2,3,3.333,3.333,2.833,64,0.0938,5
8-5-2026-04,Ballari,Economic Offences,2026-04,8,5,24315,4,5,6,2,3,4.333,4.0,3.0,60,0.0833,3
8-5-2026-05,Ballari,Economic Offences,2026-05,8,5,24316,5,3,5,6,1,4.667,3.667,3.0,65,0.0462,2
8-5-2026-06,Ballari,Economic Offences,2026-06,8,5,24317,6,2,3,5,0,3.333,3.333,3.083,60,0.0333,3
8-6-2024-05,Ballari,NDPS,2024-05,8,6,24292,5,1,1,1,0,1.0,1.0,0.75,41,0.0244,0
8-6-2024-06,Ballari,NDPS,2024-06,8,6,24293,6,0,1,1,1,0.667,0.667,0.75,35,0.0,3
8-6-2024-07,Ballari,NDPS,2024-07,8,6,24294,7,3,0,1,1,1.333,1.0,0.917,27,0.1111,1
8-6-2024-08,Ballari,NDPS,2024-08,8,6,24295,8,1,3,0,1,1.333,1.167,0.917,29,0.0345,3
8-6-2024-09,Ballari,NDPS,2024-09,8,6,24296,9,3,1,3,0,2.333,1.5,1.083,27,0.1111,0
8-6-2024-10,Ballari,NDPS,2024-10,8,6,24297,10,0,3,1,0,1.333,1.333,1.083,35,0.0,2
8-6-2024-11,Ballari,NDPS,2024-11,8,6,24298,11,2,0,3,2,1.667,1.5,1.25,53,0.0377,1
8-6-2024-12,Ballari,NDPS,2024-12,8,6,24299,12,1,2,0,1,1.0,1.667,1.167,42,0.0238,0
8-6-2025-01,Ballari,NDPS,2025-01,8,6,24300,1,0,1,2,0,1.0,1.167,1.083,34,0.0,0
8-6-2025-02,Ballari,NDPS,2025-02,8,6,24301,2,0,0,1,1,0.333,1.0,1.083,26,0.0,1
8-6-2025-03,Ballari,NDPS,2025-03,8,6,24302,3,1,0,0,1,0.333,0.667,1.083,19,0.0526,2
8-6-2025-04,Ballari,NDPS,2025-04,8,6,24303,4,2,1,0,1,1.0,1.0,1.167,28,0.0714,1
8-6-2025-05,Ballari,NDPS,2025-05,8,6,24304,5,1,2,1,0,1.333,0.833,1.167,37,0.027,0
8-6-2025-06,Ballari,NDPS,2025-06,8,6,24305,6,0,1,2,3,1.0,0.667,1.167,21,0.0,1
8-6-2025-07,Ballari,NDPS,2025-07,8,6,24306,7,1,0,1,1,0.667,0.833,1.0,33,0.0303,0
8-6-2025-08,Ballari,NDPS,2025-08,8,6,24307,8,0,1,0,3,0.333,0.833,0.917,39,0.0,0
8-6-2025-09,Ballari,NDPS,2025-09,8,6,24308,9,0,0,1,0,0.333,0.667,0.667,39,0.0,2
8-6-2025-10,Ballari,NDPS,2025-10,8,6,24309,10,2,0,0,2,0.667,0.667,0.833,26,0.0769,2
8-6-2025-11,Ballari,NDPS,2025-11,8,6,24310,11,2,2,0,1,1.333,0.833,0.833,50,0.04,0
8-6-2025-12,Ballari,NDPS,2025-12,8,6,24311,12,0,2,2,0,1.333,0.833,0.75,50,0.0,1
8-6-2026-01,Ballari,NDPS,2026-01,8,6,24312,1,1,0,2,0,1.0,0.833,0.833,30,0.0333,0
8-6-2026-02,Ballari,NDPS,2026-02,8,6,24313,2,0,1,0,1,0.333,0.833,0.833,51,0.0,0
8-6-2026-03,Ballari,NDPS,2026-03,8,6,24314,3,0,0,1,2,0.333,0.833,0.75,64,0.0,3
8-6-2026-04,Ballari,NDPS,2026-04,8,6,24315,4,3,0,0,1,1.0,1.0,0.833,60,0.05,3
8-6-2026-05,Ballari,NDPS,2026-05,8,6,24316,5,3,3,0,0,2.0,1.167,1.0,65,0.0462,3
8-6-2026-06,Ballari,NDPS,2026-06,8,6,24317,6,3,3,3,1,3.0,1.667,1.25,60,0.05,1
8-7-2024-02,Ballari,Missing / UDR,2024-02,8,7,24289,2,1,1,1,3,1.0,1.167,1.333,24,0.0417,1
8-7-2024-03,Ballari,Missing / UDR,2024-03,8,7,24290,3,1,1,1,0,1.0,1.167,1.167,25,0.04,1
8-7-2024-04,Ballari,Missing / UDR,2024-04,8,7,24291,4,1,1,1,1,1.0,0.833,1.25,16,0.0625,3
8-7-2024-05,Ballari,Missing / UDR,2024-05,8,7,24292,5,3,1,1,0,1.667,1.333,1.417,41,0.0732,2
8-7-2024-06,Ballari,Missing / UDR,2024-06,8,7,24293,6,2,3,1,1,2.0,1.5,1.583,35,0.0571,0
8-7-2024-07,Ballari,Missing / UDR,2024-07,8,7,24294,7,0,2,3,4,1.667,1.333,1.5,27,0.0,3
8-7-2024-08,Ballari,Missing / UDR,2024-08,8,7,24295,8,3,0,2,1,1.667,1.667,1.417,29,0.1034,1
8-7-2024-09,Ballari,Missing / UDR,2024-09,8,7,24296,9,1,3,0,3,1.333,1.667,1.417,27,0.037,0
8-7-2024-10,Ballari,Missing / UDR,2024-10,8,7,24297,10,0,1,3,0,1.333,1.5,1.167,35,0.0,1
8-7-2024-11,Ballari,Missing / UDR,2024-11,8,7,24298,11,1,0,1,1,0.667,1.167,1.25,53,0.0189,1
8-7-2024-12,Ballari,Missing / UDR,2024-12,8,7,24299,12,1,1,0,1,0.667,1.0,1.25,42,0.0238,0
8-7-2025-01,Ballari,Missing / UDR,2025-01,8,7,24300,1,0,1,1,1,0.667,1.0,1.167,34,0.0,0
8-7-2025-02,Ballari,Missing / UDR,2025-02,8,7,24301,2,0,0,1,1,0.333,0.5,1.083,26,0.0,1
8-7-2025-03,Ballari,Missing / UDR,2025-03,8,7,24302,3,1,0,0,1,0.333,0.5,1.083,19,0.0526,0
8-7-2025-04,Ballari,Missing / UDR,2025-04,8,7,24303,4,0,1,0,3,0.333,0.5,1.0,28,0.0,4
8-7-2025-05,Ballari,Missing / UDR,2025-05,8,7,24304,5,4,0,1,2,1.667,1.0,1.083,37,0.1081,2
8-7-2025-06,Ballari,Missing / UDR,2025-06,8,7,24305,6,2,4,0,0,2.0,1.167,1.083,21,0.0952,1
8-7-2025-07,Ballari,Missing / UDR,2025-07,8,7,24306,7,1,2,4,3,2.333,1.333,1.167,33,0.0303,3
8-7-2025-08,Ballari,Missing / UDR,2025-08,8,7,24307,8,3,1,2,1,2.0,1.833,1.167,39,0.0769,4
8-7-2025-09,Ballari,Missing / UDR,2025-09,8,7,24308,9,4,3,1,0,2.667,2.333,1.417,39,0.1026,1
8-7-2025-10,Ballari,Missing / UDR,2025-10,8,7,24309,10,1,4,3,1,2.667,2.5,1.5,26,0.0385,2
8-7-2025-11,Ballari,Missing / UDR,2025-11,8,7,24310,11,2,1,4,1,2.333,2.167,1.583,50,0.04,4
8-7-2025-12,Ballari,Missing / UDR,2025-12,8,7,24311,12,4,2,1,0,2.333,2.5,1.833,50,0.08,1
8-7-2026-01,Ballari,Missing / UDR,2026-01,8,7,24312,1,1,4,2,0,2.333,2.5,1.917,30,0.0333,6
8-7-2026-02,Ballari,Missing / UDR,2026-02,8,7,24313,2,6,1,4,1,3.667,3.0,2.417,51,0.1176,7
8-7-2026-03,Ballari,Missing / UDR,2026-03,8,7,24314,3,7,6,1,0,4.667,3.5,2.917,64,0.1094,2
8-7-2026-04,Ballari,Missing / UDR,2026-04,8,7,24315,4,2,7,6,4,5.0,3.667,3.083,60,0.0333,5
8-7-2026-05,Ballari,Missing / UDR,2026-05,8,7,24316,5,5,2,7,2,4.667,4.167,3.167,65,0.0769,5
8-7-2026-06,Ballari,Missing / UDR,2026-06,8,7,24317,6,5,5,2,1,4.0,4.333,3.417,60,0.0833,3
8-8-2024-02,Ballari,Traffic / PAR,2024-02,8,8,24289,2,1,0,1,1,0.667,1.0,1.167,24,0.0417,3
8-8-2024-03,Ballari,Traffic / PAR,2024-03,8,8,24290,3,3,1,0,0,1.333,1.167,1.333,25,0.12,2
8-8-2024-04,Ballari,Traffic / PAR,2024-04,8,8,24291,4,2,3,1,3,2.0,1.333,1.5,16,0.125,0
8-8-2024-05,Ballari,Traffic / PAR,2024-05,8,8,24292,5,0,2,3,0,1.667,1.167,1.25,41,0.0,2
8-8-2024-06,Ballari,Traffic / PAR,2024-06,8,8,24293,6,2,0,2,1,1.333,1.333,1.417,35,0.0571,1
8-8-2024-07,Ballari,Traffic / PAR,2024-07,8,8,24294,7,1,2,0,3,1.0,1.5,1.417,27,0.037,4
8-8-2024-08,Ballari,Traffic / PAR,2024-08,8,8,24295,8,4,1,2,2,2.333,2.0,1.5,29,0.1379,2
8-8-2024-09,Ballari,Traffic / PAR,2024-09,8,8,24296,9,2,4,1,1,2.333,1.833,1.5,27,0.0741,2
8-8-2024-10,Ballari,Traffic / PAR,2024-10,8,8,24297,10,2,2,4,1,2.667,1.833,1.583,35,0.0571,1
8-8-2024-11,Ballari,Traffic / PAR,2024-11,8,8,24298,11,1,2,2,1,1.667,2.0,1.583,53,0.0189,4
8-8-2024-12,Ballari,Traffic / PAR,2024-12,8,8,24299,12,4,1,2,0,2.333,2.333,1.833,42,0.0952,0
8-8-2025-01,Ballari,Traffic / PAR,2025-01,8,8,24300,1,0,4,1,1,1.667,2.167,1.833,34,0.0,2
8-8-2025-02,Ballari,Traffic / PAR,2025-02,8,8,24301,2,2,0,4,3,2.0,1.833,1.917,26,0.0769,3
8-8-2025-03,Ballari,Traffic / PAR,2025-03,8,8,24302,3,3,2,0,2,1.667,2.0,1.917,19,0.1579,1
8-8-2025-04,Ballari,Traffic / PAR,2025-04,8,8,24303,4,1,3,2,0,2.0,1.833,1.833,28,0.0357,1
8-8-2025-05,Ballari,Traffic / PAR,2025-05,8,8,24304,5,1,1,3,2,1.667,1.833,1.917,37,0.027,2
8-8-2025-06,Ballari,Traffic / PAR,2025-06,8,8,24305,6,2,1,1,1,1.333,1.5,1.917,21,0.0952,5
8-8-2025-07,Ballari,Traffic / PAR,2025-07,8,8,24306,7,5,2,1,4,2.667,2.333,2.25,33,0.1515,1
8-8-2025-08,Ballari,Traffic / PAR,2025-08,8,8,24307,8,1,5,2,2,2.667,2.167,2.0,39,0.0256,2
8-8-2025-09,Ballari,Traffic / PAR,2025-09,8,8,24308,9,2,1,5,2,2.667,2.0,2.0,39,0.0513,2
8-8-2025-10,Ballari,Traffic / PAR,2025-10,8,8,24309,10,2,2,1,1,1.667,2.167,2.0,26,0.0769,3
8-8-2025-11,Ballari,Traffic / PAR,2025-11,8,8,24310,11,3,2,2,4,2.333,2.5,2.167,50,0.06,2
8-8-2025-12,Ballari,Traffic / PAR,2025-12,8,8,24311,12,2,3,2,0,2.333,2.5,2.0,50,0.04,3
8-8-2026-01,Ballari,Traffic / PAR,2026-01,8,8,24312,1,3,2,3,2,2.667,2.167,2.25,30,0.1,1
8-8-2026-02,Ballari,Traffic / PAR,2026-02,8,8,24313,2,1,3,2,3,2.0,2.167,2.167,51,0.0196,6
8-8-2026-03,Ballari,Traffic / PAR,2026-03,8,8,24314,3,6,1,3,1,3.333,2.833,2.417,64,0.0938,3
8-8-2026-04,Ballari,Traffic / PAR,2026-04,8,8,24315,4,3,6,1,1,3.333,3.0,2.583,60,0.05,7
8-8-2026-05,Ballari,Traffic / PAR,2026-05,8,8,24316,5,7,3,6,2,5.333,3.667,3.083,65,0.1077,6
8-8-2026-06,Ballari,Traffic / PAR,2026-06,8,8,24317,6,6,7,3,5,5.333,4.333,3.417,60,0.1,1
9-1-2024-02,Vijayapura,Crimes Against Body,2024-02,9,1,24289,2,3,0,1,3,1.333,2.0,3.0,29,0.1034,2
9-1-2024-03,Vijayapura,Crimes Against Body,2024-03,9,1,24290,3,2,3,0,3,1.667,1.667,2.917,27,0.0741,3
9-1-2024-04,Vijayapura,Crimes Against Body,2024-04,9,1,24291,4,3,2,3,1,2.667,1.667,2.917,20,0.15,1
9-1-2024-05,Vijayapura,Crimes Against Body,2024-05,9,1,24292,5,1,3,2,7,2.0,1.667,2.917,23,0.0435,4
9-1-2024-06,Vijayapura,Crimes Against Body,2024-06,9,1,24293,6,4,1,3,6,2.667,2.167,2.667,28,0.1429,4
9-1-2024-07,Vijayapura,Crimes Against Body,2024-07,9,1,24294,7,4,4,1,4,3.0,2.833,2.5,17,0.2353,3
9-1-2024-08,Vijayapura,Crimes Against Body,2024-08,9,1,24295,8,3,4,4,4,3.667,2.833,2.417,21,0.1429,4
9-1-2024-09,Vijayapura,Crimes Against Body,2024-09,9,1,24296,9,4,3,4,3,3.667,3.167,2.417,27,0.1481,3
9-1-2024-10,Vijayapura,Crimes Against Body,2024-10,9,1,24297,10,3,4,3,1,3.333,3.167,2.417,27,0.1111,6
9-1-2024-11,Vijayapura,Crimes Against Body,2024-11,9,1,24298,11,6,3,4,1,4.333,4.0,2.833,35,0.1714,2
9-1-2024-12,Vijayapura,Crimes Against Body,2024-12,9,1,24299,12,2,6,3,0,3.667,3.667,2.917,32,0.0625,1
9-1-2025-01,Vijayapura,Crimes Against Body,2025-01,9,1,24300,1,1,2,6,3,3.0,3.167,3.0,23,0.0435,5
9-1-2025-02,Vijayapura,Crimes Against Body,2025-02,9,1,24301,2,5,1,2,2,2.667,3.5,3.167,21,0.2381,1
9-1-2025-03,Vijayapura,Crimes Against Body,2025-03,9,1,24302,3,1,5,1,3,2.333,3.0,3.083,14,0.0714,2
9-1-2025-04,Vijayapura,Crimes Against Body,2025-04,9,1,24303,4,2,1,5,1,2.667,2.833,3.0,19,0.1053,4
9-1-2025-05,Vijayapura,Crimes Against Body,2025-05,9,1,24304,5,4,2,1,4,2.333,2.5,3.25,22,0.1818,2
9-1-2025-06,Vijayapura,Crimes Against Body,2025-06,9,1,24305,6,2,4,2,4,2.667,2.5,3.083,19,0.1053,1
9-1-2025-07,Vijayapura,Crimes Against Body,2025-07,9,1,24306,7,1,2,4,3,2.333,2.5,2.833,25,0.04,4
9-1-2025-08,Vijayapura,Crimes Against Body,2025-08,9,1,24307,8,4,1,2,4,2.333,2.333,2.917,27,0.1481,4
9-1-2025-09,Vijayapura,Crimes Against Body,2025-09,9,1,24308,9,4,4,1,3,3.0,2.833,2.917,18,0.2222,1
9-1-2025-10,Vijayapura,Crimes Against Body,2025-10,9,1,24309,10,1,4,4,6,3.0,2.667,2.75,15,0.0667,2
9-1-2025-11,Vijayapura,Crimes Against Body,2025-11,9,1,24310,11,2,1,4,2,2.333,2.333,2.417,36,0.0556,2
9-1-2025-12,Vijayapura,Crimes Against Body,2025-12,9,1,24311,12,2,2,1,1,1.667,2.333,2.417,27,0.0741,1
9-1-2026-01,Vijayapura,Crimes Against Body,2026-01,9,1,24312,1,1,2,2,5,1.667,2.333,2.417,30,0.0333,4
9-1-2026-02,Vijayapura,Crimes Against Body,2026-02,9,1,24313,2,4,1,2,1,2.333,2.333,2.333,40,0.1,2
9-1-2026-03,Vijayapura,Crimes Against Body,2026-03,9,1,24314,3,2,4,1,2,2.333,2.0,2.417,39,0.0513,6
9-1-2026-04,Vijayapura,Crimes Against Body,2026-04,9,1,24315,4,6,2,4,4,4.0,2.833,2.75,49,0.1224,4
9-1-2026-05,Vijayapura,Crimes Against Body,2026-05,9,1,24316,5,4,6,2,2,4.0,3.167,2.75,49,0.0816,10
9-1-2026-06,Vijayapura,Crimes Against Body,2026-06,9,1,24317,6,10,4,6,1,6.667,4.5,3.417,48,0.2083,9
9-2-2024-02,Vijayapura,Crimes Against Property,2024-02,9,2,24289,2,11,12,29,9,17.333,15.333,11.583,29,0.3793,3
9-2-2024-03,Vijayapura,Crimes Against Property,2024-03,9,2,24290,3,3,11,12,8,8.667,13.833,11.083,27,0.1111,6
9-2-2024-04,Vijayapura,Crimes Against Property,2024-04,9,2,24291,4,6,3,11,6,6.667,13.167,10.917,20,0.3,11
9-2-2024-05,Vijayapura,Crimes Against Property,2024-05,9,2,24292,5,11,6,3,6,6.667,12.0,11.333,23,0.4783,6
9-2-2024-06,Vijayapura,Crimes Against Property,2024-06,9,2,24293,6,6,11,6,10,7.667,8.167,11.333,28,0.2143,4
9-2-2024-07,Vijayapura,Crimes Against Property,2024-07,9,2,24294,7,4,6,11,8,7.0,6.833,10.833,17,0.2353,10
9-2-2024-08,Vijayapura,Crimes Against Property,2024-08,9,2,24295,8,10,4,6,12,6.667,6.667,11.0,21,0.4762,11
9-2-2024-09,Vijayapura,Crimes Against Property,2024-09,9,2,24296,9,11,10,4,10,8.333,8.0,10.917,27,0.4074,14
9-2-2024-10,Vijayapura,Crimes Against Property,2024-10,9,2,24297,10,14,11,10,18,11.667,9.333,11.25,27,0.5185,16
9-2-2024-11,Vijayapura,Crimes Against Property,2024-11,9,2,24298,11,16,14,11,29,13.667,10.167,11.083,35,0.4571,19
9-2-2024-12,Vijayapura,Crimes Against Property,2024-12,9,2,24299,12,19,16,14,12,16.333,12.333,10.25,32,0.5938,9
9-2-2025-01,Vijayapura,Crimes Against Property,2025-01,9,2,24300,1,9,19,16,11,14.667,13.167,10.0,23,0.3913,5
9-2-2025-02,Vijayapura,Crimes Against Property,2025-02,9,2,24301,2,5,9,19,3,11.0,12.333,9.5,21,0.2381,5
9-2-2025-03,Vijayapura,Crimes Against Property,2025-03,9,2,24302,3,5,5,9,6,6.333,11.333,9.667,14,0.3571,10
9-2-2025-04,Vijayapura,Crimes Against Property,2025-04,9,2,24303,4,10,5,5,11,6.667,10.667,10.0,19,0.5263,6
9-2-2025-05,Vijayapura,Crimes Against Property,2025-05,9,2,24304,5,6,10,5,6,7.0,9.0,9.583,22,0.2727,8
9-2-2025-06,Vijayapura,Crimes Against Property,2025-06,9,2,24305,6,8,6,10,4,8.0,7.167,9.75,19,0.4211,7
9-2-2025-07,Vijayapura,Crimes Against Property,2025-07,9,2,24306,7,7,8,6,10,7.0,6.833,10.0,25,0.28,11
9-2-2025-08,Vijayapura,Crimes Against Property,2025-08,9,2,24307,8,11,7,8,11,8.667,7.833,10.083,27,0.4074,9
9-2-2025-09,Vijayapura,Crimes Against Property,2025-09,9,2,24308,9,9,11,7,14,9.0,8.5,9.917,18,0.5,3
9-2-2025-10,Vijayapura,Crimes Against Property,2025-10,9,2,24309,10,3,9,11,16,7.667,7.333,9.0,15,0.2,23
9-2-2025-11,Vijayapura,Crimes Against Property,2025-11,9,2,24310,11,23,3,9,19,11.667,10.167,9.583,36,0.6389,18
9-2-2025-12,Vijayapura,Crimes Against Property,2025-12,9,2,24311,12,18,23,3,9,14.667,11.833,9.5,27,0.6667,15
9-2-2026-01,Vijayapura,Crimes Against Property,2026-01,9,2,24312,1,15,18,23,5,18.667,13.167,10.0,30,0.5,21
9-2-2026-02,Vijayapura,Crimes Against Property,2026-02,9,2,24313,2,21,15,18,5,18.0,14.833,11.333,40,0.525,19
9-2-2026-03,Vijayapura,Crimes Against Property,2026-03,9,2,24314,3,19,21,15,10,18.333,16.5,12.5,39,0.4872,20
9-2-2026-04,Vijayapura,Crimes Against Property,2026-04,9,2,24315,4,20,19,21,6,20.0,19.333,13.333,49,0.4082,21
9-2-2026-05,Vijayapura,Crimes Against Property,2026-05,9,2,24316,5,21,20,19,8,20.0,19.0,14.583,49,0.4286,15
9-2-2026-06,Vijayapura,Crimes Against Property,2026-06,9,2,24317,6,15,21,20,7,18.667,18.5,15.167,48,0.3125,13
9-3-2024-02,Vijayapura,Crimes Against Women,2024-02,9,3,24289,2,3,0,1,5,1.333,1.833,1.917,29,0.1034,4
9-3-2024-03,Vijayapura,Crimes Against Women,2024-03,9,3,24290,3,4,3,0,3,2.333,2.0,1.833,27,0.1481,2
9-3-2024-04,Vijayapura,Crimes Against Women,2024-04,9,3,24291,4,2,4,3,1,3.0,2.0,1.75,20,0.1,2
9-3-2024-05,Vijayapura,Crimes Against Women,2024-05,9,3,24292,5,2,2,4,2,2.667,2.0,1.833,23,0.087,1
9-3-2024-06,Vijayapura,Crimes Against Women,2024-06,9,3,24293,6,1,2,2,1,1.667,2.0,1.75,28,0.0357,1
9-3-2024-07,Vijayapura,Crimes Against Women,2024-07,9,3,24294,7,1,1,2,0,1.333,2.167,1.75,17,0.0588,2
9-3-2024-08,Vijayapura,Crimes Against Women,2024-08,9,3,24295,8,2,1,1,3,1.333,2.0,1.917,21,0.0952,4
9-3-2024-09,Vijayapura,Crimes Against Women,2024-09,9,3,24296,9,4,2,1,2,2.333,2.0,2.0,27,0.1481,1
9-3-2024-10,Vijayapura,Crimes Against Women,2024-10,9,3,24297,10,1,4,2,2,2.333,1.833,1.917,27,0.037,2
9-3-2024-11,Vijayapura,Crimes Against Women,2024-11,9,3,24298,11,2,1,4,1,2.333,1.833,1.917,35,0.0571,0
9-3-2024-12,Vijayapura,Crimes Against Women,2024-12,9,3,24299,12,0,2,1,0,1.0,1.667,1.833,32,0.0,1
9-3-2025-01,Vijayapura,Crimes Against Women,2025-01,9,3,24300,1,1,0,2,3,1.0,1.667,1.917,23,0.0435,1
9-3-2025-02,Vijayapura,Crimes Against Women,2025-02,9,3,24301,2,1,1,0,4,0.667,1.5,1.75,21,0.0476,1
9-3-2025-03,Vijayapura,Crimes Against Women,2025-03,9,3,24302,3,1,1,1,2,1.0,1.0,1.5,14,0.0714,2
9-3-2025-04,Vijayapura,Crimes Against Women,2025-04,9,3,24303,4,2,1,1,2,1.333,1.167,1.5,19,0.1053,4
9-3-2025-05,Vijayapura,Crimes Against Women,2025-05,9,3,24304,5,4,2,1,1,2.333,1.5,1.667,22,0.1818,1
9-3-2025-06,Vijayapura,Crimes Against Women,2025-06,9,3,24305,6,1,4,2,1,2.333,1.667,1.667,19,0.0526,3
9-3-2025-07,Vijayapura,Crimes Against Women,2025-07,9,3,24306,7,3,1,4,2,2.667,2.0,1.833,25,0.12,0
9-3-2025-08,Vijayapura,Crimes Against Women,2025-08,9,3,24307,8,0,3,1,4,1.333,1.833,1.667,27,0.0,0
9-3-2025-09,Vijayapura,Crimes Against Women,2025-09,9,3,24308,9,0,0,3,1,1.0,1.667,1.333,18,0.0,3
9-3-2025-10,Vijayapura,Crimes Against Women,2025-10,9,3,24309,10,3,0,0,2,1.0,1.833,1.5,15,0.2,0
9-3-2025-11,Vijayapura,Crimes Against Women,2025-11,9,3,24310,11,0,3,0,0,1.0,1.167,1.333,36,0.0,1
9-3-2025-12,Vijayapura,Crimes Against Women,2025-12,9,3,24311,12,1,0,3,1,1.333,1.167,1.417,27,0.037,2
9-3-2026-01,Vijayapura,Crimes Against Women,2026-01,9,3,24312,1,2,1,0,1,1.0,1.0,1.5,30,0.0667,2
9-3-2026-02,Vijayapura,Crimes Against Women,2026-02,9,3,24313,2,2,2,1,1,1.667,1.333,1.583,40,0.05,1
9-3-2026-03,Vijayapura,Crimes Against Women,2026-03,9,3,24314,3,1,2,2,2,1.667,1.5,1.583,39,0.0256,5
9-3-2026-04,Vijayapura,Crimes Against Women,2026-04,9,3,24315,4,5,1,2,4,2.667,1.833,1.833,49,0.102,3
9-3-2026-05,Vijayapura,Crimes Against Women,2026-05,9,3,24316,5,3,5,1,1,3.0,2.333,1.75,49,0.0612,2
9-3-2026-06,Vijayapura,Crimes Against Women,2026-06,9,3,24317,6,2,3,5,3,3.333,2.5,1.833,48,0.0417,2
9-4-2024-02,Vijayapura,Cyber Crime,2024-02,9,4,24289,2,7,6,1,3,4.667,5.333,4.917,29,0.2414,8
9-4-2024-03,Vijayapura,Cyber Crime,2024-03,9,4,24290,3,8,7,6,4,7.0,5.167,5.333,27,0.2963,4
9-4-2024-04,Vijayapura,Cyber Crime,2024-04,9,4,24291,4,4,8,7,3,6.333,5.5,5.333,20,0.2,5
9-4-2024-05,Vijayapura,Cyber Crime,2024-05,9,4,24292,5,5,4,8,6,5.667,5.167,5.5,23,0.2174,7
9-4-2024-06,Vijayapura,Cyber Crime,2024-06,9,4,24293,6,7,5,4,3,5.333,6.167,5.583,28,0.25,2
9-4-2024-07,Vijayapura,Cyber Crime,2024-07,9,4,24294,7,2,7,5,8,4.667,5.5,5.5,17,0.1176,4
9-4-2024-08,Vijayapura,Cyber Crime,2024-08,9,4,24295,8,4,2,7,9,4.333,5.0,5.167,21,0.1905,3
9-4-2024-09,Vijayapura,Cyber Crime,2024-09,9,4,24296,9,3,4,2,2,3.0,4.167,4.667,27,0.1111,1
9-4-2024-10,Vijayapura,Cyber Crime,2024-10,9,4,24297,10,1,3,4,7,2.667,3.667,4.583,27,0.037,6
9-4-2024-11,Vijayapura,Cyber Crime,2024-11,9,4,24298,11,6,1,3,1,3.333,3.833,4.5,35,0.1714,4
9-4-2024-12,Vijayapura,Cyber Crime,2024-12,9,4,24299,12,4,6,1,6,3.667,3.333,4.75,32,0.125,4
9-4-2025-01,Vijayapura,Cyber Crime,2025-01,9,4,24300,1,4,4,6,7,4.667,3.667,4.583,23,0.1739,3
9-4-2025-02,Vijayapura,Cyber Crime,2025-02,9,4,24301,2,3,4,4,8,3.667,3.5,4.25,21,0.1429,2
9-4-2025-03,Vijayapura,Cyber Crime,2025-03,9,4,24302,3,2,3,4,4,3.0,3.333,3.75,14,0.1429,2
9-4-2025-04,Vijayapura,Cyber Crime,2025-04,9,4,24303,4,2,2,3,5,2.333,3.5,3.583,19,0.1053,3
9-4-2025-05,Vijayapura,Cyber Crime,2025-05,9,4,24304,5,3,2,2,7,2.333,3.0,3.417,22,0.1364,4
9-4-2025-06,Vijayapura,Cyber Crime,2025-06,9,4,24305,6,4,3,2,2,3.0,3.0,3.167,19,0.2105,3
9-4-2025-07,Vijayapura,Cyber Crime,2025-07,9,4,24306,7,3,4,3,4,3.333,2.833,3.25,25,0.12,4
9-4-2025-08,Vijayapura,Cyber Crime,2025-08,9,4,24307,8,4,3,4,3,3.667,3.0,3.25,27,0.1481,3
9-4-2025-09,Vijayapura,Cyber Crime,2025-09,9,4,24308,9,3,4,3,1,3.333,3.167,3.25,18,0.1667,4
9-4-2025-10,Vijayapura,Cyber Crime,2025-10,9,4,24309,10,4,3,4,6,3.667,3.5,3.5,15,0.2667,4
9-4-2025-11,Vijayapura,Cyber Crime,2025-11,9,4,24310,11,4,4,3,4,3.667,3.667,3.333,36,0.1111,2
9-4-2025-12,Vijayapura,Cyber Crime,2025-12,9,4,24311,12,2,4,4,4,3.333,3.333,3.167,27,0.0741,5
9-4-2026-01,Vijayapura,Cyber Crime,2026-01,9,4,24312,1,5,2,4,3,3.667,3.667,3.25,30,0.1667,5
9-4-2026-02,Vijayapura,Cyber Crime,2026-02,9,4,24313,2,5,5,2,2,4.0,3.833,3.417,40,0.125,10
9-4-2026-03,Vijayapura,Cyber Crime,2026-03,9,4,24314,3,10,5,5,2,6.667,5.0,4.083,39,0.2564,9
9-4-2026-04,Vijayapura,Cyber Crime,2026-04,9,4,24315,4,9,10,5,3,8.0,5.833,4.667,49,0.1837,14
9-4-2026-05,Vijayapura,Cyber Crime,2026-05,9,4,24316,5,14,9,10,4,11.0,7.5,5.583,49,0.2857,11
9-4-2026-06,Vijayapura,Cyber Crime,2026-06,9,4,24317,6,11,14,9,3,11.333,9.0,6.167,48,0.2292,8
9-5-2024-02,Vijayapura,Economic Offences,2024-02,9,5,24289,2,3,4,1,1,2.667,2.5,2.167,29,0.1034,4
9-5-2024-03,Vijayapura,Economic Offences,2024-03,9,5,24290,3,4,3,4,2,3.667,3.167,2.417,27,0.1481,2
9-5-2024-04,Vijayapura,Economic Offences,2024-04,9,5,24291,4,2,4,3,1,3.0,3.333,2.417,20,0.1,3
9-5-2024-05,Vijayapura,Economic Offences,2024-05,9,5,24292,5,3,2,4,3,3.0,2.833,2.583,23,0.1304,4
9-5-2024-06,Vijayapura,Economic Offences,2024-06,9,5,24293,6,4,3,2,4,3.0,3.333,2.667,28,0.1429,1
9-5-2024-07,Vijayapura,Economic Offences,2024-07,9,5,24294,7,1,4,3,0,2.667,2.833,2.417,17,0.0588,1
9-5-2024-08,Vijayapura,Economic Offences,2024-08,9,5,24295,8,1,1,4,0,2.0,2.5,2.5,21,0.0476,2
9-5-2024-09,Vijayapura,Economic Offences,2024-09,9,5,24296,9,2,1,1,1,1.333,2.167,2.667,27,0.0741,1
9-5-2024-10,Vijayapura,Economic Offences,2024-10,9,5,24297,10,1,2,1,6,1.333,2.0,2.667,27,0.037,1
9-5-2024-11,Vijayapura,Economic Offences,2024-11,9,5,24298,11,1,1,2,1,1.333,1.667,2.25,35,0.0286,0
9-5-2024-12,Vijayapura,Economic Offences,2024-12,9,5,24299,12,0,1,1,4,0.667,1.0,2.167,32,0.0,2
9-5-2025-01,Vijayapura,Economic Offences,2025-01,9,5,24300,1,2,0,1,3,1.0,1.167,2.0,23,0.087,5
9-5-2025-02,Vijayapura,Economic Offences,2025-02,9,5,24301,2,5,2,0,4,2.333,1.833,2.167,21,0.2381,1
9-5-2025-03,Vijayapura,Economic Offences,2025-03,9,5,24302,3,1,5,2,2,2.667,1.667,1.917,14,0.0714,3
9-5-2025-04,Vijayapura,Economic Offences,2025-04,9,5,24303,4,3,1,5,3,3.0,2.0,2.0,19,0.1579,2
9-5-2025-05,Vijayapura,Economic Offences,2025-05,9,5,24304,5,2,3,1,4,2.0,2.167,1.917,22,0.0909,2
9-5-2025-06,Vijayapura,Economic Offences,2025-06,9,5,24305,6,2,2,3,1,2.333,2.5,1.75,19,0.1053,5
9-5-2025-07,Vijayapura,Economic Offences,2025-07,9,5,24306,7,5,2,2,1,3.0,3.0,2.083,25,0.2,3
9-5-2025-08,Vijayapura,Economic Offences,2025-08,9,5,24307,8,3,5,2,2,3.333,2.667,2.25,27,0.1111,1
9-5-2025-09,Vijayapura,Economic Offences,2025-09,9,5,24308,9,1,3,5,1,3.0,2.667,2.167,18,0.0556,2
9-5-2025-10,Vijayapura,Economic Offences,2025-10,9,5,24309,10,2,1,3,1,2.0,2.5,2.25,15,0.1333,1
9-5-2025-11,Vijayapura,Economic Offences,2025-11,9,5,24310,11,1,2,1,0,1.333,2.333,2.25,36,0.0278,1
9-5-2025-12,Vijayapura,Economic Offences,2025-12,9,5,24311,12,1,1,2,2,1.333,2.167,2.333,27,0.037,3
9-5-2026-01,Vijayapura,Economic Offences,2026-01,9,5,24312,1,3,1,1,5,1.667,1.833,2.417,30,0.1,3
9-5-2026-02,Vijayapura,Economic Offences,2026-02,9,5,24313,2,3,3,1,1,2.333,1.833,2.25,40,0.075,2
9-5-2026-03,Vijayapura,Economic Offences,2026-03,9,5,24314,3,2,3,3,3,2.667,2.0,2.333,39,0.0513,4
9-5-2026-04,Vijayapura,Economic Offences,2026-04,9,5,24315,4,4,2,3,2,3.0,2.333,2.417,49,0.0816,2
9-5-2026-05,Vijayapura,Economic Offences,2026-05,9,5,24316,5,2,4,2,2,2.667,2.5,2.417,49,0.0408,1
9-5-2026-06,Vijayapura,Economic Offences,2026-06,9,5,24317,6,1,2,4,5,2.333,2.5,2.333,48,0.0208,4
9-6-2024-03,Vijayapura,NDPS,2024-03,9,6,24290,3,0,0,0,1,0.0,0.667,0.583,27,0.0,2
9-6-2024-04,Vijayapura,NDPS,2024-04,9,6,24291,4,2,0,0,0,0.667,0.833,0.667,20,0.1,0
9-6-2024-05,Vijayapura,NDPS,2024-05,9,6,24292,5,0,2,0,0,0.667,0.333,0.667,23,0.0,1
9-6-2024-06,Vijayapura,NDPS,2024-06,9,6,24293,6,1,0,2,1,1.0,0.5,0.75,28,0.0357,0
9-6-2024-07,Vijayapura,NDPS,2024-07,9,6,24294,7,0,1,0,0,0.333,0.5,0.667,17,0.0,0
9-6-2024-08,Vijayapura,NDPS,2024-08,9,6,24295,8,0,0,1,1,0.333,0.5,0.667,21,0.0,0
9-6-2024-09,Vijayapura,NDPS,2024-09,9,6,24296,9,0,0,0,1,0.0,0.5,0.583,27,0.0,2
9-6-2024-10,Vijayapura,NDPS,2024-10,9,6,24297,10,2,0,0,3,0.667,0.5,0.667,27,0.0741,0
9-6-2024-11,Vijayapura,NDPS,2024-11,9,6,24298,11,0,2,0,0,0.667,0.5,0.417,35,0.0,3
9-6-2024-12,Vijayapura,NDPS,2024-12,9,6,24299,12,3,0,2,0,1.667,0.833,0.667,32,0.0938,1
9-6-2025-01,Vijayapura,NDPS,2025-01,9,6,24300,1,1,3,0,0,1.333,1.0,0.75,23,0.0435,1
9-6-2025-02,Vijayapura,NDPS,2025-02,9,6,24301,2,1,1,3,0,1.667,1.167,0.833,21,0.0476,1
9-6-2025-03,Vijayapura,NDPS,2025-03,9,6,24302,3,1,1,1,2,1.0,1.333,0.917,14,0.0714,0
9-6-2025-04,Vijayapura,NDPS,2025-04,9,6,24303,4,0,1,1,0,0.667,1.0,0.75,19,0.0,1
9-6-2025-05,Vijayapura,NDPS,2025-05,9,6,24304,5,1,0,1,1,0.667,1.167,0.833,22,0.0455,0
9-6-2025-06,Vijayapura,NDPS,2025-06,9,6,24305,6,0,1,0,0,0.333,0.667,0.75,19,0.0,1
9-6-2025-07,Vijayapura,NDPS,2025-07,9,6,24306,7,1,0,1,0,0.667,0.667,0.833,25,0.04,0
9-6-2025-08,Vijayapura,NDPS,2025-08,9,6,24307,8,0,1,0,0,0.333,0.5,0.833,27,0.0,1
9-6-2025-09,Vijayapura,NDPS,2025-09,9,6,24308,9,1,0,1,2,0.667,0.5,0.917,18,0.0556,0
9-6-2025-10,Vijayapura,NDPS,2025-10,9,6,24309,10,0,1,0,0,0.333,0.5,0.75,15,0.0,2
9-6-2025-11,Vijayapura,NDPS,2025-11,9,6,24310,11,2,0,1,3,1.0,0.667,0.917,36,0.0556,0
9-6-2025-12,Vijayapura,NDPS,2025-12,9,6,24311,12,0,2,0,1,0.667,0.667,0.667,27,0.0,3
9-6-2026-01,Vijayapura,NDPS,2026-01,9,6,24312,1,3,0,2,1,1.667,1.0,0.833,30,0.1,0
9-6-2026-02,Vijayapura,NDPS,2026-02,9,6,24313,2,0,3,0,1,1.0,1.0,0.75,40,0.0,4
9-6-2026-03,Vijayapura,NDPS,2026-03,9,6,24314,3,4,0,3,0,2.333,1.5,1.0,39,0.1026,0
9-6-2026-04,Vijayapura,NDPS,2026-04,9,6,24315,4,0,4,0,1,1.333,1.5,1.0,49,0.0,4
9-6-2026-05,Vijayapura,NDPS,2026-05,9,6,24316,5,4,0,4,0,2.667,1.833,1.25,49,0.0816,1
9-6-2026-06,Vijayapura,NDPS,2026-06,9,6,24317,6,1,4,0,1,1.667,2.0,1.333,48,0.0208,2
9-7-2024-02,Vijayapura,Missing / UDR,2024-02,9,7,24289,2,0,1,0,0,0.333,1.167,1.167,29,0.0,3
9-7-2024-03,Vijayapura,Missing / UDR,2024-03,9,7,24290,3,3,0,1,1,1.333,1.667,1.417,27,0.1111,0
9-7-2024-04,Vijayapura,Missing / UDR,2024-04,9,7,24291,4,0,3,0,1,1.0,1.0,1.333,20,0.0,0
9-7-2024-05,Vijayapura,Missing / UDR,2024-05,9,7,24292,5,0,0,3,2,1.0,0.667,1.25,23,0.0,3
9-7-2024-06,Vijayapura,Missing / UDR,2024-06,9,7,24293,6,3,0,0,1,1.0,1.167,1.333,28,0.1071,3
9-7-2024-07,Vijayapura,Missing / UDR,2024-07,9,7,24294,7,3,3,0,2,2.0,1.5,1.5,17,0.1765,0
9-7-2024-08,Vijayapura,Missing / UDR,2024-08,9,7,24295,8,0,3,3,0,2.0,1.5,1.333,21,0.0,3
9-7-2024-09,Vijayapura,Missing / UDR,2024-09,9,7,24296,9,3,0,3,4,2.0,1.5,1.583,27,0.1111,1
9-7-2024-10,Vijayapura,Missing / UDR,2024-10,9,7,24297,10,1,3,0,2,1.333,1.667,1.333,27,0.037,1
9-7-2024-11,Vijayapura,Missing / UDR,2024-11,9,7,24298,11,1,1,3,0,1.667,1.833,1.25,35,0.0286,4
9-7-2024-12,Vijayapura,Missing / UDR,2024-12,9,7,24299,12,4,1,1,1,2.0,2.0,1.583,32,0.125,4
9-7-2025-01,Vijayapura,Missing / UDR,2025-01,9,7,24300,1,4,4,1,0,3.0,2.167,1.833,23,0.1739,1
9-7-2025-02,Vijayapura,Missing / UDR,2025-02,9,7,24301,2,1,4,4,3,3.0,2.333,1.917,21,0.0476,3
9-7-2025-03,Vijayapura,Missing / UDR,2025-03,9,7,24302,3,3,1,4,0,2.667,2.333,1.917,14,0.2143,0
9-7-2025-04,Vijayapura,Missing / UDR,2025-04,9,7,24303,4,0,3,1,0,1.333,2.167,1.917,19,0.0,1
9-7-2025-05,Vijayapura,Missing / UDR,2025-05,9,7,24304,5,1,0,3,3,1.333,2.167,2.0,22,0.0455,2
9-7-2025-06,Vijayapura,Missing / UDR,2025-06,9,7,24305,6,2,1,0,3,1.0,1.833,1.917,19,0.1053,2
9-7-2025-07,Vijayapura,Missing / UDR,2025-07,9,7,24306,7,2,2,1,0,1.667,1.5,1.833,25,0.08,4
9-7-2025-08,Vijayapura,Missing / UDR,2025-08,9,7,24307,8,4,2,2,3,2.667,2.0,2.167,27,0.1481,0
9-7-2025-09,Vijayapura,Missing / UDR,2025-09,9,7,24308,9,0,4,2,1,2.0,1.5,1.917,18,0.0,0
9-7-2025-10,Vijayapura,Missing / UDR,2025-10,9,7,24309,10,0,0,4,1,1.333,1.5,1.833,15,0.0,2
9-7-2025-11,Vijayapura,Missing / UDR,2025-11,9,7,24310,11,2,0,0,4,0.667,1.667,1.917,36,0.0556,2
9-7-2025-12,Vijayapura,Missing / UDR,2025-12,9,7,24311,12,2,2,0,4,1.333,1.667,1.75,27,0.0741,0
9-7-2026-01,Vijayapura,Missing / UDR,2026-01,9,7,24312,1,0,2,2,1,1.333,1.333,1.417,30,0.0,2
9-7-2026-02,Vijayapura,Missing / UDR,2026-02,9,7,24313,2,2,0,2,3,1.333,1.0,1.5,40,0.05,1
9-7-2026-03,Vijayapura,Missing / UDR,2026-03,9,7,24314,3,1,2,0,0,1.0,1.167,1.333,39,0.0256,4
9-7-2026-04,Vijayapura,Missing / UDR,2026-04,9,7,24315,4,4,1,2,1,2.333,1.833,1.667,49,0.0816,0
9-7-2026-05,Vijayapura,Missing / UDR,2026-05,9,7,24316,5,0,4,1,2,1.667,1.5,1.583,49,0.0,6
9-7-2026-06,Vijayapura,Missing / UDR,2026-06,9,7,24317,6,6,0,4,2,3.333,2.167,1.917,48,0.125,3
9-8-2024-02,Vijayapura,Traffic / PAR,2024-02,9,8,24289,2,2,2,0,1,1.333,1.5,1.333,29,0.069,3
9-8-2024-03,Vijayapura,Traffic / PAR,2024-03,9,8,24290,3,3,2,2,3,2.333,2.0,1.5,27,0.1111,1
9-8-2024-04,Vijayapura,Traffic / PAR,2024-04,9,8,24291,4,1,3,2,1,2.0,2.0,1.333,20,0.05,1
9-8-2024-05,Vijayapura,Traffic / PAR,2024-05,9,8,24292,5,1,1,3,0,1.667,1.5,1.333,23,0.0435,2
9-8-2024-06,Vijayapura,Traffic / PAR,2024-06,9,8,24293,6,2,1,1,1,1.333,1.833,1.5,28,0.0714,2
9-8-2024-07,Vijayapura,Traffic / PAR,2024-07,9,8,24294,7,2,2,1,1,1.667,1.833,1.583,17,0.1176,1
9-8-2024-08,Vijayapura,Traffic / PAR,2024-08,9,8,24295,8,1,2,2,0,1.667,1.667,1.583,21,0.0476,0
9-8-2024-09,Vijayapura,Traffic / PAR,2024-09,9,8,24296,9,0,1,2,1,1.0,1.167,1.583,27,0.0,4
9-8-2024-10,Vijayapura,Traffic / PAR,2024-10,9,8,24297,10,4,0,1,4,1.667,1.667,1.833,27,0.1481,3
9-8-2024-11,Vijayapura,Traffic / PAR,2024-11,9,8,24298,11,3,4,0,0,2.333,2.0,1.75,35,0.0857,0
9-8-2024-12,Vijayapura,Traffic / PAR,2024-12,9,8,24299,12,0,3,4,2,2.333,1.667,1.75,32,0.0,1
9-8-2025-01,Vijayapura,Traffic / PAR,2025-01,9,8,24300,1,1,0,3,2,1.333,1.5,1.667,23,0.0435,0
9-8-2025-02,Vijayapura,Traffic / PAR,2025-02,9,8,24301,2,0,1,0,3,0.333,1.333,1.5,21,0.0,0
9-8-2025-03,Vijayapura,Traffic / PAR,2025-03,9,8,24302,3,0,0,1,1,0.333,1.333,1.25,14,0.0,0
9-8-2025-04,Vijayapura,Traffic / PAR,2025-04,9,8,24303,4,0,0,0,1,0.0,0.667,1.167,19,0.0,1
9-8-2025-05,Vijayapura,Traffic / PAR,2025-05,9,8,24304,5,1,0,0,2,0.333,0.333,1.167,22,0.0455,0
9-8-2025-06,Vijayapura,Traffic / PAR,2025-06,9,8,24305,6,0,1,0,2,0.333,0.333,1.0,19,0.0,3
9-8-2025-07,Vijayapura,Traffic / PAR,2025-07,9,8,24306,7,3,0,1,1,1.333,0.667,1.083,25,0.12,1
9-8-2025-08,Vijayapura,Traffic / PAR,2025-08,9,8,24307,8,1,3,0,0,1.333,0.833,1.083,27,0.037,0
9-8-2025-09,Vijayapura,Traffic / PAR,2025-09,9,8,24308,9,0,1,3,4,1.333,0.833,1.083,18,0.0,2
9-8-2025-10,Vijayapura,Traffic / PAR,2025-10,9,8,24309,10,2,0,1,3,1.0,1.167,0.917,15,0.1333,2
9-8-2025-11,Vijayapura,Traffic / PAR,2025-11,9,8,24310,11,2,2,0,0,1.333,1.333,0.833,36,0.0556,1
9-8-2025-12,Vijayapura,Traffic / PAR,2025-12,9,8,24311,12,1,2,2,1,1.667,1.5,0.917,27,0.037,1
9-8-2026-01,Vijayapura,Traffic / PAR,2026-01,9,8,24312,1,1,1,2,0,1.333,1.167,0.917,30,0.0333,3
9-8-2026-02,Vijayapura,Traffic / PAR,2026-02,9,8,24313,2,3,1,1,0,1.667,1.5,1.167,40,0.075,0
9-8-2026-03,Vijayapura,Traffic / PAR,2026-03,9,8,24314,3,0,3,1,0,1.333,1.5,1.167,39,0.0,1
9-8-2026-04,Vijayapura,Traffic / PAR,2026-04,9,8,24315,4,1,0,3,1,1.333,1.333,1.25,49,0.0204,1
9-8-2026-05,Vijayapura,Traffic / PAR,2026-05,9,8,24316,5,1,1,0,0,0.667,1.167,1.25,49,0.0204,2
9-8-2026-06,Vijayapura,Traffic / PAR,2026-06,9,8,24317,6,2,1,1,3,1.333,1.333,1.417,48,0.0417,8
